cluster,run_index,msg_size,start,end,duration
nancy,0,10000,2384.9595,2385.1145,0.1550000000002001
nancy,0,10000,2421.4966,2421.7666,0.2699999999999818
nantes,0,10000,2227.4866,2227.777,0.2903999999998632
nantes,0,10000,2233.2966,2233.5854,0.2887999999998101
nantes,0,10000,2239.7307,2239.8677,0.13699999999971624
nantes,0,10000,2245.0352,2245.3406,0.30540000000019063
nantes,0,10000,2251.8684,2252.2144,0.34600000000000364
nantes,0,10000,2258.0923,2258.3816,0.2893000000003667
rennes,0,10000,2196.493,2196.7305,0.2375000000001819
rennes,0,10000,2201.177,2201.4185,0.2415000000000873
rennes,0,10000,2206.5488,2206.6611,0.11229999999977736
rennes,0,10000,2210.7947,2211.0771,0.2824000000000524
nancy,0,10000,2425.6162,2425.7703,0.15410000000019863
rennes,0,10000,2216.114,2216.2056,0.09159999999974389
rennes,0,10000,2220.3555,2220.583,0.22749999999996362
rennes,0,10000,2225.196,2225.4556,0.25959999999986394
rennes,0,10000,2230.0725,2230.3777,0.3051999999997861
rennes,0,10000,2235.1304,2235.3608,0.23039999999991778
rennes,0,10000,2240.0786,2240.3083,0.22970000000032087
rennes,0,10000,2245.309,2245.5613,0.25229999999965
rennes,0,10000,2249.8523,2250.1292,0.2768999999998414
rennes,0,10000,2254.9692,2255.2285,0.2593000000001666
rennes,0,10000,2260.0444,2260.2725,0.228099999999813
nancy,0,10000,2429.4949,2429.67,0.17509999999992942
rennes,0,10000,2264.8975,2265.1233,0.22580000000016298
lyon,0,10000,1753.5637,1753.7117,0.14800000000013824
lyon,0,10000,1764.5754,1764.7184,0.1430000000000291
lyon,0,10000,1775.4752,1775.9066,0.4313999999999396
lyon,0,10000,1787.6447,1788.039,0.39429999999993015
lyon,0,10000,1798.4996,1798.9489,0.4492999999999938
lyon,0,10000,1809.804,1810.2345,0.43049999999993815
lyon,0,10000,1820.9178,1821.3035,0.38570000000004256
lyon,0,10000,1832.3899,1832.8271,0.4372000000000753
lyon,0,10000,1843.799,1844.1641,0.365099999999984
nancy,0,10000,2433.3616,2433.5137,0.15209999999979118
lyon,0,10000,1854.735,1855.2024,0.4673999999999978
lyon,0,10000,1864.9656,1865.3971,0.4314999999999145
lyon,0,10000,1878.1642,1878.3164,0.15219999999999345
lyon,0,10000,1887.9857,1888.413,0.4273000000000593
lyon,0,10000,1898.697,1899.064,0.3670000000001892
lyon,0,10000,1909.6222,1910.0303,0.4080999999998767
lyon,0,10000,2162.8394,2163.0596,0.22020000000020445
lyon,0,10000,2169.216,2169.3135,0.09750000000030923
lyon,0,10000,2174.5857,2174.6602,0.07449999999971624
lyon,0,10000,2180.9258,2181.0308,0.10500000000001819
nancy,0,10000,2437.1792,2437.4478,0.2685999999998785
lyon,0,10000,2185.8396,2186.064,0.22440000000005966
lyon,0,10000,2191.7673,2192.0415,0.274199999999837
lyon,0,10000,2197.5742,2197.6575,0.083299999999781
lyon,0,10000,2203.3955,2203.6897,0.29419999999981883
lyon,0,10000,2208.9397,2209.1284,0.18870000000015352
lyon,0,10000,2215.3376,2215.5808,0.2432000000003427
lyon,0,10000,2220.6206,2220.8096,0.18899999999985084
lyon,0,10000,2227.1846,2227.387,0.20240000000012515
lyon,0,10000,2232.2627,2232.461,0.19829999999956271
lyon,0,10000,2238.9146,2239.096,0.1813999999999396
nancy,0,10000,2441.284,2441.5513,0.26729999999997744
lyon,0,10000,2244.6406,2244.9114,0.270799999999781
rennes,0,10000,2169.6406,2169.7585,0.11789999999973588
rennes,0,10000,2174.5232,2174.6138,0.0905999999999949
rennes,0,10000,2179.4836,2179.5754,0.09180000000014843
rennes,0,10000,2184.408,2184.549,0.1410000000000764
rennes,0,10000,2188.9275,2189.1284,0.2009000000002743
rennes,0,10000,2194.1304,2194.2622,0.13180000000011205
rennes,0,10000,2199.1023,2199.3535,0.2512000000001535
rennes,0,10000,2204.2925,2204.4258,0.1332999999999629
rennes,0,10000,2209.4353,2209.6497,0.21439999999984138
nantes,0,10000,2242.673,2242.7983,0.12530000000015207
rennes,0,10000,2213.988,2214.1416,0.15360000000009677
rennes,0,10000,2219.07,2219.2598,0.18979999999965003
rennes,0,10000,2224.077,2224.187,0.10999999999967258
rennes,0,10000,2229.021,2229.1233,0.10230000000001382
rennes,0,10000,2234.1458,2234.3215,0.17570000000023356
rennes,0,10000,2238.957,2239.0964,0.13940000000002328
nancy,0,10000,2248.6782,2248.7449,0.06670000000030996
nancy,0,10000,2252.2803,2252.3833,0.10300000000006548
nancy,0,10000,2256.349,2256.4243,0.07529999999997017
nancy,0,10000,2260.3665,2260.468,0.1014999999997599
nantes,0,10000,2247.0398,2247.4675,0.42770000000018626
nancy,0,10000,2264.3196,2264.4429,0.12330000000019936
nancy,0,10000,2268.399,2268.4727,0.07369999999991705
nancy,0,10000,2272.4844,2272.5583,0.0739000000003216
nancy,0,10000,2276.4265,2276.479,0.05249999999978172
nancy,0,10000,2280.404,2280.477,0.0729999999998654
nancy,0,10000,2284.4976,2284.6416,0.14399999999977808
nancy,0,10000,2288.3516,2288.4817,0.13009999999985666
nancy,0,10000,2292.4705,2292.6208,0.15030000000024302
nancy,0,10000,2296.4119,2296.5134,0.1014999999997599
nancy,0,10000,2300.7222,2300.825,0.10279999999966094
nantes,0,10000,2252.8562,2253.2554,0.399199999999837
nancy,0,10000,2305.0767,2305.2346,0.1578999999996995
nancy,0,10000,2246.0747,2246.437,0.36229999999977736
nancy,0,10000,2250.065,2250.4312,0.36619999999993524
nancy,0,10000,2254.099,2254.4626,0.3635999999996784
nancy,0,10000,2258.3623,2258.6772,0.31490000000030705
nancy,0,10000,2262.5942,2262.906,0.31179999999994834
nancy,0,10000,2266.2212,2266.553,0.33179999999993015
nancy,0,10000,2270.2336,2270.583,0.34940000000005966
nancy,0,10000,2274.267,2274.4734,0.20640000000003056
nancy,0,10000,2278.1523,2278.5107,0.35839999999961947
nantes,0,10000,2260.0598,2260.1807,0.12089999999989232
nancy,0,10000,2282.4028,2282.7207,0.31790000000000873
nancy,0,10000,2286.5378,2286.8044,0.2665999999999258
nancy,0,10000,2290.8037,2291.1199,0.3162000000002081
nancy,0,10000,2294.815,2295.1436,0.3285999999998239
nancy,0,10000,2299.0735,2299.404,0.3305000000000291
nancy,0,10000,2303.2507,2303.5168,0.2660999999998239
nancy,0,10000,2206.4028,2206.729,0.3261999999999716
nancy,0,10000,2210.1924,2210.3792,0.18679999999994834
nancy,0,10000,2214.0393,2214.369,0.3297000000002299
nancy,0,10000,2217.9912,2218.3416,0.3504000000002634
nancy,0,10000,2388.7776,2388.9365,0.15889999999990323
nantes,0,10000,2265.0723,2265.4668,0.3945000000003347
nancy,0,10000,2222.0193,2222.3428,0.32349999999996726
nancy,0,10000,2226.1873,2226.4958,0.3085000000000946
nancy,0,10000,2229.9204,2230.2302,0.30979999999999563
nancy,0,10000,2233.8418,2234.1868,0.3449999999997999
nancy,0,10000,2237.6711,2238.04,0.3688999999999396
nancy,0,10000,2241.7034,2242.0247,0.32130000000006476
nancy,0,10000,2245.8416,2246.1033,0.2617000000000189
nancy,0,10000,2250.0818,2250.4055,0.32369999999991705
nancy,0,10000,2254.512,2254.837,0.3249999999998181
nancy,0,10000,2258.6492,2258.9775,0.3283000000001266
nantes,0,10000,2271.5745,2272.0068,0.43229999999994106
nancy,0,10000,2262.633,2262.9753,0.3423000000002503
nantes,0,10000,2071.8123,2072.083,0.27070000000003347
nantes,0,10000,2077.8892,2078.1335,0.2442999999998392
nantes,0,10000,2082.7483,2082.9858,0.23749999999972715
nantes,0,10000,2089.9526,2090.0596,0.1069999999999709
nantes,0,10000,2095.012,2095.248,0.2359999999998763
nantes,0,10000,2101.3672,2101.621,0.2537999999999556
nantes,0,10000,2106.8938,2107.146,0.25220000000035725
nantes,0,10000,2113.843,2113.946,0.10300000000006548
nantes,0,10000,2118.7942,2119.053,0.25880000000006476
nantes,0,10000,2276.8965,2277.2957,0.39920000000029177
nantes,0,10000,2126.0034,2126.1118,0.10840000000007421
nantes,0,10000,2131.3413,2131.5881,0.24679999999989377
nantes,0,10000,2138.2117,2138.445,0.2333000000003267
nantes,0,10000,2143.484,2143.8171,0.33310000000028595
nantes,0,10000,2150.6292,2150.8997,0.2705000000000837
nantes,0,10000,2156.7358,2156.9712,0.23540000000002692
rennes,0,10000,2102.3232,2102.526,0.20280000000002474
rennes,0,10000,2107.6477,2107.7415,0.09380000000010114
rennes,0,10000,2112.2693,2112.3938,0.12449999999989814
rennes,0,10000,2117.349,2117.5193,0.17029999999977008
nantes,0,10000,2283.17,2283.6292,0.45919999999978245
rennes,0,10000,2122.1296,2122.3323,0.20269999999982247
rennes,0,10000,2126.7222,2126.8455,0.12329999999974461
rennes,0,10000,2131.749,2131.898,0.14900000000034197
rennes,0,10000,2136.5793,2136.7185,0.1392000000000735
rennes,0,10000,2141.025,2141.2346,0.20959999999968204
rennes,0,10000,2147.2092,2147.2964,0.08720000000039363
rennes,0,10000,2151.9553,2152.152,0.19669999999996435
rennes,0,10000,2157.0054,2157.244,0.23860000000013315
rennes,0,10000,2161.9392,2162.1455,0.20630000000028303
rennes,0,10000,2166.9883,2167.1301,0.14179999999987558
nantes,0,10000,2289.0842,2289.1897,0.10550000000012005
rennes,0,10000,2172.0757,2172.207,0.1313000000000102
lyon,0,10000,2067.9685,2068.0889,0.1204000000002452
lyon,0,10000,2072.989,2073.405,0.41600000000016735
lyon,0,10000,2078.0042,2078.4077,0.40350000000034925
lyon,0,10000,2084.245,2084.6602,0.4151999999999134
lyon,0,10000,2089.3062,2089.7341,0.42790000000013606
lyon,0,10000,2095.9707,2096.3623,0.3915999999999258
lyon,0,10000,2101.6846,2101.771,0.0864000000001397
lyon,0,10000,2107.5396,2107.8716,0.33199999999987995
lyon,0,10000,2113.1392,2113.4526,0.31340000000000146
nantes,0,10000,2295.5679,2295.9385,0.370600000000195
lyon,0,10000,2118.4968,2118.9224,0.4256000000000313
lyon,0,10000,2124.8325,2124.9146,0.08210000000008222
lyon,0,10000,2131.3923,2131.795,0.4027000000000953
lyon,0,10000,2136.476,2136.8423,0.36629999999968277
lyon,0,10000,2143.042,2143.397,0.3550000000000182
lyon,0,10000,2148.846,2149.255,0.4090000000001055
rennes,0,10000,2081.6274,2081.8901,0.26270000000022264
rennes,0,10000,2086.6694,2086.758,0.08859999999958745
rennes,0,10000,2091.3936,2091.6643,0.27070000000003347
rennes,0,10000,2096.286,2096.5518,0.2658000000001266
nantes,0,10000,2301.0203,2301.3765,0.35619999999971697
rennes,0,10000,2101.1025,2101.3572,0.25469999999995707
rennes,0,10000,2106.2117,2106.4412,0.22950000000037107
rennes,0,10000,2111.524,2111.8384,0.3144000000002052
rennes,0,10000,2116.2769,2116.543,0.26610000000027867
rennes,0,10000,2121.212,2121.51,0.2980000000002292
rennes,0,10000,2125.925,2126.188,0.26299999999991996
rennes,0,10000,2130.8047,2131.0774,0.2726999999999862
rennes,0,10000,2135.2502,2135.531,0.2807999999999993
rennes,0,10000,2140.4712,2140.7263,0.25509999999985666
rennes,0,10000,2145.7456,2145.8674,0.12179999999989377
nantes,0,10000,2307.4846,2307.879,0.3944000000001324
rennes,0,10000,2150.3635,2150.6077,0.24420000000009168
nancy,0,10000,2163.4253,2163.7434,0.3180999999999585
nancy,0,10000,2167.396,2167.7207,0.32469999999966603
nancy,0,10000,2171.3105,2171.6416,0.3310999999998785
nancy,0,10000,2175.3384,2175.6555,0.3170999999997548
nancy,0,10000,2179.1128,2179.4634,0.3506000000002132
nancy,0,10000,2183.1458,2183.4624,0.3166000000001077
nancy,0,10000,2187.588,2187.9148,0.326799999999821
nancy,0,10000,2191.6772,2191.9355,0.2582999999999629
nancy,0,10000,2195.6077,2195.871,0.26330000000007203
nantes,0,10000,2313.0042,2313.4028,0.39859999999998763
nancy,0,10000,2199.5876,2200.0234,0.43580000000019936
nancy,0,10000,2203.87,2204.1313,0.2613000000001193
nancy,0,10000,2208.131,2208.494,0.36300000000028376
nancy,0,10000,2212.4067,2212.7617,0.3550000000000182
nancy,0,10000,2216.775,2217.1377,0.3627000000001317
nancy,0,10000,2220.872,2221.1948,0.32280000000037035
lyon,0,10000,1579.4847,1579.7136,0.22890000000006694
lyon,0,10000,1589.5647,1589.7762,0.2115000000001146
lyon,0,10000,1602.7104,1602.8549,0.14450000000010732
lyon,0,10000,1613.4192,1613.6335,0.2142999999998665
nantes,0,10000,2319.4639,2319.902,0.4380999999998494
lyon,0,10000,1625.1656,1625.3004,0.1348000000000411
lyon,0,10000,1636.1298,1636.2632,0.13340000000016516
lyon,0,10000,1648.1056,1648.3201,0.21449999999981628
lyon,0,10000,1659.0586,1659.3955,0.3369000000000142
lyon,0,10000,1670.8228,1671.1545,0.3317000000001826
lyon,0,10000,1682.1108,1682.4631,0.3523000000000138
lyon,0,10000,1694.1161,1694.2446,0.12850000000003092
lyon,0,10000,1703.9752,1704.2097,0.23450000000002547
lyon,0,10000,1716.0916,1716.3394,0.2478000000000975
lyon,0,10000,1727.0747,1727.4102,0.33550000000013824
nancy,0,10000,2392.9219,2393.1829,0.26099999999996726
nantes,0,10000,2325.9368,2326.4182,0.4814000000001215
lyon,0,10000,1738.4163,1738.6956,0.27929999999992106
lyon,0,10000,2241.5093,2241.6716,0.16229999999995925
lyon,0,10000,2247.1711,2247.464,0.2928999999999178
lyon,0,10000,2253.1663,2253.405,0.23870000000033542
lyon,0,10000,2259.6316,2259.9233,0.29169999999976426
lyon,0,10000,2265.6687,2265.813,0.14429999999993015
lyon,0,10000,2271.7969,2271.9246,0.12770000000000437
lyon,0,10000,2276.7944,2277.1824,0.38799999999991996
lyon,0,10000,2282.937,2283.1821,0.24510000000009313
lyon,0,10000,2288.2676,2288.542,0.2743999999997868
nancy,0,10000,2396.9775,2397.2424,0.26490000000012515
lyon,0,10000,2294.3367,2294.6023,0.2656000000001768
lyon,0,10000,2299.765,2300.0063,0.24130000000013752
lyon,0,10000,2305.7056,2306.014,0.30840000000034706
lyon,0,10000,2311.2617,2311.5374,0.2757000000001426
lyon,0,10000,2318.0398,2318.3599,0.32009999999991123
lyon,0,10000,2323.8188,2324.149,0.33019999999987704
nantes,0,10000,2225.8765,2226.1646,0.2881000000002132
nantes,0,10000,2231.36,2231.4487,0.08869999999978972
nantes,0,10000,2237.4646,2237.6643,0.19970000000012078
nantes,0,10000,2242.8655,2243.0867,0.22119999999995343
nancy,0,10000,2400.9902,2401.1465,0.1562999999996464
nantes,0,10000,2249.2065,2249.3723,0.16580000000021755
nantes,0,10000,2254.8142,2254.9526,0.1384000000002743
nantes,0,10000,2261.7756,2261.89,0.11439999999993233
nantes,0,10000,2267.858,2268.0664,0.20839999999998327
nantes,0,10000,2274.5466,2274.7856,0.23900000000003274
nantes,0,10000,2280.2302,2280.478,0.2478000000000975
nantes,0,10000,2286.544,2286.6826,0.1386000000002241
nantes,0,10000,2293.1672,2293.3745,0.20730000000003201
nantes,0,10000,2299.27,2299.461,0.19099999999980355
nantes,0,10000,2306.1353,2306.297,0.16170000000010987
nancy,0,10000,2405.2134,2405.474,0.26060000000006767
nantes,0,10000,2311.9937,2312.251,0.2573000000002139
nantes,0,10000,2206.8376,2207.2156,0.37800000000015643
nantes,0,10000,2212.923,2213.26,0.33700000000044383
nantes,0,10000,2218.4795,2218.7656,0.2861000000002605
nantes,0,10000,2224.3103,2224.7349,0.42459999999982756
nantes,0,10000,2229.7852,2230.1917,0.40650000000005093
nantes,0,10000,2236.4138,2236.7673,0.35350000000016735
nantes,0,10000,2242.0137,2242.3608,0.3470999999999549
nantes,0,10000,2247.9478,2248.3513,0.4034999999998945
nantes,0,10000,2254.776,2254.9158,0.13980000000037762
nancy,0,10000,2409.1675,2409.431,0.26350000000002183
nantes,0,10000,2261.076,2261.417,0.3409999999998945
nantes,0,10000,2266.7659,2267.1077,0.34180000000014843
nantes,0,10000,2273.341,2273.7556,0.41460000000006403
nantes,0,10000,2279.347,2279.7075,0.36049999999977445
nantes,0,10000,2286.1348,2286.48,0.34520000000020445
nantes,0,10000,2292.7559,2292.8765,0.12059999999974025
rennes,0,10000,2246.4666,2246.8704,0.4037999999995918
rennes,0,10000,2251.5708,2251.7168,0.14600000000018554
rennes,0,10000,2256.0825,2256.4634,0.3809000000001106
rennes,0,10000,2261.056,2261.422,0.36599999999998545
nancy,0,10000,2413.3472,2413.5066,0.1594000000000051
rennes,0,10000,2265.8909,2266.263,0.37210000000004584
rennes,0,10000,2270.9282,2271.283,0.3548000000000684
rennes,0,10000,2276.1294,2276.4675,0.3381000000003951
rennes,0,10000,2280.8562,2281.2517,0.3954999999996289
rennes,0,10000,2285.45,2285.766,0.3160000000002583
rennes,0,10000,2290.7727,2291.0903,0.31759999999985666
rennes,0,10000,2295.7915,2296.1338,0.3423000000002503
rennes,0,10000,2300.7302,2301.104,0.3737999999998465
rennes,0,10000,2305.0586,2305.4575,0.3989000000001397
rennes,0,10000,2310.461,2310.8455,0.3845000000001164
nancy,0,10000,2417.2947,2417.5588,0.2640999999998712
rennes,0,10000,2315.8538,2316.169,0.31520000000000437
nantes,0,10000,2173.794,2173.8855,0.09149999999999636
nantes,0,10000,2178.9907,2179.2607,0.2699999999999818
nantes,0,10000,2184.9614,2185.051,0.08959999999979118
nantes,0,10000,2191.0715,2191.3958,0.32429999999976644
nantes,0,10000,2196.387,2196.714,0.3269999999997708
nantes,0,10000,2202.7627,2203.043,0.2802999999998974
nantes,0,10000,2209.1533,2209.4355,0.2822000000001026
nantes,0,10000,2215.6396,2215.896,0.25640000000021246
nantes,0,10000,2221.1428,2221.4858,0.3429999999998472
nancy,1,10000,945.782,946.03687,0.2548699999999826
nancy,1,10000,982.4309,982.5842,0.1533000000000584
nantes,1,10000,823.8608,824.31665,0.45584999999994125
nantes,1,10000,829.2662,829.6459,0.37969999999995707
nantes,1,10000,836.07153,836.5227,0.4511699999999337
nantes,1,10000,841.85333,842.2496,0.3962699999999586
nantes,1,10000,848.5615,848.9701,0.40859999999997854
nantes,1,10000,854.1433,854.5359,0.3926000000000158
rennes,1,10000,789.1435,789.3505,0.20699999999999363
rennes,1,10000,794.0687,794.15027,0.08156999999994241
rennes,1,10000,798.8825,799.1038,0.22129999999992833
rennes,1,10000,803.64404,803.86346,0.21942000000001372
nancy,1,10000,986.19763,986.42206,0.22442999999998392
rennes,1,10000,808.9095,808.9772,0.06770000000005894
rennes,1,10000,813.876,814.0798,0.2038000000000011
rennes,1,10000,818.7856,819.0241,0.23849999999993088
rennes,1,10000,823.70355,823.9246,0.22105000000010477
rennes,1,10000,828.2112,828.44165,0.23045000000001892
rennes,1,10000,833.7693,833.99475,0.22544999999990978
rennes,1,10000,838.7139,838.93646,0.22256000000004406
rennes,1,10000,843.5848,843.81213,0.22733000000005177
rennes,1,10000,848.9177,848.9891,0.07140000000003965
rennes,1,10000,853.4813,853.6707,0.1893999999999778
nancy,1,10000,990.3313,990.59644,0.26513999999997395
rennes,1,10000,858.82,859.0149,0.19489999999996144
lyon,1,10000,333.59668,333.76816,0.17148000000003094
lyon,1,10000,344.02667,344.4469,0.42023000000000366
lyon,1,10000,355.18198,355.62738,0.44540000000000646
lyon,1,10000,366.8407,367.21783,0.37712999999996555
lyon,1,10000,378.19235,378.64383,0.45148000000000366
lyon,1,10000,389.3612,389.8029,0.44170000000002574
lyon,1,10000,400.6739,401.16006,0.48615999999998394
lyon,1,10000,412.2269,412.46884,0.2419399999999996
lyon,1,10000,423.18704,423.3973,0.21025999999994838
nancy,1,10000,994.5067,994.6606,0.15390000000002146
lyon,1,10000,434.0593,434.49545,0.4361499999999978
lyon,1,10000,445.22818,445.6836,0.4554200000000037
lyon,1,10000,456.29437,456.7259,0.4315300000000093
lyon,1,10000,467.62592,468.02768,0.4017599999999675
lyon,1,10000,478.87622,479.2661,0.3898800000000051
lyon,1,10000,490.69824,490.94058,0.24234000000001288
lyon,1,10000,735.25903,735.5616,0.30256999999994605
lyon,1,10000,741.4623,741.718,0.2556999999999334
lyon,1,10000,746.8121,746.92426,0.11216000000001713
lyon,1,10000,753.1658,753.2926,0.1268000000000029
nancy,1,10000,998.39435,998.61865,0.22429999999997108
lyon,1,10000,758.04913,758.19867,0.14954000000000178
lyon,1,10000,764.5429,764.67236,0.12945999999999458
lyon,1,10000,769.47723,769.7686,0.291370000000029
lyon,1,10000,776.03973,776.26556,0.22583000000008724
lyon,1,10000,781.12756,781.36383,0.23626999999999043
lyon,1,10000,787.41345,787.6837,0.27025000000003274
lyon,1,10000,793.31116,793.5714,0.2602400000000671
lyon,1,10000,799.5202,799.7719,0.2516999999999143
lyon,1,10000,804.9231,805.1589,0.2358000000000402
lyon,1,10000,811.5048,811.78357,0.2787700000000086
nancy,1,10000,1002.4413,1002.59436,0.1530600000000959
lyon,1,10000,817.2573,817.5226,0.26530000000002474
rennes,1,10000,754.7175,754.8254,0.10789999999997235
rennes,1,10000,759.30054,759.4282,0.12765999999999167
rennes,1,10000,764.2236,764.38544,0.16183999999998377
rennes,1,10000,769.12775,769.26263,0.13487999999995282
rennes,1,10000,774.19196,774.31396,0.12199999999995725
rennes,1,10000,779.2974,779.43463,0.13722999999993135
rennes,1,10000,784.02295,784.1267,0.1037499999999909
rennes,1,10000,788.99817,789.1316,0.13343000000008942
rennes,1,10000,794.3688,794.479,0.11020000000007713
nantes,1,10000,824.91125,825.0637,0.15245000000004438
rennes,1,10000,799.2163,799.2986,0.08229999999991833
rennes,1,10000,804.1839,804.25616,0.07226000000002841
rennes,1,10000,808.9819,809.1117,0.12980000000004566
rennes,1,10000,813.45605,813.57263,0.11657999999999902
rennes,1,10000,819.21747,819.2933,0.07582999999999629
rennes,1,10000,823.6168,823.7394,0.12260000000003402
nancy,1,10000,806.4772,806.54987,0.07267000000001644
nancy,1,10000,810.4338,810.50696,0.07316000000002987
nancy,1,10000,814.3665,814.4407,0.07420000000001892
nancy,1,10000,818.48627,818.6115,0.12522999999998774
nantes,1,10000,829.9709,830.21674,0.24583999999993011
nancy,1,10000,822.4945,822.6081,0.11360000000001946
nancy,1,10000,826.4753,826.5511,0.07580000000007203
nancy,1,10000,830.34155,830.4148,0.07325000000003001
nancy,1,10000,834.29645,834.4222,0.12574999999992542
nancy,1,10000,838.2364,838.3114,0.07500000000004547
nancy,1,10000,842.23315,842.3203,0.08714999999995143
nancy,1,10000,846.0061,846.0777,0.07160000000010314
nancy,1,10000,849.6883,849.77594,0.08763999999996486
nancy,1,10000,854.16254,854.2763,0.11375999999995656
nancy,1,10000,858.1826,858.25433,0.07173000000000229
nantes,1,10000,836.4648,836.66016,0.1953600000000506
nancy,1,10000,862.17255,862.246,0.07344999999997981
nancy,1,10000,798.7764,799.09607,0.3196700000000874
nancy,1,10000,802.5883,802.90625,0.3179499999999962
nancy,1,10000,806.4728,806.79175,0.31894999999997253
nancy,1,10000,810.5418,810.85254,0.3107400000000098
nancy,1,10000,814.63245,814.9497,0.3172500000000582
nancy,1,10000,818.6914,819.0126,0.32119999999997617
nancy,1,10000,822.5063,822.8244,0.3180999999999585
nancy,1,10000,826.4528,826.7759,0.323099999999954
nancy,1,10000,830.57587,830.8979,0.3220300000000407
nantes,1,10000,842.0439,842.25635,0.2124499999999898
nancy,1,10000,834.4243,834.7706,0.34629999999992833
nancy,1,10000,838.5409,838.89777,0.35687000000007174
nancy,1,10000,842.5376,842.8549,0.31730000000004566
nancy,1,10000,846.72986,847.0544,0.3245399999999563
nancy,1,10000,850.8268,851.1341,0.30729999999994106
nancy,1,10000,854.94946,855.25665,0.3071899999999914
nancy,1,10000,780.825,781.05035,0.22534999999993488
nancy,1,10000,784.68286,784.93066,0.2477999999999838
nancy,1,10000,788.9468,789.218,0.27119999999990796
nancy,1,10000,792.62103,792.8611,0.24006999999994605
nancy,1,10000,949.6549,949.80664,0.15174000000001797
nantes,1,10000,849.11475,849.2365,0.12175000000002001
nancy,1,10000,796.7018,796.90845,0.2066499999999678
nancy,1,10000,801.0062,801.0566,0.050399999999967804
nancy,1,10000,804.82556,805.0062,0.18064000000003944
nancy,1,10000,808.79724,809.03076,0.23351999999999862
nancy,1,10000,812.92474,813.10724,0.18250000000000455
nancy,1,10000,816.8234,817.0366,0.21320000000002892
nancy,1,10000,821.0814,821.2706,0.18919999999991433
nancy,1,10000,825.1337,825.3446,0.21090000000003783
nancy,1,10000,829.2053,829.418,0.21270000000004075
nancy,1,10000,833.2119,833.46094,0.24904000000003634
nantes,1,10000,854.40765,854.6,0.1923500000000331
nancy,1,10000,837.45844,837.69794,0.23950000000002092
nantes,1,10000,620.17175,620.27356,0.1018100000000004
nantes,1,10000,625.1201,625.2737,0.15359999999998308
nantes,1,10000,631.24585,631.413,0.16714999999999236
nantes,1,10000,636.6268,636.79156,0.16476000000000113
nantes,1,10000,643.41345,643.5656,0.152150000000006
nantes,1,10000,648.4774,648.6112,0.13380000000006476
nantes,1,10000,655.22064,655.3642,0.14355999999997948
nantes,1,10000,660.6025,660.8326,0.2300999999999931
nantes,1,10000,667.06903,667.278,0.20897000000002208
nantes,1,10000,860.61707,860.848,0.2309299999999439
nantes,1,10000,672.6592,672.8045,0.1452999999999065
nantes,1,10000,679.5938,679.6871,0.09329999999999927
nantes,1,10000,684.7102,684.9282,0.2179999999999609
nantes,1,10000,690.8379,691.01196,0.17406000000005406
nantes,1,10000,697.43066,697.59485,0.1641899999999623
nantes,1,10000,703.4744,703.69965,0.22525000000007367
rennes,1,10000,688.08185,688.32477,0.24291999999991276
rennes,1,10000,692.84357,692.91925,0.07568000000003394
rennes,1,10000,697.65497,697.8759,0.220929999999953
rennes,1,10000,702.58246,702.79865,0.21618999999998323
nantes,1,10000,867.0891,867.22626,0.1371599999999944
rennes,1,10000,707.5042,707.7422,0.2380000000000564
rennes,1,10000,712.58685,712.6632,0.07634999999993397
rennes,1,10000,717.30316,717.54944,0.2462799999999561
rennes,1,10000,721.7937,722.00934,0.2156400000000076
rennes,1,10000,726.91486,727.0253,0.11044000000003962
rennes,1,10000,731.70135,731.9175,0.21614999999997053
rennes,1,10000,736.63727,737.04205,0.4047800000000734
rennes,1,10000,741.38007,741.71436,0.33429000000000997
rennes,1,10000,746.23755,746.4562,0.21864999999991142
rennes,1,10000,751.36383,751.5794,0.21556999999995696
nantes,1,10000,872.7733,872.9358,0.16250000000002274
rennes,1,10000,756.0552,756.2981,0.24289999999996326
lyon,1,10000,617.455,617.7714,0.3163999999999305
lyon,1,10000,623.4788,623.782,0.30320000000006075
lyon,1,10000,629.1583,629.45325,0.2949499999999716
lyon,1,10000,635.25476,635.5216,0.26684000000000196
lyon,1,10000,640.85144,640.9325,0.08105999999997948
lyon,1,10000,646.95544,647.0457,0.09026000000005752
lyon,1,10000,651.6606,651.97534,0.3147399999999152
lyon,1,10000,658.09357,658.3136,0.22002999999995154
lyon,1,10000,663.51025,663.73065,0.22039999999992688
nantes,1,10000,879.52527,879.69995,0.17467999999996664
lyon,1,10000,669.8543,670.14557,0.2912700000000541
lyon,1,10000,675.4164,675.7022,0.2857999999999947
lyon,1,10000,681.68384,681.96075,0.2769099999999298
lyon,1,10000,686.9036,687.1636,0.2599999999999909
lyon,1,10000,693.4753,693.69556,0.22026000000005297
lyon,1,10000,699.5919,699.9369,0.3450000000000273
rennes,1,10000,636.37286,636.48694,0.11408000000005813
rennes,1,10000,640.5506,640.86676,0.316159999999968
rennes,1,10000,645.6756,645.94995,0.27434999999991305
rennes,1,10000,650.30225,650.6186,0.31635000000005675
nantes,1,10000,884.9282,885.0901,0.16190000000005966
rennes,1,10000,655.3875,655.6144,0.22690000000000055
rennes,1,10000,660.31635,660.4825,0.16614999999990232
rennes,1,10000,664.9598,665.1928,0.23300000000006094
rennes,1,10000,669.83716,670.0681,0.23093999999991865
rennes,1,10000,674.6851,674.95715,0.27204999999992197
rennes,1,10000,679.49274,679.65784,0.16509999999993852
rennes,1,10000,684.8414,685.07385,0.23244999999997162
rennes,1,10000,689.6106,689.77655,0.1659500000000662
rennes,1,10000,694.5606,694.6897,0.129099999999994
rennes,1,10000,699.2028,699.4616,0.25879999999995107
nantes,1,10000,891.5745,891.8277,0.25320000000010623
rennes,1,10000,704.70245,704.8254,0.12294999999994616
nancy,1,10000,684.2348,684.4912,0.25640000000009877
nancy,1,10000,687.8708,688.28564,0.41483999999991283
nancy,1,10000,691.8815,692.2288,0.34730000000001837
nancy,1,10000,695.8757,696.18646,0.3107599999999593
nancy,1,10000,699.67645,700.01746,0.34100999999998294
nancy,1,10000,703.83075,704.14075,0.3100000000000591
nancy,1,10000,707.8088,708.11993,0.3111299999999346
nancy,1,10000,711.79376,712.0468,0.25303999999994176
nancy,1,10000,715.63007,715.9768,0.34672999999997955
nantes,1,10000,897.03204,897.2664,0.23435999999992418
nancy,1,10000,719.5867,719.9437,0.3570000000000846
nancy,1,10000,723.94214,724.2491,0.3069600000000037
nancy,1,10000,727.95325,728.2084,0.2551499999999578
nancy,1,10000,731.7286,732.07544,0.3468399999999292
nancy,1,10000,735.8296,736.08527,0.25567000000000917
nancy,1,10000,739.70667,739.97363,0.26695999999992637
lyon,1,10000,126.92258,127.062546,0.13996600000000115
lyon,1,10000,137.25964,137.64395,0.38430999999999926
lyon,1,10000,148.80739,149.17012,0.3627299999999991
lyon,1,10000,160.0735,160.44376,0.3702600000000018
nantes,1,10000,903.7465,903.8999,0.1534000000000333
lyon,1,10000,171.20732,171.57977,0.3724499999999864
lyon,1,10000,182.81929,183.25934,0.4400500000000136
lyon,1,10000,193.73538,194.14284,0.4074600000000146
lyon,1,10000,204.8117,205.24535,0.4336500000000001
lyon,1,10000,216.62456,217.0016,0.3770399999999938
lyon,1,10000,227.83926,228.27042,0.43116000000000554
lyon,1,10000,238.86581,239.1885,0.32268999999999437
lyon,1,10000,250.7539,251.1829,0.42900000000000205
lyon,1,10000,261.86612,262.29407,0.427949999999953
lyon,1,10000,272.54962,272.97238,0.4227599999999825
nancy,1,10000,953.72644,953.8828,0.15635999999994965
nantes,1,10000,909.60645,909.8659,0.2594500000000153
lyon,1,10000,284.23624,284.6536,0.41735999999997375
lyon,1,10000,805.5029,805.7977,0.2948000000000093
lyon,1,10000,811.0576,811.34204,0.2844400000000178
lyon,1,10000,817.2559,817.5442,0.2883000000000493
lyon,1,10000,823.3215,823.5497,0.22820000000001528
lyon,1,10000,829.46,829.7377,0.27769999999998163
lyon,1,10000,834.9893,835.27875,0.289449999999988
lyon,1,10000,840.5259,840.8094,0.28350000000000364
lyon,1,10000,846.84,847.13727,0.2972699999999122
lyon,1,10000,852.31177,852.47095,0.1591799999999921
nancy,1,10000,957.6193,957.8802,0.26089999999999236
lyon,1,10000,858.626,858.9034,0.27740000000005693
lyon,1,10000,863.85394,864.13934,0.28539999999998145
lyon,1,10000,870.20605,870.47644,0.27039000000002034
lyon,1,10000,875.7582,876.0771,0.3188999999999851
lyon,1,10000,882.4223,882.72076,0.298460000000091
lyon,1,10000,887.9865,888.3058,0.31929999999999836
nantes,1,10000,787.0394,787.1885,0.1490999999999758
nantes,1,10000,793.0489,793.1343,0.08540000000004966
nantes,1,10000,798.6588,798.81445,0.15564999999992324
nantes,1,10000,804.6707,804.813,0.14229999999997744
nancy,1,10000,961.9309,962.0809,0.15000000000009095
nantes,1,10000,810.9141,811.01544,0.10134000000005017
nantes,1,10000,816.95416,817.15607,0.20190999999999804
nantes,1,10000,823.1014,823.19275,0.09135000000003402
nantes,1,10000,829.39496,829.58344,0.18848000000002685
nantes,1,10000,834.8398,835.0057,0.16590000000007876
nantes,1,10000,841.4745,841.6194,0.1449000000000069
nantes,1,10000,846.8186,846.9676,0.1490000000000009
nantes,1,10000,853.11505,853.30634,0.19128999999998086
nantes,1,10000,858.81635,858.97076,0.1544099999999844
nantes,1,10000,865.93634,866.13776,0.2014199999999846
nancy,1,10000,965.92395,966.1899,0.26594999999997526
nantes,1,10000,871.63257,871.77985,0.1472800000000234
nantes,1,10000,797.6559,797.81494,0.1590400000000045
nantes,1,10000,803.6379,803.8667,0.22880000000009204
nantes,1,10000,809.33453,809.55646,0.22193000000004304
nantes,1,10000,816.0683,816.26874,0.20043999999995776
nantes,1,10000,822.0218,822.19403,0.1722300000000132
nantes,1,10000,828.00366,828.1835,0.17984000000001288
nantes,1,10000,834.3494,834.61365,0.26425000000006094
nantes,1,10000,840.3216,840.4906,0.16899999999998272
nantes,1,10000,846.5121,846.6804,0.16829999999993106
nancy,1,10000,969.72754,969.9464,0.21886000000006334
nantes,1,10000,852.7955,852.9529,0.1574000000000524
nantes,1,10000,858.8949,859.1313,0.23640000000000327
nantes,1,10000,865.8784,866.04236,0.16395999999997457
nantes,1,10000,871.197,871.4295,0.23249999999995907
nantes,1,10000,878.09357,878.2616,0.1680300000000443
nantes,1,10000,883.69824,883.8916,0.1933599999999842
rennes,1,10000,834.74664,834.8571,0.11045999999998912
rennes,1,10000,839.55066,839.6507,0.10004000000003543
rennes,1,10000,844.18787,844.27026,0.08239000000003216
rennes,1,10000,849.27856,849.5073,0.22874000000001615
nancy,1,10000,974.1514,974.3993,0.2479000000000724
rennes,1,10000,854.38336,854.49365,0.11028999999996358
rennes,1,10000,859.83026,859.9162,0.08594000000005053
rennes,1,10000,864.5609,864.6318,0.07090000000005148
rennes,1,10000,869.2366,869.40466,0.16806000000008225
rennes,1,10000,874.39734,874.50433,0.10698999999999614
rennes,1,10000,879.64124,879.7263,0.08505999999999858
rennes,1,10000,884.23016,884.3457,0.11554000000000997
rennes,1,10000,889.34454,889.47015,0.12560999999993783
rennes,1,10000,893.95337,894.0649,0.11153000000001612
rennes,1,10000,899.3215,899.4416,0.12009999999997945
nancy,1,10000,977.95746,978.17615,0.2186900000000378
rennes,1,10000,904.66876,904.7877,0.1189399999999523
nantes,1,10000,770.39233,770.8236,0.43127000000004045
nantes,1,10000,776.5959,776.6989,0.1029999999999518
nantes,1,10000,781.77124,782.16724,0.39599999999995816
nantes,1,10000,787.7806,788.1696,0.3889999999998963
nantes,1,10000,793.7126,794.107,0.39440000000001874
nantes,1,10000,800.1706,800.2737,0.1030999999999267
nantes,1,10000,805.6403,805.7266,0.08629999999993743
nantes,1,10000,811.7815,812.13995,0.358449999999948
nantes,1,10000,817.29663,817.76447,0.4678399999999101
nancy,2,10000,2382.3018,2382.5608,0.25900000000001455
nancy,2,10000,2418.2678,2418.5896,0.32179999999971187
nantes,2,10000,2236.7563,2236.9065,0.15020000000004075
nantes,2,10000,2242.2334,2242.4358,0.20240000000012515
nantes,2,10000,2248.5847,2248.8691,0.2844000000000051
nantes,2,10000,2254.2136,2254.3723,0.15869999999995343
nantes,2,10000,2261.3665,2261.5542,0.1876999999999498
nantes,2,10000,2266.8176,2266.9712,0.15360000000009677
rennes,2,10000,2223.1404,2223.4333,0.2928999999999178
rennes,2,10000,2227.9043,2228.2024,0.2980999999999767
rennes,2,10000,2232.695,2232.9287,0.23369999999977153
rennes,2,10000,2237.469,2237.7659,0.2968999999998232
nancy,2,10000,2422.3572,2422.6821,0.3249000000000706
rennes,2,10000,2242.6729,2242.9219,0.24899999999979627
rennes,2,10000,2247.5933,2247.85,0.2566999999999098
rennes,2,10000,2253.0793,2253.1748,0.09549999999990177
rennes,2,10000,2257.3767,2257.7078,0.33110000000033324
rennes,2,10000,2262.3542,2262.546,0.19179999999960273
rennes,2,10000,2267.3347,2267.649,0.3143000000000029
rennes,2,10000,2271.9663,2272.2212,0.25489999999990687
rennes,2,10000,2277.1924,2277.5276,0.3351999999999862
rennes,2,10000,2282.4636,2282.5554,0.09180000000014843
rennes,2,10000,2287.5518,2287.8142,0.26239999999961583
nancy,2,10000,2426.3062,2426.632,0.32580000000007203
rennes,2,10000,2291.6282,2291.8528,0.22460000000000946
lyon,2,10000,1730.0342,1730.2756,0.24139999999988504
lyon,2,10000,1741.3508,1741.5669,0.21610000000009677
lyon,2,10000,1752.7699,1752.9261,0.15619999999989886
lyon,2,10000,1764.478,1764.6329,0.15489999999999782
lyon,2,10000,1775.4036,1775.6135,0.2098999999998341
lyon,2,10000,1787.1537,1787.3981,0.24440000000004147
lyon,2,10000,1798.5083,1798.7228,0.21450000000004366
lyon,2,10000,1810.0748,1810.3838,0.3089999999999691
lyon,2,10000,1821.029,1821.2443,0.2153000000000702
nancy,2,10000,2430.4556,2430.7212,0.2656000000001768
lyon,2,10000,1832.623,1832.8278,0.20479999999997744
lyon,2,10000,1843.8762,1844.0935,0.21730000000002292
lyon,2,10000,1854.7598,1855.0114,0.2516000000000531
lyon,2,10000,1865.829,1866.1566,0.32760000000007494
lyon,2,10000,1876.9858,1877.2155,0.2297000000000935
lyon,2,10000,1889.1974,1889.5579,0.3605000000000018
lyon,2,10000,2168.47,2168.6865,0.21649999999999636
lyon,2,10000,2174.0203,2174.3042,0.28389999999990323
lyon,2,10000,2180.0637,2180.2212,0.1574999999997999
lyon,2,10000,2185.795,2185.9626,0.16759999999976571
nancy,2,10000,2434.3687,2434.6907,0.3220000000001164
lyon,2,10000,2191.4106,2191.658,0.24739999999974316
lyon,2,10000,2197.418,2197.5486,0.13059999999995853
lyon,2,10000,2203.5393,2203.7466,0.20730000000003201
lyon,2,10000,2208.4785,2208.6287,0.15020000000004075
lyon,2,10000,2214.926,2215.1333,0.20730000000003201
lyon,2,10000,2220.2327,2220.4587,0.22600000000011278
lyon,2,10000,2226.5527,2226.7598,0.20709999999962747
lyon,2,10000,2231.853,2232.0083,0.1552999999998974
lyon,2,10000,2237.595,2237.7769,0.18190000000004147
lyon,2,10000,2244.4436,2244.6257,0.18209999999999127
nancy,2,10000,2438.3943,2438.7449,0.3506000000002132
lyon,2,10000,2250.415,2250.574,0.1590000000001055
rennes,2,10000,2181.4504,2181.658,0.20759999999972933
rennes,2,10000,2186.1155,2186.249,0.1334999999999127
rennes,2,10000,2190.956,2191.157,0.20100000000002183
rennes,2,10000,2196.2986,2196.384,0.08539999999993597
rennes,2,10000,2200.8586,2201.0132,0.15459999999984575
rennes,2,10000,2206.0093,2206.159,0.14969999999993888
rennes,2,10000,2211.1982,2211.2751,0.07690000000002328
rennes,2,10000,2215.7444,2215.869,0.12460000000010041
rennes,2,10000,2220.821,2220.955,0.13400000000001455
nantes,2,10000,2225.9695,2226.2617,0.2921999999998661
rennes,2,10000,2225.8489,2225.9863,0.13740000000007058
rennes,2,10000,2230.642,2230.8484,0.20640000000003056
rennes,2,10000,2235.8564,2236.028,0.17159999999967113
rennes,2,10000,2240.8564,2241.0652,0.20879999999988286
rennes,2,10000,2246.0625,2246.1543,0.09180000000014843
rennes,2,10000,2250.8257,2250.9963,0.17059999999992215
nancy,2,10000,2243.553,2243.8948,0.34180000000014843
nancy,2,10000,2247.4353,2247.6553,0.2199999999997999
nancy,2,10000,2251.7332,2251.887,0.15380000000004657
nancy,2,10000,2256.0586,2256.3215,0.26290000000017244
nantes,2,10000,2231.7476,2232.0945,0.3469000000000051
nancy,2,10000,2259.9692,2260.232,0.26279999999997017
nancy,2,10000,2264.1155,2264.3362,0.22070000000030632
nancy,2,10000,2268.197,2268.3523,0.1552999999998974
nancy,2,10000,2272.3796,2272.6433,0.2636999999999716
nancy,2,10000,2276.8125,2276.9648,0.15230000000019572
nancy,2,10000,2280.831,2281.0518,0.22080000000005384
nancy,2,10000,2285.001,2285.2612,0.2601999999997133
nancy,2,10000,2289.4338,2289.6963,0.26250000000027285
nancy,2,10000,2293.0588,2293.3252,0.26640000000043074
nancy,2,10000,2297.0386,2297.193,0.1544000000003507
nantes,2,10000,2238.0203,2238.2976,0.277299999999741
nancy,2,10000,2301.2537,2301.4062,0.15249999999969077
nancy,2,10000,2247.7542,2248.0159,0.2617000000000189
nancy,2,10000,2251.6694,2251.8245,0.1550999999999476
nancy,2,10000,2255.953,2256.2188,0.2658000000001266
nancy,2,10000,2260.0193,2260.2817,0.2624000000000706
nancy,2,10000,2264.1614,2264.3162,0.1548000000002503
nancy,2,10000,2267.9612,2268.2202,0.25900000000001455
nancy,2,10000,2271.9146,2272.175,0.26040000000011787
nancy,2,10000,2275.9001,2276.0535,0.15340000000014697
nancy,2,10000,2279.7373,2280.0076,0.2703000000001339
nantes,2,10000,2243.9092,2244.2253,0.3161000000000058
nancy,2,10000,2284.1746,2284.3271,0.15250000000014552
nancy,2,10000,2288.3994,2288.7124,0.31300000000010186
nancy,2,10000,2292.9216,2293.0745,0.1529000000000451
nancy,2,10000,2296.9717,2297.241,0.26929999999993015
nancy,2,10000,2301.2246,2301.4922,0.2676000000001295
nancy,2,10000,2305.4092,2305.5642,0.15499999999974534
nancy,2,10000,2216.0967,2216.419,0.32229999999981374
nancy,2,10000,2220.089,2220.3516,0.2626000000000204
nancy,2,10000,2223.9045,2224.1665,0.26199999999971624
nancy,2,10000,2228.064,2228.325,0.26099999999996726
nancy,2,10000,2385.9668,2386.3162,0.34940000000005966
nantes,2,10000,2249.9993,2250.251,0.2517000000002554
nancy,2,10000,2231.8887,2232.312,0.4232999999999265
nancy,2,10000,2235.8962,2236.26,0.36380000000008295
nancy,2,10000,2240.0256,2240.3499,0.3243000000002212
nancy,2,10000,2243.9717,2244.3215,0.34979999999995925
nancy,2,10000,2248.3342,2248.4622,0.12800000000015643
nancy,2,10000,2252.2434,2252.5667,0.32330000000001746
nancy,2,10000,2256.5208,2256.784,0.2632000000003245
nancy,2,10000,2260.6917,2261.0107,0.31899999999996
nancy,2,10000,2264.7148,2265.035,0.32019999999965876
nancy,2,10000,2268.5754,2268.942,0.36659999999983484
nantes,2,10000,2255.3142,2255.7214,0.4072000000001026
nancy,2,10000,2272.5955,2272.9434,0.3479000000002088
nantes,2,10000,2016.918,2017.0205,0.102500000000191
nantes,2,10000,2022.5043,2022.6562,0.15189999999984138
nantes,2,10000,2028.0867,2028.2738,0.18709999999987303
nantes,2,10000,2034.1184,2034.3685,0.2500999999999749
nantes,2,10000,2040.1077,2040.2949,0.1872000000000753
nantes,2,10000,2046.4792,2046.6309,0.15170000000011896
nantes,2,10000,2052.537,2052.646,0.10900000000037835
nantes,2,10000,2058.1582,2058.3403,0.18209999999999127
nantes,2,10000,2064.5645,2064.6792,0.1147000000000844
nantes,2,10000,2262.5332,2262.6318,0.09860000000026048
nantes,2,10000,2071.0413,2071.2302,0.18890000000010332
nantes,2,10000,2076.2847,2076.523,0.23829999999998108
nantes,2,10000,2083.0522,2083.3276,0.27539999999999054
nantes,2,10000,2088.452,2088.6204,0.1683999999995649
nantes,2,10000,2095.1228,2095.2952,0.17239999999992506
nantes,2,10000,2100.7231,2100.8818,0.15869999999995343
rennes,2,10000,2121.1396,2121.234,0.09439999999995052
rennes,2,10000,2125.2517,2125.54,0.288300000000163
rennes,2,10000,2130.169,2130.3772,0.20820000000003347
rennes,2,10000,2135.4263,2135.5198,0.09349999999994907
nantes,2,10000,2267.6692,2267.9683,0.29910000000018044
rennes,2,10000,2139.971,2140.127,0.15599999999994907
rennes,2,10000,2144.9468,2145.1467,0.19989999999961583
rennes,2,10000,2149.5393,2149.7124,0.17309999999997672
rennes,2,10000,2154.8394,2155.0222,0.18280000000004293
rennes,2,10000,2159.3552,2159.6665,0.3112999999998465
rennes,2,10000,2164.3015,2164.494,0.19250000000010914
rennes,2,10000,2169.5308,2169.6182,0.08739999999988868
rennes,2,10000,2174.091,2174.3037,0.21270000000004075
rennes,2,10000,2178.8738,2179.1592,0.2854000000002088
rennes,2,10000,2184.1326,2184.2063,0.07369999999991705
nantes,2,10000,2274.4216,2274.694,0.2723999999998341
rennes,2,10000,2188.8728,2189.0715,0.19869999999991705
lyon,2,10000,2072.319,2072.4612,0.14220000000022992
lyon,2,10000,2077.0654,2077.4211,0.35570000000006985
lyon,2,10000,2083.2593,2083.5625,0.3031999999998334
lyon,2,10000,2088.3423,2088.722,0.3797000000004118
lyon,2,10000,2094.5,2094.8745,0.37449999999989814
lyon,2,10000,2099.7578,2100.1274,0.36959999999999127
lyon,2,10000,2106.5964,2106.7195,0.12310000000024957
lyon,2,10000,2111.68,2111.8193,0.13930000000027576
lyon,2,10000,2117.7778,2118.1533,0.37550000000010186
nantes,2,10000,2279.7988,2280.0908,0.2919999999999163
lyon,2,10000,2122.4082,2122.7964,0.3882000000003245
lyon,2,10000,2129.589,2129.8872,0.298200000000179
lyon,2,10000,2134.8157,2135.1743,0.358600000000024
lyon,2,10000,2141.5735,2141.925,0.35150000000021464
lyon,2,10000,2147.2144,2147.5166,0.3022000000000844
lyon,2,10000,2153.6428,2153.955,0.31219999999984793
rennes,2,10000,2103.481,2103.603,0.12199999999984357
rennes,2,10000,2107.849,2108.0842,0.23519999999962238
rennes,2,10000,2113.1062,2113.194,0.08779999999978827
rennes,2,10000,2117.5686,2117.8386,0.2699999999999818
nantes,2,10000,2286.7034,2286.9695,0.26610000000027867
rennes,2,10000,2122.5227,2122.7454,0.22269999999980428
rennes,2,10000,2127.6616,2127.9336,0.2719999999999345
rennes,2,10000,2132.6738,2132.891,0.21720000000004802
rennes,2,10000,2137.488,2137.7124,0.22440000000005966
rennes,2,10000,2142.3018,2142.568,0.2662000000000262
rennes,2,10000,2147.209,2147.4587,0.24970000000030268
rennes,2,10000,2152.3506,2152.4705,0.11989999999968859
rennes,2,10000,2156.9602,2157.224,0.2638000000001739
rennes,2,10000,2161.575,2161.8325,0.2575000000001637
rennes,2,10000,2166.7234,2166.9617,0.23829999999998108
nantes,2,10000,2293.0127,2293.1123,0.09959999999955471
rennes,2,10000,2172.2324,2172.3232,0.0907999999999447
nancy,2,10000,2153.2266,2153.437,0.21039999999993597
nancy,2,10000,2157.109,2157.302,0.193000000000211
nancy,2,10000,2161.0422,2161.2642,0.22200000000020736
nancy,2,10000,2164.955,2165.1484,0.1934000000001106
nancy,2,10000,2169.0386,2169.2373,0.19869999999991705
nancy,2,10000,2173.0664,2173.2588,0.19239999999990687
nancy,2,10000,2177.061,2177.259,0.1979999999998654
nancy,2,10000,2180.9194,2181.0781,0.15869999999995343
nancy,2,10000,2185.0017,2185.1604,0.15870000000040818
nantes,2,10000,2298.8462,2299.1606,0.3144000000002052
nancy,2,10000,2188.9248,2189.04,0.11520000000018626
nancy,2,10000,2192.9116,2193.0234,0.11180000000013024
nancy,2,10000,2196.893,2197.0093,0.11630000000013752
nancy,2,10000,2200.6987,2200.895,0.19630000000006476
nancy,2,10000,2204.7605,2204.8767,0.11619999999993524
nancy,2,10000,2208.6318,2208.7886,0.15679999999974825
lyon,2,10000,1591.1173,1591.3325,0.21520000000009532
lyon,2,10000,1601.3247,1601.5653,0.24060000000008586
lyon,2,10000,1613.4868,1613.6515,0.16470000000003893
lyon,2,10000,1624.3839,1624.7177,0.33379999999988286
nantes,2,10000,2305.1626,2305.4277,0.26510000000007494
lyon,2,10000,1636.2274,1636.3986,0.1711999999999989
lyon,2,10000,1647.18,1647.4015,0.22149999999987813
lyon,2,10000,1658.452,1658.6715,0.21949999999992542
lyon,2,10000,1669.1923,1669.5367,0.3444000000001779
lyon,2,10000,1681.0691,1681.324,0.25490000000013424
lyon,2,10000,1692.4656,1692.8806,0.4149999999999636
lyon,2,10000,1703.5944,1703.9257,0.33130000000005566
lyon,2,10000,1714.391,1714.6129,0.2219000000000051
lyon,2,10000,1725.1378,1725.3688,0.23099999999999454
lyon,2,10000,1736.6216,1736.8507,0.22910000000001673
nancy,2,10000,2390.0112,2390.3347,0.32349999999996726
nantes,2,10000,2311.017,2311.366,0.34900000000016007
lyon,2,10000,1748.0332,1748.3706,0.3373999999998887
lyon,2,10000,2250.2234,2250.3362,0.11280000000033397
lyon,2,10000,2255.5361,2255.7942,0.2581000000000131
lyon,2,10000,2262.0183,2262.3247,0.3063999999999396
lyon,2,10000,2267.5203,2267.729,0.20869999999968059
lyon,2,10000,2272.9492,2273.23,0.2807999999999993
lyon,2,10000,2279.6306,2279.929,0.2984000000001288
lyon,2,10000,2284.8723,2285.1309,0.25860000000011496
lyon,2,10000,2291.648,2291.7283,0.08030000000007931
lyon,2,10000,2296.734,2297.041,0.30700000000024374
nancy,2,10000,2394.1453,2394.5237,0.378400000000056
lyon,2,10000,2303.1443,2303.4485,0.3042000000000371
lyon,2,10000,2308.1565,2308.4666,0.3101000000001477
lyon,2,10000,2314.724,2315.0344,0.310399999999845
lyon,2,10000,2320.1055,2320.4329,0.3273999999996704
lyon,2,10000,2326.3276,2326.6506,0.3229999999998654
lyon,2,10000,2332.1538,2332.467,0.31320000000005166
nantes,2,10000,2222.873,2223.2327,0.35969999999997526
nantes,2,10000,2228.078,2228.4482,0.37019999999984066
nantes,2,10000,2234.4631,2234.8044,0.34130000000004657
nantes,2,10000,2240.2754,2240.6667,0.39130000000022847
nancy,2,10000,2398.2927,2398.5598,0.26710000000002765
nantes,2,10000,2246.5764,2246.913,0.3366000000000895
nantes,2,10000,2252.26,2252.6182,0.35819999999966967
nantes,2,10000,2259.2405,2259.4358,0.19530000000031578
nantes,2,10000,2264.0469,2264.4119,0.36500000000023647
nantes,2,10000,2271.36,2271.5405,0.18049999999993815
nantes,2,10000,2276.3062,2276.7542,0.4479999999998654
nantes,2,10000,2283.0947,2283.4392,0.34449999999969805
nantes,2,10000,2288.3196,2288.671,0.35140000000001237
nantes,2,10000,2294.1143,2294.5183,0.40399999999999636
nantes,2,10000,2301.1836,2301.479,0.29539999999997235
nancy,2,10000,2402.1277,2402.4543,0.3265999999998712
nantes,2,10000,2307.1487,2307.5295,0.3807999999999083
nantes,2,10000,2200.389,2200.6997,0.3106999999999971
nantes,2,10000,2205.599,2205.875,0.27599999999983993
nantes,2,10000,2212.1406,2212.423,0.28239999999959764
nantes,2,10000,2217.1873,2217.4563,0.2689999999997781
nantes,2,10000,2223.7615,2224.055,0.29349999999976717
nantes,2,10000,2229.6384,2229.8933,0.2549000000003616
nantes,2,10000,2236.3489,2236.714,0.365099999999984
nantes,2,10000,2241.848,2242.1628,0.3148000000001048
nantes,2,10000,2248.3184,2248.6562,0.33779999999978827
nancy,2,10000,2406.1985,2406.524,0.32549999999991996
nantes,2,10000,2254.0474,2254.1262,0.07880000000022847
nantes,2,10000,2260.3103,2260.543,0.23270000000002256
nantes,2,10000,2265.3176,2265.6536,0.3360000000002401
nantes,2,10000,2272.2002,2272.4111,0.2108999999995831
nantes,2,10000,2277.7012,2278.0603,0.3591000000001259
nantes,2,10000,2284.5625,2284.8362,0.2737000000001899
rennes,2,10000,2231.645,2231.7754,0.13040000000000873
rennes,2,10000,2236.5676,2236.7224,0.1548000000002503
rennes,2,10000,2241.3044,2241.4275,0.12309999999979482
rennes,2,10000,2246.344,2246.444,0.09999999999990905
nancy,2,10000,2409.969,2410.245,0.27599999999983993
rennes,2,10000,2250.6748,2250.8032,0.12840000000005602
rennes,2,10000,2255.676,2255.8105,0.13450000000011642
rennes,2,10000,2260.617,2260.7336,0.11659999999983484
rennes,2,10000,2265.5554,2265.6765,0.12109999999984211
rennes,2,10000,2270.4363,2270.6318,0.19550000000026557
rennes,2,10000,2275.428,2275.5518,0.12380000000030122
rennes,2,10000,2280.009,2280.1455,0.13650000000006912
rennes,2,10000,2284.925,2285.0725,0.14750000000003638
rennes,2,10000,2290.4133,2290.5122,0.0988999999999578
rennes,2,10000,2295.1987,2295.289,0.09030000000029759
nancy,2,10000,2414.092,2414.4175,0.32549999999991996
rennes,2,10000,2299.6934,2299.873,0.1795999999999367
nantes,2,10000,2182.1287,2182.3179,0.18919999999980064
nantes,2,10000,2187.8022,2187.9558,0.15360000000009677
nantes,2,10000,2193.1611,2193.3865,0.2254000000002634
nantes,2,10000,2199.2588,2199.4126,0.15380000000004657
nantes,2,10000,2205.3816,2205.4849,0.1032999999997628
nantes,2,10000,2211.7676,2211.9019,0.13429999999971187
nantes,2,10000,2217.2708,2217.4575,0.18670000000020082
nantes,2,10000,2224.3542,2224.5864,0.2321999999999207
nantes,2,10000,2230.1777,2230.3503,0.17259999999987485
nancy,3,10000,2353.7483,2353.9026,0.15429999999969368
nancy,3,10000,2390.7053,2390.9138,0.2084999999997308
nantes,3,10000,2206.5957,2206.8777,0.2820000000001528
nantes,3,10000,2211.9297,2212.2253,0.29559999999992215
nantes,3,10000,2218.4307,2218.7483,0.3176000000003114
nantes,3,10000,2223.6746,2224.0347,0.3601000000003296
nantes,3,10000,2231.222,2231.3289,0.10689999999976862
nantes,3,10000,2236.33,2236.6396,0.30960000000004584
rennes,3,10000,2178.7834,2179.0647,0.28130000000010114
rennes,3,10000,2183.5793,2183.8235,0.24420000000009168
rennes,3,10000,2189.12,2189.1978,0.07780000000002474
rennes,3,10000,2193.7024,2193.9922,0.2898000000000138
nancy,3,10000,2394.577,2394.7295,0.15249999999969077
rennes,3,10000,2199.0212,2199.282,0.26080000000001746
rennes,3,10000,2203.824,2204.1653,0.34130000000004657
rennes,3,10000,2208.8477,2209.1387,0.29100000000016735
rennes,3,10000,2213.6523,2213.944,0.29169999999976426
rennes,3,10000,2218.7932,2219.0518,0.25860000000011496
rennes,3,10000,2223.617,2223.9368,0.31979999999975917
rennes,3,10000,2228.5862,2228.822,0.2357999999999265
rennes,3,10000,2233.2334,2233.482,0.24859999999989668
rennes,3,10000,2238.3066,2238.4038,0.09720000000015716
rennes,3,10000,2243.3096,2243.5322,0.22260000000005675
nancy,3,10000,2398.5137,2398.7773,0.2636000000002241
rennes,3,10000,2247.6282,2247.8418,0.2136000000000422
lyon,3,10000,1661.6156,1661.8345,0.21889999999984866
lyon,3,10000,1672.4047,1672.6405,0.2357999999999265
lyon,3,10000,1683.3732,1683.7234,0.3502000000000862
lyon,3,10000,1695.2848,1695.6077,0.32290000000011787
lyon,3,10000,1706.4071,1706.5804,0.1733000000001539
lyon,3,10000,1717.7493,1717.8917,0.14239999999995234
lyon,3,10000,1728.3384,1728.6794,0.3409999999998945
lyon,3,10000,1739.3873,1739.6233,0.2359999999998763
lyon,3,10000,1750.858,1751.1301,0.2721000000001368
nancy,3,10000,2402.6829,2402.8418,0.15890000000035798
lyon,3,10000,1761.7174,1761.9366,0.21920000000000073
lyon,3,10000,1773.2621,1773.4877,0.2255999999999858
lyon,3,10000,1784.653,1784.8721,0.21910000000002583
lyon,3,10000,1795.5916,1795.8141,0.22250000000008185
lyon,3,10000,1806.7119,1806.9375,0.2255999999999858
lyon,3,10000,1818.0659,1818.2943,0.22839999999996508
lyon,3,10000,2105.7915,2106.1262,0.33470000000033906
lyon,3,10000,2111.677,2111.9783,0.30130000000008295
lyon,3,10000,2117.14,2117.3218,0.18180000000029395
lyon,3,10000,2122.7432,2123.0615,0.3182999999999083
nancy,3,10000,2406.6746,2406.9473,0.2726999999999862
lyon,3,10000,2128.5625,2128.7737,0.2112000000001899
lyon,3,10000,2135.013,2135.314,0.3009999999999309
lyon,3,10000,2140.2693,2140.4346,0.1653000000001157
lyon,3,10000,2146.5156,2146.8572,0.3415999999997439
lyon,3,10000,2151.7673,2152.0007,0.23340000000007421
lyon,3,10000,2157.8557,2158.137,0.28130000000010114
lyon,3,10000,2163.258,2163.58,0.3220000000001164
lyon,3,10000,2169.5632,2169.8665,0.30330000000003565
lyon,3,10000,2174.993,2175.2341,0.24110000000018772
lyon,3,10000,2181.4468,2181.7834,0.33659999999963475
nancy,3,10000,2410.6968,2410.8542,0.1574000000000524
lyon,3,10000,2187.393,2187.6304,0.23739999999997963
rennes,3,10000,2070.9412,2071.2107,0.26949999999987995
rennes,3,10000,2075.6797,2075.9197,0.23999999999978172
rennes,3,10000,2080.6301,2080.8406,0.21050000000013824
rennes,3,10000,2085.4485,2085.6782,0.22969999999986612
rennes,3,10000,2090.4988,2090.7776,0.27880000000004657
rennes,3,10000,2095.142,2095.4106,0.26860000000033324
rennes,3,10000,2100.0352,2100.2996,0.2644000000000233
rennes,3,10000,2104.9524,2105.2004,0.2480000000000473
rennes,3,10000,2109.596,2109.8718,0.27579999999989013
nantes,3,10000,2202.7524,2202.964,0.2116000000000895
rennes,3,10000,2114.803,2115.0994,0.2964000000001761
rennes,3,10000,2119.6892,2119.777,0.08780000000024302
rennes,3,10000,2124.3357,2124.583,0.24729999999999563
rennes,3,10000,2128.6243,2128.902,0.2777000000000953
rennes,3,10000,2134.0356,2134.3025,0.2668999999996231
rennes,3,10000,2138.8467,2139.1074,0.2606999999998152
nancy,3,10000,2205.8804,2206.041,0.16060000000015862
nancy,3,10000,2209.8428,2210.0015,0.15869999999995343
nancy,3,10000,2213.9714,2214.2275,0.2561000000000604
nancy,3,10000,2218.0298,2218.2527,0.22290000000020882
nantes,3,10000,2209.0393,2209.274,0.23469999999997526
nancy,3,10000,2222.1094,2222.332,0.22260000000005675
nancy,3,10000,2226.0774,2226.231,0.15360000000009677
nancy,3,10000,2230.157,2230.3076,0.15059999999994034
nancy,3,10000,2234.025,2234.283,0.2579999999998108
nancy,3,10000,2238.1235,2238.2917,0.16820000000006985
nancy,3,10000,2242.489,2242.6096,0.12059999999974025
nancy,3,10000,2246.312,2246.577,0.2650000000003274
nancy,3,10000,2250.3105,2250.5728,0.2622999999998683
nancy,3,10000,2254.114,2254.3806,0.2665999999999258
nancy,3,10000,2258.3154,2258.5908,0.27539999999999054
nantes,3,10000,2214.1294,2214.29,0.16060000000015862
nancy,3,10000,2262.226,2262.4912,0.26519999999982247
nancy,3,10000,2183.1365,2183.2695,0.13299999999981083
nancy,3,10000,2187.3196,2187.366,0.04640000000017608
nancy,3,10000,2191.0317,2191.2488,0.21709999999984575
nancy,3,10000,2194.8613,2195.1514,0.2901000000001659
nancy,3,10000,2199.1985,2199.359,0.16049999999995634
nancy,3,10000,2203.1006,2203.3447,0.2440999999998894
nancy,3,10000,2207.0334,2207.2776,0.24420000000009168
nancy,3,10000,2211.2964,2211.4563,0.1598999999996522
nancy,3,10000,2215.1726,2215.3923,0.2197000000001026
nantes,3,10000,2221.6567,2221.9453,0.2885999999998603
nancy,3,10000,2219.026,2219.2407,0.21469999999999345
nancy,3,10000,2223.6028,2223.8225,0.2197000000001026
nancy,3,10000,2227.6843,2227.8462,0.16190000000005966
nancy,3,10000,2231.8337,2232.046,0.2122999999996864
nancy,3,10000,2235.9473,2236.1567,0.209400000000187
nancy,3,10000,2240.3533,2240.508,0.15469999999959327
nancy,3,10000,2175.1758,2175.4348,0.25900000000001455
nancy,3,10000,2178.9963,2179.1494,0.1530999999999949
nancy,3,10000,2182.9138,2183.1738,0.2600000000002183
nancy,3,10000,2186.929,2187.0842,0.15519999999969514
nancy,3,10000,2357.5442,2357.7,0.15579999999999927
nantes,3,10000,2226.809,2226.9485,0.1394999999997708
nancy,3,10000,2190.953,2191.2083,0.25529999999980646
nancy,3,10000,2194.9934,2195.1462,0.1528000000002976
nancy,3,10000,2199.0425,2199.196,0.1534999999998945
nancy,3,10000,2202.9788,2203.2466,0.2678000000000793
nancy,3,10000,2206.8923,2207.05,0.15770000000020445
nancy,3,10000,2210.933,2211.197,0.2640000000001237
nancy,3,10000,2215.008,2215.1643,0.15630000000010114
nancy,3,10000,2218.9043,2219.0635,0.1592000000000553
nancy,3,10000,2222.9001,2223.055,0.15489999999999782
nancy,3,10000,2226.4634,2226.741,0.27759999999989304
nantes,3,10000,2233.3025,2233.577,0.27450000000044383
nancy,3,10000,2230.3948,2230.657,0.2622000000001208
nantes,3,10000,1973.8226,1974.154,0.33140000000003056
nantes,3,10000,1979.9197,1980.0533,0.13360000000011496
nantes,3,10000,1985.7894,1986.1328,0.34340000000020154
nantes,3,10000,1991.415,1991.7402,0.32519999999999527
nantes,3,10000,1997.5996,1997.8865,0.28690000000005966
nantes,3,10000,2004.6034,2004.689,0.08560000000011314
nantes,3,10000,2009.4927,2009.8354,0.3426999999999225
nantes,3,10000,2016.1667,2016.531,0.36429999999995744
nantes,3,10000,2022.4426,2022.5444,0.10179999999991196
nantes,3,10000,2238.735,2238.8904,0.15540000000009968
nantes,3,10000,2028.7648,2029.0992,0.334400000000187
nantes,3,10000,2034.4515,2034.7247,0.27320000000008804
nantes,3,10000,2041.12,2041.4636,0.34360000000015134
nantes,3,10000,2046.73,2047.0822,0.3522000000000389
nantes,3,10000,2053.521,2053.8862,0.3651999999997315
nantes,3,10000,2058.958,2059.2424,0.2844000000000051
rennes,3,10000,2008.277,2008.3628,0.08580000000006294
rennes,3,10000,2012.501,2012.748,0.24700000000007094
rennes,3,10000,2018.3573,2018.4436,0.0863000000001648
rennes,3,10000,2023.6053,2023.8535,0.2481999999999971
nantes,3,10000,2245.8179,2246.0083,0.19039999999995416
rennes,3,10000,2028.6815,2028.9144,0.23289999999997235
rennes,3,10000,2033.4093,2033.6241,0.21479999999996835
rennes,3,10000,2038.4288,2038.5275,0.098700000000008
rennes,3,10000,2043.541,2043.776,0.23500000000012733
rennes,3,10000,2048.0767,2048.3098,0.23309999999992215
rennes,3,10000,2053.0542,2053.288,0.2337999999999738
rennes,3,10000,2058.1677,2058.4058,0.2381000000000313
rennes,3,10000,2063.0654,2063.3167,0.25129999999990105
rennes,3,10000,2068.5466,2068.6326,0.08599999999978536
rennes,3,10000,2072.9336,2073.1562,0.22260000000005675
nantes,3,10000,2251.2754,2251.5083,0.23289999999997235
rennes,3,10000,2077.7366,2078.0952,0.358600000000024
lyon,3,10000,1989.9569,1990.0588,0.10190000000011423
lyon,3,10000,1995.0746,1995.4396,0.3650000000000091
lyon,3,10000,2001.3003,2001.5957,0.29539999999997235
lyon,3,10000,2008.2853,2008.3818,0.0965000000001055
lyon,3,10000,2013.7507,2014.1418,0.3911000000000513
lyon,3,10000,2019.8231,2019.9292,0.10609999999996944
lyon,3,10000,2025.634,2026.0165,0.38249999999993634
lyon,3,10000,2031.765,2032.0244,0.25939999999991414
lyon,3,10000,2038.1342,2038.3981,0.2639000000001488
nantes,3,10000,2257.9988,2258.1265,0.12770000000000437
lyon,3,10000,2043.4432,2043.7742,0.33100000000013097
lyon,3,10000,2050.0596,2050.3877,0.3281000000001768
lyon,3,10000,2055.9575,2056.299,0.34149999999999636
lyon,3,10000,2062.7275,2063.0037,0.27620000000024447
lyon,3,10000,2068.5037,2068.7795,0.27579999999989013
lyon,3,10000,2074.1482,2074.4438,0.29559999999992215
rennes,3,10000,2024.0411,2024.3525,0.31140000000004875
rennes,3,10000,2028.5659,2028.8875,0.32159999999998945
rennes,3,10000,2033.5503,2033.8557,0.30539999999996326
rennes,3,10000,2038.7745,2038.8737,0.09920000000010987
nantes,3,10000,2263.2402,2263.382,0.14179999999987558
rennes,3,10000,2043.1807,2043.5219,0.34120000000007167
rennes,3,10000,2048.303,2048.6187,0.31570000000010623
rennes,3,10000,2052.708,2053.0527,0.3447000000001026
rennes,3,10000,2057.9949,2058.0952,0.10030000000006112
rennes,3,10000,2062.6628,2062.974,0.31120000000009895
rennes,3,10000,2067.6824,2068.0151,0.3326999999999316
rennes,3,10000,2072.6064,2072.8972,0.2907999999997628
rennes,3,10000,2077.143,2077.4587,0.31570000000010623
rennes,3,10000,2081.778,2082.1206,0.34260000000040236
rennes,3,10000,2087.1543,2087.5068,0.3524999999999636
nantes,3,10000,2270.029,2270.2117,0.18269999999984066
rennes,3,10000,2092.1533,2092.4639,0.31060000000024957
nancy,3,10000,2072.2095,2072.2976,0.08809999999994034
nancy,3,10000,2076.0017,2076.0864,0.08470000000033906
nancy,3,10000,2079.9565,2080.0403,0.0838000000003376
nancy,3,10000,2083.9387,2084.0225,0.08379999999988286
nancy,3,10000,2087.8782,2087.9692,0.0909999999998945
nancy,3,10000,2091.8916,2091.9817,0.09009999999989304
nancy,3,10000,2095.745,2095.8306,0.08559999999988577
nancy,3,10000,2099.672,2099.821,0.14899999999988722
nancy,3,10000,2103.6785,2103.7766,0.09810000000015862
nantes,3,10000,2275.6746,2275.8887,0.21410000000014406
nancy,3,10000,2107.7244,2107.8154,0.0909999999998945
nancy,3,10000,2111.8171,2111.8914,0.07429999999976644
nancy,3,10000,2115.7622,2115.8623,0.10009999999965657
nancy,3,10000,2119.7002,2119.7988,0.09859999999980573
nancy,3,10000,2123.7163,2123.8103,0.09400000000005093
nancy,3,10000,2127.517,2127.5906,0.07360000000016953
lyon,3,10000,1556.4095,1556.8202,0.4107000000001335
lyon,3,10000,1567.5612,1567.9281,0.3668999999999869
lyon,3,10000,1581.088,1581.2358,0.14779999999996107
lyon,3,10000,1589.8955,1590.3185,0.4230000000000018
nantes,3,10000,2282.1523,2282.3042,0.15189999999984138
lyon,3,10000,1601.7888,1601.9205,0.13169999999990978
lyon,3,10000,1612.7147,1613.1932,0.47849999999994
lyon,3,10000,1624.6821,1625.1174,0.4353000000000975
lyon,3,10000,1635.6227,1636.0721,0.4494000000001961
lyon,3,10000,1646.9618,1647.3899,0.4280999999998585
lyon,3,10000,1658.4017,1658.8505,0.4488000000001193
lyon,3,10000,1669.0002,1669.4132,0.4130000000000109
lyon,3,10000,1680.6431,1681.0773,0.4341999999999189
lyon,3,10000,1691.4572,1691.854,0.3967999999999847
lyon,3,10000,1703.4977,1703.9442,0.44650000000001455
nancy,3,10000,2361.6355,2361.8413,0.20580000000018117
nantes,3,10000,2287.8423,2288.0618,0.2195000000001528
lyon,3,10000,1714.1766,1714.6223,0.445699999999988
lyon,3,10000,2207.6833,2207.8174,0.13409999999976208
lyon,3,10000,2215.0366,2215.149,0.11239999999997963
lyon,3,10000,2220.7432,2220.8862,0.1430000000000291
lyon,3,10000,2226.3591,2226.4758,0.11670000000003711
lyon,3,10000,2231.6292,2231.7852,0.15599999999994907
lyon,3,10000,2238.1658,2238.2927,0.12689999999975043
lyon,3,10000,2243.345,2243.4766,0.13160000000016225
lyon,3,10000,2250.007,2250.18,0.17299999999977445
lyon,3,10000,2255.1025,2255.3108,0.20830000000023574
nancy,3,10000,2365.8193,2366.0806,0.2612999999996646
lyon,3,10000,2261.5227,2261.7314,0.20870000000013533
lyon,3,10000,2267.0662,2267.2698,0.20359999999982392
lyon,3,10000,2273.658,2273.7886,0.13059999999995853
lyon,3,10000,2279.4683,2279.5544,0.08609999999998763
lyon,3,10000,2285.924,2286.061,0.13700000000017099
lyon,3,10000,2291.1633,2291.367,0.2037000000000262
nantes,3,10000,2169.042,2169.266,0.22400000000016007
nantes,3,10000,2175.2656,2175.3677,0.10209999999960928
nantes,3,10000,2180.6501,2180.7664,0.11630000000013752
nantes,3,10000,2186.7292,2186.8347,0.1054999999996653
nancy,3,10000,2369.9404,2370.1501,0.2096999999998843
nantes,3,10000,2191.6973,2191.902,0.20470000000022992
nantes,3,10000,2198.321,2198.5146,0.1936000000000604
nantes,3,10000,2203.8796,2204.0925,0.21289999999999054
nantes,3,10000,2210.0986,2210.3174,0.21880000000010114
nantes,3,10000,2215.7427,2215.9739,0.2312000000001717
nantes,3,10000,2222.4163,2222.6533,0.23700000000008004
nantes,3,10000,2227.9507,2228.2227,0.2719999999999345
nantes,3,10000,2234.5996,2234.8423,0.2426999999997861
nantes,3,10000,2239.97,2240.265,0.29500000000007276
nantes,3,10000,2246.6787,2246.8794,0.20069999999986976
nancy,3,10000,2374.085,2374.3489,0.2638999999999214
nantes,3,10000,2252.3618,2252.6292,0.26739999999972497
nantes,3,10000,2164.23,2164.3545,0.12449999999989814
nantes,3,10000,2169.8137,2169.971,0.15729999999985012
nantes,3,10000,2175.168,2175.399,0.23099999999976717
nantes,3,10000,2181.4106,2181.559,0.14840000000003783
nantes,3,10000,2186.6873,2186.804,0.11670000000003711
nantes,3,10000,2193.4004,2193.6338,0.23340000000007421
nantes,3,10000,2198.4404,2198.5864,0.14600000000018554
nantes,3,10000,2205.1633,2205.3274,0.16409999999996217
nantes,3,10000,2210.8115,2210.9602,0.1487000000001899
nancy,3,10000,2378.1797,2378.33,0.15029999999978827
nantes,3,10000,2217.4204,2217.589,0.16859999999996944
nantes,3,10000,2222.798,2222.9448,0.14680000000043947
nantes,3,10000,2229.002,2229.235,0.23300000000017462
nantes,3,10000,2234.5852,2234.7644,0.1792000000000371
nantes,3,10000,2241.3193,2241.559,0.2397000000000844
nantes,3,10000,2246.9783,2247.073,0.09469999999964784
rennes,3,10000,2201.6892,2201.7925,0.10330000000021755
rennes,3,10000,2206.468,2206.5574,0.08940000000029613
rennes,3,10000,2211.4277,2211.5012,0.07349999999996726
rennes,3,10000,2216.5366,2216.735,0.19840000000021973
nancy,3,10000,2382.209,2382.3633,0.15430000000014843
rennes,3,10000,2221.251,2221.482,0.23099999999976717
rennes,3,10000,2226.074,2226.279,0.20499999999992724
rennes,3,10000,2231.2334,2231.478,0.24459999999999127
rennes,3,10000,2235.8547,2236.028,0.1732999999999265
rennes,3,10000,2241.4368,2241.517,0.08019999999987704
rennes,3,10000,2246.2388,2246.3545,0.11569999999983338
rennes,3,10000,2250.9236,2251.0999,0.17630000000008295
rennes,3,10000,2255.842,2255.9846,0.14259999999967476
rennes,3,10000,2262.1855,2262.2966,0.11110000000007858
rennes,3,10000,2266.3218,2266.8923,0.5704999999998108
nancy,3,10000,2386.3853,2386.648,0.26270000000022264
rennes,3,10000,2271.0417,2271.2446,0.20289999999977226
nantes,3,10000,2154.1423,2154.2317,0.08939999999984138
nantes,3,10000,2158.92,2159.2603,0.34029999999984284
nantes,3,10000,2165.329,2165.655,0.32600000000002183
nantes,3,10000,2170.5112,2170.855,0.34380000000010114
nantes,3,10000,2176.8613,2177.139,0.2777000000000953
nantes,3,10000,2182.4717,2182.7405,0.2687999999998283
nantes,3,10000,2188.3267,2188.4143,0.08759999999983847
nantes,3,10000,2194.3604,2194.6555,0.2950999999998203
nantes,3,10000,2199.7573,2200.1038,0.34649999999965075
nancy,4,10000,2306.2893,2306.5725,0.2832000000003063
nancy,4,10000,2342.6047,2342.939,0.3342999999999847
nantes,4,10000,2147.2322,2147.614,0.38180000000011205
nantes,4,10000,2153.193,2153.281,0.08799999999973807
nantes,4,10000,2159.1873,2159.5815,0.3941999999997279
nantes,4,10000,2164.684,2165.0579,0.373899999999594
nantes,4,10000,2171.0728,2171.4053,0.3324999999999818
nantes,4,10000,2176.569,2176.966,0.3969999999999345
rennes,4,10000,2120.0134,2120.102,0.0886000000000422
rennes,4,10000,2124.1604,2124.4915,0.3310999999998785
rennes,4,10000,2129.045,2129.3152,0.2701999999999316
rennes,4,10000,2133.8572,2134.119,0.2618000000002212
nancy,4,10000,2346.4746,2346.7373,0.2626999999997679
rennes,4,10000,2138.876,2139.1077,0.23169999999981883
rennes,4,10000,2143.99,2144.248,0.2580000000002656
rennes,4,10000,2148.9338,2149.1655,0.23170000000027358
rennes,4,10000,2153.4954,2153.8208,0.32540000000017244
rennes,4,10000,2158.9192,2159.1711,0.2519000000002052
rennes,4,10000,2163.347,2163.6733,0.32629999999971915
rennes,4,10000,2168.4058,2168.6885,0.28270000000020445
rennes,4,10000,2173.075,2173.3381,0.26310000000012224
rennes,4,10000,2178.2996,2178.3887,0.08910000000014406
rennes,4,10000,2183.0945,2183.3533,0.25880000000006476
nancy,4,10000,2350.429,2350.7676,0.3386000000000422
rennes,4,10000,2188.1636,2188.239,0.07540000000017244
lyon,4,10000,1645.798,1645.9973,0.19929999999999382
lyon,4,10000,1656.7786,1656.9755,0.19689999999991414
lyon,4,10000,1667.8722,1668.114,0.241800000000012
lyon,4,10000,1678.1641,1678.5151,0.3510000000001128
lyon,4,10000,1689.0671,1689.2867,0.2196000000001277
lyon,4,10000,1700.6774,1700.9008,0.22339999999985594
lyon,4,10000,1711.8505,1712.0654,0.21489999999994325
lyon,4,10000,1723.5183,1723.6863,0.16800000000012005
lyon,4,10000,1734.1996,1734.4683,0.26870000000008076
nancy,4,10000,2354.46,2354.731,0.27100000000018554
lyon,4,10000,1744.8861,1745.1954,0.30930000000012114
lyon,4,10000,1755.9674,1756.1917,0.22430000000008476
lyon,4,10000,1767.2026,1767.443,0.2403999999999087
lyon,4,10000,1778.3878,1778.637,0.24919999999997344
lyon,4,10000,1789.5333,1789.7511,0.2177999999998974
lyon,4,10000,1800.6296,1800.8568,0.22720000000003893
lyon,4,10000,2057.4226,2057.7068,0.2842000000000553
lyon,4,10000,2063.84,2063.935,0.09499999999979991
lyon,4,10000,2068.8738,2069.1416,0.2678000000000793
lyon,4,10000,2075.286,2075.5916,0.3056000000001404
nancy,4,10000,2358.5847,2358.92,0.33530000000018845
lyon,4,10000,2081.377,2081.4565,0.07949999999982538
lyon,4,10000,2087.0305,2087.2888,0.2582999999999629
lyon,4,10000,2092.9006,2093.184,0.2834000000002561
lyon,4,10000,2099.1963,2099.4595,0.26319999999986976
lyon,4,10000,2104.3408,2104.675,0.3342000000002372
lyon,4,10000,2110.8699,2111.155,0.28510000000005675
lyon,4,10000,2116.7117,2116.791,0.07930000000033033
lyon,4,10000,2122.8406,2123.1465,0.30589999999983775
lyon,4,10000,2127.7156,2128.0247,0.309099999999944
lyon,4,10000,2135.0605,2135.1538,0.09329999999999927
nancy,4,10000,2362.6885,2362.96,0.27149999999983265
lyon,4,10000,2139.946,2140.226,0.2800000000002001
rennes,4,10000,2082.174,2082.2598,0.08579999999983556
rennes,4,10000,2086.4375,2086.7427,0.3051999999997861
rennes,4,10000,2092.306,2092.3997,0.09369999999989886
rennes,4,10000,2097.0,2097.0715,0.07150000000001455
rennes,4,10000,2102.1355,2102.2314,0.09590000000025611
rennes,4,10000,2106.6033,2106.9595,0.35619999999971697
rennes,4,10000,2111.3154,2111.5967,0.28130000000010114
rennes,4,10000,2116.4685,2116.5432,0.07470000000012078
rennes,4,10000,2120.8892,2121.1572,0.2680000000000291
nantes,4,10000,2156.9395,2157.0793,0.13979999999992287
rennes,4,10000,2125.8816,2126.2217,0.34009999999989304
rennes,4,10000,2130.8284,2131.1787,0.3503000000000611
rennes,4,10000,2135.5562,2135.8838,0.32760000000007494
rennes,4,10000,2139.9736,2140.2947,0.32110000000011496
rennes,4,10000,2145.339,2145.6328,0.29379999999991924
rennes,4,10000,2150.2273,2150.518,0.2907000000000153
nancy,4,10000,2133.9365,2134.2185,0.2820000000001528
nancy,4,10000,2137.5923,2137.9253,0.3330000000000837
nancy,4,10000,2141.722,2141.978,0.2559999999998581
nancy,4,10000,2145.6345,2145.9458,0.3112999999998465
nantes,4,10000,2162.8887,2163.008,0.1192999999998392
nancy,4,10000,2149.6729,2149.9844,0.3114999999997963
nancy,4,10000,2153.6685,2153.9524,0.28389999999990323
nancy,4,10000,2157.3442,2157.6685,0.3243000000002212
nancy,4,10000,2161.5745,2161.929,0.3544999999999163
nancy,4,10000,2165.854,2166.1663,0.3123000000000502
nancy,4,10000,2169.7507,2170.0872,0.3364999999998872
nancy,4,10000,2173.7075,2174.026,0.3184999999998581
nancy,4,10000,2177.666,2177.9797,0.3136999999996988
nancy,4,10000,2181.4082,2181.7185,0.3103000000000975
nancy,4,10000,2185.2446,2185.5576,0.31300000000010186
nantes,4,10000,2168.4265,2168.671,0.244499999999789
nancy,4,10000,2189.0515,2189.4175,0.36599999999998545
nancy,4,10000,2107.206,2107.3252,0.11920000000009168
nancy,4,10000,2110.8918,2111.011,0.11920000000009168
nancy,4,10000,2114.8354,2114.996,0.16060000000015862
nancy,4,10000,2118.7036,2118.8074,0.10380000000031941
nancy,4,10000,2122.9907,2123.0842,0.09349999999994907
nancy,4,10000,2126.9717,2127.1543,0.18260000000009313
nancy,4,10000,2130.8894,2131.0925,0.2031000000001768
nancy,4,10000,2134.8647,2134.992,0.12730000000010477
nancy,4,10000,2138.7292,2138.8838,0.15459999999984575
nantes,4,10000,2175.0737,2175.335,0.2613000000001193
nancy,4,10000,2142.627,2142.754,0.1269999999999527
nancy,4,10000,2146.6467,2146.8052,0.15850000000000364
nancy,4,10000,2150.665,2150.7896,0.12460000000010041
nancy,4,10000,2154.4116,2154.569,0.1574000000000524
nancy,4,10000,2158.336,2158.4924,0.1564000000003034
nancy,4,10000,2162.048,2162.1726,0.12460000000010041
nancy,4,10000,2124.3186,2124.6365,0.31790000000000873
nancy,4,10000,2128.0796,2128.4326,0.3530000000000655
nancy,4,10000,2132.1785,2132.4998,0.32130000000006476
nancy,4,10000,2136.1836,2136.5085,0.3249000000000706
nancy,4,10000,2310.016,2310.3677,0.3516999999997097
nantes,4,10000,2180.8027,2180.989,0.18629999999984648
nancy,4,10000,2140.171,2140.4932,0.3222000000000662
nancy,4,10000,2144.4365,2144.5715,0.13500000000021828
nancy,4,10000,2148.4475,2148.7664,0.3188999999997577
nancy,4,10000,2152.4558,2152.8079,0.3520999999996093
nancy,4,10000,2156.4497,2156.7698,0.32009999999991123
nancy,4,10000,2160.275,2160.5952,0.3202000000001135
nancy,4,10000,2164.196,2164.547,0.3510000000001128
nancy,4,10000,2168.0583,2168.381,0.3226999999997133
nancy,4,10000,2171.8655,2172.1873,0.3218000000001666
nancy,4,10000,2175.5225,2175.8464,0.32389999999986685
nantes,4,10000,2187.1643,2187.4954,0.3310999999998785
nancy,4,10000,2179.7292,2180.0815,0.3522999999995591
nantes,4,10000,1977.8462,1977.952,0.10580000000004475
nantes,4,10000,1982.9102,1983.1307,0.22049999999990177
nantes,4,10000,1989.7981,1989.8993,0.10120000000006257
nantes,4,10000,1994.9819,1995.1952,0.2133000000001175
nantes,4,10000,2001.3885,2001.5531,0.16460000000006403
nantes,4,10000,2006.9425,2007.1599,0.21739999999999782
nantes,4,10000,2013.3064,2013.5167,0.21029999999996107
nantes,4,10000,2019.3124,2019.4857,0.1732999999999265
nantes,4,10000,2024.9834,2025.2626,0.27919999999994616
nantes,4,10000,2192.6467,2192.8223,0.1756000000000313
nantes,4,10000,2031.4446,2031.6539,0.20929999999998472
nantes,4,10000,2037.019,2037.229,0.21000000000003638
nantes,4,10000,2043.8175,2044.0721,0.2545999999999822
nantes,4,10000,2048.8542,2049.1035,0.24929999999994834
nantes,4,10000,2055.527,2055.7795,0.25250000000005457
nantes,4,10000,2061.5813,2061.799,0.21770000000014988
rennes,4,10000,2020.0775,2020.4268,0.3492999999998574
rennes,4,10000,2024.5902,2024.9243,0.33409999999980755
rennes,4,10000,2029.4323,2029.7869,0.3546000000001186
rennes,4,10000,2034.3232,2034.6697,0.3464999999998781
nantes,4,10000,2199.6316,2199.7454,0.1137999999996282
rennes,4,10000,2039.0045,2039.3226,0.3180999999999585
rennes,4,10000,2044.254,2044.4078,0.15380000000004657
rennes,4,10000,2048.534,2048.8977,0.3636999999998807
rennes,4,10000,2053.7297,2053.8318,0.10210000000006403
rennes,4,10000,2058.1934,2058.5195,0.32609999999976935
rennes,4,10000,2063.1108,2063.4214,0.31060000000024957
rennes,4,10000,2068.362,2068.4788,0.11679999999978463
rennes,4,10000,2072.7808,2073.0955,0.3146999999999025
rennes,4,10000,2078.0798,2078.1992,0.11940000000004147
rennes,4,10000,2082.365,2082.724,0.35900000000037835
nantes,4,10000,2205.1282,2205.268,0.13979999999992287
rennes,4,10000,2087.3145,2087.6858,0.37130000000024665
lyon,4,10000,1965.5337,1965.8136,0.2798999999999978
lyon,4,10000,1970.568,1970.9409,0.3729000000000724
lyon,4,10000,1976.3208,1976.6356,0.3148000000001048
lyon,4,10000,1982.3223,1982.6117,0.28939999999988686
lyon,4,10000,1987.8191,1988.158,0.3388999999999669
lyon,4,10000,1993.6909,1993.9856,0.2946999999999207
lyon,4,10000,1999.148,1999.4617,0.3137000000001535
lyon,4,10000,2005.2435,2005.3999,0.15639999999984866
lyon,4,10000,2010.1833,2010.4751,0.2918000000001939
nantes,4,10000,2211.766,2212.0308,0.2647999999999229
lyon,4,10000,2016.6831,2017.0107,0.32760000000007494
lyon,4,10000,2022.1438,2022.3713,0.22749999999996362
lyon,4,10000,2028.337,2028.4962,0.1592000000000553
lyon,4,10000,2034.2169,2034.5385,0.3216000000002168
lyon,4,10000,2040.5929,2040.8511,0.258199999999988
lyon,4,10000,2046.7184,2047.0226,0.3042000000000371
rennes,4,10000,1978.3315,1978.4629,0.13139999999998508
rennes,4,10000,1983.0073,1983.1323,0.125
rennes,4,10000,1987.8242,1987.9784,0.15419999999994616
rennes,4,10000,1992.679,1992.8184,0.13940000000002328
nantes,4,10000,2217.54,2217.7905,0.25050000000010186
rennes,4,10000,1997.5461,1997.6865,0.14039999999999964
rennes,4,10000,2002.3231,2002.4597,0.13660000000004402
rennes,4,10000,2007.6401,2007.817,0.17689999999993233
rennes,4,10000,2012.4797,2012.6273,0.14760000000001128
rennes,4,10000,2017.6764,2017.8206,0.14419999999995525
rennes,4,10000,2022.7854,2022.8751,0.08969999999999345
rennes,4,10000,2027.216,2027.3555,0.13949999999999818
rennes,4,10000,2032.2966,2032.4797,0.183100000000195
rennes,4,10000,2036.829,2037.0166,0.1875999999999749
rennes,4,10000,2041.8837,2042.023,0.139299999999821
nantes,4,10000,2224.0813,2224.2522,0.17090000000007421
rennes,4,10000,2046.7812,2046.9332,0.15200000000004366
nancy,4,10000,2065.4219,2065.7454,0.32349999999996726
nancy,4,10000,2069.1729,2069.4966,0.32369999999991705
nancy,4,10000,2073.1729,2073.4978,0.3249000000000706
nancy,4,10000,2076.971,2077.3257,0.3546999999998661
nancy,4,10000,2081.1948,2081.5205,0.32569999999986976
nancy,4,10000,2085.2517,2085.57,0.31830000000036307
nancy,4,10000,2089.1804,2089.4968,0.31639999999970314
nancy,4,10000,2093.277,2093.5945,0.31750000000010914
nancy,4,10000,2097.3208,2097.6382,0.31739999999990687
nantes,4,10000,2229.4177,2229.5967,0.1790000000000873
nancy,4,10000,2101.3147,2101.6865,0.37179999999989377
nancy,4,10000,2105.42,2105.6833,0.26330000000007203
nancy,4,10000,2109.2776,2109.6382,0.3605999999999767
nancy,4,10000,2113.377,2113.797,0.42000000000007276
nancy,4,10000,2117.5938,2117.9138,0.31999999999970896
nancy,4,10000,2121.6704,2121.9827,0.3123000000000502
lyon,4,10000,1493.9835,1494.3258,0.3423000000000229
lyon,4,10000,1504.7914,1505.2146,0.4231999999999516
lyon,4,10000,1516.8369,1517.2601,0.4231999999999516
lyon,4,10000,1528.1019,1528.5251,0.423200000000179
nantes,4,10000,2236.3716,2236.4714,0.09979999999995925
lyon,4,10000,1539.8269,1540.071,0.2440999999998894
lyon,4,10000,1550.3605,1550.6982,0.33770000000004075
lyon,4,10000,1561.3278,1561.7661,0.43830000000002656
lyon,4,10000,1572.754,1573.1854,0.431400000000167
lyon,4,10000,1584.0747,1584.4229,0.3482000000001335
lyon,4,10000,1595.5568,1596.0043,0.4474999999999909
lyon,4,10000,1606.9712,1607.3984,0.4272000000000844
lyon,4,10000,1617.8232,1618.1713,0.34809999999993124
lyon,4,10000,1629.5197,1629.9506,0.43089999999983775
lyon,4,10000,1640.4469,1640.8987,0.4518000000000484
nancy,4,10000,2314.0012,2314.3337,0.3324999999999818
nantes,4,10000,2242.0757,2242.275,0.1993000000002212
lyon,4,10000,1651.5258,1651.9491,0.4233000000001539
lyon,4,10000,2163.1875,2163.2798,0.09229999999979555
lyon,4,10000,2168.0942,2168.514,0.41980000000012296
lyon,4,10000,2175.173,2175.5288,0.3558000000002721
lyon,4,10000,2180.2742,2180.5913,0.31710000000020955
lyon,4,10000,2187.2913,2187.3877,0.09640000000035798
lyon,4,10000,2191.4666,2191.8616,0.3949999999999818
lyon,4,10000,2197.656,2198.0703,0.41429999999991196
lyon,4,10000,2204.4832,2204.795,0.31179999999994834
lyon,4,10000,2209.5771,2209.8984,0.32130000000006476
nancy,4,10000,2318.2065,2318.5337,0.32720000000017535
lyon,4,10000,2215.8757,2216.1897,0.31399999999985084
lyon,4,10000,2221.37,2221.7803,0.41030000000000655
lyon,4,10000,2227.8677,2228.2043,0.3366000000000895
lyon,4,10000,2232.7632,2233.1677,0.4045000000000982
lyon,4,10000,2239.4612,2239.8596,0.3983999999995831
lyon,4,10000,2245.8074,2246.185,0.3775999999998021
nantes,4,10000,2148.5535,2148.831,0.2775000000001455
nantes,4,10000,2154.5706,2154.7727,0.20209999999997308
nantes,4,10000,2159.8938,2160.107,0.2132000000001426
nantes,4,10000,2167.063,2167.1926,0.1295999999997548
nancy,4,10000,2322.2515,2322.5217,0.2701999999999316
nantes,4,10000,2172.379,2172.5923,0.21329999999989013
nantes,4,10000,2179.2417,2179.344,0.10230000000001382
nantes,4,10000,2184.4036,2184.6143,0.21070000000008804
nantes,4,10000,2190.9255,2191.1287,0.20320000000037908
nantes,4,10000,2196.449,2196.6792,0.23019999999996799
nantes,4,10000,2202.978,2203.1672,0.18919999999980064
nantes,4,10000,2208.8062,2208.898,0.09180000000014843
nantes,4,10000,2214.9702,2215.164,0.1938000000000102
nantes,4,10000,2220.4495,2220.657,0.2074999999999818
nantes,4,10000,2227.2505,2227.4517,0.20119999999997162
nancy,4,10000,2326.3672,2326.6997,0.3324999999999818
nantes,4,10000,2232.9065,2233.1824,0.2759000000000924
nantes,4,10000,2119.8765,2120.254,0.37750000000005457
nantes,4,10000,2125.1006,2125.5454,0.44479999999975917
nantes,4,10000,2131.8247,2131.9631,0.13839999999981956
nantes,4,10000,2136.9062,2137.4053,0.49909999999999854
nantes,4,10000,2143.727,2143.8699,0.14290000000028158
nantes,4,10000,2149.5356,2149.8975,0.36189999999987776
nantes,4,10000,2154.8784,2155.3765,0.4980999999997948
nantes,4,10000,2161.5388,2161.6868,0.14800000000013824
nantes,4,10000,2166.702,2167.1658,0.463799999999992
nancy,4,10000,2330.4417,2330.776,0.3342999999999847
nantes,4,10000,2173.598,2173.9412,0.34320000000025175
nantes,4,10000,2179.2505,2179.6218,0.3712999999997919
nantes,4,10000,2186.481,2186.638,0.15699999999969805
nantes,4,10000,2192.3706,2192.4785,0.10789999999997235
nantes,4,10000,2198.5977,2198.9922,0.3945000000003347
nantes,4,10000,2204.574,2204.9792,0.4052000000001499
rennes,4,10000,2137.3438,2137.4675,0.12370000000009895
rennes,4,10000,2142.2764,2142.4048,0.12839999999960128
rennes,4,10000,2146.9546,2147.0889,0.13430000000016662
rennes,4,10000,2152.1145,2152.2043,0.08979999999974098
nancy,4,10000,2334.6123,2334.872,0.2597000000000662
rennes,4,10000,2156.9243,2157.0483,0.12399999999979627
rennes,4,10000,2161.8115,2161.9443,0.13280000000031578
rennes,4,10000,2166.3723,2166.4912,0.11889999999993961
rennes,4,10000,2171.5603,2171.6992,0.13889999999992142
rennes,4,10000,2176.4873,2176.6157,0.12840000000005602
rennes,4,10000,2181.167,2181.3254,0.1584000000002561
rennes,4,10000,2186.1763,2186.3044,0.12809999999990396
rennes,4,10000,2191.2607,2191.404,0.14330000000018117
rennes,4,10000,2195.9714,2196.1096,0.13819999999986976
rennes,4,10000,2201.0974,2201.2397,0.14229999999997744
nancy,4,10000,2338.5334,2338.8987,0.36530000000038854
rennes,4,10000,2205.7114,2205.836,0.12459999999964566
nantes,4,10000,2093.7563,2094.1465,0.39019999999982247
nantes,4,10000,2099.2673,2099.5996,0.332300000000032
nantes,4,10000,2105.6846,2105.9895,0.30490000000008877
nantes,4,10000,2110.6895,2111.0044,0.3148999999998523
nantes,4,10000,2117.6748,2117.975,0.3002000000001317
nantes,4,10000,2123.7937,2123.8992,0.1054999999996653
nantes,4,10000,2128.359,2128.7568,0.39780000000018845
nantes,4,10000,2135.191,2135.513,0.3220000000001164
nantes,4,10000,2140.3835,2140.7473,0.36380000000008295
nancy,5,10000,2309.718,2309.8728,0.1548000000002503
nancy,5,10000,2346.1033,2346.3777,0.2743999999997868
nantes,5,10000,2128.9614,2129.1694,0.20800000000008367
nantes,5,10000,2134.013,2134.231,0.21800000000030195
nantes,5,10000,2140.1687,2140.463,0.2943000000000211
nantes,5,10000,2146.1016,2146.3186,0.21700000000009823
nantes,5,10000,2152.9956,2153.2373,0.24169999999958236
nantes,5,10000,2158.738,2158.9998,0.2618000000002212
rennes,5,10000,2091.0913,2091.331,0.2397000000000844
rennes,5,10000,2096.1365,2096.2217,0.08519999999998618
rennes,5,10000,2101.0586,2101.197,0.1384000000002743
rennes,5,10000,2105.495,2105.728,0.23300000000017462
nancy,5,10000,2350.3772,2350.601,0.22380000000021028
rennes,5,10000,2110.719,2110.8494,0.13040000000000873
rennes,5,10000,2115.459,2115.6724,0.2134000000000924
rennes,5,10000,2120.5027,2120.7134,0.21070000000008804
rennes,5,10000,2125.367,2125.5686,0.20159999999987122
rennes,5,10000,2130.4834,2130.6921,0.20870000000013533
rennes,5,10000,2135.1477,2135.3523,0.20460000000002765
rennes,5,10000,2140.104,2140.3125,0.20850000000018554
rennes,5,10000,2144.8604,2145.0737,0.21329999999989013
rennes,5,10000,2150.032,2150.2766,0.24459999999999127
rennes,5,10000,2154.4346,2154.6255,0.19090000000005602
nancy,5,10000,2354.1672,2354.441,0.2737999999999374
rennes,5,10000,2159.8562,2160.0664,0.21019999999998618
lyon,5,10000,1631.2592,1631.7227,0.4635000000000673
lyon,5,10000,1642.8456,1642.9905,0.1449000000000069
lyon,5,10000,1652.8976,1653.3231,0.4255000000000564
lyon,5,10000,1664.3297,1664.7117,0.38200000000006185
lyon,5,10000,1675.9636,1676.121,0.1574000000000524
lyon,5,10000,1687.4752,1687.9049,0.4296999999999116
lyon,5,10000,1698.6251,1699.0592,0.434099999999944
lyon,5,10000,1709.598,1710.0272,0.4292000000000371
lyon,5,10000,1721.853,1722.0392,0.18619999999987158
nancy,5,10000,2358.142,2358.2983,0.15630000000010114
lyon,5,10000,1732.2908,1732.7325,0.4417000000000826
lyon,5,10000,1743.6885,1744.1271,0.43859999999995125
lyon,5,10000,1754.9338,1755.3568,0.4230000000000018
lyon,5,10000,1765.791,1766.2573,0.46630000000004657
lyon,5,10000,1777.8087,1778.2412,0.43249999999989086
lyon,5,10000,1788.7441,1789.1576,0.4135000000001128
lyon,5,10000,2049.7786,2049.9202,0.14159999999992579
lyon,5,10000,2054.9358,2055.309,0.3731999999999971
lyon,5,10000,2060.6826,2060.859,0.17639999999983047
lyon,5,10000,2066.4792,2066.5684,0.08919999999989159
nancy,5,10000,2362.0605,2362.3313,0.270799999999781
lyon,5,10000,2072.0063,2072.355,0.348700000000008
lyon,5,10000,2078.3682,2078.7234,0.355199999999968
lyon,5,10000,2083.6453,2083.9668,0.32150000000001455
lyon,5,10000,2089.747,2090.0896,0.3425999999999476
lyon,5,10000,2094.9944,2095.277,0.2826000000000022
lyon,5,10000,2101.5347,2101.8955,0.3607999999999265
lyon,5,10000,2106.605,2106.9622,0.3571999999999207
lyon,5,10000,2113.098,2113.4739,0.37590000000000146
lyon,5,10000,2118.5266,2118.887,0.3604000000000269
lyon,5,10000,2125.2422,2125.5322,0.2899999999999636
nancy,5,10000,2366.0837,2366.242,0.15830000000005384
lyon,5,10000,2130.5222,2130.8308,0.30860000000029686
rennes,5,10000,2080.1956,2080.2798,0.08419999999978245
rennes,5,10000,2085.0117,2085.1025,0.0907999999999447
rennes,5,10000,2089.8167,2090.0586,0.2418999999999869
rennes,5,10000,2094.789,2095.0854,0.29639999999972133
rennes,5,10000,2099.6838,2099.9639,0.28010000000040236
rennes,5,10000,2104.3184,2104.5945,0.2761000000000422
rennes,5,10000,2109.5024,2109.7783,0.2759000000000924
rennes,5,10000,2114.4468,2114.709,0.26219999999966603
rennes,5,10000,2119.2383,2119.5,0.2617000000000189
nantes,5,10000,2165.1372,2165.3867,0.24949999999989814
rennes,5,10000,2124.2468,2124.5176,0.27080000000023574
rennes,5,10000,2129.1638,2129.4602,0.2964000000001761
rennes,5,10000,2134.3296,2134.5708,0.24119999999993524
rennes,5,10000,2138.9307,2139.199,0.26830000000018117
rennes,5,10000,2143.7349,2144.0083,0.27340000000003783
rennes,5,10000,2148.8506,2148.9788,0.12819999999965148
nancy,5,10000,2141.2927,2141.426,0.1332999999999629
nancy,5,10000,2144.8647,2144.9966,0.13189999999985957
nancy,5,10000,2148.9426,2149.089,0.14640000000008513
nancy,5,10000,2153.0146,2153.1538,0.1392000000000735
nantes,5,10000,2170.742,2171.025,0.2829999999999018
nancy,5,10000,2157.1,2157.2795,0.17950000000018917
nancy,5,10000,2160.8992,2161.064,0.16480000000001382
nancy,5,10000,2164.9658,2165.104,0.13819999999986976
nancy,5,10000,2169.0444,2169.18,0.13559999999961292
nancy,5,10000,2173.0237,2173.1719,0.1481999999996333
nancy,5,10000,2176.8953,2177.103,0.2076999999999316
nancy,5,10000,2180.7412,2180.89,0.14879999999993743
nancy,5,10000,2184.5588,2184.7104,0.15160000000014406
nancy,5,10000,2188.3977,2188.577,0.17930000000023938
nancy,5,10000,2192.2693,2192.4124,0.14310000000023138
nantes,5,10000,2176.8442,2177.0977,0.25349999999980355
nancy,5,10000,2196.0364,2196.1584,0.12199999999984357
nancy,5,10000,2134.2473,2134.406,0.15869999999995343
nancy,5,10000,2138.283,2138.4377,0.15470000000004802
nancy,5,10000,2142.18,2142.4028,0.22280000000000655
nancy,5,10000,2146.225,2146.4482,0.22319999999990614
nancy,5,10000,2150.2703,2150.4233,0.15299999999979264
nancy,5,10000,2154.1472,2154.4097,0.26250000000027285
nancy,5,10000,2158.12,2158.3914,0.27140000000008513
nancy,5,10000,2162.1228,2162.2808,0.15799999999990177
nancy,5,10000,2165.9207,2166.185,0.264299999999821
nantes,5,10000,2182.716,2182.9575,0.2415000000000873
nancy,5,10000,2169.7239,2169.9468,0.22290000000020882
nancy,5,10000,2173.6138,2173.7717,0.1578999999996995
nancy,5,10000,2177.9055,2178.0647,0.1592000000000553
nancy,5,10000,2181.8645,2182.0876,0.22309999999970387
nancy,5,10000,2185.5496,2185.8142,0.2645999999999731
nancy,5,10000,2189.518,2189.672,0.15399999999999636
nancy,5,10000,2119.9148,2120.2773,0.3625000000001819
nancy,5,10000,2123.73,2124.0986,0.36859999999978754
nancy,5,10000,2127.7866,2128.051,0.2644000000000233
nancy,5,10000,2131.978,2132.2578,0.27979999999979555
nancy,5,10000,2313.3254,2313.6245,0.2990999999997257
nantes,5,10000,2189.3904,2189.5195,0.12909999999965294
nancy,5,10000,2135.7305,2136.0525,0.32199999999966167
nancy,5,10000,2139.8145,2140.0833,0.2687999999998283
nancy,5,10000,2143.9985,2144.3674,0.3688999999999396
nancy,5,10000,2148.087,2148.3484,0.26139999999986685
nancy,5,10000,2152.1086,2152.43,0.3213999999998123
nancy,5,10000,2155.9758,2156.3162,0.3404000000000451
nancy,5,10000,2159.97,2160.3264,0.3564000000001215
nancy,5,10000,2163.863,2164.1885,0.3255000000003747
nancy,5,10000,2167.941,2168.2644,0.32340000000021973
nancy,5,10000,2171.939,2172.321,0.38200000000006185
nantes,5,10000,2195.0615,2195.3987,0.33720000000039363
nancy,5,10000,2175.8262,2176.1482,0.3220000000001164
nantes,5,10000,1963.0477,1963.2107,0.16300000000001091
nantes,5,10000,1968.3921,1968.5519,0.15979999999990468
nantes,5,10000,1974.7487,1974.9083,0.1595999999999549
nantes,5,10000,1981.0359,1981.1974,0.1614999999999327
nantes,5,10000,1986.393,1986.5408,0.14779999999996107
nantes,5,10000,1992.861,1993.0706,0.20959999999990941
nantes,5,10000,1998.461,1998.6194,0.15840000000002874
nantes,5,10000,2005.0829,2005.2528,0.1698999999998705
nantes,5,10000,2010.7305,2010.8304,0.09990000000016153
nantes,5,10000,2200.7993,2201.087,0.28769999999985885
nantes,5,10000,2017.0579,2017.2825,0.22460000000000946
nantes,5,10000,2022.7711,2022.9199,0.1488000000001648
nantes,5,10000,2029.2692,2029.4927,0.2235000000000582
nantes,5,10000,2034.6447,2034.7979,0.1531999999999698
nantes,5,10000,2041.2698,2041.4886,0.21879999999987376
nantes,5,10000,2047.0168,2047.1659,0.14909999999986212
rennes,5,10000,1979.9006,1980.1495,0.24890000000004875
rennes,5,10000,1984.8557,1985.1252,0.26949999999987995
rennes,5,10000,1990.3116,1990.395,0.08339999999998327
rennes,5,10000,1994.8094,1995.117,0.30759999999986576
nantes,5,10000,2207.2915,2207.5344,0.24290000000019063
rennes,5,10000,1999.6399,1999.8564,0.21649999999999636
rennes,5,10000,2004.7335,2004.9622,0.22869999999988977
rennes,5,10000,2009.7806,2009.976,0.1954000000000633
rennes,5,10000,2014.4536,2014.6854,0.2318000000000211
rennes,5,10000,2019.8359,2019.9773,0.141399999999976
rennes,5,10000,2024.1644,2024.4058,0.2414000000001124
rennes,5,10000,2029.2485,2029.5232,0.27470000000016626
rennes,5,10000,2034.0059,2034.3048,0.2988999999997759
rennes,5,10000,2039.0187,2039.2992,0.2804999999998472
rennes,5,10000,2043.6584,2043.9551,0.2966999999998734
nantes,5,10000,2213.141,2213.3933,0.2523000000001048
rennes,5,10000,2049.0017,2049.1296,0.1279000000004089
lyon,5,10000,1953.7241,1953.8962,0.17210000000000036
lyon,5,10000,1959.6152,1959.826,0.21080000000006294
lyon,5,10000,1964.9838,1965.0828,0.0989999999999327
lyon,5,10000,1970.7179,1970.919,0.20109999999999673
lyon,5,10000,1976.5729,1976.6737,0.10080000000016298
lyon,5,10000,1982.4224,1982.6232,0.20080000000007203
lyon,5,10000,1987.9781,1988.1472,0.1691000000000713
lyon,5,10000,1994.3485,1994.5543,0.2057999999999538
lyon,5,10000,1999.8552,2000.0072,0.15200000000004366
nantes,5,10000,2220.1392,2220.393,0.2537999999999556
lyon,5,10000,2005.9042,2006.053,0.1488000000001648
lyon,5,10000,2011.4465,2011.6635,0.21700000000009823
lyon,5,10000,2018.187,2018.269,0.08200000000010732
lyon,5,10000,2023.4182,2023.5157,0.09749999999985448
lyon,5,10000,2029.7363,2029.8615,0.1251999999999498
lyon,5,10000,2035.193,2035.4137,0.22070000000007894
rennes,5,10000,1934.9921,1935.205,0.21289999999999054
rennes,5,10000,1940.1681,1940.2366,0.06849999999985812
rennes,5,10000,1945.3167,1945.3978,0.08109999999987849
rennes,5,10000,1950.2742,1950.5021,0.2278999999998632
nantes,5,10000,2225.477,2225.726,0.24900000000025102
rennes,5,10000,1955.354,1955.5842,0.23019999999996799
rennes,5,10000,1959.8501,1960.0997,0.24959999999987303
rennes,5,10000,1964.6211,1964.881,0.259900000000016
rennes,5,10000,1970.1515,1970.2354,0.08390000000008513
rennes,5,10000,1974.5764,1974.8102,0.2337999999999738
rennes,5,10000,1979.9325,1980.1326,0.20010000000002037
rennes,5,10000,1984.6333,1984.873,0.2397000000000844
rennes,5,10000,1989.4486,1989.7213,0.2726999999999862
rennes,5,10000,1993.9656,1994.2042,0.23859999999990578
rennes,5,10000,1999.4237,1999.6737,0.25
nantes,5,10000,2231.96,2232.29,0.32999999999992724
rennes,5,10000,2003.8732,2004.1154,0.2421999999999116
nancy,5,10000,2028.1772,2028.537,0.35979999999995016
nancy,5,10000,2031.8083,2032.1335,0.32519999999999527
nancy,5,10000,2035.8312,2036.154,0.3227999999999156
nancy,5,10000,2039.7306,2040.0519,0.3212999999998374
nancy,5,10000,2043.515,2043.8357,0.320699999999988
nancy,5,10000,2047.7267,2048.0566,0.32989999999995234
nancy,5,10000,2051.6897,2052.0105,0.3207999999999629
nancy,5,10000,2055.4807,2055.848,0.3672999999998865
nancy,5,10000,2059.5635,2059.8262,0.2626999999997679
nantes,5,10000,2237.7114,2237.9546,0.24319999999988795
nancy,5,10000,2063.4983,2063.8252,0.3269000000000233
nancy,5,10000,2067.473,2067.7446,0.2716000000000349
nancy,5,10000,2071.3013,2071.647,0.34569999999985157
nancy,5,10000,2075.241,2075.5562,0.31520000000000437
nancy,5,10000,2079.2485,2079.6082,0.35969999999997526
nancy,5,10000,2083.3347,2083.6685,0.3338000000003376
lyon,5,10000,1453.0417,1453.4316,0.3898999999998978
lyon,5,10000,1463.948,1464.3771,0.42909999999983484
lyon,5,10000,1474.3223,1474.6732,0.3508999999999105
lyon,5,10000,1485.9181,1486.3389,0.42079999999987194
nantes,5,10000,2244.3923,2244.6377,0.2454000000002452
lyon,5,10000,1497.575,1497.9309,0.35590000000001965
lyon,5,10000,1508.9324,1509.3511,0.4187000000001717
lyon,5,10000,1519.8368,1520.8234,0.9865999999999531
lyon,5,10000,1531.1992,1531.6362,0.43699999999989814
lyon,5,10000,1542.5034,1542.938,0.43460000000004584
lyon,5,10000,1553.1771,1553.6115,0.43439999999986867
lyon,5,10000,1564.9141,1565.0697,0.15560000000004948
lyon,5,10000,1575.5304,1575.9652,0.43479999999999563
lyon,5,10000,1586.5333,1586.9803,0.44699999999988904
lyon,5,10000,1597.661,1598.1028,0.4417999999998301
nancy,5,10000,2317.6523,2317.92,0.26769999999987704
nantes,5,10000,2250.4094,2250.6877,0.2782999999999447
lyon,5,10000,1609.1509,1609.6029,0.4519999999999982
lyon,5,10000,2174.1199,2174.4028,0.2828999999996995
lyon,5,10000,2179.5425,2179.8247,0.2822000000001026
lyon,5,10000,2185.671,2185.9507,0.279700000000048
lyon,5,10000,2191.008,2191.2603,0.2523000000001048
lyon,5,10000,2197.3096,2197.4011,0.09149999999999636
lyon,5,10000,2202.5718,2202.8804,0.3085999999998421
lyon,5,10000,2208.585,2208.9436,0.358600000000024
lyon,5,10000,2215.2654,2215.5095,0.2440999999998894
lyon,5,10000,2220.812,2221.071,0.25900000000001455
nancy,5,10000,2321.7778,2322.0398,0.262000000000171
lyon,5,10000,2227.3835,2227.4617,0.07819999999992433
lyon,5,10000,2232.444,2232.726,0.2820000000001528
lyon,5,10000,2239.3972,2239.662,0.2647999999999229
lyon,5,10000,2244.7761,2245.089,0.3128999999998996
lyon,5,10000,2251.337,2251.684,0.34700000000020736
lyon,5,10000,2256.7378,2257.0276,0.2898000000000138
nantes,5,10000,2138.0327,2138.346,0.3132999999997992
nantes,5,10000,2144.6538,2144.8308,0.1770000000001346
nantes,5,10000,2149.8923,2150.058,0.16570000000001528
nantes,5,10000,2155.48,2155.7686,0.2885999999998603
nancy,5,10000,2325.994,2326.147,0.15299999999979264
nantes,5,10000,2161.4172,2161.7256,0.30840000000034706
nantes,5,10000,2168.0232,2168.3357,0.3125
nantes,5,10000,2173.5076,2173.8032,0.29559999999992215
nantes,5,10000,2179.8245,2180.1743,0.34979999999995925
nantes,5,10000,2185.2173,2185.5823,0.36500000000023647
nantes,5,10000,2191.4976,2191.78,0.2824000000000524
nantes,5,10000,2197.235,2197.5386,0.303599999999733
nantes,5,10000,2204.2615,2204.5566,0.2950999999998203
nantes,5,10000,2209.8372,2209.936,0.09880000000021028
nantes,5,10000,2216.6536,2216.9739,0.32029999999986103
nancy,5,10000,2330.058,2330.3198,0.2618000000002212
nantes,5,10000,2222.3655,2222.6743,0.30880000000024665
nantes,5,10000,2126.847,2126.948,0.10099999999965803
nantes,5,10000,2131.9656,2132.2227,0.25709999999980937
nantes,5,10000,2138.0774,2138.2273,0.14989999999988868
nantes,5,10000,2143.619,2143.847,0.22800000000006548
nantes,5,10000,2150.029,2150.132,0.10300000000006548
nantes,5,10000,2155.5256,2155.6804,0.1548000000002503
nantes,5,10000,2162.1667,2162.4236,0.2568999999998596
nantes,5,10000,2169.2034,2169.429,0.22560000000021319
nantes,5,10000,2174.8945,2175.133,0.23849999999993088
nancy,5,10000,2334.1084,2334.263,0.15459999999984575
nantes,5,10000,2181.2346,2181.4175,0.1829000000002452
nantes,5,10000,2186.811,2187.0493,0.23829999999998108
nantes,5,10000,2193.6086,2193.8054,0.19680000000016662
nantes,5,10000,2199.309,2199.5352,0.22619999999960783
nantes,5,10000,2205.8167,2205.972,0.15530000000035216
nantes,5,10000,2211.7478,2211.9329,0.18509999999969295
rennes,5,10000,2135.5215,2135.7988,0.2773000000001957
rennes,5,10000,2140.8018,2140.891,0.08919999999989159
rennes,5,10000,2145.28,2145.543,0.26299999999991996
rennes,5,10000,2150.5327,2150.6477,0.11499999999978172
nancy,5,10000,2338.318,2338.475,0.15699999999969805
rennes,5,10000,2155.0579,2155.3484,0.2905000000000655
rennes,5,10000,2160.5732,2160.6646,0.09140000000024884
rennes,5,10000,2164.9539,2165.2322,0.2782999999999447
rennes,5,10000,2169.8271,2170.106,0.27890000000024884
rennes,5,10000,2174.6726,2174.8784,0.20580000000018117
rennes,5,10000,2179.6519,2179.8862,0.23430000000007567
rennes,5,10000,2184.4358,2184.7,0.26419999999961874
rennes,5,10000,2189.3848,2189.6208,0.23600000000033106
rennes,5,10000,2193.9392,2194.2021,0.26290000000017244
rennes,5,10000,2199.0088,2199.3005,0.29169999999976426
nancy,5,10000,2342.1685,2342.4329,0.26439999999956854
rennes,5,10000,2203.8013,2204.0261,0.22479999999995925
nantes,5,10000,2075.642,2075.7556,0.11360000000013315
nantes,5,10000,2081.1855,2081.4058,0.22029999999995198
nantes,5,10000,2086.582,2086.9211,0.33910000000014406
nantes,5,10000,2092.9414,2093.2014,0.25999999999976353
nantes,5,10000,2098.4514,2098.5957,0.14429999999993015
nantes,5,10000,2104.9294,2105.1497,0.22029999999995198
nantes,5,10000,2110.0842,2110.3567,0.2725000000000364
nantes,5,10000,2116.2136,2116.5576,0.34400000000005093
nantes,5,10000,2121.8616,2122.1106,0.24899999999979627
nancy,6,10000,2352.0083,2352.1616,0.1532999999999447
nancy,6,10000,2388.9136,2389.1765,0.26290000000017244
nantes,6,10000,2188.1296,2188.5034,0.3737999999998465
nantes,6,10000,2193.7043,2194.0671,0.36280000000033397
nantes,6,10000,2200.2104,2200.5874,0.3769999999999527
nantes,6,10000,2205.812,2206.1985,0.3865000000000691
nantes,6,10000,2212.6648,2212.819,0.15419999999994616
nantes,6,10000,2218.183,2218.6768,0.4938000000001921
rennes,6,10000,2165.9692,2166.1814,0.21219999999993888
rennes,6,10000,2170.7659,2170.89,0.12409999999999854
rennes,6,10000,2175.6843,2175.8572,0.17290000000002692
rennes,6,10000,2180.9114,2181.0015,0.09009999999989304
nancy,6,10000,2393.1306,2393.3982,0.2676000000001295
rennes,6,10000,2185.5168,2185.7344,0.2175999999999476
rennes,6,10000,2190.278,2190.4246,0.14660000000003492
rennes,6,10000,2195.181,2195.367,0.18600000000014916
rennes,6,10000,2200.0535,2200.368,0.3144999999999527
rennes,6,10000,2204.9263,2205.1138,0.1875
rennes,6,10000,2210.3782,2210.5771,0.19889999999986685
rennes,6,10000,2215.7073,2215.8018,0.0945000000001528
rennes,6,10000,2220.6711,2220.8853,0.2141999999998916
rennes,6,10000,2225.2388,2225.414,0.1752000000001317
rennes,6,10000,2230.6348,2230.809,0.17420000000038272
nancy,6,10000,2397.1865,2397.4495,0.2630000000003747
rennes,6,10000,2234.89,2235.0774,0.18740000000025248
lyon,6,10000,1679.8737,1680.082,0.20830000000000837
lyon,6,10000,1690.6316,1690.8934,0.2617999999999938
lyon,6,10000,1702.0206,1702.3455,0.3248999999998432
lyon,6,10000,1713.2544,1713.4672,0.21280000000001564
lyon,6,10000,1724.33,1724.6647,0.3347000000001117
lyon,6,10000,1735.9131,1736.0468,0.13370000000008986
lyon,6,10000,1747.0803,1747.2253,0.1449999999999818
lyon,6,10000,1758.2546,1758.4291,0.17450000000008004
lyon,6,10000,1769.2172,1769.5675,0.3503000000000611
nancy,6,10000,2401.5417,2401.6975,0.15579999999999927
lyon,6,10000,1780.2721,1780.4904,0.21829999999999927
lyon,6,10000,1791.6024,1791.9653,0.3629000000000815
lyon,6,10000,1804.4103,1804.6633,0.25299999999992906
lyon,6,10000,1814.2357,1814.4799,0.24420000000009168
lyon,6,10000,1825.4775,1825.7263,0.24880000000007385
lyon,6,10000,1836.8711,1837.0845,0.21339999999986503
lyon,6,10000,2091.5884,2091.782,0.1936000000000604
lyon,6,10000,2097.994,2098.0903,0.09629999999970096
lyon,6,10000,2102.5999,2102.8396,0.23969999999962965
lyon,6,10000,2108.6196,2108.7825,0.16289999999980864
nancy,6,10000,2405.6152,2405.8772,0.26199999999971624
lyon,6,10000,2114.157,2114.4277,0.27070000000003347
lyon,6,10000,2120.308,2120.4802,0.17219999999997526
lyon,6,10000,2125.6914,2125.8564,0.16499999999996362
lyon,6,10000,2132.3796,2132.4707,0.09109999999964202
lyon,6,10000,2137.5166,2137.6877,0.171100000000024
lyon,6,10000,2144.1663,2144.277,0.11070000000017899
lyon,6,10000,2149.4138,2149.5984,0.18460000000004584
lyon,6,10000,2155.8953,2156.103,0.2076999999999316
lyon,6,10000,2161.3945,2161.5654,0.17090000000007421
lyon,6,10000,2168.0603,2168.235,0.17470000000002983
nancy,6,10000,2409.7524,2409.915,0.16260000000011132
lyon,6,10000,2173.7854,2174.0342,0.24879999999984648
rennes,6,10000,2104.4856,2104.6208,0.13520000000016807
rennes,6,10000,2109.0989,2109.231,0.13210000000026412
rennes,6,10000,2114.26,2114.503,0.24299999999993815
rennes,6,10000,2118.8499,2119.0908,0.24089999999978318
rennes,6,10000,2124.0242,2124.324,0.2998000000002321
rennes,6,10000,2128.398,2128.6987,0.3006999999997788
rennes,6,10000,2133.8057,2134.02,0.21430000000009386
rennes,6,10000,2138.504,2138.7268,0.22280000000000655
rennes,6,10000,2143.2542,2143.5332,0.27899999999999636
nantes,6,10000,2195.767,2196.05,0.2830000000003565
rennes,6,10000,2148.6292,2148.7688,0.13959999999997308
rennes,6,10000,2153.142,2153.4785,0.33650000000034197
rennes,6,10000,2158.1228,2158.3638,0.24099999999998545
rennes,6,10000,2162.6926,2163.021,0.3284000000003289
rennes,6,10000,2167.81,2168.119,0.30900000000019645
rennes,6,10000,2172.385,2172.6746,0.2895999999996093
nancy,6,10000,2183.4363,2183.5867,0.15039999999999054
nancy,6,10000,2187.012,2187.165,0.15299999999979264
nancy,6,10000,2191.2063,2191.3582,0.15190000000029613
nancy,6,10000,2195.3687,2195.6309,0.2622000000001208
nantes,6,10000,2200.912,2201.2336,0.3216000000002168
nancy,6,10000,2199.3228,2199.5852,0.2624000000000706
nancy,6,10000,2203.461,2203.6135,0.15250000000014552
nancy,6,10000,2207.426,2207.5776,0.15160000000014406
nancy,6,10000,2211.6313,2211.901,0.26969999999982974
nancy,6,10000,2215.56,2215.7854,0.2254000000002634
nancy,6,10000,2219.6682,2219.9294,0.26119999999991705
nancy,6,10000,2223.8728,2224.1375,0.2646999999997206
nancy,6,10000,2227.808,2228.0735,0.26549999999997453
nancy,6,10000,2231.7883,2232.0535,0.26519999999982247
nancy,6,10000,2235.8335,2236.058,0.2244999999998072
nantes,6,10000,2207.0972,2207.248,0.15079999999989013
nancy,6,10000,2239.8013,2239.9546,0.1532999999999447
nancy,6,10000,2168.7866,2168.8582,0.07160000000021682
nancy,6,10000,2172.9114,2172.9788,0.06739999999990687
nancy,6,10000,2176.8472,2177.0327,0.1855000000000473
nancy,6,10000,2180.851,2181.0073,0.15630000000010114
nancy,6,10000,2185.0012,2185.0662,0.06500000000005457
nancy,6,10000,2189.0112,2189.1748,0.1635999999998603
nancy,6,10000,2192.8965,2193.0515,0.1550000000002001
nancy,6,10000,2196.9775,2197.0706,0.09310000000004948
nancy,6,10000,2200.9707,2201.146,0.17530000000033397
nantes,6,10000,2213.3823,2213.6638,0.2814999999995962
nancy,6,10000,2205.0264,2205.2017,0.17529999999987922
nancy,6,10000,2209.0764,2209.1697,0.09329999999999927
nancy,6,10000,2213.1096,2213.1802,0.0706000000000131
nancy,6,10000,2217.0984,2217.2712,0.1728000000002794
nancy,6,10000,2221.0347,2221.1914,0.15670000000000073
nancy,6,10000,2225.0667,2225.1392,0.07250000000021828
nancy,6,10000,2153.255,2153.4663,0.21129999999993743
nancy,6,10000,2157.0757,2157.2166,0.14090000000032887
nancy,6,10000,2160.9998,2161.1814,0.1815999999998894
nancy,6,10000,2165.087,2165.249,0.1619999999998072
nancy,6,10000,2355.9082,2356.0627,0.15450000000009823
nantes,6,10000,2219.0,2219.2996,0.29959999999982756
nancy,6,10000,2168.7825,2168.957,0.17450000000008004
nancy,6,10000,2172.8687,2173.103,0.23430000000007567
nancy,6,10000,2176.9436,2177.1343,0.19070000000010623
nancy,6,10000,2180.9966,2181.2056,0.20899999999983265
nancy,6,10000,2184.818,2184.986,0.1679999999996653
nancy,6,10000,2188.7554,2188.961,0.20559999999977663
nancy,6,10000,2192.782,2192.9995,0.21749999999974534
nancy,6,10000,2196.7908,2196.976,0.18519999999989523
nancy,6,10000,2200.809,2200.991,0.181999999999789
nancy,6,10000,2204.5713,2204.7983,0.22699999999986176
nantes,6,10000,2225.2974,2225.6252,0.32780000000002474
nancy,6,10000,2208.4695,2208.6677,0.1981999999998152
nantes,6,10000,1997.1135,1997.1986,0.08510000000001128
nantes,6,10000,2002.276,2002.5594,0.28340000000002874
nantes,6,10000,2008.2067,2008.5869,0.38020000000005894
nantes,6,10000,2014.5629,2014.9517,0.3888000000001739
nantes,6,10000,2020.246,2020.5562,0.3101999999998952
nantes,6,10000,2026.7856,2027.1271,0.34149999999999636
nantes,6,10000,2032.5067,2032.7994,0.29270000000019536
nantes,6,10000,2038.6648,2038.9724,0.30760000000009313
nantes,6,10000,2044.1802,2044.4908,0.3106000000000222
nantes,6,10000,2230.8005,2231.0828,0.28230000000030486
nantes,6,10000,2051.2644,2051.6614,0.3969999999999345
nantes,6,10000,2056.8477,2056.951,0.10330000000021755
nantes,6,10000,2063.2205,2063.5684,0.3479000000002088
nantes,6,10000,2068.6445,2068.9392,0.2946999999999207
nantes,6,10000,2075.3247,2075.6494,0.32469999999966603
nantes,6,10000,2080.938,2081.3381,0.4000999999998385
rennes,6,10000,2043.252,2043.338,0.08600000000001273
rennes,6,10000,2047.426,2047.7762,0.3502000000000862
rennes,6,10000,2052.212,2052.5469,0.3348999999998341
rennes,6,10000,2057.7566,2057.8455,0.08889999999973952
nantes,6,10000,2237.31,2237.6028,0.29280000000017026
rennes,6,10000,2062.337,2062.656,0.31899999999996
rennes,6,10000,2067.271,2067.528,0.2569999999996071
rennes,6,10000,2071.8223,2072.169,0.3467000000000553
rennes,6,10000,2077.4915,2077.5864,0.09490000000005239
rennes,6,10000,2081.8984,2082.2517,0.3532999999997628
rennes,6,10000,2086.9885,2087.3872,0.3987000000001899
rennes,6,10000,2091.9287,2092.2793,0.3506000000002132
rennes,6,10000,2097.3481,2097.663,0.3148999999998523
rennes,6,10000,2102.1462,2102.5103,0.36409999999978027
rennes,6,10000,2107.156,2107.5044,0.34839999999985594
nantes,6,10000,2243.101,2243.396,0.29500000000007276
rennes,6,10000,2111.963,2112.3267,0.3636999999998807
lyon,6,10000,1998.0519,1998.1332,0.08130000000005566
lyon,6,10000,2002.9116,2003.2494,0.33780000000001564
lyon,6,10000,2008.2292,2008.4836,0.2544000000000324
lyon,6,10000,2015.1665,2015.265,0.09850000000005821
lyon,6,10000,2020.2054,2020.5205,0.31510000000002947
lyon,6,10000,2027.2462,2027.3433,0.09709999999995489
lyon,6,10000,2031.9114,2032.1978,0.2863999999999578
lyon,6,10000,2038.6951,2038.7904,0.09530000000017935
lyon,6,10000,2043.2714,2043.5505,0.27909999999997126
nantes,6,10000,2249.615,2249.91,0.29500000000007276
lyon,6,10000,2049.875,2050.196,0.3209999999999127
lyon,6,10000,2055.272,2055.5212,0.24920000000020082
lyon,6,10000,2061.692,2061.9946,0.302599999999984
lyon,6,10000,2066.7896,2067.0264,0.23680000000013024
lyon,6,10000,2073.3835,2073.629,0.24549999999999272
lyon,6,10000,2078.7664,2079.068,0.301600000000235
rennes,6,10000,2026.2163,2026.486,0.2697000000000571
rennes,6,10000,2030.8442,2031.1394,0.29520000000002256
rennes,6,10000,2035.8098,2036.098,0.2881999999999607
rennes,6,10000,2041.2228,2041.3213,0.09850000000005821
nantes,6,10000,2255.1958,2255.519,0.3231999999998152
rennes,6,10000,2045.815,2046.0701,0.25509999999985666
rennes,6,10000,2050.474,2050.698,0.22399999999970532
rennes,6,10000,2055.4138,2055.702,0.28820000000041546
rennes,6,10000,2060.5752,2060.7996,0.22439999999960492
rennes,6,10000,2065.551,2065.8054,0.25440000000025975
rennes,6,10000,2070.7031,2070.8442,0.14109999999982392
rennes,6,10000,2075.1414,2075.3547,0.21329999999989013
rennes,6,10000,2079.8225,2080.0657,0.24319999999988795
rennes,6,10000,2084.8396,2085.0657,0.22610000000031505
rennes,6,10000,2089.8213,2090.048,0.2266999999997097
nantes,6,10000,2261.4277,2261.6829,0.2551999999996042
rennes,6,10000,2094.367,2094.6213,0.25429999999960273
nancy,6,10000,2081.9177,2081.9978,0.08010000000012951
nancy,6,10000,2085.6367,2085.742,0.10530000000017026
nancy,6,10000,2089.5608,2089.6514,0.0905999999999949
nancy,6,10000,2093.5784,2093.661,0.08260000000018408
nancy,6,10000,2097.605,2097.6953,0.09029999999984284
nancy,6,10000,2101.749,2101.8394,0.09040000000004511
nancy,6,10000,2105.4993,2105.649,0.14969999999993888
nancy,6,10000,2109.4553,2109.5544,0.0990999999999076
nancy,6,10000,2113.461,2113.5476,0.0866000000000895
nantes,6,10000,2267.3787,2267.7087,0.32999999999992724
nancy,6,10000,2117.4165,2117.5046,0.08810000000039508
nancy,6,10000,2121.2239,2121.2935,0.06960000000026412
nancy,6,10000,2124.9363,2125.0422,0.10590000000001965
nancy,6,10000,2128.866,2128.9568,0.0907999999999447
nancy,6,10000,2133.0027,2133.077,0.07430000000022119
nancy,6,10000,2136.8193,2136.9333,0.11400000000003274
lyon,6,10000,1491.297,1491.5457,0.24869999999987158
lyon,6,10000,1502.3756,1502.6117,0.2360999999998512
lyon,6,10000,1513.2523,1513.7181,0.4657999999999447
lyon,6,10000,1524.785,1525.153,0.36799999999993815
nantes,6,10000,2274.2131,2274.5078,0.2946999999999207
lyon,6,10000,1535.9653,1536.1941,0.22879999999986467
lyon,6,10000,1547.318,1547.5326,0.21460000000001855
lyon,6,10000,1558.5405,1558.8623,0.32179999999993925
lyon,6,10000,1569.9355,1570.3679,0.43239999999991596
lyon,6,10000,1581.2183,1581.602,0.38370000000008986
lyon,6,10000,1592.8962,1593.3578,0.4616000000000895
lyon,6,10000,1603.7662,1604.1821,0.4158999999999651
lyon,6,10000,1615.276,1615.5796,0.30359999999996035
lyon,6,10000,1626.0593,1626.4305,0.3712000000000444
lyon,6,10000,1637.7144,1637.955,0.24059999999985848
nancy,6,10000,2360.0837,2360.3584,0.2746999999999389
nantes,6,10000,2280.1953,2280.5337,0.3384000000000924
lyon,6,10000,1648.7167,1649.1273,0.4106000000001586
lyon,6,10000,2188.4307,2188.5137,0.08300000000008367
lyon,6,10000,2193.734,2193.9685,0.23450000000002547
lyon,6,10000,2200.5764,2200.656,0.07960000000002765
lyon,6,10000,2206.0347,2206.1313,0.09659999999985303
lyon,6,10000,2212.0198,2212.2544,0.234599999999773
lyon,6,10000,2217.282,2217.5007,0.21869999999989886
lyon,6,10000,2223.9133,2224.1833,0.2699999999999818
lyon,6,10000,2229.5264,2229.6238,0.09739999999965221
lyon,6,10000,2235.1995,2235.4233,0.22379999999975553
nancy,6,10000,2364.2075,2364.4724,0.26490000000012515
lyon,6,10000,2240.7761,2240.9978,0.2217000000000553
lyon,6,10000,2247.2542,2247.5442,0.2899999999999636
lyon,6,10000,2252.1357,2252.3748,0.239100000000235
lyon,6,10000,2258.7847,2259.052,0.26729999999997744
lyon,6,10000,2265.1926,2265.46,0.2674000000001797
lyon,6,10000,2270.4768,2270.7244,0.2476000000001477
nantes,6,10000,2140.8862,2141.0178,0.13160000000016225
nantes,6,10000,2146.7349,2146.8977,0.16280000000006112
nantes,6,10000,2152.07,2152.3203,0.2502999999996973
nantes,6,10000,2158.6309,2158.7212,0.09029999999984284
nancy,6,10000,2368.3054,2368.4622,0.15679999999974825
nantes,6,10000,2164.654,2164.8875,0.23349999999982174
nantes,6,10000,2170.4968,2170.6797,0.1829000000002452
nantes,6,10000,2176.4634,2176.6248,0.1613999999999578
nantes,6,10000,2182.814,2183.033,0.21900000000005093
nantes,6,10000,2188.6536,2188.8484,0.19479999999975917
nantes,6,10000,2195.3691,2195.5356,0.1665000000002692
nantes,6,10000,2200.734,2200.8848,0.15079999999989013
nantes,6,10000,2207.5713,2207.7854,0.21410000000014406
nantes,6,10000,2213.6816,2213.7844,0.10280000000011569
nantes,6,10000,2220.26,2220.3962,0.13619999999991705
nancy,6,10000,2372.5396,2372.8022,0.2626000000000204
nantes,6,10000,2225.7515,2225.923,0.1714999999999236
nantes,6,10000,2153.635,2153.734,0.09899999999970532
nantes,6,10000,2159.6396,2159.8137,0.17410000000018044
nantes,6,10000,2165.5273,2165.6257,0.09839999999985594
nantes,6,10000,2171.4692,2171.699,0.2298000000000684
nantes,6,10000,2177.1577,2177.354,0.19629999999961
nantes,6,10000,2183.4119,2183.5896,0.17769999999973152
nantes,6,10000,2189.0347,2189.2942,0.25949999999966167
nantes,6,10000,2195.6843,2195.9082,0.2238999999999578
nantes,6,10000,2201.3179,2201.6125,0.29460000000017317
nancy,6,10000,2376.537,2376.8108,0.2738000000003922
nantes,6,10000,2207.9258,2208.112,0.18620000000009895
nantes,6,10000,2214.1265,2214.2314,0.10490000000027067
nantes,6,10000,2219.8853,2220.081,0.19570000000021537
nantes,6,10000,2225.9805,2226.1787,0.1981999999998152
nantes,6,10000,2232.9595,2233.1582,0.19869999999991705
nantes,6,10000,2238.9292,2239.1904,0.26119999999991705
rennes,6,10000,2181.3938,2181.6165,0.22270000000025902
rennes,6,10000,2186.539,2186.615,0.07599999999956708
rennes,6,10000,2191.176,2191.4653,0.28929999999991196
rennes,6,10000,2196.396,2196.635,0.23900000000003274
nancy,6,10000,2380.7737,2380.9255,0.1517999999996391
rennes,6,10000,2201.477,2201.6982,0.22119999999995343
rennes,6,10000,2206.8206,2207.0415,0.22089999999980137
rennes,6,10000,2212.276,2212.3618,0.08580000000029031
rennes,6,10000,2216.7808,2217.042,0.26119999999991705
rennes,6,10000,2221.5808,2221.8022,0.22139999999990323
rennes,6,10000,2226.451,2226.6587,0.2076999999999316
rennes,6,10000,2231.552,2231.7715,0.21949999999969805
rennes,6,10000,2236.163,2236.3958,0.23279999999977008
rennes,6,10000,2241.0757,2241.3127,0.23700000000008004
rennes,6,10000,2245.8616,2246.092,0.23039999999991778
nancy,6,10000,2384.804,2385.063,0.25900000000001455
rennes,6,10000,2250.493,2250.7236,0.23059999999986758
nantes,6,10000,2132.5242,2132.9543,0.43010000000003856
nantes,6,10000,2138.7388,2139.1013,0.36249999999972715
nantes,6,10000,2144.388,2144.7915,0.4034999999998945
nantes,6,10000,2151.252,2151.6008,0.3488000000002103
nantes,6,10000,2157.2515,2157.4026,0.1511000000000422
nantes,6,10000,2163.356,2163.7197,0.3636999999998807
nantes,6,10000,2168.6917,2169.0625,0.3708000000001448
nantes,6,10000,2175.7952,2175.9163,0.12109999999984211
nantes,6,10000,2180.7766,2181.2231,0.44650000000001455
nancy,7,10000,2317.4448,2317.768,0.3231999999998152
nancy,7,10000,2353.6958,2354.0532,0.3573999999998705
nantes,7,10000,2180.164,2180.2563,0.09229999999979555
nantes,7,10000,2185.599,2185.8037,0.20469999999977517
nantes,7,10000,2192.3938,2192.651,0.25720000000001164
nantes,7,10000,2198.1313,2198.34,0.20870000000013533
nantes,7,10000,2203.9626,2204.201,0.23840000000018335
nantes,7,10000,2210.6094,2210.794,0.18460000000004584
rennes,7,10000,2156.795,2156.8923,0.09729999999990468
rennes,7,10000,2161.149,2161.4065,0.2575000000001637
rennes,7,10000,2166.501,2166.5793,0.07829999999967185
rennes,7,10000,2171.0015,2171.2666,0.26510000000007494
nancy,7,10000,2357.8044,2358.1187,0.3143000000000029
rennes,7,10000,2176.2388,2176.3237,0.08489999999983411
rennes,7,10000,2180.675,2180.9316,0.2565999999997075
rennes,7,10000,2185.7437,2185.9968,0.25309999999990396
rennes,7,10000,2190.5645,2190.8416,0.2771000000002459
rennes,7,10000,2195.25,2195.5066,0.25660000000016225
rennes,7,10000,2199.9834,2200.2646,0.28119999999989886
rennes,7,10000,2204.7117,2204.9802,0.26850000000013097
rennes,7,10000,2209.79,2210.0117,0.2217000000000553
rennes,7,10000,2214.853,2215.0654,0.21239999999988868
rennes,7,10000,2219.8325,2220.1128,0.2802999999998974
nancy,7,10000,2361.6343,2361.965,0.3306999999999789
rennes,7,10000,2224.7473,2224.9468,0.19950000000017099
lyon,7,10000,1678.4215,1678.5791,0.15760000000000218
lyon,7,10000,1687.517,1687.8839,0.3668999999999869
lyon,7,10000,1698.3856,1698.7958,0.41020000000003165
lyon,7,10000,1709.9047,1710.3516,0.44689999999991414
lyon,7,10000,1721.2257,1721.3568,0.1311000000000604
lyon,7,10000,1732.8624,1732.9972,0.1348000000000411
lyon,7,10000,1745.0209,1745.1613,0.14039999999999964
lyon,7,10000,1755.6517,1756.1025,0.45080000000007203
lyon,7,10000,1766.5415,1766.889,0.3474999999998545
nancy,7,10000,2365.5815,2365.9377,0.3562000000001717
lyon,7,10000,1777.8643,1778.2517,0.3874000000000706
lyon,7,10000,1788.9404,1789.315,0.3746000000001004
lyon,7,10000,1800.276,1800.7207,0.44470000000001164
lyon,7,10000,1811.3436,1811.7048,0.3612000000000535
lyon,7,10000,1822.8849,1823.0251,0.14020000000004984
lyon,7,10000,1833.7374,1834.0847,0.34730000000013206
lyon,7,10000,2083.7568,2084.09,0.33320000000003347
lyon,7,10000,2089.735,2089.878,0.1430000000000291
lyon,7,10000,2094.4167,2094.7852,0.36849999999958527
lyon,7,10000,2100.966,2101.2368,0.27080000000023574
nancy,7,10000,2369.2454,2369.5645,0.31910000000016225
lyon,7,10000,2106.122,2106.4873,0.3652999999999338
lyon,7,10000,2112.364,2112.6914,0.32740000000012515
lyon,7,10000,2117.3364,2117.6484,0.31199999999989814
lyon,7,10000,2124.2356,2124.339,0.10339999999996508
lyon,7,10000,2129.4265,2129.5637,0.13720000000012078
lyon,7,10000,2135.5212,2135.8623,0.341099999999642
lyon,7,10000,2141.016,2141.1785,0.16249999999990905
lyon,7,10000,2147.5383,2147.8196,0.2812999999996464
lyon,7,10000,2152.376,2152.725,0.3489999999997053
lyon,7,10000,2159.6172,2159.8982,0.28099999999994907
nancy,7,10000,2373.0723,2373.44,0.36770000000024083
lyon,7,10000,2165.4382,2165.5596,0.12139999999999418
rennes,7,10000,2128.1062,2128.346,0.23979999999983193
rennes,7,10000,2133.1794,2133.2634,0.08399999999983265
rennes,7,10000,2137.6223,2137.8965,0.274199999999837
rennes,7,10000,2142.7634,2142.973,0.2096000000001368
rennes,7,10000,2147.3425,2147.6714,0.328899999999976
rennes,7,10000,2152.4758,2152.7542,0.2783999999996922
rennes,7,10000,2157.583,2157.8044,0.22139999999990323
rennes,7,10000,2162.7434,2162.9927,0.24929999999994834
rennes,7,10000,2167.4492,2167.7275,0.2782999999999447
nantes,7,10000,2175.3735,2175.461,0.0874999999996362
rennes,7,10000,2172.3599,2172.6494,0.28949999999986176
rennes,7,10000,2177.8628,2178.127,0.2642000000000735
rennes,7,10000,2182.7065,2182.9768,0.2703000000001339
rennes,7,10000,2187.7004,2187.9724,0.2719999999999345
rennes,7,10000,2192.549,2192.8276,0.27860000000009677
rennes,7,10000,2197.7341,2197.826,0.09189999999989595
nancy,7,10000,2162.71,2162.9688,0.25880000000006476
nancy,7,10000,2166.5708,2166.7917,0.2209000000002561
nancy,7,10000,2170.392,2170.61,0.21800000000030195
nancy,7,10000,2174.4424,2174.7073,0.26490000000012515
nantes,7,10000,2180.5017,2180.677,0.17530000000033397
nancy,7,10000,2178.3857,2178.65,0.26430000000027576
nancy,7,10000,2182.503,2182.658,0.15499999999974534
nancy,7,10000,2186.4536,2186.603,0.14940000000024156
nancy,7,10000,2190.3381,2190.5994,0.2613000000001193
nancy,7,10000,2194.489,2194.6414,0.15239999999994325
nancy,7,10000,2198.283,2198.5405,0.2575000000001637
nancy,7,10000,2202.2668,2202.5325,0.26569999999992433
nancy,7,10000,2206.2087,2206.4739,0.26519999999982247
nancy,7,10000,2210.1665,2210.4097,0.2432000000003427
nancy,7,10000,2214.2107,2214.4287,0.2179999999998472
nantes,7,10000,2186.0547,2186.2993,0.24459999999999127
nancy,7,10000,2218.1626,2218.383,0.2203999999996995
nancy,7,10000,2182.8154,2182.8916,0.07619999999997162
nancy,7,10000,2186.4316,2186.5642,0.13259999999991123
nancy,7,10000,2190.8364,2190.9656,0.1291999999998552
nancy,7,10000,2194.9443,2195.129,0.18469999999979336
nancy,7,10000,2199.1155,2199.191,0.07549999999991996
nancy,7,10000,2202.9797,2203.1296,0.14990000000034343
nancy,7,10000,2207.086,2207.2659,0.17990000000008877
nancy,7,10000,2211.1501,2211.283,0.1329000000000633
nancy,7,10000,2215.1711,2215.34,0.1689000000001215
nantes,7,10000,2192.615,2192.7905,0.17550000000028376
nancy,7,10000,2219.2708,2219.3477,0.07690000000002328
nancy,7,10000,2223.144,2223.2188,0.07480000000032305
nancy,7,10000,2227.3845,2227.506,0.1214999999997417
nancy,7,10000,2231.4216,2231.593,0.17139999999972133
nancy,7,10000,2235.4392,2235.5684,0.12920000000030996
nancy,7,10000,2239.6348,2239.7107,0.0759000000002743
nancy,7,10000,2148.2903,2148.5154,0.22510000000011132
nancy,7,10000,2152.136,2152.2883,0.15230000000019572
nancy,7,10000,2156.0168,2156.2756,0.25880000000006476
nancy,7,10000,2160.1958,2160.4734,0.27759999999989304
nancy,7,10000,2321.2742,2321.533,0.25880000000006476
nantes,7,10000,2198.1953,2198.3625,0.16720000000032087
nancy,7,10000,2164.3271,2164.5894,0.2622999999998683
nancy,7,10000,2168.221,2168.3796,0.1586000000002059
nancy,7,10000,2172.268,2172.4253,0.15729999999985012
nancy,7,10000,2176.269,2176.53,0.261000000000422
nancy,7,10000,2180.4614,2180.6135,0.15209999999979118
nancy,7,10000,2184.4626,2184.6873,0.22470000000021173
nancy,7,10000,2188.5813,2188.801,0.2197000000001026
nancy,7,10000,2192.6348,2192.861,0.22620000000006257
nancy,7,10000,2196.3167,2196.5825,0.2658000000001266
nancy,7,10000,2200.7607,2201.0244,0.2636999999999716
nantes,7,10000,2204.543,2204.7852,0.24219999999968422
nancy,7,10000,2204.7866,2205.0505,0.2638999999999214
nantes,7,10000,2018.2615,2018.5814,0.31989999999996144
nantes,7,10000,2024.122,2024.4431,0.3210999999998876
nantes,7,10000,2029.4397,2029.8195,0.37980000000015934
nantes,7,10000,2035.8901,2036.1974,0.30729999999994106
nantes,7,10000,2041.7505,2042.0355,0.2849999999998545
nantes,7,10000,2048.1382,2048.4224,0.2842000000000553
nantes,7,10000,2054.1494,2054.439,0.28960000000006403
nantes,7,10000,2060.9756,2061.091,0.11539999999968131
nantes,7,10000,2066.2837,2066.6213,0.3375999999998385
nantes,7,10000,2210.174,2210.3657,0.1916999999998552
nantes,7,10000,2072.6824,2072.9497,0.26729999999997744
nantes,7,10000,2078.4905,2078.785,0.2944999999999709
nantes,7,10000,2084.9324,2085.234,0.30159999999978027
nantes,7,10000,2090.8406,2091.1091,0.26850000000013097
nantes,7,10000,2098.2456,2098.3433,0.09769999999980428
nantes,7,10000,2103.6003,2103.9226,0.32229999999981374
rennes,7,10000,2050.9604,2051.035,0.07459999999991851
rennes,7,10000,2055.6777,2055.7637,0.08599999999978536
rennes,7,10000,2060.1748,2060.4749,0.30010000000038417
rennes,7,10000,2065.1091,2065.4597,0.35059999999975844
nantes,7,10000,2216.4402,2216.7231,0.28290000000015425
rennes,7,10000,2070.152,2070.4827,0.3306999999999789
rennes,7,10000,2075.2617,2075.59,0.3283000000001266
rennes,7,10000,2080.0764,2080.402,0.32560000000012224
rennes,7,10000,2084.899,2085.246,0.34700000000020736
rennes,7,10000,2089.1274,2089.4412,0.3138000000003558
rennes,7,10000,2094.9402,2095.0168,0.07659999999987122
rennes,7,10000,2099.487,2099.7898,0.3027999999999338
rennes,7,10000,2104.1113,2104.4236,0.3123000000000502
rennes,7,10000,2108.8772,2109.1873,0.3101000000001477
rennes,7,10000,2114.2964,2114.6086,0.31219999999984793
nantes,7,10000,2222.0222,2222.2551,0.23289999999997235
rennes,7,10000,2119.1604,2119.5112,0.35079999999970823
lyon,7,10000,2026.2211,2026.3171,0.09600000000000364
lyon,7,10000,2030.9103,2031.1835,0.27320000000008804
lyon,7,10000,2037.5311,2037.6249,0.09380000000010114
lyon,7,10000,2042.1793,2042.4397,0.2603999999998905
lyon,7,10000,2048.4324,2048.6912,0.25880000000006476
lyon,7,10000,2054.0151,2054.0947,0.07960000000002765
lyon,7,10000,2060.318,2060.5642,0.24619999999958964
lyon,7,10000,2065.5479,2065.8206,0.2726999999999862
lyon,7,10000,2071.972,2072.1978,0.22579999999970823
nantes,7,10000,2228.3342,2228.48,0.14580000000023574
lyon,7,10000,2076.8494,2077.113,0.26359999999976935
lyon,7,10000,2083.6013,2083.8562,0.2549000000003616
lyon,7,10000,2088.7651,2089.0393,0.274199999999837
lyon,7,10000,2095.6096,2095.868,0.25840000000016516
lyon,7,10000,2101.023,2101.3042,0.28119999999989886
lyon,7,10000,2106.7607,2107.038,0.2773000000001957
rennes,7,10000,2030.5316,2030.7397,0.20810000000005857
rennes,7,10000,2035.3508,2035.4945,0.14370000000008076
rennes,7,10000,2040.3633,2040.6292,0.2659000000001015
rennes,7,10000,2045.1825,2045.3989,0.21640000000002146
nantes,7,10000,2233.5886,2233.7122,0.12359999999989668
rennes,7,10000,2050.5469,2050.616,0.06910000000016225
rennes,7,10000,2055.108,2055.354,0.24599999999963984
rennes,7,10000,2059.7515,2060.0298,0.2782999999999447
rennes,7,10000,2064.7258,2064.9382,0.21239999999988868
rennes,7,10000,2069.644,2069.875,0.23100000000022192
rennes,7,10000,2074.6812,2074.9058,0.22460000000000946
rennes,7,10000,2079.335,2079.5393,0.20429999999987558
rennes,7,10000,2084.2178,2084.444,0.22620000000006257
rennes,7,10000,2088.8535,2089.1196,0.2660999999998239
rennes,7,10000,2093.553,2093.8284,0.27539999999999054
nantes,7,10000,2240.3296,2240.4902,0.16060000000015862
rennes,7,10000,2098.5347,2098.7395,0.20479999999997744
nancy,7,10000,2101.0935,2101.352,0.2584999999999127
nancy,7,10000,2104.8396,2105.102,0.2624000000000706
nancy,7,10000,2108.9045,2109.1619,0.25739999999996144
nancy,7,10000,2112.8755,2113.1416,0.2660999999998239
nancy,7,10000,2116.771,2117.0317,0.2606999999998152
nancy,7,10000,2120.9902,2121.2527,0.2624999999998181
nancy,7,10000,2124.6965,2124.919,0.22249999999985448
nancy,7,10000,2128.743,2129.0076,0.2645999999999731
nancy,7,10000,2133.5344,2133.7683,0.23390000000017608
nantes,7,10000,2246.2083,2246.3967,0.18840000000000146
nancy,7,10000,2137.4805,2137.7456,0.26510000000007494
nancy,7,10000,2141.697,2141.917,0.2199999999997999
nancy,7,10000,2145.7458,2145.9656,0.21979999999985012
nancy,7,10000,2149.7446,2150.005,0.26040000000011787
nancy,7,10000,2153.6526,2153.8108,0.15820000000030632
nancy,7,10000,2157.8108,2158.0413,0.2304999999996653
lyon,7,10000,1550.777,1551.0024,0.22540000000003602
lyon,7,10000,1561.5024,1561.7627,0.2602999999999156
lyon,7,10000,1573.5354,1573.6825,0.14709999999990941
lyon,7,10000,1583.7,1583.9103,0.21029999999996107
nantes,7,10000,2253.2083,2253.2993,0.09100000000034925
lyon,7,10000,1596.1447,1596.2859,0.1412000000000262
lyon,7,10000,1607.1532,1607.3794,0.22620000000006257
lyon,7,10000,1618.165,1618.302,0.1369999999999436
lyon,7,10000,1628.8754,1629.2126,0.33720000000016626
lyon,7,10000,1640.0079,1640.2274,0.21949999999992542
lyon,7,10000,1651.2449,1651.506,0.26110000000016953
lyon,7,10000,1662.4053,1662.6317,0.22640000000001237
lyon,7,10000,1673.0632,1673.3124,0.24919999999997344
lyon,7,10000,1683.629,1683.9792,0.3502000000000862
lyon,7,10000,1695.4741,1695.6134,0.13930000000004839
nancy,7,10000,2325.1284,2325.5522,0.4238000000000284
nantes,7,10000,2258.5085,2258.6682,0.15970000000015716
lyon,7,10000,1706.4116,1706.7444,0.3328000000001339
lyon,7,10000,2179.9658,2180.286,0.3202000000001135
lyon,7,10000,2185.3147,2185.6956,0.3809000000001106
lyon,7,10000,2191.9229,2192.3176,0.39469999999982974
lyon,7,10000,2197.7988,2198.1533,0.3544999999999163
lyon,7,10000,2203.93,2204.31,0.38000000000010914
lyon,7,10000,2209.6313,2210.0166,0.3852999999999156
lyon,7,10000,2216.4685,2216.608,0.13950000000022555
lyon,7,10000,2221.117,2221.5024,0.3853999999996631
lyon,7,10000,2227.5305,2227.8967,0.36619999999993524
nancy,7,10000,2329.2769,2329.6448,0.36790000000019063
lyon,7,10000,2232.9397,2233.3115,0.37179999999989377
lyon,7,10000,2238.792,2239.1729,0.3809000000001106
lyon,7,10000,2245.5674,2245.912,0.3445999999999003
lyon,7,10000,2250.4019,2250.8044,0.4025000000001455
lyon,7,10000,2257.662,2257.7805,0.11850000000004002
lyon,7,10000,2262.7146,2263.0996,0.3850000000002183
nantes,7,10000,2148.7937,2149.046,0.25229999999965
nantes,7,10000,2153.724,2153.9082,0.1841999999996915
nantes,7,10000,2159.9485,2160.1963,0.2478000000000975
nantes,7,10000,2165.722,2166.0286,0.3065999999998894
nancy,7,10000,2333.4412,2333.711,0.26979999999957727
nantes,7,10000,2172.162,2172.4763,0.3143000000000029
nantes,7,10000,2177.5134,2177.7434,0.2300000000000182
nantes,7,10000,2184.032,2184.2544,0.2223999999996522
nantes,7,10000,2190.7705,2190.8926,0.12210000000004584
nantes,7,10000,2196.93,2197.169,0.23900000000003274
nantes,7,10000,2202.4312,2202.538,0.1068000000000211
nantes,7,10000,2208.6042,2208.8237,0.21949999999969805
nantes,7,10000,2213.5356,2213.7832,0.24759999999969295
nantes,7,10000,2219.566,2219.7876,0.22160000000030777
nantes,7,10000,2226.2292,2226.437,0.20779999999967913
nancy,7,10000,2337.4233,2337.7456,0.3223000000002685
nantes,7,10000,2232.0337,2232.3115,0.27779999999984284
nantes,7,10000,2137.9236,2138.2407,0.3170999999997548
nantes,7,10000,2144.272,2144.3682,0.09619999999995343
nantes,7,10000,2149.0393,2149.3447,0.30540000000019063
nantes,7,10000,2155.4915,2155.8425,0.3510000000001128
nantes,7,10000,2161.1113,2161.396,0.28470000000015716
nantes,7,10000,2168.2534,2168.3474,0.09400000000005093
nantes,7,10000,2173.759,2173.9263,0.1673000000000684
nantes,7,10000,2179.6096,2179.9167,0.307100000000446
nantes,7,10000,2185.1008,2185.4233,0.32249999999976353
nancy,7,10000,2341.4475,2341.8154,0.3678999999997359
nantes,7,10000,2192.0015,2192.3652,0.3637000000003354
nantes,7,10000,2197.6758,2197.7812,0.10539999999991778
nantes,7,10000,2204.2375,2204.5742,0.336699999999837
nantes,7,10000,2209.728,2210.052,0.3240000000000691
nantes,7,10000,2216.6777,2216.9966,0.3188999999997577
nantes,7,10000,2222.8647,2223.0298,0.16509999999971114
rennes,7,10000,2187.037,2187.2554,0.21840000000020154
rennes,7,10000,2192.7434,2192.895,0.15160000000014406
rennes,7,10000,2197.9639,2198.046,0.08209999999962747
rennes,7,10000,2202.476,2202.7004,0.22440000000005966
nancy,7,10000,2345.583,2345.909,0.32600000000002183
rennes,7,10000,2207.7236,2207.8018,0.07820000000037908
rennes,7,10000,2212.336,2212.5747,0.23870000000033542
rennes,7,10000,2217.2979,2217.3718,0.07389999999986685
rennes,7,10000,2221.8848,2222.1165,0.23170000000027358
rennes,7,10000,2226.9106,2227.117,0.20640000000003056
rennes,7,10000,2231.8525,2232.0447,0.19219999999995707
rennes,7,10000,2236.9502,2237.1685,0.21829999999999927
rennes,7,10000,2241.5845,2241.7908,0.20630000000028303
rennes,7,10000,2246.3467,2246.5793,0.23259999999982028
rennes,7,10000,2251.4978,2251.7163,0.21849999999994907
nancy,7,10000,2349.6038,2349.9314,0.32760000000007494
rennes,7,10000,2256.0005,2256.322,0.32150000000001455
nantes,7,10000,2127.4082,2127.4922,0.0840000000002874
nantes,7,10000,2132.6711,2132.773,0.10190000000011423
nantes,7,10000,2137.973,2138.0962,0.12319999999999709
nantes,7,10000,2144.2136,2144.3838,0.17020000000002256
nantes,7,10000,2149.9995,2150.1074,0.10789999999997235
nantes,7,10000,2156.05,2156.2769,0.22689999999965949
nantes,7,10000,2161.5195,2161.6216,0.10210000000006403
nantes,7,10000,2167.843,2168.0767,0.23370000000022628
nantes,7,10000,2173.4626,2173.715,0.25240000000030705
nancy,8,10000,2337.7156,2337.9792,0.2636000000002241
nancy,8,10000,2373.7505,2374.0737,0.3231999999998152
nantes,8,10000,2175.9644,2176.1125,0.14810000000034051
nantes,8,10000,2181.8308,2182.0032,0.17239999999992506
nantes,8,10000,2188.5725,2188.867,0.2944999999999709
nantes,8,10000,2193.9897,2194.2385,0.24879999999984648
nantes,8,10000,2200.7673,2200.9585,0.1912000000002081
nantes,8,10000,2206.5203,2206.7515,0.23119999999971697
rennes,8,10000,2153.2744,2153.487,0.21260000000029322
rennes,8,10000,2157.7422,2158.0154,0.27320000000008804
rennes,8,10000,2163.3015,2163.386,0.08449999999993452
rennes,8,10000,2167.8308,2168.0845,0.25369999999975335
nancy,8,10000,2377.7786,2378.0417,0.26310000000012224
rennes,8,10000,2172.8064,2172.9873,0.18089999999983775
rennes,8,10000,2177.775,2178.046,0.2709999999997308
rennes,8,10000,2182.991,2183.0835,0.09250000000020009
rennes,8,10000,2187.86,2187.9321,0.07209999999986394
rennes,8,10000,2192.8767,2193.1382,0.2615000000000691
rennes,8,10000,2197.6765,2197.8967,0.2201999999997497
rennes,8,10000,2202.6118,2202.8416,0.2298000000000684
rennes,8,10000,2207.337,2207.6074,0.2703999999998814
rennes,8,10000,2212.0117,2212.278,0.2662999999997737
rennes,8,10000,2217.4023,2217.62,0.21769999999969514
nancy,8,10000,2381.8665,2382.1897,0.3231999999998152
rennes,8,10000,2222.214,2222.4246,0.21059999999988577
lyon,8,10000,1703.3762,1703.5221,0.14589999999998327
lyon,8,10000,1714.0442,1714.3884,0.3442000000000007
lyon,8,10000,1725.056,1725.4331,0.3770999999999276
lyon,8,10000,1736.3711,1736.7914,0.42029999999999745
lyon,8,10000,1747.5219,1747.9637,0.4418000000000575
lyon,8,10000,1758.9911,1759.4014,0.41030000000000655
lyon,8,10000,1769.8195,1770.1794,0.35989999999992506
lyon,8,10000,1781.5255,1781.871,0.34550000000012915
lyon,8,10000,1793.1342,1793.3134,0.1792000000000371
nancy,8,10000,2385.7866,2386.14,0.3533999999999651
lyon,8,10000,1803.7219,1804.1534,0.4314999999999145
lyon,8,10000,1814.8269,1815.1694,0.3424999999999727
lyon,8,10000,1825.7502,1826.1862,0.43600000000014916
lyon,8,10000,1836.9847,1837.3302,0.34550000000012915
lyon,8,10000,1848.5221,1848.969,0.4469000000001415
lyon,8,10000,1859.3838,1859.8265,0.44269999999983156
lyon,8,10000,2106.7183,2107.1316,0.413300000000163
lyon,8,10000,2112.3015,2112.4565,0.15499999999974534
lyon,8,10000,2117.7856,2118.1807,0.39509999999972933
lyon,8,10000,2123.6677,2123.8162,0.1485000000002401
nancy,8,10000,2389.7131,2390.0425,0.32940000000007785
lyon,8,10000,2129.5217,2129.8967,0.375
lyon,8,10000,2134.882,2135.0388,0.15679999999974825
lyon,8,10000,2140.8225,2141.1875,0.3649999999997817
lyon,8,10000,2145.7388,2146.1033,0.3645000000001346
lyon,8,10000,2152.69,2153.016,0.32600000000002183
lyon,8,10000,2157.9595,2158.2927,0.33320000000003347
lyon,8,10000,2164.4353,2164.7493,0.31399999999985084
lyon,8,10000,2169.6282,2169.9211,0.2928999999999178
lyon,8,10000,2176.1404,2176.2783,0.1378999999997177
lyon,8,10000,2182.236,2182.5984,0.3623999999999796
nancy,8,10000,2393.4714,2393.8354,0.36400000000003274
lyon,8,10000,2187.7744,2188.062,0.2876000000001113
rennes,8,10000,2115.6443,2115.921,0.2766999999998916
rennes,8,10000,2120.7688,2121.0676,0.2988000000000284
rennes,8,10000,2125.6123,2125.893,0.28070000000025175
rennes,8,10000,2130.7937,2131.024,0.2302999999997155
rennes,8,10000,2135.8071,2136.0994,0.2923000000000684
rennes,8,10000,2140.84,2140.9314,0.09139999999979409
rennes,8,10000,2145.502,2145.7197,0.21770000000014988
rennes,8,10000,2150.5237,2150.7695,0.24579999999969004
rennes,8,10000,2155.6318,2155.7024,0.0706000000000131
nantes,8,10000,2189.6658,2189.8208,0.15499999999974534
rennes,8,10000,2160.2766,2160.3757,0.0990999999999076
rennes,8,10000,2164.4543,2164.7622,0.3079000000002452
rennes,8,10000,2169.5,2169.7886,0.2885999999998603
rennes,8,10000,2174.3914,2174.6538,0.2624000000000706
rennes,8,10000,2179.0515,2179.3813,0.32979999999997744
rennes,8,10000,2183.9734,2184.1968,0.22340000000031068
nancy,8,10000,2174.154,2174.4727,0.3186999999998079
nancy,8,10000,2177.7769,2178.1238,0.3469000000000051
nancy,8,10000,2181.951,2182.299,0.34799999999995634
nancy,8,10000,2185.8816,2186.21,0.3283999999998741
nantes,8,10000,2194.8591,2195.206,0.3469000000000051
nancy,8,10000,2189.8796,2190.2378,0.35819999999966967
nancy,8,10000,2193.9758,2194.335,0.3591999999998734
nancy,8,10000,2198.002,2198.2627,0.26070000000026994
nancy,8,10000,2202.0461,2202.365,0.3188999999997577
nancy,8,10000,2206.0142,2206.3374,0.3231999999998152
nancy,8,10000,2210.01,2210.339,0.3289999999997235
nancy,8,10000,2214.1038,2214.428,0.3242000000000189
nancy,8,10000,2218.1687,2218.524,0.3552999999997155
nancy,8,10000,2222.0994,2222.4575,0.35809999999992215
nancy,8,10000,2226.0474,2226.3872,0.3398000000001957
nantes,8,10000,2201.417,2201.6953,0.2782999999999447
nancy,8,10000,2230.0693,2230.4377,0.36839999999983775
nancy,8,10000,2163.7441,2163.9666,0.22250000000030923
nancy,8,10000,2167.5928,2167.747,0.15419999999994616
nancy,8,10000,2171.524,2171.7917,0.2677000000003318
nancy,8,10000,2175.4753,2175.741,0.26569999999992433
nancy,8,10000,2179.8381,2179.9688,0.1307000000001608
nancy,8,10000,2183.591,2183.8528,0.2618000000002212
nancy,8,10000,2187.6565,2187.917,0.2604999999998654
nancy,8,10000,2191.859,2192.0146,0.15560000000004948
nancy,8,10000,2196.012,2196.275,0.26299999999991996
nantes,8,10000,2206.4055,2206.749,0.34349999999994907
nancy,8,10000,2199.8909,2200.1565,0.2656000000001768
nancy,8,10000,2204.099,2204.2507,0.1516999999998916
nancy,8,10000,2208.109,2208.3926,0.2836000000002059
nancy,8,10000,2212.2249,2212.4917,0.2667999999998756
nancy,8,10000,2216.4685,2216.7366,0.2681000000002314
nancy,8,10000,2220.586,2220.8499,0.26390000000037617
nancy,8,10000,2175.6072,2175.9312,0.3240000000000691
nancy,8,10000,2179.447,2179.7734,0.3263999999999214
nancy,8,10000,2183.195,2183.5144,0.3193999999998596
nancy,8,10000,2187.301,2187.6184,0.31739999999990687
nancy,8,10000,2341.5576,2341.8801,0.32249999999976353
nantes,8,10000,2212.9917,2213.2974,0.30569999999988795
nancy,8,10000,2191.2903,2191.6162,0.32589999999981956
nancy,8,10000,2195.1973,2195.5168,0.31950000000006185
nancy,8,10000,2199.1802,2199.5042,0.3240000000000691
nancy,8,10000,2203.2683,2203.5896,0.32129999999961
nancy,8,10000,2206.9917,2207.314,0.32229999999981374
nancy,8,10000,2210.854,2211.2163,0.3623000000002321
nancy,8,10000,2214.8083,2215.2249,0.41660000000001673
nancy,8,10000,2218.6484,2218.9707,0.32229999999981374
nancy,8,10000,2222.5322,2222.8542,0.3220000000001164
nancy,8,10000,2226.1453,2226.4734,0.32809999999972206
nantes,8,10000,2219.5808,2219.676,0.09519999999974971
nancy,8,10000,2230.0042,2230.3313,0.3270999999999731
nantes,8,10000,2018.1187,2018.2822,0.16350000000011278
nantes,8,10000,2023.972,2024.0714,0.09940000000005966
nantes,8,10000,2029.5353,2029.7294,0.19409999999993488
nantes,8,10000,2036.2272,2036.4418,0.21460000000001855
nantes,8,10000,2041.8527,2042.0294,0.17669999999998254
nantes,8,10000,2047.9336,2048.0889,0.15530000000012478
nantes,8,10000,2053.7007,2053.8027,0.1020000000003165
nantes,8,10000,2060.251,2060.335,0.08399999999983265
nantes,8,10000,2065.505,2065.708,0.20299999999997453
nantes,8,10000,2225.4863,2225.8237,0.3373999999998887
nantes,8,10000,2072.4365,2072.5962,0.15970000000015716
nantes,8,10000,2078.4705,2078.5737,0.10320000000001528
nantes,8,10000,2084.9429,2085.1038,0.16089999999985594
nantes,8,10000,2090.4563,2090.688,0.23170000000027358
nantes,8,10000,2096.9595,2097.1106,0.1511000000000422
nantes,8,10000,2102.864,2103.066,0.2019999999997708
rennes,8,10000,2042.2018,2042.2809,0.07909999999992579
rennes,8,10000,2046.3777,2046.6521,0.2744000000000142
rennes,8,10000,2051.4944,2051.774,0.27959999999984575
rennes,8,10000,2056.7046,2056.7976,0.0929999999998472
nantes,8,10000,2232.1636,2232.2646,0.10100000000011278
rennes,8,10000,2060.932,2061.2163,0.28430000000025757
rennes,8,10000,2065.9988,2066.2314,0.23260000000027503
rennes,8,10000,2071.0088,2071.2607,0.25189999999975043
rennes,8,10000,2075.8557,2076.0894,0.23369999999977153
rennes,8,10000,2080.4663,2080.721,0.25469999999995707
rennes,8,10000,2085.7917,2086.0474,0.25569999999970605
rennes,8,10000,2090.602,2090.8694,0.2674000000001797
rennes,8,10000,2095.6377,2095.8984,0.2606999999998152
rennes,8,10000,2100.0957,2100.3628,0.26710000000002765
rennes,8,10000,2105.9414,2106.03,0.0886000000000422
nantes,8,10000,2237.4119,2237.6438,0.23189999999976862
rennes,8,10000,2110.2693,2110.5232,0.2539000000001579
lyon,8,10000,1983.3763,1983.5181,0.14180000000010295
lyon,8,10000,1988.2247,1988.5823,0.35760000000004766
lyon,8,10000,1994.3363,1994.5873,0.25099999999997635
lyon,8,10000,1999.3219,1999.6407,0.3188000000000102
lyon,8,10000,2005.8446,2006.175,0.3304000000000542
lyon,8,10000,2011.0559,2011.3063,0.2503999999998996
lyon,8,10000,2017.8583,2017.9644,0.10609999999996944
lyon,8,10000,2023.4092,2023.7004,0.29119999999988977
lyon,8,10000,2028.3411,2028.6012,0.2600999999999658
nantes,8,10000,2244.3635,2244.469,0.10550000000012005
lyon,8,10000,2034.5867,2035.0275,0.44079999999985375
lyon,8,10000,2039.9813,2040.2444,0.26310000000012224
lyon,8,10000,2046.5951,2046.7765,0.1813999999999396
lyon,8,10000,2051.8406,2052.1091,0.26850000000013097
lyon,8,10000,2058.4663,2058.6997,0.23340000000007421
lyon,8,10000,2063.9297,2064.2278,0.2980999999999767
rennes,8,10000,2011.6887,2012.0092,0.3205000000000382
rennes,8,10000,2016.8679,2016.9447,0.07680000000004839
rennes,8,10000,2021.3683,2021.7218,0.35349999999994
rennes,8,10000,2026.4337,2026.7572,0.32349999999996726
nantes,8,10000,2249.4885,2249.7483,0.2598000000002685
rennes,8,10000,2031.8481,2032.177,0.328899999999976
rennes,8,10000,2036.7932,2037.0822,0.28899999999998727
rennes,8,10000,2041.3611,2041.7418,0.3806999999999334
rennes,8,10000,2046.2949,2046.4055,0.11059999999997672
rennes,8,10000,2050.896,2051.2495,0.3534999999997126
rennes,8,10000,2056.2366,2056.5698,0.33320000000003347
rennes,8,10000,2060.8584,2061.156,0.29759999999987485
rennes,8,10000,2066.0806,2066.4805,0.3999000000003434
rennes,8,10000,2070.9883,2071.3142,0.32589999999981956
rennes,8,10000,2076.16,2076.5461,0.38610000000016953
nantes,8,10000,2256.2275,2256.579,0.35150000000021464
rennes,8,10000,2080.817,2081.0889,0.271900000000187
nancy,8,10000,2085.368,2085.5854,0.21739999999999782
nancy,8,10000,2089.0635,2089.321,0.25749999999970896
nancy,8,10000,2093.1694,2093.393,0.22359999999980573
nancy,8,10000,2097.272,2097.5408,0.26880000000028303
nancy,8,10000,2101.3545,2101.618,0.26350000000002183
nancy,8,10000,2105.3174,2105.5803,0.26290000000017244
nancy,8,10000,2109.3984,2109.6646,0.2662000000000262
nancy,8,10000,2113.3264,2113.5872,0.26080000000001746
nancy,8,10000,2117.4014,2117.5554,0.15399999999999636
nantes,8,10000,2261.6975,2261.9275,0.22999999999956344
nancy,8,10000,2121.3376,2121.6086,0.27100000000018554
nancy,8,10000,2125.5652,2125.7195,0.15430000000014843
nancy,8,10000,2129.6545,2129.8071,0.15259999999989304
nancy,8,10000,2133.658,2133.9229,0.26490000000012515
nancy,8,10000,2137.777,2137.9907,0.21369999999978972
nancy,8,10000,2142.133,2142.2847,0.15170000000034634
lyon,8,10000,1525.106,1525.2574,0.1513999999999669
lyon,8,10000,1535.3754,1535.723,0.34760000000005675
lyon,8,10000,1546.3822,1546.7582,0.37599999999997635
lyon,8,10000,1557.3528,1557.7831,0.43030000000021573
nantes,8,10000,2268.1,2268.3296,0.2296000000001186
lyon,8,10000,1569.6066,1569.9708,0.36419999999998254
lyon,8,10000,1580.9386,1581.3828,0.44420000000013715
lyon,8,10000,1592.2693,1592.6919,0.4226000000001022
lyon,8,10000,1603.5009,1603.9231,0.42219999999997526
lyon,8,10000,1614.9261,1615.304,0.37790000000018154
lyon,8,10000,1626.2064,1626.5781,0.3716999999999189
lyon,8,10000,1638.3853,1638.5891,0.2038000000000011
lyon,8,10000,1649.2543,1649.6013,0.34699999999998
lyon,8,10000,1660.2728,1660.6799,0.4071000000001277
lyon,8,10000,1672.1638,1672.5446,0.3807999999999083
nancy,8,10000,2345.6824,2345.9956,0.31320000000005166
nantes,8,10000,2273.7678,2274.097,0.32920000000012806
lyon,8,10000,1683.0339,1683.4246,0.3907000000001517
lyon,8,10000,2216.847,2217.1167,0.26969999999982974
lyon,8,10000,2222.8848,2222.9653,0.0805000000000291
lyon,8,10000,2229.9111,2230.198,0.28690000000005966
lyon,8,10000,2234.577,2234.924,0.3469999999997526
lyon,8,10000,2241.392,2241.6875,0.2955000000001746
lyon,8,10000,2246.4878,2246.8896,0.40180000000009386
lyon,8,10000,2253.5166,2253.626,0.10940000000027794
lyon,8,10000,2258.2302,2258.5999,0.36970000000019354
lyon,8,10000,2264.4927,2264.8188,0.3261000000002241
nancy,8,10000,2349.683,2350.0042,0.3211999999998625
lyon,8,10000,2270.3535,2270.4412,0.08770000000004075
lyon,8,10000,2276.3027,2276.6365,0.33379999999988286
lyon,8,10000,2280.9622,2281.293,0.33080000000018117
lyon,8,10000,2286.7087,2287.0913,0.38259999999991123
lyon,8,10000,2293.4487,2293.8572,0.40850000000000364
lyon,8,10000,2299.0571,2299.4487,0.3915999999999258
nantes,8,10000,2193.6394,2193.8843,0.24490000000014334
nantes,8,10000,2199.518,2199.6868,0.16879999999991924
nantes,8,10000,2205.2007,2205.4197,0.21900000000005093
nantes,8,10000,2211.4448,2211.6475,0.20269999999982247
nancy,8,10000,2353.815,2354.1328,0.31779999999980646
nantes,8,10000,2217.2083,2217.4492,0.24090000000023792
nantes,8,10000,2223.793,2223.8975,0.10449999999991633
nantes,8,10000,2229.082,2229.2712,0.18920000000025539
nantes,8,10000,2235.5618,2235.723,0.161200000000008
nantes,8,10000,2240.626,2240.8499,0.2238999999999578
nantes,8,10000,2247.0964,2247.3313,0.23489999999992506
nantes,8,10000,2252.4985,2252.7393,0.24080000000003565
nantes,8,10000,2259.0688,2259.2932,0.22440000000005966
nantes,8,10000,2264.98,2265.1245,0.14449999999987995
nantes,8,10000,2271.4932,2271.662,0.16879999999991924
nancy,8,10000,2357.5771,2357.906,0.328899999999976
nantes,8,10000,2277.4048,2277.6396,0.23480000000017753
nantes,8,10000,2174.8916,2174.9805,0.08890000000019427
nantes,8,10000,2180.8313,2180.9912,0.15990000000010696
nantes,8,10000,2186.8323,2186.9941,0.1617999999998574
nantes,8,10000,2192.8481,2193.039,0.19090000000005602
nantes,8,10000,2198.5369,2198.6218,0.08489999999983411
nantes,8,10000,2204.9517,2205.0713,0.11959999999999127
nantes,8,10000,2210.1733,2210.325,0.1516999999998916
nantes,8,10000,2216.6274,2216.9038,0.27640000000019427
nantes,8,10000,2222.1404,2222.3018,0.1613999999999578
nancy,8,10000,2361.8704,2362.1975,0.3271000000004278
nantes,8,10000,2228.8662,2229.0967,0.23050000000012005
nantes,8,10000,2234.2896,2234.4285,0.13889999999992142
nantes,8,10000,2240.8145,2240.9802,0.16570000000001528
nantes,8,10000,2246.4187,2246.5923,0.17359999999962383
nantes,8,10000,2252.7427,2252.9,0.15730000000030486
nantes,8,10000,2259.078,2259.2524,0.17439999999987776
rennes,8,10000,2221.58,2221.8064,0.22640000000001237
rennes,8,10000,2226.6992,2226.923,0.22379999999975553
rennes,8,10000,2231.7456,2231.971,0.22539999999980864
rennes,8,10000,2236.517,2236.7642,0.2472000000002481
nancy,8,10000,2365.879,2366.1406,0.2616000000002714
rennes,8,10000,2241.2002,2241.4321,0.23189999999976862
rennes,8,10000,2246.583,2246.6755,0.09249999999974534
rennes,8,10000,2251.0737,2251.287,0.21329999999989013
rennes,8,10000,2256.2314,2256.4822,0.2507999999997992
rennes,8,10000,2261.253,2261.5042,0.2511999999996988
rennes,8,10000,2265.8386,2266.064,0.22539999999980864
rennes,8,10000,2270.674,2270.906,0.2319999999999709
rennes,8,10000,2275.9746,2276.091,0.11639999999988504
rennes,8,10000,2280.7456,2281.0046,0.25900000000001455
rennes,8,10000,2285.4058,2285.6562,0.2503999999998996
nancy,8,10000,2369.7732,2370.1433,0.37010000000009313
rennes,8,10000,2290.2446,2290.4758,0.2312000000001717
nantes,8,10000,2121.8228,2122.0464,0.22360000000026048
nantes,8,10000,2128.0886,2128.24,0.15139999999973952
nantes,8,10000,2133.1873,2133.327,0.13970000000017535
nantes,8,10000,2139.5374,2139.6917,0.15429999999969368
nantes,8,10000,2145.0168,2145.2402,0.22340000000031068
nantes,8,10000,2152.25,2152.4062,0.15619999999989886
nantes,8,10000,2157.6,2157.8298,0.2298000000000684
nantes,8,10000,2163.7185,2163.9119,0.1934000000001106
nantes,8,10000,2168.9675,2169.1357,0.1681999999996151
nancy,9,10000,2298.2097,2298.305,0.09529999999995198
nancy,9,10000,2334.201,2334.3904,0.18940000000020518
nantes,9,10000,2174.7227,2174.9287,0.20600000000013097
nantes,9,10000,2180.8179,2180.9836,0.16570000000001528
nantes,9,10000,2186.9524,2187.2205,0.26809999999977663
nantes,9,10000,2192.5168,2192.685,0.16820000000006985
nantes,9,10000,2199.191,2199.475,0.2840000000001055
nantes,9,10000,2205.2576,2205.4136,0.15599999999994907
rennes,9,10000,2183.034,2183.3054,0.27140000000008513
rennes,9,10000,2187.7312,2188.09,0.3587999999999738
rennes,9,10000,2192.8357,2193.0735,0.23779999999987922
rennes,9,10000,2197.736,2198.008,0.2719999999999345
nancy,9,10000,2338.2856,2338.385,0.09940000000005966
rennes,9,10000,2203.2407,2203.3174,0.07670000000007349
rennes,9,10000,2207.952,2208.039,0.08699999999998909
rennes,9,10000,2213.089,2213.161,0.07200000000011642
rennes,9,10000,2217.5496,2217.82,0.27040000000033615
rennes,9,10000,2222.8232,2223.0793,0.2561000000000604
rennes,9,10000,2227.6282,2227.862,0.2337999999999738
rennes,9,10000,2232.6472,2232.9011,0.2539000000001579
rennes,9,10000,2237.3025,2237.5454,0.24290000000019063
rennes,9,10000,2242.0674,2242.343,0.27559999999994034
rennes,9,10000,2246.7803,2246.9983,0.21800000000030195
nancy,9,10000,2342.2808,2342.4868,0.20600000000013097
rennes,9,10000,2251.8003,2252.074,0.2737000000001899
lyon,9,10000,1650.0531,1650.2217,0.16859999999996944
lyon,9,10000,1660.3666,1660.6055,0.23889999999983047
lyon,9,10000,1671.4148,1671.6669,0.2520999999999276
lyon,9,10000,1682.9186,1683.0623,0.14370000000008076
lyon,9,10000,1694.097,1694.3204,0.2234000000000833
lyon,9,10000,1705.4949,1705.743,0.2481000000000222
lyon,9,10000,1717.3986,1717.7251,0.3265000000001237
lyon,9,10000,1728.9932,1729.1438,0.1506000000001677
lyon,9,10000,1739.8604,1740.1344,0.2739999999998872
nancy,9,10000,2346.2847,2346.3806,0.09589999999980137
lyon,9,10000,1750.7668,1750.9902,0.22339999999985594
lyon,9,10000,1762.5194,1762.6805,0.1611000000000331
lyon,9,10000,1772.9515,1773.1858,0.23430000000007567
lyon,9,10000,1784.309,1784.5094,0.20039999999994507
lyon,9,10000,1795.5422,1795.7828,0.24059999999985848
lyon,9,10000,1807.1375,1807.39,0.25250000000005457
lyon,9,10000,2097.6719,2097.8062,0.13430000000016662
lyon,9,10000,2104.021,2104.0952,0.07420000000001892
lyon,9,10000,2109.528,2109.6245,0.0965000000001055
lyon,9,10000,2115.126,2115.2603,0.13429999999971187
nancy,9,10000,2350.098,2350.2727,0.17470000000002983
lyon,9,10000,2121.0435,2121.211,0.16749999999956344
lyon,9,10000,2126.7017,2126.8298,0.12809999999990396
lyon,9,10000,2132.4897,2132.6296,0.13990000000012515
lyon,9,10000,2138.6272,2138.8992,0.2719999999999345
lyon,9,10000,2143.7866,2143.8943,0.10770000000002256
lyon,9,10000,2150.1072,2150.3079,0.20069999999986976
lyon,9,10000,2155.4363,2155.537,0.10069999999996071
lyon,9,10000,2161.9077,2162.038,0.13029999999980646
lyon,9,10000,2167.6206,2167.7173,0.09669999999960055
lyon,9,10000,2173.72,2173.9187,0.1987000000003718
nancy,9,10000,2354.08,2354.179,0.09900000000016007
lyon,9,10000,2179.5413,2179.6814,0.14010000000007494
rennes,9,10000,2089.0835,2089.3533,0.269800000000032
rennes,9,10000,2094.2598,2094.3494,0.08960000000024593
rennes,9,10000,2099.2463,2099.551,0.30470000000013897
rennes,9,10000,2104.185,2104.4385,0.2535000000002583
rennes,9,10000,2109.171,2109.4983,0.3273000000003776
rennes,9,10000,2114.3271,2114.6138,0.28670000000010987
rennes,9,10000,2119.3096,2119.5303,0.22069999999985157
rennes,9,10000,2124.6704,2124.7593,0.08890000000019427
rennes,9,10000,2129.2405,2129.4915,0.2510000000002037
nantes,9,10000,2171.6204,2171.7747,0.15430000000014843
rennes,9,10000,2134.0393,2134.2722,0.23289999999997235
rennes,9,10000,2139.4739,2139.551,0.07709999999997308
rennes,9,10000,2144.128,2144.419,0.2909999999997126
rennes,9,10000,2149.2117,2149.5105,0.2988000000000284
rennes,9,10000,2153.863,2154.1973,0.3342999999999847
rennes,9,10000,2159.002,2159.2908,0.28880000000026484
nancy,9,10000,2182.817,2183.0935,0.2764999999999418
nancy,9,10000,2186.6165,2186.879,0.2624999999998181
nancy,9,10000,2190.5977,2190.8582,0.26050000000032014
nancy,9,10000,2194.5715,2194.926,0.3544999999999163
nantes,9,10000,2176.5618,2176.7654,0.20360000000027867
nancy,9,10000,2198.6792,2199.0034,0.3242000000000189
nancy,9,10000,2202.85,2203.1155,0.26549999999997453
nancy,9,10000,2206.735,2207.0054,0.2703999999998814
nancy,9,10000,2210.721,2211.0483,0.3272999999999229
nancy,9,10000,2214.9736,2215.241,0.2674000000001797
nancy,9,10000,2218.8372,2219.2668,0.4295999999999367
nancy,9,10000,2222.939,2223.3254,0.3864000000003216
nancy,9,10000,2226.7722,2227.1345,0.3623000000002321
nancy,9,10000,2230.81,2231.1653,0.35530000000017026
nancy,9,10000,2234.8103,2235.1365,0.3261999999999716
nantes,9,10000,2182.192,2182.3496,0.15760000000000218
nancy,9,10000,2238.859,2239.1287,0.2697000000002845
nancy,9,10000,2171.7136,2171.7915,0.07789999999977226
nancy,9,10000,2175.4148,2175.5325,0.11769999999978609
nancy,9,10000,2179.124,2179.2056,0.08159999999998035
nancy,9,10000,2183.163,2183.2405,0.07749999999987267
nancy,9,10000,2187.1807,2187.2566,0.0759000000002743
nancy,9,10000,2190.9355,2191.012,0.07650000000012369
nancy,9,10000,2194.7048,2194.8064,0.10159999999996217
nancy,9,10000,2198.7751,2198.851,0.0759000000002743
nancy,9,10000,2202.6963,2202.7688,0.07249999999976353
nantes,9,10000,2189.3684,2189.5942,0.22580000000016298
nancy,9,10000,2206.7747,2206.852,0.07729999999992287
nancy,9,10000,2210.7644,2210.8418,0.07740000000012515
nancy,9,10000,2214.6646,2214.7388,0.07420000000001892
nancy,9,10000,2218.286,2218.3877,0.10170000000016444
nancy,9,10000,2222.0586,2222.1392,0.08060000000023138
nancy,9,10000,2225.9316,2226.0117,0.08010000000012951
nancy,9,10000,2144.3975,2144.8037,0.40619999999989886
nancy,9,10000,2148.6965,2148.9583,0.26179999999976644
nancy,9,10000,2152.7559,2153.0803,0.3243999999999687
nancy,9,10000,2156.8403,2157.1985,0.3582000000001244
nancy,9,10000,2301.916,2302.0146,0.09859999999980573
nantes,9,10000,2194.8142,2195.0613,0.24710000000004584
nancy,9,10000,2160.8005,2161.0657,0.2652000000002772
nancy,9,10000,2164.7659,2165.0237,0.2578000000003158
nancy,9,10000,2168.7324,2169.0823,0.3499000000001615
nancy,9,10000,2172.7502,2173.0715,0.32130000000006476
nancy,9,10000,2176.8042,2177.1333,0.3290999999999258
nancy,9,10000,2180.8403,2181.167,0.3267000000000735
nancy,9,10000,2184.9187,2185.3315,0.41279999999960637
nancy,9,10000,2188.9583,2189.2795,0.32120000000031723
nancy,9,10000,2193.087,2193.3538,0.2667999999998756
nancy,9,10000,2197.0793,2197.4011,0.3218000000001666
nantes,9,10000,2201.3218,2201.601,0.27919999999994616
nancy,9,10000,2201.2554,2201.5957,0.34029999999984284
nantes,9,10000,1987.8163,1988.1173,0.3009999999999309
nantes,9,10000,1993.5328,1993.8158,0.28300000000012915
nantes,9,10000,1999.6622,1999.9302,0.2680000000000291
nantes,9,10000,2006.4404,2006.5248,0.08439999999995962
nantes,9,10000,2012.3469,2012.4299,0.08300000000008367
nantes,9,10000,2019.016,2019.1014,0.08539999999993597
nantes,9,10000,2024.5234,2024.833,0.30960000000004584
nantes,9,10000,2031.2212,2031.5101,0.28890000000001237
nantes,9,10000,2036.6819,2036.9375,0.2555999999999585
nantes,9,10000,2206.5542,2206.7478,0.1936000000000604
nantes,9,10000,2043.5908,2043.87,0.27919999999994616
nantes,9,10000,2049.141,2049.4321,0.29109999999991487
nantes,9,10000,2056.3372,2056.63,0.29280000000017026
nantes,9,10000,2061.7402,2061.9976,0.25739999999996144
nantes,9,10000,2068.6199,2068.916,0.296100000000024
nantes,9,10000,2074.484,2074.7434,0.25939999999991414
rennes,9,10000,2014.5886,2014.9646,0.37599999999997635
rennes,9,10000,2019.7377,2020.077,0.33930000000009386
rennes,9,10000,2025.0029,2025.1045,0.10159999999996217
rennes,9,10000,2029.5887,2029.925,0.3362999999999374
nantes,9,10000,2213.2703,2213.5217,0.25139999999964857
rennes,9,10000,2034.43,2034.5852,0.1551999999999225
rennes,9,10000,2039.3279,2039.6569,0.3289999999999509
rennes,9,10000,2044.5582,2044.8525,0.2943000000000211
rennes,9,10000,2049.3489,2049.6194,0.2705000000000837
rennes,9,10000,2054.1748,2054.5454,0.370600000000195
rennes,9,10000,2059.311,2059.701,0.38999999999987267
rennes,9,10000,2064.0098,2064.3857,0.37590000000000146
rennes,9,10000,2069.1438,2069.5398,0.39600000000018554
rennes,9,10000,2074.2224,2074.3198,0.09740000000010696
rennes,9,10000,2078.2915,2078.6501,0.358600000000024
nantes,9,10000,2218.4604,2218.6147,0.15430000000014843
rennes,9,10000,2083.5364,2083.9004,0.36400000000003274
lyon,9,10000,1993.839,1993.9822,0.1431999999999789
lyon,9,10000,1999.1283,1999.2896,0.1612999999999829
lyon,9,10000,2005.3663,2005.5492,0.18290000000001783
lyon,9,10000,2010.5598,2010.8452,0.28539999999998145
lyon,9,10000,2016.7354,2016.8965,0.1611000000000331
lyon,9,10000,2023.581,2023.7542,0.173200000000179
lyon,9,10000,2028.8704,2029.1595,0.28909999999996217
lyon,9,10000,2034.9459,2035.1105,0.16460000000006403
lyon,9,10000,2040.4811,2040.6509,0.16980000000012296
nantes,9,10000,2225.1006,2225.3271,0.2264999999997599
lyon,9,10000,2046.6063,2046.8004,0.19410000000016225
lyon,9,10000,2052.342,2052.5605,0.21849999999994907
lyon,9,10000,2058.8042,2059.081,0.27680000000009386
lyon,9,10000,2064.3506,2064.555,0.2043999999996231
lyon,9,10000,2070.992,2071.239,0.24699999999984357
lyon,9,10000,2076.7622,2076.9348,0.17259999999987485
rennes,9,10000,1993.2191,1993.5054,0.2862999999999829
rennes,9,10000,1997.3188,1997.6223,0.30349999999998545
rennes,9,10000,2002.8804,2003.1705,0.2900999999999385
rennes,9,10000,2007.5856,2007.8252,0.23959999999988213
nantes,9,10000,2230.7358,2230.9001,0.16429999999991196
rennes,9,10000,2013.382,2013.5198,0.13779999999997017
rennes,9,10000,2018.039,2018.3246,0.28559999999993124
rennes,9,10000,2023.2472,2023.4993,0.2520999999999276
rennes,9,10000,2028.0511,2028.3685,0.31740000000013424
rennes,9,10000,2033.037,2033.2949,0.2579000000000633
rennes,9,10000,2037.6904,2037.9584,0.2680000000000291
rennes,9,10000,2042.906,2043.2303,0.3242999999999938
rennes,9,10000,2047.852,2048.148,0.2960000000000491
rennes,9,10000,2052.4773,2052.759,0.2817000000000007
rennes,9,10000,2057.3796,2057.673,0.2933999999995649
nantes,9,10000,2237.4775,2237.644,0.16649999999981446
rennes,9,10000,2062.6199,2062.8633,0.24339999999983775
nancy,9,10000,2058.3638,2058.436,0.07220000000006621
nancy,9,10000,2062.0007,2062.0823,0.08159999999998035
nancy,9,10000,2065.902,2066.0598,0.15779999999995198
nancy,9,10000,2069.9514,2070.0308,0.07940000000007785
nancy,9,10000,2073.9116,2074.036,0.12440000000015061
nancy,9,10000,2077.6816,2077.8481,0.1665000000002692
nancy,9,10000,2081.8433,2081.9236,0.08030000000007931
nancy,9,10000,2085.7195,2085.8555,0.13599999999996726
nancy,9,10000,2089.7075,2089.841,0.1334999999999127
nantes,9,10000,2242.5461,2242.6904,0.14429999999993015
nancy,9,10000,2093.6953,2093.8254,0.1301000000003114
nancy,9,10000,2097.554,2097.629,0.0749999999998181
nancy,9,10000,2101.4536,2101.5234,0.06980000000021391
nancy,9,10000,2105.3625,2105.4885,0.12599999999974898
nancy,9,10000,2109.3455,2109.4202,0.07470000000012078
nancy,9,10000,2113.2773,2113.3472,0.06989999999996144
lyon,9,10000,1472.2255,1472.6461,0.42059999999992215
lyon,9,10000,1482.9115,1483.3152,0.40370000000007167
lyon,9,10000,1494.0479,1494.4316,0.3836999999998625
lyon,9,10000,1505.3589,1505.7928,0.4338999999999942
nantes,9,10000,2249.9443,2250.0913,0.14699999999993452
lyon,9,10000,1517.1232,1517.2616,0.13840000000004693
lyon,9,10000,1527.8208,1528.2368,0.41599999999994
lyon,9,10000,1538.5804,1539.0042,0.4238000000000284
lyon,9,10000,1550.2594,1550.4098,0.15039999999999054
lyon,9,10000,1561.2368,1561.6312,0.3944000000001324
lyon,9,10000,1572.2408,1572.6766,0.435799999999972
lyon,9,10000,1583.3853,1583.8435,0.45820000000003347
lyon,9,10000,1594.5792,1595.0468,0.467600000000175
lyon,9,10000,1605.5684,1605.9937,0.4252999999998792
lyon,9,10000,1617.236,1617.6805,0.44449999999983447
nancy,9,10000,2306.0989,2306.2686,0.1696999999999207
nantes,9,10000,2255.3618,2255.6172,0.25540000000000873
lyon,9,10000,1627.994,1628.4187,0.42470000000002983
lyon,9,10000,2192.4294,2192.656,0.22659999999996217
lyon,9,10000,2197.3665,2197.6716,0.30510000000003856
lyon,9,10000,2203.6125,2203.715,0.10249999999996362
lyon,9,10000,2209.32,2209.591,0.2709999999997308
lyon,9,10000,2214.6582,2214.9587,0.30050000000028376
lyon,9,10000,2219.8955,2220.1968,0.30130000000008295
lyon,9,10000,2225.4302,2225.7888,0.358600000000024
lyon,9,10000,2232.1936,2232.4685,0.2748999999998887
lyon,9,10000,2237.8904,2238.049,0.15859999999975116
nancy,9,10000,2309.8706,2310.0671,0.19650000000001455
lyon,9,10000,2244.1062,2244.3743,0.26809999999977663
lyon,9,10000,2248.9036,2249.2078,0.3042000000000371
lyon,9,10000,2255.523,2255.8455,0.32249999999976353
lyon,9,10000,2261.313,2261.407,0.09400000000005093
lyon,9,10000,2267.0493,2267.451,0.4016999999998916
lyon,9,10000,2272.5535,2272.8826,0.3290999999999258
nantes,9,10000,2167.8408,2167.9475,0.10670000000027358
nantes,9,10000,2173.7356,2173.831,0.09540000000015425
nantes,9,10000,2178.9155,2179.0767,0.161200000000008
nantes,9,10000,2185.1165,2185.283,0.16649999999981446
nancy,9,10000,2314.126,2314.2258,0.09979999999995925
nantes,9,10000,2191.0288,2191.2234,0.19459999999980937
nantes,9,10000,2197.4539,2197.6448,0.19090000000005602
nantes,9,10000,2203.2666,2203.368,0.10140000000001237
nantes,9,10000,2209.3464,2209.5679,0.2215000000001055
nantes,9,10000,2214.6821,2214.8745,0.19239999999990687
nantes,9,10000,2221.066,2221.3113,0.24530000000004293
nantes,9,10000,2226.881,2226.9824,0.10140000000001237
nantes,9,10000,2234.0417,2234.268,0.2262999999998101
nantes,9,10000,2239.7317,2239.8962,0.1645000000003165
nantes,9,10000,2246.7922,2247.02,0.2278000000001157
nancy,9,10000,2317.9946,2318.1707,0.17610000000013315
nantes,9,10000,2252.399,2252.5854,0.18640000000004875
nantes,9,10000,2158.1973,2158.5957,0.39840000000003783
nantes,9,10000,2164.6638,2164.9758,0.3120000000003529
nantes,9,10000,2169.9502,2170.2688,0.31859999999960564
nantes,9,10000,2176.4683,2176.781,0.3126999999999498
nantes,9,10000,2181.7932,2182.1067,0.313499999999749
nantes,9,10000,2188.867,2189.1292,0.26219999999966603
nantes,9,10000,2194.107,2194.4795,0.37249999999994543
nantes,9,10000,2200.7263,2201.052,0.3257000000003245
nantes,9,10000,2205.8528,2206.1929,0.34009999999989304
nancy,9,10000,2321.9194,2322.0952,0.17579999999998108
nantes,9,10000,2212.6553,2212.995,0.33969999999999345
nantes,9,10000,2218.9639,2219.2708,0.3068999999995867
nantes,9,10000,2225.6216,2226.0144,0.3928000000000793
nantes,9,10000,2231.2346,2231.5557,0.32110000000011496
nantes,9,10000,2238.0427,2238.4019,0.3591999999998734
nantes,9,10000,2243.6074,2244.0024,0.3949999999999818
rennes,9,10000,2185.798,2186.1392,0.34120000000029904
rennes,9,10000,2190.0833,2190.4856,0.4023000000001957
rennes,9,10000,2195.7349,2195.825,0.09009999999989304
rennes,9,10000,2200.0571,2200.5027,0.4456000000000131
nancy,9,10000,2326.1646,2326.2634,0.09879999999975553
rennes,9,10000,2205.233,2205.5835,0.3505000000000109
rennes,9,10000,2210.156,2210.5078,0.35179999999991196
rennes,9,10000,2215.5742,2215.6729,0.098700000000008
rennes,9,10000,2219.777,2220.1428,0.36580000000003565
rennes,9,10000,2225.405,2225.491,0.08599999999978536
rennes,9,10000,2230.1208,2230.482,0.3611999999998261
rennes,9,10000,2234.6272,2234.977,0.34979999999995925
rennes,9,10000,2239.695,2240.0435,0.3485000000000582
rennes,9,10000,2244.9216,2244.995,0.07339999999976499
rennes,9,10000,2249.5972,2250.059,0.4618000000000393
nancy,9,10000,2330.1597,2330.3296,0.1698999999998705
rennes,9,10000,2254.451,2254.8354,0.38439999999991414
nantes,9,10000,2119.4443,2119.5994,0.1550999999999476
nantes,9,10000,2125.9802,2126.2175,0.2373000000002321
nantes,9,10000,2131.7383,2131.9646,0.2262999999998101
nantes,9,10000,2137.9414,2138.0835,0.14210000000002765
nantes,9,10000,2144.1814,2144.3413,0.15990000000010696
nantes,9,10000,2150.0615,2150.3516,0.2901000000001659
nantes,9,10000,2156.6167,2156.845,0.2282999999997628
nantes,9,10000,2162.3882,2162.576,0.18780000000015207
nantes,9,10000,2168.4255,2168.6604,0.2349000000003798
nancy,0,100000,2318.4656,2487.082,168.61639999999989
nancy,0,100000,2354.206,2522.8628,168.65679999999975
nantes,0,100000,2115.8047,2284.457,168.65229999999974
nantes,0,100000,2122.014,2290.7427,168.72869999999966
nantes,0,100000,2128.3123,2297.0256,168.7132999999999
nantes,0,100000,2134.1135,2302.7769,168.6633999999999
nantes,0,100000,2140.8242,2309.4937,168.66949999999997
nantes,0,100000,2146.683,2315.5076,168.82459999999992
rennes,0,100000,2046.8693,2215.5415,168.67219999999975
rennes,0,100000,2051.762,2219.9211,168.15909999999985
rennes,0,100000,2057.2515,2225.3706,168.11910000000034
rennes,0,100000,2061.67,2230.3416,168.67160000000013
nancy,0,100000,2358.4893,2527.1052,168.61589999999978
rennes,0,100000,2066.5251,2235.1875,168.66240000000016
rennes,0,100000,2071.7178,2240.07,168.35220000000027
rennes,0,100000,2076.22,2244.896,168.67600000000039
rennes,0,100000,2081.0527,2249.7595,168.70679999999993
rennes,0,100000,2086.163,2254.7925,168.6295
rennes,0,100000,2090.8276,2259.507,168.6794
rennes,0,100000,2096.3564,2264.4988,168.14239999999972
rennes,0,100000,2100.5693,2269.229,168.6596999999997
rennes,0,100000,2105.4993,2274.1948,168.69550000000027
rennes,0,100000,2110.2144,2278.888,168.67360000000008
nancy,0,100000,2362.2727,2530.929,168.6563000000001
rennes,0,100000,2114.9849,2283.6494,168.66449999999986
lyon,0,100000,1608.356,1775.6088,167.25279999999998
lyon,0,100000,1620.0272,1787.2717,167.24450000000002
lyon,0,100000,1630.8599,1798.2771,167.4172000000001
lyon,0,100000,1642.5831,1809.875,167.29189999999994
lyon,0,100000,1653.7014,1821.5227,167.82130000000006
lyon,0,100000,1665.333,1833.2555,167.9224999999999
lyon,0,100000,1676.5493,1844.4073,167.85800000000017
lyon,0,100000,1688.6642,1855.8054,167.14120000000003
lyon,0,100000,1699.8611,1867.306,167.44489999999996
nancy,0,100000,2366.5657,2535.2134,168.6477
lyon,0,100000,1710.366,1878.2146,167.84860000000003
lyon,0,100000,1721.431,1889.2885,167.85750000000007
lyon,0,100000,1733.2683,1901.1252,167.8569
lyon,0,100000,1745.0082,1912.8918,167.88360000000011
lyon,0,100000,1755.815,1923.646,167.8309999999999
lyon,0,100000,1767.2317,1935.1301,167.89840000000004
lyon,0,100000,2025.6262,2194.335,168.7088000000001
lyon,0,100000,2031.1942,2199.4763,168.2820999999999
lyon,0,100000,2036.9062,2205.5889,168.6827000000003
lyon,0,100000,2043.0463,2211.2905,168.2442000000001
nancy,0,100000,2370.4763,2539.0916,168.6153000000004
lyon,0,100000,2049.087,2217.7595,168.67250000000013
lyon,0,100000,2054.4822,2223.1458,168.66359999999986
lyon,0,100000,2060.494,2229.186,168.692
lyon,0,100000,2066.27,2234.5774,168.30740000000014
lyon,0,100000,2072.4258,2241.1196,168.6938
lyon,0,100000,2077.429,2246.0898,168.6608000000001
lyon,0,100000,2083.9685,2252.6765,168.70800000000008
lyon,0,100000,2089.3955,2257.722,168.32650000000012
lyon,0,100000,2095.4502,2264.1443,168.6940999999997
lyon,0,100000,2101.5776,2269.8582,168.28060000000005
nancy,0,100000,2374.5083,2543.158,168.64969999999994
lyon,0,100000,2107.118,2275.7695,168.65149999999994
rennes,0,100000,1969.0951,2137.1953,168.10019999999986
rennes,0,100000,1972.9147,2141.7854,168.87070000000017
rennes,0,100000,1978.1418,2146.7478,168.606
rennes,0,100000,1983.0742,2152.2039,169.12969999999996
rennes,0,100000,1988.6907,2156.814,168.12329999999974
rennes,0,100000,1993.0403,2161.6987,168.65840000000003
rennes,0,100000,1998.2152,2167.0278,168.81259999999975
rennes,0,100000,2003.3274,2171.9202,168.59280000000012
rennes,0,100000,2008.0479,2176.7302,168.68229999999994
nantes,0,100000,2190.284,2358.8848,168.6007999999997
rennes,0,100000,2013.3707,2181.4963,168.12559999999985
rennes,0,100000,2017.5056,2186.2202,168.71460000000025
rennes,0,100000,2022.8357,2191.664,168.82830000000013
rennes,0,100000,2027.6702,2196.4102,168.73999999999978
rennes,0,100000,2033.0145,2201.6968,168.68230000000017
rennes,0,100000,2038.0142,2206.7039,168.6896999999999
nancy,0,100000,2130.526,2299.1392,168.61320000000023
nancy,0,100000,2134.959,2303.1072,168.1482000000001
nancy,0,100000,2138.4553,2307.068,168.61270000000013
nancy,0,100000,2142.7056,2311.3508,168.6452000000004
nantes,0,100000,2195.9573,2364.2808,168.32349999999997
nancy,0,100000,2146.5923,2315.205,168.61270000000013
nancy,0,100000,2150.8801,2318.9797,168.0996
nancy,0,100000,2154.6326,2323.204,168.57140000000027
nancy,0,100000,2158.6855,2327.2996,168.61409999999978
nancy,0,100000,2162.678,2331.2925,168.61450000000013
nancy,0,100000,2166.8809,2335.4875,168.60660000000007
nancy,0,100000,2170.987,2339.601,168.61400000000003
nancy,0,100000,2174.949,2343.5938,168.64480000000003
nancy,0,100000,2178.8958,2347.5083,168.61250000000018
nancy,0,100000,2183.2915,2351.9385,168.6470000000004
nantes,0,100000,2202.2996,2370.9968,168.69720000000007
nancy,0,100000,2187.5342,2356.2163,168.6821
nancy,0,100000,2103.0203,2271.7073,168.6869999999999
nancy,0,100000,2106.822,2275.4421,168.6201000000001
nancy,0,100000,2110.8247,2279.5493,168.7246
nancy,0,100000,2114.9998,2283.616,168.61619999999994
nancy,0,100000,2119.2412,2287.924,168.68280000000004
nancy,0,100000,2123.273,2291.891,168.61799999999994
nancy,0,100000,2127.2537,2295.9797,168.72599999999966
nancy,0,100000,2131.3691,2299.9895,168.62040000000025
nancy,0,100000,2135.2522,2303.979,168.7267999999999
nantes,0,100000,2208.2917,2376.5474,168.2556999999997
nancy,0,100000,2139.267,2307.9526,168.68560000000025
nancy,0,100000,2143.1768,2311.9858,168.80899999999974
nancy,0,100000,2147.122,2315.8086,168.6866
nancy,0,100000,2150.9348,2319.6575,168.7226999999998
nancy,0,100000,2155.3564,2324.0828,168.7264
nancy,0,100000,2159.4563,2328.2761,168.8198000000002
nancy,0,100000,2075.9778,2244.5913,168.61349999999993
nancy,0,100000,2079.6873,2248.3623,168.67499999999973
nancy,0,100000,2083.7039,2252.3179,168.61400000000003
nancy,0,100000,2087.7178,2256.461,168.7431999999999
nancy,0,100000,2322.3076,2490.9568,168.64919999999984
nantes,0,100000,2214.6821,2382.9631,168.28099999999995
nancy,0,100000,2091.9404,2260.3108,168.37040000000025
nancy,0,100000,2095.7097,2264.3018,168.5921000000003
nancy,0,100000,2099.7366,2268.4868,168.75019999999995
nancy,0,100000,2104.1716,2272.7874,168.61580000000004
nancy,0,100000,2108.2468,2276.819,168.57220000000007
nancy,0,100000,2112.3022,2280.9065,168.60429999999997
nancy,0,100000,2116.2734,2284.8394,168.5659999999998
nancy,0,100000,2120.343,2288.9512,168.60820000000012
nancy,0,100000,2124.2168,2292.8298,168.61299999999983
nancy,0,100000,2128.5142,2297.1567,168.64249999999993
nantes,0,100000,2220.516,2389.1636,168.64759999999978
nancy,0,100000,2132.5327,2301.1458,168.61309999999958
nantes,0,100000,1923.9099,2092.7227,168.8127999999997
nantes,0,100000,1929.7518,2098.0857,168.33390000000009
nantes,0,100000,1935.6027,2104.228,168.62530000000015
nantes,0,100000,1941.9373,2110.2378,168.30049999999983
nantes,0,100000,1947.6101,2116.2175,168.6074000000001
nantes,0,100000,1954.2549,2122.8718,168.6169
nantes,0,100000,1959.9832,2128.627,168.64380000000006
nantes,0,100000,1966.4392,2135.058,168.61879999999996
nantes,0,100000,1972.0387,2140.664,168.62530000000015
nantes,0,100000,2226.6438,2395.3003,168.65650000000005
nantes,0,100000,1978.8435,2147.424,168.58050000000003
nantes,0,100000,1984.1904,2152.831,168.64060000000018
nantes,0,100000,1991.0693,2159.7058,168.63650000000007
nantes,0,100000,1996.5962,2165.1895,168.5933
nantes,0,100000,2003.3949,2172.0217,168.62679999999978
nantes,0,100000,2008.9369,2177.5562,168.61930000000007
rennes,0,100000,1982.2977,2150.9985,168.70080000000007
rennes,0,100000,1987.0687,2155.773,168.7043000000001
rennes,0,100000,1992.2197,2160.902,168.68229999999994
rennes,0,100000,1997.083,2165.801,168.71799999999985
nantes,0,100000,2232.8958,2401.5334,168.63760000000002
rennes,0,100000,2001.9391,2170.4993,168.5601999999999
rennes,0,100000,2006.7229,2175.354,168.63109999999983
rennes,0,100000,2011.3895,2180.0598,168.6703
rennes,0,100000,2016.936,2185.522,168.586
rennes,0,100000,2021.575,2190.257,168.68200000000002
rennes,0,100000,2026.3805,2194.9763,168.59579999999983
rennes,0,100000,2031.1355,2199.8423,168.7067999999997
rennes,0,100000,2036.4037,2204.8794,168.47569999999973
rennes,0,100000,2040.694,2209.4094,168.71540000000005
rennes,0,100000,2045.7809,2214.5,168.71910000000003
nantes,0,100000,2238.6143,2407.1743,168.55999999999995
rennes,0,100000,2050.5317,2219.1921,168.6604000000002
lyon,0,100000,1949.3591,2118.141,168.78190000000018
lyon,0,100000,1953.987,2122.6528,168.66579999999976
lyon,0,100000,1960.4517,2128.7979,168.34619999999995
lyon,0,100000,1966.2954,2134.942,168.64660000000003
lyon,0,100000,1971.7733,2140.4282,168.65489999999977
lyon,0,100000,1978.1869,2146.527,168.34010000000012
lyon,0,100000,1984.5173,2153.1384,168.62109999999984
lyon,0,100000,1990.7904,2159.1787,168.38829999999984
lyon,0,100000,1996.1438,2164.4563,168.31249999999977
nantes,0,100000,2245.6687,2414.2686,168.5998999999997
lyon,0,100000,2002.203,2170.8467,168.64370000000008
lyon,0,100000,2007.2104,2175.8115,168.60109999999986
lyon,0,100000,2013.9642,2182.7666,168.80240000000003
lyon,0,100000,2019.0837,2187.7214,168.6377
lyon,0,100000,2025.7253,2194.3704,168.64509999999973
lyon,0,100000,2031.3391,2199.9473,168.6081999999999
rennes,0,100000,1967.503,2135.6963,168.19330000000014
rennes,0,100000,1972.0941,2140.7214,168.62729999999988
rennes,0,100000,1977.5637,2145.7896,168.22590000000014
rennes,0,100000,1981.8599,2150.448,168.58809999999994
nantes,0,100000,2250.9187,2419.5234,168.60469999999987
rennes,0,100000,1987.484,2155.6912,168.20720000000028
rennes,0,100000,1991.6393,2160.2483,168.60900000000015
rennes,0,100000,1997.104,2165.7034,168.59939999999983
rennes,0,100000,2001.8243,2170.458,168.6337000000001
rennes,0,100000,2006.6456,2175.2776,168.63199999999983
rennes,0,100000,2011.647,2180.2527,168.60570000000007
rennes,0,100000,2016.633,2185.2249,168.59190000000012
rennes,0,100000,2021.8887,2190.0898,168.20110000000022
rennes,0,100000,2026.9045,2195.6355,168.73099999999977
rennes,0,100000,2031.8456,2200.4863,168.64069999999992
nantes,0,100000,2256.971,2425.567,168.596
rennes,0,100000,2036.5128,2205.1553,168.64249999999993
nancy,0,100000,2048.6587,2217.2925,168.63380000000006
nancy,0,100000,2052.352,2220.9675,168.61550000000034
nancy,0,100000,2056.3965,2225.1309,168.73440000000028
nancy,0,100000,2060.501,2229.118,168.61699999999973
nancy,0,100000,2064.5217,2233.1812,168.6595000000002
nancy,0,100000,2068.4531,2237.112,168.6588999999999
nancy,0,100000,2072.437,2241.0535,168.6165000000001
nancy,0,100000,2076.3518,2245.0134,168.6615999999999
nancy,0,100000,2080.4878,2249.1494,168.6615999999999
nantes,0,100000,2262.9414,2431.4878,168.54639999999972
nancy,0,100000,2084.5305,2253.1912,168.66070000000036
nancy,0,100000,2088.526,2257.1624,168.63640000000032
nancy,0,100000,2092.8066,2261.1477,168.3411000000001
nancy,0,100000,2096.4539,2265.1096,168.6556999999998
nancy,0,100000,2100.6902,2269.324,168.63380000000006
nancy,0,100000,2104.4717,2273.2334,168.76170000000002
lyon,0,100000,1463.0916,1631.7987,168.70710000000008
lyon,0,100000,1474.0876,1642.7896,168.702
lyon,0,100000,1487.5876,1656.297,168.70939999999996
lyon,0,100000,1496.5276,1664.5212,167.99360000000001
nantes,0,100000,2269.916,2438.5212,168.60519999999997
lyon,0,100000,1508.2333,1676.2789,168.04559999999992
lyon,0,100000,1519.8066,1688.504,168.69740000000002
lyon,0,100000,1531.4796,1700.2031,168.72350000000006
lyon,0,100000,1542.8641,1710.8641,168.0
lyon,0,100000,1552.9135,1721.6619,168.74839999999995
lyon,0,100000,1564.9231,1733.6116,168.68849999999998
lyon,0,100000,1575.7987,1744.5681,168.7693999999999
lyon,0,100000,1587.2388,1756.0316,168.79279999999994
lyon,0,100000,1598.5107,1767.183,168.67229999999995
lyon,0,100000,1609.586,1778.3062,168.72019999999998
nancy,0,100000,2326.1697,2494.8276,168.65790000000015
nantes,0,100000,2275.721,2444.3079,168.5868999999998
lyon,0,100000,1621.1866,1790.1254,168.9387999999999
lyon,0,100000,2174.7273,2342.9917,168.26440000000002
lyon,0,100000,2180.6616,2348.8967,168.23509999999987
lyon,0,100000,2187.3699,2355.5999,168.23000000000002
lyon,0,100000,2192.3113,2360.861,168.54970000000003
lyon,0,100000,2198.417,2367.1057,168.68870000000015
lyon,0,100000,2204.3977,2373.094,168.69630000000006
lyon,0,100000,2209.6863,2378.4646,168.77829999999994
lyon,0,100000,2216.5603,2385.1912,168.6309000000001
lyon,0,100000,2221.4197,2390.0667,168.64699999999993
nancy,0,100000,2330.2222,2498.869,168.64679999999998
lyon,0,100000,2227.2998,2395.8748,168.57500000000027
lyon,0,100000,2232.9915,2401.7102,168.7186999999999
lyon,0,100000,2239.8394,2408.5254,168.68600000000015
lyon,0,100000,2245.3777,2414.2686,168.89089999999987
lyon,0,100000,2251.9219,2420.6987,168.7768000000001
lyon,0,100000,2258.2266,2426.91,168.6833999999999
nantes,0,100000,2162.5862,2330.7878,168.20159999999987
nantes,0,100000,2167.9316,2336.1692,168.23759999999993
nantes,0,100000,2174.0505,2342.6013,168.55079999999998
nantes,0,100000,2179.3289,2347.8494,168.52050000000008
nancy,0,100000,2334.3052,2502.9536,168.64840000000004
nantes,0,100000,2185.9338,2354.4836,168.54980000000023
nantes,0,100000,2191.3716,2359.8987,168.52710000000025
nantes,0,100000,2197.5046,2366.0598,168.5551999999998
nantes,0,100000,2203.6284,2372.2668,168.63839999999982
nantes,0,100000,2210.257,2378.8113,168.55429999999978
nantes,0,100000,2217.3806,2385.6057,168.2251000000001
nantes,0,100000,2222.035,2390.5854,168.55040000000008
nantes,0,100000,2228.8638,2397.482,168.6181999999999
nantes,0,100000,2234.444,2403.0352,168.59119999999984
nantes,0,100000,2240.94,2409.4517,168.51170000000002
nancy,0,100000,2338.253,2506.8965,168.64349999999968
nantes,0,100000,2247.1545,2415.743,168.58849999999984
nantes,0,100000,2118.9626,2287.3801,168.41750000000002
nantes,0,100000,2125.2612,2293.9998,168.73860000000013
nantes,0,100000,2130.6772,2299.2795,168.6023
nantes,0,100000,2136.727,2305.5066,168.7796000000003
nantes,0,100000,2142.0613,2310.671,168.60969999999998
nantes,0,100000,2148.4456,2317.0557,168.61009999999987
nantes,0,100000,2153.5137,2322.1948,168.68110000000024
nantes,0,100000,2160.0293,2328.5981,168.5688
nantes,0,100000,2165.5938,2334.2336,168.63979999999992
nancy,0,100000,2342.2363,2510.9102,168.67389999999978
nantes,0,100000,2171.7612,2340.2656,168.50440000000026
nantes,0,100000,2177.5752,2346.1355,168.56029999999964
nantes,0,100000,2184.6365,2353.2227,168.58619999999974
nantes,0,100000,2190.199,2358.8687,168.66969999999992
nantes,0,100000,2197.074,2365.666,168.5920000000001
nantes,0,100000,2203.947,2372.0713,168.12429999999995
rennes,0,100000,2166.5923,2334.8162,168.2239000000004
rennes,0,100000,2170.8184,2339.8772,169.0587999999998
rennes,0,100000,2175.729,2344.4553,168.72630000000026
rennes,0,100000,2180.72,2349.615,168.89499999999998
nancy,0,100000,2346.1677,2514.856,168.68830000000025
rennes,0,100000,2185.8494,2354.6428,168.79340000000002
rennes,0,100000,2191.0847,2359.3594,168.27469999999994
rennes,0,100000,2195.6667,2364.3618,168.6950999999999
rennes,0,100000,2200.5166,2369.2837,168.76710000000003
rennes,0,100000,2205.6553,2374.4026,168.7473
rennes,0,100000,2210.585,2379.2979,168.7129
rennes,0,100000,2216.0874,2384.8123,168.72490000000016
rennes,0,100000,2221.0593,2389.8074,168.74810000000025
rennes,0,100000,2226.2837,2395.0342,168.7505000000001
rennes,0,100000,2231.6177,2400.3677,168.75
nancy,0,100000,2350.2385,2518.886,168.64750000000004
rennes,0,100000,2236.3992,2405.1462,168.7470000000003
nantes,0,100000,2061.927,2230.3547,168.42769999999973
nantes,0,100000,2067.3804,2236.0237,168.64330000000018
nantes,0,100000,2073.4487,2242.0586,168.60989999999993
nantes,0,100000,2079.048,2247.8801,168.83210000000008
nantes,0,100000,2086.0315,2254.6877,168.6561999999999
nantes,0,100000,2091.6687,2260.466,168.79729999999972
nantes,0,100000,2097.192,2265.5513,168.35930000000008
nantes,0,100000,2104.1687,2272.5378,168.3690999999999
nantes,0,100000,2109.1584,2277.8604,168.70200000000023
nancy,1,100000,2287.9873,2479.9194,191.93210000000045
nancy,1,100000,2324.0051,2516.0564,192.05130000000008
nantes,1,100000,2114.9033,2306.9065,192.0032000000001
nantes,1,100000,2121.8386,2313.495,191.65639999999985
nantes,1,100000,2128.0886,2320.1707,192.08210000000008
nantes,1,100000,2133.8735,2325.8672,191.9937
nantes,1,100000,2140.1858,2332.243,192.05719999999974
nantes,1,100000,2145.9329,2337.9492,192.01630000000023
rennes,1,100000,2081.424,2273.4524,192.02840000000015
rennes,1,100000,2086.8801,2278.3384,191.45830000000024
rennes,1,100000,2091.9033,2283.4375,191.53420000000006
rennes,1,100000,2096.145,2288.1694,192.02440000000024
nancy,1,100000,2328.093,2520.1646,192.07160000000022
rennes,1,100000,2101.3684,2293.4258,192.05740000000014
rennes,1,100000,2106.3486,2298.415,192.06640000000016
rennes,1,100000,2111.949,2303.4126,191.46360000000004
rennes,1,100000,2116.3694,2308.4036,192.03420000000006
rennes,1,100000,2122.0977,2313.6057,191.50800000000027
rennes,1,100000,2126.1338,2318.1729,192.03909999999996
rennes,1,100000,2130.9458,2322.955,192.00919999999996
rennes,1,100000,2136.0015,2328.0588,192.05729999999994
rennes,1,100000,2140.7805,2332.7834,192.00289999999995
rennes,1,100000,2146.0256,2338.0454,192.01980000000003
nancy,1,100000,2332.0823,2524.068,191.98570000000018
rennes,1,100000,2151.1057,2343.1748,192.0690999999997
lyon,1,100000,1607.373,1798.7576,191.38459999999986
lyon,1,100000,1618.1309,1810.164,192.03309999999988
lyon,1,100000,1628.6052,1820.6289,192.02369999999996
lyon,1,100000,1640.497,1832.021,191.5239999999999
lyon,1,100000,1650.9521,1843.0271,192.07500000000005
lyon,1,100000,1663.0879,1855.1393,192.05140000000006
lyon,1,100000,1674.5328,1866.6741,192.1413
lyon,1,100000,1685.3706,1877.4689,192.0983000000001
lyon,1,100000,1696.969,1889.024,192.05499999999984
nancy,1,100000,2335.999,2527.9312,191.9322000000002
lyon,1,100000,1707.9355,1899.9832,192.04769999999985
lyon,1,100000,1717.9338,1910.0074,192.07359999999994
lyon,1,100000,1729.9886,1922.01,192.02140000000009
lyon,1,100000,1741.3365,1933.4188,192.08230000000003
lyon,1,100000,1752.8751,1945.14,192.26490000000013
lyon,1,100000,1764.2598,1956.3427,192.08289999999988
lyon,1,100000,2011.8241,2203.931,192.1069
lyon,1,100000,2018.5304,2210.175,191.64460000000008
lyon,1,100000,2023.535,2215.4756,191.94060000000013
lyon,1,100000,2029.9838,2222.0112,192.02739999999994
nancy,1,100000,2339.78,2531.747,191.96699999999964
lyon,1,100000,2035.3206,2226.99,191.66939999999977
lyon,1,100000,2041.1312,2233.1157,191.9844999999998
lyon,1,100000,2046.2706,2238.228,191.9574
lyon,1,100000,2052.7598,2244.7478,191.98800000000028
lyon,1,100000,2058.5442,2250.22,191.67579999999998
lyon,1,100000,2064.7903,2256.4756,191.6853000000001
lyon,1,100000,2070.0232,2261.9758,191.95260000000007
lyon,1,100000,2076.455,2268.503,192.04800000000023
lyon,1,100000,2081.4998,2273.5017,192.00189999999975
lyon,1,100000,2088.5015,2280.523,192.0215000000003
nancy,1,100000,2343.6433,2535.57,191.92669999999998
lyon,1,100000,2094.6233,2286.4387,191.81539999999995
rennes,1,100000,2029.8955,2221.951,192.05549999999994
rennes,1,100000,2034.6155,2226.6895,192.07399999999984
rennes,1,100000,2039.2454,2231.3037,192.05829999999992
rennes,1,100000,2044.0889,2236.1262,192.0373000000002
rennes,1,100000,2049.291,2241.3455,192.05449999999973
rennes,1,100000,2054.129,2246.149,192.01999999999998
rennes,1,100000,2058.7207,2250.9326,192.21190000000024
rennes,1,100000,2063.8992,2255.6736,191.77440000000024
rennes,1,100000,2069.1013,2260.841,191.73970000000008
nantes,1,100000,2116.6223,2308.454,191.83170000000018
rennes,1,100000,2073.21,2265.2466,192.0365999999999
rennes,1,100000,2078.1653,2270.2444,192.07909999999993
rennes,1,100000,2083.4377,2275.4148,191.97710000000006
rennes,1,100000,2088.524,2280.3472,191.82320000000027
rennes,1,100000,2093.1355,2285.202,192.06650000000036
rennes,1,100000,2098.0107,2290.083,192.07230000000027
nancy,1,100000,2105.2317,2297.21,191.97830000000022
nancy,1,100000,2109.52,2301.5034,191.98340000000007
nancy,1,100000,2113.4358,2305.42,191.98419999999987
nancy,1,100000,2117.5645,2309.6099,192.04539999999997
nantes,1,100000,2123.5647,2315.1345,191.5698000000002
nancy,1,100000,2121.7312,2313.7356,192.0043999999998
nancy,1,100000,2125.7358,2317.7207,191.98489999999993
nancy,1,100000,2129.5432,2321.5261,191.98289999999997
nancy,1,100000,2133.5474,2325.5535,192.00610000000006
nancy,1,100000,2137.4565,2329.4614,192.00490000000036
nancy,1,100000,2141.7615,2333.8428,192.08129999999983
nancy,1,100000,2145.9783,2337.9822,192.0038999999997
nancy,1,100000,2149.961,2341.9656,192.0046000000002
nancy,1,100000,2153.8423,2345.8452,192.0029000000004
nancy,1,100000,2158.089,2350.091,192.00199999999995
nantes,1,100000,2129.2444,2320.7866,191.54219999999987
nancy,1,100000,2162.268,2354.2515,191.98349999999982
nancy,1,100000,2088.4768,2280.4978,192.02100000000019
nancy,1,100000,2092.3328,2284.3105,191.9776999999999
nancy,1,100000,2096.3616,2288.4932,192.1315999999997
nancy,1,100000,2100.0635,2292.2344,192.17089999999962
nancy,1,100000,2104.2886,2296.2686,191.98000000000002
nancy,1,100000,2108.364,2300.361,191.99699999999984
nancy,1,100000,2112.294,2304.393,192.09900000000016
nancy,1,100000,2116.4968,2308.4758,191.97900000000027
nancy,1,100000,2120.4285,2312.4255,191.99699999999984
nantes,1,100000,2135.3728,2326.9204,191.54759999999987
nancy,1,100000,2124.5264,2316.5002,191.97379999999976
nancy,1,100000,2128.602,2320.564,191.962
nancy,1,100000,2132.4102,2324.3894,191.97920000000022
nancy,1,100000,2136.5173,2328.5137,191.9964
nancy,1,100000,2140.3726,2332.3677,191.99509999999964
nancy,1,100000,2144.4312,2336.3928,191.9616000000001
nancy,1,100000,2093.8706,2285.8252,191.95460000000003
nancy,1,100000,2097.7578,2289.7388,191.98100000000022
nancy,1,100000,2101.638,2293.619,191.98100000000022
nancy,1,100000,2105.7415,2297.723,191.98149999999987
nancy,1,100000,2291.7378,2483.668,191.93020000000024
nantes,1,100000,2140.3987,2332.2673,191.8685999999998
nancy,1,100000,2109.8425,2301.8,191.95749999999998
nancy,1,100000,2113.912,2305.8672,191.95520000000033
nancy,1,100000,2117.9258,2309.905,191.97920000000022
nancy,1,100000,2121.8745,2313.828,191.95350000000008
nancy,1,100000,2125.8162,2317.768,191.95179999999982
nancy,1,100000,2129.719,2321.6997,191.98070000000007
nancy,1,100000,2133.758,2325.715,191.95700000000033
nancy,1,100000,2137.7534,2329.7107,191.95730000000003
nancy,1,100000,2141.7612,2333.7168,191.95560000000023
nancy,1,100000,2145.8994,2337.8591,191.95970000000034
nantes,1,100000,2147.1128,2339.0962,191.98340000000007
nancy,1,100000,2150.1484,2342.105,191.95659999999998
nantes,1,100000,1944.1793,2136.2427,192.06339999999977
nantes,1,100000,1949.3223,2141.3362,192.01390000000015
nantes,1,100000,1955.7346,2147.8374,192.1027999999999
nantes,1,100000,1961.2042,2153.2988,192.09460000000013
nantes,1,100000,1966.954,2158.7773,191.82330000000024
nantes,1,100000,1973.5026,2165.5474,192.0447999999999
nantes,1,100000,1978.5989,2170.7197,192.12080000000014
nantes,1,100000,1985.6824,2177.6672,191.98479999999995
nantes,1,100000,1990.9675,2183.0688,192.10130000000004
nantes,1,100000,2152.949,2344.9155,191.9665
nantes,1,100000,1997.858,2189.919,192.06099999999992
nantes,1,100000,2003.7053,2195.711,192.0056999999997
nantes,1,100000,2010.7322,2202.4521,191.71990000000005
nantes,1,100000,2016.2379,2208.3293,192.0913999999998
nantes,1,100000,2023.6721,2215.7993,192.12720000000013
nantes,1,100000,2029.4819,2221.5017,192.0197999999998
rennes,1,100000,1961.78,2153.7673,191.9873
rennes,1,100000,1966.5376,2158.5454,192.00779999999986
rennes,1,100000,1971.5817,2163.6162,192.03449999999998
rennes,1,100000,1976.4628,2168.479,192.0161999999998
nantes,1,100000,2159.3313,2351.2422,191.9109000000003
rennes,1,100000,1981.5941,2173.5986,192.00449999999978
rennes,1,100000,1985.8486,2178.0115,192.16290000000004
rennes,1,100000,1991.6367,2183.3098,191.67309999999998
rennes,1,100000,1995.8224,2187.895,192.07259999999997
rennes,1,100000,2000.7822,2192.8882,192.10599999999977
rennes,1,100000,2005.3176,2197.315,191.99739999999997
rennes,1,100000,2010.3094,2202.3174,192.0079999999998
rennes,1,100000,2014.9243,2206.9333,192.00900000000024
rennes,1,100000,2020.014,2212.0847,192.0707
rennes,1,100000,2025.4116,2216.9944,191.58280000000013
nantes,1,100000,2165.2012,2357.0745,191.8733000000002
rennes,1,100000,2030.6882,2222.7039,192.01569999999992
lyon,1,100000,1938.5249,2130.5283,192.00340000000006
lyon,1,100000,1943.6974,2135.7703,192.07290000000012
lyon,1,100000,1949.363,2141.455,192.09199999999987
lyon,1,100000,1955.7765,2147.399,191.62249999999995
lyon,1,100000,1960.6116,2152.7776,192.16599999999994
lyon,1,100000,1967.2056,2159.2114,192.00580000000014
lyon,1,100000,1971.7767,2163.7847,192.00800000000027
lyon,1,100000,1978.9208,2170.5742,191.65339999999992
lyon,1,100000,1983.5868,2175.6653,192.07850000000008
nantes,1,100000,2171.582,2363.432,191.8499999999999
lyon,1,100000,1990.5208,2182.1157,191.59489999999983
lyon,1,100000,1995.4637,2187.528,192.06429999999978
lyon,1,100000,2002.0385,2194.0386,192.00009999999975
lyon,1,100000,2007.3722,2199.385,192.0128000000002
lyon,1,100000,2014.2312,2205.8604,191.62920000000008
lyon,1,100000,2019.5898,2211.5955,192.00569999999993
rennes,1,100000,1950.9435,2142.6238,191.68029999999976
rennes,1,100000,1955.2867,2147.3142,192.0274999999997
rennes,1,100000,1960.0347,2152.1018,192.06709999999998
rennes,1,100000,1964.7404,2156.7983,192.05790000000002
nantes,1,100000,2177.9028,2369.75,191.84720000000016
rennes,1,100000,1969.8503,2161.8914,192.04109999999991
rennes,1,100000,1974.6542,2166.7314,192.07720000000018
rennes,1,100000,1979.8014,2171.822,192.02060000000006
rennes,1,100000,1984.509,2176.5579,192.04889999999978
rennes,1,100000,1989.2614,2181.285,192.02359999999976
rennes,1,100000,1993.9675,2186.0825,192.115
rennes,1,100000,1999.8169,2191.521,191.70410000000015
rennes,1,100000,2004.3871,2196.6538,192.26670000000013
rennes,1,100000,2009.7299,2201.7427,192.01279999999974
rennes,1,100000,2014.5283,2206.6042,192.07590000000027
nantes,1,100000,2183.0728,2375.0193,191.94650000000001
rennes,1,100000,2019.6921,2211.7085,192.0164000000002
nancy,1,100000,2030.2982,2222.2961,191.99790000000007
nancy,1,100000,2034.0183,2226.0286,192.01030000000014
nancy,1,100000,2037.9694,2229.996,192.02660000000014
nancy,1,100000,2042.0807,2234.0813,192.00059999999985
nancy,1,100000,2045.8912,2237.8906,191.99940000000015
nancy,1,100000,2050.0015,2241.9968,191.99530000000004
nancy,1,100000,2053.948,2245.956,192.00800000000027
nancy,1,100000,2058.0151,2250.0127,191.99760000000015
nancy,1,100000,2061.9912,2253.9575,191.96630000000005
nantes,1,100000,2189.8223,2381.731,191.9087000000004
nancy,1,100000,2065.885,2257.9065,192.02149999999983
nancy,1,100000,2070.1335,2262.1394,192.0059000000001
nancy,1,100000,2073.939,2265.9495,192.01050000000032
nancy,1,100000,2078.118,2270.1143,191.99630000000025
nancy,1,100000,2081.8848,2273.945,192.06020000000035
nancy,1,100000,2085.9014,2277.9072,192.0057999999999
lyon,1,100000,1444.9098,1636.9171,192.0073
lyon,1,100000,1455.7533,1647.7461,191.9928
lyon,1,100000,1467.2563,1659.2762,192.0199
lyon,1,100000,1478.5726,1669.8436,191.27099999999996
nantes,1,100000,2196.4014,2388.309,191.9076
lyon,1,100000,1488.8435,1681.1371,192.29359999999997
lyon,1,100000,1500.5326,1692.5469,192.01430000000005
lyon,1,100000,1512.2225,1703.5353,191.31279999999992
lyon,1,100000,1522.5238,1714.7976,192.27380000000016
lyon,1,100000,1534.3275,1725.7274,191.3998999999999
lyon,1,100000,1545.0992,1737.0842,191.9849999999999
lyon,1,100000,1556.4269,1748.4576,192.03070000000002
lyon,1,100000,1567.7092,1759.7385,192.02929999999992
lyon,1,100000,1579.123,1771.1808,192.05780000000004
lyon,1,100000,1590.311,1782.6238,192.31280000000015
nancy,1,100000,2295.7607,2487.7268,191.9661000000001
nantes,1,100000,2202.3162,2394.2058,191.88959999999997
lyon,1,100000,1601.148,1793.1836,192.03560000000016
lyon,1,100000,2110.5474,2302.5186,191.97119999999995
lyon,1,100000,2116.9133,2308.4421,191.52880000000005
lyon,1,100000,2122.8074,2314.8164,192.00900000000001
lyon,1,100000,2128.118,2320.2976,192.17959999999994
lyon,1,100000,2134.35,2326.3345,191.98450000000003
lyon,1,100000,2139.5627,2331.8362,192.27350000000024
lyon,1,100000,2146.129,2337.6042,191.4752000000003
lyon,1,100000,2152.0752,2344.0527,191.97749999999996
lyon,1,100000,2157.9841,2349.5261,191.54199999999992
nancy,1,100000,2299.626,2491.7136,192.08759999999984
lyon,1,100000,2163.6843,2355.654,191.9697000000001
lyon,1,100000,2168.9055,2361.089,192.1835000000001
lyon,1,100000,2175.0374,2367.0974,192.05999999999995
lyon,1,100000,2180.642,2372.6482,192.00620000000026
lyon,1,100000,2187.1213,2379.1228,192.0015000000003
lyon,1,100000,2193.3342,2385.3315,191.9973
nantes,1,100000,2087.3,2279.339,192.03899999999976
nantes,1,100000,2092.473,2284.4778,192.00480000000016
nantes,1,100000,2098.012,2290.007,191.9949999999999
nantes,1,100000,2104.414,2296.4497,192.0356999999999
nancy,1,100000,2304.0132,2495.9426,191.9294
nantes,1,100000,2109.8657,2301.8398,191.97410000000036
nantes,1,100000,2116.4878,2308.5056,192.01780000000008
nantes,1,100000,2122.3079,2314.3096,192.00170000000026
nantes,1,100000,2128.629,2320.717,192.0880000000002
nantes,1,100000,2134.026,2326.0461,192.02010000000018
nantes,1,100000,2140.421,2332.465,192.04400000000032
nantes,1,100000,2145.5984,2337.622,192.0236
nantes,1,100000,2153.013,2344.6755,191.6624999999999
nantes,1,100000,2158.646,2350.7046,192.05859999999984
nantes,1,100000,2165.4438,2357.398,191.95420000000013
nancy,1,100000,2307.8982,2499.8645,191.96630000000005
nantes,1,100000,2170.8433,2363.0918,192.24850000000015
nantes,1,100000,2075.5125,2267.4612,191.94870000000037
nantes,1,100000,2081.6897,2273.3477,191.6579999999999
nantes,1,100000,2087.3079,2279.232,191.92410000000018
nantes,1,100000,2093.511,2285.5535,192.04250000000002
nantes,1,100000,2100.3745,2292.0232,191.6487000000002
nantes,1,100000,2105.7197,2297.7087,191.98900000000003
nantes,1,100000,2112.3635,2304.0105,191.64699999999993
nantes,1,100000,2118.28,2309.9797,191.69969999999967
nantes,1,100000,2124.5066,2316.4946,191.98799999999983
nancy,1,100000,2311.8616,2503.8489,191.98729999999978
nantes,1,100000,2130.188,2322.1743,191.98630000000003
nantes,1,100000,2136.58,2328.5413,191.96129999999994
nantes,1,100000,2143.0967,2335.0806,191.98389999999972
nantes,1,100000,2148.3193,2340.325,192.0056999999997
nantes,1,100000,2155.2693,2347.2812,192.01189999999997
nantes,1,100000,2161.5154,2353.554,192.03859999999986
rennes,1,100000,2105.5923,2297.2322,191.63990000000013
rennes,1,100000,2110.3828,2302.3787,191.99590000000035
rennes,1,100000,2115.226,2307.2886,192.06259999999975
rennes,1,100000,2119.8616,2311.8813,192.01969999999983
nancy,1,100000,2316.0486,2508.0562,192.0075999999999
rennes,1,100000,2125.3691,2317.0605,191.69140000000016
rennes,1,100000,2129.9998,2322.011,192.01119999999992
rennes,1,100000,2135.005,2327.0002,191.99519999999984
rennes,1,100000,2139.98,2332.0027,192.0227
rennes,1,100000,2144.8818,2336.916,192.03420000000006
rennes,1,100000,2149.903,2341.8818,191.97880000000032
rennes,1,100000,2155.01,2347.026,192.01599999999962
rennes,1,100000,2159.8755,2351.912,192.0364999999997
rennes,1,100000,2165.036,2356.688,191.65200000000004
rennes,1,100000,2170.0747,2362.0566,191.98189999999977
nancy,1,100000,2319.8684,2511.9553,192.08690000000024
rennes,1,100000,2174.7932,2366.8403,192.04709999999977
nantes,1,100000,2061.3296,2253.3774,192.04779999999982
nantes,1,100000,2067.039,2258.7043,191.66529999999966
nantes,1,100000,2072.4355,2264.4373,192.0018
nantes,1,100000,2078.625,2270.712,192.087
nantes,1,100000,2084.6309,2276.6716,192.04070000000002
nantes,1,100000,2090.5703,2282.5725,192.00220000000036
nantes,1,100000,2096.9426,2288.9624,192.01980000000003
nantes,1,100000,2102.735,2294.7642,192.02919999999995
nantes,1,100000,2108.7021,2300.4175,191.71540000000005
nancy,2,100000,2296.823,2458.435,161.61200000000008
nancy,2,100000,2333.592,2495.221,161.6289999999999
nantes,2,100000,2156.21,2317.6213,161.41129999999976
nantes,2,100000,2161.5713,2322.9583,161.38699999999972
nantes,2,100000,2168.2124,2329.613,161.40059999999994
nantes,2,100000,2173.4001,2334.8318,161.4317000000001
nantes,2,100000,2179.9944,2341.4272,161.43280000000004
nantes,2,100000,2185.5195,2346.9514,161.43190000000004
rennes,2,100000,2119.5454,2280.742,161.19660000000022
rennes,2,100000,2124.1328,2285.424,161.29120000000012
rennes,2,100000,2129.0024,2290.3367,161.33429999999998
rennes,2,100000,2134.089,2295.3389,161.24990000000025
nancy,2,100000,2337.5005,2499.1304,161.6298999999999
rennes,2,100000,2138.5952,2300.131,161.53579999999965
rennes,2,100000,2143.7031,2305.2434,161.54029999999966
rennes,2,100000,2148.4624,2310.0706,161.60820000000012
rennes,2,100000,2153.462,2315.0662,161.60420000000022
rennes,2,100000,2158.4014,2319.6802,161.2787999999996
rennes,2,100000,2163.0356,2324.6467,161.61109999999962
rennes,2,100000,2167.9622,2329.5112,161.54899999999998
rennes,2,100000,2173.2358,2334.8203,161.58449999999993
rennes,2,100000,2177.6228,2339.2073,161.58449999999993
rennes,2,100000,2182.735,2344.3286,161.5935999999997
nancy,2,100000,2341.5562,2503.1777,161.6215000000002
rennes,2,100000,2187.5793,2349.3892,161.8099000000002
lyon,2,100000,1661.4635,1822.3724,160.9088999999999
lyon,2,100000,1673.3584,1834.9604,161.60199999999986
lyon,2,100000,1683.3434,1844.9497,161.60629999999992
lyon,2,100000,1694.6473,1856.2379,161.5906
lyon,2,100000,1705.7988,1867.4312,161.63239999999996
lyon,2,100000,1718.0483,1878.9885,160.9402
lyon,2,100000,1726.9775,1888.5875,161.61000000000013
lyon,2,100000,1739.1672,1900.7273,161.56009999999992
lyon,2,100000,1750.2847,1911.8843,161.5996
nancy,2,100000,2345.4053,2507.0203,161.61500000000024
lyon,2,100000,1761.4756,1923.114,161.63840000000005
lyon,2,100000,1772.9895,1934.5891,161.5996
lyon,2,100000,1784.1123,1945.7378,161.6255000000001
lyon,2,100000,1795.1051,1956.7286,161.62349999999992
lyon,2,100000,1806.7684,1968.3468,161.5784000000001
lyon,2,100000,1818.2449,1979.8429,161.59800000000018
lyon,2,100000,2066.9988,2228.5955,161.59670000000006
lyon,2,100000,2073.3044,2234.4155,161.11110000000008
lyon,2,100000,2078.4954,2240.1072,161.61180000000013
lyon,2,100000,2084.4617,2246.0522,161.59050000000025
nancy,2,100000,2349.2068,2510.904,161.69720000000007
lyon,2,100000,2089.9285,2251.085,161.15650000000005
lyon,2,100000,2095.895,2257.501,161.60600000000022
lyon,2,100000,2101.5662,2263.1855,161.61929999999984
lyon,2,100000,2107.8848,2269.5042,161.61940000000004
lyon,2,100000,2113.5688,2274.7593,161.19050000000016
lyon,2,100000,2119.5017,2281.0928,161.5911000000001
lyon,2,100000,2124.919,2286.5193,161.60030000000006
lyon,2,100000,2131.7568,2292.8623,161.10549999999967
lyon,2,100000,2136.765,2298.3716,161.60660000000007
lyon,2,100000,2144.1252,2305.2817,161.15650000000005
nancy,2,100000,2353.4094,2515.0266,161.61720000000014
lyon,2,100000,2149.051,2310.6326,161.58159999999998
rennes,2,100000,2095.9136,2257.1033,161.18970000000036
rennes,2,100000,2100.6992,2261.8357,161.13650000000007
rennes,2,100000,2105.6968,2266.8884,161.19159999999965
rennes,2,100000,2110.721,2271.933,161.212
rennes,2,100000,2115.7905,2276.9692,161.17869999999994
rennes,2,100000,2121.1804,2282.3303,161.1498999999999
rennes,2,100000,2125.544,2287.0723,161.52829999999994
rennes,2,100000,2130.6265,2292.1733,161.54680000000008
rennes,2,100000,2135.2014,2296.7412,161.5398
nantes,2,100000,2154.211,2315.5452,161.33420000000024
rennes,2,100000,2140.433,2301.981,161.54800000000023
rennes,2,100000,2145.3774,2306.9573,161.57990000000018
rennes,2,100000,2150.231,2311.7717,161.54069999999956
rennes,2,100000,2154.9116,2316.4387,161.52710000000025
rennes,2,100000,2160.1038,2321.6377,161.53390000000036
rennes,2,100000,2164.8516,2326.4011,161.54950000000008
nancy,2,100000,2180.5972,2342.2798,161.68259999999964
nancy,2,100000,2184.4656,2346.148,161.68240000000014
nancy,2,100000,2188.6682,2350.3696,161.70139999999992
nancy,2,100000,2192.7505,2354.4524,161.70190000000002
nantes,2,100000,2159.2932,2320.7996,161.50639999999976
nancy,2,100000,2196.9512,2358.6526,161.70139999999992
nancy,2,100000,2201.0176,2362.7063,161.6886999999997
nancy,2,100000,2205.198,2366.8877,161.68970000000036
nancy,2,100000,2209.2026,2370.9062,161.70359999999982
nancy,2,100000,2213.419,2375.1064,161.68740000000025
nancy,2,100000,2217.4832,2379.1814,161.69819999999982
nancy,2,100000,2221.6785,2383.3809,161.70240000000013
nancy,2,100000,2225.7622,2387.4634,161.70119999999997
nancy,2,100000,2229.8813,2391.585,161.70370000000003
nancy,2,100000,2233.8032,2395.5059,161.70270000000028
nantes,2,100000,2165.4788,2326.863,161.38419999999996
nancy,2,100000,2238.1777,2399.8672,161.68949999999995
nancy,2,100000,2157.3042,2319.0227,161.71849999999995
nancy,2,100000,2161.1428,2322.859,161.71619999999984
nancy,2,100000,2165.3096,2327.0344,161.72479999999996
nancy,2,100000,2169.2883,2331.0159,161.7275999999997
nancy,2,100000,2173.2556,2334.972,161.71640000000025
nancy,2,100000,2177.3318,2339.06,161.72820000000002
nancy,2,100000,2181.5017,2343.238,161.73630000000003
nancy,2,100000,2185.7168,2347.4338,161.71699999999964
nancy,2,100000,2189.7048,2351.4297,161.72490000000016
nantes,2,100000,2171.0522,2332.5066,161.45440000000008
nancy,2,100000,2193.5823,2355.3054,161.72310000000016
nancy,2,100000,2197.6619,2359.3843,161.7224000000001
nancy,2,100000,2201.6045,2363.3398,161.73530000000028
nancy,2,100000,2205.6956,2367.423,161.72739999999976
nancy,2,100000,2209.4478,2371.1724,161.7246
nancy,2,100000,2213.6152,2375.3342,161.7189999999996
nancy,2,100000,2142.8293,2304.5698,161.74050000000034
nancy,2,100000,2146.5222,2308.284,161.76180000000022
nancy,2,100000,2150.648,2312.325,161.67699999999968
nancy,2,100000,2154.5874,2316.2334,161.64600000000019
nancy,2,100000,2300.747,2462.3716,161.6246000000001
nantes,2,100000,2177.0146,2338.3645,161.34990000000016
nancy,2,100000,2158.4788,2320.2217,161.7429000000002
nancy,2,100000,2162.316,2324.0024,161.68640000000005
nancy,2,100000,2166.4094,2328.1833,161.77390000000014
nancy,2,100000,2170.5232,2332.208,161.6848
nancy,2,100000,2174.5974,2336.2727,161.67529999999988
nancy,2,100000,2178.4338,2340.1729,161.73910000000024
nancy,2,100000,2182.5608,2344.2466,161.68579999999974
nancy,2,100000,2186.2046,2347.926,161.7213999999999
nancy,2,100000,2190.136,2351.8823,161.74630000000025
nancy,2,100000,2194.04,2355.7373,161.6972999999998
nantes,2,100000,2182.524,2344.0342,161.51020000000017
nancy,2,100000,2198.4622,2359.8423,161.38009999999986
nantes,2,100000,1987.9323,2149.4395,161.5072
nantes,2,100000,1993.8391,2155.067,161.2279000000001
nantes,2,100000,1999.0092,2160.478,161.4688000000001
nantes,2,100000,2005.4181,2166.8591,161.44100000000003
nantes,2,100000,2010.788,2172.216,161.42799999999988
nantes,2,100000,2017.3483,2178.7673,161.41899999999987
nantes,2,100000,2022.8112,2184.067,161.2557999999999
nantes,2,100000,2029.6038,2190.8384,161.2346
nantes,2,100000,2034.8713,2196.349,161.47770000000014
nantes,2,100000,2189.1182,2350.5461,161.42790000000014
nantes,2,100000,2041.7247,2203.1765,161.45180000000005
nantes,2,100000,2047.1504,2208.5825,161.4321
nantes,2,100000,2053.6655,2215.11,161.44450000000006
nantes,2,100000,2059.3218,2220.7507,161.42889999999989
nantes,2,100000,2066.4768,2227.9084,161.4315999999999
nantes,2,100000,2071.9604,2233.4153,161.45490000000018
rennes,2,100000,2026.1779,2187.7834,161.6054999999999
rennes,2,100000,2030.7002,2192.2778,161.57759999999985
rennes,2,100000,2035.9132,2197.4832,161.57000000000016
rennes,2,100000,2040.7548,2202.3594,161.6045999999999
nantes,2,100000,2193.9692,2355.4006,161.43139999999994
rennes,2,100000,2045.6503,2207.2156,161.56529999999998
rennes,2,100000,2050.6917,2211.941,161.24929999999995
rennes,2,100000,2055.4307,2217.0125,161.58179999999993
rennes,2,100000,2060.3472,2221.951,161.60379999999986
rennes,2,100000,2065.157,2226.7705,161.61349999999993
rennes,2,100000,2070.3784,2231.5613,161.1828999999998
rennes,2,100000,2074.8372,2236.4336,161.5963999999999
rennes,2,100000,2080.3345,2241.9314,161.5969
rennes,2,100000,2085.1753,2246.7861,161.61079999999993
rennes,2,100000,2090.253,2251.845,161.59199999999964
nantes,2,100000,2201.1274,2362.0737,160.94630000000006
rennes,2,100000,2095.0955,2256.6865,161.5909999999999
lyon,2,100000,1990.0408,2151.647,161.60619999999994
lyon,2,100000,1996.1805,2157.4844,161.30389999999989
lyon,2,100000,2001.0674,2162.6348,161.5673999999999
lyon,2,100000,2007.4742,2168.76,161.2858000000001
lyon,2,100000,2012.3832,2173.9956,161.6124000000002
lyon,2,100000,2019.5682,2181.1428,161.57460000000015
lyon,2,100000,2024.9469,2186.235,161.2881000000002
lyon,2,100000,2031.755,2192.9749,161.21990000000005
lyon,2,100000,2036.1093,2197.6987,161.58939999999984
nantes,2,100000,2206.3884,2367.6875,161.29910000000018
lyon,2,100000,2043.015,2204.6145,161.59950000000003
lyon,2,100000,2048.117,2209.7334,161.61639999999989
lyon,2,100000,2054.7673,2216.331,161.56370000000015
lyon,2,100000,2060.0305,2221.6096,161.57909999999993
lyon,2,100000,2066.493,2228.0645,161.57150000000001
lyon,2,100000,2071.8096,2233.4138,161.60419999999976
rennes,2,100000,2016.7062,2177.732,161.0257999999999
rennes,2,100000,2020.946,2182.5044,161.5583999999999
rennes,2,100000,2026.0513,2187.5825,161.5311999999999
rennes,2,100000,2031.7688,2192.8174,161.04859999999985
nantes,2,100000,2212.4924,2373.8481,161.35570000000007
rennes,2,100000,2036.1313,2197.6616,161.5302999999999
rennes,2,100000,2040.7365,2202.272,161.53549999999996
rennes,2,100000,2045.8784,2207.3665,161.48810000000003
rennes,2,100000,2050.9695,2212.5154,161.54590000000007
rennes,2,100000,2056.3896,2217.4612,161.07160000000022
rennes,2,100000,2060.923,2222.4172,161.4942000000001
rennes,2,100000,2065.5303,2227.065,161.53470000000016
rennes,2,100000,2070.8083,2232.3486,161.54029999999966
rennes,2,100000,2076.14,2237.6843,161.54430000000002
rennes,2,100000,2081.2117,2242.2495,161.03780000000006
nantes,2,100000,2218.976,2379.91,160.93399999999974
rennes,2,100000,2085.557,2247.0784,161.52140000000009
nancy,2,100000,2071.0796,2232.8044,161.72479999999996
nancy,2,100000,2074.6936,2236.4294,161.73579999999993
nancy,2,100000,2078.6829,2240.4187,161.73580000000038
nancy,2,100000,2082.591,2244.3274,161.73640000000023
nancy,2,100000,2086.594,2248.3254,161.73140000000012
nancy,2,100000,2090.3591,2252.0505,161.6913999999997
nancy,2,100000,2094.147,2255.8638,161.71680000000015
nancy,2,100000,2098.3464,2260.0723,161.7258999999999
nancy,2,100000,2102.4556,2264.1843,161.72870000000012
nantes,2,100000,2224.5723,2385.9607,161.38840000000027
nancy,2,100000,2106.4048,2268.1306,161.72580000000016
nancy,2,100000,2110.31,2272.0078,161.69779999999992
nancy,2,100000,2114.4485,2276.173,161.7244999999998
nancy,2,100000,2118.502,2280.2378,161.73579999999993
nancy,2,100000,2122.4158,2284.1418,161.72599999999966
nancy,2,100000,2126.3494,2288.0808,161.73140000000012
lyon,2,100000,1492.7688,1653.7999,161.03109999999992
lyon,2,100000,1503.3195,1664.9438,161.62429999999995
lyon,2,100000,1514.0398,1675.6735,161.6337000000001
lyon,2,100000,1525.9885,1686.9044,160.91589999999997
nantes,2,100000,2231.6057,2392.9854,161.37969999999996
lyon,2,100000,1536.5508,1698.1493,161.59850000000006
lyon,2,100000,1547.8005,1709.4254,161.62490000000003
lyon,2,100000,1558.8348,1720.4463,161.61149999999998
lyon,2,100000,1569.9933,1731.6451,161.65179999999987
lyon,2,100000,1581.5975,1743.2214,161.62389999999982
lyon,2,100000,1592.86,1753.8376,160.97760000000017
lyon,2,100000,1603.6918,1765.3329,161.64110000000005
lyon,2,100000,1614.8544,1776.4714,161.61699999999996
lyon,2,100000,1625.8519,1787.5186,161.66670000000022
lyon,2,100000,1637.3491,1798.9569,161.6078
nancy,2,100000,2304.9739,2466.6758,161.70190000000002
nantes,2,100000,2237.2751,2398.7622,161.48710000000028
lyon,2,100000,1648.3948,1810.0076,161.61279999999988
lyon,2,100000,2158.617,2320.229,161.61199999999963
lyon,2,100000,2165.4773,2326.591,161.11369999999988
lyon,2,100000,2170.1362,2331.7886,161.65239999999994
lyon,2,100000,2176.6577,2338.246,161.5882999999999
lyon,2,100000,2182.8667,2344.49,161.62329999999974
lyon,2,100000,2188.5571,2350.1826,161.6255000000001
lyon,2,100000,2195.0408,2356.6802,161.63939999999957
lyon,2,100000,2201.8762,2363.0068,161.13059999999996
lyon,2,100000,2208.2825,2369.5225,161.24000000000024
nancy,2,100000,2308.9683,2470.6733,161.70499999999993
lyon,2,100000,2213.332,2374.944,161.61200000000008
lyon,2,100000,2219.3083,2380.9426,161.6342999999997
lyon,2,100000,2225.139,2386.786,161.64699999999993
lyon,2,100000,2232.2114,2393.8438,161.63239999999996
lyon,2,100000,2237.2644,2398.9167,161.6523000000002
lyon,2,100000,2244.7124,2406.331,161.61860000000024
nantes,2,100000,2116.3552,2277.795,161.4398000000001
nantes,2,100000,2121.9912,2283.3704,161.37919999999986
nantes,2,100000,2128.2456,2289.3408,161.09519999999975
nantes,2,100000,2134.1555,2295.5771,161.42160000000013
nancy,2,100000,2313.195,2474.815,161.6199999999999
nantes,2,100000,2139.823,2301.2236,161.40059999999994
nantes,2,100000,2146.1794,2307.5806,161.4011999999998
nantes,2,100000,2151.6506,2313.0696,161.41899999999987
nantes,2,100000,2157.7637,2319.2803,161.51659999999993
nantes,2,100000,2163.788,2324.9326,161.14460000000008
nantes,2,100000,2170.0615,2331.528,161.4665
nantes,2,100000,2175.658,2337.0376,161.3796000000002
nantes,2,100000,2182.65,2344.1606,161.51060000000007
nantes,2,100000,2188.5122,2349.6655,161.15329999999994
nantes,2,100000,2194.7678,2356.1753,161.4074999999998
nancy,2,100000,2317.2227,2478.9253,161.70260000000007
nantes,2,100000,2200.0479,2361.5334,161.48549999999977
nantes,2,100000,2123.2537,2284.7258,161.47209999999995
nantes,2,100000,2128.5793,2290.0696,161.49029999999993
nantes,2,100000,2134.5134,2295.9924,161.47900000000027
nantes,2,100000,2140.5037,2302.0154,161.51170000000002
nantes,2,100000,2146.0625,2307.5469,161.48439999999982
nantes,2,100000,2152.535,2314.0095,161.47450000000026
nantes,2,100000,2158.1545,2319.1296,160.9751000000001
nantes,2,100000,2164.5193,2326.017,161.4976999999999
nantes,2,100000,2170.1238,2331.613,161.48919999999998
nancy,2,100000,2321.3506,2483.0515,161.70089999999982
nantes,2,100000,2176.298,2337.7913,161.4933000000001
nantes,2,100000,2181.8098,2343.281,161.47119999999995
nantes,2,100000,2188.7239,2350.22,161.49609999999984
nantes,2,100000,2194.6843,2356.1672,161.48289999999997
nantes,2,100000,2201.2083,2362.72,161.51170000000002
nantes,2,100000,2207.1987,2368.7134,161.51470000000018
rennes,2,100000,2149.622,2311.2776,161.65560000000005
rennes,2,100000,2154.552,2316.118,161.5659999999998
rennes,2,100000,2160.1262,2321.218,161.0917999999997
rennes,2,100000,2164.9453,2325.976,161.03070000000025
nancy,2,100000,2325.3113,2487.0051,161.6938
rennes,2,100000,2169.5667,2331.1963,161.6296000000002
rennes,2,100000,2174.5571,2336.181,161.62390000000005
rennes,2,100000,2179.3835,2340.9888,161.60530000000017
rennes,2,100000,2184.1904,2345.7969,161.60649999999987
rennes,2,100000,2189.458,2350.5989,161.14089999999987
rennes,2,100000,2194.129,2355.7205,161.5915
rennes,2,100000,2199.1096,2360.7407,161.63110000000006
rennes,2,100000,2204.2034,2365.814,161.61059999999998
rennes,2,100000,2209.1348,2370.6904,161.55560000000014
rennes,2,100000,2213.917,2375.5483,161.6313
nancy,2,100000,2329.4382,2491.0598,161.62159999999994
rennes,2,100000,2219.4167,2380.5989,161.18219999999974
nantes,2,100000,2101.8142,2262.9844,161.17020000000002
nantes,2,100000,2107.5107,2268.9326,161.42190000000028
nantes,2,100000,2113.0583,2274.452,161.39370000000008
nantes,2,100000,2119.803,2281.2056,161.4025999999999
nantes,2,100000,2125.5125,2286.8994,161.38689999999997
nantes,2,100000,2131.7688,2293.1765,161.4077000000002
nantes,2,100000,2137.4292,2298.621,161.19180000000006
nantes,2,100000,2144.0542,2305.4795,161.42529999999988
nantes,2,100000,2149.2107,2310.643,161.43229999999994
nancy,3,100000,2338.1384,2529.1472,191.00880000000006
nancy,3,100000,2374.2861,2565.164,190.8779000000004
nantes,3,100000,2166.4897,2356.7249,190.23520000000008
nantes,3,100000,2171.294,2362.0334,190.73939999999993
nantes,3,100000,2178.1785,2368.9104,190.73190000000022
nantes,3,100000,2182.7139,2373.4248,190.71089999999958
nantes,3,100000,2190.7224,2381.4272,190.70479999999998
nantes,3,100000,2196.5151,2387.2593,190.7442000000001
rennes,3,100000,2141.416,2331.976,190.55999999999995
rennes,3,100000,2146.2795,2336.919,190.63949999999977
rennes,3,100000,2151.007,2341.5564,190.54939999999988
rennes,3,100000,2155.7302,2346.6116,190.8814000000002
nancy,3,100000,2378.6133,2569.631,191.01769999999988
rennes,3,100000,2160.5667,2351.4434,190.87670000000026
rennes,3,100000,2165.3752,2356.3062,190.93100000000004
rennes,3,100000,2170.5164,2361.4282,190.91179999999986
rennes,3,100000,2175.212,2366.136,190.92399999999998
rennes,3,100000,2180.5571,2371.2087,190.65160000000014
rennes,3,100000,2184.9402,2375.8708,190.93060000000014
rennes,3,100000,2189.7695,2380.7024,190.93290000000025
rennes,3,100000,2195.0635,2386.1094,191.04589999999962
rennes,3,100000,2199.9094,2390.7747,190.86529999999993
rennes,3,100000,2204.6108,2395.517,190.9061999999999
nancy,3,100000,2382.5007,2573.3757,190.875
rennes,3,100000,2209.783,2400.6885,190.9055000000003
lyon,3,100000,1665.7882,1856.7653,190.97710000000006
lyon,3,100000,1677.2766,1867.6855,190.40890000000013
lyon,3,100000,1688.4993,1879.3619,190.86260000000016
lyon,3,100000,1700.5594,1890.8442,190.2847999999999
lyon,3,100000,1710.8374,1901.7734,190.93600000000015
lyon,3,100000,1721.6852,1912.6425,190.95730000000003
lyon,3,100000,1732.8911,1923.7373,190.84619999999995
lyon,3,100000,1742.8872,1933.8784,190.99120000000016
lyon,3,100000,1754.0284,1944.8976,190.8692000000001
nancy,3,100000,2386.7637,2577.3281,190.5644000000002
lyon,3,100000,1765.4204,1956.3074,190.88699999999994
lyon,3,100000,1777.2174,1968.0826,190.86519999999996
lyon,3,100000,1788.3933,1979.2573,190.86400000000003
lyon,3,100000,1799.4708,1990.4532,190.98239999999987
lyon,3,100000,1811.2545,2002.2211,190.96659999999997
lyon,3,100000,1822.4115,2013.3639,190.95240000000013
lyon,3,100000,2090.1968,2281.2202,191.02340000000004
lyon,3,100000,2095.5889,2285.943,190.35410000000002
lyon,3,100000,2100.8796,2291.778,190.89839999999958
lyon,3,100000,2106.7407,2297.374,190.63329999999996
nancy,3,100000,2390.4565,2581.351,190.89450000000033
lyon,3,100000,2112.508,2303.405,190.8970000000004
lyon,3,100000,2117.7395,2308.6282,190.88869999999997
lyon,3,100000,2124.3958,2315.0212,190.62540000000035
lyon,3,100000,2129.3452,2320.1797,190.83449999999993
lyon,3,100000,2135.9202,2326.819,190.89879999999994
lyon,3,100000,2141.0183,2331.8835,190.86519999999973
lyon,3,100000,2146.905,2337.6047,190.69969999999967
lyon,3,100000,2153.2659,2344.1768,190.9109000000003
lyon,3,100000,2158.5479,2349.3767,190.82879999999977
lyon,3,100000,2165.2004,2356.189,190.98859999999968
nancy,3,100000,2394.3726,2585.282,190.9094
lyon,3,100000,2170.7344,2361.5674,190.83300000000008
rennes,3,100000,2092.9932,2283.4902,190.4970000000003
rennes,3,100000,2096.976,2287.9092,190.93319999999994
rennes,3,100000,2101.7278,2292.6729,190.9450999999999
rennes,3,100000,2106.9436,2297.8823,190.93870000000015
rennes,3,100000,2112.3809,2302.8408,190.45989999999983
rennes,3,100000,2116.8142,2307.7056,190.89139999999998
rennes,3,100000,2122.105,2312.9873,190.88229999999976
rennes,3,100000,2127.0498,2317.9253,190.8755000000001
rennes,3,100000,2131.638,2322.5718,190.93380000000025
nantes,3,100000,2196.3772,2387.1992,190.82200000000012
rennes,3,100000,2136.4333,2327.3232,190.88989999999967
rennes,3,100000,2141.138,2332.1377,190.9997000000003
rennes,3,100000,2146.4497,2337.3533,190.9036000000001
rennes,3,100000,2151.3013,2342.3767,191.07539999999972
rennes,3,100000,2156.76,2347.7024,190.9423999999999
rennes,3,100000,2162.0352,2352.538,190.5028000000002
nancy,3,100000,2182.039,2372.9058,190.86679999999978
nancy,3,100000,2185.7234,2376.5662,190.84280000000035
nancy,3,100000,2189.8213,2380.6853,190.86400000000003
nancy,3,100000,2193.9478,2384.813,190.8652000000002
nantes,3,100000,2202.5366,2393.349,190.81240000000025
nancy,3,100000,2197.795,2388.6614,190.86639999999989
nancy,3,100000,2201.8218,2392.737,190.9151999999999
nancy,3,100000,2205.75,2396.5938,190.8438000000001
nancy,3,100000,2209.882,2400.7834,190.90139999999974
nancy,3,100000,2213.9656,2404.8276,190.86200000000008
nancy,3,100000,2217.8394,2408.8623,191.02289999999994
nancy,3,100000,2221.9607,2412.8247,190.86400000000003
nancy,3,100000,2225.924,2416.7837,190.85969999999998
nancy,3,100000,2229.7578,2420.6257,190.8679000000002
nancy,3,100000,2233.9104,2424.7732,190.86279999999988
nantes,3,100000,2208.2712,2399.0684,190.79719999999998
nancy,3,100000,2237.8154,2428.6528,190.8373999999999
nancy,3,100000,2174.487,2365.2012,190.7141999999999
nancy,3,100000,2178.2405,2368.9595,190.71900000000005
nancy,3,100000,2182.3481,2373.179,190.83089999999993
nancy,3,100000,2186.4878,2377.2932,190.8054000000002
nancy,3,100000,2190.5732,2381.3323,190.75910000000022
nancy,3,100000,2194.3276,2385.0928,190.76519999999982
nancy,3,100000,2198.3687,2389.1406,190.7719000000002
nancy,3,100000,2202.1824,2392.9653,190.7828999999997
nancy,3,100000,2206.2852,2397.0679,190.7827000000002
nantes,3,100000,2214.2473,2405.0752,190.82790000000023
nancy,3,100000,2210.283,2401.0876,190.80459999999994
nancy,3,100000,2214.1191,2404.818,190.69890000000032
nancy,3,100000,2218.3953,2408.8413,190.4459999999999
nancy,3,100000,2222.0596,2412.8904,190.83080000000018
nancy,3,100000,2225.7188,2416.5198,190.80099999999993
nancy,3,100000,2229.6545,2420.4207,190.76620000000003
nancy,3,100000,2164.2776,2355.2344,190.95679999999993
nancy,3,100000,2168.403,2359.3606,190.95760000000018
nancy,3,100000,2172.3171,2363.1504,190.83329999999978
nancy,3,100000,2176.451,2367.3474,190.89640000000009
nancy,3,100000,2341.9373,2532.8164,190.8791000000001
nantes,3,100000,2221.044,2411.938,190.89400000000023
nancy,3,100000,2180.621,2371.5222,190.9011999999998
nancy,3,100000,2184.5413,2375.4026,190.86130000000003
nancy,3,100000,2188.762,2379.625,190.86299999999983
nancy,3,100000,2192.7256,2383.5996,190.8739999999998
nancy,3,100000,2197.055,2387.5571,190.50210000000015
nancy,3,100000,2200.747,2391.5867,190.8397
nancy,3,100000,2204.6343,2395.5352,190.90089999999964
nancy,3,100000,2208.43,2399.378,190.94800000000032
nancy,3,100000,2212.518,2403.3945,190.87649999999985
nancy,3,100000,2216.5618,2407.4226,190.86079999999993
nantes,3,100000,2226.6113,2417.519,190.90769999999975
nancy,3,100000,2220.757,2411.6343,190.8773000000001
nantes,3,100000,1999.6061,2190.4736,190.86749999999984
nantes,3,100000,2005.574,2196.5183,190.9443000000001
nantes,3,100000,2010.8888,2201.7778,190.8889999999999
nantes,3,100000,2017.5519,2208.4805,190.9286000000002
nantes,3,100000,2023.2764,2214.125,190.84860000000003
nantes,3,100000,2030.2625,2221.0222,190.75969999999984
nantes,3,100000,2035.8606,2226.6272,190.76659999999993
nantes,3,100000,2042.4945,2232.922,190.4275
nantes,3,100000,2047.4133,2238.2693,190.856
nantes,3,100000,2233.4087,2424.022,190.61329999999998
nantes,3,100000,2054.4722,2245.3071,190.83489999999983
nantes,3,100000,2059.6711,2250.4468,190.77570000000014
nantes,3,100000,2066.7278,2257.5505,190.8226999999997
nantes,3,100000,2072.3777,2263.2627,190.88500000000022
nantes,3,100000,2079.7605,2270.0803,190.3198000000002
nantes,3,100000,2085.0156,2275.8564,190.84079999999994
rennes,3,100000,2035.6093,2226.4202,190.81089999999995
rennes,3,100000,2040.1766,2231.0688,190.8922
rennes,3,100000,2045.0775,2235.9001,190.82259999999974
rennes,3,100000,2050.34,2240.8965,190.5564999999997
nantes,3,100000,2239.749,2430.6052,190.85620000000017
rennes,3,100000,2054.92,2245.7415,190.82150000000001
rennes,3,100000,2059.9995,2250.881,190.88149999999996
rennes,3,100000,2064.9604,2255.517,190.5565999999999
rennes,3,100000,2069.431,2260.274,190.84299999999985
rennes,3,100000,2074.011,2264.8806,190.8696
rennes,3,100000,2078.896,2269.7788,190.88279999999986
rennes,3,100000,2083.601,2274.646,191.04500000000007
rennes,3,100000,2088.6409,2279.5508,190.9099000000001
rennes,3,100000,2093.3772,2284.2412,190.86400000000003
rennes,3,100000,2097.8994,2288.7766,190.87720000000036
nantes,3,100000,2245.3872,2436.2097,190.82249999999976
rennes,3,100000,2103.076,2293.8828,190.80679999999984
lyon,3,100000,2016.502,2207.0498,190.54779999999982
lyon,3,100000,2021.8153,2212.715,190.89970000000017
lyon,3,100000,2027.441,2217.9229,190.4819
lyon,3,100000,2033.5431,2224.479,190.93589999999972
lyon,3,100000,2039.1216,2230.0342,190.9126000000001
lyon,3,100000,2045.3108,2236.2483,190.93750000000023
lyon,3,100000,2050.494,2241.398,190.904
lyon,3,100000,2057.088,2247.9922,190.90419999999995
lyon,3,100000,2062.5015,2253.1328,190.6313
nantes,3,100000,2252.0032,2442.8499,190.84670000000006
lyon,3,100000,2068.79,2259.6853,190.89530000000013
lyon,3,100000,2074.0044,2264.9084,190.904
lyon,3,100000,2081.0684,2271.6575,190.5890999999997
lyon,3,100000,2085.9346,2277.0288,191.0942
lyon,3,100000,2092.3096,2283.3196,191.00999999999976
lyon,3,100000,2097.9253,2288.826,190.90070000000014
rennes,3,100000,2023.3082,2213.8933,190.58510000000024
rennes,3,100000,2027.5748,2218.5208,190.94599999999969
rennes,3,100000,2032.5148,2223.3992,190.8843999999999
rennes,3,100000,2038.1243,2228.6748,190.55049999999983
nantes,3,100000,2257.6956,2448.521,190.82540000000017
rennes,3,100000,2042.2847,2233.2021,190.91740000000004
rennes,3,100000,2047.4601,2238.3342,190.87409999999977
rennes,3,100000,2052.5178,2243.499,190.98119999999972
rennes,3,100000,2057.942,2248.3987,190.45670000000018
rennes,3,100000,2062.4214,2253.2722,190.8507999999997
rennes,3,100000,2067.233,2258.164,190.93100000000004
rennes,3,100000,2072.1726,2263.0378,190.8652000000002
rennes,3,100000,2076.8113,2267.677,190.8657000000003
rennes,3,100000,2081.9097,2272.8193,190.90959999999995
rennes,3,100000,2086.6843,2277.611,190.92669999999998
nantes,3,100000,2264.5608,2455.436,190.87519999999995
rennes,3,100000,2091.7612,2282.6572,190.89600000000019
nancy,3,100000,2096.728,2287.5989,190.8708999999999
nancy,3,100000,2100.4595,2291.3367,190.8771999999999
nancy,3,100000,2104.477,2295.4573,190.98030000000017
nancy,3,100000,2108.662,2299.5361,190.8741
nancy,3,100000,2112.6606,2303.537,190.87639999999965
nancy,3,100000,2116.5916,2307.4644,190.87279999999964
nancy,3,100000,2120.656,2311.5298,190.87379999999985
nancy,3,100000,2124.573,2315.4502,190.87720000000036
nancy,3,100000,2128.6548,2319.5254,190.8706000000002
nantes,3,100000,2269.8613,2460.6772,190.81590000000006
nancy,3,100000,2132.5225,2323.3523,190.82979999999998
nancy,3,100000,2136.3752,2327.2427,190.86749999999984
nancy,3,100000,2140.2312,2331.1025,190.8712999999998
nancy,3,100000,2144.5227,2335.4695,190.94680000000017
nancy,3,100000,2148.4597,2339.3289,190.8692000000001
nancy,3,100000,2152.5178,2343.3853,190.86749999999984
lyon,3,100000,1520.8248,1712.0393,191.21449999999982
lyon,3,100000,1531.9722,1722.3018,190.32960000000003
lyon,3,100000,1543.3442,1733.8032,190.45900000000006
lyon,3,100000,1554.16,1745.0336,190.8735999999999
nantes,3,100000,2276.682,2467.5088,190.82680000000028
lyon,3,100000,1565.1273,1756.5844,191.45709999999985
lyon,3,100000,1576.5001,1767.5271,191.02700000000004
lyon,3,100000,1588.2263,1778.6576,190.43129999999996
lyon,3,100000,1598.3486,1788.7938,190.4451999999999
lyon,3,100000,1609.7815,1800.7172,190.9357
lyon,3,100000,1620.9536,1811.8372,190.8835999999999
lyon,3,100000,1631.7823,1822.679,190.8967
lyon,3,100000,1643.1349,1834.0754,190.94049999999993
lyon,3,100000,1653.9147,1844.8422,190.9275
lyon,3,100000,1665.885,1856.8713,190.98630000000003
nancy,3,100000,2345.7065,2536.651,190.94450000000006
nantes,3,100000,2281.9849,2472.8457,190.86079999999993
lyon,3,100000,1676.6693,1867.5715,190.9022
lyon,3,100000,2172.8755,2363.3992,190.52369999999974
lyon,3,100000,2178.3486,2368.82,190.47140000000036
lyon,3,100000,2185.2832,2375.8115,190.52829999999994
lyon,3,100000,2190.5334,2381.352,190.81860000000006
lyon,3,100000,2196.846,2387.319,190.47299999999996
lyon,3,100000,2202.1155,2392.9307,190.8152
lyon,3,100000,2208.1758,2398.9795,190.80369999999994
lyon,3,100000,2213.617,2404.494,190.87699999999995
lyon,3,100000,2219.7737,2410.5989,190.82519999999977
nancy,3,100000,2349.8853,2540.8801,190.99479999999994
lyon,3,100000,2224.9197,2415.7725,190.85280000000012
lyon,3,100000,2231.45,2422.2131,190.76310000000012
lyon,3,100000,2237.1077,2427.9326,190.82490000000007
lyon,3,100000,2243.9417,2434.7456,190.80390000000034
lyon,3,100000,2248.8867,2439.668,190.7813000000001
lyon,3,100000,2255.1707,2445.994,190.82330000000002
nantes,3,100000,2164.0063,2354.874,190.8676999999998
nantes,3,100000,2170.2488,2361.0134,190.76459999999997
nantes,3,100000,2175.8704,2366.7844,190.91400000000021
nantes,3,100000,2182.107,2372.9922,190.88520000000017
nancy,3,100000,2354.0515,2545.0718,191.02030000000013
nantes,3,100000,2188.3962,2378.7683,190.37210000000005
nantes,3,100000,2194.1453,2384.9622,190.8168999999998
nantes,3,100000,2200.7688,2391.6807,190.91190000000006
nantes,3,100000,2206.6736,2397.614,190.94039999999995
nantes,3,100000,2213.2117,2404.0708,190.85910000000013
nantes,3,100000,2219.5178,2410.3599,190.84209999999985
nantes,3,100000,2224.8809,2415.7659,190.88499999999976
nantes,3,100000,2231.4446,2422.51,191.0654000000004
nantes,3,100000,2237.166,2428.1016,190.9355999999998
nantes,3,100000,2243.9482,2434.8105,190.86230000000023
nancy,3,100000,2358.1711,2549.048,190.87689999999975
nantes,3,100000,2249.7864,2440.7095,190.92309999999998
nantes,3,100000,2138.6685,2329.3386,190.67009999999982
nantes,3,100000,2144.9075,2335.3835,190.4760000000001
nantes,3,100000,2149.8943,2340.8018,190.90750000000025
nantes,3,100000,2155.8796,2346.8577,190.9780999999998
nantes,3,100000,2161.8562,2352.7239,190.8676999999998
nantes,3,100000,2168.0947,2358.9937,190.8989999999999
nantes,3,100000,2173.483,2364.3909,190.9078999999997
nantes,3,100000,2179.9482,2370.8835,190.9353000000001
nantes,3,100000,2185.5352,2376.4443,190.9091000000003
nancy,3,100000,2362.2957,2553.1655,190.86979999999994
nantes,3,100000,2192.52,2383.4504,190.9304000000002
nantes,3,100000,2198.0522,2388.7087,190.65650000000005
nantes,3,100000,2205.219,2396.1182,190.89919999999984
nantes,3,100000,2210.776,2401.6138,190.83780000000024
nantes,3,100000,2217.3423,2408.2102,190.8679000000002
nantes,3,100000,2222.3591,2413.1296,190.77050000000008
rennes,3,100000,2146.9846,2337.3452,190.36060000000043
rennes,3,100000,2151.615,2342.0986,190.48360000000002
rennes,3,100000,2156.211,2347.1545,190.9435000000003
rennes,3,100000,2161.729,2352.0713,190.34230000000025
nancy,3,100000,2366.3518,2557.2473,190.89550000000008
rennes,3,100000,2166.3801,2357.2341,190.85400000000027
rennes,3,100000,2171.6475,2362.547,190.8995
rennes,3,100000,2176.878,2367.3206,190.44259999999986
rennes,3,100000,2181.2463,2372.0737,190.82740000000013
rennes,3,100000,2186.6145,2377.4653,190.8507999999997
rennes,3,100000,2191.5864,2382.4111,190.82469999999967
rennes,3,100000,2196.3394,2387.1924,190.85300000000007
rennes,3,100000,2201.4836,2392.3354,190.8517999999999
rennes,3,100000,2206.3047,2397.1843,190.87959999999975
rennes,3,100000,2210.9019,2401.7234,190.82150000000001
nancy,3,100000,2370.4292,2561.3054,190.87620000000015
rennes,3,100000,2216.2703,2407.138,190.8676999999998
nantes,3,100000,2111.7822,2302.6904,190.90819999999985
nantes,3,100000,2118.2888,2308.9211,190.6323000000002
nantes,3,100000,2123.4927,2314.257,190.76430000000028
nantes,3,100000,2129.9482,2320.9172,190.96900000000005
nantes,3,100000,2135.4595,2326.195,190.73550000000023
nantes,3,100000,2141.621,2332.3306,190.70959999999968
nantes,3,100000,2147.5166,2338.2463,190.72969999999987
nantes,3,100000,2154.526,2344.764,190.23800000000028
nantes,3,100000,2159.4778,2350.1946,190.7167999999997
nancy,4,100000,2409.8955,2580.7239,170.82839999999987
nancy,4,100000,2446.1672,2617.0977,170.93049999999994
nantes,4,100000,2218.8057,2389.0396,170.23390000000018
nantes,4,100000,2223.9705,2394.669,170.69849999999997
nantes,4,100000,2230.4636,2401.1104,170.64679999999998
nantes,4,100000,2236.3613,2407.031,170.66969999999992
nantes,4,100000,2243.4797,2413.7185,170.23880000000008
nantes,4,100000,2248.8252,2419.4724,170.64719999999988
rennes,4,100000,2183.0361,2353.313,170.2769000000003
rennes,4,100000,2187.061,2357.7761,170.7150999999999
rennes,4,100000,2192.4849,2362.7703,170.2854000000002
rennes,4,100000,2197.2446,2367.9546,170.71000000000004
nancy,4,100000,2450.4521,2621.3125,170.86040000000003
rennes,4,100000,2202.5046,2372.7515,170.24689999999964
rennes,4,100000,2207.377,2377.5938,170.21680000000015
rennes,4,100000,2211.908,2382.583,170.67500000000018
rennes,4,100000,2216.471,2387.202,170.73100000000022
rennes,4,100000,2221.429,2392.099,170.67000000000007
rennes,4,100000,2226.5088,2397.2021,170.6932999999999
rennes,4,100000,2231.6968,2402.4075,170.71069999999963
rennes,4,100000,2236.3994,2407.1335,170.73410000000013
rennes,4,100000,2241.4094,2412.062,170.6525999999999
rennes,4,100000,2246.6155,2417.2893,170.67380000000003
nancy,4,100000,2454.3716,2625.237,170.86540000000014
rennes,4,100000,2251.4575,2422.1453,170.68780000000015
lyon,4,100000,1714.5671,1885.231,170.6639
lyon,4,100000,1725.5579,1896.2856,170.7276999999999
lyon,4,100000,1737.7422,1907.7452,170.00300000000016
lyon,4,100000,1747.931,1918.6041,170.67309999999998
lyon,4,100000,1759.3107,1930.0448,170.7340999999999
lyon,4,100000,1770.4552,1941.1576,170.7023999999999
lyon,4,100000,1781.6362,1952.3337,170.6975
lyon,4,100000,1792.9237,1963.6261,170.7023999999999
lyon,4,100000,1803.8851,1974.6266,170.7415000000001
nancy,4,100000,2458.2083,2629.1138,170.9055000000003
lyon,4,100000,1815.5308,1985.5989,170.06809999999996
lyon,4,100000,1826.3451,1997.0924,170.7473
lyon,4,100000,1837.6838,2008.404,170.72019999999998
lyon,4,100000,1848.4427,2019.1838,170.74109999999996
lyon,4,100000,1859.199,2029.8984,170.69939999999997
lyon,4,100000,1871.0535,2041.7828,170.72929999999997
lyon,4,100000,2122.541,2292.7842,170.2431999999999
lyon,4,100000,2127.9329,2298.6694,170.73650000000043
lyon,4,100000,2133.0217,2303.79,170.76830000000018
lyon,4,100000,2139.4165,2310.1194,170.70290000000023
nancy,4,100000,2462.245,2633.1086,170.86360000000013
lyon,4,100000,2144.5466,2315.282,170.73540000000003
lyon,4,100000,2151.179,2321.8835,170.70449999999983
lyon,4,100000,2157.0144,2327.2485,170.23410000000013
lyon,4,100000,2163.173,2333.9358,170.76280000000042
lyon,4,100000,2168.5117,2339.1577,170.64600000000019
lyon,4,100000,2174.8806,2345.5615,170.68089999999984
lyon,4,100000,2180.1016,2350.811,170.7094000000002
lyon,4,100000,2186.5564,2357.3193,170.76290000000017
lyon,4,100000,2192.4268,2362.7317,170.30489999999963
lyon,4,100000,2198.3406,2369.0676,170.72699999999986
nancy,4,100000,2466.3157,2637.1604,170.8447000000001
lyon,4,100000,2203.9626,2374.6562,170.69360000000006
rennes,4,100000,2150.6882,2321.3132,170.625
rennes,4,100000,2155.3386,2325.968,170.6293999999998
rennes,4,100000,2160.1904,2330.8303,170.63990000000013
rennes,4,100000,2165.6414,2336.2397,170.5983000000001
rennes,4,100000,2170.6252,2341.247,170.6217999999999
rennes,4,100000,2175.4683,2346.1355,170.66719999999987
rennes,4,100000,2180.659,2350.911,170.25199999999995
rennes,4,100000,2185.2346,2355.855,170.62040000000025
rennes,4,100000,2189.946,2360.5403,170.5943000000002
nantes,4,100000,2257.1401,2427.7617,170.62159999999994
rennes,4,100000,2194.902,2365.5195,170.61749999999984
rennes,4,100000,2199.5293,2370.163,170.63369999999986
rennes,4,100000,2204.4507,2375.071,170.62030000000004
rennes,4,100000,2209.5562,2379.784,170.22780000000012
rennes,4,100000,2214.623,2385.265,170.64199999999983
rennes,4,100000,2219.598,2390.21,170.61200000000008
nancy,4,100000,2218.1792,2388.9492,170.76999999999998
nancy,4,100000,2222.2,2392.9734,170.77340000000004
nancy,4,100000,2226.2058,2396.9392,170.73339999999962
nancy,4,100000,2230.0579,2400.8342,170.7763
nantes,4,100000,2263.0237,2433.6602,170.63649999999961
nancy,4,100000,2234.1687,2404.9453,170.7765999999997
nancy,4,100000,2238.1272,2408.8965,170.76929999999993
nancy,4,100000,2242.3252,2413.0605,170.73529999999982
nancy,4,100000,2246.375,2417.152,170.77700000000004
nancy,4,100000,2250.4983,2421.2375,170.73919999999998
nancy,4,100000,2254.635,2425.1843,170.54929999999968
nancy,4,100000,2258.4905,2429.2686,170.7781
nancy,4,100000,2262.2935,2433.0698,170.7763
nancy,4,100000,2266.4504,2437.2239,170.77349999999979
nancy,4,100000,2270.452,2441.227,170.77499999999964
nantes,4,100000,2268.3723,2438.966,170.5936999999999
nancy,4,100000,2274.488,2445.3467,170.85870000000023
nancy,4,100000,2206.7136,2377.475,170.76139999999987
nancy,4,100000,2210.6519,2381.4155,170.76360000000022
nancy,4,100000,2214.7773,2385.5664,170.78909999999996
nancy,4,100000,2218.8142,2389.6008,170.78660000000036
nancy,4,100000,2222.9136,2393.6611,170.74749999999995
nancy,4,100000,2226.9094,2397.6917,170.78229999999985
nancy,4,100000,2231.0044,2401.7903,170.7859000000003
nancy,4,100000,2235.2737,2406.0422,170.76849999999968
nancy,4,100000,2239.2217,2410.009,170.78729999999996
nantes,4,100000,2274.5464,2445.1853,170.63889999999992
nancy,4,100000,2243.2676,2414.0564,170.7887999999998
nancy,4,100000,2247.5398,2418.2852,170.7453999999998
nancy,4,100000,2251.6423,2422.4028,170.76049999999987
nancy,4,100000,2255.8313,2426.62,170.78870000000006
nancy,4,100000,2260.0583,2430.8425,170.78420000000006
nancy,4,100000,2264.4155,2435.1584,170.74289999999974
nancy,4,100000,2187.9417,2358.7236,170.78189999999995
nancy,4,100000,2191.9177,2362.658,170.74029999999993
nancy,4,100000,2196.0112,2366.7505,170.73930000000018
nancy,4,100000,2199.9326,2370.667,170.73439999999982
nancy,4,100000,2413.7327,2584.5808,170.84810000000016
nantes,4,100000,2281.5818,2451.8713,170.28949999999986
nancy,4,100000,2203.945,2374.7305,170.78549999999996
nancy,4,100000,2208.0112,2378.7925,170.7813000000001
nancy,4,100000,2212.21,2382.9497,170.73970000000008
nancy,4,100000,2216.269,2387.0032,170.73420000000033
nancy,4,100000,2220.177,2390.919,170.74199999999973
nancy,4,100000,2224.1245,2394.909,170.7845000000002
nancy,4,100000,2228.2568,2398.9983,170.7415000000001
nancy,4,100000,2232.2107,2402.9958,170.78510000000006
nancy,4,100000,2236.349,2407.1343,170.7853
nancy,4,100000,2240.4734,2411.1885,170.71510000000035
nantes,4,100000,2286.535,2457.1472,170.61220000000003
nancy,4,100000,2244.6655,2415.4468,170.7813000000001
nantes,4,100000,2039.8545,2210.524,170.66949999999997
nantes,4,100000,2046.0577,2216.6758,170.6180999999999
nantes,4,100000,2051.4294,2222.082,170.6525999999999
nantes,4,100000,2058.5781,2228.6157,170.03759999999966
nantes,4,100000,2063.2678,2233.916,170.6482000000001
nantes,4,100000,2070.1736,2240.759,170.58539999999994
nantes,4,100000,2075.5464,2246.1484,170.60199999999986
nantes,4,100000,2082.6343,2253.2576,170.62329999999974
nantes,4,100000,2087.5715,2258.2393,170.66780000000017
nantes,4,100000,2293.1467,2463.7627,170.61600000000044
nantes,4,100000,2094.43,2264.945,170.51500000000033
nantes,4,100000,2099.7505,2270.39,170.63949999999977
nantes,4,100000,2107.211,2277.3098,170.0988000000002
nantes,4,100000,2112.168,2282.8318,170.6637999999998
nantes,4,100000,2118.8862,2289.5745,170.68830000000025
nantes,4,100000,2124.5552,2295.1995,170.64430000000038
rennes,4,100000,2082.448,2253.2283,170.78030000000035
rennes,4,100000,2086.9202,2257.5703,170.65009999999984
rennes,4,100000,2092.365,2262.6836,170.31860000000006
rennes,4,100000,2096.5686,2267.2554,170.68679999999995
nantes,4,100000,2298.446,2469.0798,170.63380000000006
rennes,4,100000,2101.6604,2272.2905,170.63009999999986
rennes,4,100000,2106.3757,2277.038,170.66229999999996
rennes,4,100000,2111.4773,2282.0962,170.61889999999994
rennes,4,100000,2116.049,2286.715,170.66600000000017
rennes,4,100000,2121.0938,2291.7385,170.64469999999983
rennes,4,100000,2126.1602,2296.558,170.3978000000002
rennes,4,100000,2130.5454,2301.2253,170.6799000000001
rennes,4,100000,2135.8264,2306.4766,170.65020000000004
rennes,4,100000,2140.3003,2310.9268,170.6265000000003
rennes,4,100000,2145.5923,2316.2668,170.67450000000008
nantes,4,100000,2304.9187,2475.2646,170.3458999999998
rennes,4,100000,2150.6965,2321.056,170.35950000000003
lyon,4,100000,2028.3348,2198.6553,170.3204999999998
lyon,4,100000,2033.592,2204.3123,170.72029999999995
lyon,4,100000,2039.6464,2210.324,170.67759999999998
lyon,4,100000,2045.2473,2215.9695,170.72220000000016
lyon,4,100000,2051.472,2221.8176,170.34559999999965
lyon,4,100000,2057.0088,2227.6667,170.65790000000015
lyon,4,100000,2062.8938,2233.6213,170.72749999999996
lyon,4,100000,2069.6653,2240.1274,170.46209999999974
lyon,4,100000,2074.5088,2245.163,170.65419999999995
nantes,4,100000,2311.1125,2481.7383,170.6257999999998
lyon,4,100000,2080.6155,2251.3535,170.73800000000028
lyon,4,100000,2085.9255,2256.5994,170.67390000000023
lyon,4,100000,2092.2034,2262.915,170.7116000000001
lyon,4,100000,2097.4768,2268.1487,170.67190000000028
lyon,4,100000,2104.3347,2274.99,170.6552999999999
lyon,4,100000,2109.9556,2280.343,170.38740000000007
rennes,4,100000,2033.5276,2203.795,170.26740000000018
rennes,4,100000,2037.3657,2208.0522,170.68650000000002
rennes,4,100000,2042.6025,2213.268,170.66550000000007
rennes,4,100000,2048.1528,2218.3792,170.2264
nantes,4,100000,2316.6294,2487.2588,170.62940000000026
rennes,4,100000,2053.0327,2223.2717,170.23899999999958
rennes,4,100000,2057.5286,2228.1523,170.6237000000001
rennes,4,100000,2062.0737,2232.7532,170.6795000000002
rennes,4,100000,2067.2239,2237.895,170.67110000000002
rennes,4,100000,2072.163,2242.8635,170.70049999999992
rennes,4,100000,2077.1013,2247.7427,170.64139999999998
rennes,4,100000,2081.9216,2252.6042,170.6826000000001
rennes,4,100000,2087.0708,2257.7434,170.67259999999987
rennes,4,100000,2091.8438,2262.5188,170.67499999999973
rennes,4,100000,2096.4946,2267.1628,170.66820000000007
nantes,4,100000,2323.401,2494.0232,170.62220000000025
rennes,4,100000,2101.5972,2272.2493,170.6520999999998
nancy,4,100000,2112.8176,2283.6248,170.8072000000002
nancy,4,100000,2116.7256,2287.49,170.76439999999957
nancy,4,100000,2120.813,2291.568,170.7550000000001
nancy,4,100000,2124.8914,2295.6533,170.76189999999997
nancy,4,100000,2128.9275,2299.6934,170.76590000000033
nancy,4,100000,2133.0293,2303.796,170.76669999999967
nancy,4,100000,2137.09,2307.8562,170.76620000000003
nancy,4,100000,2141.2168,2311.9817,170.76489999999967
nancy,4,100000,2145.2603,2316.0015,170.74119999999994
nantes,4,100000,2329.028,2499.6494,170.6214
nancy,4,100000,2149.4624,2320.2263,170.76389999999992
nancy,4,100000,2153.684,2324.4946,170.8105999999998
nancy,4,100000,2157.6282,2328.3682,170.73999999999978
nancy,4,100000,2161.5344,2332.3003,170.76589999999987
nancy,4,100000,2165.6213,2336.3833,170.76200000000017
nancy,4,100000,2169.5972,2340.363,170.76579999999967
lyon,4,100000,1531.1992,1701.9178,170.71859999999992
lyon,4,100000,1542.2814,1713.0385,170.75710000000004
lyon,4,100000,1553.348,1724.0923,170.74430000000007
lyon,4,100000,1565.7251,1735.7515,170.02639999999997
nantes,4,100000,2335.8503,2506.471,170.62069999999994
lyon,4,100000,1576.4541,1747.1759,170.72180000000003
lyon,4,100000,1587.6222,1758.3506,170.72839999999997
lyon,4,100000,1598.8588,1769.5903,170.7315000000001
lyon,4,100000,1610.2002,1780.9572,170.75700000000006
lyon,4,100000,1621.209,1791.9504,170.74139999999989
lyon,4,100000,1632.5609,1803.3064,170.7455
lyon,4,100000,1644.0153,1814.7638,170.74849999999992
lyon,4,100000,1655.2609,1826.0021,170.74119999999994
lyon,4,100000,1666.9126,1837.6512,170.7385999999999
lyon,4,100000,1677.8423,1848.4187,170.57639999999992
nancy,4,100000,2417.9758,2588.84,170.86419999999998
nantes,4,100000,2341.3333,2511.988,170.65470000000005
lyon,4,100000,1689.6252,1860.3441,170.71890000000008
lyon,4,100000,2221.187,2391.576,170.38900000000012
lyon,4,100000,2225.9114,2396.6008,170.6894000000002
lyon,4,100000,2232.7864,2403.1453,170.35890000000018
lyon,4,100000,2237.9878,2408.6416,170.65380000000005
lyon,4,100000,2244.3506,2415.047,170.6963999999998
lyon,4,100000,2250.1426,2420.5386,170.39599999999973
lyon,4,100000,2255.394,2426.1145,170.72050000000036
lyon,4,100000,2261.8586,2432.5535,170.69489999999996
lyon,4,100000,2267.312,2438.0012,170.68920000000026
nancy,4,100000,2422.587,2592.802,170.21500000000015
lyon,4,100000,2273.8262,2444.5376,170.71140000000014
lyon,4,100000,2279.1426,2449.8323,170.6896999999999
lyon,4,100000,2285.4995,2456.2092,170.70969999999988
lyon,4,100000,2290.842,2461.5466,170.70460000000003
lyon,4,100000,2297.7136,2468.4514,170.73779999999988
lyon,4,100000,2303.1775,2473.819,170.64150000000018
nantes,4,100000,2226.9858,2397.6462,170.6604000000002
nantes,4,100000,2233.594,2404.226,170.63200000000006
nantes,4,100000,2239.66,2410.2407,170.58069999999998
nantes,4,100000,2246.1155,2416.7595,170.64400000000023
nancy,4,100000,2425.9448,2596.7937,170.84889999999996
nantes,4,100000,2252.7776,2423.089,170.31140000000005
nantes,4,100000,2259.1604,2429.4238,170.26339999999982
nantes,4,100000,2265.1602,2435.7815,170.62130000000025
nantes,4,100000,2272.023,2442.6704,170.64739999999983
nantes,4,100000,2278.2034,2448.856,170.65260000000035
nantes,4,100000,2283.4473,2454.0745,170.62720000000036
nantes,4,100000,2290.0508,2460.6826,170.6318000000001
nantes,4,100000,2296.5686,2467.2314,170.66280000000006
nantes,4,100000,2302.2883,2472.9277,170.63940000000002
nantes,4,100000,2309.158,2479.8022,170.64420000000018
nancy,4,100000,2430.2383,2601.1038,170.86549999999988
nantes,4,100000,2314.6711,2485.2854,170.61430000000018
nantes,4,100000,2209.371,2379.9841,170.61310000000003
nantes,4,100000,2215.1294,2385.7708,170.64139999999998
nantes,4,100000,2221.169,2391.778,170.60899999999992
nantes,4,100000,2226.837,2397.1096,170.27259999999978
nantes,4,100000,2232.8892,2403.4756,170.58640000000014
nantes,4,100000,2238.233,2408.8586,170.62559999999985
nantes,4,100000,2245.0288,2415.6753,170.64649999999983
nantes,4,100000,2250.6958,2421.3203,170.6244999999999
nantes,4,100000,2256.6304,2427.2644,170.63400000000001
nancy,4,100000,2434.6484,2605.0247,170.3762999999999
nantes,4,100000,2262.6438,2432.9436,170.29980000000023
nantes,4,100000,2269.4019,2440.0276,170.62570000000005
nantes,4,100000,2274.3735,2445.0269,170.6533999999997
nantes,4,100000,2281.4705,2451.7485,170.27800000000025
nantes,4,100000,2286.4429,2457.0842,170.64129999999977
nantes,4,100000,2292.8542,2463.5205,170.66629999999986
rennes,4,100000,2234.628,2405.3105,170.6824999999999
rennes,4,100000,2239.575,2410.222,170.6470000000004
rennes,4,100000,2244.531,2414.908,170.37699999999995
rennes,4,100000,2249.325,2419.7727,170.44770000000017
nancy,4,100000,2438.1335,2608.9836,170.8501000000001
rennes,4,100000,2254.0088,2424.6824,170.67360000000008
rennes,4,100000,2259.3699,2429.7742,170.4042999999997
rennes,4,100000,2263.8875,2434.5562,170.66870000000017
rennes,4,100000,2268.9539,2439.6123,170.6583999999998
rennes,4,100000,2274.19,2444.8723,170.68229999999994
rennes,4,100000,2278.9429,2449.597,170.6541000000002
rennes,4,100000,2284.0547,2454.7466,170.6918999999998
rennes,4,100000,2289.0652,2459.706,170.64080000000013
rennes,4,100000,2293.8157,2464.5022,170.6864999999998
rennes,4,100000,2298.9573,2469.6414,170.68409999999994
nancy,4,100000,2442.3066,2613.127,170.82040000000006
rennes,4,100000,2303.5027,2474.178,170.67529999999988
nantes,4,100000,2164.3215,2334.98,170.6585
nantes,4,100000,2171.0408,2341.6377,170.5969
nantes,4,100000,2176.8096,2347.441,170.63139999999976
nantes,4,100000,2183.018,2353.6536,170.63560000000007
nantes,4,100000,2188.2563,2358.8696,170.61329999999998
nantes,4,100000,2195.0723,2365.393,170.32070000000022
nantes,4,100000,2200.422,2371.095,170.67299999999977
nantes,4,100000,2206.6555,2377.2703,170.6148000000003
nantes,4,100000,2211.8252,2382.483,170.65779999999995
nancy,5,100000,2277.3691,2467.9438,190.57470000000012
nancy,5,100000,2313.3645,2503.9539,190.58939999999984
nantes,5,100000,2071.9734,2262.4365,190.46309999999994
nantes,5,100000,2077.5515,2267.98,190.42849999999999
nantes,5,100000,2084.4065,2274.4875,190.08100000000013
nantes,5,100000,2089.5134,2280.0002,190.48680000000013
nantes,5,100000,2096.7646,2287.1804,190.41580000000022
nantes,5,100000,2102.5977,2293.042,190.4443000000001
rennes,5,100000,2039.8893,2230.4473,190.55799999999977
rennes,5,100000,2044.6287,2235.119,190.49030000000016
rennes,5,100000,2049.6978,2239.8687,190.17090000000007
rennes,5,100000,2054.123,2244.709,190.58599999999979
nancy,5,100000,2317.4478,2507.9966,190.54880000000003
rennes,5,100000,2059.0217,2249.6294,190.60770000000002
rennes,5,100000,2064.1091,2254.6626,190.55349999999999
rennes,5,100000,2068.8804,2259.3645,190.48410000000013
rennes,5,100000,2073.554,2264.042,190.48799999999983
rennes,5,100000,2078.495,2269.0842,190.5891999999999
rennes,5,100000,2083.4731,2274.0654,190.5922999999998
rennes,5,100000,2088.1814,2278.801,190.6196
rennes,5,100000,2093.7354,2283.8242,190.0888
rennes,5,100000,2098.0603,2288.6204,190.5600999999997
rennes,5,100000,2103.288,2293.8452,190.5572000000002
nancy,5,100000,2320.9807,2511.5706,190.58989999999994
rennes,5,100000,2107.9807,2298.4968,190.51609999999982
lyon,5,100000,1581.7196,1772.1685,190.4489000000001
lyon,5,100000,1592.8635,1783.3665,190.50300000000016
lyon,5,100000,1604.1138,1794.705,190.59119999999984
lyon,5,100000,1617.0352,1806.2062,189.17100000000005
lyon,5,100000,1627.4745,1818.595,191.1205
lyon,5,100000,1638.4663,1829.0488,190.58249999999998
lyon,5,100000,1650.0576,1840.5437,190.48609999999985
lyon,5,100000,1661.2694,1851.8805,190.61110000000008
lyon,5,100000,1672.4512,1862.91,190.4588000000001
nancy,5,100000,2325.3374,2515.9504,190.61300000000028
lyon,5,100000,1683.164,1873.6794,190.5154
lyon,5,100000,1694.5972,1885.0853,190.48810000000003
lyon,5,100000,1705.8123,1896.3334,190.52109999999993
lyon,5,100000,1717.0577,1907.5597,190.50199999999995
lyon,5,100000,1728.1115,1918.6187,190.5072
lyon,5,100000,1739.5518,1930.1208,190.56899999999996
lyon,5,100000,2003.7742,2193.9517,190.1775
lyon,5,100000,2009.1918,2199.7422,190.55040000000008
lyon,5,100000,2014.2074,2204.806,190.59860000000003
lyon,5,100000,2020.519,2211.0444,190.52540000000022
nancy,5,100000,2329.4187,2520.0305,190.61179999999968
lyon,5,100000,2026.01,2216.1792,190.16920000000005
lyon,5,100000,2031.7821,2222.372,190.58989999999994
lyon,5,100000,2036.9594,2227.5095,190.55010000000016
lyon,5,100000,2043.1752,2233.6865,190.5112999999999
lyon,5,100000,2048.3723,2239.122,190.74969999999985
lyon,5,100000,2054.7026,2245.2612,190.55859999999984
lyon,5,100000,2060.547,2250.6975,190.1505000000002
lyon,5,100000,2066.7124,2257.3022,190.5898000000002
lyon,5,100000,2071.851,2262.3857,190.5346999999997
lyon,5,100000,2078.4773,2269.1714,190.69410000000016
nancy,5,100000,2333.3928,2523.9685,190.57569999999987
lyon,5,100000,2084.1426,2274.644,190.50139999999965
rennes,5,100000,2032.1581,2222.9158,190.7577000000001
rennes,5,100000,2037.3666,2227.4985,190.1319000000001
rennes,5,100000,2042.013,2232.613,190.5999999999999
rennes,5,100000,2047.2037,2237.3616,190.15790000000015
rennes,5,100000,2051.999,2242.1458,190.14679999999998
rennes,5,100000,2056.8289,2247.281,190.45209999999997
rennes,5,100000,2061.8145,2252.2578,190.4432999999999
rennes,5,100000,2067.0913,2257.2747,190.1833999999999
rennes,5,100000,2071.5508,2262.0715,190.52070000000003
nantes,5,100000,2127.0745,2317.3755,190.30099999999993
rennes,5,100000,2076.9312,2267.1143,190.1831000000002
rennes,5,100000,2081.314,2271.7754,190.46140000000014
rennes,5,100000,2086.644,2277.1416,190.49760000000015
rennes,5,100000,2091.144,2281.5547,190.41070000000036
rennes,5,100000,2096.4407,2286.9502,190.50950000000012
rennes,5,100000,2101.1438,2291.5664,190.42260000000033
nancy,5,100000,2093.5173,2284.0784,190.5610999999999
nancy,5,100000,2097.3835,2287.941,190.5574999999999
nancy,5,100000,2101.5366,2292.1392,190.60260000000017
nancy,5,100000,2105.6677,2296.2544,190.58669999999984
nantes,5,100000,2133.8403,2323.7517,189.91139999999996
nancy,5,100000,2109.662,2300.253,190.59100000000035
nancy,5,100000,2113.7017,2304.3699,190.66820000000007
nancy,5,100000,2118.1284,2308.6836,190.5551999999998
nancy,5,100000,2122.0461,2312.6353,190.5891999999999
nancy,5,100000,2126.1992,2316.7192,190.51999999999998
nancy,5,100000,2130.1724,2320.867,190.69460000000026
nancy,5,100000,2134.1165,2324.7075,190.5909999999999
nancy,5,100000,2138.177,2328.9016,190.7246
nancy,5,100000,2142.2458,2332.8376,190.5917999999997
nancy,5,100000,2146.3303,2336.8564,190.52610000000004
nantes,5,100000,2138.6143,2329.146,190.5317
nancy,5,100000,2150.3188,2340.9148,190.596
nancy,5,100000,2074.4546,2264.97,190.51539999999977
nancy,5,100000,2078.108,2268.6326,190.52459999999974
nancy,5,100000,2082.1624,2272.7998,190.63739999999962
nancy,5,100000,2086.3567,2276.9155,190.55880000000025
nancy,5,100000,2090.4807,2281.004,190.52329999999984
nancy,5,100000,2094.366,2284.9255,190.55949999999984
nancy,5,100000,2098.4224,2288.9912,190.5688
nancy,5,100000,2102.3745,2292.8977,190.5232000000001
nancy,5,100000,2106.493,2297.0562,190.56320000000005
nantes,5,100000,2145.451,2335.5745,190.12350000000015
nancy,5,100000,2110.3406,2300.9946,190.654
nancy,5,100000,2114.6426,2305.1633,190.52070000000003
nancy,5,100000,2118.7563,2309.2507,190.49440000000004
nancy,5,100000,2122.7131,2313.268,190.5549000000001
nancy,5,100000,2126.7078,2317.2666,190.5587999999998
nancy,5,100000,2130.858,2321.3755,190.51749999999993
nancy,5,100000,2043.51,2234.1558,190.6458
nancy,5,100000,2047.3981,2238.003,190.60490000000004
nancy,5,100000,2051.524,2242.0864,190.56240000000025
nancy,5,100000,2055.7466,2246.3513,190.60469999999987
nancy,5,100000,2281.0156,2471.5896,190.57399999999961
nantes,5,100000,2150.425,2341.0723,190.64729999999963
nancy,5,100000,2059.8706,2250.4504,190.57979999999998
nancy,5,100000,2063.874,2254.4365,190.5625
nancy,5,100000,2067.8936,2258.4888,190.5952000000002
nancy,5,100000,2071.8223,2262.3835,190.5612000000001
nancy,5,100000,2075.723,2266.284,190.56100000000015
nancy,5,100000,2079.6946,2270.281,190.58640000000014
nancy,5,100000,2083.7896,2274.351,190.56140000000005
nancy,5,100000,2087.4731,2278.1753,190.70219999999972
nancy,5,100000,2091.5735,2282.299,190.7255
nancy,5,100000,2095.3718,2286.0713,190.69950000000017
nantes,5,100000,2157.1975,2347.3518,190.1542999999997
nancy,5,100000,2099.3962,2290.0447,190.64849999999979
nantes,5,100000,1897.2607,2087.7996,190.53889999999978
nantes,5,100000,1904.0619,2094.202,190.1401000000003
nantes,5,100000,1909.3848,2099.8892,190.50440000000003
nantes,5,100000,1916.2197,2106.5913,190.37159999999994
nantes,5,100000,1921.9563,2112.5337,190.5773999999999
nantes,5,100000,1928.453,2118.876,190.42300000000023
nantes,5,100000,1933.978,2124.587,190.60899999999992
nantes,5,100000,1941.112,2131.2307,190.1187
nantes,5,100000,1946.2095,2136.6663,190.45679999999993
nantes,5,100000,2162.6418,2353.2146,190.57279999999992
nantes,5,100000,1952.8989,2143.2944,190.3955000000003
nantes,5,100000,1958.2532,2148.7314,190.47820000000002
nantes,5,100000,1964.9761,2155.3628,190.3866999999998
nantes,5,100000,1970.4352,2160.997,190.56179999999995
nantes,5,100000,1977.192,2167.6125,190.42050000000017
nantes,5,100000,1982.67,2173.1357,190.46569999999974
rennes,5,100000,1934.3602,2124.529,190.16879999999992
rennes,5,100000,1938.4583,2129.035,190.57669999999985
rennes,5,100000,1943.7313,2134.0303,190.29899999999998
rennes,5,100000,1948.086,2138.6123,190.52629999999976
nantes,5,100000,2169.181,2359.783,190.60199999999986
rennes,5,100000,1953.3783,2143.552,190.17370000000005
rennes,5,100000,1957.8167,2148.3115,190.4947999999997
rennes,5,100000,1962.7991,2153.452,190.65290000000027
rennes,5,100000,1967.6553,2158.506,190.85069999999996
rennes,5,100000,1972.3339,2162.8728,190.5389
rennes,5,100000,1977.383,2167.5352,190.15219999999977
rennes,5,100000,1982.0483,2172.6313,190.58300000000008
rennes,5,100000,1987.0568,2178.0815,191.0246999999997
rennes,5,100000,1991.8561,2182.447,190.59090000000015
rennes,5,100000,1996.4258,2186.9954,190.5695999999998
nantes,5,100000,2174.8538,2365.4363,190.58249999999998
rennes,5,100000,2001.4293,2192.0242,190.59489999999983
lyon,5,100000,1890.2804,2080.8237,190.54329999999982
lyon,5,100000,1895.7961,2086.415,190.61889999999994
lyon,5,100000,1902.2975,2092.3796,190.0821000000003
lyon,5,100000,1908.0054,2098.5781,190.57270000000017
lyon,5,100000,1914.1321,2104.2175,190.08540000000016
lyon,5,100000,1920.2839,2110.35,190.0661
lyon,5,100000,1925.4205,2115.9702,190.54970000000026
lyon,5,100000,1932.1614,2122.728,190.5666000000001
lyon,5,100000,1937.4442,2128.0117,190.5675000000001
nantes,5,100000,2181.5186,2372.0051,190.48649999999998
lyon,5,100000,1943.6724,2134.232,190.55960000000005
lyon,5,100000,1949.0602,2139.5662,190.5060000000003
lyon,5,100000,1955.6079,2146.195,190.5871000000002
lyon,5,100000,1960.8145,2151.3762,190.5617000000002
lyon,5,100000,1967.8054,2158.3423,190.53689999999983
lyon,5,100000,1972.9957,2163.539,190.54330000000027
rennes,5,100000,1920.7587,2111.3064,190.54769999999985
rennes,5,100000,1925.6022,2116.124,190.52179999999976
rennes,5,100000,1931.1343,2121.6475,190.5132000000001
rennes,5,100000,1935.8801,2126.4001,190.51999999999975
nantes,5,100000,2187.0273,2377.6072,190.57989999999972
rennes,5,100000,1940.8782,2131.4883,190.61009999999987
rennes,5,100000,1945.8868,2136.378,190.49120000000016
rennes,5,100000,1950.9316,2141.539,190.60740000000033
rennes,5,100000,1956.1772,2146.29,190.11279999999988
rennes,5,100000,1960.9651,2151.1511,190.18600000000015
rennes,5,100000,1965.4467,2156.032,190.5853000000002
rennes,5,100000,1970.4747,2160.9854,190.51070000000004
rennes,5,100000,1975.5352,2166.051,190.5157999999999
rennes,5,100000,1980.4042,2170.9297,190.5255000000002
rennes,5,100000,1984.9949,2175.59,190.59510000000023
nantes,5,100000,2193.3604,2383.9438,190.58339999999998
rennes,5,100000,1990.0007,2180.5383,190.5376000000001
nancy,5,100000,1981.6896,2172.391,190.70140000000015
nancy,5,100000,1985.5078,2176.1843,190.6764999999998
nancy,5,100000,1989.4224,2180.0547,190.6323000000002
nancy,5,100000,1993.3572,2183.9849,190.6277
nancy,5,100000,1997.2872,2187.912,190.62479999999982
nancy,5,100000,2001.3301,2192.0015,190.67139999999995
nancy,5,100000,2005.1553,2195.8098,190.6545000000001
nancy,5,100000,2009.0227,2199.6956,190.67290000000003
nancy,5,100000,2013.0198,2203.6577,190.63790000000017
nantes,5,100000,2199.1392,2389.3367,190.19749999999976
nancy,5,100000,2017.1216,2207.7542,190.6325999999999
nancy,5,100000,2021.1577,2211.781,190.62329999999997
nancy,5,100000,2025.1105,2215.8162,190.7057000000002
nancy,5,100000,2029.0642,2219.735,190.6708000000001
nancy,5,100000,2033.2354,2223.9502,190.7148000000002
nancy,5,100000,2037.4243,2228.0479,190.62360000000012
lyon,5,100000,1426.9924,1617.5692,190.57679999999982
lyon,5,100000,1438.5825,1628.5638,189.98129999999992
lyon,5,100000,1449.0426,1639.6918,190.64920000000006
lyon,5,100000,1460.2751,1650.7981,190.5229999999999
nantes,5,100000,2205.1765,2395.6492,190.4726999999998
lyon,5,100000,1472.2838,1662.3077,190.02390000000014
lyon,5,100000,1482.6915,1673.3325,190.64100000000008
lyon,5,100000,1494.5417,1684.4208,189.8791000000001
lyon,5,100000,1503.8987,1694.5366,190.63789999999995
lyon,5,100000,1516.2122,1707.1193,190.90710000000013
lyon,5,100000,1527.4568,1718.0726,190.61580000000004
lyon,5,100000,1538.3391,1728.9872,190.6481000000001
lyon,5,100000,1550.1647,1740.5236,190.35889999999995
lyon,5,100000,1560.8375,1751.4431,190.60559999999987
lyon,5,100000,1572.5254,1763.1879,190.6624999999999
nancy,5,100000,2285.0059,2475.619,190.61310000000003
nantes,5,100000,2210.756,2401.4114,190.6554000000001
lyon,5,100000,1583.7235,1774.2845,190.56099999999992
lyon,5,100000,2127.3372,2317.884,190.54680000000008
lyon,5,100000,2134.0671,2324.157,190.08989999999994
lyon,5,100000,2140.092,2330.5945,190.50250000000005
lyon,5,100000,2145.947,2336.4734,190.52639999999974
lyon,5,100000,2151.4888,2342.087,190.5981999999999
lyon,5,100000,2157.4116,2348.0015,190.58989999999994
lyon,5,100000,2162.9778,2353.544,190.56619999999975
lyon,5,100000,2169.5962,2360.185,190.5888
lyon,5,100000,2174.777,2365.3254,190.54840000000013
nancy,5,100000,2288.9712,2479.5593,190.58809999999994
lyon,5,100000,2181.1777,2371.7175,190.5398
lyon,5,100000,2186.8064,2376.8755,190.06910000000016
lyon,5,100000,2193.243,2383.3625,190.11950000000024
lyon,5,100000,2198.3281,2388.8818,190.55369999999994
lyon,5,100000,2205.037,2395.6343,190.59730000000036
lyon,5,100000,2210.5298,2401.084,190.55420000000004
nantes,5,100000,2079.087,2269.65,190.5630000000001
nantes,5,100000,2085.2705,2275.3657,190.09519999999975
nantes,5,100000,2090.322,2281.0508,190.72879999999986
nantes,5,100000,2096.7092,2287.3352,190.6260000000002
nancy,5,100000,2292.9236,2483.497,190.57339999999976
nantes,5,100000,2102.1797,2292.6287,190.44900000000007
nantes,5,100000,2108.6252,2299.0994,190.4742000000001
nantes,5,100000,2114.03,2304.5024,190.47239999999965
nantes,5,100000,2120.285,2310.8835,190.59850000000006
nantes,5,100000,2126.177,2316.1763,189.99929999999995
nantes,5,100000,2132.4814,2323.0525,190.57109999999966
nantes,5,100000,2138.034,2328.513,190.47899999999981
nantes,5,100000,2144.9412,2335.4648,190.5236
nantes,5,100000,2150.5352,2341.0806,190.54539999999997
nantes,5,100000,2157.0608,2347.5874,190.5265999999997
nancy,5,100000,2297.1406,2487.7278,190.58719999999994
nantes,5,100000,2162.7632,2353.2876,190.52440000000024
nantes,5,100000,2072.1929,2262.2446,190.05169999999998
nantes,5,100000,2077.231,2267.8174,190.58639999999968
nantes,5,100000,2082.9946,2273.464,190.46939999999995
nantes,5,100000,2089.0852,2279.6196,190.5344
nantes,5,100000,2094.573,2284.6265,190.05349999999999
nantes,5,100000,2100.812,2291.2625,190.45049999999992
nantes,5,100000,2105.767,2296.324,190.55700000000024
nantes,5,100000,2112.6824,2303.312,190.62959999999975
nantes,5,100000,2118.1372,2308.6455,190.50829999999996
nancy,5,100000,2301.15,2491.7415,190.5915
nantes,5,100000,2125.3418,2315.333,189.99119999999994
nantes,5,100000,2130.2307,2320.722,190.49130000000014
nantes,5,100000,2136.5803,2327.1614,190.58109999999988
nantes,5,100000,2142.2185,2332.7385,190.51999999999998
nantes,5,100000,2149.0105,2339.572,190.56150000000025
nantes,5,100000,2155.0325,2345.4934,190.46090000000004
rennes,5,100000,2041.9142,2232.5007,190.58650000000011
rennes,5,100000,2046.5258,2237.1062,190.58040000000028
rennes,5,100000,2051.418,2242.034,190.61599999999999
rennes,5,100000,2056.31,2246.864,190.5540000000001
nancy,5,100000,2305.1787,2495.858,190.67930000000024
rennes,5,100000,2061.9348,2252.0212,190.08640000000014
rennes,5,100000,2066.474,2257.0205,190.54649999999992
rennes,5,100000,2071.4539,2262.0842,190.6302999999998
rennes,5,100000,2076.9521,2267.0369,190.0848000000001
rennes,5,100000,2081.252,2271.85,190.59799999999996
rennes,5,100000,2086.2688,2276.8916,190.6228000000001
rennes,5,100000,2090.9988,2281.676,190.67720000000008
rennes,5,100000,2096.0225,2286.5664,190.54390000000012
rennes,5,100000,2101.184,2291.805,190.62099999999964
rennes,5,100000,2106.2598,2296.7986,190.53880000000026
nancy,5,100000,2309.4229,2500.035,190.61209999999983
rennes,5,100000,2111.7805,2302.035,190.2545
nantes,5,100000,2018.2922,2208.3486,190.0563999999997
nantes,5,100000,2023.8645,2214.0767,190.21220000000017
nantes,5,100000,2029.6013,2220.0054,190.40409999999997
nantes,5,100000,2036.0541,2226.1724,190.11829999999986
nantes,5,100000,2041.259,2231.675,190.41600000000017
nantes,5,100000,2047.262,2237.7478,190.48580000000015
nantes,5,100000,2053.0737,2243.4832,190.4095000000002
nantes,5,100000,2059.45,2249.7563,190.3063000000002
nantes,5,100000,2065.119,2255.5627,190.4436999999998
nancy,6,100000,2258.7053,2435.2441,176.5387999999998
nancy,6,100000,2294.8464,2471.4722,176.62580000000025
nantes,6,100000,2065.7053,2242.2097,176.5043999999998
nantes,6,100000,2071.1943,2247.7346,176.54029999999966
nantes,6,100000,2077.5757,2254.0952,176.51950000000033
nantes,6,100000,2083.3955,2259.4028,176.00729999999976
nantes,6,100000,2089.885,2266.4011,176.51609999999982
nantes,6,100000,2095.805,2272.3308,176.52580000000034
rennes,6,100000,2051.4424,2227.4802,176.03780000000006
rennes,6,100000,2055.7505,2232.3188,176.5682999999999
rennes,6,100000,2060.4338,2236.9546,176.52080000000024
rennes,6,100000,2065.4246,2241.9875,176.56290000000035
nancy,6,100000,2299.0889,2475.6328,176.54389999999967
rennes,6,100000,2070.248,2246.8003,176.55229999999983
rennes,6,100000,2075.437,2251.936,176.49900000000025
rennes,6,100000,2079.8345,2256.3552,176.52070000000003
rennes,6,100000,2084.6597,2261.1892,176.52949999999964
rennes,6,100000,2089.6428,2266.092,176.44920000000002
rennes,6,100000,2094.2683,2270.8186,176.55029999999988
rennes,6,100000,2099.5808,2276.103,176.52219999999988
rennes,6,100000,2104.3877,2280.9297,176.54199999999992
rennes,6,100000,2109.44,2285.9429,176.50289999999995
rennes,6,100000,2114.1367,2290.6309,176.4942000000001
nancy,6,100000,2302.923,2479.4163,176.4933000000001
rennes,6,100000,2119.2654,2295.7578,176.49239999999963
lyon,6,100000,1566.5748,1742.5768,176.00199999999995
lyon,6,100000,1577.1134,1753.7058,176.5924
lyon,6,100000,1588.2191,1764.8153,176.59619999999995
lyon,6,100000,1599.5298,1776.1094,176.57960000000003
lyon,6,100000,1611.6298,1787.598,175.96820000000002
lyon,6,100000,1622.899,1798.7793,175.88030000000003
lyon,6,100000,1633.551,1810.1301,176.57910000000015
lyon,6,100000,1645.099,1821.6796,176.5806
lyon,6,100000,1656.4,1832.9806,176.5806
nancy,6,100000,2306.866,2483.407,176.54100000000017
lyon,6,100000,1667.4606,1844.0397,176.57909999999993
lyon,6,100000,1678.6904,1855.2828,176.5924
lyon,6,100000,1689.742,1866.3352,176.59320000000002
lyon,6,100000,1700.7954,1877.3971,176.60169999999994
lyon,6,100000,1711.8328,1888.3903,176.55750000000012
lyon,6,100000,1723.2733,1899.8508,176.57749999999987
lyon,6,100000,1994.0966,2170.6768,176.5802000000001
lyon,6,100000,1999.2684,2175.7898,176.52140000000009
lyon,6,100000,2005.3646,2181.907,176.54240000000004
lyon,6,100000,2010.6566,2187.158,176.50139999999988
nancy,6,100000,2310.888,2487.4521,176.56410000000005
lyon,6,100000,2017.2605,2193.5242,176.26369999999974
lyon,6,100000,2022.1633,2198.6914,176.52810000000022
lyon,6,100000,2028.6425,2205.2146,176.57209999999986
lyon,6,100000,2033.7477,2210.2832,176.53549999999996
lyon,6,100000,2040.2822,2216.814,176.53179999999975
lyon,6,100000,2045.9578,2222.4993,176.54150000000004
lyon,6,100000,2052.28,2228.812,176.5319999999997
lyon,6,100000,2057.2075,2233.7493,176.54179999999997
lyon,6,100000,2063.164,2239.6938,176.5297999999998
lyon,6,100000,2069.2864,2245.84,176.5536000000002
nancy,6,100000,2314.9297,2491.45,176.52029999999968
lyon,6,100000,2075.2578,2251.7688,176.51099999999997
rennes,6,100000,2003.2689,2179.6477,176.37879999999996
rennes,6,100000,2007.4863,2184.0596,176.57330000000002
rennes,6,100000,2012.3982,2188.9402,176.54199999999992
rennes,6,100000,2017.43,2193.974,176.5440000000001
rennes,6,100000,2022.4567,2199.018,176.56130000000007
rennes,6,100000,2027.713,2204.2168,176.50380000000018
rennes,6,100000,2032.9207,2208.9353,176.0146000000002
rennes,6,100000,2037.3204,2213.8752,176.5547999999999
rennes,6,100000,2042.4187,2218.9412,176.52250000000026
nantes,6,100000,2117.6296,2293.7778,176.14819999999963
rennes,6,100000,2048.0354,2224.0369,176.00149999999985
rennes,6,100000,2052.8438,2228.8376,175.99379999999974
rennes,6,100000,2057.5508,2234.109,176.55819999999994
rennes,6,100000,2062.171,2238.7197,176.54870000000028
rennes,6,100000,2067.4321,2243.9753,176.54320000000007
rennes,6,100000,2072.0945,2248.612,176.51749999999993
nancy,6,100000,2086.73,2263.243,176.51299999999992
nancy,6,100000,2090.5537,2267.0955,176.54179999999997
nancy,6,100000,2094.686,2271.2222,176.5362
nancy,6,100000,2098.88,2275.4556,176.57559999999967
nantes,6,100000,2123.3196,2299.4343,176.11470000000008
nancy,6,100000,2102.9478,2279.524,176.57619999999997
nancy,6,100000,2107.2087,2283.698,176.48929999999973
nancy,6,100000,2111.273,2287.8093,176.53629999999976
nancy,6,100000,2115.2852,2291.86,176.57480000000032
nancy,6,100000,2119.249,2295.7825,176.5335
nancy,6,100000,2123.5825,2299.7156,176.1331
nancy,6,100000,2127.1892,2303.7632,176.57400000000007
nancy,6,100000,2131.0676,2307.644,176.57639999999992
nancy,6,100000,2135.0508,2311.6245,176.57369999999992
nancy,6,100000,2139.0154,2315.5488,176.5333999999998
nantes,6,100000,2128.9407,2305.4429,176.5021999999999
nancy,6,100000,2142.982,2319.5999,176.6179000000002
nancy,6,100000,2078.728,2255.3027,176.57470000000012
nancy,6,100000,2082.4973,2259.0454,176.54809999999998
nancy,6,100000,2086.446,2262.9934,176.54739999999993
nancy,6,100000,2090.4136,2266.9583,176.54469999999992
nancy,6,100000,2094.3853,2270.9429,176.5576000000001
nancy,6,100000,2098.206,2274.7737,176.56770000000006
nancy,6,100000,2102.4531,2279.02,176.5668999999998
nancy,6,100000,2106.5977,2283.171,176.57330000000002
nancy,6,100000,2110.5308,2287.0442,176.51339999999982
nantes,6,100000,2134.989,2311.0278,176.0387999999998
nancy,6,100000,2114.6277,2291.208,176.58030000000008
nancy,6,100000,2118.6665,2295.2146,176.54809999999998
nancy,6,100000,2122.5627,2299.1348,176.57209999999986
nancy,6,100000,2126.5732,2303.1172,176.54400000000032
nancy,6,100000,2130.3176,2306.8652,176.54760000000033
nancy,6,100000,2133.906,2310.4868,176.58080000000018
nancy,6,100000,2067.846,2244.4055,176.55949999999984
nancy,6,100000,2071.6287,2248.1895,176.56079999999974
nancy,6,100000,2075.616,2252.175,176.5590000000002
nancy,6,100000,2079.7234,2256.2803,176.55690000000004
nancy,6,100000,2262.495,2438.9875,176.4925000000003
nantes,6,100000,2140.6714,2317.204,176.5326
nancy,6,100000,2083.643,2260.2026,176.55960000000005
nancy,6,100000,2087.5151,2264.0742,176.55909999999994
nancy,6,100000,2091.5588,2268.1152,176.5564000000004
nancy,6,100000,2095.7065,2272.268,176.56150000000025
nancy,6,100000,2099.8542,2276.3882,176.53399999999965
nancy,6,100000,2103.7366,2280.2974,176.56079999999974
nancy,6,100000,2107.7808,2284.315,176.53420000000006
nancy,6,100000,2111.6628,2288.2175,176.55470000000014
nancy,6,100000,2115.628,2292.196,176.56799999999976
nancy,6,100000,2119.5205,2296.088,176.5675000000001
nantes,6,100000,2146.5403,2323.0723,176.5319999999997
nancy,6,100000,2123.477,2300.0447,176.56770000000006
nantes,6,100000,1888.6528,2064.7974,176.14459999999985
nantes,6,100000,1893.5443,2069.9915,176.44720000000007
nantes,6,100000,1900.1288,2076.607,176.47820000000002
nantes,6,100000,1905.8104,2082.3142,176.50379999999973
nantes,6,100000,1911.845,2088.3057,176.46069999999986
nantes,6,100000,1918.4926,2094.9019,176.4092999999998
nantes,6,100000,1923.6705,2100.1257,176.4552000000001
nantes,6,100000,1930.1049,2106.5571,176.45219999999995
nantes,6,100000,1935.2174,2111.719,176.50160000000005
nantes,6,100000,2152.3567,2328.87,176.51330000000007
nantes,6,100000,1942.2698,2118.7166,176.44680000000017
nantes,6,100000,1947.403,2123.8596,176.45659999999975
nantes,6,100000,1954.1145,2130.6228,176.5083000000002
nantes,6,100000,1960.4247,2136.512,176.08730000000014
nantes,6,100000,1966.5583,2143.041,176.48270000000025
nantes,6,100000,1972.4839,2148.9673,176.48339999999985
rennes,6,100000,1906.689,2083.0166,176.32759999999985
rennes,6,100000,1911.166,2087.508,176.34199999999987
rennes,6,100000,1916.3644,2092.7004,176.33600000000024
rennes,6,100000,1921.3776,2097.7024,176.3248000000001
nantes,6,100000,2158.8423,2335.3684,176.52610000000004
rennes,6,100000,1926.5293,2102.8342,176.30489999999986
rennes,6,100000,1931.5537,2107.8513,176.29759999999987
rennes,6,100000,1936.2928,2112.6233,176.33050000000026
rennes,6,100000,1941.193,2117.464,176.27099999999996
rennes,6,100000,1946.0225,2122.4758,176.45330000000013
rennes,6,100000,1951.3254,2127.6492,176.3237999999999
rennes,6,100000,1955.8943,2132.2456,176.35130000000026
rennes,6,100000,1960.9272,2137.2559,176.32870000000003
rennes,6,100000,1965.8461,2142.288,176.44190000000003
rennes,6,100000,1971.2789,2147.711,176.43209999999976
nantes,6,100000,2164.5732,2341.0542,176.48100000000022
rennes,6,100000,1976.4559,2152.7922,176.33629999999994
lyon,6,100000,1878.4053,2054.9717,176.56640000000016
lyon,6,100000,1883.5814,2060.113,176.5315999999998
lyon,6,100000,1889.3513,2065.8835,176.53219999999988
lyon,6,100000,1895.1348,2071.668,176.53320000000008
lyon,6,100000,1901.3129,2077.8862,176.57330000000002
lyon,6,100000,1907.1864,2083.7021,176.51569999999992
lyon,6,100000,1913.3866,2089.6545,176.26790000000005
lyon,6,100000,1919.0469,2095.579,176.53210000000013
lyon,6,100000,1924.5481,2100.7976,176.2494999999999
nantes,6,100000,2170.931,2347.434,176.50300000000016
lyon,6,100000,1930.6725,2107.212,176.5395000000001
lyon,6,100000,1935.6445,2112.1804,176.53590000000008
lyon,6,100000,1942.2394,2118.792,176.55259999999998
lyon,6,100000,1948.0062,2124.5076,176.50139999999988
lyon,6,100000,1954.4783,2130.9656,176.4873
lyon,6,100000,1960.2256,2136.748,176.52240000000006
rennes,6,100000,1928.8755,2105.3777,176.5021999999999
rennes,6,100000,1933.2289,2109.748,176.51909999999998
rennes,6,100000,1938.1602,2114.69,176.52980000000002
rennes,6,100000,1943.8627,2119.959,176.09629999999993
nantes,6,100000,2176.8748,2353.4023,176.52750000000015
rennes,6,100000,1948.2561,2124.7678,176.51170000000002
rennes,6,100000,1953.203,2129.664,176.46100000000024
rennes,6,100000,1957.8163,2134.3645,176.54820000000018
rennes,6,100000,1962.6877,2139.1912,176.50350000000026
rennes,6,100000,1968.0372,2144.093,176.05579999999986
rennes,6,100000,1972.4376,2148.9182,176.4806000000001
rennes,6,100000,1977.3422,2153.8372,176.4949999999999
rennes,6,100000,1982.1885,2158.733,176.5445000000002
rennes,6,100000,1987.4451,2163.9517,176.50660000000016
rennes,6,100000,1992.2855,2168.828,176.54250000000002
nantes,6,100000,2183.5637,2360.0864,176.5227
rennes,6,100000,1997.3154,2173.7988,176.48340000000007
nancy,6,100000,1981.0715,2157.6484,176.57690000000002
nancy,6,100000,1984.8232,2161.4297,176.6065000000001
nancy,6,100000,1988.7578,2165.3203,176.56249999999977
nancy,6,100000,1992.8114,2169.353,176.54160000000002
nancy,6,100000,1996.6578,2173.2146,176.55679999999984
nancy,6,100000,2000.5505,2177.1343,176.5838000000001
nancy,6,100000,2004.5946,2181.1814,176.58680000000004
nancy,6,100000,2008.4601,2185.0906,176.63049999999998
nancy,6,100000,2012.4905,2189.1157,176.62519999999972
nantes,6,100000,2189.2244,2365.7195,176.4951000000001
nancy,6,100000,2016.5381,2193.1592,176.62110000000007
nancy,6,100000,2020.5106,2197.088,176.57740000000013
nancy,6,100000,2024.3666,2200.924,176.55739999999992
nancy,6,100000,2028.2628,2204.9104,176.64760000000024
nancy,6,100000,2031.9972,2208.595,176.59779999999978
nancy,6,100000,2035.7526,2212.3232,176.57059999999979
lyon,6,100000,1417.946,1594.4779,176.53190000000018
lyon,6,100000,1429.0688,1605.6489,176.5800999999999
lyon,6,100000,1440.0818,1616.6675,176.5857000000001
lyon,6,100000,1451.8694,1627.7781,175.90869999999995
nantes,6,100000,2196.181,2372.7026,176.52160000000003
lyon,6,100000,1462.5039,1639.0576,176.55370000000016
lyon,6,100000,1474.3962,1650.2953,175.8991000000001
lyon,6,100000,1485.3428,1661.9032,176.56040000000007
lyon,6,100000,1496.8013,1673.3959,176.5945999999999
lyon,6,100000,1508.5474,1684.4668,175.9194
lyon,6,100000,1519.357,1695.9254,176.5684000000001
lyon,6,100000,1530.1223,1706.7296,176.6072999999999
lyon,6,100000,1541.2981,1717.8567,176.55860000000007
lyon,6,100000,1552.5348,1729.1284,176.59360000000015
lyon,6,100000,1564.2415,1740.807,176.56549999999993
nancy,6,100000,2266.427,2442.9902,176.56320000000005
nantes,6,100000,2201.4697,2378.0366,176.5668999999998
lyon,6,100000,1574.7561,1751.3082,176.55209999999988
lyon,6,100000,2114.155,2290.7336,176.57859999999982
lyon,6,100000,2120.1052,2296.6135,176.50829999999996
lyon,6,100000,2125.8418,2302.4197,176.57789999999977
lyon,6,100000,2131.5486,2308.0713,176.5227
lyon,6,100000,2137.5928,2314.2146,176.6217999999999
lyon,6,100000,2143.7344,2320.32,176.58560000000034
lyon,6,100000,2149.4084,2325.568,176.1596000000004
lyon,6,100000,2155.6501,2332.2014,176.55130000000008
lyon,6,100000,2160.9346,2337.505,176.57040000000006
nancy,6,100000,2270.4155,2446.9807,176.5652
lyon,6,100000,2168.201,2344.348,176.14699999999993
lyon,6,100000,2172.803,2349.38,176.57700000000023
lyon,6,100000,2179.5833,2356.167,176.58370000000014
lyon,6,100000,2184.8918,2361.4775,176.5857000000001
lyon,6,100000,2191.096,2367.6887,176.59270000000015
lyon,6,100000,2197.3574,2373.9302,176.57279999999992
nantes,6,100000,2074.1863,2250.7083,176.52199999999993
nantes,6,100000,2080.043,2256.158,176.11499999999978
nantes,6,100000,2085.6626,2262.155,176.4924000000001
nantes,6,100000,2091.1191,2267.6016,176.48250000000007
nancy,6,100000,2274.6216,2451.162,176.54039999999986
nantes,6,100000,2097.5657,2273.708,176.14229999999998
nantes,6,100000,2103.694,2280.177,176.48300000000017
nantes,6,100000,2109.2546,2285.7163,176.46169999999984
nantes,6,100000,2115.5984,2292.1482,176.54980000000023
nantes,6,100000,2121.4048,2297.8816,176.47680000000037
nantes,6,100000,2128.4434,2304.6409,176.19749999999976
nantes,6,100000,2133.2822,2309.7644,176.48219999999992
nantes,6,100000,2140.269,2316.8591,176.59010000000035
nantes,6,100000,2146.3245,2322.8074,176.48289999999997
nantes,6,100000,2153.4048,2329.8574,176.45260000000007
nancy,6,100000,2278.7783,2455.343,176.5646999999999
nantes,6,100000,2158.3499,2334.8745,176.52459999999974
nantes,6,100000,2074.5718,2251.076,176.50419999999986
nantes,6,100000,2080.0137,2256.5295,176.51580000000013
nantes,6,100000,2086.572,2262.9363,176.36429999999973
nantes,6,100000,2091.7417,2268.2427,176.50099999999975
nantes,6,100000,2098.148,2274.6628,176.51479999999992
nantes,6,100000,2103.8643,2280.3628,176.4984999999997
nantes,6,100000,2109.9358,2286.465,176.52919999999995
nantes,6,100000,2115.6128,2292.1257,176.51290000000017
nantes,6,100000,2121.3425,2297.8818,176.5392999999999
nancy,6,100000,2282.7986,2459.2983,176.49969999999985
nantes,6,100000,2128.4333,2304.943,176.50970000000007
nantes,6,100000,2134.0227,2310.5247,176.50199999999995
nantes,6,100000,2140.9233,2317.4407,176.51740000000018
nantes,6,100000,2146.719,2323.212,176.49299999999994
nantes,6,100000,2153.3162,2329.8457,176.52949999999964
nantes,6,100000,2159.5984,2336.1008,176.5024000000003
rennes,6,100000,2076.0142,2252.1143,176.1001000000001
rennes,6,100000,2080.7366,2257.2546,176.51800000000003
rennes,6,100000,2086.2969,2262.3984,176.10150000000021
rennes,6,100000,2090.6863,2267.2415,176.55520000000024
nancy,6,100000,2286.7036,2463.2312,176.52760000000035
rennes,6,100000,2096.4004,2272.4475,176.04710000000023
rennes,6,100000,2101.641,2278.1897,176.54869999999983
rennes,6,100000,2106.306,2282.4236,176.11760000000004
rennes,6,100000,2111.2039,2287.7527,176.54880000000003
rennes,6,100000,2116.0977,2292.6077,176.51000000000022
rennes,6,100000,2120.9673,2297.501,176.5337000000004
rennes,6,100000,2126.164,2302.685,176.52099999999973
rennes,6,100000,2130.9722,2307.5203,176.54809999999998
rennes,6,100000,2135.9507,2312.4932,176.54250000000002
rennes,6,100000,2140.5974,2317.1387,176.54129999999986
nancy,6,100000,2290.8667,2467.43,176.5632999999998
rennes,6,100000,2145.6453,2322.1768,176.53150000000005
nantes,6,100000,2012.0294,2188.5818,176.55240000000003
nantes,6,100000,2018.6495,2194.6926,176.04309999999987
nantes,6,100000,2023.2625,2199.7656,176.50310000000013
nantes,6,100000,2029.9447,2206.0562,176.11149999999998
nantes,6,100000,2035.2249,2211.7537,176.52880000000027
nantes,6,100000,2041.533,2218.043,176.51000000000022
nantes,6,100000,2047.3065,2223.3345,176.02800000000002
nantes,6,100000,2053.1465,2229.618,176.4715000000001
nantes,6,100000,2059.0688,2235.6162,176.54739999999993
nancy,7,100000,2352.3203,2525.833,173.51270000000022
nancy,7,100000,2388.2812,2561.7751,173.49389999999994
nantes,7,100000,2180.0674,2353.566,173.4985999999999
nantes,7,100000,2185.6655,2359.0994,173.4339
nantes,7,100000,2192.2324,2365.692,173.45960000000014
nantes,7,100000,2198.431,2371.785,173.35399999999981
nantes,7,100000,2204.7146,2378.2158,173.50120000000015
nantes,7,100000,2210.5305,2383.9487,173.41820000000007
rennes,7,100000,2141.5645,2315.0476,173.48309999999992
rennes,7,100000,2146.1611,2319.7139,173.5528000000004
rennes,7,100000,2151.586,2324.6648,173.07880000000023
rennes,7,100000,2155.8506,2329.33,173.4793999999997
nancy,7,100000,2392.225,2565.8015,173.57650000000012
rennes,7,100000,2160.7842,2334.25,173.46579999999994
rennes,7,100000,2165.7805,2339.2527,173.47220000000016
rennes,7,100000,2170.924,2343.9473,173.02329999999984
rennes,7,100000,2175.6548,2348.6243,172.96950000000015
rennes,7,100000,2179.741,2353.2249,173.48390000000018
rennes,7,100000,2185.379,2358.3887,173.00970000000007
rennes,7,100000,2189.7908,2363.2888,173.4979999999996
rennes,7,100000,2194.6292,2368.1396,173.51040000000012
rennes,7,100000,2199.321,2373.063,173.7420000000002
rennes,7,100000,2204.5361,2378.1738,173.63770000000022
nancy,7,100000,2396.0852,2569.5977,173.51249999999982
rennes,7,100000,2209.521,2382.985,173.46399999999994
lyon,7,100000,1685.361,1858.3372,172.97619999999984
lyon,7,100000,1696.1978,1869.6322,173.4344000000001
lyon,7,100000,1707.7852,1881.2678,173.48260000000005
lyon,7,100000,1719.4645,1892.8446,173.38009999999986
lyon,7,100000,1731.0889,1903.9484,172.85950000000003
lyon,7,100000,1741.7372,1915.5063,173.76909999999998
lyon,7,100000,1753.1781,1926.6113,173.43319999999994
lyon,7,100000,1763.9985,1937.4705,173.47199999999998
lyon,7,100000,1775.6353,1949.1868,173.55150000000003
nancy,7,100000,2400.226,2573.7646,173.53859999999986
lyon,7,100000,1786.8118,1960.2659,173.45410000000015
lyon,7,100000,1797.4445,1970.8958,173.45129999999995
lyon,7,100000,1809.3135,1982.7686,173.45510000000013
lyon,7,100000,1820.2672,1993.857,173.58979999999997
lyon,7,100000,1832.1932,2005.7288,173.53560000000016
lyon,7,100000,1843.2925,2016.7687,173.47620000000006
lyon,7,100000,2097.6152,2270.6323,173.01710000000003
lyon,7,100000,2102.213,2275.681,173.46799999999985
lyon,7,100000,2108.0618,2281.568,173.50620000000026
lyon,7,100000,2114.0845,2287.4402,173.35570000000007
nancy,7,100000,2404.0195,2577.5115,173.4920000000002
lyon,7,100000,2119.6284,2293.117,173.48860000000013
lyon,7,100000,2126.0332,2299.5378,173.5046000000002
lyon,7,100000,2131.5627,2304.5945,173.0318000000002
lyon,7,100000,2137.8843,2311.3958,173.51149999999961
lyon,7,100000,2143.17,2316.2666,173.09659999999985
lyon,7,100000,2149.2144,2322.834,173.6196
lyon,7,100000,2154.3215,2327.8386,173.51710000000003
lyon,7,100000,2160.8972,2334.3835,173.48630000000003
lyon,7,100000,2165.7788,2339.273,173.4942000000001
lyon,7,100000,2172.5518,2346.1042,173.55240000000003
nancy,7,100000,2407.9321,2581.478,173.54590000000007
lyon,7,100000,2177.8545,2351.3423,173.48779999999988
rennes,7,100000,2131.9336,2305.4436,173.51000000000022
rennes,7,100000,2137.276,2310.4043,173.1283000000003
rennes,7,100000,2141.6777,2315.5447,173.86699999999973
rennes,7,100000,2146.585,2320.1362,173.55119999999988
rennes,7,100000,2151.6414,2325.1233,173.48190000000022
rennes,7,100000,2156.9111,2330.1138,173.20270000000028
rennes,7,100000,2161.6714,2335.1582,173.48679999999968
rennes,7,100000,2166.571,2340.1104,173.53940000000011
rennes,7,100000,2171.5586,2345.149,173.59040000000005
nantes,7,100000,2207.114,2380.091,172.97699999999986
rennes,7,100000,2176.6003,2350.1792,173.57889999999998
rennes,7,100000,2182.0388,2355.191,173.1522
rennes,7,100000,2186.8362,2360.6497,173.81349999999975
rennes,7,100000,2191.7268,2365.3198,173.5930000000003
rennes,7,100000,2197.07,2370.5635,173.49350000000004
rennes,7,100000,2202.1807,2375.6719,173.49119999999994
nancy,7,100000,2188.1357,2361.6177,173.48199999999997
nancy,7,100000,2191.88,2365.3855,173.50549999999976
nancy,7,100000,2195.9297,2369.4302,173.50049999999965
nancy,7,100000,2199.881,2373.3635,173.48250000000007
nantes,7,100000,2212.9866,2386.0215,173.03489999999965
nancy,7,100000,2203.9358,2377.4214,173.48559999999998
nancy,7,100000,2208.0828,2381.5854,173.5025999999998
nancy,7,100000,2211.991,2385.493,173.50199999999995
nancy,7,100000,2215.9922,2389.4768,173.48459999999977
nancy,7,100000,2220.007,2393.5107,173.50369999999975
nancy,7,100000,2223.7397,2397.3286,173.58889999999974
nancy,7,100000,2227.8228,2401.309,173.48620000000028
nancy,7,100000,2231.6582,2405.2874,173.6292000000003
nancy,7,100000,2235.4526,2408.9355,173.48289999999997
nancy,7,100000,2239.3276,2412.7517,173.42409999999973
nantes,7,100000,2218.3853,2391.821,173.4357
nancy,7,100000,2243.2168,2416.7205,173.50369999999975
nancy,7,100000,2181.7322,2355.1833,173.45110000000022
nancy,7,100000,2185.6218,2359.067,173.4452000000001
nancy,7,100000,2189.5737,2363.3047,173.73100000000022
nancy,7,100000,2193.7197,2367.1868,173.46709999999985
nancy,7,100000,2197.6816,2371.1309,173.44930000000022
nancy,7,100000,2201.592,2375.058,173.4659999999999
nancy,7,100000,2205.545,2379.0334,173.48839999999973
nancy,7,100000,2209.6746,2383.1213,173.44669999999996
nancy,7,100000,2213.6472,2387.1133,173.4661000000001
nantes,7,100000,2224.1497,2397.5596,173.4099000000001
nancy,7,100000,2217.7278,2391.2214,173.4935999999998
nancy,7,100000,2221.7522,2395.178,173.42579999999998
nancy,7,100000,2225.7234,2399.2122,173.48880000000008
nancy,7,100000,2229.8176,2403.311,173.4934000000003
nancy,7,100000,2233.9373,2407.4016,173.4643000000001
nancy,7,100000,2237.9985,2411.4219,173.42339999999967
nancy,7,100000,2171.103,2344.6028,173.49980000000005
nancy,7,100000,2174.9448,2348.3765,173.43169999999964
nancy,7,100000,2178.9927,2352.3552,173.36250000000018
nancy,7,100000,2182.6582,2356.1824,173.5242000000003
nancy,7,100000,2356.1094,2529.603,173.49360000000024
nantes,7,100000,2230.7136,2403.789,173.07540000000017
nancy,7,100000,2186.61,2360.155,173.54500000000007
nancy,7,100000,2190.7087,2364.1606,173.45190000000002
nancy,7,100000,2195.2952,2368.3975,173.1023
nancy,7,100000,2198.95,2372.4275,173.47749999999996
nancy,7,100000,2202.9368,2376.414,173.47720000000027
nancy,7,100000,2206.9277,2380.4045,173.4767999999999
nancy,7,100000,2211.0906,2384.5425,173.45190000000002
nancy,7,100000,2215.1614,2388.6619,173.5005000000001
nancy,7,100000,2219.2026,2392.702,173.49940000000015
nancy,7,100000,2223.3567,2396.8484,173.49170000000004
nantes,7,100000,2236.2046,2409.708,173.50340000000006
nancy,7,100000,2227.2085,2400.6833,173.47479999999996
nantes,7,100000,2030.0336,2203.1604,173.12680000000023
nantes,7,100000,2035.0154,2208.4507,173.43529999999987
nantes,7,100000,2041.1329,2214.6572,173.52430000000004
nantes,7,100000,2047.8583,2221.3857,173.52739999999972
nantes,7,100000,2053.3152,2226.8406,173.5254
nantes,7,100000,2059.9822,2233.464,173.48180000000002
nantes,7,100000,2065.5378,2238.9097,173.3719000000001
nantes,7,100000,2071.6555,2245.0837,173.4282000000003
nantes,7,100000,2077.055,2250.741,173.68600000000015
nantes,7,100000,2241.8716,2414.8633,172.99170000000004
nantes,7,100000,2083.8594,2257.334,173.4746
nantes,7,100000,2089.2349,2262.3215,173.0866000000001
nantes,7,100000,2095.8054,2269.25,173.4445999999998
nantes,7,100000,2101.5657,2274.7173,173.1515999999997
nantes,7,100000,2108.0447,2281.477,173.43229999999994
nantes,7,100000,2114.0542,2287.5972,173.54300000000012
rennes,7,100000,2044.9924,2218.4756,173.48320000000012
rennes,7,100000,2050.0112,2223.037,173.0257999999999
rennes,7,100000,2054.8286,2228.0532,173.2246
rennes,7,100000,2059.3833,2232.4807,173.0974000000001
nantes,7,100000,2248.9783,2421.9736,172.9952999999996
rennes,7,100000,2063.9758,2237.5845,173.60869999999977
rennes,7,100000,2069.073,2242.6587,173.5857000000001
rennes,7,100000,2073.875,2247.5093,173.63430000000017
rennes,7,100000,2078.6904,2252.3037,173.61329999999998
rennes,7,100000,2083.593,2257.1047,173.51170000000002
rennes,7,100000,2088.4585,2261.9443,173.48579999999993
rennes,7,100000,2093.1865,2266.7996,173.61310000000003
rennes,7,100000,2098.298,2271.7786,173.48060000000032
rennes,7,100000,2103.2195,2276.711,173.49149999999963
rennes,7,100000,2107.7556,2281.2327,173.47710000000006
nantes,7,100000,2254.168,2427.5503,173.38229999999976
rennes,7,100000,2113.1733,2286.2727,173.09940000000006
lyon,7,100000,1997.1694,2170.5447,173.37529999999992
lyon,7,100000,2003.3727,2176.7478,173.3751000000002
lyon,7,100000,2008.9341,2182.3623,173.42819999999983
lyon,7,100000,2015.0151,2188.3892,173.3741
lyon,7,100000,2020.0656,2193.453,173.38740000000007
lyon,7,100000,2027.1606,2200.184,173.02340000000027
lyon,7,100000,2031.8699,2205.2527,173.3828000000001
lyon,7,100000,2038.6696,2211.6436,172.97399999999993
lyon,7,100000,2043.4961,2216.9443,173.44820000000004
nantes,7,100000,2260.9885,2434.4783,173.4898000000003
lyon,7,100000,2050.0483,2223.4248,173.37649999999985
lyon,7,100000,2055.1465,2228.5337,173.38720000000012
lyon,7,100000,2061.7485,2234.6763,172.92779999999993
lyon,7,100000,2066.782,2240.152,173.3699999999999
lyon,7,100000,2073.2236,2246.645,173.42140000000018
lyon,7,100000,2079.0808,2252.0327,172.95190000000002
rennes,7,100000,2032.8427,2206.3184,173.4757000000002
rennes,7,100000,2037.9181,2211.3875,173.46939999999972
rennes,7,100000,2042.7394,2216.23,173.4906000000001
rennes,7,100000,2047.5438,2221.1257,173.58190000000013
nantes,7,100000,2266.3523,2439.7847,173.43240000000014
rennes,7,100000,2052.5637,2226.2715,173.70779999999968
rennes,7,100000,2058.18,2231.2773,173.09730000000036
rennes,7,100000,2062.593,2236.1208,173.5278000000003
rennes,7,100000,2067.426,2241.157,173.73100000000022
rennes,7,100000,2072.5078,2245.9834,173.4756000000002
rennes,7,100000,2077.5183,2250.998,173.47969999999987
rennes,7,100000,2082.8364,2256.052,173.2156
rennes,7,100000,2087.0344,2260.678,173.64359999999988
rennes,7,100000,2091.7986,2265.37,173.5713999999998
rennes,7,100000,2096.3928,2269.8833,173.49049999999988
nantes,7,100000,2272.9355,2446.4011,173.4656
rennes,7,100000,2101.6636,2275.366,173.70240000000013
nancy,7,100000,2095.2295,2268.6743,173.4448000000002
nancy,7,100000,2098.777,2272.264,173.48700000000008
nancy,7,100000,2102.7278,2276.21,173.48219999999992
nancy,7,100000,2106.777,2280.2634,173.48639999999978
nancy,7,100000,2111.046,2284.1587,173.11270000000013
nancy,7,100000,2114.7363,2288.2214,173.48509999999987
nancy,7,100000,2118.6511,2292.1367,173.48559999999998
nancy,7,100000,2122.6592,2296.1455,173.48630000000003
nancy,7,100000,2126.6318,2300.0564,173.42459999999983
nantes,7,100000,2279.249,2452.6797,173.43070000000034
nancy,7,100000,2130.496,2303.9795,173.48349999999982
nancy,7,100000,2134.2085,2307.6492,173.44069999999965
nancy,7,100000,2138.248,2311.691,173.44299999999976
nancy,7,100000,2142.0935,2315.5986,173.50509999999986
nancy,7,100000,2146.0623,2319.4788,173.41649999999981
nancy,7,100000,2149.9124,2323.3574,173.4449999999997
lyon,7,100000,1503.933,1676.9335,173.0005000000001
lyon,7,100000,1514.9824,1687.8362,172.85379999999986
lyon,7,100000,1526.0963,1699.6344,173.5381
lyon,7,100000,1537.359,1710.8037,173.4447
nantes,7,100000,2285.9045,2459.364,173.45949999999993
lyon,7,100000,1548.8027,1722.3512,173.5485000000001
lyon,7,100000,1559.9694,1733.7167,173.7473
lyon,7,100000,1571.0621,1744.536,173.47389999999996
lyon,7,100000,1582.4237,1755.986,173.56230000000005
lyon,7,100000,1593.0996,1766.6625,173.5628999999999
lyon,7,100000,1604.963,1777.8802,172.9172000000001
lyon,7,100000,1615.5295,1789.0961,173.56659999999988
lyon,7,100000,1627.9327,1801.4059,173.4731999999999
lyon,7,100000,1637.7751,1811.2063,173.4312
lyon,7,100000,1649.585,1823.0594,173.47440000000006
nancy,7,100000,2359.8254,2533.3174,173.49199999999973
nantes,7,100000,2291.7625,2465.296,173.5335
lyon,7,100000,1661.408,1834.8639,173.45590000000016
lyon,7,100000,2178.552,2352.0776,173.52559999999994
lyon,7,100000,2184.7659,2358.311,173.54510000000028
lyon,7,100000,2191.1223,2364.2075,173.0852
lyon,7,100000,2197.3132,2370.9521,173.63889999999992
lyon,7,100000,2202.8103,2375.882,173.07169999999996
lyon,7,100000,2208.934,2382.3337,173.39969999999994
lyon,7,100000,2214.5608,2387.5857,173.0248999999999
lyon,7,100000,2220.4438,2394.1086,173.6648
lyon,7,100000,2225.8254,2399.3364,173.51099999999997
nancy,7,100000,2363.8047,2537.404,173.59929999999986
lyon,7,100000,2232.193,2405.8423,173.64929999999958
lyon,7,100000,2237.5022,2411.1912,173.6890000000003
lyon,7,100000,2244.2036,2417.7869,173.58330000000024
lyon,7,100000,2249.2776,2422.8335,173.5559000000003
lyon,7,100000,2256.318,2429.808,173.48999999999978
lyon,7,100000,2262.0964,2435.5068,173.4104000000002
nantes,7,100000,2169.265,2342.301,173.03600000000006
nantes,7,100000,2174.9067,2348.2622,173.35550000000012
nantes,7,100000,2180.46,2353.7773,173.31730000000016
nantes,7,100000,2186.8784,2360.266,173.38760000000002
nancy,7,100000,2368.13,2541.622,173.49199999999973
nantes,7,100000,2192.3665,2365.6987,173.33219999999983
nantes,7,100000,2198.8093,2372.1611,173.3517999999999
nantes,7,100000,2204.554,2377.891,173.337
nantes,7,100000,2210.7803,2384.1438,173.36349999999993
nantes,7,100000,2216.3252,2389.6511,173.32589999999982
nantes,7,100000,2222.8787,2396.283,173.4042999999997
nantes,7,100000,2228.2234,2401.633,173.40959999999995
nantes,7,100000,2235.2188,2408.744,173.52520000000004
nantes,7,100000,2241.0654,2414.0664,173.0010000000002
nantes,7,100000,2247.1824,2420.5288,173.3463999999999
nancy,7,100000,2372.1648,2545.6548,173.48999999999978
nantes,7,100000,2252.9485,2426.2976,173.3490999999999
nantes,7,100000,2156.6619,2329.7153,173.05339999999978
nantes,7,100000,2162.2983,2335.7366,173.43830000000025
nantes,7,100000,2167.752,2341.1777,173.42570000000023
nantes,7,100000,2173.9517,2347.3833,173.4315999999999
nantes,7,100000,2179.4084,2352.801,173.39260000000013
nantes,7,100000,2186.0635,2359.106,173.04250000000002
nantes,7,100000,2191.6807,2365.1267,173.4459999999999
nantes,7,100000,2198.7354,2371.7368,173.0014000000001
nantes,7,100000,2203.6602,2377.0557,173.39550000000008
nancy,7,100000,2376.105,2549.5972,173.49220000000014
nantes,7,100000,2210.6072,2384.046,173.4387999999999
nantes,7,100000,2216.1858,2389.554,173.3681999999999
nantes,7,100000,2222.7966,2396.2344,173.4377999999997
nantes,7,100000,2228.507,2401.9385,173.43150000000014
nantes,7,100000,2235.2656,2408.713,173.44740000000002
nantes,7,100000,2240.725,2414.1636,173.43859999999995
rennes,7,100000,2189.2407,2362.7927,173.55200000000013
rennes,7,100000,2194.2007,2367.9543,173.7536
rennes,7,100000,2200.1624,2373.152,172.98959999999988
rennes,7,100000,2204.5413,2378.1335,173.59220000000005
nancy,7,100000,2380.1846,2553.636,173.45139999999992
rennes,7,100000,2209.6104,2383.1658,173.5554000000002
rennes,7,100000,2215.1008,2388.169,173.0681999999997
rennes,7,100000,2219.9414,2393.6636,173.7221999999997
rennes,7,100000,2224.595,2398.1086,173.51360000000022
rennes,7,100000,2229.3328,2402.7786,173.44579999999996
rennes,7,100000,2234.4453,2407.9736,173.52829999999994
rennes,7,100000,2239.686,2413.1184,173.4323999999997
rennes,7,100000,2244.2039,2417.719,173.51510000000007
rennes,7,100000,2248.855,2422.4392,173.58419999999978
rennes,7,100000,2253.8264,2427.4045,173.57810000000018
nancy,7,100000,2384.1553,2557.6453,173.49000000000024
rennes,7,100000,2258.8147,2432.243,173.42830000000004
nantes,7,100000,2127.1086,2300.2527,173.14409999999998
nantes,7,100000,2132.7246,2306.1538,173.42920000000004
nantes,7,100000,2138.0608,2311.4949,173.43409999999994
nantes,7,100000,2144.258,2317.638,173.3800000000001
nantes,7,100000,2149.9558,2323.424,173.4681999999998
nantes,7,100000,2156.387,2329.5444,173.15740000000005
nantes,7,100000,2161.398,2334.7788,173.3807999999999
nantes,7,100000,2167.5874,2341.034,173.44660000000022
nantes,7,100000,2173.0857,2346.531,173.44529999999986
nancy,8,100000,2316.7886,2486.0496,169.26099999999997
nancy,8,100000,2353.28,2522.5757,169.29569999999967
nantes,8,100000,2144.0667,2313.2876,169.22090000000026
nantes,8,100000,2149.5425,2318.752,169.20949999999993
nantes,8,100000,2156.294,2325.5293,169.23530000000028
nantes,8,100000,2162.1387,2331.3528,169.21410000000014
nantes,8,100000,2169.2024,2338.4573,169.2548999999999
nantes,8,100000,2175.583,2344.265,168.6819999999998
rennes,8,100000,2106.5764,2275.792,169.2156
rennes,8,100000,2111.4294,2280.6453,169.21590000000015
rennes,8,100000,2116.0803,2285.2563,169.17599999999993
rennes,8,100000,2121.2969,2290.2551,168.95820000000003
nancy,8,100000,2357.1543,2526.434,169.27970000000005
rennes,8,100000,2126.066,2295.2861,169.2201
rennes,8,100000,2131.1536,2300.0693,168.91570000000002
rennes,8,100000,2135.59,2304.824,169.23399999999992
rennes,8,100000,2140.4778,2309.7332,169.2554
rennes,8,100000,2145.8408,2315.0425,169.20170000000007
rennes,8,100000,2150.8896,2319.7751,168.88549999999987
rennes,8,100000,2155.6685,2324.6194,168.95089999999982
rennes,8,100000,2160.7515,2329.6333,168.8818000000001
rennes,8,100000,2165.0696,2334.2773,169.2077000000004
rennes,8,100000,2170.3733,2339.5625,169.1891999999998
nancy,8,100000,2361.146,2530.4436,169.29759999999987
rennes,8,100000,2175.27,2344.4597,169.1896999999999
lyon,8,100000,1644.85,1813.4122,168.56220000000008
lyon,8,100000,1655.0333,1824.3036,169.2702999999999
lyon,8,100000,1666.4006,1835.6506,169.25
lyon,8,100000,1677.9058,1847.1251,169.21929999999998
lyon,8,100000,1689.0419,1858.2992,169.2573
lyon,8,100000,1700.7203,1869.9419,169.22160000000008
lyon,8,100000,1712.0547,1881.3225,169.26780000000008
lyon,8,100000,1722.8732,1892.1168,169.24360000000001
lyon,8,100000,1734.0574,1903.2915,169.23410000000013
nancy,8,100000,2365.1277,2534.421,169.29329999999982
lyon,8,100000,1745.5895,1914.8573,169.26779999999985
lyon,8,100000,1756.582,1925.8497,169.26769999999988
lyon,8,100000,1768.4519,1937.7048,169.25289999999995
lyon,8,100000,1779.0304,1948.2982,169.26779999999985
lyon,8,100000,1790.863,1960.1078,169.24479999999994
lyon,8,100000,1802.8657,1972.1052,169.2394999999999
lyon,8,100000,2059.4172,2228.1604,168.74320000000034
lyon,8,100000,2064.2507,2233.506,169.2552999999998
lyon,8,100000,2070.207,2239.4573,169.25030000000015
lyon,8,100000,2075.207,2244.4338,169.2267999999999
nancy,8,100000,2369.2388,2538.53,169.29120000000012
lyon,8,100000,2081.4268,2250.6968,169.26999999999998
lyon,8,100000,2086.75,2256.001,169.2510000000002
lyon,8,100000,2093.4727,2262.1462,168.67350000000033
lyon,8,100000,2098.3403,2267.6316,169.29130000000032
lyon,8,100000,2104.732,2273.9756,169.24360000000024
lyon,8,100000,2110.0127,2279.284,169.27129999999988
lyon,8,100000,2116.6555,2285.8877,169.23220000000038
lyon,8,100000,2122.3796,2291.6326,169.2529999999997
lyon,8,100000,2128.0042,2297.2993,169.29510000000028
lyon,8,100000,2135.5037,2304.251,168.7473
nancy,8,100000,2373.4563,2542.7544,169.29809999999998
lyon,8,100000,2140.512,2309.7278,169.21579999999994
rennes,8,100000,2090.2249,2259.464,169.23909999999978
rennes,8,100000,2095.2659,2264.541,169.2751000000003
rennes,8,100000,2100.3796,2269.627,169.24739999999974
rennes,8,100000,2105.4355,2274.6616,169.22609999999986
rennes,8,100000,2110.3484,2279.6348,169.28639999999996
rennes,8,100000,2115.3838,2284.681,169.29719999999998
rennes,8,100000,2119.87,2289.081,169.21100000000024
rennes,8,100000,2125.3743,2294.1704,168.79610000000002
rennes,8,100000,2130.2075,2299.4565,169.2489999999998
nantes,8,100000,2163.3728,2331.983,168.61020000000008
rennes,8,100000,2134.797,2304.0579,169.26089999999976
rennes,8,100000,2140.1855,2308.9448,168.75930000000017
rennes,8,100000,2144.5635,2313.827,169.26350000000002
rennes,8,100000,2149.982,2319.2805,169.29849999999988
rennes,8,100000,2154.953,2324.2407,169.28769999999986
rennes,8,100000,2160.134,2329.3857,169.2516999999998
nancy,8,100000,2156.7974,2326.1038,169.30639999999994
nancy,8,100000,2160.503,2329.7783,169.2752999999998
nancy,8,100000,2164.6812,2333.9468,169.26560000000018
nancy,8,100000,2168.686,2337.9888,169.30279999999993
nantes,8,100000,2168.7288,2337.8745,169.14570000000003
nancy,8,100000,2172.8687,2342.175,169.3063000000002
nancy,8,100000,2176.9785,2346.2827,169.30420000000004
nancy,8,100000,2180.9346,2350.1965,169.26189999999997
nancy,8,100000,2185.0137,2354.3167,169.30299999999988
nancy,8,100000,2189.239,2358.503,169.26400000000012
nancy,8,100000,2193.1382,2362.4302,169.29199999999992
nancy,8,100000,2197.5168,2366.8186,169.30180000000018
nancy,8,100000,2201.6716,2370.975,169.30339999999978
nancy,8,100000,2205.4263,2374.731,169.30470000000014
nancy,8,100000,2209.5012,2378.804,169.30279999999993
nantes,8,100000,2174.813,2343.924,169.11099999999988
nancy,8,100000,2213.885,2383.1492,169.26419999999962
nancy,8,100000,2133.5754,2302.7322,169.15679999999975
nancy,8,100000,2137.5745,2306.4517,168.8771999999999
nancy,8,100000,2141.0679,2310.363,169.29509999999982
nancy,8,100000,2145.287,2314.5828,169.29580000000033
nancy,8,100000,2149.5483,2318.7063,169.1579999999999
nancy,8,100000,2153.5886,2322.884,169.29539999999997
nancy,8,100000,2157.877,2327.1707,169.29370000000017
nancy,8,100000,2161.9556,2331.1338,169.1782000000003
nancy,8,100000,2165.8652,2335.0476,169.1823999999997
nantes,8,100000,2180.9502,2350.118,169.16779999999972
nancy,8,100000,2169.9229,2339.105,169.1821
nancy,8,100000,2173.944,2343.1008,169.1568000000002
nancy,8,100000,2177.8223,2347.0583,169.23600000000033
nancy,8,100000,2181.588,2350.7698,169.18179999999984
nancy,8,100000,2185.5496,2354.8442,169.29460000000017
nancy,8,100000,2189.7603,2358.9421,169.1818000000003
nancy,8,100000,2130.6077,2299.8726,169.26490000000013
nancy,8,100000,2134.6282,2303.8284,169.20019999999977
nancy,8,100000,2138.4797,2307.745,169.26530000000002
nancy,8,100000,2142.4714,2311.6775,169.20609999999988
nancy,8,100000,2320.9077,2490.2085,169.30079999999998
nantes,8,100000,2186.8337,2355.947,169.11329999999998
nancy,8,100000,2146.1445,2315.4065,169.26200000000017
nancy,8,100000,2150.1802,2319.4155,169.23530000000028
nancy,8,100000,2154.0356,2323.2708,169.23519999999962
nancy,8,100000,2158.2236,2327.447,169.2234000000003
nancy,8,100000,2162.4375,2331.6863,169.24879999999985
nancy,8,100000,2166.5837,2335.619,169.0353
nancy,8,100000,2170.4656,2339.7227,169.2570999999998
nancy,8,100000,2174.4553,2343.7202,169.26490000000013
nancy,8,100000,2178.1707,2347.4338,169.26309999999967
nancy,8,100000,2182.1055,2351.3699,169.26440000000002
nantes,8,100000,2192.415,2361.5647,169.14969999999994
nancy,8,100000,2186.3635,2355.629,169.26549999999997
nantes,8,100000,1978.4906,2147.699,169.20839999999998
nantes,8,100000,1984.6866,2153.4912,168.80459999999994
nantes,8,100000,1989.5715,2158.8503,169.27880000000005
nantes,8,100000,1995.8048,2165.0542,169.24940000000015
nantes,8,100000,2002.0525,2171.282,169.22950000000014
nantes,8,100000,2007.5798,2176.7622,169.18240000000014
nantes,8,100000,2013.8965,2183.1084,169.2119
nantes,8,100000,2019.4917,2188.7397,169.24800000000005
nantes,8,100000,2025.4797,2194.7236,169.2438999999997
nantes,8,100000,2198.7373,2367.9216,169.18430000000035
nantes,8,100000,2031.0579,2200.3188,169.2609
nantes,8,100000,2038.2448,2207.0193,168.7745
nantes,8,100000,2043.6011,2212.2812,168.6800999999998
nantes,8,100000,2049.8848,2219.1514,169.26660000000038
nantes,8,100000,2056.1116,2225.3584,169.2467999999999
nantes,8,100000,2061.9934,2231.223,169.22960000000012
rennes,8,100000,2003.5283,2172.3774,168.8490999999999
rennes,8,100000,2007.432,2176.6707,169.2387000000001
rennes,8,100000,2012.3694,2181.615,169.24559999999974
rennes,8,100000,2017.3988,2186.6484,169.2496000000001
nantes,8,100000,2204.47,2373.0586,168.58860000000004
rennes,8,100000,2022.2611,2191.4753,169.21420000000012
rennes,8,100000,2027.842,2196.6655,168.82349999999997
rennes,8,100000,2032.3522,2201.579,169.22680000000014
rennes,8,100000,2037.1104,2206.3264,169.2159999999999
rennes,8,100000,2041.8529,2211.122,169.26909999999975
rennes,8,100000,2047.1387,2216.382,169.2433000000001
rennes,8,100000,2051.632,2220.8833,169.2512999999999
rennes,8,100000,2056.487,2225.7378,169.2507999999998
rennes,8,100000,2061.3716,2230.6748,169.30319999999983
rennes,8,100000,2066.0725,2235.339,169.26649999999972
nantes,8,100000,2210.3257,2379.4543,169.1286
rennes,8,100000,2071.1687,2240.4028,169.23409999999967
lyon,8,100000,1946.4467,2115.6853,169.23860000000013
lyon,8,100000,1953.0315,2121.7803,168.74879999999985
lyon,8,100000,1958.3873,2127.6084,169.22109999999998
lyon,8,100000,1963.1693,2132.4087,169.23939999999993
lyon,8,100000,1968.7097,2137.9375,169.2277999999999
lyon,8,100000,1975.2529,2144.489,169.23610000000008
lyon,8,100000,1980.5836,2149.8047,169.2211000000002
lyon,8,100000,1987.4143,2156.1768,168.76250000000027
lyon,8,100000,1991.7559,2161.0037,169.2478000000001
nantes,8,100000,2217.337,2386.5,169.163
lyon,8,100000,1998.5214,2167.7688,169.24739999999974
lyon,8,100000,2003.7942,2173.02,169.22579999999994
lyon,8,100000,2009.9294,2179.1733,169.24389999999994
lyon,8,100000,2015.6705,2184.5142,168.84370000000013
lyon,8,100000,2021.7188,2190.9395,169.22069999999985
lyon,8,100000,2027.8185,2196.606,168.78750000000014
rennes,8,100000,1973.2688,2142.3772,169.10839999999985
rennes,8,100000,1977.7631,2146.9814,169.21830000000023
rennes,8,100000,1982.7571,2151.9827,169.2256
rennes,8,100000,1987.7549,2156.985,169.23010000000022
nantes,8,100000,2222.444,2391.5955,169.15149999999994
rennes,8,100000,1992.6155,2161.8457,169.23019999999974
rennes,8,100000,1997.7197,2166.9133,169.19360000000006
rennes,8,100000,2002.5415,2171.7695,169.22799999999984
rennes,8,100000,2007.5178,2176.7412,169.22339999999986
rennes,8,100000,2012.4955,2181.7056,169.21009999999978
rennes,8,100000,2017.3552,2186.5532,169.19799999999987
rennes,8,100000,2022.3582,2191.6028,169.24460000000022
rennes,8,100000,2027.425,2196.6472,169.22219999999993
rennes,8,100000,2032.8479,2201.725,168.87709999999993
rennes,8,100000,2038.0247,2206.8794,168.85469999999987
nantes,8,100000,2229.9229,2399.0786,169.1556999999998
rennes,8,100000,2042.671,2211.8594,169.18839999999977
nancy,8,100000,2027.3445,2196.6018,169.2573
nancy,8,100000,2031.0581,2200.3496,169.29150000000004
nancy,8,100000,2035.0632,2204.356,169.29280000000017
nancy,8,100000,2038.9922,2208.2812,169.289
nancy,8,100000,2042.9957,2212.286,169.29030000000012
nancy,8,100000,2047.1571,2216.4377,169.28060000000005
nancy,8,100000,2051.021,2220.312,169.2909999999997
nancy,8,100000,2055.0293,2224.3206,169.29129999999986
nancy,8,100000,2059.065,2228.3032,169.23819999999978
nantes,8,100000,2235.4744,2404.586,169.11159999999973
nancy,8,100000,2063.0808,2232.3125,169.23169999999982
nancy,8,100000,2067.2522,2236.5178,169.26560000000018
nancy,8,100000,2071.363,2240.6255,169.26250000000027
nancy,8,100000,2075.415,2244.6885,169.27350000000024
nancy,8,100000,2079.6658,2248.9285,169.26269999999977
nancy,8,100000,2083.7288,2252.9932,169.26440000000002
lyon,8,100000,1472.3846,1641.022,168.63739999999984
lyon,8,100000,1482.9817,1652.046,169.0643
lyon,8,100000,1493.777,1663.0574,169.28039999999987
lyon,8,100000,1504.6848,1673.943,169.2582
nantes,8,100000,2241.8987,2411.0593,169.1605999999997
lyon,8,100000,1516.0447,1685.3004,169.25570000000016
lyon,8,100000,1527.0345,1696.322,169.2874999999999
lyon,8,100000,1537.7963,1707.0076,169.21129999999994
lyon,8,100000,1549.2996,1718.5691,169.26949999999988
lyon,8,100000,1560.3047,1729.585,169.28030000000012
lyon,8,100000,1571.423,1740.6744,169.2514000000001
lyon,8,100000,1582.326,1751.5836,169.2575999999999
lyon,8,100000,1594.1505,1763.3853,169.23479999999995
lyon,8,100000,1605.0992,1774.3488,169.24959999999987
lyon,8,100000,1616.1216,1785.3502,169.22860000000014
nancy,8,100000,2325.0217,2494.3174,169.29570000000012
nantes,8,100000,2247.8677,2417.0278,169.16010000000006
lyon,8,100000,1627.6932,1796.952,169.25880000000006
lyon,8,100000,2163.615,2332.8064,169.19140000000016
lyon,8,100000,2169.4648,2338.4817,169.01689999999962
lyon,8,100000,2175.2156,2344.2324,169.01679999999988
lyon,8,100000,2181.9365,2350.681,168.74450000000024
lyon,8,100000,2186.8235,2356.0295,169.20600000000013
lyon,8,100000,2193.5032,2362.6995,169.19630000000006
lyon,8,100000,2198.9214,2368.13,169.20859999999993
lyon,8,100000,2205.028,2374.2288,169.20080000000007
lyon,8,100000,2210.4482,2379.6255,169.1773000000003
nancy,8,100000,2329.0366,2498.3293,169.29269999999997
lyon,8,100000,2217.5195,2386.7014,169.18190000000004
lyon,8,100000,2222.474,2391.6885,169.21450000000004
lyon,8,100000,2229.4895,2398.6807,169.19119999999975
lyon,8,100000,2235.0325,2404.2422,169.20970000000034
lyon,8,100000,2241.4092,2410.6052,169.1959999999999
lyon,8,100000,2246.9817,2416.1948,169.2131000000004
nantes,8,100000,2129.1006,2297.9436,168.84299999999985
nantes,8,100000,2134.594,2303.424,168.82999999999993
nantes,8,100000,2140.8242,2309.8862,169.0619999999999
nantes,8,100000,2146.2336,2315.2913,169.05769999999984
nancy,8,100000,2333.2478,2502.5464,169.29860000000008
nantes,8,100000,2152.0845,2321.1333,169.04880000000003
nantes,8,100000,2158.493,2327.5198,169.0268000000001
nantes,8,100000,2163.6501,2332.7224,169.07230000000027
nantes,8,100000,2170.5298,2339.7734,169.24360000000024
nantes,8,100000,2176.2014,2345.271,169.06960000000026
nantes,8,100000,2182.5625,2351.4924,168.9299000000001
nantes,8,100000,2188.2305,2357.2883,169.05780000000004
nantes,8,100000,2194.7021,2363.9155,169.2134000000001
nantes,8,100000,2200.5,2369.5996,169.0996
nantes,8,100000,2206.9688,2376.0295,169.0607
nancy,8,100000,2337.128,2506.4255,169.29749999999967
nantes,8,100000,2212.8306,2381.8975,169.06690000000026
nantes,8,100000,2119.3108,2288.149,168.8381999999997
nantes,8,100000,2123.9136,2293.1428,169.22920000000022
nantes,8,100000,2130.2195,2299.3044,169.08489999999983
nantes,8,100000,2135.7078,2304.9207,169.2129
nantes,8,100000,2142.3892,2311.498,169.10879999999997
nantes,8,100000,2147.316,2316.4958,169.17980000000034
nantes,8,100000,2154.01,2323.2375,169.22749999999996
nantes,8,100000,2159.7092,2328.9297,169.22050000000036
nantes,8,100000,2166.6147,2335.843,169.22829999999976
nancy,8,100000,2341.0554,2510.353,169.29759999999987
nantes,8,100000,2172.0532,2341.294,169.24080000000004
nantes,8,100000,2179.1348,2348.3486,169.2138
nantes,8,100000,2184.1426,2353.3818,169.23919999999998
nantes,8,100000,2190.4695,2359.6873,169.2177999999999
nantes,8,100000,2197.014,2366.2363,169.2222999999999
nantes,8,100000,2203.3503,2372.562,169.21169999999984
rennes,8,100000,2156.963,2326.02,169.0569999999998
rennes,8,100000,2161.798,2330.8386,169.04060000000027
rennes,8,100000,2166.316,2335.5918,169.27580000000034
rennes,8,100000,2171.1362,2340.4338,169.29759999999987
nancy,8,100000,2345.2065,2514.464,169.25750000000016
rennes,8,100000,2176.1697,2345.4565,169.28679999999986
rennes,8,100000,2181.217,2350.1423,168.92529999999988
rennes,8,100000,2185.6018,2354.85,169.2482
rennes,8,100000,2190.4746,2359.7598,169.2851999999998
rennes,8,100000,2195.5356,2364.8364,169.30079999999998
rennes,8,100000,2200.497,2369.771,169.27400000000034
rennes,8,100000,2205.4333,2374.692,169.25869999999986
rennes,8,100000,2210.5452,2379.5596,169.01440000000002
rennes,8,100000,2215.3242,2384.59,169.26580000000013
rennes,8,100000,2220.7002,2389.9978,169.29759999999987
nancy,8,100000,2349.213,2518.509,169.29599999999982
rennes,8,100000,2225.5732,2394.8694,169.29620000000023
nantes,8,100000,2088.793,2258.0276,169.23459999999977
nantes,8,100000,2095.1533,2264.3542,169.20090000000027
nantes,8,100000,2101.5903,2270.2715,168.6812
nantes,8,100000,2107.304,2276.4768,169.17279999999982
nantes,8,100000,2113.1943,2282.4004,169.20609999999988
nantes,8,100000,2119.241,2288.4604,169.21939999999995
nantes,8,100000,2124.916,2294.111,169.1949999999997
nantes,8,100000,2132.206,2300.9023,168.69630000000006
nantes,8,100000,2137.2808,2306.5151,169.23430000000008
nancy,9,100000,2238.1284,2397.7563,159.62789999999995
nancy,9,100000,2274.8367,2434.4343,159.59760000000006
nantes,9,100000,2075.8599,2235.336,159.47609999999986
nantes,9,100000,2080.902,2240.4707,159.5686999999998
nantes,9,100000,2088.1658,2247.2795,159.11369999999988
nantes,9,100000,2093.2437,2252.7393,159.4956000000002
nantes,9,100000,2100.0417,2259.597,159.5553
nantes,9,100000,2105.3093,2264.8035,159.4942000000001
rennes,9,100000,2051.298,2210.8877,159.58970000000045
rennes,9,100000,2055.8948,2215.4985,159.60370000000012
rennes,9,100000,2061.685,2220.9543,159.26929999999993
rennes,9,100000,2065.9646,2225.5696,159.60500000000002
nancy,9,100000,2278.875,2438.4614,159.58640000000014
rennes,9,100000,2071.199,2230.7817,159.58269999999993
rennes,9,100000,2076.0732,2235.6548,159.58159999999998
rennes,9,100000,2081.39,2240.4392,159.04919999999993
rennes,9,100000,2085.693,2245.314,159.62099999999964
rennes,9,100000,2090.8452,2250.4143,159.5690999999997
rennes,9,100000,2095.539,2255.1536,159.61459999999988
rennes,9,100000,2101.192,2260.23,159.038
rennes,9,100000,2105.8135,2265.417,159.6034999999997
rennes,9,100000,2110.5894,2270.1714,159.58200000000033
rennes,9,100000,2116.2048,2275.7576,159.55279999999993
nancy,9,100000,2283.0256,2442.6218,159.59619999999995
rennes,9,100000,2121.8457,2281.4055,159.5598
lyon,9,100000,1575.216,1734.8478,159.6318000000001
lyon,9,100000,1587.3246,1746.2754,158.95080000000007
lyon,9,100000,1598.4828,1757.435,158.95219999999995
lyon,9,100000,1609.2612,1768.9105,159.64930000000004
lyon,9,100000,1620.8989,1780.5265,159.62760000000003
lyon,9,100000,1632.6047,1792.2391,159.6343999999999
lyon,9,100000,1644.0868,1803.7217,159.63490000000002
lyon,9,100000,1656.1246,1815.7485,159.62389999999982
lyon,9,100000,1666.857,1826.4316,159.57459999999992
nancy,9,100000,2286.994,2446.5686,159.57459999999992
lyon,9,100000,1678.1947,1837.8481,159.65339999999992
lyon,9,100000,1689.4456,1849.1278,159.68219999999997
lyon,9,100000,1701.4136,1861.0385,159.62490000000003
lyon,9,100000,1712.4064,1872.0686,159.66219999999998
lyon,9,100000,1724.3705,1883.9899,159.61940000000004
lyon,9,100000,1735.9526,1894.8619,158.90930000000003
lyon,9,100000,1993.3176,2152.8726,159.55500000000006
lyon,9,100000,1997.4458,2157.0552,159.60939999999982
lyon,9,100000,2003.7811,2163.407,159.62590000000023
lyon,9,100000,2009.4299,2169.0317,159.6017999999999
nancy,9,100000,2290.8757,2450.4724,159.59670000000006
lyon,9,100000,2015.5372,2175.087,159.5498
lyon,9,100000,2021.1451,2180.7764,159.63130000000024
lyon,9,100000,2027.2722,2186.5315,159.25929999999994
lyon,9,100000,2033.3827,2193.0332,159.65049999999974
lyon,9,100000,2038.7506,2198.3928,159.6422
lyon,9,100000,2045.8856,2205.1548,159.26919999999973
lyon,9,100000,2051.1873,2210.8076,159.62030000000004
lyon,9,100000,2058.3044,2217.93,159.62559999999985
lyon,9,100000,2063.9219,2223.5588,159.63689999999997
lyon,9,100000,2070.6565,2230.2803,159.62379999999985
nancy,9,100000,2294.7402,2454.309,159.5688
lyon,9,100000,2076.073,2235.697,159.62400000000025
rennes,9,100000,2022.0618,2181.2507,159.1889000000001
rennes,9,100000,2026.2349,2185.851,159.6161000000002
rennes,9,100000,2031.5907,2190.7385,159.14779999999996
rennes,9,100000,2036.0125,2195.6333,159.62079999999992
rennes,9,100000,2041.4946,2201.119,159.62440000000015
rennes,9,100000,2046.5045,2206.0706,159.5661
rennes,9,100000,2051.4768,2211.3062,159.82940000000008
rennes,9,100000,2056.422,2216.016,159.59400000000005
rennes,9,100000,2061.846,2221.0183,159.17230000000018
nantes,9,100000,2088.166,2247.5664,159.4004
rennes,9,100000,2066.4734,2226.0793,159.60590000000002
rennes,9,100000,2071.5469,2231.1877,159.64080000000013
rennes,9,100000,2076.9998,2236.2007,159.20089999999982
rennes,9,100000,2081.4531,2241.0852,159.6320999999998
rennes,9,100000,2086.1301,2245.7336,159.60350000000017
rennes,9,100000,2091.753,2251.3958,159.64279999999962
nancy,9,100000,2098.278,2257.8274,159.54940000000033
nancy,9,100000,2102.0054,2261.4702,159.4648000000002
nancy,9,100000,2106.18,2265.7722,159.59220000000005
nancy,9,100000,2110.4292,2269.9104,159.48120000000017
nantes,9,100000,2093.5312,2253.026,159.49479999999994
nancy,9,100000,2114.6316,2274.1145,159.48289999999997
nancy,9,100000,2118.7637,2278.3062,159.54250000000002
nancy,9,100000,2122.8022,2282.3923,159.5900999999999
nancy,9,100000,2126.8096,2286.4404,159.6307999999999
nancy,9,100000,2130.801,2290.3499,159.54890000000023
nancy,9,100000,2134.783,2294.2917,159.50870000000032
nancy,9,100000,2138.898,2298.42,159.52199999999993
nancy,9,100000,2143.1636,2302.6882,159.5246000000002
nancy,9,100000,2147.2695,2306.855,159.58550000000014
nancy,9,100000,2151.57,2311.161,159.5909999999999
nantes,9,100000,2099.158,2258.613,159.45499999999993
nancy,9,100000,2155.4968,2315.0361,159.5392999999999
nancy,9,100000,2083.632,2243.2673,159.63529999999992
nancy,9,100000,2087.5264,2247.1167,159.59029999999984
nancy,9,100000,2091.5068,2251.1387,159.63189999999986
nancy,9,100000,2095.4553,2255.084,159.62869999999975
nancy,9,100000,2099.547,2259.1367,159.5897
nancy,9,100000,2103.7966,2263.3616,159.56500000000005
nancy,9,100000,2107.7473,2267.3022,159.5549000000001
nancy,9,100000,2111.8777,2271.463,159.5853000000002
nancy,9,100000,2115.8882,2275.5186,159.6304
nantes,9,100000,2105.3418,2264.811,159.4692
nancy,9,100000,2120.177,2279.8076,159.63059999999996
nancy,9,100000,2124.1072,2283.696,159.5888
nancy,9,100000,2128.355,2287.9458,159.59079999999994
nancy,9,100000,2132.69,2292.3145,159.6244999999999
nancy,9,100000,2136.7703,2296.3997,159.6293999999998
nancy,9,100000,2140.8096,2300.3088,159.49919999999975
nancy,9,100000,2068.6746,2228.2852,159.61059999999998
nancy,9,100000,2072.5757,2232.2085,159.63280000000032
nancy,9,100000,2076.5432,2236.1538,159.61059999999998
nancy,9,100000,2080.3984,2240.056,159.6576
nancy,9,100000,2242.3823,2401.8901,159.50779999999986
nantes,9,100000,2111.2292,2270.9426,159.71339999999964
nancy,9,100000,2084.3306,2243.9841,159.65350000000035
nancy,9,100000,2088.634,2248.2913,159.65729999999985
nancy,9,100000,2092.5671,2252.2002,159.6331
nancy,9,100000,2096.62,2256.2317,159.61169999999993
nancy,9,100000,2100.7695,2260.3806,159.61110000000008
nancy,9,100000,2104.8145,2264.4272,159.61270000000013
nancy,9,100000,2109.011,2268.6216,159.61059999999998
nancy,9,100000,2113.0078,2272.6592,159.6514000000002
nancy,9,100000,2116.9094,2276.5347,159.62530000000015
nancy,9,100000,2121.3513,2280.9592,159.60789999999997
nantes,9,100000,2117.2512,2276.8171,159.56590000000006
nancy,9,100000,2125.5515,2285.1597,159.60820000000012
nantes,9,100000,1911.0613,2070.6465,159.58519999999976
nantes,9,100000,1916.9636,2076.5325,159.56889999999976
nantes,9,100000,1922.554,2082.1506,159.59659999999985
nantes,9,100000,1928.9849,2088.5566,159.57169999999996
nantes,9,100000,1934.8175,2094.0479,159.23039999999992
nantes,9,100000,1940.9607,2100.1333,159.17259999999987
nantes,9,100000,1946.1995,2105.7498,159.5503000000001
nantes,9,100000,1952.6649,2112.2173,159.5523999999998
nantes,9,100000,1958.2572,2117.873,159.61580000000004
nantes,9,100000,2123.8706,2283.4263,159.5556999999999
nantes,9,100000,1965.4858,2125.0544,159.56860000000006
nantes,9,100000,1970.9845,2130.5793,159.59479999999985
nantes,9,100000,1977.4429,2137.0334,159.5904999999998
nantes,9,100000,1982.7871,2142.3625,159.57540000000017
nantes,9,100000,1989.5344,2149.1223,159.5879
nantes,9,100000,1995.973,2155.5564,159.58339999999998
rennes,9,100000,1911.3973,2070.6636,159.26629999999977
rennes,9,100000,1916.085,2075.6655,159.58050000000003
rennes,9,100000,1921.1848,2080.7344,159.54959999999983
rennes,9,100000,1925.9164,2085.4885,159.57209999999986
nantes,9,100000,2130.1067,2289.5679,159.4612000000002
rennes,9,100000,1930.8376,2090.3877,159.55010000000016
rennes,9,100000,1936.0104,2095.5532,159.54279999999994
rennes,9,100000,1941.1099,2100.3926,159.2827000000002
rennes,9,100000,1945.5709,2105.1182,159.54729999999995
rennes,9,100000,1950.4227,2110.012,159.5893000000001
rennes,9,100000,1955.4022,2114.988,159.58579999999984
rennes,9,100000,1960.289,2119.8652,159.5762000000002
rennes,9,100000,1965.3824,2124.9556,159.57319999999982
rennes,9,100000,1970.6229,2129.8413,159.21839999999997
rennes,9,100000,1975.7761,2135.3542,159.57810000000018
nantes,9,100000,2136.6514,2295.7627,159.11130000000003
rennes,9,100000,1980.4747,2140.0542,159.57950000000005
lyon,9,100000,1912.9464,2072.5813,159.6348999999998
lyon,9,100000,1918.5428,2078.1958,159.65300000000002
lyon,9,100000,1924.857,2084.51,159.65300000000025
lyon,9,100000,1930.365,2090.0032,159.6382000000001
lyon,9,100000,1936.2694,2095.9133,159.64390000000026
lyon,9,100000,1942.0092,2101.2544,159.24519999999984
lyon,9,100000,1948.0315,2107.6953,159.6637999999998
lyon,9,100000,1953.9464,2113.2537,159.30730000000017
lyon,9,100000,1959.7269,2119.3418,159.61490000000026
nantes,9,100000,2141.7908,2301.5322,159.74139999999989
lyon,9,100000,1965.3616,2124.9863,159.62470000000008
lyon,9,100000,1971.5557,2131.1929,159.63720000000012
lyon,9,100000,1976.7449,2136.3677,159.62279999999987
lyon,9,100000,1984.0691,2143.7039,159.63480000000004
lyon,9,100000,1988.8843,2148.4873,159.60299999999984
lyon,9,100000,1996.7906,2156.3997,159.6090999999999
rennes,9,100000,1934.898,2094.1914,159.29340000000025
rennes,9,100000,1939.4064,2099.0027,159.59629999999993
rennes,9,100000,1944.7146,2103.9521,159.23749999999995
rennes,9,100000,1949.3817,2108.9143,159.5326
nantes,9,100000,2148.181,2307.596,159.41499999999996
rennes,9,100000,1954.4788,2114.0476,159.56879999999978
rennes,9,100000,1959.3971,2118.9485,159.55140000000006
rennes,9,100000,1964.53,2124.129,159.59899999999993
rennes,9,100000,1969.2468,2128.8042,159.55740000000014
rennes,9,100000,1974.5282,2133.822,159.29380000000015
rennes,9,100000,1978.8151,2138.3752,159.56009999999992
rennes,9,100000,1984.6017,2144.2036,159.6018999999999
rennes,9,100000,1989.2225,2148.7751,159.55259999999976
rennes,9,100000,1994.1909,2153.7615,159.5706
rennes,9,100000,1998.9999,2158.4023,159.40240000000017
nantes,9,100000,2154.9197,2314.455,159.5353
rennes,9,100000,2003.6313,2163.1843,159.55299999999988
nancy,9,100000,1992.3866,2151.8452,159.45860000000016
nancy,9,100000,1995.9525,2155.5742,159.62169999999992
nancy,9,100000,1999.8982,2159.5183,159.6201000000001
nancy,9,100000,2003.8788,2163.499,159.62019999999984
nancy,9,100000,2007.7439,2167.366,159.62210000000005
nancy,9,100000,2011.5917,2171.2107,159.61900000000014
nancy,9,100000,2015.6045,2175.2268,159.6223
nancy,9,100000,2019.8339,2179.4553,159.6214
nancy,9,100000,2023.8838,2183.4563,159.57249999999976
nantes,9,100000,2159.7812,2319.2495,159.4683
nancy,9,100000,2027.7946,2187.4158,159.62120000000027
nancy,9,100000,2031.924,2191.54,159.61599999999999
nancy,9,100000,2035.8679,2195.4893,159.62140000000022
nancy,9,100000,2039.5651,2199.1865,159.62139999999977
nancy,9,100000,2043.6844,2203.282,159.59760000000006
nancy,9,100000,2047.43,2207.0466,159.61660000000006
lyon,9,100000,1405.8195,1564.6975,158.87799999999993
lyon,9,100000,1416.1632,1575.8197,159.65650000000005
lyon,9,100000,1427.1951,1586.8569,159.66180000000008
lyon,9,100000,1439.054,1598.6545,159.6005
nantes,9,100000,2167.4194,2326.8313,159.4118999999996
lyon,9,100000,1450.4683,1610.0173,159.54899999999998
lyon,9,100000,1461.966,1621.5458,159.5798000000002
lyon,9,100000,1473.9424,1632.8077,158.86530000000016
lyon,9,100000,1484.4539,1644.0955,159.64159999999993
lyon,9,100000,1495.5073,1655.0961,159.5888
lyon,9,100000,1507.8354,1666.7383,158.90290000000005
lyon,9,100000,1518.353,1678.0391,159.6860999999999
lyon,9,100000,1529.4814,1689.0627,159.58130000000006
lyon,9,100000,1541.2931,1700.8647,159.5716
lyon,9,100000,1551.7502,1711.3197,159.56950000000006
nancy,9,100000,2246.3787,2405.9756,159.5969
nantes,9,100000,2172.8967,2332.4624,159.5657000000001
lyon,9,100000,1563.7212,1723.3333,159.61210000000005
lyon,9,100000,2117.7854,2277.3936,159.60819999999967
lyon,9,100000,2123.2605,2282.8699,159.60940000000028
lyon,9,100000,2129.5037,2289.1306,159.62689999999975
lyon,9,100000,2134.9343,2294.535,159.60069999999996
lyon,9,100000,2140.879,2300.4954,159.61639999999989
lyon,9,100000,2146.973,2306.6365,159.6635000000001
lyon,9,100000,2152.8137,2311.9727,159.15899999999965
lyon,9,100000,2159.0168,2318.6367,159.61990000000014
lyon,9,100000,2164.952,2324.1658,159.2138
nancy,9,100000,2250.447,2410.0474,159.6003999999998
lyon,9,100000,2170.7322,2330.359,159.6268
lyon,9,100000,2176.248,2335.824,159.57600000000002
lyon,9,100000,2182.6716,2342.2964,159.62480000000005
lyon,9,100000,2187.7751,2347.4321,159.65700000000015
lyon,9,100000,2194.6155,2354.2568,159.64130000000023
lyon,9,100000,2200.2573,2359.8682,159.61089999999967
nantes,9,100000,2078.822,2237.957,159.13499999999976
nantes,9,100000,2084.0981,2243.5776,159.47949999999992
nantes,9,100000,2090.6868,2250.0999,159.4131000000002
nantes,9,100000,2096.2373,2255.7332,159.49590000000035
nancy,9,100000,2254.678,2414.2583,159.58030000000008
nantes,9,100000,2102.2788,2261.772,159.4931999999999
nantes,9,100000,2109.1116,2268.3137,159.20209999999997
nantes,9,100000,2114.723,2274.216,159.49299999999994
nantes,9,100000,2121.3125,2280.8083,159.49580000000014
nantes,9,100000,2126.5557,2286.0574,159.50170000000026
nantes,9,100000,2132.8564,2292.3738,159.51739999999972
nantes,9,100000,2138.7578,2298.275,159.51720000000023
nantes,9,100000,2145.428,2304.8992,159.47119999999995
nantes,9,100000,2150.9094,2310.4114,159.50199999999995
nantes,9,100000,2157.4429,2316.9165,159.4735999999998
nancy,9,100000,2258.823,2418.4197,159.59670000000006
nantes,9,100000,2163.9236,2323.443,159.51940000000013
nantes,9,100000,2039.9766,2199.0925,159.11590000000024
nantes,9,100000,2044.9314,2204.4912,159.5598
nantes,9,100000,2052.1565,2211.29,159.1334999999999
nantes,9,100000,2057.109,2216.6646,159.55560000000014
nantes,9,100000,2063.3965,2222.91,159.51350000000002
nantes,9,100000,2069.3633,2228.8848,159.52149999999983
nantes,9,100000,2074.6072,2234.176,159.5688
nantes,9,100000,2081.1167,2240.6362,159.51949999999988
nantes,9,100000,2086.7012,2246.2446,159.54340000000002
nancy,9,100000,2262.7747,2422.3713,159.59659999999985
nantes,9,100000,2093.407,2252.9426,159.5355999999997
nantes,9,100000,2098.749,2258.2825,159.5335
nantes,9,100000,2106.0598,2265.6206,159.5608000000002
nantes,9,100000,2111.617,2271.1436,159.5265999999997
nantes,9,100000,2118.132,2277.682,159.54999999999973
nantes,9,100000,2124.1719,2283.6885,159.51660000000038
rennes,9,100000,2076.2776,2235.8582,159.58060000000023
rennes,9,100000,2081.3933,2240.522,159.12869999999975
rennes,9,100000,2086.003,2245.5964,159.59339999999975
rennes,9,100000,2091.2214,2250.3635,159.14210000000003
nancy,9,100000,2266.843,2426.388,159.54500000000007
rennes,9,100000,2096.208,2256.1655,159.95749999999998
rennes,9,100000,2101.1372,2260.7134,159.57619999999997
rennes,9,100000,2105.714,2265.2915,159.57749999999987
rennes,9,100000,2110.7139,2270.2795,159.5655999999999
rennes,9,100000,2115.639,2275.2065,159.56749999999965
rennes,9,100000,2120.602,2280.147,159.54500000000007
rennes,9,100000,2125.658,2285.2236,159.5655999999999
rennes,9,100000,2130.1812,2289.762,159.58080000000018
rennes,9,100000,2135.6191,2295.19,159.57090000000017
rennes,9,100000,2140.3005,2299.891,159.59050000000025
nancy,9,100000,2270.8928,2430.4875,159.5947000000001
rennes,9,100000,2145.465,2305.0317,159.56669999999986
nantes,9,100000,2021.173,2180.7039,159.53089999999997
nantes,9,100000,2027.5121,2186.686,159.17390000000023
nantes,9,100000,2032.9478,2192.3887,159.44090000000006
nantes,9,100000,2039.3434,2198.777,159.43360000000007
nantes,9,100000,2045.6615,2205.103,159.44150000000013
nantes,9,100000,2052.1719,2211.6309,159.4590000000003
nantes,9,100000,2057.9143,2217.3767,159.4623999999999
nantes,9,100000,2064.59,2223.7605,159.17049999999972
nantes,9,100000,2069.4934,2229.0269,159.5335
nancy,0,1000000,2246.95,3184.1858,937.2358000000004
nancy,0,1000000,2283.9707,3221.2393,937.2686000000003
nantes,0,1000000,2067.0518,3003.9849,936.9330999999997
nantes,0,1000000,2072.3137,3009.3037,936.9899999999998
nantes,0,1000000,2078.8435,3015.8826,937.0391
nantes,0,1000000,2084.6538,3021.5754,936.9216000000001
nantes,0,1000000,2091.3884,3028.421,937.0326
nantes,0,1000000,2097.5183,3034.5247,937.0063999999998
rennes,0,1000000,1997.6554,2934.218,936.5625999999997
rennes,0,1000000,2001.7683,2938.7686,937.0002999999999
rennes,0,1000000,2006.5353,2943.491,936.9557
rennes,0,1000000,2011.3909,2948.409,937.0181
nancy,0,1000000,2288.1614,3225.4744,937.3130000000001
rennes,0,1000000,2015.9349,2952.9126,936.9777000000001
rennes,0,1000000,2020.921,2957.922,937.001
rennes,0,1000000,2025.7101,2962.7185,937.0083999999999
rennes,0,1000000,2030.9908,2967.9827,936.9919
rennes,0,1000000,2035.5978,2972.5784,936.9805999999999
rennes,0,1000000,2040.2402,2977.1963,936.9561000000001
rennes,0,1000000,2044.9641,2981.9392,936.9750999999999
rennes,0,1000000,2050.4243,2986.9832,936.5589
rennes,0,1000000,2055.2048,2992.2078,937.0030000000002
rennes,0,1000000,2059.7458,2996.748,937.0021999999999
nancy,0,1000000,2292.3613,3229.6182,937.2568999999999
rennes,0,1000000,2064.8816,3001.8403,936.9586999999997
lyon,0,1000000,1588.7162,2525.356,936.6398000000002
lyon,0,1000000,1598.9418,2536.299,937.3571999999999
lyon,0,1000000,1610.2833,2547.6775,937.3941999999997
lyon,0,1000000,1622.3635,2559.0227,936.6592
lyon,0,1000000,1632.8488,2570.2515,937.4026999999999
lyon,0,1000000,1644.0579,2581.4167,937.3588000000002
lyon,0,1000000,1655.7079,2593.091,937.3830999999998
lyon,0,1000000,1667.825,2605.2158,937.3907999999999
lyon,0,1000000,1679.1077,2616.4463,937.3386
nancy,0,1000000,2296.4019,3233.6365,937.2346000000002
lyon,0,1000000,1690.4467,2627.8086,937.3618999999999
lyon,0,1000000,1701.5895,2638.9226,937.3330999999998
lyon,0,1000000,1712.3373,2649.6687,937.3314000000003
lyon,0,1000000,1723.8043,2661.2534,937.4491
lyon,0,1000000,1734.7997,2672.8293,938.0295999999998
lyon,0,1000000,1746.4385,2683.797,937.3585
lyon,0,1000000,1990.3489,2927.0544,936.7055
lyon,0,1000000,1994.9431,2932.141,937.1979000000001
lyon,0,1000000,2001.1172,2938.326,937.2088000000001
lyon,0,1000000,2006.7001,2943.8433,937.1432
nancy,0,1000000,2300.7039,3238.016,937.3121000000001
lyon,0,1000000,2012.5885,2949.7773,937.1888000000001
lyon,0,1000000,2018.6548,2955.876,937.2212000000002
lyon,0,1000000,2024.296,2961.4585,937.1625000000001
lyon,0,1000000,2030.1697,2967.368,937.1983
lyon,0,1000000,2035.8243,2973.0122,937.1879000000001
lyon,0,1000000,2042.9785,2980.1719,937.1933999999999
lyon,0,1000000,2048.2542,2985.4177,937.1635000000001
lyon,0,1000000,2054.3027,2991.4912,937.1884999999997
lyon,0,1000000,2060.0166,2997.243,937.2264
lyon,0,1000000,2066.9607,3003.7256,936.7649000000001
nancy,0,1000000,2304.763,3242.0413,937.2783
lyon,0,1000000,2072.643,3009.8142,937.1711999999998
rennes,0,1000000,1964.9895,2901.9226,936.9331
rennes,0,1000000,1969.9757,2906.488,936.5122999999999
rennes,0,1000000,1974.9384,2911.8596,936.9211999999998
rennes,0,1000000,1979.9294,2916.8315,936.9020999999998
rennes,0,1000000,1984.9517,2921.9417,936.9899999999998
rennes,0,1000000,1990.0721,2926.9905,936.9183999999998
rennes,0,1000000,1994.9954,2931.9019,936.9064999999998
rennes,0,1000000,1999.8639,2936.7705,936.9066
rennes,0,1000000,2004.9111,2941.8562,936.9451000000001
nantes,0,1000000,2110.4355,3047.072,936.6365000000001
rennes,0,1000000,2009.7153,2946.6191,936.9037999999998
rennes,0,1000000,2014.9677,2951.4824,936.5147
rennes,0,1000000,2019.6481,2956.597,936.9489000000001
rennes,0,1000000,2024.3823,2961.3696,936.9873
rennes,0,1000000,2029.1326,2966.1028,936.9702000000002
rennes,0,1000000,2034.7688,2971.268,936.4992
nancy,0,1000000,2085.7766,3022.975,937.1983999999998
nancy,0,1000000,2089.596,3026.7932,937.1972000000001
nancy,0,1000000,2093.5227,3030.7388,937.2161000000001
nancy,0,1000000,2097.5671,3034.7888,937.2216999999996
nantes,0,1000000,2116.6665,3053.3196,936.6531
nancy,0,1000000,2101.4316,3038.6484,937.2168000000001
nancy,0,1000000,2105.3733,3042.5713,937.1979999999999
nancy,0,1000000,2109.6812,3046.875,937.1938
nancy,0,1000000,2113.7544,3050.9744,937.2200000000003
nancy,0,1000000,2117.6462,3054.832,937.1857999999997
nancy,0,1000000,2121.783,3059.0288,937.2458000000001
nancy,0,1000000,2125.7715,3062.9934,937.2219
nancy,0,1000000,2129.5793,3066.7847,937.2054000000003
nancy,0,1000000,2133.2534,3070.4773,937.2239
nancy,0,1000000,2137.5757,3074.8,937.2243000000003
nantes,0,1000000,2122.0815,3058.5884,936.5069000000003
nancy,0,1000000,2141.5012,3078.6973,937.1960999999997
nancy,0,1000000,2023.0308,2959.8638,936.8330000000001
nancy,0,1000000,2026.912,2963.755,936.8430000000001
nancy,0,1000000,2031.0278,2967.9146,936.8868
nancy,0,1000000,2035.151,2972.0354,936.8844000000001
nancy,0,1000000,2039.1743,2976.0337,936.8594
nancy,0,1000000,2043.1761,2980.1355,936.9594
nancy,0,1000000,2047.1635,2984.0454,936.8818999999999
nancy,0,1000000,2051.2883,2988.1462,936.8579
nancy,0,1000000,2055.4077,2992.2612,936.8534999999997
nantes,0,1000000,2128.8655,3065.553,936.6875
nancy,0,1000000,2059.4539,2996.3079,936.8539999999998
nancy,0,1000000,2063.3545,3000.2134,936.8589000000002
nancy,0,1000000,2067.4663,3004.3303,936.864
nancy,0,1000000,2071.1108,3008.037,936.9261999999999
nancy,0,1000000,2074.9958,3011.8845,936.8887
nancy,0,1000000,2079.1487,3015.9993,936.8505999999998
nancy,0,1000000,2020.3802,2957.0417,936.6615000000002
nancy,0,1000000,2024.2345,2960.7898,936.5553
nancy,0,1000000,2028.3168,2964.8882,936.5713999999998
nancy,0,1000000,2032.4609,2969.0908,936.6298999999999
nancy,0,1000000,2251.27,3188.0369,936.7669000000001
nantes,0,1000000,2134.5068,3071.0317,936.5248999999999
nancy,0,1000000,2036.3965,2973.0054,936.6089
nancy,0,1000000,2040.488,2977.0647,936.5766999999998
nancy,0,1000000,2044.4882,2981.0618,936.5735999999999
nancy,0,1000000,2048.4602,2985.0347,936.5745000000002
nancy,0,1000000,2052.4783,2989.0476,936.5692999999997
nancy,0,1000000,2056.4927,2993.0625,936.5698000000002
nancy,0,1000000,2060.475,2997.0527,936.5777000000003
nancy,0,1000000,2064.352,3000.963,936.6110000000003
nancy,0,1000000,2068.715,3005.3171,936.6021000000001
nancy,0,1000000,2072.8574,3009.465,936.6076000000003
nantes,0,1000000,2140.6558,3077.3857,936.7298999999998
nancy,0,1000000,2076.9055,3013.5144,936.6089000000002
nantes,0,1000000,1862.6023,2799.6057,937.0034
nantes,0,1000000,1869.5857,2805.9988,936.4130999999998
nantes,0,1000000,1875.0927,2812.0896,936.9968999999999
nantes,0,1000000,1881.7957,2818.7842,936.9885000000002
nantes,0,1000000,1887.7551,2824.6814,936.9262999999999
nantes,0,1000000,1894.3511,2831.311,936.9599000000001
nantes,0,1000000,1900.7028,2837.6665,936.9636999999998
nantes,0,1000000,1906.7595,2843.196,936.4365
nantes,0,1000000,1912.7273,2849.7158,936.9884999999999
nantes,0,1000000,2145.9937,3082.7234,936.7296999999999
nantes,0,1000000,1918.2184,2855.2476,937.0292000000002
nantes,0,1000000,1924.9733,2861.958,936.9847
nantes,0,1000000,1930.0514,2867.0059,936.9545
nantes,0,1000000,1936.8207,2873.8716,937.0509
nantes,0,1000000,1942.7885,2879.7595,936.971
nantes,0,1000000,1948.9,2885.8286,936.9285999999997
rennes,0,1000000,1903.7311,2840.7476,937.0165000000002
rennes,0,1000000,1909.0776,2845.8035,936.7258999999999
rennes,0,1000000,1913.8055,2850.8394,937.0338999999999
rennes,0,1000000,1918.8665,2855.8635,936.9969999999998
nantes,0,1000000,2152.6191,3089.312,936.6929
rennes,0,1000000,1924.0522,2861.0166,936.9643999999998
rennes,0,1000000,1928.6566,2865.6091,936.9525000000001
rennes,0,1000000,1933.5599,2870.5654,937.0055
rennes,0,1000000,1938.4885,2875.4924,937.0039000000002
rennes,0,1000000,1943.0742,2880.0798,937.0056
rennes,0,1000000,1948.6982,2885.1272,936.4289999999999
rennes,0,1000000,1952.8239,2889.8499,937.0260000000001
rennes,0,1000000,1958.314,2895.3628,937.0487999999998
rennes,0,1000000,1963.3934,2900.1099,936.7165
rennes,0,1000000,1968.3309,2905.3147,936.9838
nantes,0,1000000,2158.9543,3095.4546,936.5003000000002
rennes,0,1000000,1972.9727,2909.965,936.9923000000001
lyon,0,1000000,1861.7037,2798.739,937.0353
lyon,0,1000000,1867.9175,2804.904,936.9865
lyon,0,1000000,1873.863,2810.3762,936.5132000000001
lyon,0,1000000,1879.4806,2816.483,937.0024000000001
lyon,0,1000000,1884.8689,2821.9011,937.0322000000001
lyon,0,1000000,1891.5121,2828.4487,936.9366
lyon,0,1000000,1896.7908,2833.7861,936.9952999999998
lyon,0,1000000,1902.8966,2839.898,937.0014000000001
lyon,0,1000000,1908.9397,2845.9019,936.9621999999999
nantes,0,1000000,2165.5037,3101.9824,936.4786999999997
lyon,0,1000000,1914.9683,2851.9443,936.9760000000001
lyon,0,1000000,1920.8607,2857.806,936.9453000000001
lyon,0,1000000,1927.023,2864.0227,936.9997000000001
lyon,0,1000000,1932.4973,2869.4731,936.9758000000002
lyon,0,1000000,1939.7831,2876.3452,936.5621000000001
lyon,0,1000000,1945.195,2882.186,936.9910000000002
rennes,0,1000000,1839.3615,2776.2532,936.8917000000001
rennes,0,1000000,1844.2736,2781.2148,936.9412000000002
rennes,0,1000000,1849.825,2786.3035,936.4784999999999
rennes,0,1000000,1854.6881,2791.6313,936.9431999999999
nantes,0,1000000,2170.954,3107.512,936.558
rennes,0,1000000,1860.1914,2796.6633,936.4719000000002
rennes,0,1000000,1865.0388,2801.9521,936.9132999999999
rennes,0,1000000,1869.7205,2806.6672,936.9467
rennes,0,1000000,1874.9451,2811.85,936.9049
rennes,0,1000000,1879.7699,2816.699,936.9291000000001
rennes,0,1000000,1885.3376,2821.8506,936.5130000000001
rennes,0,1000000,1889.8813,2826.8384,936.9571000000001
rennes,0,1000000,1895.1066,2832.0625,936.9558999999999
rennes,0,1000000,1899.8486,2836.7817,936.9331
rennes,0,1000000,1905.1588,2842.087,936.9282000000001
nantes,0,1000000,2178.4202,3114.778,936.3577999999998
rennes,0,1000000,1909.7355,2846.6465,936.9109999999998
nancy,0,1000000,1928.9701,2865.9556,936.9854999999998
nancy,0,1000000,1932.8181,2869.981,937.1629000000003
nancy,0,1000000,1936.8567,2873.8826,937.0258999999999
nancy,0,1000000,1940.9163,2877.9312,937.0148999999999
nancy,0,1000000,1945.1056,2882.1172,937.0116
nancy,0,1000000,1949.0444,2886.054,937.0096000000001
nancy,0,1000000,1953.0204,2890.0317,937.0112999999999
nancy,0,1000000,1957.0635,2894.031,936.9675
nancy,0,1000000,1961.1501,2898.14,936.9898999999998
nantes,0,1000000,2183.655,3120.139,936.4839999999999
nancy,0,1000000,1965.1108,2902.059,936.9482000000003
nancy,0,1000000,1968.9253,2905.982,937.0566999999999
nancy,0,1000000,1973.1328,2909.7825,936.6496999999997
nancy,0,1000000,1976.659,2913.6685,937.0095000000001
nancy,0,1000000,1980.7924,2917.828,937.0355999999999
nancy,0,1000000,1984.9019,2921.8777,936.9757999999999
lyon,0,1000000,1363.0729,2300.435,937.3621
lyon,0,1000000,1375.046,2311.7205,936.6744999999999
lyon,0,1000000,1386.4722,2323.2126,936.7403999999999
lyon,0,1000000,1397.1008,2334.463,937.3622000000003
nantes,0,1000000,2190.2007,3126.7302,936.5295000000001
lyon,0,1000000,1408.8259,2346.9185,938.0926000000002
lyon,0,1000000,1419.9431,2357.3018,937.3587000000002
lyon,0,1000000,1431.2789,2368.675,937.3961000000002
lyon,0,1000000,1442.5468,2379.9917,937.4449
lyon,0,1000000,1453.7473,2391.1487,937.4014000000002
lyon,0,1000000,1464.5076,2401.8645,937.3569000000002
lyon,0,1000000,1475.7715,2413.2107,937.4392
lyon,0,1000000,1487.7139,2424.4392,936.7252999999998
lyon,0,1000000,1498.4629,2435.8728,937.4099000000001
lyon,0,1000000,1509.4677,2446.825,937.3572999999999
nancy,0,1000000,2254.8125,3192.0835,937.2710000000002
nantes,0,1000000,2195.7864,3132.4924,936.7060000000001
lyon,0,1000000,1520.3997,2457.8162,937.4165000000003
lyon,0,1000000,2129.4482,3066.4001,936.9519
lyon,0,1000000,2135.563,3072.0571,936.4940999999999
lyon,0,1000000,2141.1272,3078.0981,936.9709000000003
lyon,0,1000000,2147.3083,3084.2224,936.9141
lyon,0,1000000,2153.0425,3090.0312,936.9886999999999
lyon,0,1000000,2160.0793,3096.5322,936.4529000000002
lyon,0,1000000,2164.5454,3101.497,936.9515999999999
lyon,0,1000000,2171.3706,3107.8862,936.5155999999997
lyon,0,1000000,2176.299,3113.261,936.962
nancy,0,1000000,2259.093,3196.3577,937.2647000000002
lyon,0,1000000,2182.9727,3119.91,936.9373
lyon,0,1000000,2188.0696,3124.9985,936.9289000000003
lyon,0,1000000,2194.2378,3131.1794,936.9416000000001
lyon,0,1000000,2199.5308,3136.529,936.9982
lyon,0,1000000,2206.2363,3143.202,936.9657000000002
lyon,0,1000000,2211.7117,3148.708,936.9963000000002
nantes,0,1000000,2097.174,3034.1638,936.9897999999998
nantes,0,1000000,2104.1848,3040.8645,936.6797000000001
nantes,0,1000000,2109.229,3046.1992,936.9702000000002
nantes,0,1000000,2115.7693,3052.7036,936.9342999999999
nancy,0,1000000,2263.2168,3200.4119,937.1950999999999
nantes,0,1000000,2121.7205,3058.6768,936.9563000000003
nantes,0,1000000,2127.4866,3064.4216,936.935
nantes,0,1000000,2134.3071,3070.9087,936.6016
nantes,0,1000000,2139.2327,3076.3064,937.0736999999999
nantes,0,1000000,2145.8157,3082.7756,936.9598999999998
nantes,0,1000000,2151.1785,3088.1711,936.9926
nantes,0,1000000,2158.2808,3095.238,936.9571999999998
nantes,0,1000000,2165.178,3102.118,936.94
nantes,0,1000000,2170.508,3107.4685,936.9605000000001
nantes,0,1000000,2177.1433,3114.089,936.9456999999998
nancy,0,1000000,2267.428,3204.6963,937.2683000000002
nantes,0,1000000,2183.3691,3120.3213,936.9522000000002
nantes,0,1000000,2054.1016,2990.6863,936.5846999999999
nantes,0,1000000,2059.201,2996.242,937.0410000000002
nantes,0,1000000,2065.2908,3002.286,936.9951999999998
nantes,0,1000000,2071.6572,3008.3396,936.6823999999997
nantes,0,1000000,2077.4756,3014.4563,936.9806999999996
nantes,0,1000000,2082.7783,3019.7905,937.0122000000001
nantes,0,1000000,2089.2263,3026.289,937.0627000000004
nantes,0,1000000,2094.8823,3031.8967,937.0143999999996
nantes,0,1000000,2101.2827,3038.325,937.0422999999996
nancy,0,1000000,2271.6624,3208.888,937.2255999999998
nantes,0,1000000,2107.0532,3044.0515,936.9983000000002
nantes,0,1000000,2113.266,3050.2915,937.0254999999997
nantes,0,1000000,2120.215,3057.3318,937.1167999999998
nantes,0,1000000,2125.8564,3062.9426,937.0861999999997
nantes,0,1000000,2132.6733,3069.711,937.0376999999999
nantes,0,1000000,2138.566,3075.6104,937.0444000000002
rennes,0,1000000,2045.4216,2982.313,936.8914000000002
rennes,0,1000000,2050.1523,2986.9548,936.8024999999998
rennes,0,1000000,2054.6736,2991.5442,936.8705999999997
rennes,0,1000000,2060.2986,2997.1794,936.8807999999999
nancy,0,1000000,2275.7144,3212.9417,937.2273
rennes,0,1000000,2065.6775,3002.5386,936.8611000000001
rennes,0,1000000,2071.1895,3007.527,936.3375000000001
rennes,0,1000000,2075.9597,3012.3208,936.3611000000001
rennes,0,1000000,2080.8303,3017.2036,936.3732999999997
rennes,0,1000000,2085.4302,3022.251,936.8208000000004
rennes,0,1000000,2090.097,3029.345,939.2479999999996
rennes,0,1000000,2095.1633,3032.0503,936.8869999999997
rennes,0,1000000,2099.9255,3036.7844,936.8589000000002
rennes,0,1000000,2104.9995,3041.8694,936.8699000000001
rennes,0,1000000,2109.845,3046.6875,936.8425000000002
nancy,0,1000000,2279.8677,3217.1318,937.2641000000003
rennes,0,1000000,2114.6714,3051.55,936.8786
nantes,0,1000000,2012.3721,2949.311,936.9389000000001
nantes,0,1000000,2018.4937,2955.0474,936.5536999999999
nantes,0,1000000,2024.0564,2960.9065,936.8501000000001
nantes,0,1000000,2030.1917,2967.1072,936.9154999999998
nantes,0,1000000,2035.8129,2972.7957,936.9828000000002
nantes,0,1000000,2042.4645,2979.4114,936.9468999999999
nantes,0,1000000,2047.7727,2984.2585,936.4857999999999
nantes,0,1000000,2054.6328,2991.6086,936.9758000000002
nantes,0,1000000,2060.188,2997.1567,936.9686999999999
nancy,1,1000000,2235.6602,3217.0283,981.3681000000001
nancy,1,1000000,2272.6682,3254.085,981.4168
nantes,1,1000000,2073.935,3055.2493,981.3143
nantes,1,1000000,2080.4646,3061.8489,981.3843000000002
nantes,1,1000000,2087.3616,3068.7986,981.4369999999999
nantes,1,1000000,2092.7983,3074.1133,981.315
nantes,1,1000000,2100.2634,3081.6172,981.3538000000003
nantes,1,1000000,2106.1177,3087.4114,981.2937000000002
rennes,1,1000000,2043.5198,3025.0723,981.5524999999998
rennes,1,1000000,2048.7131,3029.7605,981.0473999999999
rennes,1,1000000,2053.6055,3034.7043,981.0987999999998
rennes,1,1000000,2058.109,3039.6729,981.5639000000001
nancy,1,1000000,2276.7734,3258.1357,981.3622999999998
rennes,1,1000000,2063.2869,3044.8105,981.5236
rennes,1,1000000,2068.3645,3049.8984,981.5338999999999
rennes,1,1000000,2073.1843,3054.6946,981.5102999999999
rennes,1,1000000,2078.2866,3059.8242,981.5376000000001
rennes,1,1000000,2083.644,3064.7449,981.1009000000004
rennes,1,1000000,2087.8965,3069.5037,981.6072000000004
rennes,1,1000000,2092.9927,3074.5186,981.5259000000001
rennes,1,1000000,2098.1765,3079.717,981.5405000000001
rennes,1,1000000,2102.5881,3084.1328,981.5446999999999
rennes,1,1000000,2108.3142,3089.814,981.4998
nancy,1,1000000,2280.789,3262.196,981.4069999999997
rennes,1,1000000,2113.0725,3094.6116,981.5391
lyon,1,1000000,1557.5406,2539.3567,981.8160999999998
lyon,1,1000000,1568.2976,2550.1003,981.8027
lyon,1,1000000,1578.9657,2561.0007,982.0350000000001
lyon,1,1000000,1591.5933,2573.3591,981.7658000000001
lyon,1,1000000,1602.9894,2584.9792,981.9898000000003
lyon,1,1000000,1614.3439,2596.1719,981.8279999999997
lyon,1,1000000,1625.7532,2607.7632,982.0099999999998
lyon,1,1000000,1637.1326,2619.0288,981.8962000000001
lyon,1,1000000,1648.4897,2630.4805,981.9908
nancy,1,1000000,2284.792,3266.173,981.3809999999999
lyon,1,1000000,1659.5895,2641.6082,982.0187000000001
lyon,1,1000000,1671.0227,2652.9312,981.9085
lyon,1,1000000,1681.6586,2663.597,981.9384000000002
lyon,1,1000000,1692.9862,2674.9402,981.954
lyon,1,1000000,1705.0997,2687.0588,981.9590999999998
lyon,1,1000000,1715.9834,2697.925,981.9416000000001
lyon,1,1000000,1988.6167,2970.319,981.7022999999999
lyon,1,1000000,1993.8962,2975.598,981.7018
lyon,1,1000000,1999.5498,2981.229,981.6791999999998
lyon,1,1000000,2006.0253,2987.708,981.6827000000001
nancy,1,1000000,2288.9084,3270.268,981.3596000000002
lyon,1,1000000,2011.2941,2993.0254,981.7312999999999
lyon,1,1000000,2017.6384,2999.3357,981.6973
lyon,1,1000000,2022.7981,3004.4558,981.6577000000002
lyon,1,1000000,2029.3121,3011.0105,981.6983999999998
lyon,1,1000000,2034.4966,3016.1704,981.6738
lyon,1,1000000,2041.4849,3022.7207,981.2357999999999
lyon,1,1000000,2046.1843,3027.8809,981.6966000000002
lyon,1,1000000,2052.8132,3034.49,981.6767999999997
lyon,1,1000000,2057.7808,3039.5217,981.7408999999998
lyon,1,1000000,2064.2744,3045.949,981.6746000000003
nancy,1,1000000,2293.2688,3274.644,981.3752
lyon,1,1000000,2069.813,3051.5173,981.7042999999999
rennes,1,1000000,1994.7976,2976.2678,981.4702
rennes,1,1000000,1999.808,2980.9648,981.1568000000002
rennes,1,1000000,2004.8085,2986.0479,981.2393999999999
rennes,1,1000000,2009.5945,2991.059,981.4645000000003
rennes,1,1000000,2014.889,2996.016,981.1270000000002
rennes,1,1000000,2019.2289,3000.7163,981.4874
rennes,1,1000000,2024.6599,3006.1145,981.4546
rennes,1,1000000,2029.4592,3010.8809,981.4217000000001
rennes,1,1000000,2034.3245,3015.8342,981.5096999999998
nantes,1,1000000,2085.9673,3067.4148,981.4475000000002
rennes,1,1000000,2039.2556,3020.723,981.4674
rennes,1,1000000,2044.1877,3025.686,981.4983000000002
rennes,1,1000000,2049.202,3030.7024,981.5003999999999
rennes,1,1000000,2054.1729,3035.679,981.5061000000001
rennes,1,1000000,2059.223,3040.7126,981.4895999999999
rennes,1,1000000,2064.3162,3045.825,981.5087999999996
nancy,1,1000000,2072.1924,3053.8306,981.6381999999999
nancy,1,1000000,2076.069,3057.6711,981.6021000000001
nancy,1,1000000,2080.127,3061.6934,981.5664000000002
nancy,1,1000000,2084.1887,3065.745,981.5562999999997
nantes,1,1000000,2091.6877,3072.8547,981.1669999999999
nancy,1,1000000,2088.205,3069.8616,981.6566000000003
nancy,1,1000000,2092.255,3073.8145,981.5594999999998
nancy,1,1000000,2096.4263,3078.0547,981.6284
nancy,1,1000000,2100.3833,3081.9316,981.5482999999999
nancy,1,1000000,2104.3364,3085.9128,981.5763999999999
nancy,1,1000000,2108.3525,3089.9463,981.5938000000001
nancy,1,1000000,2112.3997,3093.958,981.5583000000001
nancy,1,1000000,2116.2693,3097.834,981.5646999999999
nancy,1,1000000,2120.5784,3102.1416,981.5632
nancy,1,1000000,2124.588,3106.168,981.5799999999999
nantes,1,1000000,2096.9463,3078.4614,981.5151000000001
nancy,1,1000000,2128.722,3110.2705,981.5484999999999
nancy,1,1000000,2056.9023,3038.338,981.4357
nancy,1,1000000,2060.87,3042.2947,981.4247
nancy,1,1000000,2064.7483,3046.2185,981.4701999999997
nancy,1,1000000,2068.728,3050.1826,981.4546
nancy,1,1000000,2072.8933,3054.3098,981.4164999999998
nancy,1,1000000,2076.8938,3058.4907,981.5969
nancy,1,1000000,2080.9067,3062.358,981.4513000000002
nancy,1,1000000,2085.032,3066.4683,981.4362999999998
nancy,1,1000000,2088.99,3070.4058,981.4158000000002
nantes,1,1000000,2103.5168,3084.7349,981.2181
nancy,1,1000000,2092.9824,3074.3967,981.4142999999999
nancy,1,1000000,2096.9355,3078.41,981.4744999999998
nancy,1,1000000,2101.0447,3082.464,981.4193
nancy,1,1000000,2105.0127,3086.4749,981.4621999999999
nancy,1,1000000,2109.259,3090.7144,981.4553999999998
nancy,1,1000000,2113.2083,3094.6282,981.4199000000003
nancy,1,1000000,2022.0039,3003.5803,981.5764000000001
nancy,1,1000000,2026.0289,3007.5525,981.5235999999998
nancy,1,1000000,2030.0062,3011.6245,981.6182999999999
nancy,1,1000000,2033.8297,3015.4243,981.5946000000001
nancy,1,1000000,2239.6113,3220.9229,981.3116
nantes,1,1000000,2108.8145,3090.3057,981.4911999999999
nancy,1,1000000,2037.7891,3019.3635,981.5744
nancy,1,1000000,2041.7545,3023.269,981.5144999999998
nancy,1,1000000,2045.7451,3027.3037,981.5585999999998
nancy,1,1000000,2049.853,3031.46,981.607
nancy,1,1000000,2053.8838,3035.413,981.5292
nancy,1,1000000,2057.788,3039.3665,981.5785000000001
nancy,1,1000000,2061.7495,3043.2896,981.5401000000002
nancy,1,1000000,2065.521,3047.0999,981.5789
nancy,1,1000000,2069.6086,3051.1636,981.5549999999998
nancy,1,1000000,2073.5613,3055.1484,981.5871000000002
nantes,1,1000000,2115.3745,3096.9167,981.5422000000003
nancy,1,1000000,2077.8086,3059.3994,981.5908
nantes,1,1000000,1873.7808,2855.4563,981.6754999999998
nantes,1,1000000,1879.8645,2861.4983,981.6338000000003
nantes,1,1000000,1885.2327,2866.9382,981.7055
nantes,1,1000000,1891.5098,2873.1997,981.6899000000001
nantes,1,1000000,1897.2374,2878.9463,981.7089000000001
nantes,1,1000000,1904.4441,2885.6277,981.1836000000001
nantes,1,1000000,1909.1364,2890.8262,981.6897999999999
nantes,1,1000000,1915.5587,2897.1938,981.6351
nantes,1,1000000,1920.7378,2902.4277,981.6899000000001
nantes,1,1000000,2121.0154,3102.587,981.5715999999998
nantes,1,1000000,1928.367,2909.5303,981.1632999999999
nantes,1,1000000,1933.1873,2914.911,981.7237
nantes,1,1000000,1939.8691,2921.5598,981.6907000000001
nantes,1,1000000,1945.746,2927.4456,981.6995999999999
nantes,1,1000000,1952.5443,2934.1836,981.6392999999998
nantes,1,1000000,1958.1526,2939.894,981.7413999999999
rennes,1,1000000,1920.3212,2901.8708,981.5496
rennes,1,1000000,1925.226,2906.372,981.1459999999997
rennes,1,1000000,1929.8649,2911.429,981.5641
rennes,1,1000000,1934.5353,2916.0615,981.5261999999998
nantes,1,1000000,2127.4648,3108.9312,981.4663999999998
rennes,1,1000000,1939.6672,2921.1807,981.5134999999998
rennes,1,1000000,1944.614,2926.1587,981.5446999999999
rennes,1,1000000,1949.5786,2931.1514,981.5728000000001
rennes,1,1000000,1954.3412,2935.8755,981.5343
rennes,1,1000000,1959.5468,2941.1072,981.5603999999998
rennes,1,1000000,1964.3402,2945.8975,981.5572999999999
rennes,1,1000000,1968.9933,2950.517,981.5236999999997
rennes,1,1000000,1974.2269,2955.7896,981.5627000000002
rennes,1,1000000,1979.1064,2960.6648,981.5584000000001
rennes,1,1000000,1984.1589,2965.7312,981.5723000000003
nantes,1,1000000,2133.302,3114.6816,981.3795999999998
rennes,1,1000000,1988.7933,2970.3823,981.5890000000002
lyon,1,1000000,1881.5177,2862.665,981.1472999999999
lyon,1,1000000,1888.0367,2869.185,981.1482999999998
lyon,1,1000000,1892.5851,2874.272,981.6868999999999
lyon,1,1000000,1898.1233,2879.7551,981.6317999999999
lyon,1,1000000,1904.6173,2886.2341,981.6168000000002
lyon,1,1000000,1909.7494,2891.416,981.6666000000002
lyon,1,1000000,1916.6663,2897.7668,981.1004999999998
lyon,1,1000000,1921.3333,2902.9705,981.6371999999999
lyon,1,1000000,1927.8057,2909.4277,981.6220000000003
nantes,1,1000000,2139.9722,3121.4133,981.4411
lyon,1,1000000,1932.4541,2914.1333,981.6792
lyon,1,1000000,1939.0297,2920.6306,981.6008999999999
lyon,1,1000000,1945.8668,2927.4604,981.5935999999999
lyon,1,1000000,1951.0497,2932.6858,981.6361000000002
lyon,1,1000000,1957.5852,2939.2227,981.6374999999998
lyon,1,1000000,1963.8417,2944.9424,981.1007
rennes,1,1000000,1900.1904,2881.8071,981.6167
rennes,1,1000000,1905.0872,2886.2903,981.2031000000002
rennes,1,1000000,1909.8582,2891.478,981.6198000000002
rennes,1,1000000,1915.4543,2896.6726,981.2182999999998
nantes,1,1000000,2145.6448,3127.137,981.4922000000001
rennes,1,1000000,1919.9448,2901.5374,981.5926000000002
rennes,1,1000000,1924.8795,2906.494,981.6145000000001
rennes,1,1000000,1930.4044,2911.6372,981.2328000000002
rennes,1,1000000,1935.1631,2916.4514,981.2882999999999
rennes,1,1000000,1939.755,2921.435,981.6799999999998
rennes,1,1000000,1944.7837,2926.3428,981.5591
rennes,1,1000000,1949.3601,2930.9678,981.6076999999998
rennes,1,1000000,1954.5205,2936.152,981.6315
rennes,1,1000000,1959.1019,2940.7573,981.6554000000003
rennes,1,1000000,1964.0874,2945.7073,981.6199000000001
nantes,1,1000000,2152.364,3133.5374,981.1734000000001
rennes,1,1000000,1968.9114,2950.5154,981.6040000000003
nancy,1,1000000,1945.6652,2927.17,981.5048000000002
nancy,1,1000000,1949.3766,2930.9182,981.5416
nancy,1,1000000,1953.3088,2934.8655,981.5566999999999
nancy,1,1000000,1957.3265,2938.8438,981.5173000000002
nancy,1,1000000,1961.2767,2942.829,981.5523000000003
nancy,1,1000000,1965.442,2946.996,981.5540000000001
nancy,1,1000000,1969.4686,2950.992,981.5234000000003
nancy,1,1000000,1973.3162,2954.9229,981.6067
nancy,1,1000000,1977.521,2959.01,981.4890000000003
nantes,1,1000000,2157.7783,3139.243,981.4647
nancy,1,1000000,1981.422,2962.9822,981.5601999999999
nancy,1,1000000,1985.5182,2967.015,981.4967999999999
nancy,1,1000000,1989.4,2970.9148,981.5147999999999
nancy,1,1000000,1993.3562,2974.9106,981.5544000000002
nancy,1,1000000,1997.3064,2978.8157,981.5093000000002
nancy,1,1000000,2001.1904,2982.7021,981.5117
lyon,1,1000000,1385.9883,2368.0496,982.0612999999998
lyon,1,1000000,1396.8739,2378.8374,981.9634999999998
lyon,1,1000000,1408.6454,2390.5906,981.9451999999999
lyon,1,1000000,1420.0051,2401.9658,981.9606999999999
nantes,1,1000000,2164.1497,3145.6162,981.4665
lyon,1,1000000,1431.3859,2413.3105,981.9246
lyon,1,1000000,1443.3431,2424.8748,981.5317
lyon,1,1000000,1454.385,2436.316,981.9309999999998
lyon,1,1000000,1465.5564,2447.1494,981.5929999999998
lyon,1,1000000,1476.975,2458.9668,981.9918000000002
lyon,1,1000000,1488.5398,2470.5234,981.9836
lyon,1,1000000,1498.58,2480.5698,981.9898000000003
lyon,1,1000000,1509.9442,2491.9558,982.0116000000003
lyon,1,1000000,1521.4233,2503.3691,981.9458
lyon,1,1000000,1532.3751,2514.3198,981.9447000000002
nancy,1,1000000,2243.793,3225.2046,981.4115999999999
nantes,1,1000000,2170.0317,3151.5283,981.4966
lyon,1,1000000,1542.6401,2527.3525,984.7123999999999
lyon,1,1000000,2093.1423,3074.7842,981.6419000000001
lyon,1,1000000,2099.2405,3080.858,981.6175000000003
lyon,1,1000000,2105.0713,3086.3643,981.2930000000001
lyon,1,1000000,2111.2153,3092.621,981.4057000000003
lyon,1,1000000,2116.7532,3098.3533,981.6001000000001
lyon,1,1000000,2122.3704,3103.6287,981.2583000000004
lyon,1,1000000,2128.1223,3109.7336,981.6113
lyon,1,1000000,2134.8687,3116.4548,981.5861
lyon,1,1000000,2139.788,3121.4175,981.6295
nancy,1,1000000,2247.9592,3229.3682,981.4090000000001
lyon,1,1000000,2146.7358,3128.3538,981.6179999999999
lyon,1,1000000,2151.6191,3133.2227,981.6035999999999
lyon,1,1000000,2158.375,3139.9487,981.5736999999999
lyon,1,1000000,2163.3328,3144.934,981.6012000000001
lyon,1,1000000,2169.9146,3151.5222,981.6075999999998
lyon,1,1000000,2175.8533,3157.4338,981.5804999999996
nantes,1,1000000,2049.817,3030.7705,980.9535000000001
nantes,1,1000000,2055.4768,3036.9072,981.4304000000002
nantes,1,1000000,2060.9375,3042.4392,981.5016999999998
nantes,1,1000000,2066.7341,3048.2212,981.4870999999998
nancy,1,1000000,2252.1335,3233.5063,981.3728000000001
nantes,1,1000000,2072.488,3053.8748,981.3868000000002
nantes,1,1000000,2079.923,3060.8364,980.9134000000004
nantes,1,1000000,2084.943,3066.3376,981.3945999999996
nantes,1,1000000,2091.3884,3072.885,981.4966000000004
nantes,1,1000000,2096.9707,3078.3901,981.4194000000002
nantes,1,1000000,2103.2288,3084.796,981.5672
nantes,1,1000000,2109.136,3090.094,980.9580000000001
nantes,1,1000000,2115.2761,3096.7666,981.4904999999999
nantes,1,1000000,2120.8494,3102.2627,981.4133000000002
nantes,1,1000000,2128.0635,3109.505,981.4414999999999
nancy,1,1000000,2256.1372,3237.588,981.4508000000001
nantes,1,1000000,2133.3591,3114.7798,981.4206999999997
nantes,1,1000000,2048.643,3029.6702,981.0272
nantes,1,1000000,2054.1755,3035.6372,981.4617000000003
nantes,1,1000000,2060.0547,3041.0813,981.0265999999997
nantes,1,1000000,2066.3782,3047.806,981.4277999999999
nantes,1,1000000,2071.6543,3053.0625,981.4081999999999
nantes,1,1000000,2077.9194,3059.2761,981.3566999999998
nantes,1,1000000,2083.498,3064.9604,981.4623999999999
nantes,1,1000000,2089.9038,3071.3674,981.4636
nantes,1,1000000,2095.2651,3076.7578,981.4926999999998
nancy,1,1000000,2260.267,3241.629,981.3620000000001
nantes,1,1000000,2102.3472,3083.7656,981.4184
nantes,1,1000000,2107.9768,3089.3555,981.3787000000002
nantes,1,1000000,2114.2146,3095.6584,981.4438
nantes,1,1000000,2120.0732,3101.5322,981.4590000000003
nantes,1,1000000,2126.3848,3107.8582,981.4734000000003
nantes,1,1000000,2133.022,3114.1316,981.1096000000002
rennes,1,1000000,2088.2612,3069.8281,981.5669000000003
rennes,1,1000000,2093.217,3074.7952,981.5781999999999
rennes,1,1000000,2097.9192,3079.4846,981.5654
rennes,1,1000000,2103.0254,3084.6648,981.6394
nancy,1,1000000,2264.3215,3245.7654,981.4439000000002
rennes,1,1000000,2107.801,3089.3909,981.5899
rennes,1,1000000,2112.774,3094.2998,981.5257999999999
rennes,1,1000000,2117.4639,3098.9883,981.5243999999998
rennes,1,1000000,2122.494,3104.0984,981.6043999999997
rennes,1,1000000,2127.2676,3108.792,981.5243999999998
rennes,1,1000000,2132.4492,3113.929,981.4798000000001
rennes,1,1000000,2137.6816,3118.7568,981.0752000000002
rennes,1,1000000,2142.3938,3123.8894,981.4956000000002
rennes,1,1000000,2147.1648,3128.2783,981.1134999999999
rennes,1,1000000,2151.9568,3133.524,981.5672
nancy,1,1000000,2268.6072,3250.0261,981.4189000000001
rennes,1,1000000,2157.1387,3138.2258,981.0871000000002
nantes,1,1000000,2021.9514,3002.9468,980.9954000000002
nantes,1,1000000,2027.5302,3008.5325,981.0022999999999
nantes,1,1000000,2033.4315,3014.4167,980.9852000000003
nantes,1,1000000,2038.7175,3020.0508,981.3333
nantes,1,1000000,2044.9388,3026.342,981.4032000000002
nantes,1,1000000,2050.7986,3032.095,981.2963999999997
nantes,1,1000000,2056.7205,3038.0947,981.3742000000002
nantes,1,1000000,2062.193,3043.545,981.3519999999999
nantes,1,1000000,2068.741,3050.0608,981.3198000000002
nancy,2,1000000,2268.4963,3223.8352,955.3389000000002
nancy,2,1000000,2303.8926,3259.2178,955.3251999999998
nantes,2,1000000,2069.8564,3025.064,955.2075999999997
nantes,2,1000000,2075.6572,3030.8977,955.2404999999999
nantes,2,1000000,2082.5127,3037.7803,955.2675999999997
nantes,2,1000000,2088.3848,3043.616,955.2312000000002
nantes,2,1000000,2095.6228,3050.4185,954.7957000000001
nantes,2,1000000,2101.4707,3056.6794,955.2087000000001
rennes,2,1000000,2060.09,3015.5522,955.4621999999999
rennes,2,1000000,2064.9907,3020.4543,955.4636
rennes,2,1000000,2069.9548,3025.4246,955.4697999999999
rennes,2,1000000,2074.7866,3030.2732,955.4866000000002
nancy,2,1000000,2308.0781,3263.3887,955.3105999999998
rennes,2,1000000,2079.9204,3035.0312,955.1107999999999
rennes,2,1000000,2084.856,3040.2957,955.4396999999999
rennes,2,1000000,2089.8916,3045.3523,955.4607000000001
rennes,2,1000000,2094.9463,3050.4375,955.4911999999999
rennes,2,1000000,2100.1396,3055.57,955.4304000000002
rennes,2,1000000,2105.1335,3060.5923,955.4587999999999
rennes,2,1000000,2110.2568,3065.6917,955.4348999999997
rennes,2,1000000,2115.4263,3070.4934,955.0670999999998
rennes,2,1000000,2120.1743,3075.6318,955.4575
rennes,2,1000000,2125.7134,3081.1292,955.4157999999998
nancy,2,1000000,2311.8394,3267.1648,955.3254000000002
rennes,2,1000000,2130.6162,3085.665,955.0488
lyon,2,1000000,1600.5889,2556.0293,955.4404000000002
lyon,2,1000000,1610.709,2566.6394,955.9304
lyon,2,1000000,1622.3473,2578.3215,955.9742000000001
lyon,2,1000000,1634.0477,2590.0198,955.9721
lyon,2,1000000,1646.247,2602.2297,955.9826999999998
lyon,2,1000000,1656.9191,2612.9272,956.0081
lyon,2,1000000,1668.6268,2624.1216,955.4947999999999
lyon,2,1000000,1679.7825,2635.729,955.9464999999998
lyon,2,1000000,1691.0739,2647.0642,955.9902999999997
nancy,2,1000000,2315.5757,3270.944,955.3683000000001
lyon,2,1000000,1702.0309,2657.997,955.9660999999999
lyon,2,1000000,1712.2279,2668.234,956.0060999999998
lyon,2,1000000,1724.4111,2680.3591,955.9480000000001
lyon,2,1000000,1735.1538,2691.1,955.9461999999999
lyon,2,1000000,1747.0613,2703.004,955.9426999999998
lyon,2,1000000,1757.851,2713.7996,955.9485999999997
lyon,2,1000000,2021.1024,2976.6533,955.5509
lyon,2,1000000,2026.9535,2982.4834,955.5299
lyon,2,1000000,2032.4247,2987.9714,955.5466999999999
lyon,2,1000000,2038.4333,2993.942,955.5087000000001
nancy,2,1000000,2319.355,3274.6838,955.3287999999998
lyon,2,1000000,2043.7292,2999.2883,955.5591000000002
lyon,2,1000000,2050.5483,3006.0942,955.5459000000001
lyon,2,1000000,2055.6897,3011.2314,955.5417000000002
lyon,2,1000000,2062.565,3018.1194,955.5544
lyon,2,1000000,2068.2976,3023.3765,955.0789
lyon,2,1000000,2074.5554,3029.5977,955.0422999999996
lyon,2,1000000,2079.7402,3034.7651,955.0248999999999
lyon,2,1000000,2086.0754,3041.634,955.5585999999998
lyon,2,1000000,2091.088,3046.6206,955.5326
lyon,2,1000000,2097.6243,3053.1611,955.5367999999999
nancy,2,1000000,2323.5212,3278.82,955.2988
lyon,2,1000000,2103.0654,3058.5508,955.4854
rennes,2,1000000,2040.1149,2995.5078,955.3928999999998
rennes,2,1000000,2044.8878,3000.3545,955.4667
rennes,2,1000000,2049.8396,3005.246,955.4064000000003
rennes,2,1000000,2054.8599,3010.2659,955.406
rennes,2,1000000,2060.2378,3015.172,954.9342000000001
rennes,2,1000000,2064.4915,3019.931,955.4395
rennes,2,1000000,2070.162,3025.0613,954.8993
rennes,2,1000000,2074.5903,3029.9922,955.4019000000003
rennes,2,1000000,2079.197,3034.5996,955.4025999999999
nantes,2,1000000,2117.2126,3072.89,955.6774
rennes,2,1000000,2084.3074,3039.692,955.3845999999999
rennes,2,1000000,2089.247,3044.6584,955.4114
rennes,2,1000000,2093.608,3049.089,955.4809999999998
rennes,2,1000000,2099.3699,3054.3662,954.9962999999998
rennes,2,1000000,2103.7588,3059.1643,955.4054999999998
rennes,2,1000000,2109.1274,3064.0444,954.9170000000004
nancy,2,1000000,2092.5747,3048.0576,955.4829
nancy,2,1000000,2096.4133,3051.9048,955.4914999999996
nancy,2,1000000,2100.351,3055.9019,955.5508999999997
nancy,2,1000000,2104.426,3059.9355,955.5095000000001
nantes,2,1000000,2122.9556,3078.6765,955.7209000000003
nancy,2,1000000,2108.309,3063.8015,955.4924999999998
nancy,2,1000000,2112.5288,3067.9983,955.4695000000002
nancy,2,1000000,2116.603,3072.085,955.482
nancy,2,1000000,2120.442,3075.9592,955.5171999999998
nancy,2,1000000,2124.2827,3079.7957,955.5129999999999
nancy,2,1000000,2128.2595,3083.778,955.5184999999997
nancy,2,1000000,2132.5479,3088.0676,955.5196999999998
nancy,2,1000000,2136.2576,3091.7651,955.5075000000002
nancy,2,1000000,2139.8486,3095.4167,955.5681000000004
nancy,2,1000000,2144.0156,3099.509,955.4933999999998
nantes,2,1000000,2129.2407,3084.4077,955.1670000000004
nancy,2,1000000,2147.7283,3103.2393,955.511
nancy,2,1000000,2093.832,3049.4656,955.6336000000001
nancy,2,1000000,2097.5981,3053.2266,955.6284999999998
nancy,2,1000000,2101.4612,3057.143,955.6817999999998
nancy,2,1000000,2105.6257,3061.2988,955.6731
nancy,2,1000000,2109.9497,3065.5955,955.6457999999998
nancy,2,1000000,2113.7734,3069.5154,955.7420000000002
nancy,2,1000000,2117.9294,3073.6382,955.7087999999999
nancy,2,1000000,2122.0947,3077.7234,955.6286999999998
nancy,2,1000000,2126.019,3081.7004,955.6814000000004
nantes,2,1000000,2135.1892,3090.9314,955.7422000000001
nancy,2,1000000,2130.0688,3085.7615,955.6927000000001
nancy,2,1000000,2134.0793,3089.722,955.6427000000003
nancy,2,1000000,2138.0808,3093.7268,955.6459999999997
nancy,2,1000000,2141.8367,3097.5146,955.6779000000001
nancy,2,1000000,2145.7048,3101.3835,955.6786999999999
nancy,2,1000000,2149.8655,3105.5078,955.6423
nancy,2,1000000,2079.354,3034.9216,955.5676000000003
nancy,2,1000000,2083.2358,3038.7356,955.4998
nancy,2,1000000,2087.0505,3042.6362,955.5857000000001
nancy,2,1000000,2091.531,3046.7427,955.2116999999998
nancy,2,1000000,2272.15,3227.4468,955.2968000000001
nantes,2,1000000,2140.8704,3096.021,955.1506000000004
nancy,2,1000000,2095.2075,3050.7952,955.5877
nancy,2,1000000,2099.2498,3054.7705,955.5207
nancy,2,1000000,2103.2969,3058.8096,955.5127000000002
nancy,2,1000000,2107.2031,3062.7358,955.5326999999997
nancy,2,1000000,2111.2024,3066.7913,955.5888999999997
nancy,2,1000000,2115.1729,3070.796,955.6230999999998
nancy,2,1000000,2119.118,3074.718,955.5999999999999
nancy,2,1000000,2122.9138,3078.4949,955.5811000000003
nancy,2,1000000,2126.7751,3082.3955,955.6204000000002
nancy,2,1000000,2130.7188,3086.39,955.6711999999998
nantes,2,1000000,2146.5332,3102.2634,955.7302
nancy,2,1000000,2134.7568,3090.356,955.5992000000001
nantes,2,1000000,1926.6836,2881.9456,955.262
nantes,2,1000000,1932.6765,2887.9163,955.2397999999998
nantes,2,1000000,1938.1917,2893.4248,955.2330999999997
nantes,2,1000000,1944.44,2899.7002,955.2602000000002
nantes,2,1000000,1950.2828,2905.5806,955.2977999999998
nantes,2,1000000,1957.1263,2912.371,955.2447000000002
nantes,2,1000000,1962.192,2917.549,955.357
nantes,2,1000000,1969.2771,2924.6184,955.3412999999998
nantes,2,1000000,1975.0223,2930.338,955.3157000000001
nantes,2,1000000,2152.7515,3108.4443,955.6928000000003
nantes,2,1000000,1981.7256,2937.0586,955.3329999999999
nantes,2,1000000,1987.2632,2942.524,955.2607999999998
nantes,2,1000000,1993.8207,2949.08,955.2592999999999
nantes,2,1000000,1999.4381,2954.785,955.3468999999998
nantes,2,1000000,2005.9037,2961.1536,955.2499
nantes,2,1000000,2011.4634,2966.8796,955.4162000000001
rennes,2,1000000,1954.132,2909.6824,955.5504000000001
rennes,2,1000000,1959.0474,2914.5864,955.5390000000002
rennes,2,1000000,1963.734,2919.2534,955.5194000000001
rennes,2,1000000,1968.688,2924.2244,955.5364
nantes,2,1000000,2159.0955,3114.8027,955.7072000000003
rennes,2,1000000,1973.7238,2929.1528,955.4289999999999
rennes,2,1000000,1978.5594,2934.0957,955.5362999999998
rennes,2,1000000,1984.1166,2939.2468,955.1301999999998
rennes,2,1000000,1988.821,2944.009,955.1880000000001
rennes,2,1000000,1993.2189,2948.7854,955.5665000000001
rennes,2,1000000,1998.2462,2953.3616,955.1154000000001
rennes,2,1000000,2002.7747,2958.286,955.5113000000001
rennes,2,1000000,2007.5691,2963.1262,955.5571000000002
rennes,2,1000000,2012.9692,2968.1086,955.1394
rennes,2,1000000,2017.1552,2972.6738,955.5186000000001
nantes,2,1000000,2164.9817,3120.681,955.6993000000002
rennes,2,1000000,2022.0797,2977.6143,955.5346000000002
lyon,2,1000000,1893.6987,2848.8953,955.1966000000002
lyon,2,1000000,1899.0568,2854.1682,955.1114
lyon,2,1000000,1904.8397,2860.3125,955.4728
lyon,2,1000000,1910.1841,2865.6528,955.4686999999999
lyon,2,1000000,1916.6466,2872.1365,955.4899
lyon,2,1000000,1922.9304,2878.412,955.4815999999998
lyon,2,1000000,1928.259,2883.7964,955.5374000000002
lyon,2,1000000,1934.9303,2890.4158,955.4855000000002
lyon,2,1000000,1940.1572,2895.3745,955.2172999999998
nantes,2,1000000,2171.7932,3127.5073,955.7141000000001
lyon,2,1000000,1946.8984,2902.4216,955.5232000000001
lyon,2,1000000,1951.8167,2907.316,955.4992999999997
lyon,2,1000000,1958.6046,2914.0984,955.4938
lyon,2,1000000,1963.8058,2919.28,955.4742000000001
lyon,2,1000000,1970.3835,2925.857,955.4735000000001
lyon,2,1000000,1976.2566,2931.738,955.4813999999999
rennes,2,1000000,1916.5779,2872.1416,955.5636999999999
rennes,2,1000000,1921.6683,2877.2708,955.6024999999997
rennes,2,1000000,1926.5275,2882.087,955.5595000000001
rennes,2,1000000,1931.7571,2887.3572,955.6000999999999
nantes,2,1000000,2177.4084,3133.0588,955.6504
rennes,2,1000000,1936.7393,2892.3184,955.5791000000002
rennes,2,1000000,1941.5083,2897.061,955.5527000000002
rennes,2,1000000,1946.8246,2902.427,955.6024000000002
rennes,2,1000000,1951.9111,2907.246,955.3349000000001
rennes,2,1000000,1956.3889,2911.9854,955.5965000000001
rennes,2,1000000,1961.7562,2916.994,955.2378000000001
rennes,2,1000000,1966.4779,2921.7769,955.2989999999998
rennes,2,1000000,1971.2014,2926.8113,955.6098999999999
rennes,2,1000000,1975.7924,2931.3684,955.5759999999998
rennes,2,1000000,1981.037,2936.624,955.5869999999998
nantes,2,1000000,2184.3826,3140.0632,955.6806000000001
rennes,2,1000000,1985.8684,2941.4658,955.5973999999999
nancy,2,1000000,1991.2701,2946.746,955.4759000000001
nancy,2,1000000,1994.9758,2950.4966,955.5208
nancy,2,1000000,1998.8024,2954.3313,955.5288999999998
nancy,2,1000000,2002.625,2958.1248,955.4998
nancy,2,1000000,2006.5582,2962.1257,955.5675000000001
nancy,2,1000000,2010.6039,2966.1204,955.5164999999997
nancy,2,1000000,2014.5431,2970.0461,955.5029999999999
nancy,2,1000000,2018.5294,2974.0347,955.5053000000003
nancy,2,1000000,2022.5695,2978.057,955.4874999999997
nantes,2,1000000,2190.3289,3145.6467,955.3177999999998
nancy,2,1000000,2026.5386,2982.0786,955.5399999999997
nancy,2,1000000,2030.6609,2986.199,955.5381
nancy,2,1000000,2034.5278,2990.0884,955.5606
nancy,2,1000000,2038.3174,2993.841,955.5236
nancy,2,1000000,2042.2878,2997.7795,955.4917
nancy,2,1000000,2046.0275,3001.565,955.5375000000001
lyon,2,1000000,1417.8422,2373.2664,955.4241999999999
lyon,2,1000000,1428.2048,2384.1013,955.8964999999998
lyon,2,1000000,1440.4049,2395.728,955.3231000000001
lyon,2,1000000,1450.7203,2406.5554,955.8351000000002
nantes,2,1000000,2196.4487,3152.1077,955.6590000000001
lyon,2,1000000,1462.1294,2417.4158,955.2864000000002
lyon,2,1000000,1473.6394,2429.534,955.8946000000001
lyon,2,1000000,1485.0181,2440.8938,955.8756999999998
lyon,2,1000000,1496.202,2452.0815,955.8794999999998
lyon,2,1000000,1507.52,2463.424,955.904
lyon,2,1000000,1519.3795,2475.2546,955.8751000000002
lyon,2,1000000,1529.968,2485.9,955.932
lyon,2,1000000,1541.2212,2497.1252,955.904
lyon,2,1000000,1552.2246,2508.1272,955.9025999999999
lyon,2,1000000,1563.9521,2519.8684,955.9162999999999
nancy,2,1000000,2275.9724,3231.2979,955.3254999999999
nantes,2,1000000,2202.7576,3158.4807,955.7231000000002
lyon,2,1000000,1575.5875,2531.469,955.8815
lyon,2,1000000,2120.5823,3076.1052,955.5228999999999
lyon,2,1000000,2127.187,3082.3057,955.1187
lyon,2,1000000,2132.1338,3087.656,955.5221999999999
lyon,2,1000000,2138.3667,3093.8635,955.4967999999999
lyon,2,1000000,2143.9656,3099.0183,955.0527000000002
lyon,2,1000000,2150.248,3105.7559,955.5079000000001
lyon,2,1000000,2155.5544,3111.108,955.5536000000002
lyon,2,1000000,2162.6846,3117.8464,955.1617999999999
lyon,2,1000000,2167.6023,3123.1313,955.529
nancy,2,1000000,2280.0388,3235.404,955.3652000000002
lyon,2,1000000,2174.315,3129.86,955.5450000000001
lyon,2,1000000,2179.569,3135.0842,955.5151999999998
lyon,2,1000000,2185.7222,3141.273,955.5508
lyon,2,1000000,2191.4263,3146.9539,955.5275999999999
lyon,2,1000000,2198.011,3153.5154,955.5044000000003
lyon,2,1000000,2203.4067,3158.9346,955.5279
nantes,2,1000000,2086.5378,3041.8206,955.2828
nantes,2,1000000,2092.2783,3047.5112,955.2329
nantes,2,1000000,2098.06,3053.3113,955.2512999999999
nantes,2,1000000,2103.6626,3058.7786,955.116
nancy,2,1000000,2284.0234,3239.3218,955.2984000000001
nantes,2,1000000,2110.3213,3065.4604,955.1390999999999
nantes,2,1000000,2115.495,3070.7478,955.2528000000002
nantes,2,1000000,2122.3054,3077.5144,955.2089999999998
nantes,2,1000000,2128.1646,3083.406,955.2413999999999
nantes,2,1000000,2134.51,3089.6958,955.1857999999997
nantes,2,1000000,2139.9304,3095.2473,955.3168999999998
nantes,2,1000000,2146.5366,3101.9287,955.3921
nantes,2,1000000,2153.2175,3108.4238,955.2062999999998
nantes,2,1000000,2159.8586,3115.0732,955.2145999999998
nantes,2,1000000,2166.0696,3121.2725,955.2029000000002
nancy,2,1000000,2288.0566,3243.3865,955.3299000000002
nantes,2,1000000,2172.2957,3127.529,955.2332999999999
nantes,2,1000000,2053.866,3009.0847,955.2186999999999
nantes,2,1000000,2059.723,3015.3806,955.6576
nantes,2,1000000,2064.8608,3020.5945,955.7337000000002
nantes,2,1000000,2071.2188,3026.9277,955.7089000000001
nantes,2,1000000,2076.8333,3032.5095,955.6762000000003
nantes,2,1000000,2083.5266,3038.7905,955.2638999999999
nantes,2,1000000,2088.7095,3044.4229,955.7134000000001
nantes,2,1000000,2095.7268,3051.013,955.2862
nantes,2,1000000,2100.6892,3056.3804,955.6912000000002
nancy,2,1000000,2291.9844,3247.3154,955.3310000000001
nantes,2,1000000,2107.245,3062.9136,955.6686
nantes,2,1000000,2112.7341,3068.429,955.6949
nantes,2,1000000,2119.7273,3075.39,955.6626999999999
nantes,2,1000000,2125.4187,3081.0981,955.6794
nantes,2,1000000,2131.88,3087.5933,955.7132999999999
nantes,2,1000000,2137.609,3093.281,955.672
rennes,2,1000000,2102.899,3058.1382,955.2392
rennes,2,1000000,2107.5264,3062.6943,955.1678999999999
rennes,2,1000000,2112.4463,3067.727,955.2806999999998
rennes,2,1000000,2116.717,3072.2026,955.4856
nancy,2,1000000,2296.0933,3251.4294,955.3361
rennes,2,1000000,2122.1082,3077.5425,955.4342999999999
rennes,2,1000000,2126.9448,3082.3665,955.4216999999999
rennes,2,1000000,2132.5034,3087.622,955.1185999999998
rennes,2,1000000,2136.7903,3092.2793,955.489
rennes,2,1000000,2142.0334,3098.4167,956.3833000000004
rennes,2,1000000,2146.8333,3102.2524,955.4191000000001
rennes,2,1000000,2151.6055,3107.0496,955.4440999999997
rennes,2,1000000,2156.6228,3112.056,955.4331999999999
rennes,2,1000000,2161.5637,3117.0105,955.4467999999997
rennes,2,1000000,2165.9414,3121.4204,955.4789999999998
nancy,2,1000000,2299.9055,3255.2341,955.3286000000003
rennes,2,1000000,2171.2568,3126.6377,955.3809000000001
nantes,2,1000000,2015.3856,2970.554,955.1684
nantes,2,1000000,2021.4651,2976.6636,955.1985
nantes,2,1000000,2026.947,2982.1506,955.2036
nantes,2,1000000,2033.1349,2988.413,955.2781
nantes,2,1000000,2038.9125,2994.0608,955.1483000000003
nantes,2,1000000,2045.5167,3000.7412,955.2245
nantes,2,1000000,2051.4468,3006.2869,954.8400999999999
nantes,2,1000000,2057.601,3012.8245,955.2235000000001
nantes,2,1000000,2063.1167,3018.297,955.1803
nancy,3,1000000,2292.5798,3237.8574,945.2775999999999
nancy,3,1000000,2329.1904,3274.4963,945.3058999999998
nantes,3,1000000,2138.1104,3083.601,945.4906000000001
nantes,3,1000000,2143.4675,3088.9465,945.4789999999998
nantes,3,1000000,2150.0771,3095.55,945.4729000000002
nantes,3,1000000,2155.8157,3101.254,945.4382999999998
nantes,3,1000000,2162.4282,3107.926,945.4978000000001
nantes,3,1000000,2168.3674,3113.831,945.4636
rennes,3,1000000,2108.364,3053.9792,945.6152000000002
rennes,3,1000000,2113.3096,3058.9697,945.6601
rennes,3,1000000,2118.2507,3065.7507,947.5
rennes,3,1000000,2123.1057,3068.7405,945.6347999999998
nancy,3,1000000,2333.2424,3278.514,945.2716
rennes,3,1000000,2128.139,3073.7607,945.6216999999997
rennes,3,1000000,2134.0757,3079.2886,945.2129
rennes,3,1000000,2138.719,3083.9124,945.1934000000001
rennes,3,1000000,2143.0793,3088.69,945.6107000000002
rennes,3,1000000,2148.2654,3093.5266,945.2611999999999
rennes,3,1000000,2153.5366,3098.8064,945.2698
rennes,3,1000000,2158.0752,3103.6792,945.6039999999998
rennes,3,1000000,2162.8557,3108.4897,945.634
rennes,3,1000000,2167.9463,3113.533,945.5866999999998
rennes,3,1000000,2173.0598,3118.3762,945.3164000000002
nancy,3,1000000,2337.172,3282.4722,945.3002000000001
rennes,3,1000000,2177.7979,3123.4485,945.6505999999999
lyon,3,1000000,1614.683,2560.659,945.9760000000001
lyon,3,1000000,1626.2057,2571.6108,945.4051
lyon,3,1000000,1636.993,2583.0,946.0070000000001
lyon,3,1000000,1648.7584,2594.6516,945.8932000000002
lyon,3,1000000,1659.9879,2605.9988,946.0108999999998
lyon,3,1000000,1671.8676,2617.1887,945.3211000000001
lyon,3,1000000,1682.4446,2628.4275,945.9828999999997
lyon,3,1000000,1693.616,2639.586,945.9699999999998
lyon,3,1000000,1705.0319,2651.0217,945.9897999999998
nancy,3,1000000,2341.1743,3286.5334,945.3590999999997
lyon,3,1000000,1716.1295,2662.138,946.0084999999999
lyon,3,1000000,1727.4266,2673.4238,945.9972
lyon,3,1000000,1738.7697,2684.7246,945.9549
lyon,3,1000000,1750.5144,2695.7263,945.2118999999998
lyon,3,1000000,1761.8925,2707.8604,945.9679000000001
lyon,3,1000000,1772.7692,2718.7834,946.0141999999998
lyon,3,1000000,2010.1595,2955.2888,945.1292999999998
lyon,3,1000000,2015.136,2960.7874,945.6514000000002
lyon,3,1000000,2020.3314,2965.958,945.6266
lyon,3,1000000,2026.7909,2971.9854,945.1945000000001
nancy,3,1000000,2345.262,3290.563,945.3009999999999
lyon,3,1000000,2031.8694,2977.5022,945.6327999999999
lyon,3,1000000,2037.7415,2983.358,945.6165000000001
lyon,3,1000000,2043.6061,2989.2202,945.6141000000002
lyon,3,1000000,2050.4404,2995.6165,945.1761000000001
lyon,3,1000000,2055.1282,3000.7522,945.6239999999998
lyon,3,1000000,2061.8306,3007.4717,945.6411000000003
lyon,3,1000000,2066.8298,3012.4485,945.6187
lyon,3,1000000,2073.4517,3019.1106,945.6588999999999
lyon,3,1000000,2078.6997,3024.338,945.6383000000001
lyon,3,1000000,2085.2112,3030.844,945.6327999999999
nancy,3,1000000,2349.143,3294.4146,945.2716
lyon,3,1000000,2091.1692,3036.7783,945.6091000000001
rennes,3,1000000,2047.6415,2995.7227,948.0811999999999
rennes,3,1000000,2052.6172,2998.0068,945.3896
rennes,3,1000000,2057.1135,3002.4614,945.3479000000002
rennes,3,1000000,2062.2983,3007.6677,945.3694
rennes,3,1000000,2067.0413,3012.4304,945.3891000000003
rennes,3,1000000,2072.3264,3017.3125,944.9861000000001
rennes,3,1000000,2076.973,3022.346,945.373
rennes,3,1000000,2081.7068,3027.0676,945.3607999999999
rennes,3,1000000,2086.82,3032.216,945.3959999999997
nantes,3,1000000,2154.3164,3099.8254,945.509
rennes,3,1000000,2092.2952,3037.2559,944.9607000000001
rennes,3,1000000,2097.1787,3042.588,945.4093000000003
rennes,3,1000000,2101.9785,3047.3638,945.3852999999999
rennes,3,1000000,2106.999,3052.3967,945.3977
rennes,3,1000000,2112.2488,3057.3232,945.0744
rennes,3,1000000,2117.3267,3062.7185,945.3917999999999
nancy,3,1000000,2132.682,3078.1758,945.4938000000002
nancy,3,1000000,2136.5923,3082.0747,945.4824000000003
nancy,3,1000000,2140.7148,3086.1953,945.4804999999997
nancy,3,1000000,2144.8015,3090.318,945.5165000000002
nantes,3,1000000,2159.4893,3105.0525,945.5631999999996
nancy,3,1000000,2149.0242,3094.5356,945.5114000000003
nancy,3,1000000,2153.1487,3098.6443,945.4955999999997
nancy,3,1000000,2156.9763,3102.5266,945.5503000000003
nancy,3,1000000,2161.1423,3106.6567,945.5144
nancy,3,1000000,2165.1992,3110.6826,945.4834000000001
nancy,3,1000000,2169.059,3114.6174,945.5583999999999
nancy,3,1000000,2173.2634,3118.7822,945.5188000000003
nancy,3,1000000,2177.1602,3122.6711,945.5109000000002
nancy,3,1000000,2181.3691,3126.8877,945.5186000000003
nancy,3,1000000,2185.3958,3130.9087,945.5129000000002
nantes,3,1000000,2166.1921,3111.2605,945.0683999999997
nancy,3,1000000,2189.5847,3135.1484,945.5637000000002
nancy,3,1000000,2100.5864,3046.2883,945.7019
nancy,3,1000000,2104.385,3050.162,945.7769999999996
nancy,3,1000000,2108.4233,3054.1567,945.7334000000001
nancy,3,1000000,2112.3872,3058.1223,945.7350999999999
nancy,3,1000000,2116.6636,3062.3435,945.6799000000001
nancy,3,1000000,2120.5718,3066.3804,945.8085999999998
nancy,3,1000000,2124.5974,3070.371,945.7736
nancy,3,1000000,2128.8628,3074.5542,945.6914000000002
nancy,3,1000000,2132.5903,3078.2712,945.6809000000003
nantes,3,1000000,2171.2454,3116.844,945.5986000000003
nancy,3,1000000,2136.5747,3082.2544,945.6796999999997
nancy,3,1000000,2140.4756,3086.1567,945.6810999999998
nancy,3,1000000,2144.058,3089.7397,945.6817000000001
nancy,3,1000000,2147.578,3093.357,945.779
nancy,3,1000000,2151.4675,3097.207,945.7394999999997
nancy,3,1000000,2155.449,3101.1233,945.6743000000001
nancy,3,1000000,2099.2798,3044.7603,945.4805000000001
nancy,3,1000000,2103.1497,3048.6462,945.4965000000002
nancy,3,1000000,2107.272,3052.7566,945.4846000000002
nancy,3,1000000,2111.3452,3056.8408,945.4955999999997
nancy,3,1000000,2296.51,3241.7893,945.2792999999997
nantes,3,1000000,2178.546,3123.551,945.0050000000001
nancy,3,1000000,2115.2158,3060.7031,945.4873000000002
nancy,3,1000000,2119.1653,3064.655,945.4897000000001
nancy,3,1000000,2122.9856,3068.4788,945.4931999999999
nancy,3,1000000,2127.0916,3072.5876,945.4959999999996
nancy,3,1000000,2131.0435,3076.5369,945.4933999999998
nancy,3,1000000,2135.0369,3080.6167,945.5798
nancy,3,1000000,2138.8953,3084.384,945.4886999999999
nancy,3,1000000,2142.997,3088.4778,945.4808000000003
nancy,3,1000000,2147.0442,3092.658,945.6138000000001
nancy,3,1000000,2151.1243,3096.6929,945.5686000000001
nantes,3,1000000,2184.0732,3129.6328,945.5596
nancy,3,1000000,2155.4172,3101.0142,945.5970000000002
nantes,3,1000000,1956.7638,2902.4165,945.6526999999999
nantes,3,1000000,1961.187,2906.8418,945.6548000000003
nantes,3,1000000,1967.6683,2913.3816,945.7133000000001
nantes,3,1000000,1974.3026,2919.9958,945.6932000000002
nantes,3,1000000,1980.4545,2926.0835,945.6290000000001
nantes,3,1000000,1987.1206,2932.5178,945.3972000000001
nantes,3,1000000,1992.5154,2938.1663,945.6508999999999
nantes,3,1000000,1999.3326,2944.9802,945.6476
nantes,3,1000000,2005.6515,2951.3457,945.6941999999999
nantes,3,1000000,2189.3066,3134.8435,945.5369000000001
nantes,3,1000000,2011.2109,2956.9336,945.7226999999998
nantes,3,1000000,2018.2896,2963.9875,945.6979000000001
nantes,3,1000000,2023.846,2969.482,945.636
nantes,3,1000000,2030.8605,2976.5159,945.6553999999999
nantes,3,1000000,2036.1335,2981.8164,945.6829000000002
nantes,3,1000000,2043.4373,2989.0962,945.6588999999999
rennes,3,1000000,1986.8615,2931.9875,945.1260000000002
rennes,3,1000000,1991.0219,2936.4539,945.432
rennes,3,1000000,1996.2914,2941.392,945.1005999999998
rennes,3,1000000,2000.469,2945.9092,945.4402
nantes,3,1000000,2196.1821,3141.7825,945.6003999999998
rennes,3,1000000,2006.0682,2951.5178,945.4496000000001
rennes,3,1000000,2010.9913,2956.4023,945.4110000000003
rennes,3,1000000,2015.6302,2961.0498,945.4195999999997
rennes,3,1000000,2020.6426,2966.085,945.4424000000001
rennes,3,1000000,2025.2623,2970.7637,945.5013999999999
rennes,3,1000000,2030.4008,2975.8784,945.4776000000002
rennes,3,1000000,2035.1074,2981.4268,946.3194000000001
rennes,3,1000000,2040.2246,2985.6826,945.4580000000001
rennes,3,1000000,2044.6367,2990.1174,945.4807000000001
rennes,3,1000000,2050.3142,2995.7627,945.4485000000004
nantes,3,1000000,2202.415,3147.8936,945.4785999999999
rennes,3,1000000,2055.217,3000.6624,945.4454000000001
lyon,3,1000000,1959.7686,2904.88,945.1114
lyon,3,1000000,1965.079,2910.6716,945.5926000000002
lyon,3,1000000,1971.1831,2916.287,945.1038999999998
lyon,3,1000000,1976.9471,2922.548,945.6008999999997
lyon,3,1000000,1982.7864,2927.882,945.0956000000001
lyon,3,1000000,1988.2593,2933.8289,945.5696
lyon,3,1000000,1994.21,2939.412,945.2019999999998
lyon,3,1000000,2000.0963,2945.658,945.5617
lyon,3,1000000,2005.6262,2951.2034,945.5772
nantes,3,1000000,2208.397,3153.893,945.4960000000001
lyon,3,1000000,2011.8351,2957.457,945.6218999999999
lyon,3,1000000,2017.2762,2962.8396,945.5633999999998
lyon,3,1000000,2023.5538,2969.1096,945.5557999999999
lyon,3,1000000,2028.9039,2974.4622,945.5582999999999
lyon,3,1000000,2035.0812,2980.6643,945.5830999999998
lyon,3,1000000,2040.406,2986.007,945.6010000000001
rennes,3,1000000,1941.1646,2886.1943,945.0297
rennes,3,1000000,1945.656,2891.1711,945.5151000000001
rennes,3,1000000,1950.5751,2896.123,945.5479
rennes,3,1000000,1955.0968,2900.5544,945.4576
nantes,3,1000000,2213.6028,3159.1387,945.5358999999999
rennes,3,1000000,1960.4025,2905.93,945.5274999999999
rennes,3,1000000,1965.5544,2911.0422,945.4877999999999
rennes,3,1000000,1971.1609,2916.1204,944.9594999999997
rennes,3,1000000,1975.3113,2920.8066,945.4952999999998
rennes,3,1000000,1980.2087,2925.6746,945.4658999999999
rennes,3,1000000,1985.1492,2934.9211,949.7719
rennes,3,1000000,1989.8649,2935.4175,945.5526
rennes,3,1000000,1994.9668,2940.524,945.5572
rennes,3,1000000,1999.5007,2945.012,945.5113000000001
rennes,3,1000000,2004.7047,2950.2063,945.5015999999998
nantes,3,1000000,2220.5771,3166.0852,945.5081
rennes,3,1000000,2009.7189,2955.2358,945.5168999999999
nancy,3,1000000,2011.4786,2956.904,945.4254000000001
nancy,3,1000000,2015.131,2960.8252,945.6942000000001
nancy,3,1000000,2019.087,2964.8162,945.7292000000002
nancy,3,1000000,2023.2003,2968.8901,945.6898000000001
nancy,3,1000000,2027.1971,2972.8933,945.6962000000001
nancy,3,1000000,2030.967,2976.7231,945.7561000000001
nancy,3,1000000,2035.1,2980.8064,945.7064
nancy,3,1000000,2038.9385,2984.6416,945.7031
nancy,3,1000000,2043.0145,2988.679,945.6645000000001
nantes,3,1000000,2226.127,3171.6548,945.5277999999998
nancy,3,1000000,2046.9098,2992.5662,945.6564000000003
nancy,3,1000000,2050.9976,2996.6636,945.6659999999997
nancy,3,1000000,2055.0688,3000.7395,945.6707000000001
nancy,3,1000000,2058.7732,3004.4702,945.6970000000001
nancy,3,1000000,2063.1914,3008.8486,945.6571999999996
nancy,3,1000000,2067.1946,3012.8652,945.6706000000004
lyon,3,1000000,1452.0717,2399.9336,947.8618999999999
lyon,3,1000000,1461.1433,2407.1858,946.0425000000002
lyon,3,1000000,1473.2706,2418.608,945.3374000000001
lyon,3,1000000,1483.9414,2429.9553,946.0139000000001
nantes,3,1000000,2232.089,3177.6345,945.5455000000002
lyon,3,1000000,1495.492,2441.488,945.9959999999999
lyon,3,1000000,1507.8195,2453.8489,946.0293999999999
lyon,3,1000000,1517.4963,2463.5364,946.0400999999999
lyon,3,1000000,1528.341,2474.3777,946.0367000000001
lyon,3,1000000,1539.2687,2485.32,946.0513000000001
lyon,3,1000000,1550.4712,2496.5505,946.0792999999999
lyon,3,1000000,1561.8992,2507.9885,946.0892999999999
lyon,3,1000000,1573.948,2519.9312,945.9831999999999
lyon,3,1000000,1585.2034,2531.2244,946.021
lyon,3,1000000,1596.2421,2542.2307,945.9886000000001
nancy,3,1000000,2300.605,3245.9138,945.3087999999998
nantes,3,1000000,2238.651,3184.216,945.565
lyon,3,1000000,1607.9647,2553.9893,946.0246000000002
lyon,3,1000000,2147.56,3092.7432,945.1831999999999
lyon,3,1000000,2152.2922,3097.9272,945.6350000000002
lyon,3,1000000,2159.6821,3104.8853,945.2031999999999
lyon,3,1000000,2164.8215,3110.4622,945.6406999999999
lyon,3,1000000,2170.4993,3116.1167,945.6174000000001
lyon,3,1000000,2176.9358,3122.5928,945.6569999999997
lyon,3,1000000,2181.9333,3127.605,945.6716999999999
lyon,3,1000000,2188.2437,3133.8662,945.6225
lyon,3,1000000,2194.5984,3140.2285,945.6301000000003
nancy,3,1000000,2304.8284,3250.162,945.3335999999999
lyon,3,1000000,2200.8357,3146.4824,945.6466999999998
lyon,3,1000000,2206.622,3152.2507,945.6287000000002
lyon,3,1000000,2213.3896,3159.0513,945.6617000000001
lyon,3,1000000,2218.7256,3164.417,945.6913999999997
lyon,3,1000000,2225.3398,3171.046,945.7061999999996
lyon,3,1000000,2230.5671,3176.2039,945.6367999999998
nantes,3,1000000,2124.831,3070.4534,945.6223999999997
nantes,3,1000000,2130.9756,3076.5913,945.6156999999998
nantes,3,1000000,2136.6934,3082.3196,945.6261999999997
nantes,3,1000000,2142.8958,3088.5364,945.6406000000002
nancy,3,1000000,2309.1357,3254.4065,945.2708000000002
nantes,3,1000000,2148.6116,3094.214,945.6023999999998
nantes,3,1000000,2154.887,3100.5042,945.6171999999997
nantes,3,1000000,2161.119,3106.391,945.2719999999999
nantes,3,1000000,2167.028,3112.6606,945.6326000000004
nantes,3,1000000,2172.5266,3118.1206,945.594
nantes,3,1000000,2179.2068,3124.9065,945.6997000000001
nantes,3,1000000,2184.8293,3130.446,945.6167
nantes,3,1000000,2191.3499,3136.6116,945.2617
nantes,3,1000000,2197.4717,3143.0945,945.6228000000001
nantes,3,1000000,2204.257,3149.8696,945.6125999999999
nancy,3,1000000,2312.998,3258.299,945.3009999999999
nantes,3,1000000,2210.367,3155.9617,945.5946999999996
nantes,3,1000000,2097.2827,3042.7964,945.5137
nantes,3,1000000,2103.7124,3048.8848,945.1723999999999
nantes,3,1000000,2109.0674,3054.5933,945.5259000000001
nantes,3,1000000,2115.3274,3060.8188,945.4913999999999
nantes,3,1000000,2120.8247,3066.3262,945.5014999999999
nantes,3,1000000,2126.998,3072.516,945.518
nantes,3,1000000,2132.5942,3078.197,945.6028000000001
nantes,3,1000000,2139.142,3084.6543,945.5123000000003
nantes,3,1000000,2145.3901,3090.9922,945.6021000000001
nancy,3,1000000,2317.1895,3262.497,945.3074999999999
nantes,3,1000000,2152.3286,3097.5662,945.2376000000004
nantes,3,1000000,2157.7505,3103.2603,945.5097999999998
nantes,3,1000000,2164.0571,3109.5938,945.5367000000001
nantes,3,1000000,2170.4414,3115.6377,945.1963000000001
nantes,3,1000000,2176.6106,3122.1194,945.5088000000001
nantes,3,1000000,2183.017,3128.5024,945.4854
rennes,3,1000000,2122.6292,3068.2388,945.6096000000002
rennes,3,1000000,2127.7068,3072.902,945.1952000000001
rennes,3,1000000,2132.0393,3077.6304,945.5911000000001
rennes,3,1000000,2137.2156,3082.83,945.6143999999999
nancy,3,1000000,2321.082,3266.3645,945.2825000000003
rennes,3,1000000,2142.685,3087.9148,945.2298000000001
rennes,3,1000000,2147.1982,3092.8032,945.605
rennes,3,1000000,2152.0095,3097.6313,945.6217999999999
rennes,3,1000000,2157.7402,3102.999,945.2587999999996
rennes,3,1000000,2162.2568,3107.8774,945.6205999999997
rennes,3,1000000,2167.3914,3113.0068,945.6154000000001
rennes,3,1000000,2171.9265,3117.5461,945.6196
rennes,3,1000000,2176.95,3122.5833,945.6333
rennes,3,1000000,2182.2556,3127.5,945.2444
rennes,3,1000000,2187.1335,3132.7827,945.6492000000003
nancy,3,1000000,2325.1516,3270.4473,945.2956999999997
rennes,3,1000000,2191.7668,3137.3894,945.6226000000001
nantes,3,1000000,2084.5295,3030.025,945.4955
nantes,3,1000000,2090.0085,3035.457,945.4485
nantes,3,1000000,2095.9558,3041.4111,945.4552999999996
nantes,3,1000000,2101.6775,3047.1301,945.4526000000001
nantes,3,1000000,2107.9668,3053.421,945.4541999999997
nantes,3,1000000,2113.9612,3059.4138,945.4525999999996
nantes,3,1000000,2119.8633,3064.8833,945.02
nantes,3,1000000,2125.9688,3071.447,945.4782
nantes,3,1000000,2131.2637,3076.7246,945.4609
nancy,4,1000000,2308.9607,3234.8823,925.9216000000001
nancy,4,1000000,2345.9417,3271.896,925.9543000000003
nantes,4,1000000,2131.8132,3057.3577,925.5445
nantes,4,1000000,2136.8477,3062.8152,925.9675000000002
nantes,4,1000000,2143.6182,3069.5293,925.9111000000003
nantes,4,1000000,2149.2505,3075.209,925.9584999999997
nantes,4,1000000,2155.605,3081.6677,926.0627
nantes,4,1000000,2161.5242,3087.4824,925.9582
rennes,4,1000000,2088.369,3014.523,926.154
rennes,4,1000000,2093.1611,3019.3157,926.1546000000003
rennes,4,1000000,2098.7092,3024.4604,925.7512000000002
rennes,4,1000000,2102.9946,3029.1387,926.1441
nancy,4,1000000,2350.0857,3276.0076,925.9218999999998
rennes,4,1000000,2108.1543,3034.2893,926.1349999999998
rennes,4,1000000,2112.9912,3039.1184,926.1271999999999
rennes,4,1000000,2118.693,3044.4084,925.7153999999996
rennes,4,1000000,2122.6863,3048.8123,926.1260000000002
rennes,4,1000000,2127.537,3053.6812,926.1442000000002
rennes,4,1000000,2132.5493,3058.7021,926.1527999999998
rennes,4,1000000,2137.7632,3063.5085,925.7453
rennes,4,1000000,2142.3867,3068.5554,926.1687000000002
rennes,4,1000000,2147.6252,3073.3667,925.7415000000001
rennes,4,1000000,2151.9043,3078.8115,926.9071999999996
nancy,4,1000000,2354.084,3280.0322,925.9482000000003
rennes,4,1000000,2156.8213,3082.9434,926.1221
lyon,4,1000000,1632.595,2558.434,925.8390000000002
lyon,4,1000000,1642.5421,2569.0867,926.5446
lyon,4,1000000,1654.2483,2580.7815,926.5332000000001
lyon,4,1000000,1663.3534,2589.8977,926.5443
lyon,4,1000000,1674.9803,2600.9436,925.9633000000001
lyon,4,1000000,1686.3597,2612.2456,925.8859000000002
lyon,4,1000000,1696.1265,2622.666,926.5395000000001
lyon,4,1000000,1708.0564,2634.737,926.6806000000001
lyon,4,1000000,1719.0406,2645.5637,926.5231000000001
nancy,4,1000000,2358.1504,3284.077,925.9266000000002
lyon,4,1000000,1729.5947,2656.1794,926.5846999999999
lyon,4,1000000,1743.0048,2669.5308,926.5260000000001
lyon,4,1000000,1752.4679,2679.017,926.5490999999997
lyon,4,1000000,1763.4292,2689.9795,926.5502999999999
lyon,4,1000000,1773.9254,2700.434,926.5086000000001
lyon,4,1000000,1784.6196,2711.1965,926.5769
lyon,4,1000000,2067.2993,2993.533,926.2336999999998
lyon,4,1000000,2072.787,2998.5986,925.8116
lyon,4,1000000,2079.0867,3005.3228,926.2361000000001
lyon,4,1000000,2084.9575,3011.2212,926.2637
nancy,4,1000000,2362.1604,3288.1147,925.9542999999999
lyon,4,1000000,2091.1794,3016.965,925.7856000000002
lyon,4,1000000,2096.8623,3023.1072,926.2449000000001
lyon,4,1000000,2102.058,3028.3015,926.2435
lyon,4,1000000,2108.018,3034.2659,926.2478999999998
lyon,4,1000000,2113.3015,3039.5115,926.21
lyon,4,1000000,2119.7625,3046.0137,926.2512000000002
lyon,4,1000000,2125.07,3051.3467,926.2766999999999
lyon,4,1000000,2131.4504,3057.7502,926.2997999999998
lyon,4,1000000,2136.411,3062.6133,926.2022999999999
lyon,4,1000000,2143.431,3069.7188,926.2878000000001
nancy,4,1000000,2366.1638,3292.1667,926.0029000000004
lyon,4,1000000,2149.48,3075.282,925.8020000000001
rennes,4,1000000,2052.4873,2978.5505,926.0632
rennes,4,1000000,2057.6492,2983.7512,926.1020000000003
rennes,4,1000000,2062.9104,2988.6055,925.6950999999999
rennes,4,1000000,2067.4224,2993.4922,926.0698000000002
rennes,4,1000000,2072.6702,2998.368,925.6977999999999
rennes,4,1000000,2077.5608,3003.6587,926.0978999999998
rennes,4,1000000,2082.94,3010.1228,927.1828
rennes,4,1000000,2087.6838,3013.7656,926.0818000000004
rennes,4,1000000,2092.3582,3018.4468,926.0886
nantes,4,1000000,2161.3162,3087.5745,926.2583
rennes,4,1000000,2097.2222,3023.3118,926.0895999999998
rennes,4,1000000,2102.152,3028.2585,926.1064999999999
rennes,4,1000000,2107.0928,3033.198,926.1052
rennes,4,1000000,2111.879,3037.9656,926.0866000000001
rennes,4,1000000,2116.9739,3043.0972,926.1233000000002
rennes,4,1000000,2122.135,3047.7742,925.6391999999996
nancy,4,1000000,2137.7246,3063.83,926.1053999999999
nancy,4,1000000,2141.4595,3067.5645,926.105
nancy,4,1000000,2145.6301,3071.7358,926.1057000000001
nancy,4,1000000,2149.5369,3075.7021,926.1651999999999
nantes,4,1000000,2167.0356,3092.7935,925.7579000000001
nancy,4,1000000,2153.422,3079.5806,926.1585999999998
nancy,4,1000000,2157.5298,3083.6494,926.1196
nancy,4,1000000,2161.7375,3087.9583,926.2207999999996
nancy,4,1000000,2165.7334,3091.9663,926.2329
nancy,4,1000000,2169.742,3095.9094,926.1673999999998
nancy,4,1000000,2173.771,3099.9778,926.2067999999999
nancy,4,1000000,2177.935,3104.096,926.1610000000001
nancy,4,1000000,2181.7002,3107.8577,926.1574999999998
nancy,4,1000000,2185.8376,3112.055,926.2174
nancy,4,1000000,2189.7056,3115.87,926.1644000000001
nantes,4,1000000,2172.7415,3099.0024,926.2608999999998
nancy,4,1000000,2194.0815,3120.1892,926.1077
nancy,4,1000000,2121.286,3047.5698,926.2838000000002
nancy,4,1000000,2125.069,3051.3572,926.2882
nancy,4,1000000,2128.8484,3055.2537,926.4053000000004
nancy,4,1000000,2132.8416,3059.294,926.4523999999997
nancy,4,1000000,2137.0295,3063.3403,926.3107999999997
nancy,4,1000000,2140.7402,3067.1433,926.4031
nancy,4,1000000,2144.8015,3071.226,926.4245000000001
nancy,4,1000000,2148.8823,3075.2605,926.3781999999997
nancy,4,1000000,2152.7307,3079.1816,926.4508999999998
nantes,4,1000000,2179.1462,3105.387,926.2408
nancy,4,1000000,2156.7625,3083.1743,926.4118000000003
nancy,4,1000000,2160.9756,3087.3647,926.3890999999999
nancy,4,1000000,2164.992,3091.2761,926.2840999999999
nancy,4,1000000,2168.582,3094.9868,926.4048000000003
nancy,4,1000000,2172.3613,3098.7883,926.4270000000001
nancy,4,1000000,2176.2666,3102.681,926.4144000000001
nancy,4,1000000,2111.8958,3038.027,926.1312000000003
nancy,4,1000000,2115.9846,3042.126,926.1414000000004
nancy,4,1000000,2119.925,3046.0928,926.1677999999997
nancy,4,1000000,2123.8796,3050.0496,926.1699999999996
nancy,4,1000000,2312.94,3238.8843,925.9443000000001
nantes,4,1000000,2185.2058,3110.913,925.7071999999998
nancy,4,1000000,2127.7349,3053.8494,926.1145000000001
nancy,4,1000000,2131.7295,3057.874,926.1444999999999
nancy,4,1000000,2135.5562,3061.6921,926.1359000000002
nancy,4,1000000,2139.7334,3065.888,926.1545999999998
nancy,4,1000000,2143.9124,3070.043,926.1306
nancy,4,1000000,2147.9426,3074.0999,926.1573000000003
nancy,4,1000000,2152.1968,3078.3281,926.1313
nancy,4,1000000,2156.145,3082.3704,926.2253999999998
nancy,4,1000000,2160.2285,3086.3516,926.1230999999998
nancy,4,1000000,2164.5554,3090.7424,926.1869999999999
nantes,4,1000000,2190.7363,3116.9993,926.2629999999999
nancy,4,1000000,2168.6538,3094.787,926.1331999999998
nantes,4,1000000,1950.871,2876.7844,925.9133999999999
nantes,4,1000000,1955.9491,2881.8967,925.9475999999997
nantes,4,1000000,1962.3943,2888.3232,925.9288999999999
nantes,4,1000000,1968.33,2894.2375,925.9075000000003
nantes,4,1000000,1974.0968,2900.0474,925.9505999999999
nantes,4,1000000,1980.5117,2906.4812,925.9695000000002
nantes,4,1000000,1986.1278,2911.9941,925.8662999999999
nantes,4,1000000,1992.6436,2918.5718,925.9282000000001
nantes,4,1000000,1998.4529,2924.0098,925.5568999999998
nantes,4,1000000,2196.7686,3122.5088,925.7402000000002
nantes,4,1000000,2004.6702,2930.2659,925.5956999999999
nantes,4,1000000,2009.8715,2935.745,925.8734999999999
nantes,4,1000000,2016.6313,2942.5547,925.9234000000001
nantes,4,1000000,2021.9214,2947.9146,925.9932000000001
nantes,4,1000000,2029.0012,2954.9282,925.9269999999999
nantes,4,1000000,2034.7118,2960.692,925.9802
rennes,4,1000000,1975.7924,2901.5593,925.7668999999999
rennes,4,1000000,1979.7653,2905.8894,926.1241
rennes,4,1000000,1984.63,2910.7256,926.0956000000001
rennes,4,1000000,1989.462,2915.5728,926.1107999999999
nantes,4,1000000,2202.6504,3128.8872,926.2368000000001
rennes,4,1000000,1994.5144,2920.6423,926.1279
rennes,4,1000000,1999.5565,2928.6213,929.0647999999999
rennes,4,1000000,2003.7834,2929.9192,926.1357999999998
rennes,4,1000000,2009.341,2935.4297,926.0887000000002
rennes,4,1000000,2014.0701,2940.18,926.1098999999999
rennes,4,1000000,2019.1688,2945.2932,926.1244000000002
rennes,4,1000000,2023.6384,2949.7244,926.086
rennes,4,1000000,2029.1478,2954.8723,925.7245
rennes,4,1000000,2033.7975,2960.0002,926.2027
rennes,4,1000000,2038.7046,2964.8445,926.1399000000001
nantes,4,1000000,2208.595,3134.7634,926.1684
rennes,4,1000000,2043.4163,2969.5645,926.1481999999999
lyon,4,1000000,1950.0233,2876.2468,926.2234999999998
lyon,4,1000000,1956.565,2882.3113,925.7462999999998
lyon,4,1000000,1961.2645,2887.4814,926.2169000000001
lyon,4,1000000,1967.6389,2893.811,926.1721000000002
lyon,4,1000000,1972.708,2898.9355,926.2275
lyon,4,1000000,1979.1035,2905.3088,926.2052999999999
lyon,4,1000000,1984.2139,2910.4263,926.2124000000001
lyon,4,1000000,1990.4713,2916.6982,926.2268999999999
lyon,4,1000000,1995.7545,2922.0254,926.2709
nantes,4,1000000,2215.1113,3141.3162,926.2049000000002
lyon,4,1000000,2002.9526,2928.7087,925.7561000000001
lyon,4,1000000,2007.9476,2934.1455,926.1979000000001
lyon,4,1000000,2014.9426,2940.718,925.7753999999998
lyon,4,1000000,2019.6259,2945.8428,926.2168999999999
lyon,4,1000000,2026.936,2952.7283,925.7923000000003
lyon,4,1000000,2032.2719,2958.494,926.2221000000002
rennes,4,1000000,1946.1595,2871.7593,925.5998000000002
rennes,4,1000000,1950.5449,2876.2434,925.6984999999997
rennes,4,1000000,1955.4587,2881.6116,926.1529000000003
rennes,4,1000000,1960.2317,2886.3772,926.1454999999999
nantes,4,1000000,2221.114,3147.3303,926.2163
rennes,4,1000000,1965.1957,2891.3167,926.1209999999999
rennes,4,1000000,1969.9805,2896.152,926.1715000000002
rennes,4,1000000,1974.8812,2901.022,926.1407999999999
rennes,4,1000000,1980.2286,2906.4636,926.2350000000001
rennes,4,1000000,1985.8639,2911.555,925.6910999999998
rennes,4,1000000,1990.2479,2916.366,926.1180999999999
rennes,4,1000000,1995.4402,2921.5754,926.1352000000002
rennes,4,1000000,2000.1436,2926.314,926.1703999999997
rennes,4,1000000,2005.2905,2931.4443,926.1538
rennes,4,1000000,2010.7417,2936.9097,926.1680000000001
nantes,4,1000000,2227.5486,3153.8108,926.2622000000001
rennes,4,1000000,2015.4512,2944.5137,929.0625
nancy,4,1000000,2016.1876,2942.0234,925.8358000000001
nancy,4,1000000,2019.9666,2945.8342,925.8675999999998
nancy,4,1000000,2023.8173,2949.7212,925.9039
nancy,4,1000000,2028.0006,2953.8813,925.8806999999999
nancy,4,1000000,2032.0134,2957.8855,925.8720999999998
nancy,4,1000000,2036.1111,2961.982,925.8708999999999
nancy,4,1000000,2040.1354,2966.0115,925.8761000000002
nancy,4,1000000,2044.0652,2969.9402,925.875
nancy,4,1000000,2047.8394,2973.7292,925.8898000000002
nantes,4,1000000,2233.196,3159.434,926.2380000000003
nancy,4,1000000,2051.896,2977.7668,925.8707999999997
nancy,4,1000000,2055.861,2981.706,925.8450000000003
nancy,4,1000000,2059.7444,2985.5803,925.8359
nancy,4,1000000,2063.6992,2989.643,925.9438
nancy,4,1000000,2067.81,2993.731,925.9210000000003
nancy,4,1000000,2071.8225,2997.6978,925.8752999999997
lyon,4,1000000,1449.921,2377.0195,927.0984999999998
lyon,4,1000000,1460.2966,2386.9036,926.6070000000002
lyon,4,1000000,1471.5908,2398.2104,926.6196
lyon,4,1000000,1482.6598,2409.2466,926.5868
nantes,4,1000000,2239.7473,3166.0027,926.2554
lyon,4,1000000,1494.2731,2420.8867,926.6135999999999
lyon,4,1000000,1504.7443,2431.354,926.6096999999997
lyon,4,1000000,1516.7646,2443.3933,926.6287000000002
lyon,4,1000000,1528.3914,2454.3457,925.9542999999999
lyon,4,1000000,1538.8353,2465.4675,926.6322000000002
lyon,4,1000000,1550.143,2476.7612,926.6181999999999
lyon,4,1000000,1561.9564,2487.892,925.9355999999998
lyon,4,1000000,1572.2286,2498.892,926.6633999999999
lyon,4,1000000,1583.9086,2510.5547,926.6461000000002
lyon,4,1000000,1594.7369,2521.35,926.6130999999998
nancy,4,1000000,2317.0505,3243.0093,925.9588000000003
nantes,4,1000000,2245.4753,3171.7676,926.2923000000001
lyon,4,1000000,1606.1075,2532.7563,926.6487999999999
lyon,4,1000000,2162.1104,3088.4172,926.3067999999998
lyon,4,1000000,2168.4924,3094.2378,925.7453999999998
lyon,4,1000000,2174.198,3100.0232,925.8252000000002
lyon,4,1000000,2179.408,3105.7146,926.3065999999999
lyon,4,1000000,2186.126,3111.8948,925.7687999999998
lyon,4,1000000,2190.5781,3116.8906,926.3125
lyon,4,1000000,2196.8618,3123.1592,926.2973999999999
lyon,4,1000000,2203.5718,3129.313,925.7411999999999
lyon,4,1000000,2208.6096,3134.977,926.3674000000001
nancy,4,1000000,2321.6174,3247.2834,925.6659999999997
lyon,4,1000000,2215.1814,3141.4912,926.3098
lyon,4,1000000,2220.403,3146.7576,926.3546000000001
lyon,4,1000000,2226.6606,3152.968,926.3073999999997
lyon,4,1000000,2232.02,3158.381,926.3609999999999
lyon,4,1000000,2238.4287,3164.751,926.3223000000003
lyon,4,1000000,2243.9807,3170.282,926.3013000000001
nantes,4,1000000,2138.1501,3064.1272,925.9771000000001
nantes,4,1000000,2144.382,3070.2983,925.9162999999999
nantes,4,1000000,2149.7668,3075.7913,926.0245
nantes,4,1000000,2156.5483,3082.154,925.6057000000001
nancy,4,1000000,2325.5037,3251.4397,925.9359999999997
nantes,4,1000000,2161.3406,3087.3066,925.9659999999999
nantes,4,1000000,2168.729,3094.6394,925.9104000000002
nantes,4,1000000,2174.1062,3100.0508,925.9445999999998
nantes,4,1000000,2180.5215,3106.4727,925.9512
nantes,4,1000000,2185.8745,3111.821,925.9465
nantes,4,1000000,2192.2573,3118.179,925.9216999999999
nantes,4,1000000,2198.311,3123.8953,925.5843
nantes,4,1000000,2204.6465,3130.726,926.0795000000003
nantes,4,1000000,2210.382,3136.4006,926.0185999999999
nantes,4,1000000,2217.4805,3143.068,925.5875000000001
nancy,4,1000000,2329.6165,3255.6477,926.0311999999999
nantes,4,1000000,2223.1045,3149.0522,925.9477000000002
nantes,4,1000000,2117.8137,3044.032,926.2183
nantes,4,1000000,2124.1904,3049.9348,925.7444
nantes,4,1000000,2129.036,3055.277,926.241
nantes,4,1000000,2135.3152,3061.5425,926.2273
nantes,4,1000000,2141.3098,3067.5376,926.2278000000001
nantes,4,1000000,2147.9265,3074.1492,926.2226999999998
nantes,4,1000000,2153.8904,3079.6274,925.7369999999996
nantes,4,1000000,2159.6238,3085.8574,926.2336
nantes,4,1000000,2166.6306,3092.8457,926.2150999999999
nancy,4,1000000,2333.7444,3259.701,925.9566
nantes,4,1000000,2171.8628,3098.0854,926.2226
nantes,4,1000000,2179.2954,3104.9731,925.6777000000002
nantes,4,1000000,2184.4163,3110.6238,926.2075
nantes,4,1000000,2191.4944,3117.744,926.2496000000001
nantes,4,1000000,2197.784,3124.0237,926.2397000000001
nantes,4,1000000,2203.6628,3129.8843,926.2215000000001
rennes,4,1000000,2147.373,3073.534,926.1610000000001
rennes,4,1000000,2152.1655,3078.2664,926.1008999999999
rennes,4,1000000,2157.9048,3083.493,925.5882000000001
rennes,4,1000000,2161.9734,3088.0889,926.1155000000003
nancy,4,1000000,2337.692,3263.6921,926.0001000000002
rennes,4,1000000,2167.9248,3093.5188,925.594
rennes,4,1000000,2172.5251,3098.607,926.0819000000001
rennes,4,1000000,2177.3215,3105.837,928.5155
rennes,4,1000000,2182.4417,3108.6016,926.1599000000001
rennes,4,1000000,2187.2856,3113.3867,926.1010999999999
rennes,4,1000000,2192.5193,3118.6248,926.1055000000001
rennes,4,1000000,2197.3965,3123.0183,925.6218000000003
rennes,4,1000000,2202.6826,3128.242,925.5594000000001
rennes,4,1000000,2206.6016,3132.7224,926.1208000000001
rennes,4,1000000,2212.3162,3138.478,926.1617999999999
nancy,4,1000000,2342.0186,3267.9653,925.9467
rennes,4,1000000,2216.867,3142.9907,926.1236999999996
nantes,4,1000000,2077.1445,3003.112,925.9675000000002
nantes,4,1000000,2083.6145,3009.172,925.5574999999999
nantes,4,1000000,2088.7314,3014.6523,925.9209000000001
nantes,4,1000000,2094.8394,3020.7886,925.9492
nantes,4,1000000,2100.8684,3026.7563,925.8879000000002
nantes,4,1000000,2107.2253,3033.1292,925.9038999999998
nantes,4,1000000,2112.7188,3038.7317,926.0128999999997
nantes,4,1000000,2119.113,3045.0662,925.9532000000004
nantes,4,1000000,2124.8284,3050.814,925.9856
nancy,5,1000000,1942.0364,2905.7083,963.6718999999998
nancy,5,1000000,1978.6737,2942.3801,963.7063999999998
nantes,5,1000000,1699.6793,2663.5178,963.8385000000001
nantes,5,1000000,1704.9363,2668.7832,963.8468999999998
nantes,5,1000000,1711.8418,2675.7798,963.9379999999999
nantes,5,1000000,1717.196,2681.0498,963.8537999999999
nantes,5,1000000,1724.1309,2688.0486,963.9177
nantes,5,1000000,1730.1211,2693.919,963.7978999999998
rennes,5,1000000,1695.2484,2658.8804,963.6320000000001
rennes,5,1000000,1699.655,2663.4048,963.7497999999998
rennes,5,1000000,1705.2612,2668.4941,963.2329
rennes,5,1000000,1709.4664,2673.148,963.6816000000001
nancy,5,1000000,1982.7395,2946.3965,963.6569999999999
rennes,5,1000000,1714.6432,2678.2576,963.6143999999999
rennes,5,1000000,1719.5326,2683.1765,963.6439
rennes,5,1000000,1724.7412,2688.0068,963.2656000000002
rennes,5,1000000,1729.091,2692.7993,963.7083000000002
rennes,5,1000000,1734.0021,2697.657,963.6549000000002
rennes,5,1000000,1738.8136,2702.5203,963.7067000000002
rennes,5,1000000,1743.9666,2707.6719,963.7052999999999
rennes,5,1000000,1748.9102,2712.5767,963.6665
rennes,5,1000000,1753.5515,2717.2312,963.6797000000001
rennes,5,1000000,1758.8931,2722.518,963.6249
nancy,5,1000000,1986.7521,2950.4504,963.6983000000002
rennes,5,1000000,1763.3936,2727.0408,963.6472000000001
lyon,5,1000000,1228.9349,2192.782,963.8471000000002
lyon,5,1000000,1239.389,2203.9524,964.5634000000002
lyon,5,1000000,1250.7283,2215.279,964.5507
lyon,5,1000000,1262.9182,2226.8606,963.9423999999999
lyon,5,1000000,1273.3258,2237.8684,964.5425999999998
lyon,5,1000000,1285.1079,2249.6108,964.5029
lyon,5,1000000,1296.1909,2260.7502,964.5592999999999
lyon,5,1000000,1307.3965,2271.976,964.5795
lyon,5,1000000,1318.5258,2283.0554,964.5296000000003
nancy,5,1000000,1990.7557,2954.4172,963.6614999999999
lyon,5,1000000,1329.6704,2294.2957,964.6253000000002
lyon,5,1000000,1340.8444,2305.402,964.5576000000001
lyon,5,1000000,1352.262,2316.8862,964.6242
lyon,5,1000000,1364.4812,2328.2837,963.8025
lyon,5,1000000,1374.9218,2339.4856,964.5637999999999
lyon,5,1000000,1386.6678,2351.2625,964.5946999999999
lyon,5,1000000,1632.6182,2596.059,963.4408000000003
lyon,5,1000000,1638.1466,2601.6973,963.5506999999998
lyon,5,1000000,1643.6908,2607.5964,963.9055999999998
lyon,5,1000000,1650.2213,2613.6138,963.3925000000002
nancy,5,1000000,1994.9657,2958.6199,963.6542000000002
lyon,5,1000000,1655.8368,2619.7458,963.9090000000001
lyon,5,1000000,1661.4695,2625.3428,963.8733
lyon,5,1000000,1667.636,2631.5256,963.8896
lyon,5,1000000,1673.3564,2637.2698,963.9134000000001
lyon,5,1000000,1679.0952,2642.9368,963.8416
lyon,5,1000000,1685.24,2649.1243,963.8842999999999
lyon,5,1000000,1690.6561,2654.53,963.8739000000003
lyon,5,1000000,1697.0496,2660.9536,963.9039999999998
lyon,5,1000000,1702.3135,2666.1902,963.8767
lyon,5,1000000,1708.6627,2672.5415,963.8787999999997
nancy,5,1000000,1999.1948,2962.8652,963.6704000000002
lyon,5,1000000,1715.0665,2678.8286,963.7620999999999
rennes,5,1000000,1639.5068,2602.7515,963.2446999999997
rennes,5,1000000,1643.6522,2607.21,963.5578
rennes,5,1000000,1649.2529,2612.789,963.5361000000003
rennes,5,1000000,1654.5111,2618.0227,963.5116
rennes,5,1000000,1659.6205,2623.1887,963.5682000000002
rennes,5,1000000,1664.32,2627.8484,963.5283999999999
rennes,5,1000000,1669.5413,2633.0576,963.5163
rennes,5,1000000,1674.3615,2637.6028,963.2413000000001
rennes,5,1000000,1679.4448,2642.7034,963.2585999999999
nantes,5,1000000,1768.5441,2732.142,963.5978999999998
rennes,5,1000000,1684.3345,2647.8818,963.5473000000002
rennes,5,1000000,1689.3528,2652.8784,963.5256000000002
rennes,5,1000000,1694.4766,2657.7815,963.3049000000001
rennes,5,1000000,1699.039,2662.5913,963.5523000000001
rennes,5,1000000,1703.7181,2667.2612,963.5430999999999
rennes,5,1000000,1708.6187,2672.187,963.5682999999999
nancy,5,1000000,1594.0342,2557.6533,963.6190999999999
nancy,5,1000000,1597.852,2561.419,963.5669999999998
nancy,5,1000000,1602.0684,2565.6338,963.5654
nancy,5,1000000,1606.2898,2569.8662,963.5763999999999
nantes,5,1000000,1774.6395,2738.1199,963.4804000000001
nancy,5,1000000,1610.323,2573.912,963.5889999999997
nancy,5,1000000,1614.219,2577.7932,963.5742
nancy,5,1000000,1618.1218,2581.6912,963.5694000000003
nancy,5,1000000,1622.484,2585.5503,963.0663
nancy,5,1000000,1626.0013,2589.5935,963.5922
nancy,5,1000000,1629.7748,2593.4014,963.6266000000003
nancy,5,1000000,1633.7733,2597.37,963.5966999999998
nancy,5,1000000,1637.5757,2601.1614,963.5856999999999
nancy,5,1000000,1641.6621,2605.2454,963.5832999999998
nancy,5,1000000,1645.4708,2609.1262,963.6554000000001
nantes,5,1000000,1780.1754,2743.95,963.7745999999997
nancy,5,1000000,1649.4381,2613.0144,963.5763
nancy,5,1000000,1586.1326,2549.9958,963.8632000000002
nancy,5,1000000,1590.0526,2553.9136,963.8609999999999
nancy,5,1000000,1593.917,2557.8423,963.9252999999999
nancy,5,1000000,1597.7821,2561.7952,964.0131000000001
nancy,5,1000000,1601.9542,2565.9333,963.9791000000002
nancy,5,1000000,1605.8647,2569.7915,963.9267999999997
nancy,5,1000000,1609.7725,2573.734,963.9614999999999
nancy,5,1000000,1614.0103,2577.8647,963.8544000000002
nancy,5,1000000,1617.8549,2581.7944,963.9395000000002
nantes,5,1000000,1786.896,2750.3694,963.4734000000001
nancy,5,1000000,1622.0026,2585.935,963.9323999999999
nancy,5,1000000,1626.1327,2589.9883,963.8555999999999
nancy,5,1000000,1630.0239,2593.954,963.9301000000003
nancy,5,1000000,1633.9077,2597.8313,963.9235999999999
nancy,5,1000000,1637.8997,2601.8286,963.9288999999999
nancy,5,1000000,1641.8317,2605.6848,963.8531
nancy,5,1000000,1588.1405,2551.5757,963.4351999999999
nancy,5,1000000,1591.9833,2555.4102,963.4268999999997
nancy,5,1000000,1595.9415,2559.3848,963.4432999999999
nancy,5,1000000,1599.9506,2563.3696,963.4190000000001
nancy,5,1000000,1945.75,2909.415,963.665
nantes,5,1000000,1792.2631,2756.0493,963.7862000000002
nancy,5,1000000,1603.7335,2567.2712,963.5377000000001
nancy,5,1000000,1607.8214,2571.2534,963.432
nancy,5,1000000,1611.7611,2575.173,963.4118999999998
nancy,5,1000000,1615.6847,2579.1345,963.4498000000001
nancy,5,1000000,1619.6519,2583.0603,963.4084
nancy,5,1000000,1623.5194,2586.962,963.4426000000001
nancy,5,1000000,1627.5852,2590.9954,963.4101999999998
nancy,5,1000000,1631.2904,2594.725,963.4345999999998
nancy,5,1000000,1635.1218,2598.5625,963.4407000000001
nancy,5,1000000,1638.7855,2602.2717,963.4861999999998
nantes,5,1000000,1798.4312,2762.2727,963.8415
nancy,5,1000000,1642.8638,2606.3027,963.4389000000001
nantes,5,1000000,1478.9794,2442.8293,963.8498999999999
nantes,5,1000000,1485.1566,2448.9543,963.7976999999998
nantes,5,1000000,1490.888,2454.7869,963.8989000000001
nantes,5,1000000,1497.2797,2460.6472,963.3674999999998
nantes,5,1000000,1503.2529,2467.063,963.8101000000001
nantes,5,1000000,1509.6161,2473.006,963.3898999999999
nantes,5,1000000,1514.9596,2478.7676,963.8080000000002
nantes,5,1000000,1520.8296,2484.6567,963.8271
nantes,5,1000000,1527.1311,2490.9407,963.8096
nantes,5,1000000,1804.2317,2768.026,963.7942999999998
nantes,5,1000000,1533.8385,2497.6963,963.8578
nantes,5,1000000,1539.2039,2503.064,963.8600999999999
nantes,5,1000000,1545.9386,2509.7913,963.8526999999999
nantes,5,1000000,1552.3606,2515.7722,963.4115999999999
nantes,5,1000000,1558.6047,2522.421,963.8162999999997
nantes,5,1000000,1564.2188,2528.046,963.8271999999997
rennes,5,1000000,1506.5994,2470.2556,963.6561999999999
rennes,5,1000000,1510.9941,2474.858,963.8639000000003
rennes,5,1000000,1515.8932,2479.7102,963.817
rennes,5,1000000,1521.0011,2484.6772,963.6761000000001
nantes,5,1000000,1810.6184,2774.401,963.7825999999998
rennes,5,1000000,1525.7817,2489.56,963.7783
rennes,5,1000000,1531.0447,2494.8157,963.7710000000002
rennes,5,1000000,1536.505,2500.3018,963.7968000000001
rennes,5,1000000,1541.4999,2505.2542,963.7542999999998
rennes,5,1000000,1546.2202,2510.0417,963.8215000000002
rennes,5,1000000,1551.211,2515.047,963.836
rennes,5,1000000,1556.2169,2520.0303,963.8134
rennes,5,1000000,1561.2325,2524.9194,963.6869000000002
rennes,5,1000000,1565.6459,2529.5579,963.9119999999998
rennes,5,1000000,1571.263,2535.1018,963.8388
nantes,5,1000000,1816.8833,2780.6643,963.781
rennes,5,1000000,1576.0043,2539.6938,963.6895
lyon,5,1000000,1454.1725,2417.9155,963.7430000000002
lyon,5,1000000,1460.1248,2423.846,963.7212
lyon,5,1000000,1465.8533,2429.6309,963.7776000000001
lyon,5,1000000,1472.1234,2435.8926,963.7692000000002
lyon,5,1000000,1478.0974,2441.835,963.7375999999999
lyon,5,1000000,1484.1912,2447.9387,963.7475000000002
lyon,5,1000000,1490.3147,2454.0557,963.741
lyon,5,1000000,1496.2051,2459.432,963.2268999999999
lyon,5,1000000,1501.6918,2465.449,963.7572
nantes,5,1000000,1823.3738,2786.9844,963.6105999999997
lyon,5,1000000,1507.3644,2471.0994,963.7350000000001
lyon,5,1000000,1513.8445,2477.6204,963.7758999999999
lyon,5,1000000,1519.4282,2482.611,963.1827999999998
lyon,5,1000000,1524.9235,2488.6467,963.7231999999997
lyon,5,1000000,1531.5436,2495.2815,963.7379000000001
lyon,5,1000000,1537.3755,2501.1199,963.7444
rennes,5,1000000,1449.182,2412.479,963.2969999999998
rennes,5,1000000,1453.6179,2416.9075,963.2895999999998
rennes,5,1000000,1457.9908,2421.8618,963.8710000000001
rennes,5,1000000,1463.3684,2426.7415,963.3731
nantes,5,1000000,1828.3284,2792.1226,963.7942
rennes,5,1000000,1468.1542,2432.0254,963.8712
rennes,5,1000000,1472.8394,2436.6582,963.8187999999998
rennes,5,1000000,1478.2185,2441.5303,963.3118
rennes,5,1000000,1482.7482,2446.5637,963.8155000000002
rennes,5,1000000,1487.7021,2451.5374,963.8353000000002
rennes,5,1000000,1492.6775,2456.503,963.8255000000001
rennes,5,1000000,1497.4626,2461.2795,963.8169
rennes,5,1000000,1502.4757,2466.3506,963.8749000000003
rennes,5,1000000,1507.6914,2471.522,963.8306
rennes,5,1000000,1512.0692,2475.9502,963.8810000000003
nantes,5,1000000,1835.8014,2799.5789,963.7774999999999
rennes,5,1000000,1517.3647,2481.1658,963.8011000000001
nancy,5,1000000,1479.7869,2443.2246,963.4377
nancy,5,1000000,1483.5784,2447.0413,963.4628999999998
nancy,5,1000000,1487.5161,2451.0247,963.5085999999999
nancy,5,1000000,1491.6506,2455.1077,963.4571000000001
nancy,5,1000000,1495.7278,2459.2039,963.4761000000001
nancy,5,1000000,1499.6841,2463.172,963.4879000000001
nancy,5,1000000,1503.8546,2467.3196,963.4649999999999
nancy,5,1000000,1507.6824,2471.1516,963.4692000000002
nancy,5,1000000,1511.4581,2474.9436,963.4855
nantes,5,1000000,1841.2096,2805.028,963.8183999999999
nancy,5,1000000,1515.3926,2478.8691,963.4765
nancy,5,1000000,1519.1758,2482.6145,963.4387000000002
nancy,5,1000000,1523.0387,2486.5212,963.4825000000001
nancy,5,1000000,1526.6854,2490.161,963.4756
nancy,5,1000000,1530.8297,2494.2605,963.4307999999999
nancy,5,1000000,1534.5739,2498.0166,963.4426999999998
lyon,5,1000000,981.3533,1945.6151,964.2618
lyon,5,1000000,993.8316,1958.0459,964.2143000000001
lyon,5,1000000,1004.356,1967.7666,963.4105999999999
lyon,5,1000000,1015.4028,1979.109,963.7062
nantes,5,1000000,1847.3193,2811.191,963.8716999999997
lyon,5,1000000,1026.5352,1990.7504,964.2151999999999
lyon,5,1000000,1038.1,2001.81,963.71
lyon,5,1000000,1049.1937,2013.429,964.2353
lyon,5,1000000,1060.4104,2024.6384,964.2280000000001
lyon,5,1000000,1071.6349,2035.8882,964.2533000000001
lyon,5,1000000,1082.857,2047.0939,964.2369000000001
lyon,5,1000000,1094.0137,2058.2021,964.1884
lyon,5,1000000,1105.0233,2069.3054,964.2821000000001
lyon,5,1000000,1116.6417,2080.7036,964.0618999999999
lyon,5,1000000,1128.3068,2092.4739,964.1670999999999
nancy,5,1000000,1949.9701,2913.6768,963.7067000000002
nantes,5,1000000,1853.8008,2817.7295,963.9286999999999
lyon,5,1000000,1139.3508,2103.579,964.2282000000002
lyon,5,1000000,1781.4391,2744.905,963.4659000000001
lyon,5,1000000,1786.495,2750.2673,963.7723000000001
lyon,5,1000000,1792.4528,2756.2007,963.7478999999998
lyon,5,1000000,1798.498,2762.2178,963.7197999999999
lyon,5,1000000,1804.5149,2768.2905,963.7756000000002
lyon,5,1000000,1810.8455,2774.2913,963.4458
lyon,5,1000000,1816.282,2779.6782,963.3961999999999
lyon,5,1000000,1822.6624,2786.1614,963.499
lyon,5,1000000,1827.8193,2791.6204,963.8010999999997
nancy,5,1000000,1954.2942,2917.9978,963.7036
lyon,5,1000000,1834.4886,2798.2566,963.7680000000003
lyon,5,1000000,1839.8025,2803.602,963.7994999999999
lyon,5,1000000,1846.1155,2809.9055,963.7899999999997
lyon,5,1000000,1851.7118,2815.4695,963.7577000000001
lyon,5,1000000,1858.3,2822.115,963.8149999999998
lyon,5,1000000,1863.9451,2827.7178,963.7727
nantes,5,1000000,1742.6075,2706.4363,963.8287999999998
nantes,5,1000000,1748.8096,2712.5898,963.7802000000001
nantes,5,1000000,1754.314,2718.1086,963.7946
nantes,5,1000000,1761.38,2725.1814,963.8013999999998
nancy,5,1000000,1958.5194,2922.1821,963.6627000000001
nantes,5,1000000,1766.458,2730.3027,963.8447000000001
nantes,5,1000000,1773.4916,2737.2551,963.7634999999998
nantes,5,1000000,1778.8737,2742.687,963.8132999999998
nantes,5,1000000,1785.4337,2749.247,963.8132999999998
nantes,5,1000000,1790.6758,2754.489,963.8132
nantes,5,1000000,1797.8696,2761.4158,963.5462000000002
nantes,5,1000000,1802.6549,2766.505,963.8501000000001
nantes,5,1000000,1809.9211,2773.7698,963.8487
nantes,5,1000000,1815.2646,2779.0798,963.8152
nantes,5,1000000,1822.5,2786.0056,963.5056
nancy,5,1000000,1962.6661,2926.3718,963.7057
nantes,5,1000000,1827.781,2791.6223,963.8413
nantes,5,1000000,1700.7522,2664.1194,963.3672000000001
nantes,5,1000000,1706.2759,2670.0823,963.8063999999999
nantes,5,1000000,1712.2495,2676.0225,963.7730000000001
nantes,5,1000000,1718.6606,2681.9731,963.3125000000002
nantes,5,1000000,1724.402,2688.198,963.7959999999998
nantes,5,1000000,1730.5648,2694.3037,963.7388999999998
nantes,5,1000000,1735.8768,2699.7239,963.8471
nantes,5,1000000,1742.642,2705.9888,963.3468
nantes,5,1000000,1747.8013,2711.6614,963.8600999999999
nancy,5,1000000,1966.6926,2930.4307,963.7380999999998
nantes,5,1000000,1754.6381,2718.3982,963.7601000000002
nantes,5,1000000,1760.4696,2724.293,963.8234000000002
nantes,5,1000000,1766.9579,2730.7974,963.8394999999998
nantes,5,1000000,1772.4907,2736.2886,963.7978999999998
nantes,5,1000000,1779.1941,2742.9863,963.7922000000001
nantes,5,1000000,1785.0227,2748.8074,963.7847000000002
rennes,5,1000000,1748.3364,2711.6436,963.3072
rennes,5,1000000,1753.0172,2716.3447,963.3275000000001
rennes,5,1000000,1758.1982,2721.5757,963.3774999999998
rennes,5,1000000,1762.6715,2726.48,963.8085000000001
nancy,5,1000000,1970.6953,2934.3635,963.6681999999998
rennes,5,1000000,1767.5465,2731.3325,963.7860000000001
rennes,5,1000000,1772.5902,2736.3723,963.7820999999999
rennes,5,1000000,1778.1587,2741.5044,963.3456999999999
rennes,5,1000000,1783.1394,2746.4714,963.3319999999999
rennes,5,1000000,1787.679,2751.437,963.7579999999998
rennes,5,1000000,1792.595,2756.3726,963.7776000000001
rennes,5,1000000,1797.5338,2761.3284,963.7946
rennes,5,1000000,1802.7091,2766.4578,963.7487000000001
rennes,5,1000000,1807.5182,2771.2751,963.7568999999999
rennes,5,1000000,1813.4546,2777.2266,963.7719999999999
nancy,5,1000000,1974.7632,2938.4714,963.7081999999998
rennes,5,1000000,1818.0714,2781.8574,963.7859999999998
nantes,5,1000000,1645.4355,2609.2463,963.8107999999997
nantes,5,1000000,1650.6484,2614.476,963.8276000000001
nantes,5,1000000,1656.4739,2620.2869,963.8130000000001
nantes,5,1000000,1662.7084,2626.5552,963.8467999999998
nantes,5,1000000,1668.7349,2632.075,963.3400999999999
nantes,5,1000000,1674.8666,2638.6948,963.8282000000002
nantes,5,1000000,1680.9298,2644.2737,963.3439000000003
nantes,5,1000000,1686.7865,2650.6367,963.8502000000001
nantes,5,1000000,1692.7388,2656.0845,963.3456999999999
nancy,6,1000000,2237.3477,3229.4094,992.0617000000002
nancy,6,1000000,2274.2764,3266.346,992.0695999999998
nantes,6,1000000,2040.4296,3032.8223,992.3926999999999
nantes,6,1000000,2046.2017,3038.5393,992.3375999999998
nantes,6,1000000,2052.7983,3045.2168,992.4185000000002
nantes,6,1000000,2058.5667,3050.6077,992.0410000000002
nantes,6,1000000,2064.8484,3057.2454,992.3969999999999
nantes,6,1000000,2070.2644,3062.6606,992.3962000000001
rennes,6,1000000,2009.3217,3001.5854,992.2637
rennes,6,1000000,2014.5137,3006.8245,992.3108000000002
rennes,6,1000000,2019.2943,3010.9949,991.7006000000001
rennes,6,1000000,2024.205,3016.4355,992.2305000000001
nancy,6,1000000,2278.5774,3270.6538,992.0763999999999
rennes,6,1000000,2029.6926,3021.9868,992.2942
rennes,6,1000000,2034.4426,3026.6785,992.2358999999999
rennes,6,1000000,2040.1829,3031.8958,991.7128999999998
rennes,6,1000000,2044.3783,3036.6003,992.222
rennes,6,1000000,2049.8657,3041.5686,991.7029000000002
rennes,6,1000000,2053.9658,3046.1973,992.2314999999999
rennes,6,1000000,2058.851,3051.114,992.2629999999999
rennes,6,1000000,2063.5322,3055.7832,992.2509999999997
rennes,6,1000000,2068.2825,3060.504,992.2215000000001
rennes,6,1000000,2073.5388,3065.7185,992.1797000000001
nancy,6,1000000,2282.7954,3274.8362,992.0408000000002
rennes,6,1000000,2078.618,3070.8784,992.2604000000001
lyon,6,1000000,1511.2998,2503.407,992.1072000000001
lyon,6,1000000,1521.6953,2514.4595,992.7641999999998
lyon,6,1000000,1533.9266,2526.7156,992.789
lyon,6,1000000,1544.9639,2537.0242,992.0602999999999
lyon,6,1000000,1556.2156,2548.4458,992.2302
lyon,6,1000000,1566.6288,2559.3662,992.7374
lyon,6,1000000,1578.3839,2571.162,992.7780999999998
lyon,6,1000000,1589.6497,2582.4475,992.7978000000003
lyon,6,1000000,1600.9481,2593.7703,992.8222000000001
nancy,6,1000000,2286.9148,3278.9763,992.0614999999998
lyon,6,1000000,1611.977,2604.8135,992.8365000000001
lyon,6,1000000,1622.9689,2615.7437,992.7747999999999
lyon,6,1000000,1634.554,2627.306,992.752
lyon,6,1000000,1645.8105,2638.5994,992.7889
lyon,6,1000000,1657.8041,2650.5637,992.7596000000001
lyon,6,1000000,1668.7957,2661.5605,992.7648000000002
lyon,6,1000000,1946.6934,2939.2065,992.5130999999997
lyon,6,1000000,1952.9125,2945.0137,992.1012000000001
lyon,6,1000000,1957.6848,2950.17,992.4852000000001
lyon,6,1000000,1963.9608,2956.438,992.4772
nancy,6,1000000,2291.0793,3283.1375,992.0581999999999
lyon,6,1000000,1968.8956,2961.4058,992.5101999999999
lyon,6,1000000,1975.8303,2967.948,992.1176999999998
lyon,6,1000000,1980.4545,2972.5676,992.1130999999998
lyon,6,1000000,1987.1003,2979.6775,992.5771999999997
lyon,6,1000000,1992.4542,2984.955,992.5008
lyon,6,1000000,1999.4084,2991.8882,992.4797999999998
lyon,6,1000000,2004.4615,2996.9612,992.4997000000003
lyon,6,1000000,2011.5106,3003.6929,992.1822999999999
lyon,6,1000000,2016.8529,3009.3699,992.517
lyon,6,1000000,2023.4773,3015.954,992.4767000000002
nancy,6,1000000,2295.1697,3287.2375,992.0678000000003
lyon,6,1000000,2028.8591,3021.362,992.5029000000002
rennes,6,1000000,1943.9043,2936.3337,992.4294000000002
rennes,6,1000000,1948.9491,2940.9883,992.0391999999999
rennes,6,1000000,1953.2411,2945.7097,992.4685999999999
rennes,6,1000000,1958.5299,2950.966,992.4360999999999
rennes,6,1000000,1963.1477,2955.5767,992.4290000000001
rennes,6,1000000,1968.3145,2960.7979,992.4834000000001
rennes,6,1000000,1973.675,2966.088,992.4130000000002
rennes,6,1000000,1978.2369,2970.6658,992.4289000000001
rennes,6,1000000,1983.6344,2975.5918,991.9574000000002
nantes,6,1000000,2088.111,3080.2427,992.1316999999999
rennes,6,1000000,1988.0476,2980.4802,992.4325999999999
rennes,6,1000000,1992.7216,2985.1868,992.4651999999999
rennes,6,1000000,1997.9625,2990.4114,992.4488999999999
rennes,6,1000000,2002.7906,2995.2456,992.4550000000002
rennes,6,1000000,2007.4048,2999.8271,992.4223
rennes,6,1000000,2012.3265,3004.775,992.4485000000002
nancy,6,1000000,2029.0272,3021.3037,992.2764999999999
nancy,6,1000000,2032.701,3024.9795,992.2784999999999
nancy,6,1000000,2036.6746,3028.9526,992.278
nancy,6,1000000,2040.622,3032.9075,992.2854999999997
nantes,6,1000000,2093.9795,3086.045,992.0655000000002
nancy,6,1000000,2044.751,3037.0654,992.3144
nancy,6,1000000,2048.6199,3040.9626,992.3426999999997
nancy,6,1000000,2052.7803,3045.0437,992.2634000000003
nancy,6,1000000,2056.6921,3048.9736,992.2814999999996
nancy,6,1000000,2060.7988,3053.0383,992.2395000000001
nancy,6,1000000,2064.7495,3057.0852,992.3357000000001
nancy,6,1000000,2068.718,3061.0342,992.3162000000002
nancy,6,1000000,2072.7063,3064.987,992.2807000000003
nancy,6,1000000,2076.551,3068.8677,992.3166999999999
nancy,6,1000000,2080.3298,3072.6191,992.2892999999999
nantes,6,1000000,2099.1343,3091.5483,992.4139999999998
nancy,6,1000000,2084.2378,3076.5305,992.2927
nancy,6,1000000,1997.456,2989.5479,992.0919000000001
nancy,6,1000000,2001.299,2993.3972,992.0981999999999
nancy,6,1000000,2005.1392,2997.2478,992.1086
nancy,6,1000000,2008.9604,3001.0725,992.1121000000003
nancy,6,1000000,2013.0085,3005.1765,992.1680000000001
nancy,6,1000000,2017.268,3009.3816,992.1136000000001
nancy,6,1000000,2021.0955,3013.239,992.1435000000001
nancy,6,1000000,2025.1134,3017.2153,992.1018999999999
nancy,6,1000000,2028.8186,3020.9412,992.1226000000001
nantes,6,1000000,2105.2285,3097.302,992.0735
nancy,6,1000000,2033.0836,3025.2039,992.1203
nancy,6,1000000,2037.1324,3029.2456,992.1132000000002
nancy,6,1000000,2041.4102,3033.326,991.9158
nancy,6,1000000,2045.033,3037.1482,992.1152000000002
nancy,6,1000000,2049.2886,3041.4092,992.1206000000002
nancy,6,1000000,2053.2686,3045.364,992.0954000000002
nancy,6,1000000,1966.7308,2959.3145,992.5836999999999
nancy,6,1000000,1970.5425,2963.1118,992.5693000000001
nancy,6,1000000,1974.4984,2967.09,992.5916000000002
nancy,6,1000000,1978.4161,2970.975,992.5589
nancy,6,1000000,2241.279,3233.3445,992.0655000000002
nantes,6,1000000,2111.1284,3103.5566,992.4281999999998
nancy,6,1000000,1982.2532,2974.8308,992.5776000000001
nancy,6,1000000,1986.4424,2978.9985,992.5561000000002
nancy,6,1000000,1990.2635,2982.884,992.6205
nancy,6,1000000,1994.3981,2986.9512,992.5530999999999
nancy,6,1000000,1998.2538,2990.8066,992.5527999999999
nancy,6,1000000,2002.1487,2994.7893,992.6406
nancy,6,1000000,2006.3586,2998.9119,992.5533
nancy,6,1000000,2010.1063,3002.6877,992.5814
nancy,6,1000000,2014.0114,3006.5913,992.5799
nancy,6,1000000,2017.9319,3010.5518,992.6199000000001
nantes,6,1000000,2117.5312,3109.5576,992.0264000000002
nancy,6,1000000,2021.8384,3014.4253,992.5868999999998
nantes,6,1000000,1801.5104,2793.9102,992.3997999999999
nantes,6,1000000,1807.7594,2799.8489,992.0895
nantes,6,1000000,1813.1459,2805.555,992.4090999999999
nantes,6,1000000,1819.5659,2812.0132,992.4472999999998
nantes,6,1000000,1824.8469,2817.2488,992.4018999999998
nantes,6,1000000,1830.8291,2823.2083,992.3791999999999
nantes,6,1000000,1837.6989,2830.086,992.3870999999997
nantes,6,1000000,1843.9102,2836.2708,992.3605999999997
nantes,6,1000000,1850.3037,2842.6953,992.3915999999999
nantes,6,1000000,2123.9077,3116.3508,992.4431
nantes,6,1000000,1856.9386,2849.3813,992.4427000000001
nantes,6,1000000,1862.7305,2855.0918,992.3613000000003
nantes,6,1000000,1869.5009,2861.89,992.3890999999999
nantes,6,1000000,1875.3654,2867.7266,992.3612
nantes,6,1000000,1881.918,2874.321,992.403
nantes,6,1000000,1887.8381,2880.2188,992.3807000000002
rennes,6,1000000,1858.2811,2850.68,992.3988999999999
rennes,6,1000000,1863.3986,2855.7883,992.3897000000002
rennes,6,1000000,1868.2876,2860.6558,992.3681999999999
rennes,6,1000000,1873.9424,2865.981,992.0386000000003
nantes,6,1000000,2130.0308,3122.1045,992.0736999999999
rennes,6,1000000,1878.7014,2871.0637,992.3623000000002
rennes,6,1000000,1883.5924,2875.974,992.3816000000002
rennes,6,1000000,1888.9486,2881.656,992.7074
rennes,6,1000000,1893.5579,2885.9568,992.3988999999999
rennes,6,1000000,1898.3995,2890.821,992.4214999999999
rennes,6,1000000,1902.8633,2895.2498,992.3865000000001
rennes,6,1000000,1908.3674,2900.416,992.0486000000001
rennes,6,1000000,1912.6622,2905.0483,992.3860999999999
rennes,6,1000000,1917.33,2909.792,992.462
rennes,6,1000000,1922.0598,2914.4832,992.4234000000001
nantes,6,1000000,2136.5217,3128.9197,992.3980000000001
rennes,6,1000000,1927.0339,2919.4585,992.4246000000003
lyon,6,1000000,1827.1177,2819.5596,992.4419
lyon,6,1000000,1832.5515,2824.9946,992.4431
lyon,6,1000000,1838.8932,2831.3613,992.4681
lyon,6,1000000,1845.0266,2836.987,991.9604000000002
lyon,6,1000000,1850.7192,2843.1973,992.4780999999998
lyon,6,1000000,1856.0729,2848.5022,992.4293
lyon,6,1000000,1862.4988,2854.9229,992.4241
lyon,6,1000000,1868.7103,2861.1206,992.4103000000002
lyon,6,1000000,1874.8942,2866.8586,991.9644000000001
nantes,6,1000000,2142.0508,3134.4756,992.4248000000002
lyon,6,1000000,1880.7877,2873.2092,992.4214999999997
lyon,6,1000000,1886.6923,2878.6284,991.9361000000001
lyon,6,1000000,1892.4803,2884.889,992.4087000000002
lyon,6,1000000,1897.6421,2890.1323,992.4902000000002
lyon,6,1000000,1904.5275,2896.9346,992.4071000000001
lyon,6,1000000,1910.2208,2902.6665,992.4456999999998
rennes,6,1000000,1828.8096,2821.1929,992.3833
rennes,6,1000000,1833.773,2825.788,992.0150000000001
rennes,6,1000000,1838.3381,2830.7307,992.3926000000001
rennes,6,1000000,1842.9934,2835.4336,992.4401999999998
nantes,6,1000000,2148.8445,3141.2341,992.3896
rennes,6,1000000,1848.2966,2840.6687,992.3721000000003
rennes,6,1000000,1853.0763,2845.4946,992.4183
rennes,6,1000000,1858.3789,2850.3948,992.0159000000001
rennes,6,1000000,1862.7958,2855.2275,992.4316999999999
rennes,6,1000000,1867.6912,2860.068,992.3768000000002
rennes,6,1000000,1872.9015,2865.2742,992.3726999999999
rennes,6,1000000,1878.0519,2870.4304,992.3785000000003
rennes,6,1000000,1882.9828,2875.3987,992.4159000000002
rennes,6,1000000,1887.8309,2880.2383,992.4074
rennes,6,1000000,1892.9993,2885.4375,992.4382
nantes,6,1000000,2154.5857,3146.958,992.3723
rennes,6,1000000,1898.0825,2890.5269,992.4443999999999
nancy,6,1000000,1894.9032,2887.1536,992.2504000000001
nancy,6,1000000,1898.7959,2891.0845,992.2885999999999
nancy,6,1000000,1902.6349,2894.9426,992.3076999999998
nancy,6,1000000,1906.5363,2898.8342,992.2978999999998
nancy,6,1000000,1910.5325,2902.807,992.2744999999998
nancy,6,1000000,1914.7389,2907.0212,992.2823000000001
nancy,6,1000000,1918.741,2911.0027,992.2617
nancy,6,1000000,1922.5964,2914.8704,992.2739999999999
nancy,6,1000000,1926.7065,2918.9807,992.2742000000001
nantes,6,1000000,2160.7773,3153.1538,992.3764999999999
nancy,6,1000000,1930.4767,2922.7847,992.3080000000002
nancy,6,1000000,1934.875,2927.1216,992.2466
nancy,6,1000000,1938.5955,2930.8618,992.2663000000002
nancy,6,1000000,1942.7478,2935.0042,992.2563999999998
nancy,6,1000000,1946.8256,2939.0945,992.2689000000003
nancy,6,1000000,1950.644,2942.9397,992.2956999999999
lyon,6,1000000,1301.13,2293.212,992.0819999999999
lyon,6,1000000,1311.4335,2304.175,992.7415000000001
lyon,6,1000000,1322.3551,2315.1172,992.7621000000001
lyon,6,1000000,1334.0466,2326.7498,992.7032000000002
nantes,6,1000000,2166.3894,3158.771,992.3816000000002
lyon,6,1000000,1345.0503,2337.8005,992.7501999999997
lyon,6,1000000,1356.2017,2348.9546,992.7529
lyon,6,1000000,1367.5594,2360.2903,992.7309
lyon,6,1000000,1378.4928,2371.2786,992.7858000000001
lyon,6,1000000,1389.5824,2382.392,992.8095999999998
lyon,6,1000000,1401.0245,2393.7427,992.7181999999998
lyon,6,1000000,1412.3505,2405.0964,992.7458999999999
lyon,6,1000000,1423.7211,2416.5095,992.7884000000001
lyon,6,1000000,1435.0688,2427.8623,992.7934999999998
lyon,6,1000000,1445.8096,2438.5852,992.7755999999999
nancy,6,1000000,2245.4417,3237.5105,992.0688
nantes,6,1000000,2172.4197,3164.8315,992.4117999999999
lyon,6,1000000,1457.8767,2450.63,992.7533000000001
lyon,6,1000000,2065.9358,3058.441,992.5051999999996
lyon,6,1000000,2072.2878,3064.8047,992.5169000000001
lyon,6,1000000,2079.0635,3071.543,992.4794999999999
lyon,6,1000000,2084.6797,3077.1453,992.4656
lyon,6,1000000,2090.2131,3082.7188,992.5057000000002
lyon,6,1000000,2096.995,3089.468,992.473
lyon,6,1000000,2102.2468,3094.7554,992.5086000000001
lyon,6,1000000,2108.8608,3101.1875,992.3267000000001
lyon,6,1000000,2114.1223,3106.5825,992.4602
nancy,6,1000000,2249.6243,3241.7583,992.134
lyon,6,1000000,2120.4856,3112.8071,992.3215
lyon,6,1000000,2125.7185,3118.2742,992.5556999999999
lyon,6,1000000,2132.3027,3124.7869,992.4841999999999
lyon,6,1000000,2137.7053,3130.029,992.3236999999999
lyon,6,1000000,2143.4883,3136.0156,992.5273000000002
lyon,6,1000000,2149.3186,3141.7822,992.4636
nantes,6,1000000,2020.8457,3013.2798,992.4340999999997
nantes,6,1000000,2027.3442,3019.2437,991.8995
nantes,6,1000000,2033.0272,3025.4219,992.3946999999998
nantes,6,1000000,2038.7035,3031.0706,992.3670999999999
nancy,6,1000000,2253.6812,3245.7659,992.0846999999999
nantes,6,1000000,2044.7733,3037.284,992.5107
nantes,6,1000000,2050.943,3043.3237,992.3806999999997
nantes,6,1000000,2056.3591,3048.7234,992.3642999999997
nantes,6,1000000,2062.9612,3055.3752,992.4139999999998
nantes,6,1000000,2068.68,3061.0603,992.3803000000003
nantes,6,1000000,2075.179,3067.5823,992.4033
nantes,6,1000000,2081.7803,3073.5312,991.7509
nantes,6,1000000,2087.9219,3080.351,992.4291000000003
nantes,6,1000000,2093.3599,3085.727,992.3670999999999
nantes,6,1000000,2100.429,3092.5947,992.1657
nancy,6,1000000,2258.01,3250.0833,992.0732999999996
nantes,6,1000000,2106.0503,3098.4353,992.3850000000002
nantes,6,1000000,2012.2513,3004.6152,992.3639000000003
nantes,6,1000000,2018.3649,3010.258,991.8930999999998
nantes,6,1000000,2024.5757,3016.484,991.9082999999998
nantes,6,1000000,2030.2737,3022.3567,992.0829999999999
nantes,6,1000000,2036.3877,3028.7556,992.3679
nantes,6,1000000,2042.3884,3034.3047,991.9163000000001
nantes,6,1000000,2047.9551,3040.4373,992.4822000000001
nantes,6,1000000,2053.8638,3045.8762,992.0124000000001
nantes,6,1000000,2059.63,3052.0867,992.4566999999997
nancy,6,1000000,2262.2605,3254.3271,992.0666000000001
nantes,6,1000000,2065.3687,3057.7612,992.3924999999999
nantes,6,1000000,2072.1582,3064.527,992.3688000000002
nantes,6,1000000,2077.1414,3069.5264,992.3850000000002
nantes,6,1000000,2084.104,3076.4734,992.3694
nantes,6,1000000,2089.584,3082.066,992.482
nantes,6,1000000,2095.655,3088.0027,992.3476999999998
rennes,6,1000000,2056.3428,3048.8499,992.5071000000003
rennes,6,1000000,2060.5405,3052.9758,992.4353000000001
rennes,6,1000000,2065.5083,3057.9663,992.4580000000001
rennes,6,1000000,2070.7324,3063.25,992.5176000000001
nancy,6,1000000,2266.1301,3258.2747,992.1446000000001
rennes,6,1000000,2076.1013,3068.1233,992.0220000000004
rennes,6,1000000,2080.7078,3073.1863,992.4784999999997
rennes,6,1000000,2085.7864,3077.8318,992.0454
rennes,6,1000000,2090.3477,3082.8132,992.4655000000002
rennes,6,1000000,2095.734,3087.801,992.067
rennes,6,1000000,2100.3445,3092.7778,992.4332999999997
rennes,6,1000000,2105.3728,3097.8308,992.4580000000001
rennes,6,1000000,2110.3953,3102.834,992.4386999999997
rennes,6,1000000,2114.7664,3107.3806,992.6142
rennes,6,1000000,2120.7205,3113.1729,992.4524000000001
nancy,6,1000000,2270.3567,3262.4219,992.0652
rennes,6,1000000,2125.0044,3117.495,992.4906000000001
nantes,6,1000000,1986.1653,2978.1396,991.9743000000001
nantes,6,1000000,1991.379,2983.752,992.373
nantes,6,1000000,1997.7863,2990.1548,992.3684999999998
nantes,6,1000000,2004.1334,2996.5256,992.3922
nantes,6,1000000,2010.0553,3002.4294,992.3741
nantes,6,1000000,2015.7683,3008.132,992.3637000000001
nantes,6,1000000,2022.6125,3014.9956,992.3831000000002
nantes,6,1000000,2028.0476,3020.4146,992.367
nantes,6,1000000,2034.5126,3026.9065,992.3939
nancy,7,1000000,2287.611,3252.9573,965.3463000000002
nancy,7,1000000,2323.6047,3288.892,965.2873
nantes,7,1000000,2102.7993,3067.9802,965.1808999999998
nantes,7,1000000,2108.496,3073.4175,964.9214999999999
nantes,7,1000000,2114.3142,3079.6143,965.3001000000004
nantes,7,1000000,2120.2556,3085.4263,965.1707000000001
nantes,7,1000000,2126.719,3092.044,965.3249999999998
nantes,7,1000000,2132.7373,3097.9795,965.2422000000001
rennes,7,1000000,2103.0217,3068.431,965.4093000000003
rennes,7,1000000,2108.1704,3073.2239,965.0535
rennes,7,1000000,2113.0874,3078.0247,964.9373
rennes,7,1000000,2118.069,3083.0742,965.0052000000001
nancy,7,1000000,2327.6575,3293.0364,965.3789000000002
rennes,7,1000000,2122.9438,3088.1987,965.2548999999999
rennes,7,1000000,2128.1377,3093.1436,965.0058999999997
rennes,7,1000000,2132.7253,3098.1729,965.4476
rennes,7,1000000,2137.7751,3103.1792,965.4041000000002
rennes,7,1000000,2142.6204,3108.0374,965.4170000000004
rennes,7,1000000,2147.757,3113.201,965.444
rennes,7,1000000,2152.2336,3117.6946,965.4609999999998
rennes,7,1000000,2157.6226,3123.0574,965.4348
rennes,7,1000000,2162.4736,3127.922,965.4484000000002
rennes,7,1000000,2167.7588,3133.1519,965.3930999999998
nancy,7,1000000,2331.6907,3296.9907,965.2999999999997
rennes,7,1000000,2173.344,3138.3323,964.9883
lyon,7,1000000,1622.9836,2588.9155,965.9319
lyon,7,1000000,1635.1211,2600.512,965.3909000000001
lyon,7,1000000,1646.3722,2612.297,965.9248
lyon,7,1000000,1657.3298,2624.118,966.7882
lyon,7,1000000,1669.1506,2635.8965,966.7458999999999
lyon,7,1000000,1680.1165,2646.0247,965.9081999999999
lyon,7,1000000,1691.3527,2657.2812,965.9285
lyon,7,1000000,1702.7484,2668.204,965.4556000000002
lyon,7,1000000,1713.0797,2679.8716,966.7918999999999
nancy,7,1000000,2335.5417,3300.8518,965.3100999999997
lyon,7,1000000,1724.8085,2690.724,965.9155000000001
lyon,7,1000000,1736.3131,2702.227,965.9138999999998
lyon,7,1000000,1747.5243,2714.2847,966.7604000000001
lyon,7,1000000,1758.7286,2724.654,965.9254000000001
lyon,7,1000000,1770.1403,2736.0525,965.9121999999998
lyon,7,1000000,1782.1307,2748.3755,966.2448000000002
lyon,7,1000000,2037.3044,3002.798,965.4935999999998
lyon,7,1000000,2043.2434,3008.7812,965.5377999999998
lyon,7,1000000,2048.9197,3014.396,965.4763000000003
lyon,7,1000000,2055.3677,3020.935,965.5673000000002
nancy,7,1000000,2339.595,3304.8872,965.2922000000003
lyon,7,1000000,2060.814,3026.308,965.4940000000001
lyon,7,1000000,2067.0693,3032.1401,965.0708
lyon,7,1000000,2072.1165,3037.63,965.5135
lyon,7,1000000,2078.8503,3043.904,965.0536999999999
lyon,7,1000000,2083.8972,3049.3645,965.4673000000003
lyon,7,1000000,2090.8374,3056.3577,965.5203000000001
lyon,7,1000000,2095.7979,3061.3557,965.5578
lyon,7,1000000,2102.483,3067.981,965.498
lyon,7,1000000,2108.278,3073.7693,965.4913000000001
lyon,7,1000000,2114.6814,3079.7349,965.0535
nancy,7,1000000,2343.2476,3308.5242,965.2765999999997
lyon,7,1000000,2120.084,3085.6074,965.5234
rennes,7,1000000,2015.7173,2981.0876,965.3702999999998
rennes,7,1000000,2020.2001,2985.7273,965.5272
rennes,7,1000000,2025.1135,2990.5024,965.3888999999999
rennes,7,1000000,2030.3643,2995.6975,965.3332000000003
rennes,7,1000000,2034.9576,3000.572,965.6144000000002
rennes,7,1000000,2040.673,3005.6973,965.0242999999998
rennes,7,1000000,2044.9446,3010.1746,965.2299999999998
rennes,7,1000000,2049.9827,3015.1658,965.1831000000002
rennes,7,1000000,2054.8857,3020.2805,965.3948
nantes,7,1000000,2148.7646,3113.9866,965.2220000000002
rennes,7,1000000,2059.563,3024.95,965.3869999999997
rennes,7,1000000,2064.1848,3029.738,965.5531999999998
rennes,7,1000000,2069.0127,3034.3765,965.3637999999996
rennes,7,1000000,2073.8877,3039.4426,965.5548999999996
rennes,7,1000000,2078.9026,3044.0127,965.1101000000003
rennes,7,1000000,2084.387,3049.8206,965.4335999999998
nancy,7,1000000,2124.9355,3090.5427,965.6071999999999
nancy,7,1000000,2128.8416,3094.4478,965.6061999999997
nancy,7,1000000,2132.877,3098.5146,965.6376
nancy,7,1000000,2136.789,3102.4626,965.6735999999996
nantes,7,1000000,2154.8008,3120.0466,965.2458000000001
nancy,7,1000000,2141.198,3106.8713,965.6732999999999
nancy,7,1000000,2145.3535,3110.967,965.6134999999999
nancy,7,1000000,2149.3042,3114.9448,965.6406000000002
nancy,7,1000000,2153.564,3119.2324,965.6684
nancy,7,1000000,2157.558,3123.2168,965.6588000000002
nancy,7,1000000,2161.5388,3127.2273,965.6885000000002
nancy,7,1000000,2165.9985,3131.6548,965.6562999999996
nancy,7,1000000,2170.254,3135.9204,965.6664000000001
nancy,7,1000000,2174.108,3139.7632,965.6551999999997
nancy,7,1000000,2178.455,3144.112,965.6570000000002
nantes,7,1000000,2160.8086,3126.3645,965.5559000000003
nancy,7,1000000,2182.2441,3147.9377,965.6936000000001
nancy,7,1000000,2101.3284,3066.7288,965.4004
nancy,7,1000000,2105.2913,3070.7012,965.4099000000001
nancy,7,1000000,2109.005,3074.4749,965.4699
nancy,7,1000000,2112.9363,3078.3872,965.4509000000003
nancy,7,1000000,2116.897,3082.3582,965.4612000000002
nancy,7,1000000,2121.0156,3086.4824,965.4667999999997
nancy,7,1000000,2125.019,3090.5212,965.5022000000004
nancy,7,1000000,2129.3167,3094.7444,965.4277000000002
nancy,7,1000000,2133.2754,3098.7275,965.4521
nantes,7,1000000,2166.4976,3132.0952,965.5976
nancy,7,1000000,2137.2817,3102.7908,965.5091000000002
nancy,7,1000000,2141.496,3106.9321,965.4360999999999
nancy,7,1000000,2145.5688,3110.9648,965.3960000000002
nancy,7,1000000,2149.651,3115.1123,965.4612999999999
nancy,7,1000000,2153.5164,3119.0112,965.4947999999999
nancy,7,1000000,2158.0044,3123.4048,965.4004
nancy,7,1000000,2082.0405,3047.2507,965.2102
nancy,7,1000000,2085.7546,3050.9443,965.1896999999999
nancy,7,1000000,2089.8345,3055.0537,965.2192
nancy,7,1000000,2093.9475,3059.1296,965.1821
nancy,7,1000000,2291.5723,3256.856,965.2837000000004
nantes,7,1000000,2173.673,3139.2754,965.6024000000002
nancy,7,1000000,2097.916,3063.1306,965.2145999999998
nancy,7,1000000,2101.786,3067.0464,965.2604000000001
nancy,7,1000000,2105.8623,3071.067,965.2047000000002
nancy,7,1000000,2109.7441,3074.9592,965.2150999999999
nancy,7,1000000,2113.82,3079.0063,965.1862999999998
nancy,7,1000000,2117.9211,3083.144,965.2228999999998
nancy,7,1000000,2121.819,3087.0068,965.1878000000002
nancy,7,1000000,2125.6238,3090.841,965.2172
nancy,7,1000000,2129.704,3094.9182,965.2141999999999
nancy,7,1000000,2133.8018,3099.0564,965.2545999999998
nantes,7,1000000,2179.0918,3144.7388,965.6469999999999
nancy,7,1000000,2137.6106,3102.8403,965.2296999999999
nantes,7,1000000,1951.3722,2916.5664,965.1942000000001
nantes,7,1000000,1956.8947,2922.3699,965.4752000000001
nantes,7,1000000,1963.2151,2928.3716,965.1565
nantes,7,1000000,1969.4777,2934.9915,965.5138000000002
nantes,7,1000000,1975.2219,2940.6863,965.4643999999998
nantes,7,1000000,1981.9487,2947.4536,965.5048999999999
nantes,7,1000000,1986.84,2952.3362,965.4962000000003
nantes,7,1000000,1992.878,2958.43,965.5519999999999
nantes,7,1000000,1999.4857,2964.7131,965.2274
nantes,7,1000000,2185.7986,3151.4128,965.6142
nantes,7,1000000,2005.4999,2971.0603,965.5604000000001
nantes,7,1000000,2011.0701,2976.6128,965.5427
nantes,7,1000000,2017.6589,2983.1895,965.5306
nantes,7,1000000,2023.3281,2988.7886,965.4604999999999
nantes,7,1000000,2030.1433,2995.6436,965.5002999999999
nantes,7,1000000,2035.7461,3001.3005,965.5543999999998
rennes,7,1000000,1936.8807,2902.3054,965.4247000000003
rennes,7,1000000,1942.1638,2907.6025,965.4386999999999
rennes,7,1000000,1947.9259,2912.995,965.0690999999999
rennes,7,1000000,1952.93,2917.9827,965.0527
nantes,7,1000000,2190.9045,3156.4949,965.5904
rennes,7,1000000,1957.5441,2922.9688,965.4247
rennes,7,1000000,1963.0925,2928.1667,965.0742000000002
rennes,7,1000000,1967.4635,2932.8782,965.4147
rennes,7,1000000,1972.5073,2937.8945,965.3871999999999
rennes,7,1000000,1977.1367,2942.5654,965.4286999999999
rennes,7,1000000,1982.2595,2947.713,965.4535000000003
rennes,7,1000000,1987.6031,2952.5918,964.9887000000001
rennes,7,1000000,1991.9114,2957.3704,965.4589999999998
rennes,7,1000000,1996.6787,2962.1067,965.4279999999999
rennes,7,1000000,2002.2958,2967.731,965.4352000000001
nantes,7,1000000,2197.5007,3163.0938,965.5931
rennes,7,1000000,2007.0579,2972.5068,965.4489000000001
lyon,7,1000000,1894.6334,2861.6252,966.9918
lyon,7,1000000,1899.7097,2865.2402,965.5305000000001
lyon,7,1000000,1906.1597,2871.1477,964.988
lyon,7,1000000,1911.6633,2877.142,965.4786999999999
lyon,7,1000000,1917.3914,2882.892,965.5005999999998
lyon,7,1000000,1923.5267,2889.003,965.4763000000003
lyon,7,1000000,1928.7891,2894.214,965.4249
lyon,7,1000000,1935.4758,2900.449,964.9732000000001
lyon,7,1000000,1940.3777,2905.8232,965.4454999999998
nantes,7,1000000,2202.7722,3168.333,965.5608000000002
lyon,7,1000000,1946.4266,2911.952,965.5254000000002
lyon,7,1000000,1952.0829,2917.5266,965.4437
lyon,7,1000000,1958.2712,2923.695,965.4238000000003
lyon,7,1000000,1963.9692,2929.4573,965.4881
lyon,7,1000000,1970.542,2935.9685,965.4265
lyon,7,1000000,1975.9596,2941.4187,965.4591000000003
rennes,7,1000000,1922.5251,2887.4758,964.9507000000001
rennes,7,1000000,1926.6305,2892.0168,965.3862999999999
rennes,7,1000000,1931.9178,2897.3196,965.4017999999999
rennes,7,1000000,1936.6553,2902.04,965.3847000000001
nantes,7,1000000,2209.782,3175.4216,965.6396
rennes,7,1000000,1941.9036,2907.2847,965.3811000000001
rennes,7,1000000,1946.667,2912.0215,965.3544999999999
rennes,7,1000000,1951.8373,2917.1392,965.3019000000002
rennes,7,1000000,1956.584,2921.959,965.3749999999998
rennes,7,1000000,1962.2875,2927.2332,964.9457000000002
rennes,7,1000000,1967.0566,2932.0164,964.9598000000001
rennes,7,1000000,1971.4729,2936.8162,965.3433000000002
rennes,7,1000000,1976.2736,2941.6763,965.4027000000001
rennes,7,1000000,1980.9082,2946.2634,965.3551999999997
rennes,7,1000000,1986.4995,2951.8833,965.3838000000001
nantes,7,1000000,2215.8877,3181.4668,965.5790999999999
rennes,7,1000000,1991.2412,2956.5708,965.3296
nancy,7,1000000,1969.6625,2935.4158,965.7533000000003
nancy,7,1000000,1973.3354,2939.115,965.7795999999998
nancy,7,1000000,1977.4263,2943.237,965.8107
nancy,7,1000000,1981.5927,2947.3677,965.7749999999999
nancy,7,1000000,1985.6288,2951.4136,965.7847999999999
nancy,7,1000000,1989.7458,2955.5327,965.7869000000003
nancy,7,1000000,1993.779,2959.5493,965.7703000000001
nancy,7,1000000,1997.8292,2963.6138,965.7846000000002
nancy,7,1000000,2001.813,2967.5554,965.7424000000001
nantes,7,1000000,2222.0967,3187.7317,965.6349999999998
nancy,7,1000000,2005.5154,2971.3083,965.7929000000001
nancy,7,1000000,2009.5963,2975.3608,965.7645
nancy,7,1000000,2013.5021,2979.254,965.7519
nancy,7,1000000,2017.1489,2982.9277,965.7788000000003
nancy,7,1000000,2021.116,2986.8574,965.7413999999999
nancy,7,1000000,2024.9519,2990.705,965.7530999999999
lyon,7,1000000,1452.1447,2417.7256,965.5809000000002
lyon,7,1000000,1461.5028,2427.363,965.8601999999998
lyon,7,1000000,1473.2858,2438.8552,965.5693999999999
lyon,7,1000000,1483.5609,2449.5042,965.9432999999999
nantes,7,1000000,2228.8855,3194.4822,965.5967
lyon,7,1000000,1495.089,2460.9155,965.8265000000001
lyon,7,1000000,1506.5651,2472.4258,965.8607
lyon,7,1000000,1518.0282,2483.9016,965.8734000000002
lyon,7,1000000,1530.2239,2495.738,965.5140999999999
lyon,7,1000000,1540.8022,2506.7227,965.9204999999997
lyon,7,1000000,1552.8075,2518.72,965.9124999999999
lyon,7,1000000,1564.2267,2530.1003,965.8736000000001
lyon,7,1000000,1575.5015,2541.4521,965.9505999999999
lyon,7,1000000,1586.729,2552.6367,965.9077
lyon,7,1000000,1597.7566,2563.5918,965.8352000000002
nancy,7,1000000,2295.4158,3260.711,965.2951999999996
nantes,7,1000000,2235.4175,3200.625,965.2075
lyon,7,1000000,1609.5374,2575.4395,965.9021
lyon,7,1000000,2145.429,3110.6685,965.2395000000001
lyon,7,1000000,2151.0732,3116.6614,965.5882000000001
lyon,7,1000000,2156.9392,3122.5166,965.5774000000001
lyon,7,1000000,2163.0598,3128.641,965.5812000000001
lyon,7,1000000,2168.809,3134.0447,965.2356999999997
lyon,7,1000000,2174.5679,3140.178,965.6100999999999
lyon,7,1000000,2179.9563,3145.1934,965.2371000000003
lyon,7,1000000,2185.9333,3151.5188,965.5854999999997
lyon,7,1000000,2191.3433,3156.9268,965.5835000000002
nancy,7,1000000,2299.407,3264.763,965.3559999999998
lyon,7,1000000,2198.2434,3163.8286,965.5852
lyon,7,1000000,2203.2969,3168.9417,965.6448
lyon,7,1000000,2209.457,3175.0442,965.5871999999999
lyon,7,1000000,2215.3235,3181.0188,965.6952999999999
lyon,7,1000000,2221.8723,3187.5483,965.6759999999999
lyon,7,1000000,2227.751,3193.337,965.5859999999998
nantes,7,1000000,2123.7844,3089.3398,965.5554000000002
nantes,7,1000000,2129.9338,3094.925,964.9912000000004
nantes,7,1000000,2135.117,3100.6106,965.4935999999998
nantes,7,1000000,2141.5396,3107.0837,965.5441000000001
nancy,7,1000000,2303.617,3268.8975,965.2804999999998
nantes,7,1000000,2147.7866,3113.2954,965.5088000000001
nantes,7,1000000,2153.7903,3119.3196,965.5292999999997
nantes,7,1000000,2159.6345,3125.2444,965.6098999999999
nantes,7,1000000,2165.8638,3131.4546,965.5908
nantes,7,1000000,2171.253,3136.794,965.5409999999997
nantes,7,1000000,2177.744,3143.2954,965.5513999999998
nantes,7,1000000,2184.0862,3149.0361,964.9498999999996
nantes,7,1000000,2190.1729,3155.756,965.5830999999998
nantes,7,1000000,2196.2175,3161.741,965.5234999999998
nantes,7,1000000,2203.2678,3168.8022,965.5344
nancy,7,1000000,2307.5276,3272.8247,965.2971000000002
nantes,7,1000000,2208.8625,3174.3594,965.4968999999996
nantes,7,1000000,2122.0286,3087.171,965.1423999999997
nantes,7,1000000,2127.1685,3092.4346,965.2660999999998
nantes,7,1000000,2133.7705,3098.4763,964.7057999999997
nantes,7,1000000,2138.803,3104.0474,965.2444
nantes,7,1000000,2145.5615,3110.8184,965.2569000000003
nantes,7,1000000,2150.9573,3116.2163,965.259
nantes,7,1000000,2158.212,3123.0388,964.8267999999998
nantes,7,1000000,2163.2488,3128.4617,965.2129
nantes,7,1000000,2170.189,3135.455,965.2660000000001
nancy,7,1000000,2311.6177,3276.9294,965.3117000000002
nantes,7,1000000,2175.3457,3140.5852,965.2395000000001
nantes,7,1000000,2181.7568,3147.0327,965.2759000000001
nantes,7,1000000,2188.7917,3153.95,965.1582999999996
nantes,7,1000000,2194.1453,3159.407,965.2617
nantes,7,1000000,2200.8992,3166.1611,965.2619
nantes,7,1000000,2206.542,3171.8086,965.2665999999999
rennes,7,1000000,2123.3445,3088.296,964.9514999999997
rennes,7,1000000,2127.9375,3092.9622,965.0246999999999
rennes,7,1000000,2132.4526,3097.8826,965.4299999999998
rennes,7,1000000,2137.0151,3102.514,965.4989
nancy,7,1000000,2315.6204,3280.9158,965.2954000000004
rennes,7,1000000,2142.204,3107.6536,965.4495999999999
rennes,7,1000000,2147.3496,3112.8423,965.4926999999998
rennes,7,1000000,2152.5564,3117.5723,965.0158999999999
rennes,7,1000000,2157.239,3122.6968,965.4578000000001
rennes,7,1000000,2162.0073,3127.4658,965.4584999999997
rennes,7,1000000,2167.0442,3132.517,965.4728
rennes,7,1000000,2172.115,3137.565,965.4500000000003
rennes,7,1000000,2177.0767,3142.6238,965.5470999999998
rennes,7,1000000,2182.5068,3148.0024,965.4955999999997
rennes,7,1000000,2187.1924,3152.7131,965.5207
nancy,7,1000000,2319.5374,3284.8303,965.2928999999999
rennes,7,1000000,2192.96,3157.9353,964.9753000000001
nantes,7,1000000,2048.6116,3013.8792,965.2675999999997
nantes,7,1000000,2053.7678,3019.0176,965.2498
nantes,7,1000000,2060.2576,3025.5098,965.2521999999999
nantes,7,1000000,2065.6714,3030.9143,965.2428999999997
nantes,7,1000000,2071.9453,3037.2112,965.2659000000003
nantes,7,1000000,2077.6028,3042.8533,965.2505000000001
nantes,7,1000000,2084.5667,3049.371,964.8043000000002
nantes,7,1000000,2090.1208,3055.3083,965.1875
nantes,7,1000000,2096.1067,3061.368,965.2613000000001
nancy,8,1000000,2244.0415,3238.2036,994.1621
nancy,8,1000000,2279.7776,3273.9106,994.1330000000003
nantes,8,1000000,2041.7151,3035.656,993.9409
nantes,8,1000000,2047.3755,3041.3457,993.9701999999997
nantes,8,1000000,2053.6152,3047.5886,993.9733999999999
nantes,8,1000000,2059.355,3052.803,993.4479999999999
nantes,8,1000000,2065.8118,3059.8484,994.0365999999999
nantes,8,1000000,2071.6267,3065.616,993.9893000000002
rennes,8,1000000,2004.0636,2998.3633,994.2997
rennes,8,1000000,2008.6012,3002.8953,994.2941000000001
rennes,8,1000000,2014.2968,3008.558,994.2611999999999
rennes,8,1000000,2019.2783,3013.5732,994.2948999999999
nancy,8,1000000,2283.7927,3277.9863,994.1936000000001
rennes,8,1000000,2024.0356,3018.2993,994.2637000000002
rennes,8,1000000,2029.2728,3023.5256,994.2528
rennes,8,1000000,2034.1534,3028.458,994.3046000000002
rennes,8,1000000,2039.0034,3033.2915,994.2880999999998
rennes,8,1000000,2043.9703,3038.2402,994.2699000000002
rennes,8,1000000,2049.0454,3043.322,994.2766000000001
rennes,8,1000000,2053.5515,3047.807,994.2554999999998
rennes,8,1000000,2059.0215,3052.8699,993.8484000000003
rennes,8,1000000,2063.5325,3057.8892,994.3567000000003
rennes,8,1000000,2069.2615,3063.1274,993.8658999999998
nancy,8,1000000,2287.875,3282.0024,994.1273999999999
rennes,8,1000000,2074.1438,3067.9778,993.8340000000003
lyon,8,1000000,1522.4592,2517.0532,994.5939999999998
lyon,8,1000000,1533.0426,2527.683,994.6404
lyon,8,1000000,1543.4387,2538.0981,994.6594000000002
lyon,8,1000000,1555.6266,2550.2534,994.6268
lyon,8,1000000,1566.6531,2561.3938,994.7406999999998
lyon,8,1000000,1579.2217,2573.2358,994.0140999999999
lyon,8,1000000,1589.7422,2584.3696,994.6274000000001
lyon,8,1000000,1600.5243,2595.1768,994.6525000000001
lyon,8,1000000,1611.6196,2606.2622,994.6426000000001
nancy,8,1000000,2291.8494,3285.944,994.0945999999999
lyon,8,1000000,1623.0458,2617.7217,994.6759
lyon,8,1000000,1634.4492,2629.0852,994.636
lyon,8,1000000,1646.3795,2640.3777,993.9982
lyon,8,1000000,1657.0082,2651.6506,994.6424
lyon,8,1000000,1668.3805,2663.05,994.6695000000002
lyon,8,1000000,1679.8126,2674.4612,994.6486000000002
lyon,8,1000000,1926.6774,2920.887,994.2096000000001
lyon,8,1000000,1931.922,2926.091,994.1689999999999
lyon,8,1000000,1938.2795,2932.44,994.1605
lyon,8,1000000,1943.8856,2938.0063,994.1206999999999
nancy,8,1000000,2295.5144,3289.6475,994.1331
lyon,8,1000000,1949.8677,2944.074,994.2063
lyon,8,1000000,1955.275,2949.4226,994.1475999999998
lyon,8,1000000,1961.4956,2955.6865,994.1908999999998
lyon,8,1000000,1967.1411,2961.321,994.1798999999999
lyon,8,1000000,1973.7029,2967.8835,994.1805999999999
lyon,8,1000000,1979.3748,2973.0762,993.7013999999999
lyon,8,1000000,1985.5219,2979.6824,994.1605000000002
lyon,8,1000000,1991.1177,2984.8372,993.7194999999999
lyon,8,1000000,1997.3541,2991.5312,994.1770999999999
lyon,8,1000000,2002.3363,2996.491,994.1547
nancy,8,1000000,2299.56,3293.664,994.1040000000003
lyon,8,1000000,2008.3566,3002.5273,994.1707000000001
rennes,8,1000000,1965.7263,2959.6982,993.9718999999998
rennes,8,1000000,1970.0668,2964.3367,994.2698999999998
rennes,8,1000000,1975.1229,2969.4004,994.2774999999999
rennes,8,1000000,1980.1549,2974.448,994.2930999999999
rennes,8,1000000,1985.1077,2979.418,994.3103000000001
rennes,8,1000000,1989.8037,2984.106,994.3023000000003
rennes,8,1000000,1995.043,2989.3137,994.2707000000003
rennes,8,1000000,1999.8892,2994.1592,994.27
rennes,8,1000000,2004.8683,2999.1733,994.3049999999998
nantes,8,1000000,2068.8997,3063.1804,994.2807000000003
rennes,8,1000000,2009.8354,3006.1023,996.2669000000001
rennes,8,1000000,2014.9924,3009.3044,994.3119999999999
rennes,8,1000000,2020.2517,3014.515,994.2632999999998
rennes,8,1000000,2024.9146,3019.2327,994.3181
rennes,8,1000000,2030.7903,3024.6804,993.8901000000003
rennes,8,1000000,2034.818,3029.1243,994.3063
nancy,8,1000000,2004.0516,2998.1472,994.0955999999999
nancy,8,1000000,2007.819,3001.9092,994.0902000000001
nancy,8,1000000,2011.5745,3005.6604,994.0859000000003
nancy,8,1000000,2015.4429,3009.6382,994.1952999999999
nantes,8,1000000,2074.763,3069.0608,994.2978000000003
nancy,8,1000000,2019.3546,3013.5237,994.1691000000003
nancy,8,1000000,2023.068,3017.1492,994.0811999999999
nancy,8,1000000,2027.1769,3021.2554,994.0785000000001
nancy,8,1000000,2030.818,3025.0378,994.2198000000001
nancy,8,1000000,2035.0034,3028.935,993.9315999999999
nancy,8,1000000,2038.7471,3032.9229,994.1758
nancy,8,1000000,2042.7489,3036.9211,994.1722
nancy,8,1000000,2046.7551,3040.9265,994.1714
nancy,8,1000000,2050.7603,3044.9292,994.1689000000001
nancy,8,1000000,2054.6067,3048.8032,994.1965
nantes,8,1000000,2080.0535,3074.3254,994.2719000000002
nancy,8,1000000,2058.74,3052.8213,994.0813000000003
nancy,8,1000000,2001.7128,2995.9094,994.1966
nancy,8,1000000,2005.5775,2999.6165,994.039
nancy,8,1000000,2009.2659,3003.4827,994.2167999999999
nancy,8,1000000,2013.2577,3007.4717,994.2139999999999
nancy,8,1000000,2017.1106,3011.273,994.1624000000002
nancy,8,1000000,2021.0443,3015.2646,994.2203
nancy,8,1000000,2025.2559,3019.2422,993.9863
nancy,8,1000000,2028.95,3023.2974,994.3473999999999
nancy,8,1000000,2032.9783,3027.2107,994.2324000000001
nantes,8,1000000,2086.2056,3079.995,993.7894000000001
nancy,8,1000000,2036.951,3031.1511,994.2001
nancy,8,1000000,2041.0574,3035.233,994.1756000000003
nancy,8,1000000,2044.8684,3039.1123,994.2438999999997
nancy,8,1000000,2048.7202,3042.978,994.2577999999999
nancy,8,1000000,2052.6355,3046.888,994.2525
nancy,8,1000000,2057.064,3051.2478,994.1838000000002
nancy,8,1000000,1965.9084,2959.9563,994.0478999999998
nancy,8,1000000,1969.6638,2963.6897,994.0258999999999
nancy,8,1000000,1973.3933,2967.4438,994.0505
nancy,8,1000000,1977.9711,2971.991,994.0199
nancy,8,1000000,2247.9463,3242.0598,994.1134999999999
nantes,8,1000000,2091.6042,3085.8564,994.2521999999999
nancy,8,1000000,1982.1758,2976.2178,994.0419999999999
nancy,8,1000000,1986.2783,2980.3018,994.0235000000002
nancy,8,1000000,1990.1503,2984.1675,994.0172
nancy,8,1000000,1994.2725,2988.2869,994.0144
nancy,8,1000000,1998.226,2992.2405,994.0144999999998
nancy,8,1000000,2002.1079,2996.161,994.0531000000001
nancy,8,1000000,2006.181,3000.2368,994.0558000000001
nancy,8,1000000,2010.0378,3004.0815,994.0436999999997
nancy,8,1000000,2014.2432,3008.2837,994.0405000000001
nancy,8,1000000,2018.0991,3012.2002,994.1011000000003
nantes,8,1000000,2097.8833,3092.1855,994.3022000000001
nancy,8,1000000,2022.398,3016.511,994.113
nantes,8,1000000,1826.5634,2820.8667,994.3033
nantes,8,1000000,1832.8998,2827.1362,994.2364
nantes,8,1000000,1838.2375,2832.5706,994.3331000000001
nantes,8,1000000,1844.9948,2838.9219,993.9270999999999
nantes,8,1000000,1850.1802,2844.4258,994.2456
nantes,8,1000000,1857.0399,2851.2986,994.2587000000001
nantes,8,1000000,1862.6244,2856.8674,994.2430000000002
nantes,8,1000000,1869.7214,2863.6487,993.9273000000003
nantes,8,1000000,1874.7084,2868.992,994.2836000000002
nantes,8,1000000,2103.2883,3097.5667,994.2783999999997
nantes,8,1000000,1881.9363,2875.9001,993.9637999999998
nantes,8,1000000,1887.2361,2881.186,993.9499000000001
nantes,8,1000000,1893.727,2888.0312,994.3041999999998
nantes,8,1000000,1899.4478,2893.6907,994.2429000000002
nantes,8,1000000,1905.9191,2900.1682,994.2491
nantes,8,1000000,1911.9681,2906.217,994.2489
rennes,8,1000000,1853.9257,2847.7388,993.8131000000001
rennes,8,1000000,1858.5563,2852.8057,994.2493999999999
rennes,8,1000000,1863.318,2857.5742,994.2562
rennes,8,1000000,1868.3019,2862.6062,994.3043000000002
nantes,8,1000000,2109.7927,3104.0715,994.2788
rennes,8,1000000,1873.3293,2867.5232,994.1939
rennes,8,1000000,1878.5675,2872.8555,994.288
rennes,8,1000000,1883.5845,2877.7961,994.2116000000001
rennes,8,1000000,1888.1141,2882.3313,994.2171999999998
rennes,8,1000000,1893.5422,2887.2712,993.729
rennes,8,1000000,1897.9863,2892.273,994.2867000000001
rennes,8,1000000,1903.2289,2897.4294,994.2004999999999
rennes,8,1000000,1907.8674,2902.0928,994.2253999999998
rennes,8,1000000,1912.551,2906.7964,994.2454000000002
rennes,8,1000000,1917.3959,2911.6248,994.2289000000001
nantes,8,1000000,2115.4705,3109.7827,994.3122000000003
rennes,8,1000000,1922.6367,2916.8528,994.2161000000001
lyon,8,1000000,1807.9222,2802.1707,994.2485000000001
lyon,8,1000000,1813.786,2808.0247,994.2386999999999
lyon,8,1000000,1819.5212,2813.8245,994.3033000000003
lyon,8,1000000,1825.1942,2819.436,994.2418000000002
lyon,8,1000000,1831.2316,2825.5664,994.3348000000001
lyon,8,1000000,1836.8872,2830.734,993.8468
lyon,8,1000000,1842.3219,2836.5698,994.2479000000003
lyon,8,1000000,1848.1014,2842.3257,994.2242999999999
lyon,8,1000000,1853.4846,2847.7625,994.2778999999998
nantes,8,1000000,2122.1165,3116.4065,994.29
lyon,8,1000000,1859.8883,2854.1523,994.2640000000001
lyon,8,1000000,1865.3047,2859.1582,993.8534999999999
lyon,8,1000000,1871.7854,2866.0327,994.2473000000002
lyon,8,1000000,1876.5483,2870.778,994.2296999999999
lyon,8,1000000,1883.1279,2877.3806,994.2527
lyon,8,1000000,1888.9705,2883.2332,994.2627000000002
rennes,8,1000000,1834.316,2828.4636,994.1476
rennes,8,1000000,1839.4364,2833.1738,993.7374
rennes,8,1000000,1843.7616,2837.9407,994.1791000000001
rennes,8,1000000,1848.9752,2843.1863,994.2110999999998
nantes,8,1000000,2127.91,3122.2058,994.2958000000003
rennes,8,1000000,1854.0653,2847.811,993.7457000000002
rennes,8,1000000,1858.6908,2852.9087,994.2178999999999
rennes,8,1000000,1862.766,2857.0408,994.2748000000001
rennes,8,1000000,1868.7714,2862.9858,994.2143999999998
rennes,8,1000000,1874.2256,2867.955,993.7293999999999
rennes,8,1000000,1878.6573,2872.8196,994.1622999999997
rennes,8,1000000,1883.3838,2877.4985,994.1147000000001
rennes,8,1000000,1888.1425,2882.35,994.2075
rennes,8,1000000,1892.8745,2887.0557,994.1812
rennes,8,1000000,1898.2777,2892.4705,994.1927999999998
nantes,8,1000000,2134.9902,3129.3184,994.3281999999999
rennes,8,1000000,1903.0437,2897.1907,994.1470000000002
nancy,8,1000000,1886.858,2881.0247,994.1667
nancy,8,1000000,1890.7141,2884.944,994.2299
nancy,8,1000000,1894.9506,2889.1572,994.2066000000002
nancy,8,1000000,1898.9033,2893.1003,994.1970000000001
nancy,8,1000000,1902.7744,2896.9387,994.1643000000001
nancy,8,1000000,1906.8086,2900.9753,994.1667
nancy,8,1000000,1910.9077,2905.1045,994.1967999999999
nancy,8,1000000,1914.9349,2909.1099,994.175
nancy,8,1000000,1918.9261,2913.091,994.1649
nantes,8,1000000,2140.396,3134.718,994.3219999999997
nancy,8,1000000,1922.651,2916.9014,994.2504000000001
nancy,8,1000000,1926.5673,2920.703,994.1357
nancy,8,1000000,1930.6426,2924.8208,994.1782000000001
nancy,8,1000000,1934.9231,2929.1711,994.248
nancy,8,1000000,1938.9271,2933.1003,994.1732
nancy,8,1000000,1942.847,2937.0852,994.2382
lyon,8,1000000,1330.4548,2324.9421,994.4873000000002
lyon,8,1000000,1341.2888,2335.89,994.6011999999998
lyon,8,1000000,1352.7621,2347.4,994.6379000000002
lyon,8,1000000,1363.5371,2358.1577,994.6206000000002
nantes,8,1000000,2147.2073,3141.5383,994.3310000000001
lyon,8,1000000,1375.1271,2369.5964,994.4693
lyon,8,1000000,1386.9359,2380.9817,994.0457999999999
lyon,8,1000000,1397.5221,2392.0845,994.5624
lyon,8,1000000,1409.2971,2403.901,994.6038999999998
lyon,8,1000000,1420.4064,2415.0303,994.6238999999998
lyon,8,1000000,1431.4961,2425.974,994.4779000000001
lyon,8,1000000,1442.8761,2437.4585,994.5824000000002
lyon,8,1000000,1453.7917,2448.3765,994.5847999999999
lyon,8,1000000,1465.1777,2459.767,994.5892999999999
lyon,8,1000000,1476.889,2471.0051,994.1161
nancy,8,1000000,2251.6628,3245.792,994.1291999999999
nantes,8,1000000,2153.1956,3147.476,994.2804000000001
lyon,8,1000000,1488.0037,2482.5532,994.5494999999999
lyon,8,1000000,2061.7158,3055.9258,994.21
lyon,8,1000000,2068.0264,3061.873,993.8465999999999
lyon,8,1000000,2074.0393,3067.9065,993.8672000000001
lyon,8,1000000,2080.2097,3074.3674,994.1577000000002
lyon,8,1000000,2085.4788,3079.7048,994.2260000000001
lyon,8,1000000,2092.5095,3086.3923,993.8827999999999
lyon,8,1000000,2097.6838,3091.5347,993.8509000000004
lyon,8,1000000,2104.2532,3098.4465,994.1932999999999
lyon,8,1000000,2109.492,3103.6619,994.1698999999999
nancy,8,1000000,2255.7222,3249.8474,994.1252
lyon,8,1000000,2116.6213,3110.7563,994.1350000000002
lyon,8,1000000,2121.776,3115.934,994.1580000000004
lyon,8,1000000,2128.3406,3122.502,994.1614
lyon,8,1000000,2133.6824,3127.849,994.1666
lyon,8,1000000,2140.1733,3134.3738,994.2004999999999
lyon,8,1000000,2145.3481,3139.5332,994.1850999999997
nantes,8,1000000,2038.3165,3032.3586,994.0421000000001
nantes,8,1000000,2043.9484,3038.0286,994.0802000000001
nantes,8,1000000,2049.5063,3043.8804,994.3741
nantes,8,1000000,2055.4639,3049.829,994.3651
nancy,8,1000000,2259.666,3253.7776,994.1115999999997
nantes,8,1000000,2062.004,3056.4048,994.4007999999999
nantes,8,1000000,2068.8052,3062.919,994.1138000000001
nantes,8,1000000,2074.39,3068.7886,994.3986
nantes,8,1000000,2080.6528,3075.096,994.4432000000002
nantes,8,1000000,2086.5762,3080.949,994.3728000000001
nantes,8,1000000,2093.4028,3087.7754,994.3726000000001
nantes,8,1000000,2098.894,3093.304,994.4100000000003
nantes,8,1000000,2105.998,3100.129,994.1309999999999
nantes,8,1000000,2111.754,3106.1396,994.3856000000001
nantes,8,1000000,2118.2568,3112.3333,994.0764999999997
nancy,8,1000000,2263.6228,3257.7534,994.1306
nantes,8,1000000,2123.7627,3118.1895,994.4267999999997
nantes,8,1000000,2010.2942,3004.2708,993.9765999999997
nantes,8,1000000,2015.4539,3009.807,994.3530999999998
nantes,8,1000000,2021.5449,3015.816,994.2710999999997
nantes,8,1000000,2027.324,3021.6938,994.3697999999999
nantes,8,1000000,2034.1172,3028.152,994.0348000000001
nantes,8,1000000,2039.2046,3033.5903,994.3856999999998
nantes,8,1000000,2045.2358,3039.6538,994.4180000000001
nantes,8,1000000,2051.124,3045.4622,994.3382000000001
nantes,8,1000000,2057.201,3051.573,994.3719999999998
nancy,8,1000000,2267.907,3262.0,994.0929999999998
nantes,8,1000000,2062.5122,3056.9272,994.415
nantes,8,1000000,2069.7056,3064.0403,994.3347000000003
nantes,8,1000000,2075.3489,3069.7065,994.3575999999998
nantes,8,1000000,2082.3037,3076.6814,994.3777
nantes,8,1000000,2088.3738,3082.7327,994.3589000000002
nantes,8,1000000,2094.3386,3088.678,994.3393999999998
rennes,8,1000000,2042.5012,3036.6433,994.1421000000003
rennes,8,1000000,2047.6699,3041.7886,994.1186999999998
rennes,8,1000000,2052.7998,3046.469,993.6692000000003
rennes,8,1000000,2057.9783,3051.5525,993.5741999999996
nancy,8,1000000,2271.862,3265.9575,994.0954999999999
rennes,8,1000000,2063.048,3056.6584,993.6104
rennes,8,1000000,2066.9277,3061.0984,994.1706999999997
rennes,8,1000000,2072.8184,3066.9883,994.1698999999999
rennes,8,1000000,2077.6458,3071.8086,994.1628000000001
rennes,8,1000000,2082.5496,3076.7307,994.1811000000002
rennes,8,1000000,2087.4924,3081.6394,994.1469999999999
rennes,8,1000000,2092.1614,3086.3638,994.2024000000001
rennes,8,1000000,2096.9048,3091.0557,994.1509000000001
rennes,8,1000000,2102.669,3096.864,994.1950000000002
rennes,8,1000000,2107.4778,3101.6323,994.1545000000001
nancy,8,1000000,2275.8481,3269.9805,994.1324
rennes,8,1000000,2112.2375,3106.4058,994.1682999999998
nantes,8,1000000,1987.1106,2981.1438,994.0331999999999
nantes,8,1000000,1992.9598,2986.9236,993.9638
nantes,8,1000000,1998.6166,2992.6099,993.9932999999999
nantes,8,1000000,2005.1215,2999.0427,993.9212
nantes,8,1000000,2011.8892,3005.6677,993.7784999999999
nantes,8,1000000,2016.9578,3010.9744,994.0166000000002
nantes,8,1000000,2024.163,3017.6782,993.5151999999998
nantes,8,1000000,2029.7621,3023.6743,993.9122000000002
nantes,8,1000000,2035.4259,3029.4456,994.0197000000001
nancy,9,1000000,2281.0632,3226.5017,945.4384999999997
nancy,9,1000000,2317.9302,3263.4265,945.4963000000002
nantes,9,1000000,2089.9666,3035.3062,945.3395999999998
nantes,9,1000000,2094.8145,3040.583,945.7685000000001
nantes,9,1000000,2101.985,3047.7922,945.8071999999997
nantes,9,1000000,2107.6729,3053.4133,945.7404000000001
nantes,9,1000000,2114.5002,3060.1953,945.6950999999999
nantes,9,1000000,2119.7034,3065.4116,945.7082
rennes,9,1000000,2073.623,3019.1897,945.5666999999999
rennes,9,1000000,2078.2524,3023.7869,945.5345000000002
rennes,9,1000000,2084.0417,3029.0928,945.0510999999997
rennes,9,1000000,2088.5825,3034.109,945.5264999999999
nancy,9,1000000,2322.072,3267.5042,945.4321999999997
rennes,9,1000000,2093.5823,3039.0525,945.4701999999997
rennes,9,1000000,2098.7983,3044.2893,945.491
rennes,9,1000000,2104.2522,3049.2607,945.0084999999999
rennes,9,1000000,2108.9087,3054.427,945.5183000000002
rennes,9,1000000,2113.672,3059.1543,945.4823000000001
rennes,9,1000000,2118.5005,3064.014,945.5135
rennes,9,1000000,2123.2163,3068.694,945.4776999999999
rennes,9,1000000,2127.9956,3073.5054,945.5097999999998
rennes,9,1000000,2132.7146,3078.1936,945.4790000000003
rennes,9,1000000,2137.8528,3083.3528,945.5
nancy,9,1000000,2325.9622,3271.443,945.4808000000003
rennes,9,1000000,2142.4807,3087.9626,945.4818999999998
lyon,9,1000000,1580.7365,2526.2378,945.5012999999999
lyon,9,1000000,1591.0573,2537.186,946.1287000000002
lyon,9,1000000,1602.3889,2548.5454,946.1565
lyon,9,1000000,1614.6245,2560.0918,945.4673000000003
lyon,9,1000000,1624.7563,2570.9607,946.2044000000001
lyon,9,1000000,1636.7417,2582.9275,946.1857999999997
lyon,9,1000000,1647.8195,2594.008,946.1884999999997
lyon,9,1000000,1659.0807,2605.209,946.1282999999999
lyon,9,1000000,1670.169,2616.2874,946.1184000000001
nancy,9,1000000,2329.9019,3275.3357,945.4338000000002
lyon,9,1000000,1681.5157,2627.6987,946.183
lyon,9,1000000,1693.1212,2639.345,946.2237999999998
lyon,9,1000000,1704.6371,2650.7937,946.1566000000003
lyon,9,1000000,1715.2118,2661.382,946.1702
lyon,9,1000000,1727.6866,2673.8428,946.1561999999999
lyon,9,1000000,1739.3221,2684.8647,945.5426
lyon,9,1000000,2004.4844,2949.6692,945.1847999999998
lyon,9,1000000,2009.7847,2955.4487,945.664
lyon,9,1000000,2015.2773,2960.8906,945.6133000000002
lyon,9,1000000,2021.4043,2967.0247,945.6204
nancy,9,1000000,2333.772,3279.2983,945.5263
lyon,9,1000000,2027.368,2972.5176,945.1496000000002
lyon,9,1000000,2033.2412,2978.858,945.6168000000002
lyon,9,1000000,2038.526,2984.1033,945.5773000000002
lyon,9,1000000,2044.637,2990.3203,945.6832999999999
lyon,9,1000000,2050.1794,2995.7878,945.6084000000001
lyon,9,1000000,2056.677,3002.3428,945.6657999999998
lyon,9,1000000,2062.099,3007.731,945.6320000000001
lyon,9,1000000,2069.0525,3014.222,945.1695000000004
lyon,9,1000000,2073.765,3019.4,945.6350000000002
lyon,9,1000000,2081.098,3026.7788,945.6808000000001
nancy,9,1000000,2337.9631,3283.39,945.4268999999999
lyon,9,1000000,2086.961,3032.5852,945.6242000000002
rennes,9,1000000,2019.1906,2964.2148,945.0242000000003
rennes,9,1000000,2022.9725,2968.4417,945.4691999999998
rennes,9,1000000,2028.1952,2975.236,947.0407999999998
rennes,9,1000000,2033.5283,2978.6062,945.0779000000002
rennes,9,1000000,2038.0914,2983.5674,945.4759999999999
rennes,9,1000000,2043.2532,2988.2322,944.9789999999998
rennes,9,1000000,2048.1023,2993.5295,945.4272000000001
rennes,9,1000000,2053.3347,2998.7825,945.4477999999999
rennes,9,1000000,2058.4028,3003.8376,945.4348
nantes,9,1000000,2141.9573,3087.3792,945.4218999999998
rennes,9,1000000,2063.2783,3008.6858,945.4075000000003
rennes,9,1000000,2068.3691,3013.8398,945.4707000000003
rennes,9,1000000,2073.0273,3018.4722,945.4449
rennes,9,1000000,2077.9954,3023.4446,945.4492
rennes,9,1000000,2082.8755,3028.346,945.4704999999999
rennes,9,1000000,2087.3237,3032.7773,945.4536000000003
nancy,9,1000000,2061.7053,3007.1687,945.4634000000001
nancy,9,1000000,2065.6018,3011.0808,945.4790000000003
nancy,9,1000000,2069.5647,3015.0417,945.4770000000003
nancy,9,1000000,2073.6204,3019.1865,945.5661
nantes,9,1000000,2147.5508,3093.2488,945.6979999999999
nancy,9,1000000,2077.5435,3023.047,945.5034999999998
nancy,9,1000000,2081.7646,3027.2227,945.4580999999998
nancy,9,1000000,2085.808,3031.2817,945.4737
nancy,9,1000000,2089.6658,3035.1677,945.5018999999998
nancy,9,1000000,2093.7166,3039.181,945.4643999999998
nancy,9,1000000,2097.6726,3043.2102,945.5376000000001
nancy,9,1000000,2101.5293,3047.0994,945.5700999999999
nancy,9,1000000,2105.645,3051.144,945.4989999999998
nancy,9,1000000,2109.6443,3055.1523,945.5080000000003
nancy,9,1000000,2113.6145,3059.081,945.4665
nantes,9,1000000,2152.7693,3098.4805,945.7112000000002
nancy,9,1000000,2117.767,3063.286,945.5190000000002
nancy,9,1000000,2053.9702,2999.1313,945.1610999999998
nancy,9,1000000,2057.8027,3002.8767,945.0739999999996
nancy,9,1000000,2061.7314,3006.853,945.1216
nancy,9,1000000,2065.7563,3010.8777,945.1214
nancy,9,1000000,2069.9019,3015.062,945.1601
nancy,9,1000000,2073.9253,3019.0444,945.1191000000003
nancy,9,1000000,2077.6877,3022.8022,945.1145000000001
nancy,9,1000000,2081.9373,3027.0193,945.0819999999999
nancy,9,1000000,2085.7834,3030.8838,945.1004000000003
nantes,9,1000000,2159.7102,3105.1277,945.4175
nancy,9,1000000,2089.9233,3035.0085,945.0852
nancy,9,1000000,2093.9287,3039.0427,945.114
nancy,9,1000000,2097.8315,3042.925,945.0935000000004
nancy,9,1000000,2101.6372,3046.7673,945.1300999999999
nancy,9,1000000,2105.8118,3050.929,945.1172000000001
nancy,9,1000000,2109.72,3054.8857,945.1657
nancy,9,1000000,2035.8289,2980.972,945.1431000000002
nancy,9,1000000,2039.7089,2984.8184,945.1095
nancy,9,1000000,2043.806,2988.9045,945.0985000000001
nancy,9,1000000,2047.8251,2992.9414,945.1163000000001
nancy,9,1000000,2284.8408,3230.245,945.4042
nantes,9,1000000,2164.5835,3110.3306,945.7470999999996
nancy,9,1000000,2051.9817,2997.1184,945.1367
nancy,9,1000000,2056.2224,3001.329,945.1066000000001
nancy,9,1000000,2060.2134,3005.3936,945.1801999999998
nancy,9,1000000,2064.3516,3009.4595,945.1079
nancy,9,1000000,2068.1704,3013.3264,945.156
nancy,9,1000000,2072.3958,3017.5347,945.1389000000004
nancy,9,1000000,2076.414,3021.5557,945.1416999999997
nancy,9,1000000,2080.3394,3025.4792,945.1398000000004
nancy,9,1000000,2084.4402,3029.5889,945.1487000000002
nancy,9,1000000,2088.3938,3033.529,945.1352000000002
nantes,9,1000000,2170.6567,3115.9714,945.3146999999999
nancy,9,1000000,2092.696,3037.8357,945.1397000000002
nantes,9,1000000,1897.2891,2842.967,945.6779000000001
nantes,9,1000000,1903.1093,2848.776,945.6666999999998
nantes,9,1000000,1909.9579,2855.3054,945.3475000000001
nantes,9,1000000,1915.5784,2861.229,945.6505999999997
nantes,9,1000000,1922.3461,2867.7263,945.3801999999998
nantes,9,1000000,1928.3032,2873.692,945.3888
nantes,9,1000000,1934.5131,2880.1594,945.6463000000001
nantes,9,1000000,1941.1954,2886.8596,945.6641999999997
nantes,9,1000000,1946.3408,2892.0032,945.6624000000002
nantes,9,1000000,2176.7388,3122.4973,945.7584999999999
nantes,9,1000000,1952.9093,2898.5505,945.6411999999998
nantes,9,1000000,1958.6254,2904.291,945.6656000000003
nantes,9,1000000,1965.0898,2910.7856,945.6958000000002
nantes,9,1000000,1971.0656,2916.7288,945.6632
nantes,9,1000000,1977.9365,2923.6562,945.7196999999999
nantes,9,1000000,1983.7129,2929.4395,945.7266
rennes,9,1000000,1917.1665,2862.2175,945.0510000000002
rennes,9,1000000,1921.3246,2866.802,945.4774000000002
rennes,9,1000000,1926.4132,2871.8735,945.4603000000002
rennes,9,1000000,1931.871,2876.861,944.9899999999998
nantes,9,1000000,2182.236,3127.9915,945.7555000000002
rennes,9,1000000,1936.3289,2881.7896,945.4607000000001
rennes,9,1000000,1941.2772,2886.714,945.4368
rennes,9,1000000,1946.2823,2891.7427,945.4603999999997
rennes,9,1000000,1951.1478,2896.5706,945.4228
rennes,9,1000000,1956.3683,2901.3418,944.9735000000001
rennes,9,1000000,1960.9197,2906.3716,945.4519
rennes,9,1000000,1965.8076,2911.2551,945.4474999999998
rennes,9,1000000,1970.6312,2916.0881,945.4568999999999
rennes,9,1000000,1975.2847,2920.7507,945.4660000000001
rennes,9,1000000,1980.5546,2926.0122,945.4576000000002
nantes,9,1000000,2188.9766,3134.6948,945.7182000000003
rennes,9,1000000,1985.3749,2930.8027,945.4278000000002
lyon,9,1000000,1853.0834,2798.7056,945.6221999999998
lyon,9,1000000,1859.911,2805.1035,945.1925000000001
lyon,9,1000000,1864.877,2810.5205,945.6435000000001
lyon,9,1000000,1871.0035,2816.6355,945.6319999999998
lyon,9,1000000,1876.5917,2822.2656,945.6739000000002
lyon,9,1000000,1882.9501,2828.5837,945.6336000000001
lyon,9,1000000,1888.5488,2834.2705,945.7217
lyon,9,1000000,1894.5118,2840.1602,945.6483999999998
lyon,9,1000000,1900.6848,2846.3174,945.6325999999999
nantes,9,1000000,2195.3481,3141.0813,945.7331999999997
lyon,9,1000000,1905.9244,2851.5735,945.6490999999999
lyon,9,1000000,1912.2357,2857.8865,945.6508000000001
lyon,9,1000000,1918.0636,2863.1902,945.1266
lyon,9,1000000,1923.4987,2869.1633,945.6646000000001
lyon,9,1000000,1930.0149,2875.639,945.6241000000002
lyon,9,1000000,1935.9281,2881.587,945.6588999999999
rennes,9,1000000,1866.1333,2811.4658,945.3325
rennes,9,1000000,1870.9686,2816.5457,945.5771000000002
rennes,9,1000000,1875.5276,2821.1584,945.6307999999999
rennes,9,1000000,1880.41,2826.0632,945.6532
nantes,9,1000000,2200.6868,3146.4277,945.7409000000002
rennes,9,1000000,1885.3158,2830.688,945.3722
rennes,9,1000000,1890.4465,2836.0461,945.5996
rennes,9,1000000,1895.1909,2840.8174,945.6264999999999
rennes,9,1000000,1900.1635,2845.6938,945.5302999999999
rennes,9,1000000,1905.8762,2854.171,948.2947999999999
rennes,9,1000000,1910.6315,2856.1462,945.5147000000002
rennes,9,1000000,1915.498,2861.0723,945.5742999999998
rennes,9,1000000,1920.516,2866.1328,945.6167999999998
rennes,9,1000000,1925.1871,2870.768,945.5808999999999
rennes,9,1000000,1930.2588,2875.8665,945.6077
nantes,9,1000000,2207.8179,3153.5493,945.7314000000001
rennes,9,1000000,1934.9708,2880.5198,945.549
nancy,9,1000000,1935.6692,2881.193,945.5238000000002
nancy,9,1000000,1939.4451,2885.0012,945.5561000000002
nancy,9,1000000,1943.4575,2889.0376,945.5801000000001
nancy,9,1000000,1947.5656,2893.103,945.5374000000002
nancy,9,1000000,1951.5906,2897.1443,945.5536999999999
nancy,9,1000000,1955.5867,2901.142,945.5552999999998
nancy,9,1000000,1959.6935,2905.2383,945.5447999999999
nancy,9,1000000,1963.4812,2909.0837,945.6025000000002
nancy,9,1000000,1967.6086,2913.1238,945.5151999999998
nantes,9,1000000,2213.5474,3159.2725,945.7251000000001
nancy,9,1000000,1971.7172,2917.2378,945.5205999999998
nancy,9,1000000,1975.9962,2921.4558,945.4596000000001
nancy,9,1000000,1979.7291,2925.254,945.5248999999999
nancy,9,1000000,1983.5421,2929.0928,945.5507
nancy,9,1000000,1987.4478,2932.9626,945.5147999999999
nancy,9,1000000,1991.5327,2937.1033,945.5706000000002
lyon,9,1000000,1368.9618,2314.6052,945.6433999999999
lyon,9,1000000,1379.5876,2325.7878,946.2002
lyon,9,1000000,1390.6536,2336.894,946.2403999999997
lyon,9,1000000,1402.0353,2348.2517,946.2163999999998
nantes,9,1000000,2220.7603,3166.4814,945.7211000000002
lyon,9,1000000,1413.8772,2360.466,946.5888
lyon,9,1000000,1424.57,2370.801,946.231
lyon,9,1000000,1435.0675,2381.372,946.3044999999997
lyon,9,1000000,1446.7334,2392.9482,946.2147999999997
lyon,9,1000000,1457.5966,2403.816,946.2193999999997
lyon,9,1000000,1469.3484,2415.5742,946.2257999999999
lyon,9,1000000,1479.6667,2425.9456,946.2789
lyon,9,1000000,1491.0009,2437.2305,946.2296000000001
lyon,9,1000000,1502.153,2448.4,946.2470000000001
lyon,9,1000000,1513.8096,2460.0308,946.2212
nancy,9,1000000,2289.1184,3234.6086,945.4902000000002
nantes,9,1000000,2226.1648,3171.923,945.7581999999998
lyon,9,1000000,1525.0801,2471.2942,946.2140999999999
lyon,9,1000000,2131.879,3077.5374,945.6584000000003
lyon,9,1000000,2138.1013,3083.2417,945.1404000000002
lyon,9,1000000,2143.4053,3088.57,945.1647000000003
lyon,9,1000000,2149.4553,3095.0554,945.6001000000001
lyon,9,1000000,2154.8337,3100.4758,945.6421
lyon,9,1000000,2161.6719,3107.2913,945.6194
lyon,9,1000000,2166.9517,3112.6562,945.7044999999998
lyon,9,1000000,2174.4646,3119.606,945.1414000000004
lyon,9,1000000,2179.1936,3124.8442,945.6505999999999
nancy,9,1000000,2293.434,3238.9521,945.5180999999998
lyon,9,1000000,2186.0542,3131.6582,945.6039999999998
lyon,9,1000000,2191.574,3137.205,945.6309999999999
lyon,9,1000000,2197.863,3143.459,945.596
lyon,9,1000000,2203.099,3148.7393,945.6403
lyon,9,1000000,2210.0022,3155.636,945.6338000000001
lyon,9,1000000,2215.4636,3161.0952,945.6316000000002
nantes,9,1000000,2094.9219,3040.1255,945.2036000000003
nantes,9,1000000,2099.6965,3045.3684,945.6718999999998
nantes,9,1000000,2106.083,3051.757,945.674
nantes,9,1000000,2112.3762,3057.6528,945.2765999999997
nancy,9,1000000,2297.8313,3243.2148,945.3835000000004
nantes,9,1000000,2118.257,3063.8977,945.6406999999999
nantes,9,1000000,2124.1099,3069.8047,945.6948000000002
nantes,9,1000000,2130.0266,3075.7117,945.6850999999997
nantes,9,1000000,2136.763,3082.5522,945.7892000000002
nantes,9,1000000,2142.3496,3088.0361,945.6864999999998
nantes,9,1000000,2148.9575,3094.7546,945.7971000000002
nantes,9,1000000,2154.412,3100.0967,945.6847000000002
nantes,9,1000000,2160.9026,3106.707,945.8044
nantes,9,1000000,2166.7356,3112.4868,945.7512000000002
nantes,9,1000000,2173.731,3119.3914,945.6603999999998
nancy,9,1000000,2301.6685,3247.1516,945.4830999999999
nantes,9,1000000,2179.8875,3125.5981,945.7106000000003
nantes,9,1000000,2076.029,3021.4312,945.4022
nantes,9,1000000,2081.6562,3027.4607,945.8045000000002
nantes,9,1000000,2088.1365,3033.5325,945.3959999999997
nantes,9,1000000,2093.3528,3039.1716,945.8188
nantes,9,1000000,2099.8306,3045.63,945.7994000000003
nantes,9,1000000,2105.3677,3051.2576,945.8899000000001
nantes,9,1000000,2111.8074,3057.6414,945.8339999999998
nantes,9,1000000,2117.773,3063.541,945.768
nantes,9,1000000,2124.4795,3070.2766,945.7971000000002
nancy,9,1000000,2305.7454,3251.1707,945.4253000000003
nantes,9,1000000,2130.556,3076.343,945.7869999999998
nantes,9,1000000,2136.5295,3082.2913,945.7617999999998
nantes,9,1000000,2143.4045,3089.1917,945.7871999999998
nantes,9,1000000,2149.1523,3095.0027,945.8503999999998
nantes,9,1000000,2156.2966,3102.1113,945.8146999999999
nantes,9,1000000,2161.9214,3107.6726,945.7511999999997
rennes,9,1000000,2100.2046,3045.8076,945.6030000000001
rennes,9,1000000,2105.448,3050.6724,945.2244000000001
rennes,9,1000000,2110.5251,3055.71,945.1849000000002
rennes,9,1000000,2114.6245,3060.274,945.6495
nancy,9,1000000,2309.7314,3255.163,945.4315999999999
rennes,9,1000000,2119.0745,3064.6472,945.5726999999997
rennes,9,1000000,2124.4443,3070.0835,945.6392000000001
rennes,9,1000000,2129.5627,3075.152,945.5893000000001
rennes,9,1000000,2133.8887,3079.5242,945.6354999999999
rennes,9,1000000,2139.9368,3085.1003,945.1635000000001
rennes,9,1000000,2144.6448,3090.2473,945.6025
rennes,9,1000000,2149.7314,3095.2842,945.5527999999999
rennes,9,1000000,2154.1777,3099.79,945.6122999999998
rennes,9,1000000,2159.3667,3104.9426,945.5758999999998
rennes,9,1000000,2163.9417,3109.5618,945.6201000000001
nancy,9,1000000,2313.7544,3259.3164,945.5620000000004
rennes,9,1000000,2169.2046,3114.7659,945.5612999999998
nantes,9,1000000,2035.172,2980.4927,945.3206999999998
nantes,9,1000000,2040.9989,2986.6382,945.6392999999998
nantes,9,1000000,2046.5886,2992.2205,945.6318999999999
nantes,9,1000000,2053.3857,2998.7087,945.3230000000003
nantes,9,1000000,2058.721,3004.416,945.6950000000002
nantes,9,1000000,2065.265,3010.9495,945.6845000000003
nantes,9,1000000,2071.1614,3016.8313,945.6698999999999
nantes,9,1000000,2077.853,3023.2026,945.3496
nantes,9,1000000,2082.863,3028.5469,945.6839
nancy,0,10000000,2339.191,15162.596,12823.404999999999
nancy,0,10000000,2375.9712,15199.406,12823.4348
nantes,0,10000000,2165.3547,14988.648,12823.2933
nantes,0,10000000,2170.054,14993.836,12823.782
nantes,0,10000000,2176.852,15000.615,12823.762999999999
nantes,0,10000000,2182.0796,15005.867,12823.787400000001
nantes,0,10000000,2189.0884,15012.787,12823.6986
nantes,0,10000000,2195.2126,15018.996,12823.7834
rennes,0,10000000,2132.674,14956.079,12823.404999999999
rennes,0,10000000,2137.6516,14961.026,12823.3744
rennes,0,10000000,2142.4893,14965.809,12823.3197
rennes,0,10000000,2147.3096,14970.672,12823.3624
nancy,0,10000000,2380.2566,15203.659,12823.402399999999
rennes,0,10000000,2152.8208,14975.798,12822.977200000001
rennes,0,10000000,2158.009,14980.953,12822.944
rennes,0,10000000,2162.4785,14985.867,12823.388500000001
rennes,0,10000000,2167.626,14990.5625,12822.9365
rennes,0,10000000,2172.3745,14995.352,12822.9775
rennes,0,10000000,2177.4539,15000.823,12823.3691
rennes,0,10000000,2182.0383,15005.377,12823.3387
rennes,0,10000000,2187.273,15010.62,12823.347000000002
rennes,0,10000000,2192.24,15015.601,12823.361
rennes,0,10000000,2197.0217,15020.354,12823.3323
nancy,0,10000000,2384.3152,15207.747,12823.431799999998
rennes,0,10000000,2201.8843,15025.237,12823.3527
lyon,0,10000000,1657.206,14481.211,12824.005
lyon,0,10000000,1666.7139,14491.3125,12824.5986
lyon,0,10000000,1677.929,14502.581,12824.652
lyon,0,10000000,1688.8752,14513.488,12824.612799999999
lyon,0,10000000,1699.7463,14524.384,12824.6377
lyon,0,10000000,1711.7092,14535.685,12823.9758
lyon,0,10000000,1721.9525,14546.557,12824.604500000001
lyon,0,10000000,1734.2004,14560.306,12826.1056
lyon,0,10000000,1744.4894,14569.086,12824.596599999999
nancy,0,10000000,2388.4194,15211.82,12823.400599999999
lyon,0,10000000,1755.7231,14580.318,12824.5949
lyon,0,10000000,1767.0969,14591.711,12824.614099999999
lyon,0,10000000,1779.0686,14603.692,12824.623399999999
lyon,0,10000000,1789.7885,14614.388,12824.5995
lyon,0,10000000,1802.0854,14629.208,12827.1226
lyon,0,10000000,1812.4962,14637.087,12824.5908
lyon,0,10000000,2052.5413,14876.329,12823.7877
lyon,0,10000000,2059.0896,14882.389,12823.2994
lyon,0,10000000,2063.8674,14887.609,12823.741600000001
lyon,0,10000000,2070.165,14893.878,12823.713
nancy,0,10000000,2392.5479,15216.047,12823.4991
lyon,0,10000000,2075.4292,14899.186,12823.7568
lyon,0,10000000,2082.0854,14905.797,12823.7116
lyon,0,10000000,2087.4946,14911.234,12823.7394
lyon,0,10000000,2094.1567,14917.488,12823.3313
lyon,0,10000000,2098.8872,14922.595,12823.7078
lyon,0,10000000,2105.862,14929.562,12823.7
lyon,0,10000000,2111.1345,14934.884,12823.7495
lyon,0,10000000,2117.8074,14941.5625,12823.7551
lyon,0,10000000,2122.7532,14946.511,12823.7578
lyon,0,10000000,2129.5696,14953.297,12823.7274
nancy,0,10000000,2396.5125,15219.918,12823.4055
lyon,0,10000000,2134.995,14960.347,12825.351999999999
rennes,0,10000000,2087.0374,14910.622,12823.584599999998
rennes,0,10000000,2092.2454,14915.837,12823.5916
rennes,0,10000000,2096.8862,14920.471,12823.5848
rennes,0,10000000,2101.881,14925.458,12823.577000000001
rennes,0,10000000,2107.003,14930.6,12823.597
rennes,0,10000000,2111.722,14935.2705,12823.5485
rennes,0,10000000,2116.6624,14940.224,12823.5616
rennes,0,10000000,2121.7205,14953.085,12831.3645
rennes,0,10000000,2126.5435,14950.135,12823.5915
nantes,0,10000000,2183.4868,15007.1045,12823.617699999999
rennes,0,10000000,2132.075,14955.131,12823.056
rennes,0,10000000,2136.4514,14960.073,12823.6216
rennes,0,10000000,2141.9836,14965.052,12823.0684
rennes,0,10000000,2146.3823,14969.95,12823.5677
rennes,0,10000000,2151.293,14974.877,12823.584
rennes,0,10000000,2156.336,14979.927,12823.591
nancy,0,10000000,2130.9875,14954.0,12823.0125
nancy,0,10000000,2134.9026,14957.924,12823.021400000001
nancy,0,10000000,2139.1123,14962.194,12823.081699999999
nancy,0,10000000,2143.146,14966.221,12823.074999999999
nantes,0,10000000,2188.543,15012.415,12823.872000000001
nancy,0,10000000,2146.9065,14970.001,12823.0945
nancy,0,10000000,2151.2288,14974.247,12823.018199999999
nancy,0,10000000,2155.1396,14978.248,12823.1084
nancy,0,10000000,2159.2568,14982.346,12823.089199999999
nancy,0,10000000,2163.3699,14986.46,12823.0901
nancy,0,10000000,2167.3293,14990.428,12823.0987
nancy,0,10000000,2171.3962,14994.4795,12823.083299999998
nancy,0,10000000,2175.5264,14998.865,12823.3386
nancy,0,10000000,2179.6604,15002.746,12823.085599999999
nancy,0,10000000,2183.5132,15006.596,12823.0828
nantes,0,10000000,2194.5476,15018.32,12823.7724
nancy,0,10000000,2187.8408,15010.859,12823.0182
nancy,0,10000000,2138.7996,14961.752,12822.9524
nancy,0,10000000,2142.9897,14965.936,12822.9463
nancy,0,10000000,2146.8794,14969.914,12823.0346
nancy,0,10000000,2151.0422,14974.072,12823.0298
nancy,0,10000000,2155.1318,14978.121,12822.9892
nancy,0,10000000,2158.9182,14982.041,12823.1228
nancy,0,10000000,2162.8972,14985.9795,12823.0823
nancy,0,10000000,2166.9934,14989.992,12822.9986
nancy,0,10000000,2170.9148,14993.951,12823.036199999999
nantes,0,10000000,2199.8171,15023.652,12823.8349
nancy,0,10000000,2174.8596,14997.85,12822.9904
nancy,0,10000000,2178.6804,15001.716,12823.0356
nancy,0,10000000,2182.7183,15005.715,12822.9967
nancy,0,10000000,2186.5342,15009.5625,12823.0283
nancy,0,10000000,2190.667,15013.698,12823.031
nancy,0,10000000,2194.7725,15017.76,12822.9875
nancy,0,10000000,2097.058,14920.002,12822.944
nancy,0,10000000,2101.0303,14923.908,12822.8777
nancy,0,10000000,2105.0273,14927.965,12822.9377
nancy,0,10000000,2109.316,14931.997,12822.681
nancy,0,10000000,2343.2898,15166.673,12823.3832
nantes,0,10000000,2206.356,15030.117,12823.761
nancy,0,10000000,2112.868,14935.795,12822.927
nancy,0,10000000,2116.9385,14939.893,12822.9545
nancy,0,10000000,2120.8164,14943.748,12822.9316
nancy,0,10000000,2124.821,14947.745,12822.924
nancy,0,10000000,2129.1594,14952.056,12822.8966
nancy,0,10000000,2133.2258,14956.15,12822.9242
nancy,0,10000000,2137.3538,14960.258,12822.9042
nancy,0,10000000,2141.4546,14964.553,12823.098399999999
nancy,0,10000000,2145.5383,14968.481,12822.9427
nancy,0,10000000,2149.4978,14972.437,12822.9392
nantes,0,10000000,2211.8132,15035.7295,12823.916299999999
nancy,0,10000000,2153.7905,14976.72,12822.929499999998
nantes,0,10000000,1986.737,14810.559,12823.822
nantes,0,10000000,1993.2649,14816.56,12823.2951
nantes,0,10000000,1998.2083,14822.051,12823.8427
nantes,0,10000000,2004.8635,14828.627,12823.763500000001
nantes,0,10000000,2010.6833,14834.453,12823.769699999999
nantes,0,10000000,2016.7971,14840.572,12823.7749
nantes,0,10000000,2023.3132,14846.578,12823.264799999999
nantes,0,10000000,2028.8989,14852.647,12823.7481
nantes,0,10000000,2034.5881,14858.425,12823.836899999998
nantes,0,10000000,2218.0627,15041.858,12823.7953
nantes,0,10000000,2041.3146,14865.098,12823.7834
nantes,0,10000000,2046.6539,14870.418,12823.7641
nantes,0,10000000,2054.3416,14877.624,12823.2824
nantes,0,10000000,2059.5037,14883.28,12823.776300000001
nantes,0,10000000,2066.0776,14889.838,12823.7604
nantes,0,10000000,2072.211,14895.975,12823.764000000001
rennes,0,10000000,2017.3195,14841.107,12823.7875
rennes,0,10000000,2022.3048,14845.788,12823.4832
rennes,0,10000000,2027.3733,14850.785,12823.4117
rennes,0,10000000,2031.753,14855.477,12823.724
nantes,0,10000000,2223.3672,15047.18,12823.8128
rennes,0,10000000,2037.2147,14860.705,12823.4903
rennes,0,10000000,2041.7368,14865.487,12823.750199999999
rennes,0,10000000,2046.7667,14870.477,12823.7103
rennes,0,10000000,2051.5945,14875.334,12823.7395
rennes,0,10000000,2056.3972,14880.138,12823.740800000001
rennes,0,10000000,2061.1887,14884.937,12823.7483
rennes,0,10000000,2066.477,14890.204,12823.726999999999
rennes,0,10000000,2070.821,14894.536,12823.715
rennes,0,10000000,2076.257,14899.996,12823.739
rennes,0,10000000,2081.3557,14905.084,12823.7283
nantes,0,10000000,2229.7612,15053.524,12823.7628
rennes,0,10000000,2086.744,14910.145,12823.401
lyon,0,10000000,1959.1882,14782.254,12823.0658
lyon,0,10000000,1964.4679,14788.031,12823.563100000001
lyon,0,10000000,1969.5812,14793.101,12823.5198
lyon,0,10000000,1975.4927,14799.012,12823.5193
lyon,0,10000000,1981.4757,14804.996,12823.5203
lyon,0,10000000,1987.6406,14811.141,12823.500399999999
lyon,0,10000000,1992.7418,14816.267,12823.5252
lyon,0,10000000,1999.3839,14822.5,12823.1161
lyon,0,10000000,2005.0447,14828.157,12823.112299999999
nantes,0,10000000,2236.4292,15060.239,12823.809799999999
lyon,0,10000000,2011.0176,14834.546,12823.528400000001
lyon,0,10000000,2016.7501,14840.301,12823.5509
lyon,0,10000000,2023.6664,14847.194,12823.5276
lyon,0,10000000,2028.8486,14852.35,12823.501400000001
lyon,0,10000000,2035.321,14858.867,12823.546
lyon,0,10000000,2041.0271,14864.57,12823.5429
rennes,0,10000000,1968.2422,14791.467,12823.2248
rennes,0,10000000,1972.7369,14796.337,12823.6001
rennes,0,10000000,1977.7999,14801.376,12823.5761
rennes,0,10000000,1982.5021,14806.081,12823.5789
nantes,0,10000000,2242.2412,15066.023,12823.781799999999
rennes,0,10000000,1987.8514,14811.028,12823.1766
rennes,0,10000000,1991.4855,14815.064,12823.5785
rennes,0,10000000,1997.1118,14820.723,12823.6112
rennes,0,10000000,2002.6875,14825.857,12823.1695
rennes,0,10000000,2007.2269,14830.829,12823.6021
rennes,0,10000000,2011.9722,14835.555,12823.5828
rennes,0,10000000,2017.2827,14840.8955,12823.6128
rennes,0,10000000,2022.079,14845.735,12823.656
rennes,0,10000000,2026.9515,14850.521,12823.569500000001
rennes,0,10000000,2032.3567,14855.941,12823.5843
nantes,0,10000000,2249.0256,15072.862,12823.8364
rennes,0,10000000,2037.36,14860.922,12823.562
nancy,0,10000000,2048.801,14872.015,12823.214
nancy,0,10000000,2052.5718,14875.767,12823.1952
nancy,0,10000000,2056.5542,14879.746,12823.191799999999
nancy,0,10000000,2060.308,14883.506,12823.198
nancy,0,10000000,2064.3809,14887.572,12823.1911
nancy,0,10000000,2068.391,14891.597,12823.206
nancy,0,10000000,2072.2637,14895.452,12823.1883
nancy,0,10000000,2076.2678,14899.442,12823.1742
nancy,0,10000000,2080.3667,14903.527,12823.1603
nantes,0,10000000,2254.5652,15078.436,12823.8708
nancy,0,10000000,2084.2734,14907.435,12823.1616
nancy,0,10000000,2088.5525,14911.4375,12822.885
nancy,0,10000000,2092.1655,14915.319,12823.1535
nancy,0,10000000,2095.7454,14918.947,12823.2016
nancy,0,10000000,2099.697,14922.868,12823.171
nancy,0,10000000,2103.3433,14926.563,12823.2197
lyon,0,10000000,1483.3583,14307.21,12823.8517
lyon,0,10000000,1493.8895,14318.293,12824.4035
lyon,0,10000000,1505.202,14329.868,12824.666000000001
lyon,0,10000000,1516.412,14341.107,12824.695
nantes,0,10000000,2261.823,15085.611,12823.788
lyon,0,10000000,1528.4156,14352.557,12824.1414
lyon,0,10000000,1539.551,14363.717,12824.166000000001
lyon,0,10000000,1550.0465,14374.74,12824.6935
lyon,0,10000000,1561.3633,14386.008,12824.6447
lyon,0,10000000,1572.9408,14397.609,12824.6682
lyon,0,10000000,1584.0831,14408.747,12824.6639
lyon,0,10000000,1595.6516,14420.291,12824.6394
lyon,0,10000000,1605.3583,14430.04,12824.681700000001
lyon,0,10000000,1617.2706,14441.968,12824.697400000001
lyon,0,10000000,1628.5315,14455.986,12827.4545
nancy,0,10000000,2347.3176,15170.756,12823.4384
nantes,0,10000000,2267.5876,15091.435,12823.847399999999
lyon,0,10000000,1639.9731,14464.639,12824.6659
lyon,0,10000000,2207.6277,15031.381,12823.7533
lyon,0,10000000,2213.591,15037.333,12823.742
lyon,0,10000000,2219.2593,15043.026,12823.7667
lyon,0,10000000,2226.3298,15049.507,12823.1772
lyon,0,10000000,2231.7295,15055.512,12823.782500000001
lyon,0,10000000,2236.9773,15060.704,12823.7267
lyon,0,10000000,2243.1038,15066.843,12823.7392
lyon,0,10000000,2249.9355,15073.742,12823.8065
lyon,0,10000000,2254.5703,15078.303,12823.7327
nancy,0,10000000,2351.408,15174.882,12823.474
lyon,0,10000000,2261.9346,15085.683,12823.7484
lyon,0,10000000,2267.3118,15090.531,12823.219200000001
lyon,0,10000000,2273.0745,15096.845,12823.770499999999
lyon,0,10000000,2278.5984,15102.353,12823.7546
lyon,0,10000000,2285.3784,15109.184,12823.8056
lyon,0,10000000,2290.5483,15114.338,12823.7897
nantes,0,10000000,2157.4634,14980.782,12823.318599999999
nantes,0,10000000,2163.244,14987.028,12823.784
nantes,0,10000000,2168.6357,14992.502,12823.866300000002
nantes,0,10000000,2175.025,14998.273,12823.248
nancy,0,10000000,2355.6348,15179.04,12823.405200000001
nantes,0,10000000,2181.458,15004.731,12823.273
nantes,0,10000000,2186.8738,15010.691,12823.817200000001
nantes,0,10000000,2192.7454,15016.534,12823.7886
nantes,0,10000000,2199.1484,15022.973,12823.8246
nantes,0,10000000,2204.8555,15028.681,12823.8255
nantes,0,10000000,2211.5112,15035.307,12823.7958
nantes,0,10000000,2216.5508,15040.387,12823.836200000002
nantes,0,10000000,2223.5625,15047.406,12823.8435
nantes,0,10000000,2229.311,15053.157,12823.846
nantes,0,10000000,2236.0789,15059.9,12823.8211
nancy,0,10000000,2359.5974,15183.045,12823.4476
nantes,0,10000000,2242.1255,15065.941,12823.8155
nantes,0,10000000,2135.7922,14959.381,12823.5888
nantes,0,10000000,2141.437,14964.974,12823.537
nantes,0,10000000,2148.1648,14971.705,12823.5402
nantes,0,10000000,2153.2966,14976.841,12823.5444
nantes,0,10000000,2159.688,14983.245,12823.557
nantes,0,10000000,2165.4895,14989.107,12823.6175
nantes,0,10000000,2172.2117,14995.275,12823.0633
nantes,0,10000000,2177.2178,15000.789,12823.5712
nantes,0,10000000,2184.6548,15007.851,12823.1962
nancy,0,10000000,2363.7349,15187.181,12823.446100000001
nantes,0,10000000,2189.7935,15012.985,12823.1915
nantes,0,10000000,2196.225,15019.79,12823.565
nantes,0,10000000,2201.778,15025.354,12823.576
nantes,0,10000000,2209.0583,15032.664,12823.6057
nantes,0,10000000,2214.6555,15039.612,12824.9565
nantes,0,10000000,2221.319,15044.939,12823.62
rennes,0,10000000,2141.3423,14964.722,12823.3797
rennes,0,10000000,2145.3584,14968.991,12823.6326
rennes,0,10000000,2150.349,14974.004,12823.655
rennes,0,10000000,2155.2612,14978.9,12823.6388
nancy,0,10000000,2367.5664,15191.054,12823.4876
rennes,0,10000000,2160.025,14983.727,12823.702000000001
rennes,0,10000000,2165.0093,14988.669,12823.6597
rennes,0,10000000,2169.974,14993.594,12823.619999999999
rennes,0,10000000,2174.6013,14998.269,12823.6677
rennes,0,10000000,2179.3909,15003.035,12823.6441
rennes,0,10000000,2184.4988,15012.279,12827.780200000001
rennes,0,10000000,2190.167,15013.441,12823.274000000001
rennes,0,10000000,2194.28,15017.985,12823.705
rennes,0,10000000,2200.1335,15023.37,12823.2365
rennes,0,10000000,2204.835,15028.503,12823.668000000001
nancy,0,10000000,2371.8184,15195.252,12823.4336
rennes,0,10000000,2210.0679,15033.697,12823.6291
nantes,0,10000000,2111.4548,14935.238,12823.7832
nantes,0,10000000,2117.603,14940.881,12823.277999999998
nantes,0,10000000,2122.474,14946.312,12823.838
nantes,0,10000000,2128.69,14952.398,12823.707999999999
nantes,0,10000000,2134.281,14958.054,12823.773000000001
nantes,0,10000000,2140.406,14964.117,12823.711
nantes,0,10000000,2146.1826,14969.997,12823.8144
nantes,0,10000000,2152.5686,14976.297,12823.7284
nantes,0,10000000,2157.8708,14981.658,12823.787199999999
nancy,1,10000000,2289.2358,16774.162,14484.9262
nancy,1,10000000,2325.611,16810.361,14484.75
nantes,1,10000000,2070.879,16555.443,14484.563999999998
nantes,1,10000000,2076.059,16560.914,14484.855
nantes,1,10000000,2082.9734,16567.855,14484.8816
nantes,1,10000000,2088.242,16573.088,14484.846
nantes,1,10000000,2095.2856,16580.123,14484.8374
nantes,1,10000000,2100.9397,16585.768,14484.828300000001
rennes,1,10000000,2027.0361,16512.178,14485.1419
rennes,1,10000000,2031.9839,16517.127,14485.143100000001
rennes,1,10000000,2037.1158,16522.252,14485.1362
rennes,1,10000000,2041.8918,16527.04,14485.148200000001
nancy,1,10000000,2329.5757,16814.494,14484.9183
rennes,1,10000000,2046.879,16532.016,14485.136999999999
rennes,1,10000000,2051.7285,16536.875,14485.146499999999
rennes,1,10000000,2057.0203,16541.664,14484.6437
rennes,1,10000000,2061.604,16546.78,14485.176
rennes,1,10000000,2066.4097,16551.564,14485.154299999998
rennes,1,10000000,2071.2432,16556.389,14485.145799999998
rennes,1,10000000,2076.3047,16561.414,14485.1093
rennes,1,10000000,2081.3484,16566.457,14485.1086
rennes,1,10000000,2086.1782,16571.281,14485.102799999999
rennes,1,10000000,2091.882,16576.52,14484.638
nancy,1,10000000,2333.3464,16818.322,14484.9756
rennes,1,10000000,2096.2517,16581.455,14485.203300000001
lyon,1,10000000,1554.8773,16040.581,14485.7037
lyon,1,10000000,1565.8395,16051.592,14485.7525
lyon,1,10000000,1578.3682,16064.163,14485.7948
lyon,1,10000000,1587.8041,16073.559,14485.7549
lyon,1,10000000,1599.1888,16084.943,14485.7542
lyon,1,10000000,1611.4341,16097.162,14485.7279
lyon,1,10000000,1622.5143,16108.204,14485.689699999999
lyon,1,10000000,1634.0868,16119.833,14485.746200000001
lyon,1,10000000,1645.7207,16131.489,14485.7683
nancy,1,10000000,2337.2732,16822.254,14484.980800000001
lyon,1,10000000,1656.401,16142.186,14485.785
lyon,1,10000000,1668.1493,16153.841,14485.6917
lyon,1,10000000,1679.0947,16164.809,14485.7143
lyon,1,10000000,1690.2206,16175.955,14485.7344
lyon,1,10000000,1702.0784,16187.296,14485.2176
lyon,1,10000000,1713.655,16199.403,14485.748
lyon,1,10000000,1998.6886,16484.006,14485.317400000002
lyon,1,10000000,2004.1194,16488.941,14484.8216
lyon,1,10000000,2009.8612,16495.262,14485.4008
lyon,1,10000000,2015.6525,16500.943,14485.2905
nancy,1,10000000,2341.2449,16826.2,14484.955100000001
lyon,1,10000000,2020.5153,16505.863,14485.347700000002
lyon,1,10000000,2027.3118,16512.607,14485.2952
lyon,1,10000000,2032.6765,16517.975,14485.298499999999
lyon,1,10000000,2038.9705,16524.283,14485.3125
lyon,1,10000000,2044.1627,16529.523,14485.3603
lyon,1,10000000,2050.7012,16536.035,14485.3338
lyon,1,10000000,2056.0432,16541.34,14485.2968
lyon,1,10000000,2062.4517,16547.75,14485.2983
lyon,1,10000000,2067.667,16552.986,14485.319000000001
lyon,1,10000000,2074.6365,16559.914,14485.2775
nancy,1,10000000,2345.1821,16830.146,14484.9639
lyon,1,10000000,2079.9612,16565.27,14485.3088
rennes,1,10000000,2022.0167,16507.074,14485.0573
rennes,1,10000000,2027.0936,16512.205,14485.111400000002
rennes,1,10000000,2031.8944,16516.98,14485.0856
rennes,1,10000000,2036.6934,16521.725,14485.031599999998
rennes,1,10000000,2041.7075,16526.83,14485.122500000001
rennes,1,10000000,2046.5934,16531.71,14485.1166
rennes,1,10000000,2051.5203,16536.58,14485.059700000002
rennes,1,10000000,2057.0916,16541.758,14484.666400000002
rennes,1,10000000,2061.4475,16546.59,14485.1425
nantes,1,10000000,2129.93,16614.652,14484.721999999998
rennes,1,10000000,2066.472,16551.555,14485.083
rennes,1,10000000,2070.8699,16555.982,14485.1121
rennes,1,10000000,2076.066,16561.129,14485.063000000002
rennes,1,10000000,2080.9285,16566.025,14485.096500000001
rennes,1,10000000,2086.084,16571.174,14485.09
rennes,1,10000000,2090.7822,16575.463,14484.6808
nancy,1,10000000,2077.0652,16561.775,14484.7098
nancy,1,10000000,2080.8381,16565.543,14484.7049
nancy,1,10000000,2084.975,16569.688,14484.712999999998
nancy,1,10000000,2088.8496,16573.668,14484.818400000002
nantes,1,10000000,2136.0747,16620.475,14484.400299999998
nancy,1,10000000,2092.8293,16577.564,14484.734699999999
nancy,1,10000000,2096.8247,16581.535,14484.710299999999
nancy,1,10000000,2100.7878,16585.514,14484.7262
nancy,1,10000000,2104.7036,16589.436,14484.7324
nancy,1,10000000,2108.8777,16593.68,14484.8023
nancy,1,10000000,2112.8938,16597.693,14484.7992
nancy,1,10000000,2116.9785,16601.69,14484.711499999998
nancy,1,10000000,2120.7122,16605.443,14484.7308
nancy,1,10000000,2124.5679,16609.316,14484.748099999999
nancy,1,10000000,2128.2517,16612.994,14484.742299999998
nantes,1,10000000,2140.953,16625.803,14484.85
nancy,1,10000000,2132.151,16616.848,14484.697000000002
nancy,1,10000000,2054.9026,16540.059,14485.156400000002
nancy,1,10000000,2058.7854,16543.992,14485.206599999998
nancy,1,10000000,2063.0862,16548.26,14485.173799999999
nancy,1,10000000,2067.2117,16552.39,14485.1783
nancy,1,10000000,2071.6526,16556.807,14485.154400000001
nancy,1,10000000,2075.535,16560.748,14485.213
nancy,1,10000000,2079.4102,16564.674,14485.263799999999
nancy,1,10000000,2083.5176,16568.71,14485.1924
nancy,1,10000000,2087.5867,16572.783,14485.1963
nantes,1,10000000,2147.7412,16632.54,14484.7988
nancy,1,10000000,2091.7354,16576.96,14485.2246
nancy,1,10000000,2095.8083,16580.975,14485.166699999998
nancy,1,10000000,2099.725,16584.926,14485.201
nancy,1,10000000,2103.813,16589.043,14485.230000000001
nancy,1,10000000,2108.013,16593.201,14485.188000000002
nancy,1,10000000,2111.9473,16597.13,14485.182700000001
nancy,1,10000000,2035.5933,16520.71,14485.116699999999
nancy,1,10000000,2039.4185,16524.51,14485.091499999999
nancy,1,10000000,2043.2765,16528.398,14485.121500000001
nancy,1,10000000,2046.947,16532.117,14485.169999999998
nancy,1,10000000,2293.0012,16777.955,14484.953800000001
nantes,1,10000000,2153.1184,16637.902,14484.783599999999
nancy,1,10000000,2051.0361,16536.15,14485.113900000002
nancy,1,10000000,2055.096,16540.19,14485.094
nancy,1,10000000,2059.0984,16544.186,14485.087600000003
nancy,1,10000000,2062.9966,16548.1,14485.103399999998
nancy,1,10000000,2067.0144,16552.176,14485.1616
nancy,1,10000000,2070.827,16555.947,14485.119999999999
nancy,1,10000000,2074.7285,16559.861,14485.1325
nancy,1,10000000,2078.776,16563.895,14485.119
nancy,1,10000000,2082.7031,16567.805,14485.1019
nancy,1,10000000,2086.3777,16571.53,14485.152299999998
nantes,1,10000000,2159.515,16644.395,14484.880000000001
nancy,1,10000000,2090.4434,16575.547,14485.103599999999
nantes,1,10000000,1896.2894,16381.195,14484.9056
nantes,1,10000000,1902.174,16387.018,14484.844000000001
nantes,1,10000000,1908.2233,16393.13,14484.906700000001
nantes,1,10000000,1914.0695,16398.92,14484.850499999999
nantes,1,10000000,1920.5114,16405.389,14484.8776
nantes,1,10000000,1926.7672,16411.209,14484.441799999999
nantes,1,10000000,1932.0588,16416.926,14484.867199999999
nantes,1,10000000,1939.081,16423.982,14484.901
nantes,1,10000000,1944.3424,16429.24,14484.897600000002
nantes,1,10000000,2165.0957,16649.895,14484.7993
nantes,1,10000000,1951.0303,16435.398,14484.3677
nantes,1,10000000,1955.9752,16440.855,14484.879799999999
nantes,1,10000000,1962.9359,16447.918,14484.982100000001
nantes,1,10000000,1968.2341,16453.098,14484.863900000002
nantes,1,10000000,1975.2014,16459.574,14484.3726
nantes,1,10000000,1980.6656,16465.545,14484.879399999998
rennes,1,10000000,1925.3392,16410.523,14485.1838
rennes,1,10000000,1930.0482,16415.246,14485.1978
rennes,1,10000000,1935.0093,16420.195,14485.1857
rennes,1,10000000,1940.8673,16425.596,14484.728700000001
nantes,1,10000000,2172.07,16656.523,14484.453000000001
rennes,1,10000000,1945.2596,16430.447,14485.1874
rennes,1,10000000,1950.6,16435.445,14484.845
rennes,1,10000000,1955.1742,16440.322,14485.1478
rennes,1,10000000,1960.2229,16445.379,14485.1561
rennes,1,10000000,1965.1699,16450.383,14485.2131
rennes,1,10000000,1970.1569,16455.322,14485.1651
rennes,1,10000000,1974.9113,16460.07,14485.1587
rennes,1,10000000,1979.8069,16464.994,14485.1871
rennes,1,10000000,1984.4713,16469.682,14485.210700000001
rennes,1,10000000,1989.2896,16474.47,14485.180400000001
nantes,1,10000000,2177.2048,16661.648,14484.443200000002
rennes,1,10000000,1994.4465,16479.22,14484.773500000001
lyon,1,10000000,1851.0629,16335.753,14484.6901
lyon,1,10000000,1855.319,16340.434,14485.115
lyon,1,10000000,1861.4066,16346.483,14485.0764
lyon,1,10000000,1866.882,16352.059,14485.177
lyon,1,10000000,1872.9736,16358.15,14485.1764
lyon,1,10000000,1878.6761,16363.363,14484.686899999999
lyon,1,10000000,1885.0239,16370.104,14485.0801
lyon,1,10000000,1890.3191,16375.286,14484.9669
lyon,1,10000000,1897.4681,16382.094,14484.6259
nantes,1,10000000,2184.2417,16668.984,14484.7423
lyon,1,10000000,1901.8977,16387.03,14485.1323
lyon,1,10000000,1907.7146,16392.826,14485.111400000002
lyon,1,10000000,1914.6609,16399.74,14485.0791
lyon,1,10000000,1919.4319,16404.5,14485.0681
lyon,1,10000000,1926.0557,16411.137,14485.081299999998
lyon,1,10000000,1931.7885,16416.916,14485.1275
rennes,1,10000000,1905.8262,16390.713,14484.8868
rennes,1,10000000,1910.2325,16395.186,14484.953500000001
rennes,1,10000000,1915.2267,16400.402,14485.175299999999
rennes,1,10000000,1920.4495,16405.29,14484.8405
nantes,1,10000000,2189.6963,16674.475,14484.778699999999
rennes,1,10000000,1925.1294,16410.322,14485.1926
rennes,1,10000000,1930.1138,16415.291,14485.177200000002
rennes,1,10000000,1935.2086,16420.434,14485.225400000001
rennes,1,10000000,1940.4492,16425.668,14485.218800000002
rennes,1,10000000,1945.1177,16430.277,14485.159299999998
rennes,1,10000000,1950.0895,16435.248,14485.1585
rennes,1,10000000,1954.932,16440.102,14485.169999999998
rennes,1,10000000,1959.5497,16446.873,14487.3233
rennes,1,10000000,1964.4917,16449.688,14485.196299999998
rennes,1,10000000,1969.3618,16454.537,14485.1752
nantes,1,10000000,2196.6292,16681.416,14484.786800000002
rennes,1,10000000,1974.5266,16459.686,14485.159400000002
nancy,1,10000000,1964.3351,16449.27,14484.9349
nancy,1,10000000,1968.0386,16452.977,14484.9384
nancy,1,10000000,1972.1857,16457.156,14484.970299999999
nancy,1,10000000,1976.3672,16461.305,14484.9378
nancy,1,10000000,1980.2072,16465.137,14484.929799999998
nancy,1,10000000,1984.454,16469.393,14484.939
nancy,1,10000000,1988.2905,16473.229,14484.9385
nancy,1,10000000,1992.2128,16477.197,14484.9842
nancy,1,10000000,1996.2538,16481.197,14484.9432
nantes,1,10000000,2201.6846,16686.52,14484.8354
nancy,1,10000000,2000.1903,16485.137,14484.946699999999
nancy,1,10000000,2004.271,16489.232,14484.961
nancy,1,10000000,2008.1367,16493.066,14484.9293
nancy,1,10000000,2012.2776,16497.213,14484.9354
nancy,1,10000000,2016.4368,16501.352,14484.9152
nancy,1,10000000,2020.4761,16505.453,14484.976900000001
lyon,1,10000000,1388.1891,15873.823,14485.6339
lyon,1,10000000,1399.3298,15885.0,14485.6702
lyon,1,10000000,1411.7083,15896.626,14484.9177
lyon,1,10000000,1422.7672,15907.696,14484.9288
nantes,1,10000000,2208.5527,16693.32,14484.7673
lyon,1,10000000,1433.1594,15918.774,14485.614599999999
lyon,1,10000000,1444.819,15930.402,14485.583
lyon,1,10000000,1456.879,15941.84,14484.961
lyon,1,10000000,1467.2258,15952.886,14485.6602
lyon,1,10000000,1479.1221,15964.229,14485.106899999999
lyon,1,10000000,1489.9323,15975.56,14485.6277
lyon,1,10000000,1500.914,15986.593,14485.679
lyon,1,10000000,1511.8896,15997.581,14485.6914
lyon,1,10000000,1523.209,16008.841,14485.632
lyon,1,10000000,1534.64,16020.239,14485.599
nancy,1,10000000,2297.092,16782.043,14484.951000000001
nantes,1,10000000,2214.5024,16699.318,14484.8156
lyon,1,10000000,1546.1025,16031.778,14485.675500000001
lyon,1,10000000,2097.2668,16581.855,14484.5882
lyon,1,10000000,2102.4749,16587.533,14485.058099999998
lyon,1,10000000,2109.0947,16594.127,14485.0323
lyon,1,10000000,2115.3948,16600.428,14485.0332
lyon,1,10000000,2120.811,16605.898,14485.087000000001
lyon,1,10000000,2127.2053,16612.246,14485.0407
lyon,1,10000000,2132.1653,16617.299,14485.133699999998
lyon,1,10000000,2138.674,16623.273,14484.599000000002
lyon,1,10000000,2143.3787,16628.44,14485.061299999998
nancy,1,10000000,2301.2026,16786.16,14484.9574
lyon,1,10000000,2150.7722,16635.307,14484.534800000001
lyon,1,10000000,2155.289,16640.367,14485.077999999998
lyon,1,10000000,2161.7188,16646.78,14485.061199999998
lyon,1,10000000,2167.0144,16652.076,14485.0616
lyon,1,10000000,2173.8284,16658.947,14485.1186
lyon,1,10000000,2178.882,16663.94,14485.057999999999
nantes,1,10000000,2070.1436,16555.564,14485.420399999999
nantes,1,10000000,2075.77,16561.053,14485.283
nantes,1,10000000,2081.8062,16567.145,14485.338800000001
nantes,1,10000000,2087.7395,16573.041,14485.301500000001
nancy,1,10000000,2305.3228,16790.285,14484.9622
nantes,1,10000000,2094.212,16579.512,14485.3
nantes,1,10000000,2099.5278,16584.758,14485.230200000002
nantes,1,10000000,2106.3005,16591.13,14484.829500000002
nantes,1,10000000,2112.4263,16597.79,14485.363700000002
nantes,1,10000000,2118.1077,16603.44,14485.332299999998
nantes,1,10000000,2125.2788,16610.627,14485.3482
nantes,1,10000000,2131.2554,16616.025,14484.769600000001
nantes,1,10000000,2137.4126,16622.764,14485.3514
nantes,1,10000000,2143.036,16628.338,14485.302
nantes,1,10000000,2150.0247,16635.28,14485.255299999999
nancy,1,10000000,2309.4482,16794.412,14484.963800000001
nantes,1,10000000,2155.5696,16640.893,14485.323400000001
nantes,1,10000000,2045.9597,16531.006,14485.046300000002
nantes,1,10000000,2051.8848,16536.941,14485.056199999999
nantes,1,10000000,2056.9783,16542.316,14485.337699999998
nantes,1,10000000,2063.6396,16549.018,14485.3784
nantes,1,10000000,2069.1956,16554.217,14485.021400000001
nantes,1,10000000,2075.5989,16560.969,14485.3701
nantes,1,10000000,2080.986,16566.336,14485.349999999999
nantes,1,10000000,2087.4324,16572.771,14485.338600000001
nantes,1,10000000,2093.0076,16578.363,14485.3554
nancy,1,10000000,2313.5642,16798.518,14484.9538
nantes,1,10000000,2099.7927,16585.137,14485.344299999999
nantes,1,10000000,2105.8625,16590.852,14484.9895
nantes,1,10000000,2112.206,16597.639,14485.432999999999
nantes,1,10000000,2118.1372,16603.469,14485.3318
nantes,1,10000000,2125.1726,16610.521,14485.3484
nantes,1,10000000,2131.1807,16616.178,14484.997299999999
rennes,1,10000000,2103.571,16588.855,14485.284
rennes,1,10000000,2109.2124,16594.457,14485.244599999998
rennes,1,10000000,2114.7893,16599.861,14485.0717
rennes,1,10000000,2119.2751,16604.58,14485.304900000003
nancy,1,10000000,2317.8064,16802.758,14484.951600000002
rennes,1,10000000,2124.538,16609.766,14485.228
rennes,1,10000000,2129.5532,16614.867,14485.313799999998
rennes,1,10000000,2134.7412,16619.502,14484.7608
rennes,1,10000000,2138.8506,16624.098,14485.247400000002
rennes,1,10000000,2144.1257,16631.742,14487.616299999998
rennes,1,10000000,2148.9016,16634.127,14485.2254
rennes,1,10000000,2154.0574,16639.322,14485.2646
rennes,1,10000000,2158.6663,16643.861,14485.1947
rennes,1,10000000,2163.934,16649.176,14485.241999999998
rennes,1,10000000,2168.494,16653.766,14485.271999999999
nancy,1,10000000,2321.6484,16806.604,14484.9556
rennes,1,10000000,2174.0437,16658.871,14484.827299999999
nantes,1,10000000,2018.1555,16502.56,14484.4045
nantes,1,10000000,2023.2719,16507.795,14484.523099999999
nantes,1,10000000,2029.7019,16514.184,14484.482100000001
nantes,1,10000000,2035.52,16520.297,14484.776999999998
nantes,1,10000000,2040.734,16525.592,14484.858
nantes,1,10000000,2046.891,16531.69,14484.798999999999
nantes,1,10000000,2052.809,16537.686,14484.877
nantes,1,10000000,2058.8538,16543.674,14484.820199999998
nantes,1,10000000,2063.945,16548.81,14484.865000000002
nancy,2,10000000,2231.5654,16112.549,13880.983600000001
nancy,2,10000000,2267.984,16148.945,13880.961
nantes,2,10000000,2036.3898,15919.5,13883.1102
nantes,2,10000000,2041.6672,15924.753,13883.0858
nantes,2,10000000,2048.236,15931.332,13883.096000000001
nantes,2,10000000,2054.1777,15937.221,13883.0433
nantes,2,10000000,2060.923,15943.992,13883.069
nantes,2,10000000,2066.5625,15949.584,13883.0215
rennes,2,10000000,1984.2031,15866.565,13882.3619
rennes,2,10000000,1989.3586,15871.31,13881.9514
rennes,2,10000000,1994.1484,15876.553,13882.4046
rennes,2,10000000,1999.1102,15881.496,13882.3858
nancy,2,10000000,2272.1362,16153.076,13880.9398
rennes,2,10000000,2003.8307,15886.223,13882.3923
rennes,2,10000000,2008.7866,15891.156,13882.369400000001
rennes,2,10000000,2014.1659,15896.164,13881.9981
rennes,2,10000000,2018.9042,15901.269,13882.3648
rennes,2,10000000,2023.3712,15905.714,13882.3428
rennes,2,10000000,2028.4689,15910.817,13882.3481
rennes,2,10000000,2033.4985,15915.861,13882.362500000001
rennes,2,10000000,2038.1224,15920.482,13882.3596
rennes,2,10000000,2042.6461,15924.979,13882.3329
rennes,2,10000000,2048.0515,15930.4,13882.3485
nancy,2,10000000,2276.1167,16157.085,13880.968299999999
rennes,2,10000000,2052.6467,15934.98,13882.3333
lyon,2,10000000,1519.6104,15403.959,13884.348600000001
lyon,2,10000000,1531.2113,15416.254,13885.042700000002
lyon,2,10000000,1541.2328,15426.273,13885.0402
lyon,2,10000000,1551.8185,15436.862,13885.0435
lyon,2,10000000,1564.3474,15449.344,13884.996599999999
lyon,2,10000000,1576.7402,15461.137,13884.3968
lyon,2,10000000,1587.3141,15472.321,13885.0069
lyon,2,10000000,1598.6776,15484.091,13885.413400000001
lyon,2,10000000,1609.7893,15494.8125,13885.0232
nancy,2,10000000,2280.1846,16161.152,13880.9674
lyon,2,10000000,1621.4192,15505.785,13884.3658
lyon,2,10000000,1631.8262,15516.874,13885.0478
lyon,2,10000000,1643.1031,15528.15,13885.0469
lyon,2,10000000,1654.3214,15539.401,13885.0796
lyon,2,10000000,1666.2102,15551.174,13884.963800000001
lyon,2,10000000,1678.1261,15563.131,13885.0049
lyon,2,10000000,1916.3126,15798.412,13882.099400000001
lyon,2,10000000,1921.886,15804.314,13882.428
lyon,2,10000000,1928.2437,15810.71,13882.4663
lyon,2,10000000,1933.6445,15816.07,13882.4255
nancy,2,10000000,2284.0078,16165.013,13881.005200000001
lyon,2,10000000,1939.9574,15822.367,13882.4096
lyon,2,10000000,1945.2031,15827.597,13882.3939
lyon,2,10000000,1951.5446,15833.97,13882.4254
lyon,2,10000000,1956.6978,15839.098,13882.4002
lyon,2,10000000,1963.232,15845.642,13882.41
lyon,2,10000000,1968.648,15851.101,13882.453000000001
lyon,2,10000000,1974.6978,15857.117,13882.4192
lyon,2,10000000,1981.2437,15863.66,13882.4163
lyon,2,10000000,1986.3138,15868.714,13882.4002
lyon,2,10000000,1993.0532,15875.444,13882.3908
nancy,2,10000000,2288.4197,16169.273,13880.853299999999
lyon,2,10000000,1999.0433,15881.065,13882.021700000001
rennes,2,10000000,1957.5391,15839.607,13882.0679
rennes,2,10000000,1961.8433,15844.246,13882.402699999999
rennes,2,10000000,1966.9282,15849.349,13882.4208
rennes,2,10000000,1971.6704,15854.064,13882.3936
rennes,2,10000000,1976.9595,15859.374,13882.414499999999
rennes,2,10000000,1982.5217,15864.535,13882.0133
rennes,2,10000000,1987.0385,15869.415,13882.3765
rennes,2,10000000,1991.7219,15874.108,13882.3861
rennes,2,10000000,1996.5928,15879.001,13882.4082
nantes,2,10000000,2109.2463,15991.865,13882.618699999999
rennes,2,10000000,2001.1509,15883.571,13882.4201
rennes,2,10000000,2006.0907,15888.506,13882.415299999999
rennes,2,10000000,2011.4543,15893.448,13881.9937
rennes,2,10000000,2016.4828,15898.543,13882.0602
rennes,2,10000000,2021.2014,15903.582,13882.3806
rennes,2,10000000,2025.7871,15908.188,13882.4009
nancy,2,10000000,2000.912,15882.901,13881.989
nancy,2,10000000,2004.6935,15886.672,13881.978500000001
nancy,2,10000000,2008.8976,15890.871,13881.973399999999
nancy,2,10000000,2013.0563,15895.061,13882.0047
nantes,2,10000000,2113.9226,15996.951,13883.0284
nancy,2,10000000,2017.0369,15899.058,13882.021100000002
nancy,2,10000000,2021.0502,15903.031,13881.980800000001
nancy,2,10000000,2025.0444,15907.025,13881.980599999999
nancy,2,10000000,2028.9967,15911.001,13882.0043
nancy,2,10000000,2033.0243,15915.001,13881.9767
nancy,2,10000000,2036.8035,15918.846,13882.0425
nancy,2,10000000,2040.6108,15922.619,13882.0082
nancy,2,10000000,2044.5466,15926.554,13882.0074
nancy,2,10000000,2048.54,15930.613,13882.073
nancy,2,10000000,2052.6555,15934.673,13882.017500000002
nantes,2,10000000,2120.1401,16002.72,13882.579899999999
nancy,2,10000000,2056.6577,15938.66,13882.0023
nancy,2,10000000,1992.644,15873.119,13880.475
nancy,2,10000000,1996.4996,15876.976,13880.4764
nancy,2,10000000,2000.3992,15880.902,13880.5028
nancy,2,10000000,2004.5297,15885.04,13880.510300000002
nancy,2,10000000,2008.5709,15889.05,13880.479099999999
nancy,2,10000000,2012.6631,15893.163,13880.4999
nancy,2,10000000,2016.6736,15897.214,13880.5404
nancy,2,10000000,2020.84,15901.304,13880.464
nancy,2,10000000,2024.8318,15905.391,13880.5592
nantes,2,10000000,2125.1687,16008.213,13883.0443
nancy,2,10000000,2028.6858,15909.195,13880.5092
nancy,2,10000000,2032.6023,15913.158,13880.555699999999
nancy,2,10000000,2036.6187,15917.092,13880.473300000001
nancy,2,10000000,2040.4012,15920.912,13880.5108
nancy,2,10000000,2044.2122,15924.722,13880.5098
nancy,2,10000000,2048.188,15928.66,13880.472
nancy,2,10000000,1998.8008,15879.769,13880.9682
nancy,2,10000000,2002.7571,15883.697,13880.9399
nancy,2,10000000,2006.6548,15887.62,13880.9652
nancy,2,10000000,2010.7124,15891.66,13880.9476
nancy,2,10000000,2235.6719,16116.523,13880.8511
nantes,2,10000000,2132.1155,16015.133,13883.0175
nancy,2,10000000,2014.7498,15895.714,13880.9642
nancy,2,10000000,2018.532,15899.538,13881.006000000001
nancy,2,10000000,2022.629,15903.582,13880.953000000001
nancy,2,10000000,2026.7249,15907.672,13880.947100000001
nancy,2,10000000,2030.6914,15911.659,13880.9676
nancy,2,10000000,2034.5759,15915.539,13880.9631
nancy,2,10000000,2038.6028,15919.556,13880.9532
nancy,2,10000000,2042.3954,15923.36,13880.964600000001
nancy,2,10000000,2046.4955,15927.458,13880.962500000001
nancy,2,10000000,2050.2927,15931.281,13880.9883
nantes,2,10000000,2137.3433,16020.363,13883.019699999999
nancy,2,10000000,2054.464,15935.425,13880.961
nantes,2,10000000,1842.1691,15723.276,13881.106899999999
nantes,2,10000000,1847.9028,15728.908,13881.0052
nantes,2,10000000,1854.161,15735.2,13881.039
nantes,2,10000000,1859.6261,15740.659,13881.0329
nantes,2,10000000,1866.3673,15747.311,13880.9437
nantes,2,10000000,1871.2511,15752.415,13881.163900000001
nantes,2,10000000,1877.3558,15758.36,13881.004200000001
nantes,2,10000000,1883.8293,15765.2295,13881.4002
nantes,2,10000000,1889.3633,15770.405,13881.041700000002
nantes,2,10000000,2144.5742,16027.556,13882.981800000001
nantes,2,10000000,1896.1613,15777.192,13881.0307
nantes,2,10000000,1901.1334,15782.36,13881.2266
nantes,2,10000000,1908.1447,15789.165,13881.0203
nantes,2,10000000,1913.9846,15795.458,13881.4734
nantes,2,10000000,1920.1095,15801.104,13880.994499999999
nantes,2,10000000,1926.2333,15808.556,13882.3227
rennes,2,10000000,1878.2881,15761.007,13882.7189
rennes,2,10000000,1883.2788,15765.944,13882.6652
rennes,2,10000000,1888.3577,15770.646,13882.2883
rennes,2,10000000,1893.1777,15775.446,13882.2683
nantes,2,10000000,2150.848,16034.662,13883.814
rennes,2,10000000,1897.4812,15780.156,13882.6748
rennes,2,10000000,1902.4327,15785.091,13882.658300000001
rennes,2,10000000,1907.3778,15790.021,13882.6432
rennes,2,10000000,1912.6024,15795.173,13882.570600000001
rennes,2,10000000,1917.2673,15799.993,13882.7257
rennes,2,10000000,1922.703,15805.306,13882.603000000001
rennes,2,10000000,1927.3949,15810.119,13882.724100000001
rennes,2,10000000,1932.6367,15814.943,13882.3063
rennes,2,10000000,1937.097,15819.849,13882.752
rennes,2,10000000,1942.0602,15824.751,13882.6908
nantes,2,10000000,2156.7185,16039.293,13882.574499999999
rennes,2,10000000,1947.3589,15830.028,13882.669100000001
lyon,2,10000000,1808.1858,15691.183,13882.997200000002
lyon,2,10000000,1813.5146,15696.508,13882.9934
lyon,2,10000000,1819.0696,15702.06,13882.990399999999
lyon,2,10000000,1824.9889,15708.064,13883.0751
lyon,2,10000000,1830.3558,15713.411,13883.0552
lyon,2,10000000,1837.1389,15719.757,13882.6181
lyon,2,10000000,1842.6625,15725.246,13882.583499999999
lyon,2,10000000,1848.1829,15731.175,13882.9921
lyon,2,10000000,1853.8478,15736.841,13882.9932
nantes,2,10000000,2161.6536,16044.624,13882.9704
lyon,2,10000000,1860.4305,15743.101,13882.6705
lyon,2,10000000,1865.4404,15748.4375,13882.9971
lyon,2,10000000,1871.9911,15754.997,13883.0059
lyon,2,10000000,1877.3506,15760.334,13882.983400000001
lyon,2,10000000,1883.8427,15766.831,13882.9883
lyon,2,10000000,1889.6184,15772.584,13882.965600000001
rennes,2,10000000,1841.2714,15723.182,13881.910600000001
rennes,2,10000000,1845.7792,15727.757,13881.9778
rennes,2,10000000,1850.7169,15732.651,13881.9341
rennes,2,10000000,1856.3739,15737.842,13881.4681
nantes,2,10000000,2168.5203,16051.565,13883.0447
rennes,2,10000000,1860.7808,15742.728,13881.947199999999
rennes,2,10000000,1865.8672,15747.75,13881.8828
rennes,2,10000000,1871.0612,15752.99,13881.9288
rennes,2,10000000,1875.7274,15757.684,13881.9566
rennes,2,10000000,1880.4811,15762.444,13881.962899999999
rennes,2,10000000,1885.6635,15767.602,13881.9385
rennes,2,10000000,1890.623,15772.129,13881.506000000001
rennes,2,10000000,1895.1774,15777.14,13881.962599999999
rennes,2,10000000,1899.8228,15781.782,13881.9592
rennes,2,10000000,1904.7356,15786.728,13881.9924
nantes,2,10000000,2174.8813,16057.848,13882.9667
rennes,2,10000000,1909.9668,15791.894,13881.9272
nancy,2,10000000,1919.2338,15799.838,13880.6042
nancy,2,10000000,1923.1118,15803.759,13880.6472
nancy,2,10000000,1927.0347,15807.712,13880.6773
nancy,2,10000000,1931.1776,15811.818,13880.6404
nancy,2,10000000,1935.1306,15815.777,13880.6464
nancy,2,10000000,1939.2347,15819.884,13880.649300000001
nancy,2,10000000,1943.1998,15823.835,13880.635199999999
nancy,2,10000000,1947.1086,15827.748,13880.6394
nancy,2,10000000,1951.2511,15831.845,13880.5939
nantes,2,10000000,2180.2422,16063.244,13883.0018
nancy,2,10000000,1955.0616,15835.704,13880.6424
nancy,2,10000000,1959.0034,15839.678,13880.6746
nancy,2,10000000,1963.0604,15843.748,13880.6876
nancy,2,10000000,1967.1687,15847.805,13880.6363
nancy,2,10000000,1971.1721,15851.787,13880.6149
nancy,2,10000000,1974.9749,15855.591,13880.616100000001
lyon,2,10000000,1333.6783,15218.822,13885.1437
lyon,2,10000000,1344.8098,15229.973,13885.163199999999
lyon,2,10000000,1356.7571,15241.393,13884.6359
lyon,2,10000000,1368.2009,15253.416,13885.2151
nantes,2,10000000,2187.2378,16070.148,13882.910199999998
lyon,2,10000000,1378.928,15264.098,13885.17
lyon,2,10000000,1389.8815,15275.051,13885.1695
lyon,2,10000000,1401.6774,15286.733,13885.0556
lyon,2,10000000,1412.335,15297.505,13885.169999999998
lyon,2,10000000,1423.6638,15308.857,13885.1932
lyon,2,10000000,1434.8534,15320.026,13885.1726
lyon,2,10000000,1446.4536,15331.74,13885.286399999999
lyon,2,10000000,1458.2695,15342.909,13884.6395
lyon,2,10000000,1468.8574,15354.026,13885.168599999999
lyon,2,10000000,1480.9536,15366.155,13885.2014
nancy,2,10000000,2239.551,16120.516,13880.965
nantes,2,10000000,2192.9153,16075.978,13883.062699999999
lyon,2,10000000,1491.558,15376.733,13885.175
lyon,2,10000000,2093.3174,15975.828,13882.5106
lyon,2,10000000,2097.9666,15981.031,13883.064400000001
lyon,2,10000000,2105.206,15987.739,13882.533
lyon,2,10000000,2109.974,15992.943,13882.969
lyon,2,10000000,2116.399,15999.423,13883.024000000001
lyon,2,10000000,2121.92,16004.929,13883.009
lyon,2,10000000,2128.7615,16011.356,13882.5945
lyon,2,10000000,2135.2046,16018.192,13882.987399999998
lyon,2,10000000,2140.419,16023.399,13882.98
nancy,2,10000000,2243.7954,16124.518,13880.722600000001
lyon,2,10000000,2147.343,16030.3,13882.956999999999
lyon,2,10000000,2152.2776,16035.296,13883.0184
lyon,2,10000000,2159.013,16042.004,13882.991000000002
lyon,2,10000000,2164.217,16047.245,13883.028
lyon,2,10000000,2170.8276,16053.901,13883.0734
lyon,2,10000000,2176.172,16059.202,13883.029999999999
nantes,2,10000000,2052.9714,15935.139,13882.167599999999
nantes,2,10000000,2059.7725,15943.239,13883.466499999999
nantes,2,10000000,2065.6157,15947.258,13881.6423
nantes,2,10000000,2070.9954,15953.1045,13882.1091
nancy,2,10000000,2247.8955,16128.746,13880.850499999999
nantes,2,10000000,2077.5854,15959.663,13882.0776
nantes,2,10000000,2082.7874,15964.883,13882.0956
nantes,2,10000000,2089.7327,15971.819,13882.086299999999
nantes,2,10000000,2094.9424,15977.146,13882.2036
nantes,2,10000000,2100.6694,15982.803,13882.1336
nantes,2,10000000,2107.1,15989.196,13882.096
nantes,2,10000000,2112.3975,15994.512,13882.1145
nantes,2,10000000,2119.039,16001.965,13882.926
nantes,2,10000000,2124.6555,16006.824,13882.1685
nantes,2,10000000,2131.79,16013.896,13882.106
nancy,2,10000000,2251.8245,16132.78,13880.9555
nantes,2,10000000,2137.1255,16019.245,13882.1195
nantes,2,10000000,2038.5322,15921.0,13882.4678
nantes,2,10000000,2044.0094,15926.455,13882.4456
nantes,2,10000000,2050.0286,15932.878,13882.849400000001
nantes,2,10000000,2056.1152,15938.956,13882.8408
nantes,2,10000000,2061.8467,15944.688,13882.8413
nantes,2,10000000,2068.5374,15951.387,13882.849600000001
nantes,2,10000000,2074.222,15957.0625,13882.8405
nantes,2,10000000,2081.0303,15963.858,13882.8277
nantes,2,10000000,2086.7468,15969.6045,13882.8577
nancy,2,10000000,2255.8257,16136.783,13880.9573
nantes,2,10000000,2093.2268,15976.079,13882.8522
nantes,2,10000000,2099.0115,15981.826,13882.814499999999
nantes,2,10000000,2105.27,15988.106,13882.836
nantes,2,10000000,2110.9292,15993.768,13882.8388
nantes,2,10000000,2117.4297,16000.276,13882.8463
nantes,2,10000000,2123.4219,16006.239,13882.8171
rennes,2,10000000,2061.2363,15943.148,13881.911699999999
rennes,2,10000000,2065.4788,15947.776,13882.2972
rennes,2,10000000,2070.89,15953.824,13882.934000000001
rennes,2,10000000,2075.4365,15957.8,13882.3635
nancy,2,10000000,2259.8752,16140.815,13880.9398
rennes,2,10000000,2080.4858,15962.794,13882.3082
rennes,2,10000000,2085.1274,15967.469,13882.3416
rennes,2,10000000,2091.0264,15973.07,13882.043599999999
rennes,2,10000000,2095.2046,15977.613,13882.4084
rennes,2,10000000,2100.5583,15982.86,13882.3017
rennes,2,10000000,2105.5183,15987.795,13882.2767
rennes,2,10000000,2110.5142,15992.842,13882.327800000001
rennes,2,10000000,2115.2556,15997.593,13882.3374
rennes,2,10000000,2120.2056,16002.56,13882.3544
rennes,2,10000000,2125.2717,16007.635,13882.3633
nancy,2,10000000,2264.0066,16144.951,13880.944399999998
rennes,2,10000000,2130.0925,16012.447,13882.3545
nantes,2,10000000,1982.8148,15865.879,13883.0642
nantes,2,10000000,1988.2615,15871.281,13883.0195
nantes,2,10000000,1994.4318,15877.482,13883.0502
nantes,2,10000000,1999.7874,15882.839,13883.0516
nantes,2,10000000,2005.5957,15889.78,13884.1843
nantes,2,10000000,2012.6858,15895.347,13882.6612
nantes,2,10000000,2018.0426,15901.12,13883.0774
nantes,2,10000000,2024.4358,15908.27,13883.834200000001
nantes,2,10000000,2029.8445,15912.897,13883.052500000002
nancy,3,10000000,2282.4878,13701.501,11419.013200000001
nancy,3,10000000,2319.7036,13738.764,11419.060399999998
nantes,3,10000000,2111.9766,13531.089,11419.1124
nantes,3,10000000,2117.6895,13536.704,11419.0145
nantes,3,10000000,2124.3823,13543.439,11419.056700000001
nantes,3,10000000,2129.9282,13548.98,11419.0518
nantes,3,10000000,2136.2136,13555.246,11419.0324
nantes,3,10000000,2142.4355,13561.512,11419.076500000001
rennes,3,10000000,2077.7534,13498.028,11420.2746
rennes,3,10000000,2082.3198,13502.874,11420.554199999999
rennes,3,10000000,2087.3843,13507.845,11420.4607
rennes,3,10000000,2092.07,13512.637,11420.567000000001
nancy,3,10000000,2323.5415,13742.595,11419.0535
rennes,3,10000000,2097.1794,13517.746,11420.566599999998
rennes,3,10000000,2102.1218,13522.366,11420.244200000001
rennes,3,10000000,2106.764,13527.311,11420.546999999999
rennes,3,10000000,2111.5942,13532.176,11420.5818
rennes,3,10000000,2116.6326,13536.846,11420.2134
rennes,3,10000000,2121.5337,13542.053,11420.5193
rennes,3,10000000,2126.4146,13546.985,11420.5704
rennes,3,10000000,2131.356,13551.952,11420.596
rennes,3,10000000,2136.1008,13556.634,11420.5332
rennes,3,10000000,2141.1116,13561.657,11420.545399999999
nancy,3,10000000,2327.9636,13747.011,11419.0474
rennes,3,10000000,2145.552,13566.096,11420.544
lyon,3,10000000,1595.499,13018.694,11423.195
lyon,3,10000000,1606.4515,13029.701,11423.2495
lyon,3,10000000,1617.2438,13040.487,11423.243199999999
lyon,3,10000000,1629.5657,13052.2295,11422.663799999998
lyon,3,10000000,1641.1418,13064.361,11423.219200000001
lyon,3,10000000,1652.1589,13075.367,11423.2081
lyon,3,10000000,1663.2418,13086.52,11423.2782
lyon,3,10000000,1674.7836,13097.988,11423.204399999999
lyon,3,10000000,1685.9385,13109.137,11423.1985
nancy,3,10000000,2331.981,13750.998,11419.017
lyon,3,10000000,1696.7559,13119.996,11423.240099999999
lyon,3,10000000,1708.7893,13131.991,11423.2017
lyon,3,10000000,1720.0886,13143.27,11423.181400000001
lyon,3,10000000,1730.9282,13154.199,11423.2708
lyon,3,10000000,1742.9421,13165.635,11422.6929
lyon,3,10000000,1753.7411,13176.961,11423.2199
lyon,3,10000000,1999.5966,13419.754,11420.1574
lyon,3,10000000,2005.105,13425.231,11420.126
lyon,3,10000000,2010.6489,13430.768,11420.1191
lyon,3,10000000,2017.4703,13437.195,11419.724699999999
nancy,3,10000000,2336.2166,13755.186,11418.9694
lyon,3,10000000,2022.2032,13442.334,11420.1308
lyon,3,10000000,2028.5654,13448.721,11420.1556
lyon,3,10000000,2033.8204,13453.943,11420.122599999999
lyon,3,10000000,2041.178,13460.853,11419.675
lyon,3,10000000,2045.7301,13465.864,11420.133899999999
lyon,3,10000000,2052.9324,13473.07,11420.1376
lyon,3,10000000,2057.6885,13477.845,11420.1565
lyon,3,10000000,2064.3687,13484.477,11420.1083
lyon,3,10000000,2069.7253,13489.841,11420.1157
lyon,3,10000000,2076.9363,13496.6455,11419.709200000001
nancy,3,10000000,2340.578,13759.591,11419.013
lyon,3,10000000,2082.155,13501.904,11419.749
rennes,3,10000000,2045.9375,13465.981,11420.0435
rennes,3,10000000,2050.198,13470.687,11420.489
rennes,3,10000000,2054.9438,13475.435,11420.4912
rennes,3,10000000,2060.2568,13480.28,11420.0232
rennes,3,10000000,2065.0132,13484.972,11419.9588
rennes,3,10000000,2069.516,13490.013,11420.497000000001
rennes,3,10000000,2074.2996,13494.778,11420.4784
rennes,3,10000000,2079.2856,13499.759,11420.473399999999
rennes,3,10000000,2084.0193,13504.578,11420.5587
nantes,3,10000000,2132.5823,13554.76,11422.1777
rennes,3,10000000,2089.0757,13509.611,11420.535300000001
rennes,3,10000000,2094.1313,13514.655,11420.523700000002
rennes,3,10000000,2098.89,13519.444,11420.554
rennes,3,10000000,2103.5518,13524.079,11420.5272
rennes,3,10000000,2108.432,13528.922,11420.490000000002
rennes,3,10000000,2113.522,13534.028,11420.506000000001
nancy,3,10000000,2086.835,13505.876,11419.041000000001
nancy,3,10000000,2090.7087,13509.743,11419.0343
nancy,3,10000000,2094.5808,13513.616,11419.0352
nancy,3,10000000,2098.8235,13517.903,11419.0795
nantes,3,10000000,2137.6133,13558.968,11421.3547
nancy,3,10000000,2102.8525,13521.918,11419.0655
nancy,3,10000000,2107.0142,13526.311,11419.2968
nancy,3,10000000,2110.9346,13530.028,11419.0934
nancy,3,10000000,2115.0273,13534.093,11419.065700000001
nancy,3,10000000,2119.3823,13538.411,11419.028699999999
nancy,3,10000000,2123.5806,13542.285,11418.7044
nancy,3,10000000,2127.4097,13546.475,11419.0653
nancy,3,10000000,2131.3074,13550.373,11419.0656
nancy,3,10000000,2135.155,13554.224,11419.069
nancy,3,10000000,2139.2563,13558.332,11419.075700000001
nantes,3,10000000,2143.791,13565.109,11421.318
nancy,3,10000000,2143.157,13562.27,11419.113000000001
nancy,3,10000000,2075.2979,13496.104,11420.8061
nancy,3,10000000,2079.0647,13499.807,11420.742300000002
nancy,3,10000000,2082.875,13503.709,11420.834
nancy,3,10000000,2087.1448,13507.889,11420.7442
nancy,3,10000000,2091.098,13511.867,11420.769
nancy,3,10000000,2095.223,13515.974,11420.751
nancy,3,10000000,2099.3855,13520.179,11420.7935
nancy,3,10000000,2103.3125,13524.038,11420.7255
nancy,3,10000000,2107.5972,13528.359,11420.7618
nantes,3,10000000,2149.6687,13571.011,11421.3423
nancy,3,10000000,2111.754,13532.505,11420.751
nancy,3,10000000,2115.6199,13536.381,11420.7611
nancy,3,10000000,2119.5645,13540.325,11420.7605
nancy,3,10000000,2123.7087,13544.466,11420.757300000001
nancy,3,10000000,2127.655,13548.405,11420.75
nancy,3,10000000,2131.732,13552.487,11420.755
nancy,3,10000000,2061.1619,13480.243,11419.0811
nancy,3,10000000,2064.9482,13484.019,11419.070800000001
nancy,3,10000000,2068.6836,13487.773,11419.089399999999
nancy,3,10000000,2072.6936,13491.758,11419.0644
nancy,3,10000000,2286.437,13705.522,11419.085000000001
nantes,3,10000000,2155.766,13577.825,11422.059000000001
nancy,3,10000000,2076.4714,13495.602,11419.1306
nancy,3,10000000,2080.8752,13499.69,11418.8148
nancy,3,10000000,2084.4265,13503.497,11419.0705
nancy,3,10000000,2088.387,13507.516,11419.128999999999
nancy,3,10000000,2092.3992,13511.536,11419.1368
nancy,3,10000000,2096.4507,13515.542,11419.0913
nancy,3,10000000,2100.612,13519.71,11419.097999999998
nancy,3,10000000,2104.5645,13523.6875,11419.123
nancy,3,10000000,2108.4155,13527.535,11419.1195
nancy,3,10000000,2112.3892,13531.511,11419.1218
nantes,3,10000000,2162.1958,13583.6045,11421.4087
nancy,3,10000000,2116.446,13535.529,11419.083
nantes,3,10000000,1895.3016,13316.148,11420.846399999999
nantes,3,10000000,1900.7086,13321.88,11421.1714
nantes,3,10000000,1906.6138,13327.441,11420.8272
nantes,3,10000000,1912.5466,13333.792,11421.2454
nantes,3,10000000,1918.089,13339.291,11421.202
nantes,3,10000000,1924.799,13345.646,11420.847000000002
nantes,3,10000000,1930.7423,13351.964,11421.2217
nantes,3,10000000,1935.8108,13356.961,11421.1502
nantes,3,10000000,1942.9038,13364.103,11421.1992
nantes,3,10000000,2168.1414,13589.473,11421.3316
nantes,3,10000000,1948.2985,13369.524,11421.225499999999
nantes,3,10000000,1955.328,13376.601,11421.273000000001
nantes,3,10000000,1960.8934,13382.017,11421.123599999999
nantes,3,10000000,1967.5021,13388.712,11421.2099
nantes,3,10000000,1973.4585,13394.65,11421.191499999999
nantes,3,10000000,1979.858,13401.013,11421.155
rennes,3,10000000,1947.7449,13367.815,11420.0701
rennes,3,10000000,1952.6741,13372.867,11420.1929
rennes,3,10000000,1956.7262,13377.278,11420.551800000001
rennes,3,10000000,1961.9745,13382.544,11420.5695
nantes,3,10000000,2174.532,13595.893,11421.361
rennes,3,10000000,1966.7563,13387.291,11420.5347
rennes,3,10000000,1971.4224,13392.0,11420.5776
rennes,3,10000000,1976.3789,13396.938,11420.5591
rennes,3,10000000,1981.6068,13402.969,11421.3622
rennes,3,10000000,1985.9855,13406.535,11420.5495
rennes,3,10000000,1990.4027,13410.98,11420.577299999999
rennes,3,10000000,1995.262,13415.83,11420.568
rennes,3,10000000,2000.4938,13421.059,11420.5652
rennes,3,10000000,2005.1367,13425.693,11420.5563
rennes,3,10000000,2009.932,13430.492,11420.56
nantes,3,10000000,2180.775,13602.113,11421.338
rennes,3,10000000,2014.7745,13435.317,11420.5425
lyon,3,10000000,1862.6477,13283.388,11420.740300000001
lyon,3,10000000,1867.3645,13288.48,11421.1155
lyon,3,10000000,1873.8901,13294.996,11421.105899999999
lyon,3,10000000,1879.7488,13300.939,11421.190200000001
lyon,3,10000000,1885.7384,13307.776,11422.0376
lyon,3,10000000,1891.2666,13312.389,11421.1224
lyon,3,10000000,1896.4979,13317.572,11421.0741
lyon,3,10000000,1902.7924,13323.9,11421.1076
lyon,3,10000000,1908.3955,13329.523,11421.127499999999
nantes,3,10000000,2186.1711,13607.459,11421.287900000001
lyon,3,10000000,1914.7618,13335.887,11421.1252
lyon,3,10000000,1919.9543,13341.108,11421.1537
lyon,3,10000000,1926.2631,13347.406,11421.1429
lyon,3,10000000,1931.288,13352.402,11421.114
lyon,3,10000000,1937.9387,13359.053,11421.1143
lyon,3,10000000,1943.7513,13364.902,11421.1507
rennes,3,10000000,1849.865,13269.785,11419.92
rennes,3,10000000,1854.3016,13274.696,11420.3944
rennes,3,10000000,1859.4095,13279.835,11420.4255
rennes,3,10000000,1864.3591,13284.749,11420.3899
nantes,3,10000000,2192.7136,13614.01,11421.2964
rennes,3,10000000,1869.1699,13289.578,11420.408099999999
rennes,3,10000000,1874.2988,13294.674,11420.3752
rennes,3,10000000,1878.9493,13299.333,11420.3837
rennes,3,10000000,1884.2635,13304.642,11420.378499999999
rennes,3,10000000,1889.3179,13309.667,11420.3491
rennes,3,10000000,1894.013,13314.367,11420.354
rennes,3,10000000,1899.1549,13319.476,11420.321100000001
rennes,3,10000000,1903.7449,13324.127,11420.3821
rennes,3,10000000,1908.5703,13328.918,11420.3477
rennes,3,10000000,1913.2648,13333.662,11420.3972
nantes,3,10000000,2198.4214,13619.843,11421.421600000001
rennes,3,10000000,1918.5009,13338.824,11420.323100000001
nancy,3,10000000,1981.2925,13400.476,11419.183500000001
nancy,3,10000000,1984.9792,13404.176,11419.1968
nancy,3,10000000,1988.9994,13408.237,11419.237599999999
nancy,3,10000000,1992.9114,13412.116,11419.204600000001
nancy,3,10000000,1996.8461,13416.058,11419.2119
nancy,3,10000000,2001.3008,13420.127,11418.8262
nancy,3,10000000,2004.746,13423.946,11419.2
nancy,3,10000000,2008.7878,13428.021,11419.2332
nancy,3,10000000,2012.7618,13431.934,11419.172199999999
nantes,3,10000000,2204.296,13625.606,11421.31
nancy,3,10000000,2016.481,13435.644,11419.163
nancy,3,10000000,2020.5524,13439.724,11419.1716
nancy,3,10000000,2024.4631,13443.628,11419.1649
nancy,3,10000000,2028.532,13447.781,11419.249000000002
nancy,3,10000000,2032.6848,13451.85,11419.1652
nancy,3,10000000,2036.6354,13455.804,11419.1686
lyon,3,10000000,1307.4229,12730.007,11422.5841
lyon,3,10000000,1318.5723,12741.117,11422.5447
lyon,3,10000000,1329.15,12752.413,11423.263
lyon,3,10000000,1340.3398,12763.568,11423.2282
nantes,3,10000000,2211.0476,13632.364,11421.3164
lyon,3,10000000,1351.9628,12775.195,11423.2322
lyon,3,10000000,1363.2489,12786.52,11423.2711
lyon,3,10000000,1374.5065,12797.825,11423.318500000001
lyon,3,10000000,1386.2411,12808.831,11422.5899
lyon,3,10000000,1396.831,12820.08,11423.249
lyon,3,10000000,1408.0491,12831.321,11423.2719
lyon,3,10000000,1418.9756,12842.301,11423.3254
lyon,3,10000000,1429.8197,12853.109,11423.2893
lyon,3,10000000,1441.6764,12864.957,11423.2806
lyon,3,10000000,1452.7449,12876.02,11423.2751
nancy,3,10000000,2290.5923,13709.644,11419.0517
nantes,3,10000000,2217.4421,13638.841,11421.3989
lyon,3,10000000,1464.3035,12887.575,11423.2715
lyon,3,10000000,2115.955,13536.693,11420.738
lyon,3,10000000,2122.5652,13543.317,11420.751799999998
lyon,3,10000000,2127.7869,13548.55,11420.7631
lyon,3,10000000,2134.6985,13554.931,11420.2325
lyon,3,10000000,2139.3757,13560.108,11420.7323
lyon,3,10000000,2146.3403,13566.549,11420.208700000001
lyon,3,10000000,2150.8499,13571.625,11420.775099999999
lyon,3,10000000,2157.4495,13578.11,11420.6605
lyon,3,10000000,2162.6128,13583.361,11420.748200000002
nancy,3,10000000,2294.7344,13713.823,11419.088600000001
lyon,3,10000000,2169.3433,13590.082,11420.7387
lyon,3,10000000,2174.8914,13595.632,11420.7406
lyon,3,10000000,2181.432,13602.179,11420.747
lyon,3,10000000,2186.666,13607.423,11420.757000000001
lyon,3,10000000,2193.2354,13614.056,11420.820600000001
lyon,3,10000000,2198.628,13619.431,11420.803
nantes,3,10000000,2097.864,13517.019,11419.155
nantes,3,10000000,2103.0527,13522.172,11419.1193
nantes,3,10000000,2109.242,13528.321,11419.079
nantes,3,10000000,2115.145,13534.135,11418.99
nancy,3,10000000,2298.9604,13717.977,11419.0166
nantes,3,10000000,2121.045,13540.504,11419.459
nantes,3,10000000,2126.7446,13545.839,11419.0944
nantes,3,10000000,2133.6223,13552.693,11419.0707
nantes,3,10000000,2138.4531,13557.59,11419.1369
nantes,3,10000000,2145.0774,13564.184,11419.1066
nantes,3,10000000,2151.2205,13569.809,11418.5885
nantes,3,10000000,2157.426,13576.554,11419.128
nantes,3,10000000,2163.2546,13582.424,11419.1694
nantes,3,10000000,2169.515,13588.379,11418.864000000001
nantes,3,10000000,2176.0198,13595.219,11419.1992
nancy,3,10000000,2303.0972,13722.1455,11419.0483
nantes,3,10000000,2182.1714,13601.353,11419.1816
nantes,3,10000000,2078.9976,13500.57,11421.5724
nantes,3,10000000,2084.9194,13506.534,11421.614599999999
nantes,3,10000000,2090.6619,13512.144,11421.482100000001
nantes,3,10000000,2097.359,13518.885,11421.526
nantes,3,10000000,2102.6104,13524.101,11421.490600000001
nantes,3,10000000,2109.048,13530.223,11421.175
nantes,3,10000000,2114.3647,13535.579,11421.2143
nantes,3,10000000,2120.9905,13542.504,11421.513500000001
nantes,3,10000000,2126.4263,13548.938,11422.5117
nancy,3,10000000,2307.2039,13726.281,11419.0771
nantes,3,10000000,2133.2288,13554.767,11421.538199999999
nantes,3,10000000,2138.681,13560.175,11421.493999999999
nantes,3,10000000,2146.2134,13567.408,11421.194599999999
nantes,3,10000000,2151.2017,13572.738,11421.5363
nantes,3,10000000,2157.4795,13578.999,11421.5195
nantes,3,10000000,2163.6858,13585.193,11421.5072
rennes,3,10000000,2126.4485,13546.777,11420.3285
rennes,3,10000000,2131.7002,13551.644,11419.943800000001
rennes,3,10000000,2136.1948,13556.52,11420.3252
rennes,3,10000000,2140.5254,13560.882,11420.3566
nancy,3,10000000,2311.2944,13730.418,11419.123599999999
rennes,3,10000000,2146.062,13566.39,11420.328
rennes,3,10000000,2151.1877,13572.06,11420.872299999999
rennes,3,10000000,2156.2058,13576.52,11420.3142
rennes,3,10000000,2161.068,13581.073,11420.005000000001
rennes,3,10000000,2165.9666,13586.312,11420.3454
rennes,3,10000000,2170.8442,13591.156,11420.311800000001
rennes,3,10000000,2175.6294,13595.649,11420.0196
rennes,3,10000000,2181.0432,13601.005,11419.9618
rennes,3,10000000,2185.2747,13605.644,11420.3693
rennes,3,10000000,2190.5261,13610.88,11420.353899999998
nancy,3,10000000,2315.6826,13734.728,11419.045399999999
rennes,3,10000000,2195.2844,13615.624,11420.3396
nantes,3,10000000,2058.9758,13478.06,11419.0842
nantes,3,10000000,2064.931,13483.665,11418.734
nantes,3,10000000,2069.891,13488.97,11419.079
nantes,3,10000000,2076.388,13495.422,11419.034
nantes,3,10000000,2081.4915,13500.667,11419.1755
nantes,3,10000000,2088.1792,13506.889,11418.709799999999
nantes,3,10000000,2093.0364,13512.148,11419.1116
nantes,3,10000000,2099.5283,13518.567,11419.0387
nantes,3,10000000,2104.9663,13524.0,11419.0337
nancy,4,10000000,2304.5112,17128.459,14823.947799999998
nancy,4,10000000,2340.2444,17164.23,14823.9856
nantes,4,10000000,2116.2341,16940.08,14823.845900000002
nantes,4,10000000,2121.4404,16945.326,14823.885600000001
nantes,4,10000000,2128.8557,16952.424,14823.568299999999
nantes,4,10000000,2133.784,16957.797,14824.012999999999
nantes,4,10000000,2140.632,16964.686,14824.054000000002
nantes,4,10000000,2147.0225,16970.883,14823.860500000003
rennes,4,10000000,2107.334,16931.654,14824.32
rennes,4,10000000,2111.5361,16936.307,14824.770900000001
rennes,4,10000000,2116.527,16941.29,14824.763
rennes,4,10000000,2121.6458,16946.414,14824.7682
nancy,4,10000000,2344.4004,17168.352,14823.951599999999
rennes,4,10000000,2126.6108,16951.424,14824.813199999999
rennes,4,10000000,2131.4583,16956.28,14824.821699999999
rennes,4,10000000,2136.3025,16960.959,14824.6565
rennes,4,10000000,2141.2822,16966.072,14824.7898
rennes,4,10000000,2146.403,16971.139,14824.735999999999
rennes,4,10000000,2151.3389,16976.113,14824.7741
rennes,4,10000000,2156.558,16981.43,14824.872
rennes,4,10000000,2161.566,16986.383,14824.817000000003
rennes,4,10000000,2167.2346,16991.582,14824.347399999999
rennes,4,10000000,2171.8796,16996.703,14824.823400000001
nancy,4,10000000,2348.627,17172.617,14823.989999999998
rennes,4,10000000,2177.074,17001.816,14824.741999999998
lyon,4,10000000,1618.2737,16445.09,14826.8163
lyon,4,10000000,1629.1498,16455.256,14826.106200000002
lyon,4,10000000,1639.6716,16466.451,14826.779400000001
lyon,4,10000000,1650.986,16477.076,14826.09
lyon,4,10000000,1661.5753,16488.3,14826.724699999999
lyon,4,10000000,1672.9406,16499.691,14826.750399999999
lyon,4,10000000,1684.0148,16510.803,14826.788199999999
lyon,4,10000000,1695.5475,16522.312,14826.764500000001
lyon,4,10000000,1705.8075,16532.623,14826.8155
nancy,4,10000000,2352.8098,17176.754,14823.944200000002
lyon,4,10000000,1715.6786,16542.459,14826.7804
lyon,4,10000000,1728.2609,16554.99,14826.729100000002
lyon,4,10000000,1739.5781,16566.36,14826.7819
lyon,4,10000000,1750.5013,16577.305,14826.8037
lyon,4,10000000,1762.5247,16588.592,14826.0673
lyon,4,10000000,1773.1908,16599.975,14826.784199999998
lyon,4,10000000,2050.1687,16875.033,14824.8643
lyon,4,10000000,2055.3604,16880.217,14824.856600000001
lyon,4,10000000,2061.0854,16885.977,14824.891599999999
lyon,4,10000000,2066.5222,16891.389,14824.8668
nancy,4,10000000,2356.8757,17180.861,14823.9853
lyon,4,10000000,2072.5972,16897.475,14824.877799999998
lyon,4,10000000,2077.856,16902.71,14824.854
lyon,4,10000000,2084.6296,16909.008,14824.378400000001
lyon,4,10000000,2089.226,16914.082,14824.855999999998
lyon,4,10000000,2095.5454,16919.941,14824.3956
lyon,4,10000000,2101.8242,16926.705,14824.880800000003
lyon,4,10000000,2106.7456,16931.6,14824.854399999998
lyon,4,10000000,2113.6646,16938.52,14824.8554
lyon,4,10000000,2119.2195,16943.643,14824.4235
lyon,4,10000000,2125.592,16950.475,14824.882999999998
nancy,4,10000000,2360.9956,17184.943,14823.9474
lyon,4,10000000,2130.779,16955.598,14824.819000000001
rennes,4,10000000,2088.3928,16912.773,14824.380200000001
rennes,4,10000000,2092.6558,16917.443,14824.787199999999
rennes,4,10000000,2097.6033,16922.41,14824.8067
rennes,4,10000000,2102.4578,16927.238,14824.780200000001
rennes,4,10000000,2107.5251,16932.3,14824.7749
rennes,4,10000000,2112.5288,16937.285,14824.7562
rennes,4,10000000,2117.5725,16942.32,14824.7475
rennes,4,10000000,2122.4832,16947.26,14824.776799999998
rennes,4,10000000,2127.142,16951.908,14824.766
nantes,4,10000000,2157.6545,16982.63,14824.9755
rennes,4,10000000,2132.2615,16957.04,14824.7785
rennes,4,10000000,2137.6077,16962.047,14824.439299999998
rennes,4,10000000,2142.1887,16967.812,14825.623300000001
rennes,4,10000000,2147.0085,16971.844,14824.835500000001
rennes,4,10000000,2152.7666,16977.541,14824.774400000002
rennes,4,10000000,2157.4912,16982.293,14824.801800000001
nancy,4,10000000,2145.8882,16969.768,14823.8798
nancy,4,10000000,2149.7727,16973.664,14823.891300000001
nancy,4,10000000,2154.0554,16977.963,14823.907599999999
nancy,4,10000000,2158.1077,16982.068,14823.960299999999
nantes,4,10000000,2162.748,16988.154,14825.405999999999
nancy,4,10000000,2162.227,16986.19,14823.963
nancy,4,10000000,2166.3528,16990.232,14823.8792
nancy,4,10000000,2170.2283,16994.137,14823.908699999998
nancy,4,10000000,2174.0532,16998.07,14824.0168
nancy,4,10000000,2178.0747,17001.98,14823.905299999999
nancy,4,10000000,2182.1167,17006.07,14823.9533
nancy,4,10000000,2186.1467,17010.14,14823.9933
nancy,4,10000000,2190.3816,17014.334,14823.952399999998
nancy,4,10000000,2194.575,17018.482,14823.907
nancy,4,10000000,2198.79,17022.697,14823.907
nantes,4,10000000,2169.0447,16994.44,14825.395299999998
nancy,4,10000000,2202.813,17026.717,14823.904
nancy,4,10000000,2129.6975,16953.422,14823.724499999998
nancy,4,10000000,2133.7688,16957.303,14823.5342
nancy,4,10000000,2137.416,16961.203,14823.787
nancy,4,10000000,2141.3376,16965.146,14823.808400000002
nancy,4,10000000,2145.2566,16969.006,14823.7494
nancy,4,10000000,2149.2288,16973.146,14823.9172
nancy,4,10000000,2153.254,16977.059,14823.805
nancy,4,10000000,2157.5305,16981.209,14823.678499999998
nancy,4,10000000,2161.443,16985.223,14823.780000000002
nantes,4,10000000,2175.1123,17000.459,14825.346699999998
nancy,4,10000000,2165.44,16989.01,14823.569999999998
nancy,4,10000000,2169.441,16993.256,14823.815000000002
nancy,4,10000000,2173.5151,16997.271,14823.7559
nancy,4,10000000,2177.3088,17001.139,14823.8302
nancy,4,10000000,2181.2244,17005.006,14823.781600000002
nancy,4,10000000,2185.4277,17009.178,14823.7503
nancy,4,10000000,2107.0532,16930.861,14823.8078
nancy,4,10000000,2111.099,16934.807,14823.708
nancy,4,10000000,2115.0288,16938.807,14823.7782
nancy,4,10000000,2119.023,16942.744,14823.720999999998
nancy,4,10000000,2308.2024,17132.203,14824.000600000001
nantes,4,10000000,2180.3823,17005.742,14825.359699999997
nancy,4,10000000,2122.89,16946.674,14823.784
nancy,4,10000000,2126.9172,16950.658,14823.7408
nancy,4,10000000,2130.836,16954.57,14823.734
nancy,4,10000000,2134.6506,16958.39,14823.739399999999
nancy,4,10000000,2138.6836,16962.418,14823.734400000001
nancy,4,10000000,2142.693,16966.467,14823.774000000001
nancy,4,10000000,2146.9563,16970.695,14823.7387
nancy,4,10000000,2151.1558,16974.924,14823.768199999999
nancy,4,10000000,2155.0862,16978.893,14823.8068
nancy,4,10000000,2159.1848,16983.049,14823.8642
nantes,4,10000000,2186.9036,17012.316,14825.4124
nancy,4,10000000,2163.436,16987.209,14823.773
nantes,4,10000000,1942.3608,16766.025,14823.664200000001
nantes,4,10000000,1946.8562,16770.646,14823.7898
nantes,4,10000000,1953.2859,16777.973,14824.687100000001
nantes,4,10000000,1959.3959,16783.35,14823.954099999999
nantes,4,10000000,1965.1091,16788.875,14823.7659
nantes,4,10000000,1971.3429,16795.176,14823.8331
nantes,4,10000000,1977.1478,16800.812,14823.664200000001
nantes,4,10000000,1983.5631,16807.365,14823.801900000002
nantes,4,10000000,1989.1648,16812.984,14823.8192
nantes,4,10000000,2192.2393,17017.602,14825.362699999998
nantes,4,10000000,1995.7728,16819.57,14823.797199999999
nantes,4,10000000,2001.5494,16825.764,14824.2146
nantes,4,10000000,2008.2028,16832.01,14823.8072
nantes,4,10000000,2013.7314,16837.63,14823.8986
nantes,4,10000000,2020.8323,16844.617,14823.784699999998
nantes,4,10000000,2026.7579,16850.617,14823.859099999998
rennes,4,10000000,1965.4248,16790.58,14825.155200000001
rennes,4,10000000,1970.2906,16795.193,14824.902399999999
rennes,4,10000000,1975.5795,16800.129,14824.549500000001
rennes,4,10000000,1980.0165,16804.928,14824.9115
nantes,4,10000000,2198.8767,17024.264,14825.387299999999
rennes,4,10000000,1985.0436,16809.889,14824.845399999998
rennes,4,10000000,1990.1431,16814.68,14824.536900000001
rennes,4,10000000,1994.8593,16821.715,14826.8557
rennes,4,10000000,2000.0577,16824.926,14824.8683
rennes,4,10000000,2005.2812,16829.898,14824.616800000002
rennes,4,10000000,2009.8903,16834.795,14824.9047
rennes,4,10000000,2014.5626,16840.314,14825.7514
rennes,4,10000000,2019.7689,16844.666,14824.897100000002
rennes,4,10000000,2024.4421,16849.342,14824.8999
rennes,4,10000000,2029.1068,16854.045,14824.938199999999
nantes,4,10000000,2204.1152,17029.473,14825.357800000002
rennes,4,10000000,2034.6267,16859.496,14824.869299999998
lyon,4,10000000,1943.4152,16768.48,14825.0648
lyon,4,10000000,1949.0449,16774.012,14824.967099999998
lyon,4,10000000,1954.91,16779.89,14824.98
lyon,4,10000000,1960.1943,16785.225,14825.0307
lyon,4,10000000,1966.4224,16790.963,14824.5406
lyon,4,10000000,1972.1119,16796.684,14824.572100000001
lyon,4,10000000,1977.3574,16802.385,14825.027599999998
lyon,4,10000000,1984.2692,16808.79,14824.5208
lyon,4,10000000,1989.4945,16814.04,14824.5455
nantes,4,10000000,2211.5195,17036.502,14824.9825
lyon,4,10000000,1995.2373,16820.203,14824.9657
lyon,4,10000000,2000.772,16825.787,14825.015
lyon,4,10000000,2007.0558,16831.967,14824.9112
lyon,4,10000000,2012.6207,16837.58,14824.959300000002
lyon,4,10000000,2019.4612,16844.05,14824.5888
lyon,4,10000000,2024.8978,16849.887,14824.989199999998
rennes,4,10000000,1957.1621,16784.309,14827.146900000002
rennes,4,10000000,1962.1943,16786.541,14824.346700000002
rennes,4,10000000,1966.7886,16791.53,14824.741399999999
rennes,4,10000000,1971.9418,16796.697,14824.7552
nantes,4,10000000,2216.927,17041.893,14824.966
rennes,4,10000000,1976.8722,16801.613,14824.740800000001
rennes,4,10000000,1982.4541,16806.703,14824.248900000002
rennes,4,10000000,1986.6195,16811.35,14824.730499999998
rennes,4,10000000,1991.5834,16816.34,14824.7566
rennes,4,10000000,1996.2952,16821.09,14824.7948
rennes,4,10000000,2001.2529,16826.023,14824.770100000002
rennes,4,10000000,2005.903,16830.646,14824.743
rennes,4,10000000,2011.1517,16835.9,14824.748300000001
rennes,4,10000000,2015.6567,16840.453,14824.796300000002
rennes,4,10000000,2020.5713,16845.305,14824.7337
nantes,4,10000000,2223.603,17049.018,14825.415
rennes,4,10000000,2025.6758,16850.373,14824.697199999999
nancy,4,10000000,2015.7003,16839.584,14823.883699999998
nancy,4,10000000,2019.5275,16843.465,14823.9375
nancy,4,10000000,2023.3687,16847.322,14823.953300000001
nancy,4,10000000,2027.4377,16851.352,14823.914299999999
nancy,4,10000000,2031.4932,16855.418,14823.9248
nancy,4,10000000,2035.4279,16859.404,14823.976099999998
nancy,4,10000000,2039.5673,16863.48,14823.912699999999
nancy,4,10000000,2043.5558,16867.486,14823.9302
nancy,4,10000000,2047.8456,16871.738,14823.8924
nantes,4,10000000,2228.7754,17054.133,14825.357600000001
nancy,4,10000000,2051.8604,16875.746,14823.8856
nancy,4,10000000,2056.101,16880.004,14823.903
nancy,4,10000000,2060.2744,16884.164,14823.8896
nancy,4,10000000,2064.2532,16888.18,14823.926800000001
nancy,4,10000000,2068.4812,16892.371,14823.889799999999
nancy,4,10000000,2072.5398,16896.467,14823.9272
lyon,4,10000000,1464.0771,16290.714,14826.6369
lyon,4,10000000,1474.9458,16300.97,14826.0242
lyon,4,10000000,1485.7263,16312.406,14826.6797
lyon,4,10000000,1497.5719,16323.553,14825.9811
nantes,4,10000000,2235.712,17061.117,14825.404999999999
lyon,4,10000000,1508.389,16334.391,14826.002
lyon,4,10000000,1519.3846,16346.029,14826.644400000001
lyon,4,10000000,1530.3597,16357.01,14826.650300000001
lyon,4,10000000,1541.5325,16368.24,14826.7075
lyon,4,10000000,1552.6887,16379.37,14826.6813
lyon,4,10000000,1563.8771,16390.537,14826.6599
lyon,4,10000000,1575.609,16402.271,14826.662
lyon,4,10000000,1586.5419,16413.174,14826.632099999999
lyon,4,10000000,1597.9371,16424.543,14826.605900000002
lyon,4,10000000,1610.0693,16436.738,14826.668700000002
nancy,4,10000000,2312.0842,17136.078,14823.993800000002
nantes,4,10000000,2241.137,17066.629,14825.492
lyon,4,10000000,1620.7681,16447.455,14826.686900000002
lyon,4,10000000,2158.6555,16983.285,14824.6295
lyon,4,10000000,2163.5125,16988.518,14825.0055
lyon,4,10000000,2170.3542,16995.348,14824.993800000002
lyon,4,10000000,2175.2595,17000.254,14824.9945
lyon,4,10000000,2181.1638,17006.143,14824.9792
lyon,4,10000000,2187.4968,17012.148,14824.6512
lyon,4,10000000,2192.395,17017.447,14825.052
lyon,4,10000000,2199.2827,17024.3,14825.0173
lyon,4,10000000,2204.5151,17029.904,14825.388899999998
nancy,4,10000000,2316.134,17140.205,14824.071000000002
lyon,4,10000000,2211.5007,17036.178,14824.6773
lyon,4,10000000,2216.1008,17041.105,14825.0042
lyon,4,10000000,2222.5425,17047.55,14825.0075
lyon,4,10000000,2228.1074,17053.11,14825.0026
lyon,4,10000000,2234.7173,17059.717,14824.9997
lyon,4,10000000,2240.6714,17065.686,14825.014600000002
nantes,4,10000000,2127.4954,16952.67,14825.174599999998
nantes,4,10000000,2133.737,16958.342,14824.605
nantes,4,10000000,2138.6753,16963.752,14825.076700000001
nantes,4,10000000,2145.254,16969.848,14824.594000000001
nancy,4,10000000,2320.2756,17144.238,14823.9624
nantes,4,10000000,2150.073,16975.137,14825.063999999998
nantes,4,10000000,2156.6133,16981.648,14825.0347
nantes,4,10000000,2162.2866,16987.38,14825.093400000002
nantes,4,10000000,2169.1416,16994.12,14824.9784
nantes,4,10000000,2174.1182,16999.232,14825.1138
nantes,4,10000000,2180.7188,17005.82,14825.1012
nantes,4,10000000,2186.1436,17011.248,14825.1044
nantes,4,10000000,2192.581,17017.709,14825.127999999999
nantes,4,10000000,2198.1187,17023.203,14825.084300000002
nantes,4,10000000,2204.8079,17029.873,14825.0651
nancy,4,10000000,2324.32,17148.309,14823.989000000001
nantes,4,10000000,2210.2534,17035.338,14825.0846
nantes,4,10000000,2130.5537,16954.412,14823.8583
nantes,4,10000000,2135.9688,16959.941,14823.972199999998
nantes,4,10000000,2142.127,16965.693,14823.565999999999
nantes,4,10000000,2148.3503,16971.844,14823.4937
nantes,4,10000000,2153.9773,16977.41,14823.4327
nantes,4,10000000,2160.6055,16984.008,14823.402500000002
nantes,4,10000000,2165.4495,16989.389,14823.939499999999
nantes,4,10000000,2172.4795,16996.037,14823.5575
nantes,4,10000000,2177.17,17001.104,14823.934
nancy,4,10000000,2328.2405,17152.227,14823.986499999999
nantes,4,10000000,2183.5508,17007.426,14823.875199999999
nantes,4,10000000,2189.3774,17016.088,14826.7106
nantes,4,10000000,2196.1182,17020.02,14823.9018
nantes,4,10000000,2201.7595,17025.674,14823.914499999999
nantes,4,10000000,2208.429,17032.314,14823.884999999998
nantes,4,10000000,2214.6887,17038.576,14823.8873
rennes,4,10000000,2159.7168,16984.707,14824.990199999998
rennes,4,10000000,2164.8157,16989.691,14824.8753
rennes,4,10000000,2170.0925,16994.982,14824.8895
rennes,4,10000000,2174.5398,16999.518,14824.9782
nancy,4,10000000,2332.329,17156.275,14823.946000000002
rennes,4,10000000,2179.8594,17004.848,14824.988600000002
rennes,4,10000000,2184.9607,17009.86,14824.899300000001
rennes,4,10000000,2189.579,17014.553,14824.974
rennes,4,10000000,2194.3184,17019.287,14824.9686
rennes,4,10000000,2199.3203,17024.297,14824.9767
rennes,4,10000000,2204.146,17029.076,14824.93
rennes,4,10000000,2208.9443,17033.943,14824.9987
rennes,4,10000000,2213.7441,17038.617,14824.872899999998
rennes,4,10000000,2219.09,17044.28,14825.189999999999
rennes,4,10000000,2224.108,17049.059,14824.951000000001
nancy,4,10000000,2336.3892,17160.414,14824.024800000001
rennes,4,10000000,2228.571,17053.54,14824.969000000001
nantes,4,10000000,2060.289,16884.125,14823.836
nantes,4,10000000,2066.4998,16890.4,14823.900200000002
nantes,4,10000000,2072.4275,16896.207,14823.779499999999
nantes,4,10000000,2079.483,16903.05,14823.567
nantes,4,10000000,2085.136,16908.998,14823.862
nantes,4,10000000,2090.484,16914.3,14823.815999999999
nantes,4,10000000,2096.3938,16920.29,14823.896200000001
nantes,4,10000000,2103.209,16927.076,14823.867000000002
nantes,4,10000000,2108.6887,16932.553,14823.8643
nancy,5,10000000,2224.9553,15591.12,13366.164700000001
nancy,5,10000000,2261.0078,15627.207,13366.199200000001
nantes,5,10000000,2044.9612,15411.179,13366.2178
nantes,5,10000000,2051.1018,15417.253,13366.1512
nantes,5,10000000,2057.6511,15423.954,13366.302899999999
nantes,5,10000000,2063.2578,15429.433,13366.175200000001
nantes,5,10000000,2070.1824,15436.582,13366.3996
nantes,5,10000000,2076.299,15442.442,13366.143
rennes,5,10000000,2017.5001,15384.813,13367.3129
rennes,5,10000000,2022.0101,15389.69,13367.679900000001
rennes,5,10000000,2027.1432,15394.8125,13367.6693
rennes,5,10000000,2032.0272,15399.694,13367.666799999999
nancy,5,10000000,2264.948,15631.146,13366.198
rennes,5,10000000,2037.3463,15404.714,13367.3677
rennes,5,10000000,2041.9514,15409.635,13367.6836
rennes,5,10000000,2046.9182,15414.559,13367.6408
rennes,5,10000000,2052.0432,15419.735,13367.6918
rennes,5,10000000,2057.0981,15424.743,13367.6449
rennes,5,10000000,2062.1438,15429.8,13367.6562
rennes,5,10000000,2067.2974,15434.942,13367.6446
rennes,5,10000000,2072.346,15440.061,13367.715
rennes,5,10000000,2077.2214,15444.881,13367.659599999999
rennes,5,10000000,2082.6025,15450.276,13367.6735
nancy,5,10000000,2268.799,15635.019,13366.220000000001
rennes,5,10000000,2087.221,15454.896,13367.675000000001
lyon,5,10000000,1539.0797,14908.099,13369.0193
lyon,5,10000000,1549.6954,14919.117,13369.4216
lyon,5,10000000,1560.9279,14930.351,13369.4231
lyon,5,10000000,1572.7657,14941.728,13368.9623
lyon,5,10000000,1583.8306,14953.281,13369.450400000002
lyon,5,10000000,1595.3026,14964.73,13369.4274
lyon,5,10000000,1606.5991,14975.999,13369.3999
lyon,5,10000000,1618.2079,14987.657,13369.4491
lyon,5,10000000,1629.9066,14998.741,13368.8344
nancy,5,10000000,2272.6335,15638.792,13366.1585
lyon,5,10000000,1640.757,15010.155,13369.398000000001
lyon,5,10000000,1652.0314,15021.409,13369.3776
lyon,5,10000000,1663.8091,15033.24,13369.4309
lyon,5,10000000,1674.3494,15043.789,13369.439600000002
lyon,5,10000000,1686.6381,15056.066,13369.4279
lyon,5,10000000,1697.453,15066.87,13369.417000000001
lyon,5,10000000,1956.4553,15323.409,13366.9537
lyon,5,10000000,1961.8087,15329.345,13367.5363
lyon,5,10000000,1967.2744,15334.787,13367.5126
lyon,5,10000000,1973.5464,15340.589,13367.0426
nancy,5,10000000,2276.5151,15642.719,13366.203899999999
lyon,5,10000000,1978.2225,15345.77,13367.5475
lyon,5,10000000,1984.6798,15352.24,13367.5602
lyon,5,10000000,1989.9302,15357.454,13367.523799999999
lyon,5,10000000,1996.0048,15363.556,13367.5512
lyon,5,10000000,2001.3755,15370.273,13368.8975
lyon,5,10000000,2007.739,15375.275,13367.536
lyon,5,10000000,2013.0813,15382.019,13368.9377
lyon,5,10000000,2019.2909,15386.849,13367.5581
lyon,5,10000000,2024.9551,15392.499,13367.5439
lyon,5,10000000,2031.6425,15399.193,13367.5505
nancy,5,10000000,2280.3523,15646.523,13366.170699999999
lyon,5,10000000,2037.5394,15405.052,13367.5126
rennes,5,10000000,1968.2062,15336.251,13368.0448
rennes,5,10000000,1972.6973,15339.583,13366.8857
rennes,5,10000000,1977.2006,15344.608,13367.4074
rennes,5,10000000,1982.1077,15363.486,13381.3783
rennes,5,10000000,1987.2488,15354.216,13366.967200000001
rennes,5,10000000,1991.8914,15359.273,13367.381599999999
rennes,5,10000000,1996.8745,15364.134,13367.2595
rennes,5,10000000,2001.8793,15369.363,13367.483699999999
rennes,5,10000000,2006.8107,15374.191,13367.3803
nantes,5,10000000,2072.958,15440.779,13367.821
rennes,5,10000000,2011.5051,15378.878,13367.3729
rennes,5,10000000,2016.6138,15384.006,13367.392199999998
rennes,5,10000000,2022.3005,15389.195,13366.8945
rennes,5,10000000,2026.4067,15393.816,13367.409300000001
rennes,5,10000000,2031.322,15398.737,13367.414999999999
rennes,5,10000000,2036.3231,15403.711,13367.3879
nancy,5,10000000,2012.8557,15379.339,13366.4833
nancy,5,10000000,2016.6366,15383.104,13366.4674
nancy,5,10000000,2020.5858,15387.065,13366.4792
nancy,5,10000000,2024.6322,15391.135,13366.5028
nantes,5,10000000,2077.622,15445.4795,13367.8575
nancy,5,10000000,2028.6227,15395.134,13366.5113
nancy,5,10000000,2032.644,15399.116,13366.472
nancy,5,10000000,2036.6287,15403.098,13366.4693
nancy,5,10000000,2040.3044,15406.809,13366.5046
nancy,5,10000000,2044.5442,15411.051,13366.5068
nancy,5,10000000,2048.4336,15414.972,13366.5384
nancy,5,10000000,2052.4038,15418.918,13366.5142
nancy,5,10000000,2056.6401,15423.146,13366.5059
nancy,5,10000000,2060.569,15427.072,13366.503
nancy,5,10000000,2064.5056,15431.048,13366.5424
nantes,5,10000000,2083.7815,15451.58,13367.7985
nancy,5,10000000,2068.3508,15434.828,13366.4772
nancy,5,10000000,2006.7834,15373.15,13366.3666
nancy,5,10000000,2010.6707,15377.043,13366.372299999999
nancy,5,10000000,2014.6134,15381.096,13366.4826
nancy,5,10000000,2018.664,15385.069,13366.404999999999
nancy,5,10000000,2022.7216,15389.077,13366.355399999999
nancy,5,10000000,2026.7244,15393.123,13366.3986
nancy,5,10000000,2030.6776,15397.12,13366.4424
nancy,5,10000000,2034.8856,15401.259,13366.3734
nancy,5,10000000,2038.8961,15405.298,13366.4019
nantes,5,10000000,2090.559,15457.82,13367.260999999999
nancy,5,10000000,2043.0348,15409.444,13366.4092
nancy,5,10000000,2047.0586,15413.432,13366.3734
nancy,5,10000000,2051.1914,15417.551,13366.3596
nancy,5,10000000,2055.4258,15421.836,13366.410199999998
nancy,5,10000000,2059.531,15425.931,13366.400000000001
nancy,5,10000000,2063.77,15430.134,13366.364
nancy,5,10000000,1991.4119,15357.688,13366.2761
nancy,5,10000000,1995.3976,15361.622,13366.2244
nancy,5,10000000,1999.6078,15365.709,13366.101200000001
nancy,5,10000000,2003.4971,15369.718,13366.2209
nancy,5,10000000,2228.8157,15594.951,13366.135299999998
nantes,5,10000000,2095.319,15463.154,13367.835000000001
nancy,5,10000000,2007.4806,15373.765,13366.284399999999
nancy,5,10000000,2011.4818,15377.724,13366.2422
nancy,5,10000000,2015.6691,15381.779,13366.1099
nancy,5,10000000,2019.341,15385.606,13366.265
nancy,5,10000000,2023.462,15389.706,13366.244
nancy,5,10000000,2027.3895,15393.658,13366.2685
nancy,5,10000000,2031.2545,15397.516,13366.2615
nancy,5,10000000,2036.0327,15401.895,13365.8623
nancy,5,10000000,2039.6008,15405.891,13366.2902
nancy,5,10000000,2043.6936,15409.99,13366.2964
nantes,5,10000000,2102.0906,15469.375,13367.2844
nancy,5,10000000,2047.793,15414.127,13366.334
nantes,5,10000000,1806.4893,15173.813,13367.3237
nantes,5,10000000,1811.8081,15178.1455,13366.3374
nantes,5,10000000,1818.3489,15184.557,13366.2081
nantes,5,10000000,1824.4609,15190.756,13366.2951
nantes,5,10000000,1830.4178,15196.615,13366.1972
nantes,5,10000000,1837.2147,15203.028,13365.8133
nantes,5,10000000,1842.1885,15208.331,13366.1425
nantes,5,10000000,1848.7169,15215.099,13366.3821
nantes,5,10000000,1854.1948,15220.483,13366.2882
nantes,5,10000000,2107.499,15475.33,13367.831
nantes,5,10000000,1861.1111,15227.362,13366.2509
nantes,5,10000000,1866.081,15232.258,13366.177
nantes,5,10000000,1873.2866,15239.425,13366.1384
nantes,5,10000000,1878.5403,15244.924,13366.3837
nantes,5,10000000,1885.2825,15251.478,13366.1955
nantes,5,10000000,1890.4968,15256.643,13366.1462
rennes,5,10000000,1845.0393,15212.01,13366.9707
rennes,5,10000000,1849.3488,15216.765,13367.4162
rennes,5,10000000,1853.8936,15221.36,13367.466400000001
rennes,5,10000000,1858.815,15226.294,13367.479
nantes,5,10000000,2114.5542,15482.375,13367.8208
rennes,5,10000000,1863.9562,15231.411,13367.4548
rennes,5,10000000,1868.4703,15235.934,13367.4637
rennes,5,10000000,1873.7502,15240.782,13367.031799999999
rennes,5,10000000,1878.8452,15245.566,13366.720800000001
rennes,5,10000000,1883.6539,15250.5625,13366.9086
rennes,5,10000000,1888.0,15255.465,13367.465
rennes,5,10000000,1892.758,15260.235,13367.477
rennes,5,10000000,1897.8997,15265.373,13367.4733
rennes,5,10000000,1903.0645,15270.5205,13367.456
rennes,5,10000000,1907.7819,15275.249,13367.4671
nantes,5,10000000,2120.346,15487.747,13367.401
rennes,5,10000000,1912.8721,15280.228,13367.355899999999
lyon,5,10000000,1799.4965,15167.099,13367.6025
lyon,5,10000000,1804.0525,15171.674,13367.621500000001
lyon,5,10000000,1810.1451,15177.799,13367.653900000001
lyon,5,10000000,1817.0764,15184.269,13367.1926
lyon,5,10000000,1822.9691,15190.236,13367.2669
lyon,5,10000000,1829.4072,15197.035,13367.6278
lyon,5,10000000,1834.9862,15202.626,13367.6398
lyon,5,10000000,1841.4434,15209.064,13367.6206
lyon,5,10000000,1846.6371,15214.264,13367.6269
nantes,5,10000000,2127.3281,15494.62,13367.2919
lyon,5,10000000,1853.4088,15221.024,13367.6152
lyon,5,10000000,1858.6484,15226.264,13367.6156
lyon,5,10000000,1865.2959,15232.946,13367.650099999999
lyon,5,10000000,1870.6882,15238.518,13367.8298
lyon,5,10000000,1877.2831,15244.608,13367.3249
lyon,5,10000000,1882.5967,15250.195,13367.5983
rennes,5,10000000,1810.5776,15177.713,13367.1354
rennes,5,10000000,1814.8308,15182.208,13367.3772
rennes,5,10000000,1820.2913,15187.671,13367.3797
rennes,5,10000000,1825.3972,15193.924,13368.526800000001
nantes,5,10000000,2132.32,15500.106,13367.786
rennes,5,10000000,1830.7545,15198.1875,13367.433
rennes,5,10000000,1836.1892,15203.343,13367.1538
rennes,5,10000000,1841.0176,15208.469,13367.4514
rennes,5,10000000,1846.1292,15213.513,13367.383800000001
rennes,5,10000000,1851.126,15218.468,13367.342
rennes,5,10000000,1856.458,15223.855,13367.396999999999
rennes,5,10000000,1861.1403,15228.508,13367.367699999999
rennes,5,10000000,1866.0948,15233.488,13367.393199999999
rennes,5,10000000,1870.8792,15238.302,13367.4228
rennes,5,10000000,1876.349,15243.731,13367.382
nantes,5,10000000,2139.2754,15507.131,13367.855599999999
rennes,5,10000000,1881.2766,15248.663,13367.386400000001
nancy,5,10000000,1839.0801,15206.024,13366.9439
nancy,5,10000000,1842.9835,15209.946,13366.9625
nancy,5,10000000,1847.1731,15214.177,13367.0039
nancy,5,10000000,1851.4109,15218.373,13366.962099999999
nancy,5,10000000,1855.5428,15222.51,13366.967200000001
nancy,5,10000000,1859.6572,15226.626,13366.9688
nancy,5,10000000,1863.7657,15230.726,13366.9603
nancy,5,10000000,1867.8408,15234.8125,13366.9717
nancy,5,10000000,1871.888,15238.826,13366.937999999998
nantes,5,10000000,2144.7087,15512.591,13367.882300000001
nancy,5,10000000,1875.838,15242.763,13366.925000000001
nancy,5,10000000,1880.0381,15246.974,13366.9359
nancy,5,10000000,1884.2018,15251.165,13366.9632
nancy,5,10000000,1888.0706,15255.045,13366.9744
nancy,5,10000000,1892.304,15259.238,13366.934
nancy,5,10000000,1896.3766,15263.316,13366.939400000001
lyon,5,10000000,1271.8336,14641.319,13369.4854
lyon,5,10000000,1282.1692,14652.266,13370.0968
lyon,5,10000000,1292.8894,14663.474,13370.5846
lyon,5,10000000,1304.8756,14674.993,13370.117400000001
nantes,5,10000000,2151.435,15519.276,13367.841
lyon,5,10000000,1316.3181,14686.397,13370.0789
lyon,5,10000000,1328.2996,14698.266,13369.9664
lyon,5,10000000,1338.9655,14709.017,13370.0515
lyon,5,10000000,1350.3202,14720.395,13370.0748
lyon,5,10000000,1361.4535,14731.526,13370.0725
lyon,5,10000000,1372.6102,14742.748,13370.1378
lyon,5,10000000,1383.3898,14753.543,13370.1532
lyon,5,10000000,1394.6674,14764.731,13370.0636
lyon,5,10000000,1405.7438,14775.869,13370.1252
lyon,5,10000000,1416.3778,14786.48,13370.1022
nancy,5,10000000,2232.6055,15598.846,13366.2405
nantes,5,10000000,2157.1062,15525.003,13367.8968
lyon,5,10000000,1428.0815,14798.1455,13370.064
lyon,5,10000000,2089.4424,15456.947,13367.5046
lyon,5,10000000,2094.2913,15461.804,13367.5127
lyon,5,10000000,2101.0386,15468.495,13367.456400000001
lyon,5,10000000,2106.4697,15473.935,13367.4653
lyon,5,10000000,2113.3464,15480.371,13367.024599999999
lyon,5,10000000,2118.4072,15485.87,13367.462800000001
lyon,5,10000000,2123.7202,15491.231,13367.5108
lyon,5,10000000,2130.4668,15497.991,13367.5242
lyon,5,10000000,2135.6562,15503.108,13367.4518
nancy,5,10000000,2236.4402,15602.724,13366.283800000001
lyon,5,10000000,2142.3115,15509.746,13367.4345
lyon,5,10000000,2147.7056,15514.736,13367.030400000001
lyon,5,10000000,2154.1863,15521.665,13367.478700000001
lyon,5,10000000,2158.9268,15526.415,13367.4882
lyon,5,10000000,2165.6694,15533.222,13367.552599999999
lyon,5,10000000,2170.9434,15538.497,13367.5536
nantes,5,10000000,2025.8656,15393.962,13368.096399999999
nantes,5,10000000,2032.1007,15400.077,13367.976299999998
nantes,5,10000000,2037.1034,15405.134,13368.0306
nantes,5,10000000,2044.7042,15412.509,13367.8048
nancy,5,10000000,2241.0132,15607.138,13366.124800000001
nantes,5,10000000,2050.0488,15418.061,13368.0122
nantes,5,10000000,2056.6272,15424.414,13367.786800000002
nantes,5,10000000,2061.9673,15430.009,13368.0417
nantes,5,10000000,2067.8052,15435.922,13368.1168
nantes,5,10000000,2073.576,15441.716,13368.14
nantes,5,10000000,2080.387,15448.114,13367.726999999999
nantes,5,10000000,2085.668,15453.681,13368.013
nantes,5,10000000,2091.9536,15459.989,13368.0354
nantes,5,10000000,2097.456,15465.5205,13368.0645
nantes,5,10000000,2104.0977,15472.103,13368.005299999999
nancy,5,10000000,2244.8464,15611.04,13366.1936
nantes,5,10000000,2109.5789,15477.583,13368.0041
nantes,5,10000000,2017.668,15383.851,13366.183
nantes,5,10000000,2023.5424,15389.791,13366.248599999999
nantes,5,10000000,2029.3812,15395.131,13365.7498
nantes,5,10000000,2035.0714,15401.27,13366.1986
nantes,5,10000000,2041.3291,15407.435,13366.105899999999
nantes,5,10000000,2047.3757,15413.59,13366.2143
nantes,5,10000000,2053.5305,15419.196,13365.6655
nantes,5,10000000,2059.361,15425.6,13366.239000000001
nantes,5,10000000,2064.974,15431.194,13366.22
nancy,5,10000000,2248.862,15615.06,13366.198
nantes,5,10000000,2071.8127,15438.055,13366.2423
nantes,5,10000000,2078.0486,15444.21,13366.161399999999
nantes,5,10000000,2084.7292,15450.925,13366.1958
nantes,5,10000000,2090.0212,15456.297,13366.2758
nantes,5,10000000,2097.1123,15463.347,13366.2347
nantes,5,10000000,2103.0786,15469.317,13366.238399999998
rennes,5,10000000,2037.1934,15404.055,13366.8616
rennes,5,10000000,2041.7561,15408.619,13366.8629
rennes,5,10000000,2046.6688,15415.094,13368.4252
rennes,5,10000000,2051.3813,15418.642,13367.260699999999
nancy,5,10000000,2252.7747,15618.941,13366.1663
rennes,5,10000000,2056.528,15423.734,13367.206
rennes,5,10000000,2061.269,15428.538,13367.269
rennes,5,10000000,2066.4937,15433.713,13367.2193
rennes,5,10000000,2071.3125,15438.543,13367.2305
rennes,5,10000000,2076.1494,15443.452,13367.302599999999
rennes,5,10000000,2081.5159,15455.651,13374.1351
rennes,5,10000000,2085.9043,15453.139,13367.234699999999
rennes,5,10000000,2091.3552,15458.576,13367.2208
rennes,5,10000000,2096.002,15463.226,13367.224
rennes,5,10000000,2101.327,15468.567,13367.239999999998
nancy,5,10000000,2256.8164,15623.027,13366.2106
rennes,5,10000000,2106.4453,15473.67,13367.2247
nantes,5,10000000,1990.6501,15356.509,13365.8589
nantes,5,10000000,1995.9081,15361.66,13365.7519
nantes,5,10000000,2001.6124,15367.759,13366.1466
nantes,5,10000000,2007.7054,15374.968,13367.2626
nantes,5,10000000,2014.24,15380.059,13365.819
nantes,5,10000000,2020.714,15386.921,13366.207
nantes,5,10000000,2026.2153,15392.381,13366.1657
nantes,5,10000000,2032.6343,15398.791,13366.1567
nantes,5,10000000,2038.6458,15404.518,13365.8722
nancy,6,10000000,2278.058,16456.816,14178.757999999998
nancy,6,10000000,2314.7275,16493.498,14178.770499999999
nantes,6,10000000,2110.4697,16291.754,14181.284300000001
nantes,6,10000000,2116.8875,16298.132,14181.2445
nantes,6,10000000,2123.4863,16304.773,14181.286699999999
nantes,6,10000000,2129.7654,16311.023,14181.257599999999
nantes,6,10000000,2136.5696,16317.936,14181.366399999999
nantes,6,10000000,2142.7136,16323.98,14181.2664
rennes,6,10000000,2089.9343,16270.13,14180.1957
rennes,6,10000000,2094.9275,16275.122,14180.1945
rennes,6,10000000,2100.481,16280.147,14179.666000000001
rennes,6,10000000,2104.8462,16284.828,14179.9818
nancy,6,10000000,2319.0269,16497.812,14178.785100000001
rennes,6,10000000,2109.484,16289.593,14180.109
rennes,6,10000000,2115.106,16294.804,14179.698
rennes,6,10000000,2119.4343,16299.591,14180.1567
rennes,6,10000000,2124.4023,16304.602,14180.199700000001
rennes,6,10000000,2129.446,16309.601,14180.155
rennes,6,10000000,2134.7214,16314.347,14179.6256
rennes,6,10000000,2138.912,16319.09,14180.178
rennes,6,10000000,2144.0603,16324.201,14180.1407
rennes,6,10000000,2148.499,16328.695,14180.196
rennes,6,10000000,2153.8862,16333.992,14180.105800000001
nancy,6,10000000,2323.3093,16502.074,14178.7647
rennes,6,10000000,2158.6875,16338.861,14180.1735
lyon,6,10000000,1587.0533,15770.434,14183.3807
lyon,6,10000000,1598.0936,15781.367,14183.2734
lyon,6,10000000,1609.8451,15792.373,14182.5279
lyon,6,10000000,1620.5079,15803.222,14182.7141
lyon,6,10000000,1632.0879,15814.771,14182.6831
lyon,6,10000000,1643.5107,15826.111,14182.6003
lyon,6,10000000,1653.6091,15836.959,14183.349900000001
lyon,6,10000000,1665.3379,15848.705,14183.3671
lyon,6,10000000,1676.091,15859.443,14183.351999999999
nancy,6,10000000,2327.3618,16506.19,14178.828199999998
lyon,6,10000000,1687.3146,15870.671,14183.3564
lyon,6,10000000,1698.8458,15882.182,14183.336200000002
lyon,6,10000000,1710.5857,15893.926,14183.3403
lyon,6,10000000,1722.1119,15905.618,14183.5061
lyon,6,10000000,1733.2225,15916.528,14183.3055
lyon,6,10000000,1745.7778,15928.339,14182.5612
lyon,6,10000000,2017.472,16198.146,14180.674
lyon,6,10000000,2023.2286,16203.932,14180.7034
lyon,6,10000000,2028.831,16208.962,14180.131
lyon,6,10000000,2035.1608,16215.366,14180.2052
nancy,6,10000000,2331.736,16510.506,14178.77
lyon,6,10000000,2039.6249,16220.285,14180.6601
lyon,6,10000000,2045.919,16226.543,14180.624
lyon,6,10000000,2051.1145,16231.691,14180.576500000001
lyon,6,10000000,2057.1594,16237.863,14180.703599999999
lyon,6,10000000,2062.5403,16243.138,14180.5977
lyon,6,10000000,2068.962,16249.614,14180.652
lyon,6,10000000,2074.2253,16254.814,14180.5887
lyon,6,10000000,2080.9473,16261.5625,14180.6152
lyon,6,10000000,2086.4214,16267.027,14180.605599999999
lyon,6,10000000,2092.6055,16273.283,14180.6775
nancy,6,10000000,2335.7712,16514.35,14178.5788
lyon,6,10000000,2098.1807,16278.809,14180.6283
rennes,6,10000000,2030.0066,16209.549,14179.5424
rennes,6,10000000,2035.1333,16214.674,14179.540700000001
rennes,6,10000000,2039.6753,16219.568,14179.892699999999
rennes,6,10000000,2044.8481,16224.426,14179.5779
rennes,6,10000000,2049.312,16229.246,14179.934
rennes,6,10000000,2054.6394,16234.489,14179.8496
rennes,6,10000000,2059.3154,16239.206,14179.8906
rennes,6,10000000,2063.9944,16244.385,14180.3906
rennes,6,10000000,2069.181,16249.094,14179.912999999999
nantes,6,10000000,2119.939,16300.899,14180.96
rennes,6,10000000,2074.2292,16254.143,14179.9138
rennes,6,10000000,2079.0854,16259.033,14179.9476
rennes,6,10000000,2084.5789,16264.22,14179.641099999999
rennes,6,10000000,2089.081,16269.019,14179.938
rennes,6,10000000,2094.2744,16274.172,14179.8976
rennes,6,10000000,2098.6912,16278.57,14179.878799999999
nancy,6,10000000,2097.6108,16276.345,14178.734199999999
nancy,6,10000000,2101.5364,16280.291,14178.7546
nancy,6,10000000,2105.626,16284.39,14178.764
nancy,6,10000000,2109.6675,16288.41,14178.7425
nantes,6,10000000,2124.8657,16305.964,14181.0983
nancy,6,10000000,2113.5593,16292.418,14178.8587
nancy,6,10000000,2118.264,16297.018,14178.754
nancy,6,10000000,2122.2114,16300.974,14178.7626
nancy,6,10000000,2126.0623,16304.912,14178.8497
nancy,6,10000000,2130.2974,16309.054,14178.7566
nancy,6,10000000,2134.2344,16313.057,14178.822600000001
nancy,6,10000000,2138.1277,16316.879,14178.7513
nancy,6,10000000,2142.1965,16320.943,14178.7465
nancy,6,10000000,2146.2068,16324.953,14178.7462
nancy,6,10000000,2150.1025,16328.85,14178.747500000001
nantes,6,10000000,2131.0073,16311.989,14180.9817
nancy,6,10000000,2154.1638,16332.916,14178.752199999999
nancy,6,10000000,2070.0051,16248.808,14178.8029
nancy,6,10000000,2073.8247,16252.632,14178.8073
nancy,6,10000000,2077.6018,16256.445,14178.8432
nancy,6,10000000,2082.146,16260.99,14178.844
nancy,6,10000000,2086.1208,16264.923,14178.8022
nancy,6,10000000,2089.9436,16268.772,14178.8284
nancy,6,10000000,2094.0261,16272.913,14178.886900000001
nancy,6,10000000,2098.124,16276.926,14178.802
nancy,6,10000000,2102.1096,16280.945,14178.8354
nantes,6,10000000,2136.1917,16317.229,14181.0373
nancy,6,10000000,2105.987,16284.826,14178.839
nancy,6,10000000,2110.0283,16288.834,14178.8057
nancy,6,10000000,2114.034,16292.853,14178.819
nancy,6,10000000,2117.9956,16296.843,14178.8474
nancy,6,10000000,2121.9941,16300.831,14178.8369
nancy,6,10000000,2125.8962,16304.737,14178.840799999998
nancy,6,10000000,2042.953,16221.531,14178.578000000001
nancy,6,10000000,2046.6874,16225.22,14178.532599999999
nancy,6,10000000,2050.7415,16229.304,14178.5625
nancy,6,10000000,2054.6887,16233.23,14178.541299999999
nancy,6,10000000,2281.8884,16460.67,14178.781599999998
nantes,6,10000000,2143.1519,16323.671,14180.519100000001
nancy,6,10000000,2058.7212,16237.287,14178.5658
nancy,6,10000000,2062.7297,16241.255,14178.5253
nancy,6,10000000,2066.3516,16244.945,14178.5934
nancy,6,10000000,2070.6714,16249.241,14178.569599999999
nancy,6,10000000,2074.7773,16253.304,14178.5267
nancy,6,10000000,2078.5764,16257.14,14178.5636
nancy,6,10000000,2082.6194,16261.156,14178.536600000001
nancy,6,10000000,2086.7476,16265.316,14178.5684
nancy,6,10000000,2090.7576,16269.317,14178.559399999998
nancy,6,10000000,2094.7358,16273.342,14178.6062
nantes,6,10000000,2148.3528,16329.518,14181.1652
nancy,6,10000000,2098.4236,16276.991,14178.5674
nantes,6,10000000,1898.854,16078.287,14179.433
nantes,6,10000000,1904.2472,16083.164,14178.9168
nantes,6,10000000,1910.3815,16089.472,14179.0905
nantes,6,10000000,1916.182,16095.119,14178.937
nantes,6,10000000,1922.8949,16101.744,14178.849100000001
nantes,6,10000000,1929.0432,16107.912,14178.8688
nantes,6,10000000,1934.6414,16113.554,14178.9126
nantes,6,10000000,1941.3807,16120.346,14178.9653
nantes,6,10000000,1947.3342,16126.595,14179.2608
nantes,6,10000000,2155.0303,16336.069,14181.0387
nantes,6,10000000,1952.8868,16131.882,14178.9952
nantes,6,10000000,1959.796,16140.095,14180.298999999999
nantes,6,10000000,1966.6151,16145.578,14178.962899999999
nantes,6,10000000,1971.7085,16150.701,14178.992499999998
nantes,6,10000000,1978.6592,16157.557,14178.8978
nantes,6,10000000,1984.9988,16163.376,14178.3772
rennes,6,10000000,1934.9603,16115.196,14180.2357
rennes,6,10000000,1939.2598,16119.951,14180.6912
rennes,6,10000000,1944.3245,16124.984,14180.6595
rennes,6,10000000,1949.5605,16130.025,14180.4645
nantes,6,10000000,2160.7324,16341.761,14181.028600000001
rennes,6,10000000,1954.1794,16134.905,14180.725600000002
rennes,6,10000000,1959.8424,16140.123,14180.2806
rennes,6,10000000,1964.7369,16145.008,14180.2711
rennes,6,10000000,1969.2366,16149.92,14180.6834
rennes,6,10000000,1974.027,16154.709,14180.682
rennes,6,10000000,1979.3379,16160.04,14180.7021
rennes,6,10000000,1984.3258,16165.035,14180.7092
rennes,6,10000000,1989.1873,16169.872,14180.6847
rennes,6,10000000,1993.8715,16174.614,14180.7425
rennes,6,10000000,1999.0422,16179.705,14180.6628
nantes,6,10000000,2166.8528,16347.87,14181.0172
rennes,6,10000000,2004.2462,16184.734,14180.4878
lyon,6,10000000,1886.6157,16066.212,14179.5963
lyon,6,10000000,1891.5968,16071.636,14180.039200000001
lyon,6,10000000,1898.8606,16078.449,14179.5884
lyon,6,10000000,1903.6534,16083.727,14180.073600000002
lyon,6,10000000,1909.6853,16089.704,14180.0187
lyon,6,10000000,1914.7322,16094.749,14180.0168
lyon,6,10000000,1920.9966,16100.558,14179.5614
lyon,6,10000000,1927.2073,16107.706,14180.4987
lyon,6,10000000,1932.0038,16112.03,14180.0262
nantes,6,10000000,2174.3657,16354.965,14180.5993
lyon,6,10000000,1938.9303,16119.015,14180.0847
lyon,6,10000000,1944.3237,16124.392,14180.068299999999
lyon,6,10000000,1951.2468,16130.882,14179.6352
lyon,6,10000000,1956.5793,16136.223,14179.6437
lyon,6,10000000,1962.6002,16142.61,14180.0098
lyon,6,10000000,1968.3127,16148.342,14180.0293
rennes,6,10000000,1830.9861,16011.006,14180.0199
rennes,6,10000000,1835.9427,16016.251,14180.3083
rennes,6,10000000,1841.3138,16021.294,14179.9802
rennes,6,10000000,1845.8513,16026.193,14180.341699999999
nantes,6,10000000,2179.2793,16360.357,14181.0777
rennes,6,10000000,1850.9573,16031.288,14180.3307
rennes,6,10000000,1856.6305,16036.635,14180.004500000001
rennes,6,10000000,1860.7197,16041.031,14180.311300000001
rennes,6,10000000,1865.9963,16046.285,14180.2887
rennes,6,10000000,1870.6477,16050.968,14180.320300000001
rennes,6,10000000,1875.5929,16055.929,14180.3361
rennes,6,10000000,1880.9034,16060.985,14180.081600000001
rennes,6,10000000,1885.3412,16065.691,14180.3498
rennes,6,10000000,1890.2279,16070.511,14180.2831
rennes,6,10000000,1895.3282,16075.653,14180.3248
nantes,6,10000000,2186.249,16367.26,14181.011
rennes,6,10000000,1899.9967,16080.302,14180.3053
nancy,6,10000000,1959.7778,16139.218,14179.440200000001
nancy,6,10000000,1963.61,16143.078,14179.467999999999
nancy,6,10000000,1968.3027,16147.318,14179.0153
nancy,6,10000000,1971.7155,16151.191,14179.4755
nancy,6,10000000,1975.7566,16155.228,14179.471399999999
nancy,6,10000000,1979.5453,16159.02,14179.4747
nancy,6,10000000,1983.5193,16162.981,14179.4617
nancy,6,10000000,1987.4277,16166.908,14179.4803
nancy,6,10000000,1991.3816,16170.832,14179.4504
nantes,6,10000000,2191.9739,16372.995,14181.021100000002
nancy,6,10000000,1995.3372,16174.78,14179.4428
nancy,6,10000000,1999.3977,16178.841,14179.4433
nancy,6,10000000,2002.9512,16182.467,14179.515800000001
nancy,6,10000000,2006.7303,16186.211,14179.4807
nancy,6,10000000,2010.5138,16190.443,14179.929199999999
nancy,6,10000000,2014.1935,16193.632,14179.4385
lyon,6,10000000,1406.3425,15589.295,14182.9525
lyon,6,10000000,1417.4509,15600.48,14183.0291
lyon,6,10000000,1428.1592,15611.123,14182.9638
lyon,6,10000000,1440.2484,15622.5205,14182.2721
nantes,6,10000000,2198.428,16379.437,14181.009
lyon,6,10000000,1451.1676,15633.538,14182.3704
lyon,6,10000000,1461.6566,15644.614,14182.9574
lyon,6,10000000,1473.3507,15655.659,14182.3083
lyon,6,10000000,1484.164,15667.142,14182.978
lyon,6,10000000,1495.9792,15678.266,14182.2868
lyon,6,10000000,1506.3646,15689.361,14182.9964
lyon,6,10000000,1517.5779,15700.599,14183.0211
lyon,6,10000000,1528.2152,15711.239,14183.023799999999
lyon,6,10000000,1539.1681,15722.206,14183.0379
lyon,6,10000000,1551.0311,15734.057,14183.0259
nancy,6,10000000,2286.1548,16464.922,14178.767199999998
nantes,6,10000000,2203.6328,16384.725,14181.0922
lyon,6,10000000,1562.5203,15745.5205,14183.0002
lyon,6,10000000,2118.4988,16298.988,14180.4892
lyon,6,10000000,2124.8337,16304.768,14179.9343
lyon,6,10000000,2130.5588,16310.955,14180.3962
lyon,6,10000000,2136.857,16321.491,14184.634
lyon,6,10000000,2142.2717,16322.616,14180.3443
lyon,6,10000000,2148.5415,16328.951,14180.4095
lyon,6,10000000,2154.045,16334.488,14180.443
lyon,6,10000000,2160.3938,16340.353,14179.9592
lyon,6,10000000,2165.4617,16345.928,14180.4663
nancy,6,10000000,2290.1538,16469.033,14178.8792
lyon,6,10000000,2172.4785,16352.879,14180.4005
lyon,6,10000000,2178.0168,16358.461,14180.4442
lyon,6,10000000,2184.6794,16365.141,14180.461599999999
lyon,6,10000000,2190.2317,16370.577,14180.345299999999
lyon,6,10000000,2196.7993,16377.266,14180.466699999999
lyon,6,10000000,2202.4426,16382.927,14180.4844
nantes,6,10000000,2095.873,16275.026,14179.153
nantes,6,10000000,2102.2554,16280.758,14178.5026
nantes,6,10000000,2108.162,16287.256,14179.094
nantes,6,10000000,2113.9133,16292.458,14178.5447
nancy,6,10000000,2294.546,16473.303,14178.757
nantes,6,10000000,2119.489,16298.53,14179.041000000001
nantes,6,10000000,2125.7346,16304.766,14179.0314
nantes,6,10000000,2131.4668,16310.486,14179.0192
nantes,6,10000000,2137.82,16316.973,14179.153
nantes,6,10000000,2144.5227,16323.092,14178.569300000001
nantes,6,10000000,2150.8406,16330.269,14179.4284
nantes,6,10000000,2155.941,16334.987,14179.045999999998
nantes,6,10000000,2163.431,16342.605,14179.173999999999
nantes,6,10000000,2169.1758,16348.2,14179.0242
nantes,6,10000000,2175.5422,16354.66,14179.1178
nancy,6,10000000,2298.4102,16477.188,14178.777799999998
nantes,6,10000000,2181.3862,16360.454,14179.0678
nantes,6,10000000,2080.6018,16261.975,14181.3732
nantes,6,10000000,2087.1028,16268.135,14181.0322
nantes,6,10000000,2092.7854,16273.823,14181.0376
nantes,6,10000000,2098.595,16279.974,14181.379
nantes,6,10000000,2104.421,16285.82,14181.399
nantes,6,10000000,2110.5735,16291.988,14181.414499999999
nantes,6,10000000,2116.4128,16297.852,14181.4392
nantes,6,10000000,2122.9473,16304.329,14181.3817
nantes,6,10000000,2128.4353,16309.8125,14181.377199999999
nancy,6,10000000,2302.5276,16481.297,14178.7694
nantes,6,10000000,2135.4045,16316.841,14181.4365
nantes,6,10000000,2141.0173,16322.277,14181.2597
nantes,6,10000000,2147.572,16329.203,14181.631
nantes,6,10000000,2152.979,16334.373,14181.394
nantes,6,10000000,2159.7122,16341.122,14181.4098
nantes,6,10000000,2165.6487,16347.072,14181.4233
rennes,6,10000000,2132.2551,16313.042,14180.7869
rennes,6,10000000,2137.3125,16317.527,14180.2145
rennes,6,10000000,2142.3054,16323.08,14180.7746
rennes,6,10000000,2147.102,16327.935,14180.832999999999
nancy,6,10000000,2306.569,16485.32,14178.751
rennes,6,10000000,2152.3052,16333.074,14180.768800000002
rennes,6,10000000,2156.8533,16337.637,14180.7837
rennes,6,10000000,2162.294,16342.529,14180.235
rennes,6,10000000,2167.1082,16347.346,14180.237799999999
rennes,6,10000000,2171.427,16352.203,14180.776
rennes,6,10000000,2176.1526,16356.888,14180.735400000001
rennes,6,10000000,2181.2732,16362.055,14180.7818
rennes,6,10000000,2186.3123,16367.102,14180.789700000001
rennes,6,10000000,2191.481,16372.303,14180.822
rennes,6,10000000,2196.1245,16376.899,14180.7745
nancy,6,10000000,2310.677,16489.506,14178.829000000002
rennes,6,10000000,2201.1387,16381.926,14180.7873
nantes,6,10000000,2057.5676,16238.323,14180.7554
nantes,6,10000000,2062.3926,16243.658,14181.2654
nantes,6,10000000,2068.5303,16249.77,14181.2397
nantes,6,10000000,2074.6636,16255.939,14181.2754
nantes,6,10000000,2079.9446,16261.631,14181.686399999999
nantes,6,10000000,2087.009,16268.213,14181.204
nantes,6,10000000,2092.3306,16273.59,14181.2594
nantes,6,10000000,2098.433,16279.705,14181.272
nantes,6,10000000,2103.7576,16285.036,14181.2784
nancy,7,10000000,2272.1475,15918.425,13646.2775
nancy,7,10000000,2307.9233,15954.19,13646.2667
nantes,7,10000000,2059.9453,15706.232,13646.2867
nantes,7,10000000,2065.413,15711.739,13646.326
nantes,7,10000000,2071.9497,15718.269,13646.3193
nantes,7,10000000,2077.3076,15723.61,13646.3024
nantes,7,10000000,2083.8784,15730.184,13646.3056
nantes,7,10000000,2089.8706,15736.1875,13646.3169
rennes,7,10000000,2037.648,15683.525,13645.877
rennes,7,10000000,2041.4846,15687.792,13646.3074
rennes,7,10000000,2046.6688,15693.7295,13647.0607
rennes,7,10000000,2051.5813,15697.864,13646.2827
nancy,7,10000000,2311.9775,15958.381,13646.4035
rennes,7,10000000,2056.3088,15702.654,13646.3452
rennes,7,10000000,2061.895,15707.853,13645.957999999999
rennes,7,10000000,2066.8542,15712.852,13645.997800000001
rennes,7,10000000,2071.5994,15717.88,13646.280599999998
rennes,7,10000000,2077.1304,15723.115,13645.9846
rennes,7,10000000,2081.8804,15728.159,13646.2786
rennes,7,10000000,2086.4,15732.719,13646.319
rennes,7,10000000,2091.5618,15737.825,13646.263200000001
rennes,7,10000000,2096.0784,15742.353,13646.274599999999
rennes,7,10000000,2101.3928,15747.756,13646.3632
nancy,7,10000000,2316.2212,15962.49,13646.2688
rennes,7,10000000,2106.1565,15752.423,13646.266500000002
lyon,7,10000000,1571.6023,15218.074,13646.4717
lyon,7,10000000,1582.6243,15229.081,13646.4567
lyon,7,10000000,1594.1882,15240.694,13646.505799999999
lyon,7,10000000,1605.4197,15251.837,13646.4173
lyon,7,10000000,1616.9579,15262.859,13645.901100000001
lyon,7,10000000,1628.5479,15274.562,13646.0141
lyon,7,10000000,1640.099,15286.068,13645.969
lyon,7,10000000,1651.014,15296.963,13645.949
lyon,7,10000000,1662.0519,15308.514,13646.462099999999
nancy,7,10000000,2320.2388,15966.496,13646.2572
lyon,7,10000000,1673.0333,15319.509,13646.475699999999
lyon,7,10000000,1683.7328,15330.213,13646.4802
lyon,7,10000000,1695.2767,15341.683,13646.4063
lyon,7,10000000,1706.6523,15353.136,13646.4837
lyon,7,10000000,1717.987,15364.444,13646.456999999999
lyon,7,10000000,1729.3083,15375.757,13646.448699999999
lyon,7,10000000,1970.0272,15616.4,13646.3728
lyon,7,10000000,1975.8198,15622.131,13646.3112
lyon,7,10000000,1981.3319,15627.673,13646.341100000001
lyon,7,10000000,1987.8468,15633.809,13645.9622
nancy,7,10000000,2324.3118,15970.673,13646.361200000001
lyon,7,10000000,1993.9542,15640.357,13646.4028
lyon,7,10000000,1999.8951,15645.916,13646.0209
lyon,7,10000000,2005.1915,15651.51,13646.318500000001
lyon,7,10000000,2011.4551,15657.892,13646.4369
lyon,7,10000000,2017.087,15662.928,13645.841
lyon,7,10000000,2023.2919,15669.595,13646.3031
lyon,7,10000000,2028.7223,15675.023,13646.3007
lyon,7,10000000,2034.9407,15681.288,13646.347300000001
lyon,7,10000000,2040.7784,15687.096,13646.3176
lyon,7,10000000,2047.4563,15693.787,13646.3307
nancy,7,10000000,2328.219,15974.44,13646.221000000001
lyon,7,10000000,2053.3267,15699.659,13646.3323
rennes,7,10000000,1905.6382,15551.977,13646.338800000001
rennes,7,10000000,1910.3184,15556.697,13646.3786
rennes,7,10000000,1916.2241,15562.087,13645.8629
rennes,7,10000000,1920.6903,15566.997,13646.3067
rennes,7,10000000,1925.9313,15572.271,13646.3397
rennes,7,10000000,1930.7041,15577.114,13646.409899999999
rennes,7,10000000,1936.0735,15582.4,13646.3265
rennes,7,10000000,1941.3414,15587.65,13646.3086
rennes,7,10000000,1946.3207,15592.709,13646.3883
nantes,7,10000000,2109.0288,15754.922,13645.8932
rennes,7,10000000,1951.6144,15597.473,13645.8586
rennes,7,10000000,1956.075,15602.386,13646.311
rennes,7,10000000,1961.2555,15607.674,13646.418500000002
rennes,7,10000000,1966.3167,15612.654,13646.337300000001
rennes,7,10000000,1971.3728,15617.716,13646.3432
rennes,7,10000000,1976.3054,15622.678,13646.3726
nancy,7,10000000,2064.1167,15710.403,13646.2863
nancy,7,10000000,2067.7856,15714.105,13646.3194
nancy,7,10000000,2071.8413,15718.178,13646.3367
nancy,7,10000000,2075.7495,15722.042,13646.2925
nantes,7,10000000,2113.9722,15760.334,13646.3618
nancy,7,10000000,2079.7834,15726.074,13646.2906
nancy,7,10000000,2083.8857,15730.173,13646.2873
nancy,7,10000000,2087.8997,15734.154,13646.2543
nancy,7,10000000,2091.9329,15738.228,13646.2951
nancy,7,10000000,2095.7236,15742.014,13646.2904
nancy,7,10000000,2099.4922,15745.867,13646.3748
nancy,7,10000000,2103.5903,15749.884,13646.2937
nancy,7,10000000,2107.7476,15754.042,13646.294399999999
nancy,7,10000000,2111.418,15757.766,13646.348
nancy,7,10000000,2115.8457,15762.179,13646.3333
nantes,7,10000000,2120.5105,15766.83,13646.3195
nancy,7,10000000,2119.9595,15766.287,13646.3275
nancy,7,10000000,2037.8625,15684.116,13646.2535
nancy,7,10000000,2041.8694,15688.118,13646.2486
nancy,7,10000000,2045.8531,15692.126,13646.2729
nancy,7,10000000,2049.8047,15696.075,13646.2703
nancy,7,10000000,2053.805,15700.07,13646.265
nancy,7,10000000,2057.923,15704.27,13646.347000000002
nancy,7,10000000,2061.924,15708.338,13646.414
nancy,7,10000000,2066.074,15712.363,13646.288999999999
nancy,7,10000000,2070.1792,15716.454,13646.2748
nantes,7,10000000,2126.9536,15773.319,13646.365399999999
nancy,7,10000000,2074.143,15720.415,13646.272
nancy,7,10000000,2078.0947,15724.329,13646.2343
nancy,7,10000000,2081.8552,15728.186,13646.3308
nancy,7,10000000,2085.7642,15732.078,13646.3138
nancy,7,10000000,2089.6333,15736.002,13646.3687
nancy,7,10000000,2093.762,15740.083,13646.321
nancy,7,10000000,2018.4854,15664.869,13646.383600000001
nancy,7,10000000,2022.5189,15668.863,13646.344099999998
nancy,7,10000000,2026.4268,15672.875,13646.4482
nancy,7,10000000,2030.5674,15676.869,13646.3016
nancy,7,10000000,2275.8792,15922.168,13646.2888
nantes,7,10000000,2132.3018,15778.681,13646.3792
nancy,7,10000000,2034.5287,15680.867,13646.3383
nancy,7,10000000,2038.4507,15684.848,13646.3973
nancy,7,10000000,2042.8309,15689.039,13646.2081
nancy,7,10000000,2046.4778,15692.929,13646.4512
nancy,7,10000000,2050.5566,15696.885,13646.3284
nancy,7,10000000,2054.6716,15701.052,13646.3804
nancy,7,10000000,2058.854,15705.22,13646.366
nancy,7,10000000,2062.7551,15709.125,13646.3699
nancy,7,10000000,2066.8564,15713.188,13646.3316
nancy,7,10000000,2070.9502,15717.339,13646.3888
nantes,7,10000000,2138.4856,15784.833,13646.3474
nancy,7,10000000,2075.17,15721.505,13646.335
nantes,7,10000000,1871.882,15518.153,13646.271
nantes,7,10000000,1878.0548,15524.252,13646.1972
nantes,7,10000000,1884.1436,15530.089,13645.9454
nantes,7,10000000,1890.14,15536.496,13646.356
nantes,7,10000000,1896.5061,15542.713,13646.2069
nantes,7,10000000,1902.6923,15548.944,13646.251699999999
nantes,7,10000000,1908.4813,15554.681,13646.199700000001
nantes,7,10000000,1914.7687,15560.994,13646.2253
nantes,7,10000000,1920.0852,15566.494,13646.408800000001
nantes,7,10000000,2144.1082,15790.45,13646.3418
nantes,7,10000000,1927.0941,15573.043,13645.9489
nantes,7,10000000,1932.2288,15578.513,13646.2842
nantes,7,10000000,1938.9736,15585.333,13646.359400000001
nantes,7,10000000,1944.8384,15591.061,13646.2226
nantes,7,10000000,1951.3794,15597.61,13646.2306
nantes,7,10000000,1957.001,15603.286,13646.285
rennes,7,10000000,1911.504,15557.582,13646.078000000001
rennes,7,10000000,1915.9419,15562.028,13646.0861
rennes,7,10000000,1920.6803,15567.108,13646.4277
rennes,7,10000000,1925.3645,15571.798,13646.433500000001
nantes,7,10000000,2150.3123,15796.677,13646.3647
rennes,7,10000000,1930.7582,15577.14,13646.3818
rennes,7,10000000,1935.5311,15581.908,13646.3769
rennes,7,10000000,1940.9954,15587.025,13646.0296
rennes,7,10000000,1945.5538,15591.956,13646.4022
rennes,7,10000000,1950.624,15597.006,13646.382
rennes,7,10000000,1955.6187,15601.666,13646.047299999998
rennes,7,10000000,1959.9772,15606.395,13646.417800000001
rennes,7,10000000,1965.0717,15611.448,13646.3763
rennes,7,10000000,1969.9587,15616.33,13646.3713
rennes,7,10000000,1975.0001,15621.503,13646.502900000001
nantes,7,10000000,2156.525,15802.894,13646.369
rennes,7,10000000,1979.9312,15626.318,13646.3868
lyon,7,10000000,1855.9027,15502.301,13646.398299999999
lyon,7,10000000,1862.4785,15508.824,13646.345500000001
lyon,7,10000000,1867.4044,15513.756,13646.3516
lyon,7,10000000,1874.4047,15520.31,13645.905299999999
lyon,7,10000000,1879.2351,15525.621,13646.3859
lyon,7,10000000,1886.3226,15532.263,13645.940400000001
lyon,7,10000000,1890.6348,15536.961,13646.3262
lyon,7,10000000,1897.8026,15543.684,13645.881399999998
lyon,7,10000000,1902.5983,15548.882,13646.2837
nantes,7,10000000,2163.6387,15810.037,13646.3983
lyon,7,10000000,1909.1766,15555.531,13646.3544
lyon,7,10000000,1914.3578,15560.68,13646.3222
lyon,7,10000000,1920.8641,15567.233,13646.3689
lyon,7,10000000,1926.4827,15572.386,13645.9033
lyon,7,10000000,1932.4215,15578.722,13646.3005
lyon,7,10000000,1937.8221,15584.145,13646.322900000001
rennes,7,10000000,1873.1241,15518.9795,13645.8554
rennes,7,10000000,1877.14,15523.461,13646.321
rennes,7,10000000,1882.3032,15528.585,13646.281799999999
rennes,7,10000000,1887.0597,15533.375,13646.3153
nantes,7,10000000,2168.911,15815.236,13646.325
rennes,7,10000000,1892.4015,15538.667,13646.2655
rennes,7,10000000,1897.1997,15543.534,13646.3343
rennes,7,10000000,1902.1339,15548.432,13646.2981
rennes,7,10000000,1907.4502,15553.355,13645.9048
rennes,7,10000000,1912.0233,15558.337,13646.313699999999
rennes,7,10000000,1916.7202,15563.011,13646.2908
rennes,7,10000000,1921.552,15567.863,13646.311
rennes,7,10000000,1926.1892,15572.515,13646.325799999999
rennes,7,10000000,1931.4735,15577.77,13646.2965
rennes,7,10000000,1936.161,15582.488,13646.327
nantes,7,10000000,2175.666,15822.004,13646.338
rennes,7,10000000,1941.52,15587.805,13646.285
nancy,7,10000000,1943.3086,15589.527,13646.2184
nancy,7,10000000,1947.0918,15593.444,13646.3522
nancy,7,10000000,1951.1404,15597.472,13646.3316
nancy,7,10000000,1955.4243,15601.712,13646.287699999999
nancy,7,10000000,1959.384,15605.733,13646.349
nancy,7,10000000,1963.492,15609.791,13646.298999999999
nancy,7,10000000,1967.4668,15613.755,13646.288199999999
nancy,7,10000000,1971.4076,15617.649,13646.241399999999
nancy,7,10000000,1975.4054,15621.632,13646.2266
nantes,7,10000000,2181.423,15827.832,13646.409
nancy,7,10000000,1979.6133,15625.838,13646.224699999999
nancy,7,10000000,1983.6915,15629.8955,13646.204000000002
nancy,7,10000000,1987.5927,15633.815,13646.222300000001
nancy,7,10000000,1991.4806,15637.769,13646.2884
nancy,7,10000000,1995.5431,15641.764,13646.220899999998
nancy,7,10000000,1999.4723,15645.682,13646.209700000001
lyon,7,10000000,1353.1768,14999.091,13645.914200000001
lyon,7,10000000,1363.4956,15009.979,13646.4834
lyon,7,10000000,1375.029,15021.446,13646.417
lyon,7,10000000,1387.2269,15033.668,13646.4411
nantes,7,10000000,2187.83,15834.238,13646.408
lyon,7,10000000,1398.8511,15044.663,13645.8119
lyon,7,10000000,1409.7488,15056.079,13646.3302
lyon,7,10000000,1421.985,15068.304,13646.319
lyon,7,10000000,1433.4194,15079.831,13646.4116
lyon,7,10000000,1444.7141,15091.175,13646.4609
lyon,7,10000000,1456.3153,15102.577,13646.2617
lyon,7,10000000,1467.4016,15113.848,13646.4464
lyon,7,10000000,1479.0885,15125.442,13646.3535
lyon,7,10000000,1490.5747,15136.338,13645.7633
lyon,7,10000000,1501.796,15147.645,13645.849
nancy,7,10000000,2279.9734,15926.242,13646.2686
nantes,7,10000000,2194.1133,15840.519,13646.4057
lyon,7,10000000,1513.1218,15159.444,13646.322199999999
lyon,7,10000000,2123.7498,15770.014,13646.2642
lyon,7,10000000,2130.488,15776.343,13645.855000000001
lyon,7,10000000,2135.1345,15781.396,13646.2615
lyon,7,10000000,2141.5496,15787.407,13645.857399999999
lyon,7,10000000,2148.4714,15794.272,13645.8006
lyon,7,10000000,2153.402,15799.661,13646.259
lyon,7,10000000,2159.8528,15806.116,13646.2632
lyon,7,10000000,2164.8508,15811.137,13646.2862
lyon,7,10000000,2171.0962,15817.4,13646.3038
nancy,7,10000000,2283.821,15930.186,13646.365
lyon,7,10000000,2176.6248,15822.895,13646.2702
lyon,7,10000000,2182.6436,15828.903,13646.2594
lyon,7,10000000,2188.985,15835.323,13646.338
lyon,7,10000000,2194.1472,15840.418,13646.2708
lyon,7,10000000,2200.878,15847.243,13646.365
lyon,7,10000000,2206.4739,15852.796,13646.322100000001
nantes,7,10000000,2084.192,15729.995,13645.803
nantes,7,10000000,2089.415,15735.256,13645.841
nantes,7,10000000,2094.7131,15741.097,13646.3839
nantes,7,10000000,2101.0754,15747.484,13646.4086
nancy,7,10000000,2287.8462,15934.131,13646.2848
nantes,7,10000000,2106.4297,15752.715,13646.2853
nantes,7,10000000,2112.6206,15758.958,13646.3374
nantes,7,10000000,2119.148,15765.008,13645.86
nantes,7,10000000,2124.992,15771.463,13646.471
nantes,7,10000000,2130.6096,15777.026,13646.4164
nantes,7,10000000,2137.5132,15783.877,13646.363800000001
nantes,7,10000000,2143.0415,15789.472,13646.4305
nantes,7,10000000,2149.959,15796.33,13646.371
nantes,7,10000000,2155.747,15802.098,13646.351
nantes,7,10000000,2162.3323,15809.827,13647.4947
nancy,7,10000000,2291.9524,15938.289,13646.3366
nantes,7,10000000,2168.081,15814.543,13646.462
nantes,7,10000000,2055.8127,15702.09,13646.2773
nantes,7,10000000,2061.5598,15707.388,13645.8282
nantes,7,10000000,2067.9724,15713.873,13645.900599999999
nantes,7,10000000,2073.6707,15719.955,13646.2843
nantes,7,10000000,2079.465,15725.388,13645.923
nantes,7,10000000,2085.5264,15731.837,13646.310599999999
nantes,7,10000000,2091.912,15738.223,13646.311
nantes,7,10000000,2097.7886,15744.035,13646.2464
nantes,7,10000000,2104.3894,15750.683,13646.2936
nancy,7,10000000,2296.0173,15942.287,13646.2697
nantes,7,10000000,2109.501,15755.826,13646.324999999999
nantes,7,10000000,2115.5168,15761.818,13646.3012
nantes,7,10000000,2122.2942,15768.648,13646.353799999999
nantes,7,10000000,2128.0872,15774.414,13646.3268
nantes,7,10000000,2134.986,15781.318,13646.331999999999
nantes,7,10000000,2140.386,15786.672,13646.286
rennes,7,10000000,2082.5237,15728.914,13646.390300000001
rennes,7,10000000,2088.1326,15734.141,13646.008399999999
rennes,7,10000000,2092.8445,15738.959,13646.1145
rennes,7,10000000,2097.5278,15743.938,13646.4102
nancy,7,10000000,2299.9983,15946.221,13646.222699999998
rennes,7,10000000,2102.3848,15748.781,13646.396200000001
rennes,7,10000000,2107.6626,15754.044,13646.3814
rennes,7,10000000,2112.7039,15758.973,13646.2691
rennes,7,10000000,2117.5903,15763.967,13646.3767
rennes,7,10000000,2122.3838,15768.7705,13646.386700000001
rennes,7,10000000,2127.543,15773.648,13646.105
rennes,7,10000000,2132.329,15778.725,13646.396
rennes,7,10000000,2136.9197,15783.314,13646.3943
rennes,7,10000000,2142.2637,15788.65,13646.3863
rennes,7,10000000,2147.019,15793.427,13646.408
nancy,7,10000000,2304.0122,15950.279,13646.266800000001
rennes,7,10000000,2152.3008,15798.407,13646.106199999998
nantes,7,10000000,2005.9895,15652.293,13646.3035
nantes,7,10000000,2012.183,15658.083,13645.900000000001
nantes,7,10000000,2017.5791,15663.888,13646.3089
nantes,7,10000000,2024.1537,15670.12,13645.9663
nantes,7,10000000,2029.0895,15675.365,13646.2755
nantes,7,10000000,2036.2684,15682.204,13645.9356
nantes,7,10000000,2041.5414,15687.383,13645.8416
nantes,7,10000000,2047.5209,15693.799,13646.278100000001
nantes,7,10000000,2052.3462,15698.709,13646.3628
nancy,8,10000000,2321.9727,16553.186,14231.213300000001
nancy,8,10000000,2358.6094,16589.86,14231.250600000001
nantes,8,10000000,2127.76,16359.559,14231.798999999999
nantes,8,10000000,2133.1685,16365.006,14231.8375
nantes,8,10000000,2139.5981,16371.42,14231.821899999999
nantes,8,10000000,2145.3076,16377.096,14231.7884
nantes,8,10000000,2152.2476,16384.049,14231.801399999998
nantes,8,10000000,2157.7905,16389.611,14231.820500000002
rennes,8,10000000,2097.2412,16328.659,14231.4178
rennes,8,10000000,2101.9182,16333.36,14231.4418
rennes,8,10000000,2106.6934,16338.093,14231.3996
rennes,8,10000000,2111.3635,16342.81,14231.4465
nancy,8,10000000,2362.6345,16593.924,14231.289499999999
rennes,8,10000000,2116.346,16347.767,14231.421
rennes,8,10000000,2121.2961,16352.703,14231.4069
rennes,8,10000000,2126.595,16357.652,14231.057
rennes,8,10000000,2130.867,16362.3125,14231.4455
rennes,8,10000000,2135.9934,16367.004,14231.010600000001
rennes,8,10000000,2140.4531,16371.896,14231.4429
rennes,8,10000000,2145.4443,16376.783,14231.3387
rennes,8,10000000,2150.1416,16381.558,14231.416400000002
rennes,8,10000000,2155.506,16386.54,14231.034000000001
rennes,8,10000000,2160.3022,16391.3,14230.9978
nancy,8,10000000,2366.7595,16598.01,14231.250499999998
rennes,8,10000000,2165.0244,16396.426,14231.4016
lyon,8,10000000,1594.2373,15827.088,14232.850699999999
lyon,8,10000000,1605.0239,15837.969,14232.945099999999
lyon,8,10000000,1617.1964,15849.28,14232.0836
lyon,8,10000000,1628.321,15860.51,14232.189
lyon,8,10000000,1639.5781,15872.447,14232.8689
lyon,8,10000000,1651.1328,15883.297,14232.164200000001
lyon,8,10000000,1661.4382,15894.335,14232.896799999999
lyon,8,10000000,1673.1047,15905.964,14232.8593
lyon,8,10000000,1684.1808,15917.012,14232.8312
nancy,8,10000000,2370.9417,16602.143,14231.2013
lyon,8,10000000,1695.4445,15928.382,14232.9375
lyon,8,10000000,1706.2657,15939.179,14232.9133
lyon,8,10000000,1718.0243,15950.909,14232.884699999999
lyon,8,10000000,1728.4243,15961.253,14232.8287
lyon,8,10000000,1740.8505,15973.652,14232.8015
lyon,8,10000000,1752.5844,15984.732,14232.1476
lyon,8,10000000,2028.6453,16260.356,14231.7107
lyon,8,10000000,2035.0824,16266.201,14231.1186
lyon,8,10000000,2039.906,16271.534,14231.628
lyon,8,10000000,2046.4673,16277.58,14231.1127
nancy,8,10000000,2375.063,16606.307,14231.244
lyon,8,10000000,2051.0894,16282.7705,14231.681100000002
lyon,8,10000000,2057.3079,16288.948,14231.6401
lyon,8,10000000,2062.3857,16294.06,14231.674299999999
lyon,8,10000000,2068.76,16300.435,14231.675
lyon,8,10000000,2074.0737,16305.69,14231.616300000002
lyon,8,10000000,2080.1653,16311.832,14231.6667
lyon,8,10000000,2085.433,16317.064,14231.631000000001
lyon,8,10000000,2091.8442,16323.509,14231.6648
lyon,8,10000000,2097.3108,16328.941,14231.6302
lyon,8,10000000,2104.1743,16335.825,14231.6507
nancy,8,10000000,2379.251,16610.463,14231.212
lyon,8,10000000,2109.8394,16341.465,14231.6256
rennes,8,10000000,2022.8464,16254.145,14231.2986
rennes,8,10000000,2027.0443,16258.687,14231.6427
rennes,8,10000000,2032.7428,16264.052,14231.3092
rennes,8,10000000,2036.9596,16268.597,14231.6374
rennes,8,10000000,2041.8083,16273.64,14231.831699999999
rennes,8,10000000,2047.0033,16278.258,14231.2547
rennes,8,10000000,2051.62,16283.099,14231.479
rennes,8,10000000,2056.414,16289.615,14233.201
rennes,8,10000000,2061.5237,16293.451,14231.9273
nantes,8,10000000,2145.7034,16377.659,14231.9556
rennes,8,10000000,2066.2214,16297.899,14231.677599999999
rennes,8,10000000,2071.1812,16302.82,14231.6388
rennes,8,10000000,2076.406,16308.075,14231.669000000002
rennes,8,10000000,2081.664,16312.952,14231.287999999999
rennes,8,10000000,2086.5242,16318.176,14231.6518
rennes,8,10000000,2091.0505,16322.674,14231.623500000002
nancy,8,10000000,2101.4673,16332.762,14231.2947
nancy,8,10000000,2104.8914,16336.174,14231.2826
nancy,8,10000000,2109.174,16340.548,14231.374
nancy,8,10000000,2113.041,16344.351,14231.310000000001
nantes,8,10000000,2151.9705,16383.961,14231.9905
nancy,8,10000000,2117.0376,16348.358,14231.3204
nancy,8,10000000,2121.1194,16352.405,14231.285600000001
nancy,8,10000000,2124.9272,16356.239,14231.3118
nancy,8,10000000,2128.9795,16360.331,14231.3515
nancy,8,10000000,2133.1245,16364.436,14231.3115
nancy,8,10000000,2136.9158,16368.402,14231.4862
nancy,8,10000000,2140.665,16372.053,14231.387999999999
nancy,8,10000000,2144.323,16375.746,14231.422999999999
nancy,8,10000000,2148.4133,16379.717,14231.3037
nancy,8,10000000,2152.2605,16383.577,14231.316499999999
nantes,8,10000000,2157.941,16389.676,14231.735
nancy,8,10000000,2155.8176,16387.195,14231.3774
nancy,8,10000000,2090.9668,16322.565,14231.5982
nancy,8,10000000,2094.7053,16326.312,14231.6067
nancy,8,10000000,2098.8655,16330.49,14231.6245
nancy,8,10000000,2102.854,16334.477,14231.623000000001
nancy,8,10000000,2107.0073,16338.603,14231.595699999998
nancy,8,10000000,2110.7808,16342.399,14231.618199999999
nancy,8,10000000,2115.258,16346.535,14231.277
nancy,8,10000000,2118.9343,16350.563,14231.628700000001
nancy,8,10000000,2122.9324,16354.5625,14231.6301
nantes,8,10000000,2164.1646,16395.81,14231.645400000001
nancy,8,10000000,2126.8643,16358.494,14231.629700000001
nancy,8,10000000,2131.0781,16362.671,14231.5929
nancy,8,10000000,2135.1863,16366.854,14231.6677
nancy,8,10000000,2139.2532,16370.876,14231.622800000001
nancy,8,10000000,2143.2322,16374.855,14231.6228
nancy,8,10000000,2147.2576,16378.935,14231.6774
nancy,8,10000000,2066.8674,16298.027,14231.159599999999
nancy,8,10000000,2070.523,16301.632,14231.109
nancy,8,10000000,2074.688,16305.856,14231.168
nancy,8,10000000,2078.7532,16309.8545,14231.101299999998
nancy,8,10000000,2325.8564,16557.072,14231.2156
nantes,8,10000000,2169.3323,16401.299,14231.966699999999
nancy,8,10000000,2082.7996,16313.949,14231.1494
nancy,8,10000000,2087.4158,16318.051,14230.635199999999
nancy,8,10000000,2090.9675,16322.067,14231.099499999998
nancy,8,10000000,2095.0437,16326.1455,14231.1018
nancy,8,10000000,2098.965,16330.072,14231.107
nancy,8,10000000,2102.8938,16334.116,14231.2222
nancy,8,10000000,2106.8286,16337.931,14231.1024
nancy,8,10000000,2110.8372,16341.999,14231.1618
nancy,8,10000000,2115.0957,16346.252,14231.1563
nancy,8,10000000,2119.1238,16350.306,14231.182200000001
nantes,8,10000000,2176.1016,16407.701,14231.599400000001
nancy,8,10000000,2123.168,16354.328,14231.16
nantes,8,10000000,1914.9589,16145.992,14231.0331
nantes,8,10000000,1920.7655,16151.321,14230.5555
nantes,8,10000000,1926.9972,16158.025,14231.0278
nantes,8,10000000,1933.1863,16163.65,14230.4637
nantes,8,10000000,1939.0889,16170.11,14231.0211
nantes,8,10000000,1944.8596,16175.819,14230.9594
nantes,8,10000000,1951.5121,16182.436,14230.9239
nantes,8,10000000,1958.0558,16188.539,14230.4832
nantes,8,10000000,1964.3116,16195.362,14231.0504
nantes,8,10000000,2181.6455,16413.65,14232.004500000001
nantes,8,10000000,1969.857,16200.855,14230.998
nantes,8,10000000,1976.3336,16207.327,14230.9934
nantes,8,10000000,1983.1488,16213.697,14230.548200000001
nantes,8,10000000,1988.318,16219.288,14230.970000000001
nantes,8,10000000,1994.5714,16225.612,14231.040599999998
nantes,8,10000000,2000.7567,16231.878,14231.1213
rennes,8,10000000,1949.4324,16181.017,14231.5846
rennes,8,10000000,1954.1371,16185.753,14231.6159
rennes,8,10000000,1959.1965,16190.748,14231.5515
rennes,8,10000000,1965.0991,16196.115,14231.0159
nantes,8,10000000,2187.5437,16419.49,14231.946300000001
rennes,8,10000000,1969.3885,16200.96,14231.571499999998
rennes,8,10000000,1974.768,16206.274,14231.506
rennes,8,10000000,1979.5071,16211.035,14231.5279
rennes,8,10000000,1984.4191,16215.912,14231.492900000001
rennes,8,10000000,1988.816,16220.441,14231.625
rennes,8,10000000,1993.9702,16225.566,14231.595800000001
rennes,8,10000000,1998.7627,16230.324,14231.561300000001
rennes,8,10000000,2003.9656,16235.54,14231.574400000001
rennes,8,10000000,2008.5044,16240.141,14231.6366
rennes,8,10000000,2014.03,16245.628,14231.598
nantes,8,10000000,2193.6548,16425.65,14231.995200000001
rennes,8,10000000,2019.2428,16250.28,14231.0372
lyon,8,10000000,1885.7968,16116.854,14231.0572
lyon,8,10000000,1890.7545,16122.419,14231.664499999999
lyon,8,10000000,1896.5375,16128.088,14231.5505
lyon,8,10000000,1902.0781,16133.677,14231.598899999999
lyon,8,10000000,1908.2079,16139.801,14231.5931
lyon,8,10000000,1914.3612,16145.478,14231.1168
lyon,8,10000000,1920.1975,16151.355,14231.1575
lyon,8,10000000,1926.2809,16157.351,14231.0701
lyon,8,10000000,1931.5386,16163.025,14231.4864
nantes,8,10000000,2200.8694,16432.867,14231.997599999999
lyon,8,10000000,1937.2073,16168.793,14231.5857
lyon,8,10000000,1942.9271,16174.456,14231.5289
lyon,8,10000000,1949.4404,16180.958,14231.517600000001
lyon,8,10000000,1954.4552,16185.991,14231.5358
lyon,8,10000000,1961.4166,16192.941,14231.5244
lyon,8,10000000,1966.6371,16198.194,14231.5569
rennes,8,10000000,1915.0756,16146.42,14231.3444
rennes,8,10000000,1919.3635,16150.8125,14231.449
rennes,8,10000000,1924.7007,16156.118,14231.417300000001
rennes,8,10000000,1929.5397,16161.001,14231.4613
nantes,8,10000000,2206.063,16438.049,14231.985999999999
rennes,8,10000000,1934.647,16165.989,14231.342
rennes,8,10000000,1939.5995,16170.94,14231.3405
rennes,8,10000000,1944.2501,16175.735,14231.484900000001
rennes,8,10000000,1948.9121,16180.357,14231.4449
rennes,8,10000000,1953.8457,16185.278,14231.4323
rennes,8,10000000,1959.1458,16190.51,14231.3642
rennes,8,10000000,1963.8192,16195.078,14231.2588
rennes,8,10000000,1968.9572,16200.417,14231.459799999999
rennes,8,10000000,1973.523,16204.942,14231.419
rennes,8,10000000,1979.0569,16210.505,14231.4481
nantes,8,10000000,2212.819,16444.86,14232.041000000001
rennes,8,10000000,1984.0319,16215.286,14231.2541
nancy,8,10000000,1976.0583,16207.161,14231.1027
nancy,8,10000000,1979.8854,16211.014,14231.1286
nancy,8,10000000,1983.8379,16215.002,14231.1641
nancy,8,10000000,1987.841,16218.975,14231.134
nancy,8,10000000,1991.5986,16222.729,14231.1304
nancy,8,10000000,1995.2567,16226.454,14231.1973
nancy,8,10000000,1999.6675,16230.795,14231.1275
nancy,8,10000000,2003.8044,16234.941,14231.136600000002
nancy,8,10000000,2007.6995,16238.792,14231.092499999999
nantes,8,10000000,2218.5352,16450.475,14231.939799999998
nancy,8,10000000,2011.5521,16242.658,14231.105899999999
nancy,8,10000000,2015.565,16246.674,14231.109
nancy,8,10000000,2019.3351,16250.437,14231.1019
nancy,8,10000000,2023.1151,16254.253,14231.137900000002
nancy,8,10000000,2027.1292,16258.225,14231.095800000001
nancy,8,10000000,2030.9384,16262.093,14231.154600000002
lyon,8,10000000,1405.7745,15638.451,14232.6765
lyon,8,10000000,1416.697,15649.317,14232.619999999999
lyon,8,10000000,1428.6045,15660.532,14231.9275
lyon,8,10000000,1440.1212,15672.755,14232.6338
nantes,8,10000000,2225.2864,16457.268,14231.9816
lyon,8,10000000,1451.358,15683.994,14232.636
lyon,8,10000000,1463.3162,15695.318,14232.0018
lyon,8,10000000,1474.0667,15706.707,14232.640300000001
lyon,8,10000000,1485.2711,15717.94,14232.6689
lyon,8,10000000,1496.6029,15729.226,14232.6231
lyon,8,10000000,1507.8505,15740.539,14232.6885
lyon,8,10000000,1519.4116,15751.616,14232.2044
lyon,8,10000000,1530.5056,15763.125,14232.6194
lyon,8,10000000,1541.2218,15773.873,14232.6512
lyon,8,10000000,1553.603,15786.263,14232.66
nancy,8,10000000,2330.0676,16561.31,14231.242400000001
nantes,8,10000000,2230.9592,16462.916,14231.956800000002
lyon,8,10000000,1564.21,15796.868,14232.658
lyon,8,10000000,2151.417,16382.349,14230.932
lyon,8,10000000,2157.018,16388.416,14231.398000000001
lyon,8,10000000,2162.6785,16394.133,14231.454500000002
lyon,8,10000000,2168.604,16399.99,14231.386000000002
lyon,8,10000000,2174.5974,16406.006,14231.4086
lyon,8,10000000,2179.5088,16410.94,14231.431199999999
lyon,8,10000000,2185.8662,16417.307,14231.4408
lyon,8,10000000,2192.586,16424.027,14231.440999999999
lyon,8,10000000,2198.331,16429.283,14230.952
nancy,8,10000000,2334.0032,16565.29,14231.286800000002
lyon,8,10000000,2204.088,16435.516,14231.428
lyon,8,10000000,2209.3254,16440.742,14231.416599999999
lyon,8,10000000,2215.7217,16447.176,14231.4543
lyon,8,10000000,2221.277,16452.756,14231.479000000001
lyon,8,10000000,2227.7024,16459.172,14231.469599999999
lyon,8,10000000,2233.3704,16464.309,14230.938600000001
nantes,8,10000000,2118.291,16349.251,14230.96
nantes,8,10000000,2125.221,16355.719,14230.498
nantes,8,10000000,2130.9136,16361.462,14230.5484
nantes,8,10000000,2135.8735,16366.827,14230.9535
nancy,8,10000000,2338.0603,16569.305,14231.2447
nantes,8,10000000,2142.8936,16373.901,14231.0074
nantes,8,10000000,2148.2085,16379.097,14230.8885
nantes,8,10000000,2155.074,16386.027,14230.952999999998
nantes,8,10000000,2160.6006,16391.664,14231.063400000001
nantes,8,10000000,2167.1238,16398.17,14231.046199999999
nantes,8,10000000,2173.3992,16404.404,14231.004799999999
nantes,8,10000000,2178.7734,16409.727,14230.953599999999
nantes,8,10000000,2186.1401,16416.623,14230.482899999999
nantes,8,10000000,2191.8726,16422.852,14230.979399999998
nantes,8,10000000,2198.4062,16429.332,14230.925799999999
nancy,8,10000000,2342.1992,16573.443,14231.2438
nantes,8,10000000,2204.2065,16435.203,14230.996500000001
nantes,8,10000000,2107.3438,16339.319,14231.975199999999
nantes,8,10000000,2112.9883,16344.961,14231.972699999998
nantes,8,10000000,2118.6326,16350.598,14231.965400000001
nantes,8,10000000,2124.3787,16356.367,14231.9883
nantes,8,10000000,2130.247,16362.217,14231.970000000001
nantes,8,10000000,2136.9941,16368.639,14231.6449
nantes,8,10000000,2141.7703,16373.81,14232.0397
nantes,8,10000000,2149.254,16381.21,14231.955999999998
nantes,8,10000000,2154.583,16386.59,14232.007
nancy,8,10000000,2346.3208,16577.57,14231.2492
nantes,8,10000000,2161.0469,16393.014,14231.9671
nantes,8,10000000,2166.5667,16398.545,14231.978299999999
nantes,8,10000000,2173.1245,16405.129,14232.004500000001
nantes,8,10000000,2178.5012,16410.477,14231.975799999998
nantes,8,10000000,2185.3735,16417.352,14231.9785
nantes,8,10000000,2191.116,16423.086,14231.97
rennes,8,10000000,2131.6897,16363.323,14231.633300000001
rennes,8,10000000,2136.9692,16368.559,14231.5898
rennes,8,10000000,2142.1626,16373.941,14231.778400000001
rennes,8,10000000,2147.005,16378.31,14231.305
nancy,8,10000000,2350.3464,16581.553,14231.2066
rennes,8,10000000,2151.677,16383.297,14231.62
rennes,8,10000000,2156.801,16388.43,14231.629
rennes,8,10000000,2161.5195,16393.148,14231.6285
rennes,8,10000000,2167.0442,16398.361,14231.3168
rennes,8,10000000,2171.4795,16403.11,14231.630500000001
rennes,8,10000000,2176.9143,16408.523,14231.6087
rennes,8,10000000,2181.482,16413.13,14231.648000000001
rennes,8,10000000,2186.571,16418.148,14231.577000000001
rennes,8,10000000,2191.258,16422.918,14231.660000000002
rennes,8,10000000,2196.908,16428.514,14231.606
nancy,8,10000000,2354.3467,16585.594,14231.2473
rennes,8,10000000,2201.8523,16433.463,14231.6107
nantes,8,10000000,2074.0159,16305.816,14231.8001
nantes,8,10000000,2079.3762,16311.201,14231.824799999999
nantes,8,10000000,2085.8906,16317.675,14231.784399999999
nantes,8,10000000,2092.0996,16323.418,14231.3184
nantes,8,10000000,2097.8955,16329.226,14231.3305
nantes,8,10000000,2103.6604,16335.441,14231.7806
nantes,8,10000000,2109.3684,16341.15,14231.7816
nantes,8,10000000,2115.6257,16347.386,14231.7603
nantes,8,10000000,2121.4458,16353.289,14231.843200000001
nancy,9,10000000,2312.238,16963.363,14651.125000000002
nancy,9,10000000,2349.6633,17000.785,14651.1217
nantes,9,10000000,2121.5046,16772.611,14651.1064
nantes,9,10000000,2127.272,16778.332,14651.059999999998
nantes,9,10000000,2134.4526,16785.115,14650.662400000001
nantes,9,10000000,2139.3362,16790.412,14651.0758
nantes,9,10000000,2146.7659,16797.855,14651.0891
nantes,9,10000000,2152.2815,16803.36,14651.0785
rennes,9,10000000,2087.14,16737.83,14650.690000000002
rennes,9,10000000,2091.2222,16742.55,14651.3278
rennes,9,10000000,2097.2227,16747.965,14650.7423
rennes,9,10000000,2101.7217,16753.05,14651.3283
nancy,9,10000000,2353.5479,17004.686,14651.138100000002
rennes,9,10000000,2106.6213,16757.877,14651.255700000002
rennes,9,10000000,2111.669,16762.955,14651.286000000002
rennes,9,10000000,2116.5305,16767.86,14651.3295
rennes,9,10000000,2121.7646,16773.08,14651.315400000001
rennes,9,10000000,2126.5544,16777.824,14651.2696
rennes,9,10000000,2131.5261,16782.875,14651.3489
rennes,9,10000000,2136.521,16787.83,14651.309000000001
rennes,9,10000000,2141.3726,16792.674,14651.301399999998
rennes,9,10000000,2146.2703,16797.521,14651.2507
rennes,9,10000000,2151.237,16802.527,14651.289999999997
nancy,9,10000000,2357.6418,17008.76,14651.118199999999
rennes,9,10000000,2156.2754,16807.543,14651.267600000001
lyon,9,10000000,1623.6823,16274.38,14650.697699999999
lyon,9,10000000,1633.6676,16285.12,14651.4524
lyon,9,10000000,1645.0004,16296.366,14651.365600000001
lyon,9,10000000,1656.9469,16307.673,14650.7261
lyon,9,10000000,1668.0956,16319.452,14651.356399999999
lyon,9,10000000,1678.733,16330.054,14651.321
lyon,9,10000000,1690.259,16341.591,14651.332
lyon,9,10000000,1701.3049,16352.707,14651.4021
lyon,9,10000000,1713.1353,16363.897,14650.761700000001
nancy,9,10000000,2361.7168,17012.861,14651.1442
lyon,9,10000000,1723.7482,16375.124,14651.3758
lyon,9,10000000,1735.2217,16386.547,14651.325299999999
lyon,9,10000000,1746.3722,16397.676,14651.3038
lyon,9,10000000,1757.3164,16408.664,14651.347600000001
lyon,9,10000000,1769.233,16420.584,14651.350999999999
lyon,9,10000000,1780.5801,16431.98,14651.3999
lyon,9,10000000,2001.6649,16652.844,14651.179100000001
lyon,9,10000000,2007.1969,16658.398,14651.201100000002
lyon,9,10000000,2012.8274,16664.02,14651.1926
lyon,9,10000000,2019.2213,16669.969,14650.747700000002
nancy,9,10000000,2365.7876,17016.889,14651.1014
lyon,9,10000000,2024.4391,16675.193,14650.7539
lyon,9,10000000,2030.3333,16681.527,14651.193699999998
lyon,9,10000000,2035.5327,16686.744,14651.211299999999
lyon,9,10000000,2042.1941,16693.39,14651.195899999999
lyon,9,10000000,2047.6744,16698.89,14651.2156
lyon,9,10000000,2054.4595,16705.424,14650.964499999998
lyon,9,10000000,2059.6096,16710.777,14651.167399999998
lyon,9,10000000,2065.9243,16717.156,14651.231699999998
lyon,9,10000000,2071.128,16722.336,14651.207999999999
lyon,9,10000000,2077.777,16729.006,14651.229000000001
nancy,9,10000000,2369.7053,17020.756,14651.050700000002
lyon,9,10000000,2083.6882,16734.9,14651.211800000001
rennes,9,10000000,2049.0388,16700.365,14651.326200000001
rennes,9,10000000,2053.9146,16705.34,14651.4254
rennes,9,10000000,2058.8845,16710.248,14651.3635
rennes,9,10000000,2063.733,16715.062,14651.329000000002
rennes,9,10000000,2069.208,16720.012,14650.803999999998
rennes,9,10000000,2073.6846,16725.111,14651.4264
rennes,9,10000000,2078.8357,16729.7,14650.864300000001
rennes,9,10000000,2083.2043,16734.576,14651.371700000002
rennes,9,10000000,2087.8496,16739.238,14651.388400000002
nantes,9,10000000,2179.0947,16830.342,14651.2473
rennes,9,10000000,2092.6577,16744.057,14651.399300000001
rennes,9,10000000,2098.2373,16749.014,14650.776699999999
rennes,9,10000000,2102.2378,16753.621,14651.3832
rennes,9,10000000,2107.219,16758.621,14651.401999999998
rennes,9,10000000,2112.0918,16763.494,14651.402199999999
rennes,9,10000000,2117.0388,16768.348,14651.309200000002
nancy,9,10000000,2108.634,16759.686,14651.052000000001
nancy,9,10000000,2112.5417,16763.635,14651.093299999999
nancy,9,10000000,2116.6855,16767.793,14651.107500000002
nancy,9,10000000,2120.3718,16771.58,14651.208200000001
nantes,9,10000000,2185.7583,16836.484,14650.7257
nancy,9,10000000,2124.5095,16775.639,14651.1295
nancy,9,10000000,2128.5347,16779.648,14651.1133
nancy,9,10000000,2132.3848,16783.475,14651.090199999999
nancy,9,10000000,2136.3718,16787.502,14651.1302
nancy,9,10000000,2140.3728,16791.477,14651.104199999998
nancy,9,10000000,2144.5112,16795.615,14651.1038
nancy,9,10000000,2148.464,16799.598,14651.134000000002
nancy,9,10000000,2152.435,16803.588,14651.153
nancy,9,10000000,2156.3953,16807.541,14651.145700000001
nancy,9,10000000,2160.1194,16811.295,14651.175599999999
nantes,9,10000000,2191.1274,16841.932,14650.804600000001
nancy,9,10000000,2164.2644,16815.357,14651.0926
nancy,9,10000000,2093.419,16744.648,14651.229000000001
nancy,9,10000000,2096.9775,16748.207,14651.229499999998
nancy,9,10000000,2101.1465,16752.414,14651.267500000002
nancy,9,10000000,2105.0276,16756.291,14651.263400000002
nancy,9,10000000,2109.068,16760.412,14651.344000000001
nancy,9,10000000,2113.1746,16764.416,14651.2414
nancy,9,10000000,2117.1655,16768.445,14651.2795
nancy,9,10000000,2121.2717,16772.564,14651.2923
nancy,9,10000000,2124.9204,16776.209,14651.2886
nantes,9,10000000,2196.925,16848.156,14651.231
nancy,9,10000000,2129.0137,16780.287,14651.2733
nancy,9,10000000,2133.1904,16784.479,14651.2886
nancy,9,10000000,2137.108,16788.33,14651.222000000002
nancy,9,10000000,2140.7834,16792.049,14651.265599999999
nancy,9,10000000,2144.5679,16795.84,14651.2721
nancy,9,10000000,2148.3447,16799.615,14651.270300000002
nancy,9,10000000,2086.8035,16737.895,14651.0915
nancy,9,10000000,2090.6443,16741.664,14651.0197
nancy,9,10000000,2094.5774,16745.645,14651.0676
nancy,9,10000000,2098.532,16749.652,14651.119999999999
nancy,9,10000000,2316.8123,16967.885,14651.072699999999
nantes,9,10000000,2202.7847,16853.969,14651.1843
nancy,9,10000000,2102.4822,16753.572,14651.0898
nancy,9,10000000,2106.8723,16757.607,14650.7347
nancy,9,10000000,2110.3174,16761.398,14651.080600000001
nancy,9,10000000,2114.6594,16765.693,14651.033599999999
nancy,9,10000000,2118.4866,16769.627,14651.1404
nancy,9,10000000,2122.4512,16773.51,14651.058799999999
nancy,9,10000000,2126.4531,16777.486,14651.0329
nancy,9,10000000,2130.405,16781.494,14651.088999999998
nancy,9,10000000,2134.2656,16785.36,14651.0944
nancy,9,10000000,2138.3276,16789.418,14651.090400000001
nantes,9,10000000,2209.0774,16860.305,14651.2276
nancy,9,10000000,2142.207,16793.273,14651.066
nantes,9,10000000,1926.4655,16577.184,14650.7185
nantes,9,10000000,1933.2183,16585.195,14651.9767
nantes,9,10000000,1938.238,16589.418,14651.180000000002
nantes,9,10000000,1945.3862,16596.12,14650.733799999998
nantes,9,10000000,1950.6108,16601.658,14651.047199999999
nantes,9,10000000,1957.2604,16608.281,14651.0206
nantes,9,10000000,1963.1023,16614.133,14651.030700000001
nantes,9,10000000,1970.0363,16620.775,14650.738700000002
nantes,9,10000000,1975.6211,16626.35,14650.728899999998
nantes,9,10000000,2214.5598,16865.775,14651.215200000002
nantes,9,10000000,1981.8141,16632.982,14651.1679
nantes,9,10000000,1987.5657,16638.625,14651.0593
nantes,9,10000000,1994.5686,16645.756,14651.1874
nantes,9,10000000,1999.989,16651.111,14651.122000000001
nantes,9,10000000,2007.05,16658.193,14651.143
nantes,9,10000000,2012.9011,16664.008,14651.106900000002
rennes,9,10000000,1940.6335,16591.78,14651.146499999999
rennes,9,10000000,1945.3223,16596.508,14651.185700000002
rennes,9,10000000,1950.1089,16601.277,14651.168099999999
rennes,9,10000000,1955.4188,16606.568,14651.1492
nantes,9,10000000,2221.3215,16872.52,14651.1985
rennes,9,10000000,1959.9056,16611.076,14651.1704
rennes,9,10000000,1965.0219,16616.158,14651.1361
rennes,9,10000000,1970.2303,16621.004,14650.773700000002
rennes,9,10000000,1974.9226,16626.084,14651.161399999999
rennes,9,10000000,1979.5862,16630.783,14651.1968
rennes,9,10000000,1984.427,16635.564,14651.136999999999
rennes,9,10000000,1988.9238,16640.09,14651.1662
rennes,9,10000000,1994.4247,16645.59,14651.1653
rennes,9,10000000,1999.1753,16650.396,14651.2207
rennes,9,10000000,2004.468,16655.623,14651.154999999999
nantes,9,10000000,2227.0283,16878.238,14651.209700000001
rennes,9,10000000,2009.2926,16660.49,14651.197400000001
lyon,9,10000000,1918.2942,16569.336,14651.041799999999
lyon,9,10000000,1923.4677,16574.594,14651.126300000002
lyon,9,10000000,1929.8401,16580.963,14651.1229
lyon,9,10000000,1935.7732,16586.893,14651.1198
lyon,9,10000000,1941.4473,16592.482,14651.0347
lyon,9,10000000,1947.8328,16598.967,14651.1342
lyon,9,10000000,1954.1624,16605.26,14651.0976
lyon,9,10000000,1960.3888,16611.457,14651.068199999998
lyon,9,10000000,1965.363,16616.486,14651.123000000001
nantes,9,10000000,2233.9827,16885.076,14651.0933
lyon,9,10000000,1971.9436,16623.084,14651.140399999998
lyon,9,10000000,1977.2836,16628.375,14651.0914
lyon,9,10000000,1983.4714,16634.646,14651.1746
lyon,9,10000000,1988.9698,16640.133,14651.1632
lyon,9,10000000,1995.4111,16649.785,14654.3739
lyon,9,10000000,2001.117,16652.27,14651.153
rennes,9,10000000,1912.6959,16563.428,14650.7321
rennes,9,10000000,1916.7278,16567.922,14651.194199999998
rennes,9,10000000,1921.6516,16572.82,14651.1684
rennes,9,10000000,1926.3503,16577.523,14651.172700000001
nantes,9,10000000,2239.614,16890.828,14651.214000000002
rennes,9,10000000,1931.6163,16582.77,14651.1537
rennes,9,10000000,1936.3453,16587.516,14651.170699999999
rennes,9,10000000,1941.4697,16592.57,14651.1003
rennes,9,10000000,1945.7278,16596.941,14651.213199999998
rennes,9,10000000,1950.8651,16602.04,14651.174900000002
rennes,9,10000000,1956.5883,16607.283,14650.6947
rennes,9,10000000,1960.4497,16611.607,14651.1573
rennes,9,10000000,1965.6908,16616.908,14651.2172
rennes,9,10000000,1970.305,16621.518,14651.213
rennes,9,10000000,1975.5935,16626.793,14651.199500000002
nantes,9,10000000,2246.0918,16897.3,14651.2082
rennes,9,10000000,1980.3802,16631.514,14651.1338
nancy,9,10000000,1987.648,16638.836,14651.188
nancy,9,10000000,1991.5569,16642.77,14651.2131
nancy,9,10000000,1995.7388,16646.938,14651.1992
nancy,9,10000000,1999.9459,16651.127,14651.1811
nancy,9,10000000,2003.9248,16655.113,14651.1882
nancy,9,10000000,2008.1515,16659.354,14651.2025
nancy,9,10000000,2011.9097,16663.164,14651.2543
nancy,9,10000000,2016.2421,16667.43,14651.1879
nancy,9,10000000,2020.4811,16671.637,14651.155899999998
nantes,9,10000000,2251.3376,16902.56,14651.222400000002
nancy,9,10000000,2024.4584,16675.75,14651.2916
nancy,9,10000000,2028.5504,16679.688,14651.137599999998
nancy,9,10000000,2032.9668,16684.12,14651.153199999999
nancy,9,10000000,2036.9998,16688.213,14651.2132
nancy,9,10000000,2041.1182,16692.363,14651.2448
nancy,9,10000000,2045.4385,16696.578,14651.139500000001
lyon,9,10000000,1419.0255,16069.682,14650.656500000001
lyon,9,10000000,1429.5074,16080.868,14651.3606
lyon,9,10000000,1440.6671,16091.938,14651.2709
lyon,9,10000000,1451.4098,16102.673,14651.263200000001
nantes,9,10000000,2258.1401,16909.367,14651.226899999998
lyon,9,10000000,1462.8401,16114.712,14651.8719
lyon,9,10000000,1474.4744,16125.158,14650.6836
lyon,9,10000000,1484.1564,16135.492,14651.3356
lyon,9,10000000,1496.117,16147.437,14651.32
lyon,9,10000000,1507.5841,16158.922,14651.3379
lyon,9,10000000,1518.9087,16170.232,14651.3233
lyon,9,10000000,1530.209,16181.5205,14651.3115
lyon,9,10000000,1541.6261,16192.932,14651.305900000001
lyon,9,10000000,1552.5946,16203.907,14651.312399999999
lyon,9,10000000,1564.7931,16216.12,14651.3269
nancy,9,10000000,2320.8738,16971.977,14651.1032
nantes,9,10000000,2263.3157,16914.549,14651.2333
lyon,9,10000000,1574.9176,16226.238,14651.320399999999
lyon,9,10000000,2158.2285,16809.576,14651.3475
lyon,9,10000000,2164.0564,16815.365,14651.308600000002
lyon,9,10000000,2170.3694,16821.664,14651.294600000001
lyon,9,10000000,2175.65,16826.97,14651.320000000002
lyon,9,10000000,2181.7712,16833.092,14651.320800000001
lyon,9,10000000,2186.9219,16838.252,14651.330100000001
lyon,9,10000000,2192.8137,16844.217,14651.4033
lyon,9,10000000,2200.1162,16851.232,14651.1158
lyon,9,10000000,2205.6528,16856.959,14651.306199999999
nancy,9,10000000,2325.0264,16976.188,14651.161599999998
lyon,9,10000000,2212.1462,16863.47,14651.323800000002
lyon,9,10000000,2217.2395,16868.594,14651.354500000001
lyon,9,10000000,2224.0352,16875.361,14651.3258
lyon,9,10000000,2229.2112,16880.592,14651.3808
lyon,9,10000000,2236.227,16887.635,14651.408
lyon,9,10000000,2242.1072,16893.434,14651.3268
nantes,9,10000000,2133.418,16784.607,14651.189
nantes,9,10000000,2139.4163,16790.357,14650.9407
nantes,9,10000000,2146.1914,16797.402,14651.210599999999
nantes,9,10000000,2151.5994,16802.83,14651.230600000003
nancy,9,10000000,2329.1682,16980.244,14651.075799999999
nantes,9,10000000,2158.6816,16809.861,14651.1794
nantes,9,10000000,2164.1184,16815.3,14651.1816
nantes,9,10000000,2169.9844,16821.168,14651.183600000002
nantes,9,10000000,2176.9219,16828.154,14651.2321
nantes,9,10000000,2182.3074,16833.525,14651.217600000002
nantes,9,10000000,2189.1335,16840.328,14651.194500000001
nantes,9,10000000,2194.0425,16845.262,14651.2195
nantes,9,10000000,2201.7202,16853.979,14652.2588
nantes,9,10000000,2206.936,16858.13,14651.194000000001
nantes,9,10000000,2213.674,16864.857,14651.183
nancy,9,10000000,2333.5364,16984.643,14651.1066
nantes,9,10000000,2219.5125,16870.729,14651.216499999999
nantes,9,10000000,2119.008,16769.719,14650.711000000001
nantes,9,10000000,2124.97,16776.152,14651.181999999999
nantes,9,10000000,2130.44,16781.547,14651.106999999998
nantes,9,10000000,2136.5984,16787.734,14651.135600000001
nantes,9,10000000,2142.5842,16793.79,14651.205800000002
nantes,9,10000000,2149.2795,16799.898,14650.6185
nantes,9,10000000,2154.642,16805.842,14651.2
nantes,9,10000000,2161.115,16812.297,14651.181999999999
nantes,9,10000000,2166.2063,16817.363,14651.156700000001
nancy,9,10000000,2337.521,16988.627,14651.106
nantes,9,10000000,2172.8726,16824.055,14651.1824
nantes,9,10000000,2178.736,16829.82,14651.083999999999
nantes,9,10000000,2184.9426,16836.096,14651.153400000001
nantes,9,10000000,2190.156,16841.328,14651.172000000002
nantes,9,10000000,2197.1343,16848.246,14651.1117
nantes,9,10000000,2202.7507,16853.895,14651.1443
rennes,9,10000000,2132.6636,16783.84,14651.1764
rennes,9,10000000,2137.5244,16788.658,14651.1336
rennes,9,10000000,2142.2131,16793.365,14651.1519
rennes,9,10000000,2147.3557,16798.53,14651.174299999999
nancy,9,10000000,2341.5627,16992.73,14651.1673
rennes,9,10000000,2152.184,16803.37,14651.185999999998
rennes,9,10000000,2156.9526,16808.127,14651.1744
rennes,9,10000000,2162.7424,16813.404,14650.6616
rennes,9,10000000,2167.5288,16818.674,14651.145199999999
rennes,9,10000000,2172.348,16823.516,14651.168
rennes,9,10000000,2177.8699,16828.498,14650.6281
rennes,9,10000000,2182.2493,16833.406,14651.1567
rennes,9,10000000,2187.3599,16839.504,14652.144100000001
rennes,9,10000000,2192.1438,16843.314,14651.170199999999
rennes,9,10000000,2198.0293,16848.623,14650.5937
nancy,9,10000000,2345.5361,16996.66,14651.1239
rennes,9,10000000,2202.3838,16853.545,14651.161199999999
nantes,9,10000000,2067.7944,16718.883,14651.088600000001
nantes,9,10000000,2073.7717,16724.744,14650.9723
nantes,9,10000000,2079.6018,16730.645,14651.0432
nantes,9,10000000,2085.611,16736.594,14650.983
nantes,9,10000000,2091.1375,16742.1,14650.962499999998
nantes,9,10000000,2097.222,16748.166,14650.944000000001
nantes,9,10000000,2102.892,16753.922,14651.029999999999
nantes,9,10000000,2109.6904,16760.303,14650.6126
nantes,9,10000000,2114.8071,16765.902,14651.094899999998
