cluster,run_index,msg_size,start,end,duration
nantes,0,10000,1010.0772,1010.39197,0.31477000000006683
nantes,0,10000,1065.3441,1065.6862,0.3421000000000731
nantes,0,10000,912.4909,912.8486,0.35770000000002256
nantes,0,10000,918.68115,918.8068,0.12564999999995052
nantes,0,10000,925.4556,925.7646,0.3089999999999691
nantes,0,10000,931.1709,931.51385,0.34295000000008713
nantes,0,10000,938.86194,939.1968,0.3348600000000488
nantes,0,10000,944.67065,945.0378,0.36714999999992415
nantes,0,10000,851.5775,851.7849,0.2074000000000069
nantes,0,10000,869.307,869.47076,0.16376000000002477
nantes,0,10000,1072.2186,1072.5548,0.33619999999996253
nantes,0,10000,874.94934,875.0329,0.08356000000003405
nantes,0,10000,881.5354,881.7053,0.16989999999998417
nantes,0,10000,887.45496,887.628,0.17304000000001452
nantes,0,10000,894.5876,894.6879,0.10030000000006112
nantes,0,10000,899.72943,899.8839,0.15447000000006028
nantes,0,10000,906.33057,906.4578,0.12723000000005413
nantes,0,10000,912.2037,912.3763,0.17259999999998854
nantes,0,10000,919.16547,919.3606,0.19512999999994918
nantes,0,10000,924.9817,925.13586,0.15415999999993346
nantes,0,10000,931.0114,931.16583,0.15443000000004758
nantes,0,10000,1078.0516,1078.3141,0.2625000000000455
nantes,0,10000,937.1587,937.3314,0.17270000000007713
toulouse,0,10000,899.6715,899.91644,0.24493999999992866
toulouse,0,10000,903.581,903.8524,0.27139999999997144
toulouse,0,10000,908.2621,908.4285,0.16639999999995325
toulouse,0,10000,908.2621,10937.872,10029.6099
toulouse,0,10000,913.1468,913.3844,0.2376000000000431
toulouse,0,10000,916.88403,917.162,0.27796999999998206
toulouse,0,10000,921.5158,921.76776,0.25195999999994
toulouse,0,10000,926.4531,926.721,0.2679000000000542
toulouse,0,10000,930.6329,930.8841,0.25120000000003984
toulouse,0,10000,934.4022,934.6753,0.27309999999999945
nantes,0,10000,1083.6765,1084.1527,0.4762000000000626
toulouse,0,10000,938.7473,938.9213,0.17399999999997817
toulouse,0,10000,938.7473,10968.625,10029.877700000001
toulouse,0,10000,942.9222,943.09717,0.17497000000003027
toulouse,0,10000,946.52014,946.7935,0.27336000000002514
toulouse,0,10000,950.87805,951.1495,0.2714499999999589
toulouse,0,10000,955.4426,955.63184,0.1892400000000407
toulouse,0,10000,955.4426,10984.9795,10029.5369
toulouse,0,10000,959.2124,959.5,0.28759999999999764
toulouse,0,10000,871.9846,872.157,0.17240000000003874
toulouse,0,10000,875.71796,875.8916,0.17364000000009128
toulouse,0,10000,879.8103,879.95917,0.14886999999998807
nantes,0,10000,1091.415,1091.6805,0.26549999999997453
toulouse,0,10000,887.8281,888.0624,0.23430000000007567
toulouse,0,10000,891.04596,891.3309,0.28494000000000597
toulouse,0,10000,900.1172,900.2823,0.16509999999993852
toulouse,0,10000,904.8028,905.07184,0.26903999999990447
toulouse,0,10000,904.8028,10934.559,10029.7562
toulouse,0,10000,911.2353,911.40717,0.17186999999989894
toulouse,0,10000,915.55304,915.7922,0.23915999999996984
toulouse,0,10000,919.3613,919.5327,0.1713999999999487
toulouse,0,10000,923.6833,923.85736,0.17405999999994037
toulouse,0,10000,929.9455,930.19794,0.2524399999999787
toulouse,0,10000,929.9455,10958.781,10028.835500000001
nantes,0,10000,1096.685,1097.0312,0.34619999999995343
toulouse,0,10000,934.011,934.2545,0.24350000000004002
toulouse,0,10000,828.49835,828.67096,0.17261000000007698
toulouse,0,10000,832.78143,832.9531,0.17166999999994914
toulouse,0,10000,836.99146,837.1435,0.15204000000005635
toulouse,0,10000,841.09937,841.37274,0.2733699999999999
toulouse,0,10000,841.09937,10870.783,10029.68363
toulouse,0,10000,845.9416,846.1863,0.24469999999996617
toulouse,0,10000,852.1494,852.3192,0.16980000000000928
toulouse,0,10000,852.1494,10880.978,10028.828599999999
toulouse,0,10000,855.8477,856.09216,0.24446000000000367
toulouse,0,10000,855.8477,10885.791,10029.943299999999
toulouse,0,10000,860.2162,860.26337,0.047170000000051004
toulouse,0,10000,860.2162,10889.583,10029.3668
rennes,0,10000,1037.5265,1037.6932,0.16669999999999163
toulouse,0,10000,872.3333,872.6128,0.27949999999998454
toulouse,0,10000,876.2211,876.3923,0.1711999999999989
toulouse,0,10000,880.1562,880.3475,0.19129999999995562
toulouse,0,10000,880.1562,10909.954,10029.7978
toulouse,0,10000,884.64453,884.7055,0.060969999999997526
toulouse,0,10000,888.084,888.256,0.17200000000002547
nancy,0,10000,851.1987,851.3231,0.12439999999992324
nancy,0,10000,855.2959,855.4945,0.19860000000005584
rennes,0,10000,1042.4618,1042.6473,0.1855000000000473
nancy,0,10000,859.21094,859.4123,0.20135999999990872
nancy,0,10000,863.01086,863.2078,0.19694000000004053
nancy,0,10000,867.02673,867.26825,0.24151999999992313
nancy,0,10000,871.15857,871.35944,0.2008699999998953
nancy,0,10000,875.1405,875.25806,0.11756000000002587
nancy,0,10000,879.0433,879.16504,0.12173999999993157
nancy,0,10000,882.9931,883.1168,0.12369999999998527
nancy,0,10000,887.1745,887.37164,0.19713999999999032
nancy,0,10000,891.36163,891.59375,0.23212000000000899
nancy,0,10000,895.5103,895.70654,0.19623999999998887
rennes,0,10000,1047.1833,1047.3259,0.1426000000001295
nancy,0,10000,899.76685,899.9052,0.13835000000005948
nantes,0,10000,749.13116,749.43225,0.301089999999931
nantes,0,10000,755.3777,755.50494,0.12724000000002889
nantes,0,10000,761.0246,761.2795,0.25490000000002055
nantes,0,10000,766.6316,766.95605,0.32444999999995616
nantes,0,10000,773.86237,773.98303,0.12065999999992982
nantes,0,10000,778.72845,779.03204,0.3035900000000993
nantes,0,10000,785.3451,785.60065,0.2555499999999711
nantes,0,10000,790.8658,790.9479,0.08209999999996853
nantes,0,10000,798.18164,798.4981,0.3164600000000064
rennes,0,10000,1052.3667,1052.4827,0.11599999999998545
nantes,0,10000,804.1348,804.4296,0.2948000000000093
nantes,0,10000,810.5354,810.83014,0.2947400000000471
nantes,0,10000,817.52515,817.7754,0.25024999999993724
nantes,0,10000,823.43787,823.74994,0.31207000000006246
nantes,0,10000,830.9782,831.2713,0.29309999999998126
nantes,0,10000,836.6185,836.94604,0.32753999999999905
rennes,0,10000,746.7249,747.0177,0.2927999999999429
rennes,0,10000,752.10583,752.2197,0.1138700000000199
rennes,0,10000,756.9811,757.04767,0.06657000000006974
rennes,0,10000,762.3361,762.4198,0.08370000000002165
nantes,0,10000,1015.5197,1015.8,0.2803000000000111
rennes,0,10000,1057.5189,1057.5911,0.07220000000006621
rennes,0,10000,767.0548,767.1272,0.07240000000001601
rennes,0,10000,771.6255,771.92145,0.29595000000006166
rennes,0,10000,776.5656,776.8491,0.28350000000000364
rennes,0,10000,781.5855,781.8569,0.27139999999997144
rennes,0,10000,786.4188,786.6693,0.2504999999999882
rennes,0,10000,791.9172,792.17773,0.260530000000017
rennes,0,10000,797.1109,797.3781,0.26720000000000255
rennes,0,10000,802.31586,802.39386,0.07799999999997453
rennes,0,10000,807.4138,807.65436,0.24055999999995947
rennes,0,10000,812.7862,813.04193,0.25572999999997137
rennes,0,10000,1063.1351,1063.2218,0.08670000000006439
rennes,0,10000,818.1459,818.384,0.2381000000000313
toulouse,0,10000,741.7931,742.049,0.2558999999999969
toulouse,0,10000,746.1422,746.4077,0.26549999999997453
toulouse,0,10000,750.85565,750.8975,0.041850000000067666
toulouse,0,10000,755.91547,755.9756,0.06012999999995827
toulouse,0,10000,759.5443,759.7173,0.17300000000000182
toulouse,0,10000,763.97906,764.15515,0.1760900000000447
toulouse,0,10000,763.97906,10792.71,10028.73094
toulouse,0,10000,767.7199,767.902,0.18209999999999127
toulouse,0,10000,771.54016,771.81976,0.27959999999995944
toulouse,0,10000,771.54016,10800.471,10028.930839999999
toulouse,0,10000,775.8473,776.1235,0.2762000000000171
rennes,0,10000,1068.1062,1068.2728,0.16660000000001673
toulouse,0,10000,779.7442,779.9169,0.17270000000007713
toulouse,0,10000,783.5723,783.84705,0.27474999999992633
toulouse,0,10000,788.104,788.381,0.27699999999992997
toulouse,0,10000,788.104,10818.003,10029.899000000001
toulouse,0,10000,791.9007,792.17804,0.27733999999998105
toulouse,0,10000,796.3948,796.6777,0.2828999999999269
toulouse,0,10000,796.3948,10825.175,10028.7802
toulouse,0,10000,801.3739,801.6495,0.27559999999994034
nancy,0,10000,746.9202,747.31824,0.39803999999992357
nancy,0,10000,750.7883,751.106,0.31769999999994525
nancy,0,10000,754.9616,755.38727,0.42566999999996824
nancy,0,10000,759.22974,759.5448,0.31506000000001677
rennes,0,10000,1073.2389,1073.3594,0.12049999999999272
nancy,0,10000,763.36914,763.6855,0.3163600000000315
nancy,0,10000,767.6169,767.93365,0.31674999999995634
nancy,0,10000,771.73865,772.00104,0.26238999999998214
nancy,0,10000,775.73755,776.05206,0.31450999999992746
nancy,0,10000,780.00226,780.3223,0.3200400000000627
nancy,0,10000,784.3015,784.6672,0.36569999999994707
nancy,0,10000,788.7846,789.1006,0.3160000000000309
nancy,0,10000,793.24396,793.6034,0.3594399999999496
nancy,0,10000,797.5148,797.8447,0.32989999999995234
nancy,0,10000,801.6325,801.89813,0.2656299999999874
rennes,0,10000,1078.3385,1078.5039,0.1653999999998632
nancy,0,10000,805.66284,805.93335,0.2705100000000584
rennes,0,10000,685.64386,685.7227,0.07884000000001379
rennes,0,10000,689.9096,690.1443,0.23470000000008895
rennes,0,10000,694.6926,694.87836,0.18576000000007298
rennes,0,10000,699.68945,699.9414,0.25195000000007894
rennes,0,10000,705.309,705.51434,0.20533999999997832
rennes,0,10000,709.8724,710.0721,0.1997000000000071
rennes,0,10000,715.15955,715.3404,0.18085000000007767
rennes,0,10000,720.3973,720.59283,0.19553000000007614
rennes,0,10000,725.42096,725.58307,0.1621099999999842
rennes,0,10000,1083.2437,1083.3888,0.1450999999999567
rennes,0,10000,730.4539,730.6555,0.2015999999999849
rennes,0,10000,734.84753,735.07733,0.2297999999999547
rennes,0,10000,740.2432,740.31696,0.07375999999999294
rennes,0,10000,745.0251,745.262,0.23689999999999145
rennes,0,10000,749.7473,749.9678,0.22050000000001546
rennes,0,10000,754.8343,755.0775,0.24320000000000164
rennes,0,10000,643.1849,643.2588,0.07389999999998054
rennes,0,10000,647.4356,647.72864,0.29304000000001906
rennes,0,10000,653.3104,653.3813,0.07090000000005148
rennes,0,10000,657.946,658.21234,0.2663400000000138
rennes,0,10000,1088.1272,1088.3102,0.18299999999999272
rennes,0,10000,662.9805,663.246,0.26549999999997453
rennes,0,10000,667.932,668.2416,0.30959999999993215
rennes,0,10000,672.86414,673.1435,0.27935999999999694
rennes,0,10000,677.9595,678.23035,0.2708499999999958
rennes,0,10000,682.9422,683.0132,0.07100000000002638
rennes,0,10000,687.9368,688.28345,0.34665000000006785
rennes,0,10000,693.0585,693.337,0.2785000000000082
rennes,0,10000,698.28345,698.5647,0.28125
rennes,0,10000,703.19904,703.4765,0.27746000000001914
rennes,0,10000,707.62006,707.8909,0.27084000000002106
rennes,0,10000,1093.6189,1093.7351,0.11620000000016262
rennes,0,10000,713.15967,713.42664,0.2669700000000148
rennes,0,10000,622.35016,622.58704,0.23688000000004195
rennes,0,10000,627.7446,627.97144,0.22684000000003834
rennes,0,10000,633.5157,633.7351,0.21939999999995052
rennes,0,10000,638.7617,638.97363,0.21192999999993845
rennes,0,10000,643.88727,643.96295,0.07568000000003394
rennes,0,10000,648.8823,649.09644,0.21414000000004307
rennes,0,10000,653.6579,653.8622,0.20429999999998927
rennes,0,10000,658.36676,658.55383,0.18706999999994878
rennes,0,10000,663.285,663.4712,0.18619999999998527
rennes,0,10000,1098.4994,1098.6134,0.11400000000003274
rennes,0,10000,669.0379,669.1204,0.08249999999998181
rennes,0,10000,673.67456,673.89417,0.21960999999998876
rennes,0,10000,679.09143,679.1618,0.07037000000002536
rennes,0,10000,683.69507,683.88934,0.19426999999996042
rennes,0,10000,689.1859,689.3747,0.18880000000001473
rennes,0,10000,693.4719,693.6788,0.20690000000001874
toulouse,0,10000,606.85394,606.9199,0.06596000000001823
toulouse,0,10000,610.9389,611.0015,0.0625999999999749
toulouse,0,10000,614.81287,614.8992,0.08632999999997537
toulouse,0,10000,614.81287,10643.639,10028.82613
toulouse,0,10000,618.4008,618.4664,0.06560000000001764
rennes,0,10000,1103.3987,1103.5076,0.1088999999999487
toulouse,0,10000,622.2391,622.3241,0.08500000000003638
toulouse,0,10000,626.9439,627.0126,0.06870000000003529
toulouse,0,10000,626.9439,10655.789,10028.8451
toulouse,0,10000,631.3231,631.386,0.06290000000001328
toulouse,0,10000,649.2027,10637.922,9988.7193
toulouse,0,10000,641.50555,641.5606,0.055050000000051114
toulouse,0,10000,641.50555,10670.351,10028.84545
toulouse,0,10000,645.52136,645.57654,0.055180000000063956
toulouse,0,10000,649.70703,649.788,0.08096999999997934
toulouse,0,10000,649.70703,10678.481,10028.77397
toulouse,0,10000,653.9502,654.00684,0.05664000000001579
toulouse,0,10000,658.1865,658.27045,0.08394999999995889
toulouse,0,10000,662.0414,662.0964,0.055000000000063665
nantes,0,10000,1021.2575,1021.6572,0.3996999999999389
rennes,0,10000,1108.3387,1108.5127,0.17399999999997817
toulouse,0,10000,667.09,667.1476,0.057599999999979445
nantes,0,10000,961.6002,961.77734,0.1771400000000085
nantes,0,10000,967.1421,967.38824,0.2461399999999685
nantes,0,10000,972.76404,972.9483,0.18425999999999476
nantes,0,10000,979.2374,979.4233,0.18590000000006057
nantes,0,10000,985.623,985.71185,0.08884999999997945
nantes,0,10000,991.2947,991.47546,0.18075999999996384
nantes,0,10000,996.87354,997.09515,0.22160999999994146
nantes,0,10000,1003.82294,1003.9289,0.10595999999998185
nantes,0,10000,1009.90894,1010.16364,0.25469999999995707
nantes,0,10000,1027.4559,1027.8489,0.3930000000000291
nantes,0,10000,1016.6726,1016.83295,0.160349999999994
nantes,0,10000,1021.767,1021.9903,0.22329999999999472
nantes,0,10000,1029.0349,1029.1241,0.08919999999989159
nantes,0,10000,1034.3618,1034.5269,0.1651000000001659
nantes,0,10000,1041.4694,1041.693,0.2236000000000331
nantes,0,10000,1047.5692,1047.8027,0.2335000000000491
nancy,0,10000,1064.518,1064.9031,0.3850999999999658
nancy,0,10000,1068.271,1068.6105,0.33950000000004366
nancy,0,10000,1072.5216,1072.8984,0.3768000000000029
nancy,0,10000,1076.6011,1076.8822,0.28109999999992397
nantes,0,10000,1034.4315,1034.8442,0.4127000000000862
nancy,0,10000,1080.6487,1080.9293,0.2806000000000495
nancy,0,10000,1084.7747,1085.0519,0.27719999999999345
nancy,0,10000,1088.5194,1088.8765,0.35710000000017317
nancy,0,10000,1092.6428,1093.0201,0.3772999999998774
nancy,0,10000,1096.7854,1097.1501,0.3647000000000844
nancy,0,10000,1100.9429,1101.2314,0.2884999999998854
nancy,0,10000,1104.9735,1105.3229,0.3493999999998323
nancy,0,10000,1109.2941,1109.6433,0.3491999999998825
nancy,0,10000,1113.2261,1113.5801,0.35399999999981446
nancy,0,10000,1117.043,1117.3318,0.28880000000003747
nantes,0,10000,1039.7931,1040.1809,0.38779999999997017
nancy,0,10000,1121.3782,1121.7184,0.34019999999986794
nancy,0,10000,1059.3947,1059.5217,0.1269999999999527
nancy,0,10000,1063.1776,1063.302,0.12439999999992324
nancy,0,10000,1067.0234,1067.2462,0.22280000000000655
nancy,0,10000,1070.959,1071.1738,0.21479999999996835
nancy,0,10000,1075.0809,1075.3256,0.24469999999996617
nancy,0,10000,1079.2837,1079.4088,0.1250999999999749
nancy,0,10000,1083.1462,1083.3613,0.21510000000012042
nancy,0,10000,1087.4083,1087.4838,0.07549999999991996
nancy,0,10000,1091.3407,1091.5594,0.21870000000012624
nantes,0,10000,1047.019,1047.1532,0.13419999999996435
nancy,0,10000,1095.2101,1095.3298,0.11969999999996617
nancy,0,10000,1099.0684,1099.282,0.21359999999981483
nancy,0,10000,1103.0375,1103.272,0.23450000000002547
nancy,0,10000,1107.0789,1107.2024,0.12349999999992178
nancy,0,10000,1111.1951,1111.3162,0.12110000000006949
nancy,0,10000,1115.2518,1115.4717,0.2199000000000524
nancy,0,10000,1029.5723,1029.7235,0.1512000000000171
nancy,0,10000,1033.4731,1033.621,0.14790000000016335
nancy,0,10000,1037.5293,1037.7435,0.21420000000011896
nancy,0,10000,1041.463,1041.7644,0.30140000000005784
nantes,0,10000,1052.6595,1052.7429,0.08339999999998327
nancy,0,10000,1045.2717,1045.4816,0.20990000000006148
nancy,0,10000,1049.2654,1049.4171,0.1516999999998916
nancy,0,10000,1053.0233,1053.2839,0.2605999999998403
nancy,0,10000,1056.916,1057.1696,0.2536000000000058
nancy,0,10000,1061.059,1061.267,0.20800000000008367
nancy,0,10000,1064.8129,1065.0732,0.260300000000143
nancy,0,10000,1068.8722,1069.1394,0.26720000000000255
nancy,0,10000,1072.9341,1073.1974,0.26330000000007203
nancy,0,10000,1077.2775,1077.5392,0.2617000000000189
nancy,0,10000,1081.6857,1081.839,0.1532999999999447
nantes,0,10000,1059.1313,1059.5134,0.38210000000003674
nancy,0,10000,1086.0117,1086.1682,0.15650000000005093
nantes,0,10000,869.14667,869.45917,0.3125
nantes,0,10000,874.68207,875.0278,0.3457300000000032
nantes,0,10000,880.75934,881.05237,0.2930300000000443
nantes,0,10000,887.8215,887.91583,0.09433000000001357
nantes,0,10000,893.0268,893.3601,0.33330000000000837
nantes,0,10000,900.4163,900.5154,0.09910000000002128
nantes,0,10000,905.8206,906.1984,0.37779999999997926
nantes,1,10000,1752.9733,1753.0618,0.08849999999983993
nantes,1,10000,1806.4271,1806.7175,0.2903999999998632
nantes,1,10000,1620.0443,1620.2968,0.25250000000005457
nantes,1,10000,1625.5455,1625.8425,0.29700000000002547
nantes,1,10000,1632.7217,1632.9113,0.1895999999999276
nantes,1,10000,1638.1028,1638.3649,0.2621000000001459
nantes,1,10000,1644.775,1644.9742,0.19920000000001892
nantes,1,10000,1650.164,1650.4309,0.26690000000007785
nantes,1,10000,1561.8502,1562.0393,0.18909999999982574
nantes,1,10000,1567.154,1567.3605,0.20650000000000546
nantes,1,10000,1572.8949,1573.2317,0.3368000000000393
nantes,1,10000,1578.8099,1579.022,0.21209999999996398
nantes,1,10000,1812.4778,1812.7236,0.2458000000001448
nantes,1,10000,1585.1815,1585.3744,0.19290000000000873
nantes,1,10000,1590.4572,1590.7667,0.30949999999984357
nantes,1,10000,1597.1157,1597.3599,0.2441999999998643
nantes,1,10000,1603.4387,1603.69,0.2513000000001284
nantes,1,10000,1608.7312,1608.8905,0.1593000000000302
nantes,1,10000,1616.1208,1616.343,0.22220000000015716
nantes,1,10000,1621.8448,1622.0898,0.24499999999989086
nantes,1,10000,1628.6864,1628.9856,0.29919999999992797
nantes,1,10000,1633.8942,1634.1039,0.20970000000011169
nantes,1,10000,1640.6925,1640.9092,0.21669999999994616
nantes,1,10000,1819.2026,1819.4657,0.26309999999989486
nantes,1,10000,1645.912,1646.1606,0.24859999999989668
toulouse,1,10000,1590.6172,1590.6915,0.07429999999999382
toulouse,1,10000,1590.6172,11622.297,10031.6798
toulouse,1,10000,1594.8059,1594.8672,0.06129999999984648
toulouse,1,10000,1598.8484,1598.916,0.06759999999985666
toulouse,1,10000,1602.7385,1602.8037,0.06520000000000437
toulouse,1,10000,1606.6749,1606.7399,0.06500000000005457
toulouse,1,10000,1610.7863,1610.8473,0.06099999999992178
toulouse,1,10000,1614.5094,1614.5807,0.07130000000006476
toulouse,1,10000,1618.6373,1618.7003,0.06299999999987449
toulouse,1,10000,1622.5775,1622.6392,0.06169999999997344
nantes,1,10000,1824.3306,1824.6033,0.2726999999999862
toulouse,1,10000,1626.7278,1626.8047,0.07690000000002328
toulouse,1,10000,1630.6772,1630.7635,0.08629999999993743
toulouse,1,10000,1634.6372,1634.7054,0.0682000000001608
toulouse,1,10000,1638.2932,1638.3577,0.0644999999999527
toulouse,1,10000,1642.6622,1642.7344,0.07220000000006621
toulouse,1,10000,1646.153,1646.3008,0.14779999999996107
toulouse,1,10000,1581.1937,1581.2754,0.08169999999995525
toulouse,1,10000,1589.6637,1589.7267,0.06299999999987449
toulouse,1,10000,1593.294,1593.362,0.06799999999998363
nantes,1,10000,1830.8923,1831.1415,0.24919999999997344
toulouse,1,10000,1597.4106,1597.4738,0.06320000000005166
toulouse,1,10000,1601.2964,1601.3586,0.062200000000075306
toulouse,1,10000,1604.5352,1604.6168,0.08159999999998035
toulouse,1,10000,1604.5352,11638.285,10033.7498
toulouse,1,10000,1608.8121,1608.8743,0.06219999999984793
toulouse,1,10000,1613.1282,1613.1937,0.06549999999992906
toulouse,1,10000,1617.0171,1617.0814,0.06430000000000291
toulouse,1,10000,1620.7283,1620.8801,0.15180000000009386
toulouse,1,10000,1624.6285,1624.6943,0.06580000000008113
toulouse,1,10000,1624.6285,11658.391,10033.762499999999
toulouse,1,10000,1628.6835,1628.7501,0.06659999999988031
toulouse,1,10000,1632.4371,1632.5123,0.07519999999999527
nantes,1,10000,1836.416,1836.6497,0.2336999999999989
toulouse,1,10000,1636.32,1636.3833,0.06330000000002656
toulouse,1,10000,1533.8157,1534.1073,0.29159999999978936
toulouse,1,10000,1533.8157,11566.546,10032.7303
toulouse,1,10000,1537.9849,1538.1786,0.1937000000000353
toulouse,1,10000,1541.8229,1542.002,0.1791000000000622
toulouse,1,10000,1541.8229,11574.54,10032.717100000002
toulouse,1,10000,1545.6611,1545.8268,0.16570000000001528
toulouse,1,10000,1548.9629,1549.1326,0.1696999999999207
toulouse,1,10000,1548.9629,11581.634,10032.6711
toulouse,1,10000,1554.3827,1554.6481,0.26539999999999964
toulouse,1,10000,1558.8779,1559.053,0.1751000000001568
toulouse,1,10000,1558.8779,11592.317,10033.4391
toulouse,1,10000,1562.4706,1562.65,0.1793999999999869
toulouse,1,10000,1566.371,1566.5503,0.179300000000012
toulouse,1,10000,1566.371,11599.926,10033.555
rennes,1,10000,1776.3248,1776.5598,0.23499999999989996
toulouse,1,10000,1570.1289,1570.3998,0.27089999999998327
toulouse,1,10000,1574.0083,1574.2747,0.266399999999976
toulouse,1,10000,1577.8339,1578.116,0.2820999999999003
toulouse,1,10000,1581.2833,1581.4838,0.20049999999991996
toulouse,1,10000,1585.4578,1585.7589,0.30110000000013315
toulouse,1,10000,1589.6628,1589.8497,0.18689999999992324
nancy,1,10000,1547.327,1547.5845,0.25749999999993634
nancy,1,10000,1551.2621,1551.4114,0.1493000000000393
nancy,1,10000,1555.6069,1555.7632,0.15630000000010114
nancy,1,10000,1559.4456,1559.7112,0.26559999999994943
rennes,1,10000,1780.8127,1781.0343,0.2216000000000804
nancy,1,10000,1563.4127,1563.6749,0.2621999999998934
nancy,1,10000,1567.5054,1567.767,0.261600000000044
nancy,1,10000,1571.6143,1571.8789,0.2645999999999731
nancy,1,10000,1575.4377,1575.701,0.26330000000007203
nancy,1,10000,1579.5343,1579.6909,0.15660000000002583
nancy,1,10000,1583.4785,1583.6344,0.15589999999997417
nancy,1,10000,1587.3463,1587.4984,0.15210000000001855
nancy,1,10000,1591.3654,1591.5902,0.22480000000018663
nancy,1,10000,1595.4259,1595.6879,0.2619999999999436
nancy,1,10000,1599.7675,1599.9851,0.217600000000175
rennes,1,10000,1786.2206,1786.3602,0.13959999999997308
nancy,1,10000,1603.9403,1604.0935,0.1531999999999698
nantes,1,10000,1435.027,1435.208,0.18100000000004002
nantes,1,10000,1441.3085,1441.4082,0.09969999999998436
nantes,1,10000,1446.5497,1446.8074,0.25769999999988613
nantes,1,10000,1453.4332,1453.548,0.1148000000000593
nantes,1,10000,1458.4805,1458.736,0.255500000000211
nantes,1,10000,1465.5195,1465.6204,0.1008999999999105
nantes,1,10000,1470.871,1471.0994,0.22839999999996508
nantes,1,10000,1477.1465,1477.3506,0.20409999999992579
nantes,1,10000,1483.1273,1483.3218,0.19449999999983447
rennes,1,10000,1790.9152,1791.1844,0.2692000000001826
nantes,1,10000,1490.2374,1490.41,0.17260000000010223
nantes,1,10000,1496.199,1496.4199,0.22090000000002874
nantes,1,10000,1503.1329,1503.3352,0.20229999999992287
nantes,1,10000,1508.617,1508.8867,0.2697000000000571
nantes,1,10000,1516.002,1516.2356,0.233600000000024
nantes,1,10000,1522.2708,1522.3639,0.09310000000004948
rennes,1,10000,1448.0288,1448.1412,0.11239999999997963
rennes,1,10000,1452.4829,1452.6372,0.15429999999992106
rennes,1,10000,1457.8047,1457.9794,0.17470000000002983
rennes,1,10000,1462.7461,1462.8195,0.07339999999999236
nantes,1,10000,1758.6947,1758.7932,0.09850000000005821
rennes,1,10000,1795.9604,1796.1438,0.1834000000001197
rennes,1,10000,1467.6854,1467.9193,0.2338999999999487
rennes,1,10000,1472.4043,1472.5297,0.12540000000012697
rennes,1,10000,1477.735,1477.8668,0.13180000000011205
rennes,1,10000,1482.636,1482.7745,0.13850000000002183
rennes,1,10000,1487.966,1488.0548,0.088799999999992
rennes,1,10000,1492.9076,1493.0273,0.11969999999996617
rennes,1,10000,1498.248,1498.3944,0.14639999999985776
rennes,1,10000,1502.4283,1502.5519,0.12359999999989668
rennes,1,10000,1508.2412,1508.328,0.08680000000003929
rennes,1,10000,1512.9462,1513.0793,0.1331000000000131
rennes,1,10000,1800.854,1801.0784,0.22440000000005966
rennes,1,10000,1517.8096,1517.9558,0.14619999999990796
toulouse,1,10000,1407.1927,1407.3706,0.1778999999999087
toulouse,1,10000,1410.737,1411.0116,0.274599999999964
toulouse,1,10000,1414.7112,1414.9473,0.23610000000007858
toulouse,1,10000,1418.6976,1418.981,0.28340000000002874
toulouse,1,10000,1422.6656,1422.8318,0.16619999999988977
toulouse,1,10000,1426.5068,1426.6945,0.1876999999999498
toulouse,1,10000,1430.0133,1430.1844,0.171100000000024
toulouse,1,10000,1433.7878,1434.0729,0.2850999999998294
toulouse,1,10000,1433.7878,11466.439,10032.6512
toulouse,1,10000,1438.6216,1438.7753,0.15370000000007167
rennes,1,10000,1805.5615,1805.8555,0.29399999999986903
toulouse,1,10000,1442.362,1442.5441,0.18209999999999127
toulouse,1,10000,1442.362,11474.992,10032.630000000001
toulouse,1,10000,1446.2573,1446.5355,0.2781999999999698
toulouse,1,10000,1450.8593,1451.1318,0.2725000000000364
toulouse,1,10000,1454.6484,1454.9364,0.2880000000000109
toulouse,1,10000,1458.0865,1458.2655,0.1790000000000873
toulouse,1,10000,1461.349,1461.6063,0.25729999999998654
nancy,1,10000,1482.4973,1482.5704,0.07310000000006767
nancy,1,10000,1486.2671,1486.3632,0.09609999999997854
nancy,1,10000,1490.2101,1490.3099,0.09979999999995925
nancy,1,10000,1494.4177,1494.5165,0.0987999999999829
rennes,1,10000,1810.7913,1811.0612,0.2699000000000069
nancy,1,10000,1498.3826,1498.4996,0.11700000000018917
nancy,1,10000,1502.6621,1502.7396,0.07750000000010004
nancy,1,10000,1506.6084,1506.6809,0.0724999999999909
nancy,1,10000,1510.7903,1510.8595,0.06920000000013715
nancy,1,10000,1514.7777,1514.8787,0.1009999999998854
nancy,1,10000,1518.7578,1518.86,0.10219999999981155
nancy,1,10000,1522.8584,1522.9546,0.09619999999995343
nancy,1,10000,1526.7925,1526.8937,0.10120000000006257
nancy,1,10000,1530.8342,1530.9545,0.12030000000004293
nancy,1,10000,1534.9764,1535.0957,0.11930000000006658
rennes,1,10000,1815.799,1816.0753,0.276299999999992
nancy,1,10000,1538.8632,1538.9865,0.12329999999997199
rennes,1,10000,1337.1096,1337.2987,0.18910000000005311
rennes,1,10000,1341.9415,1342.3021,0.3606000000002041
rennes,1,10000,1347.1056,1347.5142,0.40859999999997854
rennes,1,10000,1352.7328,1353.0836,0.3507999999999356
rennes,1,10000,1357.78,1358.141,0.3610000000001037
rennes,1,10000,1362.478,1362.8175,0.33950000000004366
rennes,1,10000,1367.6161,1367.9335,0.31740000000013424
rennes,1,10000,1372.4121,1372.7352,0.32310000000006767
rennes,1,10000,1377.3848,1377.7472,0.3623999999999796
rennes,1,10000,1820.5779,1820.8135,0.23559999999997672
rennes,1,10000,1382.3007,1382.6011,0.3004000000000815
rennes,1,10000,1386.918,1387.3008,0.3828000000000884
rennes,1,10000,1391.8097,1392.1404,0.3306999999999789
rennes,1,10000,1396.805,1397.182,0.3769999999999527
rennes,1,10000,1401.7269,1402.0684,0.34150000000022374
rennes,1,10000,1406.4158,1406.7528,0.3369999999999891
rennes,1,10000,1311.1681,1311.4154,0.24729999999999563
rennes,1,10000,1315.6458,1315.9402,0.294399999999996
rennes,1,10000,1321.0314,1321.2853,0.2538999999999305
rennes,1,10000,1326.5486,1326.7612,0.21259999999983847
rennes,1,10000,1825.5817,1825.8853,0.30359999999996035
rennes,1,10000,1331.668,1331.7762,0.10820000000012442
rennes,1,10000,1336.2389,1336.477,0.2381000000000313
rennes,1,10000,1341.1979,1341.4537,0.2558000000001357
rennes,1,10000,1346.2467,1346.4462,0.19950000000017099
rennes,1,10000,1350.9056,1351.1112,0.205600000000004
rennes,1,10000,1355.4442,1355.7096,0.26539999999999964
rennes,1,10000,1361.1631,1361.2858,0.1227000000001226
rennes,1,10000,1365.4294,1365.6991,0.2697000000000571
rennes,1,10000,1370.2054,1370.4707,0.26530000000002474
rennes,1,10000,1375.5873,1375.777,0.18970000000012988
rennes,1,10000,1830.4071,1830.6318,0.22470000000021173
rennes,1,10000,1380.4048,1380.6522,0.24739999999997053
rennes,1,10000,1268.5387,1268.7712,0.23249999999984539
rennes,1,10000,1273.6144,1273.7086,0.09420000000000073
rennes,1,10000,1278.2786,1278.5043,0.2256999999999607
rennes,1,10000,1283.0515,1283.319,0.26749999999992724
rennes,1,10000,1288.3,1288.547,0.24700000000007094
rennes,1,10000,1293.1536,1293.3958,0.2421999999999116
rennes,1,10000,1298.7799,1298.86,0.08009999999990214
rennes,1,10000,1303.7085,1303.8042,0.09570000000007894
rennes,1,10000,1308.1257,1308.4185,0.2927999999999429
rennes,1,10000,1836.004,1836.1199,0.11590000000001055
rennes,1,10000,1312.986,1313.2329,0.24689999999986867
rennes,1,10000,1317.9845,1318.2576,0.27309999999988577
rennes,1,10000,1322.7432,1322.9581,0.21490000000017062
rennes,1,10000,1328.0715,1328.3625,0.29099999999994
rennes,1,10000,1332.969,1333.252,0.2829999999999018
rennes,1,10000,1337.5735,1337.8828,0.30930000000012114
toulouse,1,10000,1260.2108,1260.4524,0.24159999999983484
toulouse,1,10000,1264.5297,1264.6997,0.16999999999984539
toulouse,1,10000,1267.9882,1268.2615,0.27330000000006294
toulouse,1,10000,1274.4878,1274.7599,0.2720999999999094
rennes,1,10000,1840.4823,1840.7472,0.26490000000012515
toulouse,1,10000,1278.4006,1278.6869,0.2862999999999829
toulouse,1,10000,1282.497,1282.6692,0.17219999999997526
toulouse,1,10000,1286.2266,1286.6842,0.4575999999999567
toulouse,1,10000,1290.2792,1290.4514,0.17219999999997526
toulouse,1,10000,1293.9375,1294.2261,0.2886000000000877
toulouse,1,10000,1298.2131,1298.4774,0.2643000000000484
toulouse,1,10000,1302.1019,1302.4069,0.30500000000006366
toulouse,1,10000,1306.0125,1306.3024,0.2898999999999887
toulouse,1,10000,1310.3489,1310.6292,0.2803000000001248
toulouse,1,10000,1314.2369,1314.667,0.4300999999998112
nantes,1,10000,1764.4623,1764.6217,0.1594000000000051
rennes,1,10000,1845.6652,1845.795,0.12980000000015934
toulouse,1,10000,1318.5076,1318.7769,0.2693000000001575
nantes,1,10000,1679.6847,1679.9376,0.25289999999995416
nantes,1,10000,1686.0405,1686.1395,0.0989999999999327
nantes,1,10000,1691.1096,1691.3663,0.2566999999999098
nantes,1,10000,1697.7891,1698.0676,0.2785000000001219
nantes,1,10000,1703.2798,1703.5376,0.2578000000000884
nantes,1,10000,1710.4795,1710.5753,0.09580000000005384
nantes,1,10000,1715.4059,1715.6334,0.22749999999996362
nantes,1,10000,1722.2515,1722.4803,0.22879999999986467
nantes,1,10000,1727.0352,1727.3613,0.3260999999999967
nantes,1,10000,1770.881,1771.1315,0.2504999999998745
nantes,1,10000,1734.0747,1734.3085,0.23380000000020118
nantes,1,10000,1739.4154,1739.71,0.2945999999999458
nantes,1,10000,1746.1772,1746.3984,0.22119999999995343
nantes,1,10000,1751.5123,1751.7924,0.2800999999999476
nantes,1,10000,1758.6553,1758.8939,0.23860000000013315
nantes,1,10000,1764.0825,1764.3411,0.25860000000011496
nancy,1,10000,1772.3231,1772.6469,0.32379999999989195
nancy,1,10000,1776.3304,1776.6924,0.36199999999985266
nancy,1,10000,1780.5392,1780.8516,0.3124000000000251
nancy,1,10000,1784.602,1784.9171,0.3150999999998021
nantes,1,10000,1776.8474,1777.0186,0.1711999999999989
nancy,1,10000,1788.7168,1789.0436,0.3268000000000484
nancy,1,10000,1792.7029,1793.0148,0.31189999999992324
nancy,1,10000,1796.6674,1797.0352,0.36779999999998836
nancy,1,10000,1800.7922,1801.2219,0.4296999999999116
nancy,1,10000,1804.8718,1805.2406,0.3688000000001921
nancy,1,10000,1808.8589,1809.2275,0.3686000000000149
nancy,1,10000,1812.9048,1813.2249,0.32009999999991123
nancy,1,10000,1816.9705,1817.2905,0.3200000000001637
nancy,1,10000,1821.1827,1821.5276,0.344899999999825
nancy,1,10000,1825.1996,1825.5309,0.33130000000005566
nantes,1,10000,1782.6261,1782.9235,0.29740000000015243
nancy,1,10000,1829.1855,1829.5543,0.3687999999999647
nancy,1,10000,1738.8822,1739.0695,0.1873000000000502
nancy,1,10000,1742.5487,1742.7201,0.1713999999999487
nancy,1,10000,1746.4185,1746.6505,0.2319999999999709
nancy,1,10000,1750.4634,1750.6488,0.18539999999984502
nancy,1,10000,1754.6309,1754.814,0.18309999999996762
nancy,1,10000,1758.5116,1758.6942,0.18259999999986576
nancy,1,10000,1762.4357,1762.6199,0.18419999999991887
nancy,1,10000,1766.5115,1766.6786,0.16709999999989122
nancy,1,10000,1770.5474,1770.822,0.274599999999964
nantes,1,10000,1788.4967,1788.6361,0.13940000000002328
nancy,1,10000,1774.703,1774.868,0.16499999999996362
nancy,1,10000,1778.6422,1778.8213,0.1791000000000622
nancy,1,10000,1782.4576,1782.6414,0.18380000000001928
nancy,1,10000,1786.1388,1786.3221,0.1833000000001448
nancy,1,10000,1789.8982,1790.1241,0.2258999999999105
nancy,1,10000,1793.7484,1793.936,0.1875999999999749
nancy,1,10000,1712.147,1712.303,0.15600000000017644
nancy,1,10000,1715.929,1716.0809,0.15189999999984138
nancy,1,10000,1719.9631,1720.2244,0.2613000000001193
nancy,1,10000,1724.1964,1724.4648,0.2683999999999287
nantes,1,10000,1794.3883,1794.5664,0.17809999999985848
nancy,1,10000,1728.4093,1728.6716,0.2622999999998683
nancy,1,10000,1732.5404,1732.6943,0.15390000000002146
nancy,1,10000,1736.5605,1736.8254,0.2648999999998978
nancy,1,10000,1740.6832,1740.837,0.15380000000004657
nancy,1,10000,1744.6599,1744.8865,0.22659999999996217
nancy,1,10000,1748.6562,1748.9209,0.26470000000017535
nancy,1,10000,1752.9528,1753.2177,0.2648999999998978
nancy,1,10000,1757.1342,1757.4052,0.27099999999995816
nancy,1,10000,1761.0939,1761.363,0.26909999999998035
nancy,1,10000,1765.5116,1765.7386,0.22699999999986176
nantes,1,10000,1800.5411,1800.7089,0.16780000000017026
nancy,1,10000,1769.677,1769.903,0.22600000000011278
nantes,1,10000,1566.6869,1566.8566,0.16970000000014807
nantes,1,10000,1571.6577,1571.8491,0.19139999999993051
nantes,1,10000,1577.9678,1578.1901,0.22230000000013206
nantes,1,10000,1584.3372,1584.5149,0.1776999999999589
nantes,1,10000,1590.2124,1590.4326,0.22020000000020445
nantes,1,10000,1595.6569,1595.9103,0.253400000000056
nantes,1,10000,1602.2332,1602.539,0.3058000000000902
nantes,1,10000,1607.712,1607.9006,0.18859999999995125
nantes,1,10000,1613.7505,1614.0117,0.26119999999991705
nantes,2,10000,1787.9833,1788.2405,0.25720000000001164
nantes,2,10000,1842.6256,1843.0331,0.4075000000000273
nantes,2,10000,1660.068,1660.5144,0.44640000000003965
nantes,2,10000,1666.6707,1666.9565,0.2858000000001084
nantes,2,10000,1673.4436,1673.7772,0.33359999999993306
nantes,2,10000,1678.8921,1679.1968,0.3046999999999116
nantes,2,10000,1685.6666,1686.0642,0.3976000000000113
nantes,2,10000,1691.6499,1692.0789,0.4290000000000873
nantes,2,10000,1582.181,1582.3142,0.133199999999988
nantes,2,10000,1586.7946,1586.9509,0.15630000000010114
nantes,2,10000,1592.3848,1592.55,0.16519999999991342
nantes,2,10000,1599.328,1599.5231,0.1951000000001386
nantes,2,10000,1848.1089,1848.4271,0.3182000000001608
nantes,2,10000,1604.8823,1605.0885,0.20620000000008076
nantes,2,10000,1611.0773,1611.3359,0.25860000000011496
nantes,2,10000,1616.7968,1616.9482,0.1513999999999669
nantes,2,10000,1623.4939,1623.7164,0.22250000000008185
nantes,2,10000,1628.769,1628.9749,0.2058999999999287
nantes,2,10000,1635.6101,1635.7437,0.1335999999998876
nantes,2,10000,1640.8442,1641.067,0.22280000000000655
nantes,2,10000,1647.5438,1647.6389,0.09510000000000218
nantes,2,10000,1653.1458,1653.3773,0.2315000000000964
nantes,2,10000,1659.9246,1660.0927,0.16809999999986758
nantes,2,10000,1855.0763,1855.3806,0.304300000000012
nantes,2,10000,1665.2467,1665.4055,0.1588000000001557
toulouse,2,10000,1639.9733,1640.1409,0.1675999999999931
toulouse,2,10000,1639.9733,11670.233,10030.2597
toulouse,2,10000,1643.7931,1643.9619,0.16879999999991924
toulouse,2,10000,1647.6682,1647.8336,0.1653999999998632
toulouse,2,10000,1651.3729,1651.5437,0.17079999999987194
toulouse,2,10000,1651.3729,11681.659,10030.2861
toulouse,2,10000,1655.5591,1655.8284,0.2693000000001575
toulouse,2,10000,1659.605,1659.8683,0.26330000000007203
toulouse,2,10000,1663.4171,1663.5917,0.17460000000005493
toulouse,2,10000,1667.3138,1667.5948,0.28100000000017644
toulouse,2,10000,1667.3138,11697.5,10030.1862
toulouse,2,10000,1671.2656,1671.5322,0.26660000000015316
toulouse,2,10000,1671.2656,11702.186,10030.920399999999
nantes,2,10000,1860.6301,1861.0127,0.38259999999991123
toulouse,2,10000,1675.0059,1675.2594,0.25349999999980355
toulouse,2,10000,1675.0059,11705.414,10030.4081
toulouse,2,10000,1679.0201,1679.2631,0.24299999999993815
toulouse,2,10000,1682.7378,1683.013,0.27519999999981337
toulouse,2,10000,1686.632,1686.8965,0.2644999999999982
toulouse,2,10000,1690.58,1690.7532,0.173200000000179
toulouse,2,10000,1690.58,11721.228,10030.648
toulouse,2,10000,1694.6184,1694.889,0.2705999999998312
toulouse,2,10000,1559.429,1559.7811,0.35209999999983665
toulouse,2,10000,1616.5388,1616.8842,0.3453999999999269
toulouse,2,10000,1621.3344,1621.7173,0.3829000000000633
toulouse,2,10000,1621.3344,11651.697,10030.3626
toulouse,2,10000,1625.5391,1625.9017,0.3625999999999294
nantes,2,10000,1866.9059,1867.1699,0.2640000000001237
toulouse,2,10000,1631.0621,1631.423,0.3608999999999014
toulouse,2,10000,1634.7964,1635.151,0.3546000000001186
toulouse,2,10000,1638.6268,1638.9983,0.3714999999999691
toulouse,2,10000,1642.5559,1642.8866,0.3306999999999789
toulouse,2,10000,1646.43,1646.7974,0.3673999999998614
toulouse,2,10000,1646.43,11676.878,10030.448
toulouse,2,10000,1650.2208,1650.6771,0.45630000000005566
toulouse,2,10000,1654.061,1654.4285,0.36750000000006366
toulouse,2,10000,1657.7101,1658.0662,0.35609999999996944
toulouse,2,10000,1657.7101,11688.065,10030.3549
toulouse,2,10000,1661.8005,1662.1467,0.34619999999995343
toulouse,2,10000,1665.7335,1666.0907,0.3571999999999207
toulouse,2,10000,1665.7335,11695.902,10030.1685
nantes,2,10000,1872.961,1873.286,0.3250000000000455
toulouse,2,10000,1669.6344,1670.0156,0.3812000000000353
toulouse,2,10000,1584.3636,1584.5365,0.17290000000002692
toulouse,2,10000,1588.154,1588.4354,0.28140000000007603
toulouse,2,10000,1592.3792,1592.5308,0.1515999999999167
toulouse,2,10000,1595.8245,1596.0901,0.26559999999994943
toulouse,2,10000,1599.5186,1599.7557,0.23709999999982756
toulouse,2,10000,1604.0007,1604.1475,0.14679999999998472
toulouse,2,10000,1604.0007,11634.145,10030.1443
toulouse,2,10000,1607.0828,1607.3868,0.3040000000000873
toulouse,2,10000,1611.1749,1611.4199,0.24500000000011823
toulouse,2,10000,1611.1749,11641.541,10030.3661
toulouse,2,10000,1615.4105,1615.5914,0.18090000000006512
rennes,2,10000,1799.2349,1799.3772,0.14229999999997744
toulouse,2,10000,1619.0476,1619.3333,0.28569999999990614
toulouse,2,10000,1623.0231,1623.2748,0.25169999999980064
toulouse,2,10000,1626.7898,1627.033,0.24319999999988795
toulouse,2,10000,1630.7457,1631.0397,0.2940000000000964
toulouse,2,10000,1634.3289,1634.5068,0.17790000000013606
toulouse,2,10000,1634.3289,11664.698,10030.3691
toulouse,2,10000,1639.1271,1639.3672,0.240099999999984
nancy,2,10000,1584.0972,1584.2621,0.16489999999998872
nancy,2,10000,1587.7523,1587.8704,0.11809999999991305
nancy,2,10000,1591.902,1592.0206,0.11860000000001492
nancy,2,10000,1595.9208,1596.0845,0.1636999999998352
rennes,2,10000,1803.5677,1803.763,0.19529999999986103
nancy,2,10000,1599.8878,1600.082,0.19420000000013715
nancy,2,10000,1603.8539,1604.0187,0.16480000000001382
nancy,2,10000,1608.0231,1608.1888,0.1656999999997879
nancy,2,10000,1611.9485,1612.1166,0.16810000000009495
nancy,2,10000,1615.954,1616.0719,0.11789999999996326
nancy,2,10000,1620.0948,1620.1858,0.0909999999998945
nancy,2,10000,1624.1552,1624.2495,0.09429999999997563
nancy,2,10000,1628.1724,1628.3469,0.17450000000008004
nancy,2,10000,1632.1333,1632.3307,0.197400000000016
nancy,2,10000,1636.1025,1636.2688,0.16630000000009204
rennes,2,10000,1808.9255,1809.0204,0.09490000000005239
nancy,2,10000,1640.0293,1640.1482,0.11890000000016698
nantes,2,10000,1490.7177,1491.0712,0.35350000000016735
nantes,2,10000,1496.5841,1496.702,0.11789999999996326
nantes,2,10000,1502.6517,1502.9576,0.3059000000000651
nantes,2,10000,1509.1685,1509.265,0.0965000000001055
nantes,2,10000,1515.19,1515.4292,0.23919999999998254
nantes,2,10000,1520.2362,1520.5667,0.3305000000000291
nantes,2,10000,1527.4058,1527.6864,0.2806000000000495
nantes,2,10000,1533.0886,1533.4332,0.3445999999999003
nantes,2,10000,1539.7112,1540.0288,0.31760000000008404
rennes,2,10000,1813.8856,1814.0011,0.11549999999988358
nantes,2,10000,1545.1685,1545.352,0.1835000000000946
nantes,2,10000,1551.5497,1551.8619,0.3122000000000753
nantes,2,10000,1556.7184,1556.9635,0.24510000000009313
nantes,2,10000,1562.5215,1562.8462,0.3246999999998934
nantes,2,10000,1569.6321,1569.9382,0.3061000000000149
nantes,2,10000,1575.5305,1575.7601,0.22959999999989122
rennes,2,10000,1497.2649,1497.4656,0.20070000000009713
rennes,2,10000,1502.5057,1502.592,0.0863000000001648
rennes,2,10000,1507.3601,1507.5953,0.23519999999984975
rennes,2,10000,1512.0657,1512.3654,0.29969999999980246
nantes,2,10000,1794.0542,1794.349,0.2947999999998956
rennes,2,10000,1818.7078,1818.8761,0.16830000000004475
rennes,2,10000,1517.4548,1517.5443,0.08950000000004366
rennes,2,10000,1522.1415,1522.222,0.0805000000000291
rennes,2,10000,1526.6586,1526.8766,0.21800000000007458
rennes,2,10000,1531.6956,1531.9136,0.21800000000007458
rennes,2,10000,1536.3594,1536.5565,0.19709999999986394
rennes,2,10000,1541.616,1541.8375,0.2215000000001055
rennes,2,10000,1546.6768,1546.8939,0.21710000000007312
rennes,2,10000,1551.6465,1551.8549,0.20839999999998327
rennes,2,10000,1555.9133,1556.133,0.2197000000001026
rennes,2,10000,1561.334,1561.547,0.21299999999996544
rennes,2,10000,1823.756,1823.878,0.12199999999984357
rennes,2,10000,1565.937,1566.1316,0.19460000000003674
toulouse,2,10000,1497.884,1498.0582,0.17419999999992797
toulouse,2,10000,1497.884,11528.363,10030.479
toulouse,2,10000,1501.629,1501.9174,0.2884000000001379
toulouse,2,10000,1505.2651,1505.4373,0.17219999999997526
toulouse,2,10000,1509.2328,1509.3837,0.1509000000000924
toulouse,2,10000,1513.6373,1513.876,0.23869999999988067
toulouse,2,10000,1517.6521,1517.8302,0.17810000000008586
toulouse,2,10000,1517.6521,11547.807,10030.154900000001
toulouse,2,10000,1521.4021,1521.6837,0.28160000000002583
toulouse,2,10000,1525.1392,1525.4379,0.2986999999998261
toulouse,2,10000,1525.1392,11555.431,10030.2918
toulouse,2,10000,1528.8519,1529.2566,0.404700000000048
rennes,2,10000,1828.495,1828.6608,0.16580000000021755
toulouse,2,10000,1532.7421,1532.9207,0.17859999999996035
toulouse,2,10000,1536.5629,1536.8593,0.2964000000001761
toulouse,2,10000,1540.1184,1540.3953,0.2768999999998414
toulouse,2,10000,1545.686,1545.9537,0.2677000000001044
toulouse,2,10000,1549.7786,1550.0448,0.2661999999997988
toulouse,2,10000,1549.7786,11579.916,10030.1374
toulouse,2,10000,1554.1423,1554.395,0.25270000000000437
nancy,2,10000,1536.436,1536.5035,0.06750000000010914
nancy,2,10000,1540.0162,1540.1979,0.1816999999998643
nancy,2,10000,1544.1661,1544.285,0.11890000000016698
nancy,2,10000,1548.0807,1548.2203,0.13959999999997308
rennes,2,10000,1833.2994,1833.4941,0.19469999999978427
nancy,2,10000,1552.3417,1552.4312,0.08950000000004366
nancy,2,10000,1556.3925,1556.468,0.07550000000014734
nancy,2,10000,1560.3606,1560.4622,0.10159999999996217
nancy,2,10000,1564.5034,1564.5918,0.08839999999986503
nancy,2,10000,1568.3837,1568.4851,0.10140000000001237
nancy,2,10000,1572.5428,1572.6593,0.11650000000008731
nancy,2,10000,1576.5619,1576.6299,0.06799999999998363
nancy,2,10000,1580.3689,1580.4874,0.11850000000004002
nancy,2,10000,1584.4181,1584.5629,0.14479999999980464
nancy,2,10000,1588.2224,1588.3228,0.10039999999980864
rennes,2,10000,1838.5769,1838.6642,0.08729999999991378
nancy,2,10000,1592.2567,1592.3365,0.07979999999997744
rennes,2,10000,1432.8044,1432.8965,0.09210000000007312
rennes,2,10000,1437.485,1437.6194,0.13440000000014152
rennes,2,10000,1442.446,1442.5685,0.1225000000001728
rennes,2,10000,1447.2637,1447.4109,0.14720000000011169
rennes,2,10000,1452.2375,1452.3951,0.15760000000000218
rennes,2,10000,1457.2712,1457.411,0.13980000000015025
rennes,2,10000,1462.5392,1462.6276,0.0884000000000924
rennes,2,10000,1467.3484,1467.4717,0.12329999999997199
rennes,2,10000,1472.1199,1472.2452,0.12530000000015207
rennes,2,10000,1842.9763,1843.1034,0.1270999999999276
rennes,2,10000,1477.0348,1477.1249,0.09010000000012042
rennes,2,10000,1481.4606,1481.5814,0.12079999999991742
rennes,2,10000,1486.3568,1486.4854,0.12860000000000582
rennes,2,10000,1491.1626,1491.2887,0.12609999999995125
rennes,2,10000,1495.9579,1496.0796,0.12169999999991887
rennes,2,10000,1500.4316,1500.5541,0.1225000000001728
rennes,2,10000,1435.9717,1436.0876,0.11590000000001055
rennes,2,10000,1440.649,1440.772,0.1230000000000473
rennes,2,10000,1445.9402,1446.0922,0.15200000000004366
rennes,2,10000,1450.6342,1450.7513,0.1170999999999367
rennes,2,10000,1848.1752,1848.3059,0.1307000000001608
rennes,2,10000,1455.5465,1455.6604,0.11390000000005784
rennes,2,10000,1460.8562,1460.9889,0.1327000000001135
rennes,2,10000,1465.2695,1465.4545,0.18499999999994543
rennes,2,10000,1470.2992,1470.4503,0.1511000000000422
rennes,2,10000,1475.2848,1475.3989,0.11410000000000764
rennes,2,10000,1480.3093,1480.4915,0.18220000000019354
rennes,2,10000,1485.0149,1485.1328,0.11790000000019063
rennes,2,10000,1489.8665,1490.0167,0.15019999999981337
rennes,2,10000,1494.9824,1495.1118,0.129399999999805
rennes,2,10000,1499.9059,1500.094,0.18810000000007676
rennes,2,10000,1853.0591,1853.2097,0.1506000000001677
rennes,2,10000,1504.5771,1504.6942,0.1170999999999367
rennes,2,10000,1378.9021,1378.9937,0.09159999999997126
rennes,2,10000,1383.9712,1384.0565,0.08529999999996107
rennes,2,10000,1388.6456,1388.9232,0.27759999999989304
rennes,2,10000,1393.3887,1393.6384,0.2497000000000753
rennes,2,10000,1398.3427,1398.6436,0.30090000000018335
rennes,2,10000,1403.7357,1404.044,0.3083000000001448
rennes,2,10000,1408.498,1408.823,0.3250000000000455
rennes,2,10000,1413.3566,1413.614,0.25739999999996144
rennes,2,10000,1418.2655,1418.5677,0.3022000000000844
rennes,2,10000,1857.8314,1857.9847,0.1532999999999447
rennes,2,10000,1423.1134,1423.4023,0.28890000000001237
rennes,2,10000,1427.9998,1428.3046,0.3047999999998865
rennes,2,10000,1433.1804,1433.41,0.2296000000001186
rennes,2,10000,1437.7961,1438.1146,0.3185000000000855
rennes,2,10000,1442.5621,1442.8176,0.25549999999998363
rennes,2,10000,1447.2627,1447.5592,0.2964999999999236
toulouse,2,10000,1395.9681,1396.2117,0.24360000000001492
toulouse,2,10000,1399.7252,1399.8888,0.1635999999998603
toulouse,2,10000,1404.7611,1405.0021,0.24099999999998545
toulouse,2,10000,1408.7192,1408.8942,0.17499999999995453
rennes,2,10000,1862.9083,1863.0323,0.12400000000002365
toulouse,2,10000,1412.6991,1412.8759,0.17679999999995744
toulouse,2,10000,1416.3463,1416.6205,0.2742000000000644
toulouse,2,10000,1420.3925,1420.5417,0.1492000000000644
toulouse,2,10000,1424.2273,1424.3789,0.1515999999999167
toulouse,2,10000,1427.6833,1427.9567,0.27340000000003783
toulouse,2,10000,1431.4806,1431.7616,0.28099999999994907
toulouse,2,10000,1435.7322,1435.8866,0.15440000000012333
toulouse,2,10000,1435.7322,11465.723,10029.9908
toulouse,2,10000,1439.0652,1439.3635,0.2982999999999265
toulouse,2,10000,1439.0652,11469.113,10030.0478
toulouse,2,10000,1443.005,1443.1804,0.17539999999985412
toulouse,2,10000,1443.005,11473.241,10030.236
toulouse,2,10000,1446.5216,1446.8026,0.28099999999994907
nantes,2,10000,1799.7753,1799.956,0.18069999999988795
rennes,2,10000,1867.676,1867.7952,0.11920000000009168
toulouse,2,10000,1450.397,1450.6746,0.2776000000001204
nantes,2,10000,1714.1559,1714.5087,0.3528000000001157
nantes,2,10000,1719.9216,1720.2648,0.3432000000000244
nantes,2,10000,1725.5149,1725.8151,0.3002000000001317
nantes,2,10000,1731.533,1731.8241,0.29110000000014224
nantes,2,10000,1737.0536,1737.4058,0.3522000000000389
nantes,2,10000,1743.4985,1743.7899,0.29140000000006694
nantes,2,10000,1748.9231,1749.2467,0.32359999999994216
nantes,2,10000,1755.8875,1756.1678,0.2802999999998974
nantes,2,10000,1760.8916,1761.2178,0.3261999999999716
nantes,2,10000,1805.6517,1806.0244,0.3727000000001226
nantes,2,10000,1767.7035,1768.0315,0.32799999999997453
nantes,2,10000,1773.3613,1773.7004,0.3390999999999167
nantes,2,10000,1779.6649,1779.9395,0.274599999999964
nantes,2,10000,1785.672,1785.9602,0.2881999999999607
nantes,2,10000,1792.119,1792.4089,0.2898999999999887
nantes,2,10000,1798.6202,1798.7103,0.09009999999989304
nancy,2,10000,1810.6527,1810.7059,0.05319999999983338
nancy,2,10000,1814.2645,1814.4521,0.1875999999999749
nancy,2,10000,1818.7056,1818.8744,0.16879999999991924
nancy,2,10000,1822.6354,1822.8042,0.1688000000001466
nantes,2,10000,1811.12,1811.5024,0.3824000000001888
nancy,2,10000,1826.9077,1827.0778,0.17010000000004766
nancy,2,10000,1830.8191,1831.0349,0.21580000000017208
nancy,2,10000,1834.8851,1835.1473,0.2622000000001208
nancy,2,10000,1838.9235,1839.1698,0.2462999999997919
nancy,2,10000,1842.9696,1843.1381,0.16849999999999454
nancy,2,10000,1847.3105,1847.4578,0.1472999999998592
nancy,2,10000,1851.4282,1851.6749,0.24669999999991887
nancy,2,10000,1855.521,1855.7897,0.26870000000008076
nancy,2,10000,1859.5052,1859.7694,0.2641999999998461
nancy,2,10000,1863.7485,1863.9167,0.16820000000006985
nantes,2,10000,1817.122,1817.4893,0.3672999999998865
nancy,2,10000,1867.7893,1868.0048,0.21550000000002
nancy,2,10000,1804.2125,1804.3569,0.14439999999990505
nancy,2,10000,1808.0582,1808.2103,0.15210000000001855
nancy,2,10000,1812.2275,1812.3829,0.15540000000009968
nancy,2,10000,1816.302,1816.562,0.2599999999999909
nancy,2,10000,1820.3616,1820.6257,0.2641000000000986
nancy,2,10000,1824.3904,1824.5402,0.14979999999991378
nancy,2,10000,1828.4965,1828.7628,0.2663000000000011
nancy,2,10000,1832.567,1832.713,0.14599999999995816
nancy,2,10000,1836.4673,1836.7252,0.2579000000000633
nantes,2,10000,1823.8296,1823.93,0.10040000000003602
nancy,2,10000,1840.5068,1840.7656,0.2587999999998374
nancy,2,10000,1844.4974,1844.7169,0.21949999999992542
nancy,2,10000,1848.2831,1848.5027,0.21959999999990032
nancy,2,10000,1852.279,1852.542,0.26299999999991996
nancy,2,10000,1856.2666,1856.4215,0.15489999999999782
nancy,2,10000,1859.9918,1860.1499,0.15809999999987667
nancy,2,10000,1786.237,1786.434,0.19699999999988904
nancy,2,10000,1790.2881,1790.3907,0.10259999999993852
nancy,2,10000,1794.287,1794.4697,0.18270000000006803
nancy,2,10000,1798.3916,1798.5823,0.19070000000010623
nantes,2,10000,1829.9077,1830.1895,0.2817999999999756
nancy,2,10000,1802.3689,1802.5588,0.18990000000007967
nancy,2,10000,1806.3108,1806.473,0.16219999999998436
nancy,2,10000,1810.2196,1810.4065,0.1869000000001506
nancy,2,10000,1814.3208,1814.4264,0.10560000000009495
nancy,2,10000,1818.3523,1818.5181,0.16579999999999018
nancy,2,10000,1822.3848,1822.5769,0.19209999999998217
nancy,2,10000,1826.815,1826.9028,0.08780000000001564
nancy,2,10000,1830.4796,1830.6708,0.1912000000002081
nancy,2,10000,1834.585,1834.7748,0.1897999999998774
nancy,2,10000,1838.8746,1838.9761,0.10149999999998727
nantes,2,10000,1835.172,1835.4707,0.2987000000000535
nancy,2,10000,1843.0092,1843.1134,0.10419999999999163
nantes,2,10000,1605.727,1606.0283,0.30129999999985557
nantes,2,10000,1611.9257,1612.2429,0.31719999999995707
nantes,2,10000,1617.3331,1617.7404,0.4072999999998501
nantes,2,10000,1624.0197,1624.3385,0.3188000000000102
nantes,2,10000,1629.3488,1629.6718,0.32300000000009277
nantes,2,10000,1635.835,1636.1342,0.29919999999992797
nantes,2,10000,1641.5833,1641.9913,0.4079999999999018
nantes,2,10000,1647.0071,1647.3519,0.3447999999998501
nantes,2,10000,1654.2852,1654.4503,0.16509999999993852
nantes,3,10000,1899.5502,1899.6718,0.12160000000017135
nantes,3,10000,1953.6584,1953.9008,0.2423999999998614
nantes,3,10000,1813.2837,1813.4801,0.19640000000003965
nantes,3,10000,1818.9664,1819.1271,0.16069999999990614
nantes,3,10000,1825.8422,1826.1184,0.2762000000000171
nantes,3,10000,1831.7974,1831.9662,0.1688000000001466
nantes,3,10000,1838.8942,1839.1846,0.2904000000000906
nantes,3,10000,1844.7084,1844.9614,0.25299999999992906
nantes,3,10000,1716.3782,1716.5375,0.15929999999980282
nantes,3,10000,1721.8975,1722.0326,0.1350999999999658
nantes,3,10000,1727.8213,1728.0164,0.19509999999991123
nantes,3,10000,1734.0035,1734.2532,0.2497000000000753
nantes,3,10000,1959.7428,1959.9347,0.19190000000003238
nantes,3,10000,1739.5237,1739.7062,0.18250000000011823
nantes,3,10000,1745.5089,1745.7467,0.23779999999987922
nantes,3,10000,1751.1649,1751.3438,0.1789000000001124
nantes,3,10000,1757.5463,1757.658,0.11169999999992797
nantes,3,10000,1763.048,1763.1738,0.12580000000002656
nantes,3,10000,1769.2435,1769.4407,0.1972000000000662
nantes,3,10000,1774.5037,1774.627,0.12329999999997199
nantes,3,10000,1781.3595,1781.4469,0.08739999999988868
nantes,3,10000,1786.2052,1786.3805,0.17529999999987922
nantes,3,10000,1793.1196,1793.3706,0.25099999999997635
nantes,3,10000,1966.4303,1966.5764,0.14609999999993306
nantes,3,10000,1798.6012,1798.7721,0.17089999999984684
toulouse,3,10000,1786.6274,1786.6847,0.057299999999941065
toulouse,3,10000,1786.6274,11821.409,10034.7816
toulouse,3,10000,1790.6401,1790.698,0.057900000000017826
toulouse,3,10000,1794.3503,1794.4098,0.05949999999984357
toulouse,3,10000,1798.056,1798.1896,0.1335999999998876
toulouse,3,10000,1802.223,1802.2838,0.06079999999997199
toulouse,3,10000,1806.2094,1806.2666,0.05719999999996617
toulouse,3,10000,1810.409,1810.4763,0.06729999999993197
toulouse,3,10000,1814.2052,1814.2657,0.06049999999981992
toulouse,3,10000,1814.2052,11849.052,10034.8468
toulouse,3,10000,1818.0869,1818.1465,0.05960000000004584
nantes,3,10000,1972.3464,1972.4519,0.10550000000012005
toulouse,3,10000,1822.1084,1822.1669,0.058499999999867214
toulouse,3,10000,1825.9757,1826.0392,0.06349999999997635
toulouse,3,10000,1829.861,1829.9178,0.0567999999998392
toulouse,3,10000,1833.5923,1833.6534,0.06109999999989668
toulouse,3,10000,1833.5923,11868.435,10034.8427
toulouse,3,10000,1837.5544,1837.611,0.05660000000011678
toulouse,3,10000,1841.4976,1841.5568,0.05920000000014625
toulouse,3,10000,1764.855,1765.0271,0.17210000000000036
toulouse,3,10000,1768.9496,1769.1191,0.1694999999999709
toulouse,3,10000,1773.1471,1773.3004,0.15330000000017208
toulouse,3,10000,1776.8373,1777.0708,0.2335000000000491
nantes,3,10000,1979.0491,1979.1652,0.11609999999996035
toulouse,3,10000,1780.6381,1780.9269,0.28880000000003747
toulouse,3,10000,1784.7594,1784.9299,0.17050000000017462
toulouse,3,10000,1790.0164,1790.193,0.17660000000000764
toulouse,3,10000,1793.4501,1793.6167,0.16660000000001673
toulouse,3,10000,1797.5071,1797.786,0.27890000000002146
toulouse,3,10000,1801.5227,1801.6854,0.16270000000008622
toulouse,3,10000,1805.1609,1805.4332,0.2722999999998592
toulouse,3,10000,1809.1729,1809.4404,0.26749999999992724
toulouse,3,10000,1813.0547,1813.3214,0.26670000000012806
toulouse,3,10000,1817.0743,1817.3405,0.2662000000000262
nantes,3,10000,1984.8735,1985.1609,0.2874000000001615
toulouse,3,10000,1820.8391,1821.1003,0.26120000000014443
toulouse,3,10000,1759.1875,1759.5503,0.3628000000001066
toulouse,3,10000,1762.8505,1763.1898,0.33930000000009386
toulouse,3,10000,1766.565,1766.9163,0.35130000000003747
toulouse,3,10000,1770.4265,1770.7836,0.3570999999999458
toulouse,3,10000,1774.3385,1774.6826,0.34410000000002583
toulouse,3,10000,1777.9899,1778.3268,0.3369000000000142
toulouse,3,10000,1781.8856,1782.2659,0.38030000000003383
toulouse,3,10000,1781.8856,11816.696,10034.8104
toulouse,3,10000,1785.578,1785.9117,0.33370000000013533
toulouse,3,10000,1789.587,1789.9153,0.32829999999989923
rennes,3,10000,1940.7493,1940.8529,0.10360000000014224
toulouse,3,10000,1793.3912,1793.8359,0.44470000000001164
toulouse,3,10000,1797.0352,1797.4086,0.3733999999999469
toulouse,3,10000,1800.8441,1801.2076,0.3634999999999309
toulouse,3,10000,1804.4664,1804.8273,0.3608999999999014
toulouse,3,10000,1808.6023,1808.9319,0.32960000000002765
toulouse,3,10000,1812.4137,1812.7739,0.36019999999984975
nancy,3,10000,1734.5106,1734.6714,0.16079999999988104
nancy,3,10000,1738.3478,1738.4238,0.07600000000002183
nancy,3,10000,1742.3121,1742.3813,0.06919999999990978
nancy,3,10000,1746.3715,1746.5205,0.1490000000001146
rennes,3,10000,1945.6799,1945.8086,0.12869999999998072
nancy,3,10000,1750.3684,1750.5167,0.14829999999983556
nancy,3,10000,1754.1719,1754.3818,0.20990000000006148
nancy,3,10000,1758.3405,1758.4856,0.1450999999999567
nancy,3,10000,1762.4723,1762.6189,0.14660000000003492
nancy,3,10000,1766.614,1766.6838,0.06979999999998654
nancy,3,10000,1770.6238,1770.6987,0.0748999999998432
nancy,3,10000,1774.6802,1774.8015,0.12130000000001928
nancy,3,10000,1778.4879,1778.6357,0.14779999999996107
nancy,3,10000,1782.2651,1782.4382,0.17309999999997672
nancy,3,10000,1786.1031,1786.2601,0.15699999999992542
rennes,3,10000,1950.3683,1950.6428,0.2744999999999891
nancy,3,10000,1790.2615,1790.3364,0.0748999999998432
nantes,3,10000,1629.786,1630.0807,0.2946999999999207
nantes,3,10000,1635.7247,1635.8341,0.10940000000005057
nantes,3,10000,1641.7181,1641.9585,0.2403999999999087
nantes,3,10000,1647.4982,1647.6975,0.19929999999999382
nantes,3,10000,1653.7556,1653.8989,0.1432999999999538
nantes,3,10000,1660.126,1660.2299,0.10390000000006694
nantes,3,10000,1666.5327,1666.7031,0.17039999999997235
nantes,3,10000,1672.1726,1672.3525,0.1798999999998614
nantes,3,10000,1678.3302,1678.4935,0.1632999999999356
rennes,3,10000,1955.0088,1955.2714,0.2626000000000204
nantes,3,10000,1684.6597,1684.7634,0.10370000000011714
nantes,3,10000,1689.936,1690.1338,0.19780000000014297
nantes,3,10000,1697.0957,1697.2509,0.1551999999999225
nantes,3,10000,1702.5845,1702.8583,0.2738000000001648
nantes,3,10000,1709.2278,1709.4363,0.20850000000018554
nantes,3,10000,1714.6964,1714.8978,0.20139999999992142
rennes,3,10000,1634.7405,1634.8296,0.08909999999991669
rennes,3,10000,1638.999,1639.2555,0.25649999999996
rennes,3,10000,1644.3628,1644.6063,0.24349999999981264
rennes,3,10000,1649.3292,1649.5349,0.20570000000020627
nantes,3,10000,1905.6619,1905.8907,0.22879999999986467
rennes,3,10000,1959.8066,1960.0402,0.233600000000024
rennes,3,10000,1654.2833,1654.4722,0.18889999999987594
rennes,3,10000,1659.0824,1659.3337,0.25129999999990105
rennes,3,10000,1664.2144,1664.2894,0.0749999999998181
rennes,3,10000,1668.7815,1668.975,0.19349999999985812
rennes,3,10000,1673.685,1673.8732,0.18820000000005166
rennes,3,10000,1678.433,1678.5898,0.15679999999997563
rennes,3,10000,1683.2046,1683.4464,0.241800000000012
rennes,3,10000,1688.4606,1688.6187,0.15809999999987667
rennes,3,10000,1692.9948,1693.1527,0.15790000000015425
rennes,3,10000,1698.5244,1698.6162,0.09179999999992106
rennes,3,10000,1964.5774,1964.8607,0.28330000000005384
rennes,3,10000,1702.9949,1703.1559,0.1610000000000582
toulouse,3,10000,1666.4861,1666.6565,0.17039999999997235
toulouse,3,10000,1670.1967,1670.4734,0.27670000000011896
toulouse,3,10000,1673.2555,1673.4224,0.16689999999994143
toulouse,3,10000,1673.2555,11707.987,10034.7315
toulouse,3,10000,1678.2539,1678.5272,0.27330000000006294
toulouse,3,10000,1682.6512,1682.8176,0.16640000000006694
toulouse,3,10000,1682.6512,11718.317,10035.665799999999
toulouse,3,10000,1687.3839,1687.6564,0.2725000000000364
toulouse,3,10000,1691.2107,1691.3838,0.17309999999997672
toulouse,3,10000,1695.0729,1695.2322,0.1593000000000302
toulouse,3,10000,1698.6987,1698.8723,0.17360000000007858
toulouse,3,10000,1698.6987,11734.531,10035.832300000002
rennes,3,10000,1969.6823,1969.8082,0.12590000000000146
toulouse,3,10000,1701.9927,1702.1649,0.17219999999997526
toulouse,3,10000,1706.2057,1706.3975,0.19180000000005748
toulouse,3,10000,1706.2057,11742.045,10035.8393
toulouse,3,10000,1710.1388,1710.4117,0.27290000000016335
toulouse,3,10000,1713.7866,1714.0856,0.29900000000020555
toulouse,3,10000,1717.5897,1717.7815,0.19180000000005748
toulouse,3,10000,1721.8423,1722.0078,0.16550000000006548
nancy,3,10000,1709.4343,1709.7869,0.3526000000001659
nancy,3,10000,1713.139,1713.4034,0.2644000000000233
nancy,3,10000,1717.2434,1717.5597,0.3162999999999556
nancy,3,10000,1720.9738,1721.3274,0.35359999999991487
rennes,3,10000,1974.3645,1974.6357,0.27120000000013533
nancy,3,10000,1725.1677,1725.488,0.3203000000000884
nancy,3,10000,1729.2502,1729.514,0.2637999999999465
nancy,3,10000,1733.1738,1733.4352,0.26139999999986685
nancy,3,10000,1737.3552,1737.6127,0.25749999999993634
nancy,3,10000,1741.2694,1741.5916,0.3222000000000662
nancy,3,10000,1745.0271,1745.3792,0.35210000000006403
nancy,3,10000,1749.1608,1749.4252,0.2643999999997959
nancy,3,10000,1752.8865,1753.2074,0.3208999999999378
nancy,3,10000,1756.7313,1757.0468,0.31550000000015643
nancy,3,10000,1760.4222,1760.6934,0.27120000000013533
rennes,3,10000,1979.1512,1979.4258,0.274599999999964
nancy,3,10000,1764.4513,1764.7136,0.2623000000000957
rennes,3,10000,1594.0476,1594.303,0.25540000000000873
rennes,3,10000,1598.8193,1598.8938,0.07449999999994361
rennes,3,10000,1604.027,1604.1193,0.09230000000002292
rennes,3,10000,1608.6106,1608.8527,0.2420999999999367
rennes,3,10000,1613.3616,1613.6039,0.24230000000011387
rennes,3,10000,1618.4535,1618.7914,0.33789999999999054
rennes,3,10000,1623.6782,1623.7666,0.08839999999986503
rennes,3,10000,1628.2477,1628.4895,0.241800000000012
rennes,3,10000,1633.1885,1633.4336,0.24510000000009313
rennes,3,10000,1983.9169,1984.1754,0.25850000000014006
rennes,3,10000,1638.4557,1638.531,0.07529999999997017
rennes,3,10000,1642.8234,1643.0576,0.23420000000010077
rennes,3,10000,1647.7028,1647.9504,0.24759999999992033
rennes,3,10000,1652.4238,1652.6692,0.24540000000001783
rennes,3,10000,1657.2139,1657.4597,0.2458000000001448
rennes,3,10000,1662.1584,1662.4003,0.2418999999999869
rennes,3,10000,1569.1299,1569.4298,0.2998999999999796
rennes,3,10000,1574.5992,1574.693,0.09379999999987376
rennes,3,10000,1578.7823,1579.1838,0.4014999999999418
rennes,3,10000,1584.2238,1584.3105,0.08670000000006439
rennes,3,10000,1988.7502,1989.0114,0.26120000000014443
rennes,3,10000,1588.5345,1588.8896,0.3550999999999931
rennes,3,10000,1594.3851,1594.4576,0.0724999999999909
rennes,3,10000,1598.5944,1598.9492,0.3548000000000684
rennes,3,10000,1603.5168,1603.8036,0.2867999999998574
rennes,3,10000,1608.5105,1608.8132,0.3026999999999589
rennes,3,10000,1613.6992,1613.7948,0.09559999999987667
rennes,3,10000,1618.2755,1618.6113,0.33580000000006294
rennes,3,10000,1622.8943,1623.2094,0.31510000000002947
rennes,3,10000,1627.8121,1628.1652,0.353099999999813
rennes,3,10000,1632.6003,1632.9458,0.3454999999999018
rennes,3,10000,1993.751,1994.0114,0.26040000000011787
rennes,3,10000,1637.8436,1638.1603,0.3167000000000826
rennes,3,10000,1542.9197,1543.5236,0.6039000000000669
rennes,3,10000,1548.281,1548.3696,0.0886000000000422
rennes,3,10000,1552.4309,1552.6871,0.2562000000000353
rennes,3,10000,1557.569,1557.9138,0.3448000000000775
rennes,3,10000,1562.6268,1562.9893,0.3624999999999545
rennes,3,10000,1567.5211,1567.9253,0.40420000000017353
rennes,3,10000,1572.8096,1573.2202,0.41059999999993124
rennes,3,10000,1577.6338,1578.0472,0.4133999999999105
rennes,3,10000,1582.4917,1582.9332,0.4414999999999054
rennes,3,10000,1998.6044,1998.8301,0.2256999999999607
rennes,3,10000,1587.3468,1587.7318,0.3849999999999909
rennes,3,10000,1592.827,1592.9598,0.1328000000000884
rennes,3,10000,1597.5624,1597.6658,0.10339999999996508
rennes,3,10000,1602.1531,1602.5287,0.37560000000007676
rennes,3,10000,1607.3994,1607.8312,0.4318000000000666
rennes,3,10000,1612.1161,1612.5121,0.39599999999995816
toulouse,3,10000,1554.8734,1555.2456,0.37220000000002074
toulouse,3,10000,1558.543,1558.9238,0.3808000000001357
toulouse,3,10000,1562.391,1562.8087,0.417699999999968
toulouse,3,10000,1566.4492,1566.8252,0.37599999999997635
rennes,3,10000,2003.592,2003.867,0.2749999999998636
toulouse,3,10000,1570.3225,1570.7052,0.3827000000001135
toulouse,3,10000,1574.6595,1574.9797,0.3202000000001135
toulouse,3,10000,1578.654,1578.9503,0.2962999999999738
toulouse,3,10000,1582.9117,1583.061,0.14929999999981192
toulouse,3,10000,1586.1454,1586.4843,0.3388999999999669
toulouse,3,10000,1589.9478,1590.273,0.32519999999999527
toulouse,3,10000,1589.9478,11624.626,10034.6782
toulouse,3,10000,1593.4534,1593.7921,0.3386999999997897
toulouse,3,10000,1597.4846,1597.8401,0.3554999999998927
toulouse,3,10000,1601.4285,1601.7948,0.36629999999991014
toulouse,3,10000,1605.3428,1605.7299,0.3871000000001459
nantes,3,10000,1911.4877,1911.6179,0.13020000000005894
rennes,3,10000,2008.4403,2008.711,0.27070000000003347
toulouse,3,10000,1610.1727,1610.5897,0.4169999999999163
nantes,3,10000,1830.0945,1830.1985,0.10400000000004184
nantes,3,10000,1835.4407,1835.7601,0.3193999999998596
nantes,3,10000,1841.9211,1842.0172,0.09609999999997854
nantes,3,10000,1847.7628,1848.1083,0.34550000000012915
nantes,3,10000,1853.9048,1854.0057,0.1008999999999105
nantes,3,10000,1859.9691,1860.2246,0.25549999999998363
nantes,3,10000,1865.3192,1865.6943,0.37510000000020227
nantes,3,10000,1872.1478,1872.5322,0.3844000000001415
nantes,3,10000,1877.4454,1877.7911,0.34569999999985157
nantes,3,10000,1917.5815,1917.8431,0.261600000000044
nantes,3,10000,1883.9661,1884.2659,0.29980000000000473
nantes,3,10000,1889.4496,1889.8717,0.42210000000000036
nantes,3,10000,1896.1267,1896.4768,0.35009999999988395
nantes,3,10000,1901.6871,1902.0409,0.35379999999986467
nantes,3,10000,1908.8811,1909.1888,0.30769999999984066
nantes,3,10000,1914.4321,1914.7646,0.3324999999999818
nancy,3,10000,1959.8313,1959.9127,0.08140000000003056
nancy,3,10000,1963.6528,1963.7317,0.07889999999997599
nancy,3,10000,1967.4192,1967.4983,0.07909999999992579
nancy,3,10000,1971.5311,1971.6117,0.080600000000004
nantes,3,10000,1923.7363,1923.867,0.13069999999993342
nancy,3,10000,1975.3848,1975.4562,0.07140000000003965
nancy,3,10000,1979.4393,1979.5177,0.0784000000001015
nancy,3,10000,1983.1903,1983.2644,0.07410000000004402
nancy,3,10000,1987.484,1987.5651,0.08110000000010587
nancy,3,10000,1991.3387,1991.414,0.07529999999997017
nancy,3,10000,1995.2621,1995.3439,0.08180000000015752
nancy,3,10000,1998.9462,1999.0272,0.0809999999999036
nancy,3,10000,2003.0284,2003.1083,0.07990000000017972
nancy,3,10000,2007.1011,2007.1757,0.07459999999991851
nancy,3,10000,2011.2767,2011.359,0.08230000000003201
nantes,3,10000,1929.4767,1929.6913,0.21460000000001855
nancy,3,10000,2014.9781,2015.0524,0.07429999999999382
nancy,3,10000,1926.7156,1926.7921,0.07649999999989632
nancy,3,10000,1930.5237,1930.6213,0.09760000000005675
nancy,3,10000,1934.8738,1934.9287,0.05489999999986139
nancy,3,10000,1939.0701,1939.1449,0.07480000000009568
nancy,3,10000,1943.2087,1943.2786,0.06990000000018881
nancy,3,10000,1947.1941,1947.2639,0.06979999999998654
nancy,3,10000,1951.2396,1951.3094,0.06979999999998654
nancy,3,10000,1955.3921,1955.4606,0.06850000000008549
nancy,3,10000,1959.1681,1959.2996,0.13149999999995998
nantes,3,10000,1935.2227,1935.4269,0.20419999999990068
nancy,3,10000,1962.9734,1963.1202,0.14679999999998472
nancy,3,10000,1967.067,1967.1409,0.07390000000009422
nancy,3,10000,1970.924,1970.9983,0.07429999999999382
nancy,3,10000,1974.6158,1974.714,0.09819999999990614
nancy,3,10000,1978.4581,1978.6105,0.15239999999994325
nancy,3,10000,1982.5889,1982.6598,0.07089999999993779
nancy,3,10000,1911.7413,1911.8959,0.15460000000007312
nancy,3,10000,1915.4773,1915.7323,0.25499999999988177
nancy,3,10000,1919.8678,1920.128,0.2601999999999407
nancy,3,10000,1923.8651,1924.1216,0.25649999999996
nantes,3,10000,1942.0299,1942.1656,0.13570000000004256
nancy,3,10000,1927.7667,1928.0305,0.2638000000001739
nancy,3,10000,1931.7474,1931.8962,0.14879999999993743
nancy,3,10000,1935.871,1936.0249,0.1538999999997941
nancy,3,10000,1939.9684,1940.2285,0.2600999999999658
nancy,3,10000,1944.0463,1944.1967,0.15039999999999054
nancy,3,10000,1948.0939,1948.3477,0.2537999999999556
nancy,3,10000,1952.271,1952.5334,0.2624000000000706
nancy,3,10000,1956.4178,1956.6754,0.2576000000001386
nancy,3,10000,1960.3999,1960.6588,0.25890000000003965
nancy,3,10000,1964.6046,1964.7603,0.15570000000002437
nantes,3,10000,1947.2894,1947.4355,0.14610000000016043
nancy,3,10000,1968.6941,1968.8503,0.15620000000012624
nantes,3,10000,1758.7161,1758.8854,0.16929999999979373
nantes,3,10000,1763.5012,1763.6825,0.1812999999999647
nantes,3,10000,1770.0771,1770.3514,0.2743000000000393
nantes,3,10000,1776.4786,1776.6398,0.161200000000008
nantes,3,10000,1782.1438,1782.3734,0.22959999999989122
nantes,3,10000,1788.7478,1788.9075,0.1596999999999298
nantes,3,10000,1794.7312,1794.8926,0.1613999999999578
nantes,3,10000,1801.5073,1801.6946,0.1873000000000502
nantes,3,10000,1806.7335,1806.9508,0.21730000000002292
nantes,4,10000,1919.1257,1919.4205,0.2947999999998956
nantes,4,10000,1972.7518,1972.9756,0.2237999999999829
nantes,4,10000,1830.703,1830.9652,0.2622000000001208
nantes,4,10000,1836.0776,1836.2682,0.19059999999990396
nantes,4,10000,1842.9062,1843.1466,0.24040000000013606
nantes,4,10000,1848.9985,1849.1399,0.141399999999976
nantes,4,10000,1855.7386,1855.9032,0.16460000000006403
nantes,4,10000,1861.4093,1861.5953,0.18599999999992178
nantes,4,10000,1741.2611,1741.3865,0.12540000000012697
nantes,4,10000,1747.3916,1747.6323,0.24070000000006075
nantes,4,10000,1752.4873,1752.7119,0.22460000000000946
nantes,4,10000,1758.9802,1759.0845,0.10429999999996653
nantes,4,10000,1978.7452,1978.8496,0.10439999999994143
nantes,4,10000,1765.0261,1765.1112,0.08510000000001128
nantes,4,10000,1770.3085,1770.494,0.18549999999981992
nantes,4,10000,1776.8936,1777.0669,0.1732999999999265
nantes,4,10000,1782.9666,1783.1443,0.1776999999999589
nantes,4,10000,1788.6853,1788.9526,0.26729999999997744
nantes,4,10000,1793.8351,1794.0491,0.2139999999999418
nantes,4,10000,1800.9055,1801.0875,0.18200000000001637
nantes,4,10000,1806.9209,1807.1492,0.22829999999999018
nantes,4,10000,1813.4283,1813.5505,0.12220000000002074
nantes,4,10000,1820.1537,1820.2627,0.1089999999999236
nantes,4,10000,1985.078,1985.2805,0.20250000000010004
nantes,4,10000,1825.5476,1825.7902,0.2425999999998112
toulouse,4,10000,1773.2722,1773.4269,0.15469999999982065
toulouse,4,10000,1776.872,1777.045,0.17300000000000182
toulouse,4,10000,1780.8186,1781.0692,0.2505999999998494
toulouse,4,10000,1784.9683,1785.2434,0.27510000000006585
toulouse,4,10000,1788.6378,1788.8774,0.2396000000001095
toulouse,4,10000,1792.9784,1793.1633,0.18489999999997053
toulouse,4,10000,1797.3496,1797.5309,0.1812999999999647
toulouse,4,10000,1803.6122,1803.8834,0.27119999999990796
toulouse,4,10000,1803.6122,11837.016,10033.4038
toulouse,4,10000,1807.5321,1807.8065,0.2744000000000142
nantes,4,10000,1991.0138,1991.2767,0.26289999999994507
toulouse,4,10000,1811.3916,1811.6565,0.26490000000012515
toulouse,4,10000,1815.2549,1815.4342,0.179300000000012
toulouse,4,10000,1818.9482,1819.2233,0.27510000000006585
toulouse,4,10000,1822.6252,1822.889,0.2637999999999465
toulouse,4,10000,1826.262,1826.514,0.2519999999999527
toulouse,4,10000,1830.4465,1830.7158,0.26929999999993015
toulouse,4,10000,1774.2784,1774.4487,0.17029999999999745
toulouse,4,10000,1778.2019,1778.4009,0.19900000000006912
toulouse,4,10000,1778.2019,11811.204,10033.0021
toulouse,4,10000,1781.9512,1782.192,0.24080000000003565
toulouse,4,10000,1785.9252,1786.206,0.2807999999999993
nantes,4,10000,1997.619,1997.8273,0.20830000000000837
toulouse,4,10000,1789.9113,1790.1757,0.2644000000000233
toulouse,4,10000,1794.4553,1794.7375,0.2821999999998752
toulouse,4,10000,1794.4553,11828.066,10033.610700000001
toulouse,4,10000,1798.2864,1798.5356,0.24919999999997344
toulouse,4,10000,1802.1266,1802.4159,0.28929999999991196
toulouse,4,10000,1806.5264,1806.8217,0.29529999999999745
toulouse,4,10000,1810.1646,1810.4326,0.2680000000000291
toulouse,4,10000,1810.1646,11843.3955,10033.2309
toulouse,4,10000,1814.3759,1814.675,0.29909999999995307
toulouse,4,10000,1818.0455,1818.2129,0.1674000000000433
toulouse,4,10000,1818.0455,11851.343,10033.2975
toulouse,4,10000,1822.056,1822.3407,0.2846999999999298
toulouse,4,10000,1825.8047,1826.0101,0.2054000000000542
toulouse,4,10000,1825.8047,11859.033,10033.228299999999
nantes,4,10000,2003.6313,2003.9437,0.3124000000000251
toulouse,4,10000,1830.0829,1830.246,0.1630999999999858
toulouse,4,10000,1753.8087,1754.1808,0.37210000000004584
toulouse,4,10000,1757.639,1758.0078,0.3688000000001921
toulouse,4,10000,1757.639,11790.64,10033.001
toulouse,4,10000,1762.4111,1762.7208,0.30970000000002074
toulouse,4,10000,1766.0991,1766.4323,0.33320000000003347
toulouse,4,10000,1770.0394,1770.463,0.4236000000000786
toulouse,4,10000,1774.1863,1774.5719,0.3855999999998403
toulouse,4,10000,1774.1863,11807.103,10032.9167
toulouse,4,10000,1778.093,1778.4398,0.3468000000000302
toulouse,4,10000,1781.9899,1782.4066,0.41669999999999163
toulouse,4,10000,1786.1453,1786.4822,0.3369000000000142
rennes,4,10000,1945.8723,1946.1096,0.23730000000000473
toulouse,4,10000,1789.9507,1790.3064,0.3556999999998425
toulouse,4,10000,1793.6179,1793.9828,0.3649000000000342
toulouse,4,10000,1797.6493,1797.9908,0.34149999999999636
toulouse,4,10000,1797.6493,11830.546,10032.896700000001
toulouse,4,10000,1801.521,1801.8612,0.3402000000000953
toulouse,4,10000,1805.4395,1805.7528,0.31330000000002656
toulouse,4,10000,1809.5315,1809.879,0.3474999999998545
nancy,4,10000,1765.2756,1765.5323,0.25670000000013715
nancy,4,10000,1769.0265,1769.2776,0.25109999999995125
nancy,4,10000,1773.036,1773.2968,0.26080000000001746
nancy,4,10000,1777.2081,1777.4694,0.26129999999989195
rennes,4,10000,1950.2428,1950.5222,0.2794000000001233
nancy,4,10000,1781.2255,1781.4744,0.24890000000004875
nancy,4,10000,1785.4812,1785.7487,0.2675000000001546
nancy,4,10000,1789.4454,1789.6688,0.22339999999985594
nancy,4,10000,1793.6094,1793.834,0.22460000000000946
nancy,4,10000,1797.721,1797.9851,0.2641000000000986
nancy,4,10000,1801.6196,1801.9357,0.3161000000000058
nancy,4,10000,1805.6595,1805.9434,0.2839000000001306
nancy,4,10000,1809.6592,1809.9178,0.2585999999998876
nancy,4,10000,1813.5819,1813.8828,0.30090000000018335
nancy,4,10000,1817.6975,1817.9572,0.2597000000000662
rennes,4,10000,1954.72,1954.998,0.27800000000002
nancy,4,10000,1821.5691,1821.7948,0.2256999999999607
nantes,4,10000,1654.5631,1654.871,0.3079000000000178
nantes,4,10000,1660.9412,1661.0425,0.10130000000003747
nantes,4,10000,1667.5763,1667.674,0.09770000000003165
nantes,4,10000,1672.7192,1672.9974,0.2781999999999698
nantes,4,10000,1679.083,1679.3668,0.28379999999992833
nantes,4,10000,1684.8378,1685.173,0.3351999999999862
nantes,4,10000,1691.4523,1691.8229,0.3705999999999676
nantes,4,10000,1696.9852,1697.2626,0.27739999999994325
nantes,4,10000,1703.8688,1704.1688,0.2999999999999545
rennes,4,10000,1959.76,1960.0674,0.30739999999991596
nantes,4,10000,1710.1152,1710.2053,0.09010000000012042
nantes,4,10000,1715.0883,1715.4207,0.3324000000000069
nantes,4,10000,1721.8752,1722.2015,0.3262999999999465
nantes,4,10000,1727.4835,1727.8422,0.3586999999999989
nantes,4,10000,1734.1442,1734.5195,0.37530000000015207
nantes,4,10000,1740.4957,1740.6011,0.10540000000014516
rennes,4,10000,1661.1058,1661.1827,0.07690000000002328
rennes,4,10000,1665.4816,1665.812,0.33039999999982683
rennes,4,10000,1670.6724,1670.892,0.2196000000001277
rennes,4,10000,1675.5426,1675.8325,0.2898999999999887
nantes,4,10000,1924.1749,1924.3792,0.20430000000010295
rennes,4,10000,1964.5487,1964.858,0.30929999999989377
rennes,4,10000,1680.4413,1680.6803,0.23900000000003274
rennes,4,10000,1685.8973,1685.9939,0.09659999999985303
rennes,4,10000,1690.573,1690.8041,0.23109999999996944
rennes,4,10000,1695.5178,1695.6975,0.1796999999999116
rennes,4,10000,1700.51,1700.7404,0.23039999999991778
rennes,4,10000,1705.2659,1705.4924,0.22649999999998727
rennes,4,10000,1710.782,1710.8635,0.08150000000000546
rennes,4,10000,1715.5719,1715.77,0.19810000000006767
rennes,4,10000,1720.4092,1720.6316,0.22239999999987958
rennes,4,10000,1725.249,1725.4979,0.24890000000004875
rennes,4,10000,1969.7426,1969.9991,0.25649999999996
rennes,4,10000,1730.043,1730.2668,0.22380000000021028
toulouse,4,10000,1681.7689,1681.8362,0.06729999999993197
toulouse,4,10000,1685.5503,1685.6179,0.06759999999985666
toulouse,4,10000,1689.5675,1689.6315,0.06399999999985084
toulouse,4,10000,1693.1654,1693.2333,0.06790000000000873
toulouse,4,10000,1697.136,1697.2008,0.06480000000010477
toulouse,4,10000,1701.1766,1701.242,0.06539999999995416
toulouse,4,10000,1704.9866,1705.0516,0.06500000000005457
toulouse,4,10000,1708.9386,1709.0071,0.06850000000008549
toulouse,4,10000,1712.7333,1712.8069,0.07359999999994216
toulouse,4,10000,1712.7333,11745.96,10033.2267
rennes,4,10000,1975.1237,1975.2423,0.11859999999978754
toulouse,4,10000,1716.3981,1716.4647,0.06659999999988031
toulouse,4,10000,1720.3627,1720.4318,0.06910000000016225
toulouse,4,10000,1724.1913,1724.2627,0.07140000000003965
toulouse,4,10000,1724.1913,11757.399,10033.207699999999
toulouse,4,10000,1728.2288,1728.295,0.06619999999998072
toulouse,4,10000,1732.3073,1732.3706,0.06330000000002656
toulouse,4,10000,1736.15,1736.2185,0.06849999999985812
nancy,4,10000,1712.8558,1712.9283,0.0724999999999909
nancy,4,10000,1716.8047,1716.8655,0.06080000000019936
nancy,4,10000,1720.6934,1720.8168,0.12339999999994689
nancy,4,10000,1724.7351,1724.9111,0.17599999999993088
rennes,4,10000,1979.8894,1979.975,0.08559999999988577
nancy,4,10000,1728.7155,1728.853,0.13750000000004547
nancy,4,10000,1732.5778,1732.7018,0.12400000000002365
nancy,4,10000,1736.5983,1736.7393,0.14099999999984902
nancy,4,10000,1740.5706,1740.6531,0.08249999999998181
nancy,4,10000,1744.5039,1744.6409,0.13700000000017099
nancy,4,10000,1748.4727,1748.6097,0.1369999999999436
nancy,4,10000,1752.5549,1752.6729,0.11799999999993815
nancy,4,10000,1756.3184,1756.4554,0.1369999999999436
nancy,4,10000,1760.1011,1760.2274,0.12629999999990105
nancy,4,10000,1763.8214,1763.9558,0.13439999999991414
rennes,4,10000,1984.612,1984.7028,0.0907999999999447
nancy,4,10000,1767.6516,1767.7281,0.07650000000012369
rennes,4,10000,1595.4933,1595.5856,0.09230000000002292
rennes,4,10000,1599.9745,1600.0533,0.07880000000000109
rennes,4,10000,1605.2738,1605.3639,0.09010000000012042
rennes,4,10000,1609.5929,1609.8353,0.2423999999998614
rennes,4,10000,1614.8346,1615.048,0.2134000000000924
rennes,4,10000,1619.7314,1619.9697,0.23830000000020846
rennes,4,10000,1624.6663,1624.8859,0.21959999999990032
rennes,4,10000,1629.4666,1629.7415,0.27490000000011605
rennes,4,10000,1634.5668,1634.6407,0.07389999999986685
rennes,4,10000,1989.2311,1989.4852,0.2541000000001077
rennes,4,10000,1639.3162,1639.5529,0.23669999999992797
rennes,4,10000,1644.1736,1644.4075,0.2338999999999487
rennes,4,10000,1649.6222,1649.8973,0.27510000000006585
rennes,4,10000,1653.903,1654.1421,0.23910000000000764
rennes,4,10000,1659.277,1659.5361,0.25909999999998945
rennes,4,10000,1663.9618,1664.2008,0.23900000000003274
rennes,4,10000,1597.2418,1597.3344,0.09259999999994761
rennes,4,10000,1602.294,1602.3839,0.08989999999994325
rennes,4,10000,1606.5447,1606.9637,0.4190000000000964
rennes,4,10000,1611.534,1611.9603,0.42629999999985557
rennes,4,10000,1994.0956,1994.3876,0.2919999999999163
rennes,4,10000,1616.1613,1616.5999,0.43859999999995125
rennes,4,10000,1621.4392,1621.7872,0.34799999999995634
rennes,4,10000,1626.326,1626.7507,0.42470000000002983
rennes,4,10000,1631.6371,1631.7522,0.11509999999998399
rennes,4,10000,1635.8628,1636.2449,0.38209999999980937
rennes,4,10000,1641.0352,1641.3914,0.35619999999994434
rennes,4,10000,1645.4747,1645.8948,0.42010000000004766
rennes,4,10000,1650.9337,1651.2994,0.36570000000006075
rennes,4,10000,1655.5479,1655.9348,0.3868999999999687
rennes,4,10000,1661.1488,1661.2432,0.09439999999995052
rennes,4,10000,1998.9288,1999.1982,0.2694000000001324
rennes,4,10000,1665.5033,1665.8645,0.3611999999998261
rennes,4,10000,1543.6434,1543.7366,0.09320000000002437
rennes,4,10000,1548.081,1548.2087,0.12770000000000437
rennes,4,10000,1553.154,1553.3054,0.1513999999999669
rennes,4,10000,1557.973,1558.1625,0.1894999999999527
rennes,4,10000,1562.9055,1563.0021,0.09659999999985303
rennes,4,10000,1567.9823,1568.1855,0.2032000000001517
rennes,4,10000,1573.3552,1573.4489,0.09370000000012624
rennes,4,10000,1578.024,1578.1443,0.12030000000004293
rennes,4,10000,1583.0494,1583.1774,0.12799999999992906
rennes,4,10000,2003.9105,2004.1449,0.23440000000005057
rennes,4,10000,1587.6615,1587.8759,0.21440000000006876
rennes,4,10000,1593.0983,1593.189,0.0906999999999698
rennes,4,10000,1597.4387,1597.6393,0.20060000000012224
rennes,4,10000,1602.5021,1602.6353,0.133199999999988
rennes,4,10000,1607.1425,1607.3398,0.1973000000000411
rennes,4,10000,1611.9471,1612.1376,0.19049999999992906
toulouse,4,10000,1548.7301,1548.9707,0.24060000000008586
toulouse,4,10000,1552.5233,1552.6951,0.1717999999998483
toulouse,4,10000,1556.063,1556.33,0.2669999999998254
toulouse,4,10000,1560.7922,1561.07,0.27779999999984284
rennes,4,10000,2008.368,2008.573,0.20500000000015461
toulouse,4,10000,1565.4884,1565.7728,0.2844000000000051
toulouse,4,10000,1569.4935,1569.7507,0.25720000000001164
toulouse,4,10000,1573.1428,1573.3876,0.24479999999994106
toulouse,4,10000,1573.1428,11606.449,10033.3062
toulouse,4,10000,1577.0544,1577.2267,0.17229999999995016
toulouse,4,10000,1577.0544,11610.363,10033.3086
toulouse,4,10000,1580.7435,1581.0111,0.26759999999990214
toulouse,4,10000,1580.7435,11614.084,10033.3405
toulouse,4,10000,1584.481,1584.6492,0.16820000000006985
toulouse,4,10000,1588.4478,1588.686,0.23820000000000618
toulouse,4,10000,1592.2227,1592.4897,0.26700000000005275
toulouse,4,10000,1596.0984,1596.2717,0.1732999999999265
toulouse,4,10000,1599.713,1599.9904,0.27739999999994325
nantes,4,10000,1930.6758,1930.9675,0.29169999999999163
rennes,4,10000,2013.9255,2014.0916,0.16609999999991487
toulouse,4,10000,1603.7976,1604.229,0.4313999999999396
nantes,4,10000,1863.7855,1863.8868,0.10130000000003747
nantes,4,10000,1869.2499,1869.4193,0.169399999999996
nantes,4,10000,1874.6398,1874.8368,0.19700000000011642
nantes,4,10000,1881.3715,1881.4628,0.09130000000004657
nantes,4,10000,1886.61,1886.7991,0.18910000000005311
nantes,4,10000,1893.0479,1893.2653,0.21739999999999782
nantes,4,10000,1898.6608,1898.9329,0.2720999999999094
nantes,4,10000,1904.9995,1905.2229,0.2234000000000833
nantes,4,10000,1910.6001,1910.7834,0.18329999999991742
nantes,4,10000,1936.4852,1936.586,0.10079999999993561
nantes,4,10000,1917.1936,1917.3594,0.16579999999999018
nantes,4,10000,1923.0659,1923.1746,0.10869999999999891
nantes,4,10000,1929.3733,1929.5272,0.15390000000002146
nantes,4,10000,1934.6111,1934.8031,0.19200000000000728
nantes,4,10000,1941.3967,1941.621,0.22430000000008476
nantes,4,10000,1947.3292,1947.4873,0.15810000000010405
nancy,4,10000,1963.1959,1963.4623,0.266399999999976
nancy,4,10000,1967.1263,1967.2764,0.15010000000006585
nancy,4,10000,1971.194,1971.4534,0.2594000000001415
nancy,4,10000,1975.3577,1975.582,0.22430000000008476
nantes,4,10000,1942.0693,1942.342,0.2726999999999862
nancy,4,10000,1979.606,1979.7592,0.1531999999999698
nancy,4,10000,1983.7571,1983.907,0.14989999999988868
nancy,4,10000,1987.8059,1988.0284,0.22249999999985448
nancy,4,10000,1991.9227,1992.1417,0.21899999999982356
nancy,4,10000,1995.9985,1996.1509,0.15240000000017062
nancy,4,10000,1999.8314,2000.1018,0.2703999999998814
nancy,4,10000,2004.0023,2004.2269,0.22459999999978209
nancy,4,10000,2007.962,2008.2252,0.26320000000009713
nancy,4,10000,2011.9965,2012.259,0.2625000000000455
nancy,4,10000,2016.054,2016.2761,0.2220999999999549
nantes,4,10000,1947.8019,1948.0463,0.24440000000004147
nancy,4,10000,2020.0085,2020.2277,0.21920000000000073
nancy,4,10000,1937.7642,1937.999,0.23479999999995016
nancy,4,10000,1941.4983,1941.7544,0.2561000000000604
nancy,4,10000,1945.4438,1945.7263,0.2825000000000273
nancy,4,10000,1949.515,1949.793,0.27799999999979264
nancy,4,10000,1953.6158,1953.8934,0.27759999999989304
nancy,4,10000,1957.6814,1957.9946,0.31320000000005166
nancy,4,10000,1961.8828,1962.1603,0.27749999999991815
nancy,4,10000,1965.778,1966.083,0.30500000000006366
nancy,4,10000,1969.7504,1970.0497,0.29930000000013024
nantes,4,10000,1953.881,1954.1042,0.22319999999990614
nancy,4,10000,1973.9406,1974.2015,0.26089999999999236
nancy,4,10000,1977.8738,1978.153,0.27919999999994616
nancy,4,10000,1981.8257,1982.1079,0.2821999999998752
nancy,4,10000,1985.8926,1986.133,0.24040000000013606
nancy,4,10000,1989.7893,1990.0336,0.24430000000006658
nancy,4,10000,1993.7882,1994.0658,0.2776000000001204
nancy,4,10000,1914.7017,1914.8114,0.10969999999997526
nancy,4,10000,1918.5598,1918.6326,0.0727999999999156
nancy,4,10000,1922.3073,1922.461,0.15370000000007167
nancy,4,10000,1926.3575,1926.4565,0.0989999999999327
nantes,4,10000,1960.5344,1960.7584,0.2239999999999327
nancy,4,10000,1930.4148,1930.4895,0.07469999999989341
nancy,4,10000,1934.3242,1934.395,0.07079999999996289
nancy,4,10000,1938.3047,1938.4531,0.14840000000003783
nancy,4,10000,1942.2147,1942.2897,0.07500000000004547
nancy,4,10000,1946.0477,1946.1475,0.09979999999995925
nancy,4,10000,1949.8914,1950.0592,0.16779999999994288
nancy,4,10000,1953.8439,1953.9302,0.08629999999993743
nancy,4,10000,1958.0605,1958.1702,0.10969999999997526
nancy,4,10000,1962.1381,1962.2925,0.15440000000012333
nancy,4,10000,1966.079,1966.1625,0.08349999999995816
nantes,4,10000,1966.0106,1966.2495,0.23889999999983047
nancy,4,10000,1970.055,1970.1521,0.09709999999995489
nantes,4,10000,1776.306,1776.4493,0.1432999999999538
nantes,4,10000,1780.9058,1781.1644,0.2585999999998876
nantes,4,10000,1786.794,1786.9736,0.1795999999999367
nantes,4,10000,1793.1146,1793.2687,0.15409999999997126
nantes,4,10000,1799.3824,1799.5765,0.19409999999993488
nantes,4,10000,1805.0242,1805.1815,0.15729999999985012
nantes,4,10000,1811.526,1811.7087,0.18269999999984066
nantes,4,10000,1817.465,1817.6215,0.15650000000005093
nantes,4,10000,1824.2568,1824.4974,0.24059999999985848
nantes,5,10000,1937.6295,1937.8557,0.22620000000006257
nantes,5,10000,1992.5302,1992.6896,0.1594000000000051
nantes,5,10000,1880.1494,1880.4065,0.25710000000003674
nantes,5,10000,1885.6292,1885.8339,0.20470000000000255
nantes,5,10000,1892.7693,1892.8774,0.10810000000014952
nantes,5,10000,1898.0035,1898.2167,0.21319999999991524
nantes,5,10000,1904.7081,1904.932,0.2238999999999578
nantes,5,10000,1910.5004,1910.7236,0.2232000000001335
nantes,5,10000,1806.3159,1806.6714,0.3554999999998927
nantes,5,10000,1812.3975,1812.6696,0.2720999999999094
nantes,5,10000,1817.2736,1817.6252,0.35159999999996217
nantes,5,10000,1823.9421,1824.2205,0.2783999999999196
nantes,5,10000,1998.0059,1998.2317,0.2257999999999356
nantes,5,10000,1829.572,1829.8962,0.3242000000000189
nantes,5,10000,1835.4244,1835.7864,0.36199999999985266
nantes,5,10000,1841.7974,1842.104,0.3066000000001168
nantes,5,10000,1848.1396,1848.4868,0.3471999999999298
nantes,5,10000,1853.7329,1854.0883,0.3553999999999178
nantes,5,10000,1860.5983,1860.8837,0.28539999999998145
nantes,5,10000,1866.3058,1866.6301,0.3242999999999938
nantes,5,10000,1873.5503,1873.6508,0.10049999999978354
nantes,5,10000,1878.8535,1879.2059,0.3523999999999887
nantes,5,10000,1885.87,1886.1313,0.2613000000001193
nantes,5,10000,2004.8853,2005.0259,0.1406000000001768
nantes,5,10000,1891.5068,1891.8499,0.3430999999998221
toulouse,5,10000,1836.1399,1836.312,0.17210000000000036
toulouse,5,10000,1841.0602,1841.2266,0.16640000000006694
toulouse,5,10000,1845.0369,1845.2063,0.169399999999996
toulouse,5,10000,1845.0369,11874.987,10029.950099999998
toulouse,5,10000,1848.8898,1849.154,0.2642000000000735
toulouse,5,10000,1852.6647,1852.9163,0.2516000000000531
toulouse,5,10000,1856.4607,1856.7247,0.2639999999998963
toulouse,5,10000,1860.2605,1860.4291,0.16859999999996944
toulouse,5,10000,1864.115,1864.3871,0.2720999999999094
toulouse,5,10000,1868.0212,1868.2911,0.2699000000000069
nantes,5,10000,2010.2944,2010.5403,0.24589999999989232
toulouse,5,10000,1871.905,1872.0763,0.1712999999999738
toulouse,5,10000,1871.905,11902.2295,10030.324499999999
toulouse,5,10000,1875.9736,1876.1411,0.1675000000000182
toulouse,5,10000,1879.8593,1880.1012,0.2418999999999869
toulouse,5,10000,1884.0654,1884.238,0.17260000000010223
toulouse,5,10000,1889.0295,1889.2051,0.1755999999998039
toulouse,5,10000,1889.0295,11919.129,10030.0995
toulouse,5,10000,1893.1215,1893.4124,0.2908999999999651
toulouse,5,10000,1832.3596,1832.628,0.2683999999999287
toulouse,5,10000,1836.0459,1836.3317,0.28579999999988104
toulouse,5,10000,1839.9523,1840.1985,0.24620000000004438
toulouse,5,10000,1844.0397,1844.3118,0.2720999999999094
nantes,5,10000,2017.0879,2017.272,0.18409999999994398
toulouse,5,10000,1847.7308,1848.0139,0.2830999999998767
toulouse,5,10000,1847.7308,11877.716,10029.985200000001
toulouse,5,10000,1851.9026,1852.1665,0.2639000000001488
toulouse,5,10000,1855.908,1856.1707,0.26269999999999527
toulouse,5,10000,1855.908,11886.071,10030.163
toulouse,5,10000,1859.7197,1859.8857,0.16599999999993997
toulouse,5,10000,1863.6521,1863.924,0.2718999999999596
toulouse,5,10000,1867.5619,1867.8109,0.24900000000002365
toulouse,5,10000,1871.3624,1871.6376,0.27520000000004075
toulouse,5,10000,1875.3242,1875.6003,0.2761000000000422
toulouse,5,10000,1879.3833,1879.6366,0.2533000000000811
toulouse,5,10000,1879.3833,11908.236,10028.852700000001
toulouse,5,10000,1883.1332,1883.5034,0.37020000000006803
nantes,5,10000,2022.9327,2023.077,0.14429999999993015
toulouse,5,10000,1887.2971,1887.5525,0.25540000000000873
toulouse,5,10000,1800.9004,1801.1439,0.24350000000004002
toulouse,5,10000,1804.7242,1804.9849,0.2606999999998152
toulouse,5,10000,1804.7242,11834.795,10030.0708
toulouse,5,10000,1809.0098,1809.179,0.1692000000000462
toulouse,5,10000,1812.8164,1813.0787,0.2623000000000957
toulouse,5,10000,1816.6914,1816.8589,0.1675000000000182
toulouse,5,10000,1820.6239,1820.8766,0.25270000000000437
toulouse,5,10000,1820.6239,11850.88,10030.256099999999
toulouse,5,10000,1824.4304,1824.7104,0.2799999999999727
toulouse,5,10000,1824.4304,11854.345,10029.9146
toulouse,5,10000,1828.5698,1828.8352,0.26539999999999964
toulouse,5,10000,1832.4802,1832.7313,0.25109999999995125
toulouse,5,10000,1832.4802,11862.475,10029.9948
rennes,5,10000,1969.4907,1969.577,0.08629999999993743
toulouse,5,10000,1837.166,1837.4414,0.27539999999999054
toulouse,5,10000,1840.8704,1841.0852,0.21479999999996835
toulouse,5,10000,1844.9414,1845.2189,0.2775000000001455
toulouse,5,10000,1848.844,1849.1388,0.2947999999998956
toulouse,5,10000,1853.733,1853.898,0.16499999999996362
toulouse,5,10000,1857.7385,1857.98,0.2415000000000873
nancy,5,10000,1797.2505,1797.417,0.16649999999981446
nancy,5,10000,1801.0795,1801.2173,0.13779999999997017
nancy,5,10000,1805.1715,1805.2664,0.09490000000005239
nancy,5,10000,1809.1993,1809.371,0.17170000000010077
rennes,5,10000,1972.9652,1973.4049,0.4396999999999025
nancy,5,10000,1812.9595,1813.1337,0.17420000000015534
nancy,5,10000,1816.9883,1817.1554,0.1671000000001186
nancy,5,10000,1820.9082,1821.0809,0.17269999999984975
nancy,5,10000,1824.8594,1825.0226,0.1631999999999607
nancy,5,10000,1828.7968,1828.8802,0.08339999999998327
nancy,5,10000,1832.6621,1832.7593,0.09719999999992979
nancy,5,10000,1836.5303,1836.6267,0.0964000000001306
nancy,5,10000,1840.0803,1840.255,0.17470000000002983
nancy,5,10000,1843.9884,1844.186,0.1975999999999658
nancy,5,10000,1847.7566,1847.9619,0.2053000000000793
rennes,5,10000,1978.0898,1978.5342,0.44440000000008695
nancy,5,10000,1851.5206,1851.6157,0.09510000000000218
nantes,5,10000,1704.3267,1704.5304,0.2037000000000262
nantes,5,10000,1710.523,1710.7961,0.27310000000011314
nantes,5,10000,1716.5465,1716.9015,0.3550000000000182
nantes,5,10000,1722.965,1723.2258,0.26080000000001746
nantes,5,10000,1728.5697,1728.8138,0.2440999999998894
nantes,5,10000,1734.7792,1735.0663,0.28710000000000946
nantes,5,10000,1740.843,1741.0426,0.1995999999999185
nantes,5,10000,1747.1304,1747.403,0.2726000000000113
nantes,5,10000,1752.8318,1753.1068,0.27500000000009095
rennes,5,10000,1983.1348,1983.5688,0.4339999999999691
nantes,5,10000,1759.1406,1759.5002,0.35960000000000036
nantes,5,10000,1764.9851,1765.2452,0.2600999999999658
nantes,5,10000,1771.5922,1771.8578,0.26559999999994943
nantes,5,10000,1777.0436,1777.397,0.3533999999999651
nantes,5,10000,1784.0007,1784.3224,0.32169999999996435
nantes,5,10000,1789.5421,1789.8037,0.261600000000044
rennes,5,10000,1693.8591,1694.1926,0.33350000000018554
rennes,5,10000,1698.3318,1698.6669,0.3351000000000113
rennes,5,10000,1703.9714,1704.0468,0.07540000000017244
rennes,5,10000,1708.6565,1709.0054,0.3488999999999578
nantes,5,10000,1943.3888,1943.5385,0.14970000000016626
rennes,5,10000,1988.1136,1988.564,0.45040000000017244
rennes,5,10000,1713.627,1713.9435,0.3165000000001328
rennes,5,10000,1718.705,1719.0537,0.348700000000008
rennes,5,10000,1723.8542,1724.0214,0.1672000000000935
rennes,5,10000,1728.4434,1728.7845,0.3410999999998694
rennes,5,10000,1733.7013,1733.8206,0.11930000000006658
rennes,5,10000,1738.475,1738.8121,0.33710000000019136
rennes,5,10000,1743.858,1743.9604,0.10239999999998872
rennes,5,10000,1748.616,1748.9487,0.3326999999999316
rennes,5,10000,1753.6292,1753.9543,0.3251000000000204
rennes,5,10000,1758.5903,1758.9535,0.3632000000000062
rennes,5,10000,1993.4474,1993.8484,0.4010000000000673
rennes,5,10000,1763.4418,1763.7734,0.33159999999998035
toulouse,5,10000,1706.4799,1706.7129,0.23299999999994725
toulouse,5,10000,1710.3112,1710.5823,0.27109999999993306
toulouse,5,10000,1714.415,1714.6659,0.25090000000000146
toulouse,5,10000,1719.8761,1720.156,0.2798999999999978
toulouse,5,10000,1723.9501,1724.0078,0.05770000000006803
toulouse,5,10000,1727.262,1727.4366,0.17460000000005493
toulouse,5,10000,1731.1278,1731.5294,0.4015999999999167
toulouse,5,10000,1735.6207,1735.8713,0.25060000000007676
toulouse,5,10000,1740.2799,1740.3519,0.07199999999988904
rennes,5,10000,1997.8868,1998.3323,0.4455000000000382
toulouse,5,10000,1743.9093,1744.0872,0.1778999999999087
toulouse,5,10000,1743.9093,11773.742,10029.8327
toulouse,5,10000,1747.8235,1748.1055,0.2819999999999254
toulouse,5,10000,1747.8235,11776.713,10028.8895
toulouse,5,10000,1751.8656,1752.0599,0.19429999999988468
toulouse,5,10000,1755.744,1756.0309,0.28690000000005966
toulouse,5,10000,1755.744,11784.758,10029.014
toulouse,5,10000,1759.7051,1759.8834,0.17830000000003565
toulouse,5,10000,1763.5282,1763.8145,0.2862999999999829
nancy,5,10000,1741.1305,1741.3937,0.26320000000009713
nancy,5,10000,1745.0706,1745.3973,0.3267000000000735
nancy,5,10000,1748.9819,1749.3055,0.32359999999994216
nancy,5,10000,1753.1731,1753.5021,0.3289999999999509
rennes,5,10000,2002.622,2003.0363,0.41429999999991196
nancy,5,10000,1757.2749,1757.5963,0.32140000000003965
nancy,5,10000,1761.3224,1761.637,0.3145999999999276
nancy,5,10000,1765.2623,1765.5852,0.3228999999998905
nancy,5,10000,1769.3579,1769.7129,0.3550000000000182
nancy,5,10000,1773.3114,1773.6741,0.3626999999999043
nancy,5,10000,1777.1515,1777.4749,0.32339999999999236
nancy,5,10000,1781.3453,1781.665,0.31970000000001164
nancy,5,10000,1785.2168,1785.5352,0.3184000000001106
nancy,5,10000,1789.1781,1789.5472,0.3690999999998894
nancy,5,10000,1792.9215,1793.2852,0.36370000000010805
rennes,5,10000,2006.856,2007.2799,0.4239000000000033
nancy,5,10000,1796.9921,1797.3098,0.31770000000005894
rennes,5,10000,1646.1294,1646.2445,0.11509999999998399
rennes,5,10000,1650.4723,1650.7257,0.253400000000056
rennes,5,10000,1656.1235,1656.2491,0.12560000000007676
rennes,5,10000,1661.001,1661.2869,0.2859000000000833
rennes,5,10000,1665.7793,1665.9973,0.21800000000007458
rennes,5,10000,1670.6608,1670.933,0.2721999999998843
rennes,5,10000,1675.9856,1676.1005,0.1149000000000342
rennes,5,10000,1680.5756,1680.8242,0.24860000000012406
rennes,5,10000,1685.3158,1685.5562,0.2403999999999087
rennes,5,10000,2012.0907,2012.5072,0.41650000000004184
rennes,5,10000,1690.5646,1690.8124,0.2478000000000975
rennes,5,10000,1695.0874,1695.3488,0.2614000000000942
rennes,5,10000,1700.1438,1700.3727,0.22889999999983957
rennes,5,10000,1705.1571,1705.3755,0.21840000000020154
rennes,5,10000,1709.9783,1710.2507,0.2724000000000615
rennes,5,10000,1714.8773,1715.1199,0.2425999999998112
rennes,5,10000,1617.9926,1618.2124,0.21979999999985012
rennes,5,10000,1622.846,1622.9365,0.09050000000002001
rennes,5,10000,1627.4781,1627.7328,0.25469999999995707
rennes,5,10000,1632.5562,1632.6368,0.080600000000004
rennes,5,10000,2017.3665,2017.4503,0.08379999999988286
rennes,5,10000,1637.1056,1637.1924,0.08679999999981192
rennes,5,10000,1642.1936,1642.4358,0.2421999999999116
rennes,5,10000,1646.5327,1646.765,0.23230000000012296
rennes,5,10000,1651.6061,1651.8324,0.22630000000003747
rennes,5,10000,1656.7502,1656.9869,0.23670000000015534
rennes,5,10000,1661.1229,1661.3741,0.25119999999992615
rennes,5,10000,1665.9647,1666.1914,0.22669999999993706
rennes,5,10000,1671.1549,1671.2389,0.08400000000006003
rennes,5,10000,1675.2994,1675.5343,0.23489999999992506
rennes,5,10000,1680.882,1681.1211,0.23910000000000764
rennes,5,10000,2021.6927,2022.1267,0.4339999999999691
rennes,5,10000,1685.5092,1685.7532,0.24400000000014188
rennes,5,10000,1584.0411,1584.3794,0.3383000000001175
rennes,5,10000,1588.8447,1589.213,0.36829999999986285
rennes,5,10000,1594.0419,1594.3555,0.31359999999995125
rennes,5,10000,1599.0148,1599.3525,0.33770000000004075
rennes,5,10000,1604.6448,1604.7185,0.07369999999991705
rennes,5,10000,1609.2931,1609.6356,0.3424999999999727
rennes,5,10000,1614.1302,1614.5182,0.38799999999991996
rennes,5,10000,1619.1567,1619.51,0.3532999999999902
rennes,5,10000,1623.8103,1624.1901,0.37979999999993197
rennes,5,10000,2026.6085,2027.0145,0.40599999999994907
rennes,5,10000,1629.2407,1629.3213,0.080600000000004
rennes,5,10000,1633.645,1633.9677,0.3226999999999407
rennes,5,10000,1639.1516,1639.4976,0.34600000000000364
rennes,5,10000,1643.8041,1644.191,0.3868999999999687
rennes,5,10000,1648.618,1648.9496,0.33159999999998035
rennes,5,10000,1654.2738,1654.6426,0.3687999999999647
toulouse,5,10000,1589.5538,1589.8761,0.3223000000000411
toulouse,5,10000,1589.5538,11618.466,10028.9122
toulouse,5,10000,1593.3535,1593.7062,0.3527000000001408
toulouse,5,10000,1597.2671,1597.6434,0.37629999999990105
toulouse,5,10000,1601.1783,1601.539,0.3606999999999516
rennes,5,10000,2030.9529,2031.3723,0.419399999999996
toulouse,5,10000,1604.7517,1605.1161,0.36439999999993233
toulouse,5,10000,1608.8097,1609.1862,0.3765000000000782
toulouse,5,10000,1612.4482,1612.8538,0.4056000000000495
toulouse,5,10000,1612.4482,11641.414,10028.9658
toulouse,5,10000,1616.3108,1616.602,0.29120000000011714
toulouse,5,10000,1616.3108,11646.332,10030.021200000001
toulouse,5,10000,1620.0958,1620.4528,0.3569999999999709
toulouse,5,10000,1623.3082,1623.6377,0.32950000000005275
toulouse,5,10000,1627.5167,1627.8665,0.34980000000018663
toulouse,5,10000,1631.1914,1631.6597,0.4682999999999993
toulouse,5,10000,1631.1914,11660.153,10028.9616
toulouse,5,10000,1635.2587,1635.5977,0.3389999999999418
toulouse,5,10000,1639.264,1639.636,0.37200000000007094
nantes,5,10000,1949.5077,1949.623,0.11529999999993379
rennes,5,10000,2036.047,2036.4725,0.4255000000000564
toulouse,5,10000,1643.1182,1643.5068,0.3886000000002241
nantes,5,10000,1898.1035,1898.4014,0.2979000000000269
nantes,5,10000,1904.0212,1904.4215,0.40030000000001564
nantes,5,10000,1909.6451,1909.8036,0.15850000000000364
nantes,5,10000,1916.4471,1916.6147,0.1675999999999931
nantes,5,10000,1922.0306,1922.3755,0.3449000000000524
nantes,5,10000,1929.0243,1929.3456,0.32130000000006476
nantes,5,10000,1934.9031,1935.009,0.10590000000001965
nantes,5,10000,1941.0297,1941.3539,0.3242000000000189
nantes,5,10000,1946.4257,1946.8015,0.37580000000002656
nantes,5,10000,1955.7705,1955.9691,0.19859999999994216
nantes,5,10000,1953.1453,1953.4731,0.32780000000002474
nantes,5,10000,1958.3201,1958.718,0.39790000000016335
nantes,5,10000,1965.1534,1965.477,0.32360000000016953
nantes,5,10000,1970.4762,1970.8064,0.33019999999987704
nantes,5,10000,1977.8765,1977.9758,0.09929999999985739
nantes,5,10000,1983.406,1983.767,0.3610000000001037
nancy,5,10000,2007.464,2007.725,0.26099999999996726
nancy,5,10000,2011.3132,2011.4661,0.1529000000000451
nancy,5,10000,2015.4316,2015.6495,0.21790000000009968
nancy,5,10000,2019.659,2019.8094,0.15039999999999054
nantes,5,10000,1961.2472,1961.4744,0.22720000000003893
nancy,5,10000,2023.5913,2023.852,0.26070000000004256
nancy,5,10000,2027.7021,2027.9624,0.2602999999999156
nancy,5,10000,2031.6467,2031.9479,0.3011999999998807
nancy,5,10000,2035.8231,2036.0837,0.2605999999998403
nancy,5,10000,2039.896,2040.1136,0.2175999999999476
nancy,5,10000,2044.1136,2044.2682,0.15460000000007312
nancy,5,10000,2048.1885,2048.4534,0.2648999999996704
nancy,5,10000,2052.268,2052.536,0.2680000000000291
nancy,5,10000,2056.3184,2056.4773,0.15889999999990323
nancy,5,10000,2060.504,2060.6555,0.1514999999999418
nantes,5,10000,1968.3407,1968.4955,0.15480000000002292
nancy,5,10000,2064.8342,2065.1052,0.27100000000018554
nancy,5,10000,1981.3677,1981.5436,0.17589999999995598
nancy,5,10000,1985.1488,1985.216,0.06719999999995707
nancy,5,10000,1988.9604,1989.1282,0.16780000000017026
nancy,5,10000,1993.027,1993.2223,0.19529999999986103
nancy,5,10000,1997.1561,1997.2439,0.08780000000001564
nancy,5,10000,2001.1439,2001.2172,0.07330000000001746
nancy,5,10000,2004.9886,2005.07,0.08140000000003056
nancy,5,10000,2008.9517,2009.092,0.14030000000002474
nancy,5,10000,2012.7816,2012.9917,0.21010000000001128
nantes,5,10000,1973.9113,1974.0526,0.1413000000000011
nancy,5,10000,2016.8987,2016.9716,0.07290000000011787
nancy,5,10000,2021.0283,2021.1041,0.07580000000007203
nancy,5,10000,2025.2552,2025.3363,0.08109999999987849
nancy,5,10000,2029.021,2029.1968,0.17579999999998108
nancy,5,10000,2033.118,2033.1907,0.07270000000016807
nancy,5,10000,2036.9318,2037.0033,0.07150000000001455
nancy,5,10000,1974.3652,1974.6924,0.327199999999948
nancy,5,10000,1978.1523,1978.4216,0.26929999999993015
nancy,5,10000,1982.177,1982.4976,0.3206000000000131
nancy,5,10000,1986.2838,1986.6125,0.3287000000000262
nantes,5,10000,1980.5182,1980.7057,0.1875
nancy,5,10000,1990.3212,1990.6509,0.32970000000000255
nancy,5,10000,1994.236,1994.5577,0.32169999999996435
nancy,5,10000,1998.3959,1998.7191,0.32320000000004256
nancy,5,10000,2002.624,2002.9335,0.30950000000007094
nancy,5,10000,2006.7096,2007.0703,0.360700000000179
nancy,5,10000,2010.3474,2010.7131,0.3656999999998334
nancy,5,10000,2014.4071,2014.6714,0.2643000000000484
nancy,5,10000,2018.1772,2018.6082,0.43099999999981264
nancy,5,10000,2022.1033,2022.4249,0.32159999999998945
nancy,5,10000,2026.1476,2026.4187,0.27109999999993306
nantes,5,10000,1985.7234,1985.9408,0.21739999999999782
nancy,5,10000,2029.8552,2030.1874,0.3322000000000571
nantes,5,10000,1824.8549,1825.0695,0.21460000000001855
nantes,5,10000,1830.1758,1830.4126,0.23680000000013024
nantes,5,10000,1836.4315,1836.6475,0.21600000000012187
nantes,5,10000,1842.5273,1842.7577,0.23040000000014516
nantes,5,10000,1849.407,1849.6113,0.20430000000010295
nantes,5,10000,1854.9907,1855.2059,0.21519999999986794
nantes,5,10000,1861.5236,1861.7881,0.2644999999999982
nantes,5,10000,1867.0599,1867.2869,0.22700000000008913
nantes,5,10000,1873.7035,1873.9161,0.21259999999983847
nantes,6,10000,1905.1168,1905.4823,0.3654999999998836
nantes,6,10000,1961.0925,1961.219,0.12650000000007822
nantes,6,10000,1773.8004,1773.9642,0.1637999999998101
nantes,6,10000,1779.0842,1779.3691,0.2848999999998796
nantes,6,10000,1786.1724,1786.4354,0.26300000000014734
nantes,6,10000,1791.7983,1792.064,0.2657000000001517
nantes,6,10000,1798.6636,1798.9127,0.24909999999999854
nantes,6,10000,1804.3466,1804.6799,0.33330000000000837
nantes,6,10000,1705.2627,1705.5762,0.31349999999997635
nantes,6,10000,1711.5729,1711.6757,0.10280000000011569
nantes,6,10000,1716.3936,1716.7986,0.4049999999999727
nantes,6,10000,1723.3759,1723.483,0.1070999999999458
nantes,6,10000,1965.8241,1966.1798,0.3556999999998425
nantes,6,10000,1729.1256,1729.2239,0.09829999999988104
nantes,6,10000,1735.1416,1735.4896,0.3480000000001837
nantes,6,10000,1740.8282,1741.1338,0.3056000000001404
nantes,6,10000,1746.8501,1747.1117,0.26159999999981665
nantes,6,10000,1752.5735,1752.8687,0.29520000000002256
nantes,6,10000,1759.3529,1759.6265,0.27359999999998763
nantes,6,10000,1764.7762,1765.1523,0.37609999999995125
nantes,6,10000,1771.3799,1771.7396,0.35970000000020264
nantes,6,10000,1776.7391,1777.1113,0.37220000000002074
nantes,6,10000,1783.748,1784.0602,0.31219999999984793
nantes,6,10000,1972.9817,1973.3035,0.32179999999993925
nantes,6,10000,1789.1333,1789.5135,0.38020000000005894
toulouse,6,10000,1746.4747,1746.539,0.06430000000000291
toulouse,6,10000,1746.4747,11781.275,10034.800299999999
toulouse,6,10000,1750.2131,1750.2849,0.07180000000016662
toulouse,6,10000,1754.8861,1754.9471,0.06100000000014916
toulouse,6,10000,1759.2855,1759.3541,0.06860000000006039
toulouse,6,10000,1762.9567,1763.0613,0.1046000000001186
toulouse,6,10000,1766.9897,1767.0505,0.06079999999997199
toulouse,6,10000,1770.7054,1770.7722,0.06680000000005748
toulouse,6,10000,1774.4045,1774.4705,0.06599999999980355
toulouse,6,10000,1778.3558,1778.4221,0.06629999999995562
nantes,6,10000,1978.5074,1978.9293,0.42190000000005057
toulouse,6,10000,1782.4182,1782.5084,0.09019999999986794
toulouse,6,10000,1782.4182,11812.092,10029.6738
toulouse,6,10000,1786.192,1786.2832,0.09120000000007167
toulouse,6,10000,1790.1213,1790.1852,0.06389999999987594
toulouse,6,10000,1794.195,1794.2784,0.08339999999998327
toulouse,6,10000,1798.255,1798.3201,0.0650999999998021
toulouse,6,10000,1803.1635,1803.2346,0.07109999999988759
toulouse,6,10000,1722.5942,1722.7755,0.1812999999999647
toulouse,6,10000,1726.2466,1726.431,0.18440000000009604
toulouse,6,10000,1730.2131,1730.4985,0.28539999999998145
toulouse,6,10000,1734.1526,1734.4526,0.3000000000001819
nantes,6,10000,1985.3127,1985.6448,0.3321000000000822
toulouse,6,10000,1738.0009,1738.2122,0.21129999999993743
toulouse,6,10000,1741.8734,1742.1577,0.2843000000000302
toulouse,6,10000,1745.6973,1745.8809,0.18360000000006949
toulouse,6,10000,1749.7584,1749.9249,0.16650000000004184
toulouse,6,10000,1753.4778,1753.7627,0.28490000000010696
toulouse,6,10000,1757.3467,1757.5161,0.169399999999996
toulouse,6,10000,1761.5137,1761.805,0.29130000000009204
toulouse,6,10000,1766.9066,1767.081,0.17439999999987776
toulouse,6,10000,1771.0798,1771.2515,0.17170000000010077
toulouse,6,10000,1774.9274,1775.1107,0.18329999999991742
nantes,6,10000,1990.902,1991.2982,0.39619999999990796
toulouse,6,10000,1778.5728,1778.8403,0.2675000000001546
toulouse,6,10000,1707.2268,1707.2952,0.0684000000001106
toulouse,6,10000,1711.0674,1711.1815,0.11410000000000764
toulouse,6,10000,1715.106,1715.1692,0.06320000000005166
toulouse,6,10000,1720.0374,1720.0931,0.055700000000115324
toulouse,6,10000,1724.3727,1724.4474,0.07470000000012078
toulouse,6,10000,1729.126,1729.1827,0.05670000000009168
toulouse,6,10000,1733.4377,1733.4963,0.058600000000069485
toulouse,6,10000,1733.4377,11763.325,10029.8873
toulouse,6,10000,1736.824,1736.8827,0.05870000000004438
toulouse,6,10000,1741.1259,1741.1864,0.060500000000047294
rennes,6,10000,1936.9226,1937.1333,0.21069999999986067
toulouse,6,10000,1744.9498,1745.0061,0.05629999999996471
toulouse,6,10000,1748.9133,1749.001,0.08770000000004075
toulouse,6,10000,1752.6843,1752.8169,0.1326000000001386
toulouse,6,10000,1756.5854,1756.642,0.05660000000011678
toulouse,6,10000,1760.3468,1760.4064,0.05960000000004584
toulouse,6,10000,1764.4984,1764.5564,0.057999999999992724
nancy,6,10000,1702.1992,1702.455,0.2557999999999083
nancy,6,10000,1706.336,1706.5928,0.2567999999998847
nancy,6,10000,1710.3949,1710.6216,0.22669999999993706
nancy,6,10000,1714.4296,1714.6958,0.2662000000000262
rennes,6,10000,1941.8303,1942.0736,0.24329999999986285
nancy,6,10000,1718.6704,1718.8198,0.1494000000000142
nancy,6,10000,1722.5933,1722.8529,0.2596000000000913
nancy,6,10000,1726.7267,1726.9913,0.2645999999999731
nancy,6,10000,1730.5563,1730.8142,0.2579000000000633
nancy,6,10000,1734.9634,1735.2241,0.2606999999998152
nancy,6,10000,1738.5599,1738.711,0.1511000000000422
nancy,6,10000,1742.5735,1742.8004,0.22690000000011423
nancy,6,10000,1746.47,1746.7299,0.259900000000016
nancy,6,10000,1750.2632,1750.5259,0.26269999999999527
nancy,6,10000,1754.1584,1754.422,0.2635999999999967
rennes,6,10000,1946.7535,1946.9819,0.22839999999996508
nancy,6,10000,1758.0502,1758.2019,0.15170000000011896
nantes,6,10000,1600.4811,1600.7502,0.26909999999998035
nantes,6,10000,1605.5493,1605.933,0.38370000000008986
nantes,6,10000,1612.184,1612.3757,0.19170000000008258
nantes,6,10000,1617.7019,1618.0089,0.30700000000001637
nantes,6,10000,1623.5942,1623.8927,0.2985000000001037
nantes,6,10000,1629.345,1629.6417,0.2966999999998734
nantes,6,10000,1635.8488,1636.0254,0.17660000000000764
nantes,6,10000,1641.105,1641.3739,0.26890000000003056
nantes,6,10000,1647.3508,1647.6211,0.2703000000001339
rennes,6,10000,1952.3663,1952.4376,0.07130000000006476
nantes,6,10000,1652.8442,1653.1804,0.33619999999996253
nantes,6,10000,1659.1587,1659.4514,0.292699999999968
nantes,6,10000,1666.0626,1666.3806,0.31799999999998363
nantes,6,10000,1671.6742,1671.9573,0.28310000000010405
nantes,6,10000,1678.5676,1678.8212,0.2536000000000058
nantes,6,10000,1684.3212,1684.6272,0.30599999999981264
rennes,6,10000,1603.289,1603.5165,0.22749999999996362
rennes,6,10000,1608.5115,1608.5846,0.07309999999984029
rennes,6,10000,1613.0028,1613.226,0.2232000000001335
rennes,6,10000,1618.0813,1618.324,0.24270000000001346
nantes,6,10000,1910.9373,1911.2014,0.2640999999998712
rennes,6,10000,1957.6136,1957.7069,0.09329999999999927
rennes,6,10000,1622.7372,1622.9585,0.22129999999992833
rennes,6,10000,1627.7656,1628.0215,0.2559000000001106
rennes,6,10000,1632.8026,1633.0281,0.22550000000001091
rennes,6,10000,1637.525,1637.7521,0.22709999999983665
rennes,6,10000,1642.32,1642.6506,0.330600000000004
rennes,6,10000,1647.3446,1647.5706,0.22600000000011278
rennes,6,10000,1652.1251,1652.372,0.24690000000009604
rennes,6,10000,1656.8379,1657.0635,0.2255999999999858
rennes,6,10000,1662.1284,1662.2045,0.07609999999999673
rennes,6,10000,1666.8207,1667.0425,0.2218000000000302
rennes,6,10000,1962.1548,1962.3628,0.20800000000008367
rennes,6,10000,1671.4833,1671.7039,0.22059999999987667
toulouse,6,10000,1572.2747,1572.4481,0.17340000000012878
toulouse,6,10000,1576.1041,1576.3821,0.27800000000002
toulouse,6,10000,1576.1041,11610.846,10034.741899999999
toulouse,6,10000,1580.3928,1580.4408,0.04800000000000182
toulouse,6,10000,1583.6761,1583.9626,0.28650000000016007
toulouse,6,10000,1587.8058,1587.8984,0.09259999999994761
toulouse,6,10000,1592.3395,1592.5896,0.2500999999999749
toulouse,6,10000,1596.3407,1596.5841,0.24340000000006512
toulouse,6,10000,1600.3013,1600.5869,0.28559999999993124
toulouse,6,10000,1600.3013,11631.054,10030.752700000001
toulouse,6,10000,1604.5759,1604.6503,0.07439999999996871
rennes,6,10000,1967.2351,1967.332,0.0969000000000051
toulouse,6,10000,1608.1423,1608.3171,0.17480000000000473
toulouse,6,10000,1612.1176,1612.366,0.24839999999994689
toulouse,6,10000,1616.0164,1616.28,0.2635999999999967
toulouse,6,10000,1619.9786,1620.2638,0.28520000000003165
toulouse,6,10000,1624.074,1624.2518,0.1777999999999338
toulouse,6,10000,1624.074,11653.744,10029.67
toulouse,6,10000,1627.9423,1628.2308,0.2885000000001128
nancy,6,10000,1608.4155,1608.7247,0.3091999999999189
nancy,6,10000,1612.1061,1612.4225,0.3163999999999305
nancy,6,10000,1616.2919,1616.6394,0.34750000000008185
nancy,6,10000,1620.3291,1620.6929,0.36380000000008295
rennes,6,10000,1972.1426,1972.3785,0.23590000000012878
nancy,6,10000,1624.4286,1624.7874,0.3587999999999738
nancy,6,10000,1628.5145,1628.8328,0.3182999999999083
nancy,6,10000,1632.7217,1633.033,0.3112999999998465
nancy,6,10000,1636.6509,1636.9467,0.29579999999987194
nancy,6,10000,1640.4044,1640.7772,0.3728000000000975
nancy,6,10000,1644.485,1644.8691,0.38409999999998945
nancy,6,10000,1648.6716,1648.9878,0.3162000000002081
nancy,6,10000,1652.2529,1652.7147,0.4618000000000393
nancy,6,10000,1656.0474,1656.4045,0.35710000000017317
nancy,6,10000,1660.0035,1660.3104,0.3069000000000415
rennes,6,10000,1977.4423,1977.5343,0.09200000000009823
nancy,6,10000,1663.7395,1664.0494,0.3099000000001979
rennes,6,10000,1500.3602,1500.446,0.08579999999983556
rennes,6,10000,1504.5111,1504.6486,0.13750000000004547
rennes,6,10000,1509.5908,1509.6805,0.08969999999999345
rennes,6,10000,1514.3726,1514.5764,0.2038000000000011
rennes,6,10000,1519.7491,1519.9087,0.1595999999999549
rennes,6,10000,1524.5409,1524.6342,0.09329999999999927
rennes,6,10000,1528.7494,1528.8767,0.12730000000010477
rennes,6,10000,1531.7987,1532.0166,0.2178999999998723
rennes,6,10000,1542.8394,1542.9885,0.14909999999986212
rennes,6,10000,1982.024,1982.249,0.22500000000013642
rennes,6,10000,1547.829,1547.9465,0.11750000000006366
rennes,6,10000,1552.8047,1552.9048,0.10010000000011132
rennes,6,10000,1557.7347,1557.9231,0.18840000000000146
rennes,6,10000,1562.6361,1562.8317,0.1956000000000131
rennes,6,10000,1567.8462,1567.9749,0.12869999999998072
rennes,6,10000,1572.7134,1572.909,0.1956000000000131
rennes,6,10000,1473.7808,1474.0751,0.2943000000000211
rennes,6,10000,1478.0591,1478.149,0.08989999999994325
rennes,6,10000,1480.379,1480.7097,0.3307000000002063
rennes,6,10000,1491.1636,1491.4587,0.2950999999998203
rennes,6,10000,1986.5985,1986.8386,0.240099999999984
rennes,6,10000,1496.3414,1496.6252,0.28379999999992833
rennes,6,10000,1501.7549,1501.874,0.11910000000011678
rennes,6,10000,1505.9652,1506.2931,0.32789999999999964
rennes,6,10000,1510.8412,1511.1693,0.32809999999994943
rennes,6,10000,1515.9232,1516.2372,0.3140000000000782
rennes,6,10000,1520.7632,1521.1077,0.3444999999999254
rennes,6,10000,1525.8779,1526.166,0.2880999999999858
rennes,6,10000,1530.702,1531.0187,0.3167000000000826
rennes,6,10000,1535.6658,1535.9747,0.3088999999999942
rennes,6,10000,1540.1998,1540.5106,0.310799999999972
rennes,6,10000,1991.8223,1992.0553,0.23299999999994725
rennes,6,10000,1545.617,1545.7446,0.12760000000002947
rennes,6,10000,1469.52,1469.8035,0.28350000000000364
rennes,6,10000,1474.5865,1474.6602,0.07370000000014443
rennes,6,10000,1479.5726,1479.8248,0.2522000000001299
rennes,6,10000,1484.4186,1484.7031,0.28449999999998
rennes,6,10000,1489.4031,1489.4991,0.09600000000000364
rennes,6,10000,1494.2721,1494.625,0.3529000000000906
rennes,6,10000,1499.5507,1499.6398,0.08909999999991669
rennes,6,10000,1503.8533,1504.1234,0.2700999999999567
rennes,6,10000,1508.6594,1508.9004,0.24099999999998545
rennes,6,10000,1996.701,1996.9008,0.1997999999998683
rennes,6,10000,1513.4155,1513.7158,0.3002999999998792
rennes,6,10000,1518.4261,1518.701,0.27490000000011605
rennes,6,10000,1523.3534,1523.6213,0.2679000000000542
rennes,6,10000,1528.1863,1528.4548,0.2684999999999036
rennes,6,10000,1532.991,1533.2229,0.231899999999996
rennes,6,10000,1537.9407,1538.3044,0.3636999999998807
toulouse,6,10000,1460.6854,1460.8407,0.1552999999998974
toulouse,6,10000,1463.9547,1464.1361,0.1813999999999396
toulouse,6,10000,1463.9547,11498.638,10034.6833
toulouse,6,10000,1469.136,1469.4225,0.2864999999999327
toulouse,6,10000,1472.8578,1473.1235,0.26569999999992433
rennes,6,10000,2001.3497,2001.5912,0.2415000000000873
toulouse,6,10000,1476.5492,1476.8123,0.26310000000012224
toulouse,6,10000,1480.2874,1480.5626,0.27520000000004075
toulouse,6,10000,1480.2874,11515.061,10034.7736
toulouse,6,10000,1484.0394,1484.2058,0.16640000000006694
toulouse,6,10000,1484.0394,11515.662,10031.6226
toulouse,6,10000,1488.0103,1488.1785,0.16820000000006985
toulouse,6,10000,1488.0103,11518.641,10030.6307
toulouse,6,10000,1491.8771,1492.1447,0.2676000000001295
toulouse,6,10000,1495.1073,1495.3779,0.27060000000005857
toulouse,6,10000,1501.1602,1501.4946,0.3343999999999596
toulouse,6,10000,1501.1602,11535.966,10034.8058
toulouse,6,10000,1505.249,1505.5354,0.2863999999999578
toulouse,6,10000,1509.064,1509.2444,0.18039999999996326
toulouse,6,10000,1512.6102,1512.8424,0.2321999999999207
nantes,6,10000,1917.8484,1918.0133,0.16489999999998872
rennes,6,10000,2005.7561,2005.985,0.22889999999983957
toulouse,6,10000,1517.3362,1517.6144,0.2781999999999698
nantes,6,10000,1832.1416,1832.3347,0.1931000000001859
nantes,6,10000,1837.5049,1837.675,0.17010000000004766
nantes,6,10000,1843.9891,1844.0887,0.09960000000000946
nantes,6,10000,1849.8761,1850.0464,0.17029999999999745
nantes,6,10000,1855.9275,1856.0436,0.11609999999996035
nantes,6,10000,1862.1698,1862.3372,0.1674000000000433
nantes,6,10000,1868.4509,1868.6838,0.23289999999997235
nantes,6,10000,1874.9425,1875.1318,0.1893000000000029
nantes,6,10000,1880.728,1880.836,0.10799999999994725
nantes,6,10000,1923.7874,1924.1741,0.3867000000000189
nantes,6,10000,1887.0237,1887.2167,0.19299999999998363
nantes,6,10000,1892.7655,1892.9639,0.19839999999999236
nantes,6,10000,1899.6012,1899.7795,0.17830000000003565
nantes,6,10000,1904.9415,1905.1222,0.18070000000011532
nantes,6,10000,1911.9244,1912.0818,0.157399999999825
nantes,6,10000,1917.4808,1917.724,0.24319999999988795
nancy,6,10000,1955.9069,1955.9934,0.0865000000001146
nancy,6,10000,1959.8171,1959.9109,0.09380000000010114
nancy,6,10000,1963.982,1964.055,0.07300000000009277
nancy,6,10000,1968.0118,1968.0842,0.07240000000001601
nantes,6,10000,1929.0339,1929.4032,0.3693000000000666
nancy,6,10000,1971.9636,1972.0472,0.08359999999993306
nancy,6,10000,1976.1373,1976.1898,0.052500000000009095
nancy,6,10000,1979.9948,1980.094,0.09920000000010987
nancy,6,10000,1984.1794,1984.2825,0.10310000000004038
nancy,6,10000,1988.2574,1988.394,0.13660000000004402
nancy,6,10000,1992.3348,1992.4382,0.10339999999996508
nancy,6,10000,1996.3014,1996.3827,0.08130000000005566
nancy,6,10000,2000.2904,2000.3757,0.08529999999996107
nancy,6,10000,2004.1428,2004.23,0.08719999999993888
nancy,6,10000,2008.0399,2008.2112,0.1712999999999738
nantes,6,10000,1935.9443,1936.2836,0.3392999999998665
nancy,6,10000,2012.181,2012.2645,0.08349999999995816
nancy,6,10000,1911.0366,1911.3617,0.3251000000000204
nancy,6,10000,1914.8337,1915.1919,0.3582000000001244
nancy,6,10000,1919.3933,1919.5221,0.12879999999995562
nancy,6,10000,1923.0134,1923.3286,0.31520000000000437
nancy,6,10000,1926.9677,1927.2776,0.30989999999997053
nancy,6,10000,1930.876,1931.1886,0.3125999999999749
nancy,6,10000,1934.3999,1934.757,0.35710000000017317
nancy,6,10000,1938.7567,1939.0835,0.3268000000000484
nancy,6,10000,1942.5621,1942.9929,0.43079999999986285
nantes,6,10000,1941.6011,1941.9418,0.3406999999999698
nancy,6,10000,1946.7823,1947.1042,0.32189999999991414
nancy,6,10000,1950.8992,1951.2161,0.3169000000000324
nancy,6,10000,1954.766,1955.1255,0.35950000000002547
nancy,6,10000,1958.8557,1959.1766,0.3208999999999378
nancy,6,10000,1962.9028,1963.2676,0.3647999999998319
nancy,6,10000,1967.027,1967.3689,0.34189999999989595
nancy,6,10000,1882.7372,1882.8397,0.10249999999996362
nancy,6,10000,1886.5647,1886.6698,0.10509999999999309
nancy,6,10000,1890.7776,1890.9642,0.18659999999999854
nancy,6,10000,1894.5249,1894.7141,0.189200000000028
nantes,6,10000,1948.6652,1948.8356,0.17040000000019973
nancy,6,10000,1898.7257,1898.8767,0.1510000000000673
nancy,6,10000,1902.7552,1902.9133,0.15809999999987667
nancy,6,10000,1906.7968,1906.9813,0.18449999999984357
nancy,6,10000,1910.9105,1911.0146,0.10410000000001673
nancy,6,10000,1914.6893,1914.8538,0.16450000000008913
nancy,6,10000,1918.8857,1919.0366,0.15089999999986503
nancy,6,10000,1922.8444,1923.0353,0.19090000000005602
nancy,6,10000,1926.8572,1927.0807,0.2235000000000582
nancy,6,10000,1930.6431,1930.853,0.20990000000006148
nancy,6,10000,1934.5946,1934.7875,0.19290000000000873
nantes,6,10000,1953.9202,1954.2651,0.3449000000000524
nancy,6,10000,1938.6594,1938.766,0.1066000000000713
nantes,6,10000,1718.8256,1719.1307,0.30510000000003856
nantes,6,10000,1724.5076,1724.7844,0.27680000000009386
nantes,6,10000,1730.6917,1730.9756,0.28389999999990323
nantes,6,10000,1736.0187,1736.2799,0.26119999999991705
nantes,6,10000,1743.0446,1743.3274,0.282799999999952
nantes,6,10000,1749.1935,1749.3115,0.11799999999993815
nantes,6,10000,1755.1312,1755.4705,0.3392999999998665
nantes,6,10000,1760.5424,1760.8038,0.26139999999986685
nantes,6,10000,1766.3574,1766.629,0.27159999999980755
nantes,7,10000,1858.7523,1858.854,0.10169999999993706
nantes,7,10000,1858.7523,1917.6631,58.91079999999988
nantes,7,10000,1913.4865,1913.5731,0.0866000000000895
nantes,7,10000,1913.4865,1976.1477,62.66120000000001
nantes,7,10000,1712.7355,1713.153,0.4175000000000182
nantes,7,10000,1712.7355,1772.573,59.83750000000009
nantes,7,10000,1718.325,1718.6157,0.2907000000000153
nantes,7,10000,1718.325,1771.075,52.75
nantes,7,10000,1724.6876,1725.1354,0.4477999999999156
nantes,7,10000,1730.5011,1730.7424,0.24130000000013752
nantes,7,10000,1730.5011,1791.375,60.87390000000005
nantes,7,10000,1737.4141,1737.76,0.34590000000002874
nantes,7,10000,1743.016,1743.3116,0.29559999999992215
nantes,7,10000,1628.1619,1628.3352,0.1732999999999265
nantes,7,10000,1628.1619,1688.1089,59.94699999999989
nantes,7,10000,1633.8651,1634.0468,0.18170000000009168
nantes,7,10000,1633.8651,1689.3236,55.45849999999996
nantes,7,10000,1639.6844,1639.8646,0.18020000000001346
nantes,7,10000,1639.6844,1705.4283,65.74389999999994
nantes,7,10000,1645.9303,1646.1394,0.20910000000003492
nantes,7,10000,1645.9303,1703.557,57.62670000000003
nantes,7,10000,1918.8209,1919.187,0.36609999999996035
nantes,7,10000,1651.9036,1652.046,0.14239999999995234
nantes,7,10000,1651.9036,1713.4219,61.518299999999954
nantes,7,10000,1657.3346,1657.568,0.23340000000007421
nantes,7,10000,1657.3346,1718.4949,61.16030000000001
nantes,7,10000,1663.0225,1663.2432,0.22069999999985157
nantes,7,10000,1669.6963,1669.8993,0.20299999999997453
nantes,7,10000,1669.6963,1731.5696,61.87329999999997
nantes,7,10000,1674.9749,1675.1635,0.18860000000017862
nantes,7,10000,1674.9749,1728.9001,53.92520000000013
nantes,7,10000,1681.7844,1682.0559,0.27150000000006
nantes,7,10000,1686.8693,1687.0995,0.23019999999996799
nantes,7,10000,1686.8693,1752.2041,65.33479999999986
nantes,7,10000,1693.6975,1693.9707,0.27320000000008804
nantes,7,10000,1693.6975,1748.9236,55.22610000000009
nantes,7,10000,1698.9358,1699.1627,0.22690000000011423
nantes,7,10000,1698.9358,1753.178,54.24220000000014
nantes,7,10000,1705.4465,1705.6207,0.17419999999992797
nantes,7,10000,1705.4465,1767.0,61.553499999999985
nantes,7,10000,1925.6041,1925.9082,0.3041000000000622
nantes,7,10000,1711.0752,1711.2856,0.21039999999993597
nantes,7,10000,1711.0752,1764.0597,52.984500000000025
toulouse,7,10000,1691.5188,1691.5776,0.05880000000001928
toulouse,7,10000,1691.5188,1754.803,63.284200000000055
toulouse,7,10000,1695.178,1695.2443,0.06629999999995562
toulouse,7,10000,1695.178,1778.912,83.73399999999992
toulouse,7,10000,1699.2476,1699.3295,0.08190000000013242
toulouse,7,10000,1699.2476,1788.6613,89.41370000000006
toulouse,7,10000,1702.7947,1702.8533,0.058600000000069485
toulouse,7,10000,1707.1796,1707.238,0.05840000000011969
toulouse,7,10000,1707.1796,1773.5966,66.41700000000014
toulouse,7,10000,1710.819,1710.8772,0.05819999999994252
toulouse,7,10000,1710.819,1768.5232,57.70420000000013
toulouse,7,10000,1714.7599,1714.8516,0.09169999999994616
toulouse,7,10000,1714.7599,1778.4861,63.72620000000006
toulouse,7,10000,1718.6704,1718.7283,0.057900000000017826
toulouse,7,10000,1722.5275,1722.5852,0.05770000000006803
toulouse,7,10000,1722.5275,1776.9824,54.45490000000018
nantes,7,10000,1931.2535,1931.6025,0.3489999999999327
toulouse,7,10000,1726.4159,1726.4746,0.05870000000004438
toulouse,7,10000,1730.2721,1730.3395,0.06740000000013424
toulouse,7,10000,1730.2721,1795.7599,65.4878000000001
toulouse,7,10000,1734.0328,1734.0944,0.061599999999998545
toulouse,7,10000,1737.9832,1738.0428,0.05960000000004584
toulouse,7,10000,1737.9832,1795.9619,57.97870000000012
toulouse,7,10000,1742.8903,1742.9835,0.09320000000002437
toulouse,7,10000,1742.8903,1806.4717,63.58140000000003
toulouse,7,10000,1746.6514,1746.7158,0.06439999999997781
toulouse,7,10000,1746.6514,1799.6052,52.9538
toulouse,7,10000,1665.1377,1665.4021,0.2644000000000233
toulouse,7,10000,1669.1199,1669.399,0.27909999999997126
toulouse,7,10000,1669.1199,1754.6206,85.50070000000005
toulouse,7,10000,1672.9874,1673.2236,0.23620000000005348
toulouse,7,10000,1676.8267,1677.1083,0.28160000000002583
toulouse,7,10000,1676.8267,1759.4977,82.67099999999982
nantes,7,10000,1938.1868,1938.5096,0.322800000000143
toulouse,7,10000,1680.7263,1680.9949,0.2685999999998785
toulouse,7,10000,1680.7263,1740.7136,59.987300000000005
toulouse,7,10000,1685.7863,1685.9584,0.17210000000000036
toulouse,7,10000,1689.0443,1689.3152,0.27089999999998327
toulouse,7,10000,1693.5151,1693.6705,0.1553999999998723
toulouse,7,10000,1693.5151,1758.8947,65.37959999999998
toulouse,7,10000,1696.9795,1697.2281,0.24860000000012406
toulouse,7,10000,1696.9795,1791.2657,94.28620000000001
toulouse,7,10000,1700.8121,1701.0939,0.2817999999999756
toulouse,7,10000,1700.8121,1766.3651,65.55299999999988
toulouse,7,10000,1704.6337,1704.782,0.14829999999983556
toulouse,7,10000,1708.631,1708.8037,0.17269999999984975
toulouse,7,10000,1708.631,1775.099,66.46799999999985
toulouse,7,10000,1712.6665,1712.8401,0.1735999999998512
toulouse,7,10000,1716.419,1716.5916,0.17259999999987485
toulouse,7,10000,1716.419,1775.3889,58.969899999999825
nantes,7,10000,1944.2094,1944.5345,0.3251000000000204
toulouse,7,10000,1720.1858,1720.4277,0.2418999999999869
toulouse,7,10000,1720.1858,1778.598,58.412199999999984
toulouse,7,10000,1645.041,1645.3235,0.2825000000000273
toulouse,7,10000,1645.041,1708.8405,63.79950000000008
toulouse,7,10000,1648.8668,1649.2434,0.3766000000000531
toulouse,7,10000,1648.8668,1703.7897,54.92290000000003
toulouse,7,10000,1653.5482,1653.8572,0.3089999999999691
toulouse,7,10000,1653.5482,1710.6692,57.121000000000095
toulouse,7,10000,1657.3984,1657.7334,0.3350000000000364
toulouse,7,10000,1661.3356,1661.7231,0.3874999999998181
toulouse,7,10000,1666.0734,1666.4343,0.3608999999999014
toulouse,7,10000,1669.7719,1670.1355,0.36360000000013315
toulouse,7,10000,1673.5552,1673.8694,0.314200000000028
toulouse,7,10000,1673.5552,1737.3932,63.837999999999965
toulouse,7,10000,1677.4735,1677.892,0.41849999999999454
toulouse,7,10000,1677.4735,1732.0695,54.596000000000004
rennes,7,10000,1891.6357,1891.8965,0.26080000000001746
rennes,7,10000,1891.6357,1952.7548,61.11909999999989
toulouse,7,10000,1681.2622,1681.609,0.3468000000000302
toulouse,7,10000,1685.1044,1685.4664,0.36200000000008004
toulouse,7,10000,1688.9044,1689.2524,0.3480000000001837
toulouse,7,10000,1692.8986,1693.2589,0.360300000000052
toulouse,7,10000,1696.7803,1697.1233,0.3430000000000746
toulouse,7,10000,1701.1893,1701.5211,0.33179999999993015
toulouse,7,10000,1701.1893,1768.0627,66.87339999999995
nancy,7,10000,1656.6727,1656.7428,0.07009999999991123
nancy,7,10000,1656.6727,1720.1455,63.47280000000001
nancy,7,10000,1660.581,1660.655,0.07400000000006912
nancy,7,10000,1660.581,1722.1256,61.54460000000017
nancy,7,10000,1664.7958,1664.8655,0.06970000000001164
nancy,7,10000,1664.7958,1726.3047,61.50889999999981
nancy,7,10000,1668.9097,1668.982,0.07230000000004111
nancy,7,10000,1668.9097,1728.6727,59.76300000000015
rennes,7,10000,1896.6531,1896.8113,0.15820000000007894
rennes,7,10000,1896.6531,1956.0892,59.4360999999999
nancy,7,10000,1672.9371,1673.0127,0.07559999999989486
nancy,7,10000,1672.9371,1739.1781,66.24099999999999
nancy,7,10000,1677.1403,1677.2128,0.0724999999999909
nancy,7,10000,1677.1403,1737.5841,60.44380000000001
nancy,7,10000,1681.1841,1681.2596,0.07550000000014734
nancy,7,10000,1681.1841,1736.5449,55.360800000000154
nancy,7,10000,1685.1461,1685.2202,0.07410000000004402
nancy,7,10000,1685.1461,1747.2141,62.067999999999984
nancy,7,10000,1689.3235,1689.3936,0.07010000000013861
nancy,7,10000,1689.3235,1743.0879,53.76440000000002
nancy,7,10000,1693.3369,1693.4402,0.10329999999999018
nancy,7,10000,1693.3369,1753.5122,60.17529999999988
nancy,7,10000,1697.3231,1697.4767,0.1535999999998694
nancy,7,10000,1697.3231,1751.3793,54.05619999999999
nancy,7,10000,1701.3615,1701.4403,0.07880000000000109
nancy,7,10000,1701.3615,1753.535,52.173500000000104
nancy,7,10000,1705.5581,1705.6558,0.09770000000003165
nancy,7,10000,1705.5581,1757.6897,52.131599999999935
nancy,7,10000,1709.8984,1709.9763,0.07789999999999964
nancy,7,10000,1709.8984,1773.2186,63.320199999999886
rennes,7,10000,1901.4838,1901.7761,0.2923000000000684
rennes,7,10000,1901.4838,1955.869,54.38519999999994
nancy,7,10000,1713.8582,1713.9615,0.10329999999999018
nancy,7,10000,1713.8582,1766.9528,53.09460000000013
nantes,7,10000,1542.1973,1542.5847,0.3874000000000706
nantes,7,10000,1549.4747,1549.5754,0.10069999999996071
nantes,7,10000,1549.4747,1613.1449,63.67020000000002
nantes,7,10000,1554.4419,1554.8,0.35809999999992215
nantes,7,10000,1561.3954,1561.4961,0.10069999999996071
nantes,7,10000,1561.3954,1617.7386,56.3431999999998
nantes,7,10000,1566.5083,1566.8778,0.36950000000001637
nantes,7,10000,1566.5083,1631.962,65.45370000000003
nantes,7,10000,1573.3676,1573.6797,0.31209999999987303
nantes,7,10000,1573.3676,1627.111,53.743400000000065
nantes,7,10000,1578.6412,1579.0115,0.37030000000004293
nantes,7,10000,1585.9536,1586.2635,0.30989999999997053
nantes,7,10000,1585.9536,1640.8171,54.86349999999993
nantes,7,10000,1591.3717,1591.7377,0.36599999999998545
rennes,7,10000,1906.2998,1906.4698,0.17000000000007276
rennes,7,10000,1906.2998,1971.0831,64.78330000000005
nantes,7,10000,1597.5509,1597.9087,0.35779999999999745
nantes,7,10000,1604.111,1604.4764,0.3653999999999087
nantes,7,10000,1609.7085,1610.0184,0.30989999999997053
nantes,7,10000,1616.5962,1616.9069,0.3106999999999971
nantes,7,10000,1616.5962,1677.9362,61.340000000000146
nantes,7,10000,1622.3425,1622.7307,0.38820000000009713
nantes,7,10000,1622.3425,1688.7617,66.41920000000005
nantes,7,10000,1628.2179,1628.576,0.35809999999992215
rennes,7,10000,1538.6285,1538.9142,0.28569999999990614
rennes,7,10000,1538.6285,1605.5061,66.87760000000003
rennes,7,10000,1543.8035,1543.9415,0.13799999999991996
rennes,7,10000,1543.8035,1601.1428,57.339300000000094
rennes,7,10000,1548.0063,1548.3022,0.2959000000000742
rennes,7,10000,1548.0063,1604.0452,56.03890000000001
rennes,7,10000,1553.5664,1553.6569,0.09050000000002001
rennes,7,10000,1553.5664,1609.8612,56.29480000000012
nantes,7,10000,1864.2692,1864.6217,0.3524999999999636
rennes,7,10000,1911.2208,1911.446,0.22519999999985885
rennes,7,10000,1911.2208,1964.0176,52.79679999999985
rennes,7,10000,1558.0432,1558.2921,0.24889999999982138
rennes,7,10000,1558.0432,1621.4509,63.40769999999998
rennes,7,10000,1563.1276,1563.345,0.21739999999999782
rennes,7,10000,1563.1276,1626.684,63.55639999999994
rennes,7,10000,1568.197,1568.2778,0.08080000000018117
rennes,7,10000,1568.197,1634.4904,66.29340000000002
rennes,7,10000,1572.9811,1573.1862,0.2051000000001295
rennes,7,10000,1572.9811,1636.0598,63.078700000000026
rennes,7,10000,1577.7968,1578.0775,0.2807000000000244
rennes,7,10000,1577.7968,1642.0054,64.20859999999993
rennes,7,10000,1583.3965,1583.5419,0.1453999999998814
rennes,7,10000,1583.3965,1642.2007,58.80420000000004
rennes,7,10000,1587.6892,1587.98,0.2907999999999902
rennes,7,10000,1587.6892,1646.9752,59.28600000000006
rennes,7,10000,1592.2831,1592.496,0.21289999999999054
rennes,7,10000,1592.2831,1648.8907,56.60759999999982
rennes,7,10000,1597.3799,1597.6443,0.2644000000000233
rennes,7,10000,1597.3799,1662.4224,65.04250000000002
rennes,7,10000,1602.2366,1602.4858,0.24919999999997344
rennes,7,10000,1602.2366,1658.4703,56.2337
rennes,7,10000,1916.23,1916.3993,0.1693000000000211
rennes,7,10000,1916.23,1981.8531,65.62310000000002
rennes,7,10000,1607.2057,1607.4473,0.2416000000000622
rennes,7,10000,1607.2057,1660.888,53.68229999999994
toulouse,7,10000,1538.2338,1538.3013,0.06750000000010914
toulouse,7,10000,1541.8403,1541.9075,0.06719999999995707
toulouse,7,10000,1541.8403,1626.6948,84.85449999999992
toulouse,7,10000,1545.672,1545.7375,0.06549999999992906
toulouse,7,10000,1545.672,1610.2319,64.55989999999997
toulouse,7,10000,1549.159,1549.2234,0.06439999999997781
toulouse,7,10000,1549.159,1639.5457,90.38669999999979
toulouse,7,10000,1553.2632,1553.332,0.06880000000001019
toulouse,7,10000,1553.2632,1611.7922,58.528999999999996
toulouse,7,10000,1556.947,1557.0123,0.06530000000020664
toulouse,7,10000,1560.8838,1560.952,0.06819999999993342
toulouse,7,10000,1560.8838,1623.4495,62.56569999999988
toulouse,7,10000,1564.532,1564.632,0.10000000000013642
toulouse,7,10000,1568.5592,1568.6288,0.06960000000003674
toulouse,7,10000,1568.5592,1629.705,61.14580000000001
rennes,7,10000,1920.6938,1920.9525,0.25870000000008986
rennes,7,10000,1920.6938,1981.1925,60.4987000000001
toulouse,7,10000,1572.2921,1572.3672,0.07510000000002037
toulouse,7,10000,1576.0193,1576.0813,0.06200000000012551
toulouse,7,10000,1576.0193,1632.4136,56.39430000000016
toulouse,7,10000,1579.8643,1579.9287,0.06439999999997781
toulouse,7,10000,1579.8643,1639.6364,59.77210000000014
toulouse,7,10000,1583.4921,1583.5554,0.06330000000002656
toulouse,7,10000,1583.4921,1639.355,55.86290000000008
toulouse,7,10000,1587.4052,1587.4713,0.06610000000000582
toulouse,7,10000,1591.7883,1591.8457,0.057400000000143336
toulouse,7,10000,1591.7883,1654.685,62.89670000000001
nancy,7,10000,1551.8029,1552.1584,0.35550000000012005
nancy,7,10000,1551.8029,1606.6012,54.798300000000154
nancy,7,10000,1555.6445,1555.9122,0.26769999999987704
nancy,7,10000,1555.6445,1615.3695,59.72499999999991
nancy,7,10000,1559.8827,1560.1965,0.31379999999990105
nancy,7,10000,1559.8827,1620.5745,60.69179999999983
nancy,7,10000,1563.8984,1564.2522,0.35379999999986467
nancy,7,10000,1563.8984,1629.626,65.72759999999994
rennes,7,10000,1925.9548,1926.2023,0.24749999999994543
rennes,7,10000,1925.9548,1978.8575,52.902700000000095
nancy,7,10000,1568.0106,1568.3657,0.3550999999999931
nancy,7,10000,1568.0106,1630.5321,62.52149999999983
nancy,7,10000,1572.1624,1572.431,0.26860000000010587
nancy,7,10000,1572.1624,1627.1396,54.97720000000004
nancy,7,10000,1576.1954,1576.4586,0.26319999999986976
nancy,7,10000,1576.1954,1633.5028,57.307399999999916
nancy,7,10000,1580.1847,1580.4503,0.26559999999994943
nancy,7,10000,1580.1847,1634.957,54.77230000000009
nancy,7,10000,1584.274,1584.6288,0.3548000000000684
nancy,7,10000,1584.274,1636.8964,52.6224000000002
nancy,7,10000,1588.3627,1588.7065,0.34380000000010114
nancy,7,10000,1588.3627,1653.0237,64.66100000000006
nancy,7,10000,1592.5323,1592.8538,0.32150000000001455
nancy,7,10000,1592.5323,1649.761,57.22869999999989
nancy,7,10000,1596.5302,1596.8706,0.3404000000000451
nancy,7,10000,1596.5302,1654.6288,58.09860000000003
nancy,7,10000,1600.645,1600.9536,0.3086000000000695
nancy,7,10000,1600.645,1654.3096,53.664600000000064
nancy,7,10000,1604.702,1604.9686,0.2665999999999258
nancy,7,10000,1604.702,1660.4413,55.73929999999996
rennes,7,10000,1930.3763,1930.6628,0.28650000000016007
rennes,7,10000,1930.3763,1984.4233,54.047000000000025
nancy,7,10000,1608.72,1609.077,0.3569999999999709
nancy,7,10000,1608.72,1668.3396,59.61959999999999
rennes,7,10000,1451.4893,1451.7166,0.22730000000001382
rennes,7,10000,1451.4893,1504.7435,53.25420000000008
rennes,7,10000,1456.727,1456.8174,0.09039999999981774
rennes,7,10000,1456.727,1521.6508,64.9237999999998
rennes,7,10000,1461.4646,1461.5406,0.07600000000002183
rennes,7,10000,1461.4646,1527.9266,66.46199999999999
rennes,7,10000,1466.321,1466.5558,0.23480000000017753
rennes,7,10000,1466.321,1522.0983,55.777300000000196
rennes,7,10000,1471.2175,1471.2913,0.07380000000011933
rennes,7,10000,1471.2175,1523.2667,52.04919999999993
rennes,7,10000,1475.8394,1476.1276,0.2881999999999607
rennes,7,10000,1475.8394,1541.7966,65.95719999999983
rennes,7,10000,1480.988,1481.2362,0.2481999999999971
rennes,7,10000,1480.988,1545.1383,64.15030000000002
rennes,7,10000,1486.2279,1486.4658,0.23789999999985412
rennes,7,10000,1486.2279,1551.9335,65.7056
rennes,7,10000,1491.0256,1491.2456,0.22000000000002728
rennes,7,10000,1491.0256,1557.9874,66.96180000000004
rennes,7,10000,1935.1832,1935.4578,0.274599999999964
rennes,7,10000,1935.1832,1995.4524,60.269199999999955
rennes,7,10000,1496.2336,1496.5022,0.2685999999998785
rennes,7,10000,1496.2336,1554.5455,58.31189999999992
rennes,7,10000,1501.0033,1501.2305,0.22719999999981155
rennes,7,10000,1501.0033,1556.3903,55.386999999999944
rennes,7,10000,1505.7568,1506.0101,0.25329999999985375
rennes,7,10000,1505.7568,1569.9105,64.15369999999984
rennes,7,10000,1510.3064,1510.5361,0.2297000000000935
rennes,7,10000,1510.3064,1572.9576,62.65120000000002
rennes,7,10000,1515.2621,1515.4994,0.23730000000000473
rennes,7,10000,1515.2621,1582.2208,66.95870000000014
rennes,7,10000,1519.919,1520.151,0.2319999999999709
rennes,7,10000,1519.919,1576.0441,56.125099999999975
rennes,7,10000,1424.6699,1425.0211,0.3511999999998352
rennes,7,10000,1424.6699,1483.5582,58.888299999999845
rennes,7,10000,1429.316,1429.7163,0.40030000000001564
rennes,7,10000,1429.316,1487.2256,57.909599999999955
rennes,7,10000,1434.4462,1434.8005,0.35429999999996653
rennes,7,10000,1434.4462,1500.855,66.40879999999993
rennes,7,10000,1439.1985,1439.5582,0.35969999999997526
rennes,7,10000,1439.1985,1499.4185,60.22000000000003
rennes,7,10000,1940.0199,1940.2706,0.25070000000005166
rennes,7,10000,1940.0199,2001.7152,61.69530000000009
rennes,7,10000,1444.5481,1444.6804,0.13229999999998654
rennes,7,10000,1444.5481,1507.8995,63.35140000000001
rennes,7,10000,1449.0831,1449.4746,0.3914999999999509
rennes,7,10000,1449.0831,1513.6846,64.60149999999999
rennes,7,10000,1454.3556,1454.441,0.08539999999993597
rennes,7,10000,1454.3556,1518.3137,63.95809999999983
rennes,7,10000,1458.8217,1459.1758,0.35410000000001673
rennes,7,10000,1458.8217,1520.762,61.94029999999998
rennes,7,10000,1463.5612,1463.9413,0.38009999999985666
rennes,7,10000,1463.5612,1517.4894,53.92819999999983
rennes,7,10000,1468.4418,1468.8123,0.3704999999999927
rennes,7,10000,1468.4418,1533.3007,64.85889999999995
rennes,7,10000,1473.4839,1474.0616,0.5777000000000498
rennes,7,10000,1478.2162,1478.556,0.33979999999996835
rennes,7,10000,1478.2162,1531.7764,53.560199999999895
rennes,7,10000,1482.8447,1483.1892,0.3444999999999254
rennes,7,10000,1482.8447,1544.6025,61.75779999999986
rennes,7,10000,1488.2429,1488.6483,0.4054000000000997
rennes,7,10000,1488.2429,1541.7954,53.55250000000001
rennes,7,10000,1944.9493,1945.229,0.279700000000048
rennes,7,10000,1944.9493,2006.7198,61.770500000000084
rennes,7,10000,1493.1293,1493.507,0.37770000000000437
rennes,7,10000,1493.1293,1545.3126,52.18329999999992
rennes,7,10000,1426.8811,1427.0282,0.14709999999990941
rennes,7,10000,1426.8811,1489.5593,62.67819999999983
rennes,7,10000,1431.7432,1431.8218,0.0786000000000513
rennes,7,10000,1431.7432,1488.3584,56.615200000000186
rennes,7,10000,1436.9628,1437.0504,0.08760000000006585
rennes,7,10000,1436.9628,1492.0066,55.04379999999992
rennes,7,10000,1441.5651,1441.7029,0.13779999999997017
rennes,7,10000,1441.5651,1496.835,55.26990000000001
rennes,7,10000,1446.5018,1446.6484,0.14660000000003492
rennes,7,10000,1446.5018,1501.6158,55.11400000000003
rennes,7,10000,1451.3418,1451.499,0.1572000000001026
rennes,7,10000,1451.3418,1517.2656,65.92380000000003
rennes,7,10000,1456.5125,1456.6079,0.09539999999992688
rennes,7,10000,1456.5125,1519.1333,62.62079999999992
rennes,7,10000,1461.355,1461.479,0.12400000000002365
rennes,7,10000,1461.355,1522.2576,60.90259999999989
rennes,7,10000,1466.2833,1466.5039,0.22059999999987667
rennes,7,10000,1466.2833,1523.0403,56.756999999999834
rennes,7,10000,1949.9373,1950.185,0.24769999999989523
rennes,7,10000,1949.9373,2008.8021,58.86480000000006
rennes,7,10000,1470.946,1471.1494,0.2034000000001015
rennes,7,10000,1470.946,1531.718,60.77200000000016
rennes,7,10000,1476.0745,1476.2152,0.1407000000001517
rennes,7,10000,1476.0745,1542.0146,65.94010000000003
rennes,7,10000,1480.9578,1481.0858,0.12800000000015643
rennes,7,10000,1480.9578,1541.5397,60.58190000000013
rennes,7,10000,1485.6202,1485.7584,0.13819999999986976
rennes,7,10000,1485.6202,1542.1317,56.51149999999984
rennes,7,10000,1490.9835,1491.1436,0.16010000000005675
rennes,7,10000,1490.9835,1550.2672,59.28369999999995
rennes,7,10000,1495.6368,1495.8639,0.22710000000006403
rennes,7,10000,1495.6368,1558.5953,62.95849999999996
toulouse,7,10000,1436.285,1436.4506,0.165599999999813
toulouse,7,10000,1436.285,1516.6166,80.33159999999998
toulouse,7,10000,1440.5046,1440.6465,0.14190000000007785
toulouse,7,10000,1440.5046,1505.4414,64.93679999999995
toulouse,7,10000,1443.9204,1444.207,0.28660000000013497
toulouse,7,10000,1443.9204,1536.5522,92.63180000000011
toulouse,7,10000,1448.1006,1448.376,0.27539999999999054
rennes,7,10000,1955.0328,1955.2612,0.22839999999996508
rennes,7,10000,1955.0328,2012.155,57.12220000000002
toulouse,7,10000,1453.0425,1453.3029,0.2603999999998905
toulouse,7,10000,1456.608,1456.7893,0.1812999999999647
toulouse,7,10000,1460.5479,1460.7229,0.17499999999995453
toulouse,7,10000,1464.3395,1464.5109,0.1713999999999487
toulouse,7,10000,1464.3395,1519.0022,54.66269999999986
toulouse,7,10000,1467.9708,1468.2434,0.2726000000000113
toulouse,7,10000,1467.9708,1534.369,66.39819999999986
toulouse,7,10000,1471.7435,1471.9167,0.17319999999995161
toulouse,7,10000,1471.7435,1532.8687,61.12519999999995
toulouse,7,10000,1475.5458,1475.8214,0.27559999999994034
toulouse,7,10000,1475.5458,1541.8229,66.27709999999979
toulouse,7,10000,1479.5929,1479.8658,0.27289999999993597
toulouse,7,10000,1479.5929,1534.3402,54.747299999999996
toulouse,7,10000,1483.5231,1483.6993,0.17619999999988067
toulouse,7,10000,1487.7485,1487.9113,0.16280000000006112
toulouse,7,10000,1487.7485,1547.4719,59.72340000000008
nantes,7,10000,1870.078,1870.3773,0.29930000000013024
rennes,7,10000,1959.6715,1959.935,0.26350000000002183
rennes,7,10000,1959.6715,2022.593,62.92150000000015
toulouse,7,10000,1491.1962,1491.476,0.2798000000000229
toulouse,7,10000,1491.1962,1547.5774,56.38119999999981
nantes,7,10000,1790.8256,1791.0664,0.24080000000003565
nantes,7,10000,1790.8256,1855.3937,64.56810000000019
nantes,7,10000,1795.9043,1796.1437,0.2394000000001597
nantes,7,10000,1802.8087,1803.077,0.2682999999999538
nantes,7,10000,1802.8087,1868.1376,65.32889999999998
nantes,7,10000,1808.0851,1808.3435,0.2583999999999378
nantes,7,10000,1814.3801,1814.626,0.24589999999989232
nantes,7,10000,1814.3801,1877.0029,62.62279999999987
nantes,7,10000,1821.0544,1821.2173,0.16290000000003602
nantes,7,10000,1821.0544,1879.8955,58.8411000000001
nantes,7,10000,1826.4229,1826.6707,0.24779999999987012
nantes,7,10000,1826.4229,1888.6053,62.182399999999916
nantes,7,10000,1833.2625,1833.404,0.1414999999999509
nantes,7,10000,1833.2625,1896.0306,62.768100000000004
nantes,7,10000,1838.2822,1838.533,0.2507999999997992
nantes,7,10000,1838.2822,1890.9105,52.628299999999854
nantes,7,10000,1876.2775,1876.6909,0.4134000000001379
nantes,7,10000,1844.7885,1845.0068,0.21829999999999927
nantes,7,10000,1844.7885,1910.2107,65.42219999999998
nantes,7,10000,1849.9327,1850.2457,0.3129999999998745
nantes,7,10000,1849.9327,1912.199,62.2663
nantes,7,10000,1856.6177,1856.8458,0.22810000000004038
nantes,7,10000,1856.6177,1908.6731,52.05539999999996
nantes,7,10000,1861.9783,1862.1998,0.2215000000001055
nantes,7,10000,1861.9783,1926.0837,64.10539999999992
nantes,7,10000,1869.0405,1869.2584,0.2178999999998723
nantes,7,10000,1869.0405,1930.5289,61.488399999999956
nantes,7,10000,1874.9568,1875.1798,0.22299999999995634
nantes,7,10000,1874.9568,1927.3212,52.36440000000016
nancy,7,10000,1890.4851,1890.6213,0.13619999999991705
nancy,7,10000,1890.4851,1946.0802,55.5951
nancy,7,10000,1894.5627,1894.6356,0.07290000000011787
nancy,7,10000,1894.5627,1958.5674,64.00469999999996
nancy,7,10000,1898.4866,1898.6747,0.18810000000007676
nancy,7,10000,1898.4866,1961.2124,62.725799999999936
nancy,7,10000,1902.6947,1902.7676,0.0728999999998905
nancy,7,10000,1902.6947,1961.6816,58.98689999999988
nantes,7,10000,1882.0443,1882.3953,0.3509999999998854
nantes,7,10000,1882.0443,1946.7535,64.70920000000001
nancy,7,10000,1906.6837,1906.8098,0.12609999999995125
nancy,7,10000,1906.6837,1963.8331,57.149400000000014
nancy,7,10000,1910.6676,1910.8226,0.15499999999997272
nancy,7,10000,1910.6676,1973.1409,62.47330000000011
nancy,7,10000,1914.7498,1914.9313,0.1814999999999145
nancy,7,10000,1914.7498,1975.4854,60.73559999999998
nancy,7,10000,1918.8373,1918.9691,0.13180000000011205
nancy,7,10000,1918.8373,1973.6146,54.777300000000196
nancy,7,10000,1922.9906,1923.065,0.07439999999996871
nancy,7,10000,1922.9906,1988.714,65.72339999999986
nancy,7,10000,1927.1064,1927.1775,0.07110000000011496
nancy,7,10000,1927.1064,1992.4702,65.36380000000008
nancy,7,10000,1931.1862,1931.3145,0.12829999999985375
nancy,7,10000,1931.1862,1994.0419,62.85569999999984
nancy,7,10000,1935.2429,1935.3938,0.1509000000000924
nancy,7,10000,1935.2429,1995.8291,60.58619999999996
nancy,7,10000,1939.213,1939.4087,0.195699999999988
nancy,7,10000,1939.213,1998.2793,59.066299999999956
nancy,7,10000,1943.3134,1943.3916,0.07819999999992433
nancy,7,10000,1943.3134,2001.5032,58.189800000000105
nantes,7,10000,1888.1176,1888.4617,0.34410000000002583
nancy,7,10000,1947.4507,1947.5852,0.13449999999988904
nancy,7,10000,1947.4507,2003.618,56.16729999999984
nancy,7,10000,1857.1167,1857.2695,0.1528000000000702
nancy,7,10000,1857.1167,1915.4629,58.34619999999995
nancy,7,10000,1861.0953,1861.2523,0.1570000000001528
nancy,7,10000,1861.0953,1914.4976,53.40229999999997
nancy,7,10000,1865.1235,1865.3834,0.259900000000016
nancy,7,10000,1865.1235,1922.0502,56.92669999999998
nancy,7,10000,1869.1501,1869.2985,0.14840000000003783
nancy,7,10000,1869.1501,1922.066,52.915899999999965
nancy,7,10000,1873.2643,1873.5955,0.3311999999998534
nancy,7,10000,1873.2643,1928.1912,54.92689999999993
nancy,7,10000,1877.1621,1877.3131,0.1510000000000673
nancy,7,10000,1877.1621,1930.5413,53.37920000000008
nancy,7,10000,1881.1646,1881.4352,0.2705999999998312
nancy,7,10000,1881.1646,1935.4713,54.306699999999864
nancy,7,10000,1885.1991,1885.4104,0.21129999999993743
nancy,7,10000,1885.1991,1943.5608,58.36169999999993
nancy,7,10000,1889.3795,1889.6459,0.266399999999976
nancy,7,10000,1889.3795,1953.608,64.22849999999994
nantes,7,10000,1895.1833,1895.2992,0.11590000000001055
nantes,7,10000,1895.1833,1955.3604,60.17710000000011
nancy,7,10000,1893.4105,1893.563,0.15250000000014552
nancy,7,10000,1893.4105,1946.3195,52.909000000000106
nancy,7,10000,1897.4445,1897.598,0.1534999999998945
nancy,7,10000,1897.4445,1959.8411,62.396600000000035
nancy,7,10000,1901.4786,1901.743,0.2644000000000233
nancy,7,10000,1901.4786,1968.06,66.58140000000003
nancy,7,10000,1905.5641,1905.7148,0.15069999999991524
nancy,7,10000,1905.5641,1958.5079,52.94380000000001
nancy,7,10000,1909.6083,1909.7661,0.15779999999995198
nancy,7,10000,1909.6083,1961.9968,52.388499999999794
nancy,7,10000,1913.6448,1913.9121,0.26729999999997744
nancy,7,10000,1913.6448,1976.1477,62.502899999999954
nancy,7,10000,1825.8414,1825.9916,0.15020000000004075
nancy,7,10000,1825.8414,1885.5924,59.750999999999976
nancy,7,10000,1829.5729,1829.8573,0.2844000000000051
nancy,7,10000,1829.5729,1887.3,57.727100000000064
nancy,7,10000,1833.5719,1833.8616,0.2897000000000389
nancy,7,10000,1833.5719,1896.5344,62.96250000000009
nancy,7,10000,1837.75,1838.0344,0.2844000000000051
nancy,7,10000,1837.75,1902.4583,64.70830000000001
nantes,7,10000,1901.0487,1901.3574,0.3087000000000444
nancy,7,10000,1841.7935,1842.0737,0.2801999999999225
nancy,7,10000,1841.7935,1900.3882,58.5947000000001
nancy,7,10000,1845.9545,1846.1112,0.15670000000000073
nancy,7,10000,1845.9545,1901.767,55.8125
nancy,7,10000,1849.8977,1850.0951,0.197400000000016
nancy,7,10000,1849.8977,1905.7102,55.8125
nancy,7,10000,1854.1057,1854.4004,0.2946999999999207
nancy,7,10000,1854.1057,1920.7006,66.59489999999983
nancy,7,10000,1858.1053,1858.3695,0.2642000000000735
nancy,7,10000,1858.1053,1923.0566,64.95129999999995
nancy,7,10000,1862.0486,1862.3317,0.2830999999998767
nancy,7,10000,1862.0486,1923.9921,61.94349999999986
nancy,7,10000,1866.1194,1866.4148,0.29539999999997235
nancy,7,10000,1866.1194,1932.5411,66.42169999999987
nancy,7,10000,1870.0378,1870.2803,0.2424999999998363
nancy,7,10000,1870.0378,1934.5323,64.49450000000002
nancy,7,10000,1874.019,1874.2144,0.1954000000000633
nancy,7,10000,1874.019,1937.5114,63.49240000000009
nancy,7,10000,1878.0073,1878.16,0.15270000000009532
nancy,7,10000,1878.0073,1938.0674,60.06009999999992
nantes,7,10000,1906.4104,1906.78,0.36959999999999127
nancy,7,10000,1881.8555,1882.0979,0.24240000000008877
nancy,7,10000,1881.8555,1935.2474,53.39190000000008
nantes,7,10000,1658.67,1658.783,0.11299999999982901
nantes,7,10000,1658.67,1711.5197,52.849699999999984
nantes,7,10000,1663.8513,1664.1483,0.29700000000002547
nantes,7,10000,1669.52,1669.8906,0.3705999999999676
nantes,7,10000,1669.52,1729.5685,60.048500000000104
nantes,7,10000,1676.7628,1676.8524,0.08960000000001855
nantes,7,10000,1676.7628,1733.7505,56.98770000000013
nantes,7,10000,1681.9598,1682.2238,0.2639999999998963
nantes,7,10000,1681.9598,1746.7535,64.79369999999994
nantes,7,10000,1688.6324,1688.9231,0.2907000000000153
nantes,7,10000,1694.1259,1694.5605,0.43460000000004584
nantes,7,10000,1700.4458,1700.7384,0.2925999999999931
nantes,7,10000,1706.5775,1706.8693,0.29179999999996653
nantes,7,10000,1706.5775,1766.2786,59.7011
nantes,8,10000,1788.1038,1788.3334,0.22959999999989122
nantes,8,10000,1841.4094,1841.7153,0.3059000000000651
nantes,8,10000,1649.9349,1650.1803,0.24540000000001783
nantes,8,10000,1655.7448,1656.0944,0.34960000000000946
nantes,8,10000,1662.6151,1662.8344,0.21929999999997563
nantes,8,10000,1668.0568,1668.2722,0.2154000000000451
nantes,8,10000,1674.8474,1675.1311,0.28369999999995343
nantes,8,10000,1680.3676,1680.6011,0.2335000000000491
nantes,8,10000,1585.5068,1585.6876,0.18079999999986285
nantes,8,10000,1590.4703,1590.7404,0.2700999999999567
nantes,8,10000,1597.233,1597.3333,0.10030000000006112
nantes,8,10000,1602.3104,1602.5416,0.23119999999994434
nantes,8,10000,1846.2737,1846.6019,0.32819999999992433
nantes,8,10000,1608.5597,1608.8469,0.28719999999998436
nantes,8,10000,1614.5546,1614.872,0.31740000000013424
nantes,8,10000,1619.9281,1620.1893,0.26119999999991705
nantes,8,10000,1626.766,1626.9824,0.21640000000002146
nantes,8,10000,1632.2593,1632.5172,0.2579000000000633
nantes,8,10000,1638.7496,1638.9456,0.1959999999999127
nantes,8,10000,1644.1343,1644.3467,0.21240000000011605
nantes,8,10000,1651.5908,1651.6981,0.10730000000012296
nantes,8,10000,1656.6146,1656.8389,0.2242999999998574
nantes,8,10000,1663.517,1663.7408,0.2237999999999829
nantes,8,10000,1853.3168,1853.5502,0.23339999999984684
nantes,8,10000,1668.9268,1669.2072,0.2804000000000997
toulouse,8,10000,1651.6504,1651.8274,0.17699999999990723
toulouse,8,10000,1656.7045,1656.8837,0.1792000000000371
toulouse,8,10000,1660.5352,1660.7125,0.1773000000000593
toulouse,8,10000,1664.5688,1664.8479,0.27909999999997126
toulouse,8,10000,1668.8967,1669.0739,0.1772000000000844
toulouse,8,10000,1668.8967,11701.372,10032.4753
toulouse,8,10000,1672.6344,1672.807,0.17260000000010223
toulouse,8,10000,1676.5332,1676.7068,0.1735999999998512
toulouse,8,10000,1680.3872,1680.6973,0.3101000000001477
toulouse,8,10000,1684.7174,1684.9126,0.1952000000001135
nantes,8,10000,1859.0865,1859.4066,0.3201000000001386
toulouse,8,10000,1688.6682,1688.8485,0.18029999999998836
toulouse,8,10000,1688.6682,11719.286,10030.6178
toulouse,8,10000,1692.5369,1692.8348,0.2979000000000269
toulouse,8,10000,1696.4156,1696.609,0.19339999999988322
toulouse,8,10000,1696.4156,11729.1045,10032.6889
toulouse,8,10000,1700.2657,1700.5112,0.24549999999999272
toulouse,8,10000,1704.178,1704.4719,0.29389999999989413
toulouse,8,10000,1707.1145,1707.4089,0.294399999999996
toulouse,8,10000,1626.1334,1626.3973,0.2639000000001488
toulouse,8,10000,1630.2573,1630.4077,0.15039999999999054
toulouse,8,10000,1633.712,1633.9923,0.2802999999998974
toulouse,8,10000,1637.2777,1637.5513,0.27359999999998763
nantes,8,10000,1865.9698,1866.1981,0.22829999999999018
toulouse,8,10000,1641.1447,1641.4176,0.27289999999993597
toulouse,8,10000,1646.188,1646.3657,0.1776999999999589
toulouse,8,10000,1650.2083,1650.3837,0.1754000000000815
toulouse,8,10000,1653.995,1654.182,0.1870000000001255
toulouse,8,10000,1657.7513,1658.0308,0.2795000000000982
toulouse,8,10000,1657.7513,11688.477,10030.7257
toulouse,8,10000,1661.821,1662.0006,0.17960000000016407
toulouse,8,10000,1664.8251,1665.117,0.29189999999994143
toulouse,8,10000,1669.3395,1669.5125,0.17300000000000182
toulouse,8,10000,1672.9753,1673.1527,0.1774000000000342
toulouse,8,10000,1677.1685,1677.3152,0.14670000000000982
nantes,8,10000,1871.8447,1872.1393,0.2945999999999458
toulouse,8,10000,1680.1746,1680.3483,0.17370000000005348
toulouse,8,10000,1602.9913,1603.256,0.26470000000017535
toulouse,8,10000,1607.5891,1607.8687,0.2796000000000731
toulouse,8,10000,1611.5275,1611.6908,0.16330000000016298
toulouse,8,10000,1615.3511,1615.6213,0.2701999999999316
toulouse,8,10000,1618.8595,1619.1498,0.2902999999998883
toulouse,8,10000,1623.6354,1623.8005,0.1651000000001659
toulouse,8,10000,1627.5265,1627.7955,0.26900000000000546
toulouse,8,10000,1631.4486,1631.6198,0.1711999999999989
toulouse,8,10000,1635.2484,1635.4144,0.16599999999993997
rennes,8,10000,1810.7576,1810.8859,0.12830000000008113
toulouse,8,10000,1639.2035,1639.4724,0.26890000000003056
toulouse,8,10000,1643.2831,1643.5496,0.2664999999999509
toulouse,8,10000,1647.3351,1647.5994,0.2643000000000484
toulouse,8,10000,1651.0062,1651.2676,0.26139999999986685
toulouse,8,10000,1654.8385,1655.012,0.1734999999998763
toulouse,8,10000,1658.1498,1658.3226,0.17280000000005202
nancy,8,10000,1600.2452,1600.3928,0.14760000000001128
nancy,8,10000,1603.992,1604.0658,0.07380000000011933
nancy,8,10000,1608.0398,1608.1095,0.06970000000001164
nancy,8,10000,1611.9027,1612.0479,0.1451999999999316
rennes,8,10000,1815.9047,1816.0391,0.13439999999991414
nancy,8,10000,1616.1501,1616.322,0.1718999999998232
nancy,8,10000,1620.3528,1620.4967,0.14390000000003056
nancy,8,10000,1624.4166,1624.567,0.15039999999999054
nancy,8,10000,1628.463,1628.5631,0.10010000000011132
nancy,8,10000,1632.772,1632.8474,0.07540000000017244
nancy,8,10000,1636.6913,1636.8448,0.15350000000012187
nancy,8,10000,1640.7924,1640.8658,0.07339999999999236
nancy,8,10000,1644.5198,1644.7218,0.20199999999999818
nancy,8,10000,1648.5455,1648.7224,0.1769000000001597
nancy,8,10000,1652.3717,1652.5715,0.19980000000009568
rennes,8,10000,1820.8774,1821.016,0.13859999999999673
nancy,8,10000,1656.2329,1656.3065,0.07359999999994216
nantes,8,10000,1503.3746,1503.7241,0.3494999999998072
nantes,8,10000,1509.6218,1510.01,0.38820000000009713
nantes,8,10000,1515.3135,1515.6433,0.32979999999997744
nantes,8,10000,1521.8213,1522.0176,0.19629999999983738
nantes,8,10000,1527.2031,1527.4801,0.27700000000004366
nantes,8,10000,1533.5265,1533.89,0.36350000000015825
nantes,8,10000,1540.0767,1540.4115,0.3347999999998592
nantes,8,10000,1545.3575,1545.7208,0.3632999999999811
nantes,8,10000,1552.2544,1552.4292,0.17480000000000473
rennes,8,10000,1826.0463,1826.1847,0.13840000000004693
nantes,8,10000,1557.7307,1558.1176,0.3868999999999687
nantes,8,10000,1563.2374,1563.5956,0.3582000000001244
nantes,8,10000,1569.999,1570.2673,0.2682999999999538
nantes,8,10000,1575.9761,1576.3998,0.4236999999998261
nantes,8,10000,1582.8933,1583.257,0.36370000000010805
nantes,8,10000,1588.8546,1589.1941,0.33950000000004366
rennes,8,10000,1504.241,1504.319,0.07799999999997453
rennes,8,10000,1509.0713,1509.157,0.08569999999986067
rennes,8,10000,1514.5181,1514.6077,0.08960000000001855
rennes,8,10000,1519.3367,1519.4664,0.12969999999995707
nantes,8,10000,1794.0085,1794.2698,0.2613000000001193
rennes,8,10000,1831.2406,1831.3435,0.10289999999986321
rennes,8,10000,1524.4281,1524.5922,0.16409999999996217
rennes,8,10000,1529.4602,1529.5535,0.09329999999999927
rennes,8,10000,1534.3177,1534.3927,0.07500000000004547
rennes,8,10000,1539.5491,1539.6417,0.09259999999994761
rennes,8,10000,1544.3193,1544.4353,0.11599999999998545
rennes,8,10000,1549.0205,1549.18,0.15949999999998
rennes,8,10000,1553.6816,1553.8203,0.138700000000199
rennes,8,10000,1558.676,1558.8276,0.15160000000014406
rennes,8,10000,1563.8588,1564.0111,0.15229999999996835
rennes,8,10000,1568.8872,1569.0116,0.12440000000015061
rennes,8,10000,1836.56,1836.6389,0.07889999999997599
rennes,8,10000,1573.8118,1573.9364,0.12460000000010041
toulouse,8,10000,1504.1417,1504.3092,0.1675000000000182
toulouse,8,10000,1508.7675,1509.1143,0.3468000000000302
toulouse,8,10000,1512.7513,1512.9187,0.1674000000000433
toulouse,8,10000,1516.6932,1516.9688,0.2756000000001677
toulouse,8,10000,1520.4169,1520.5848,0.16790000000014516
toulouse,8,10000,1524.2887,1524.4581,0.169399999999996
toulouse,8,10000,1528.1837,1528.4515,0.26779999999985193
toulouse,8,10000,1532.1067,1532.3693,0.2626000000000204
toulouse,8,10000,1532.1067,11562.745,10030.6383
toulouse,8,10000,1536.1285,1536.3761,0.24759999999992033
rennes,8,10000,1841.2258,1841.3507,0.1249000000000251
toulouse,8,10000,1539.8518,1540.0269,0.1751000000001568
toulouse,8,10000,1543.8555,1544.1222,0.26670000000012806
toulouse,8,10000,1547.8057,1547.9741,0.16840000000001965
toulouse,8,10000,1547.8057,11579.474,10031.668300000001
toulouse,8,10000,1551.6752,1551.9431,0.2679000000000542
toulouse,8,10000,1555.3916,1555.6433,0.251700000000028
toulouse,8,10000,1559.3164,1559.4908,0.17440000000010514
nancy,8,10000,1531.5964,1531.9595,0.3631000000000313
nancy,8,10000,1535.5632,1535.9264,0.3632000000000062
nancy,8,10000,1539.7335,1540.0502,0.3166999999998552
nancy,8,10000,1543.5228,1543.8356,0.31280000000015207
rennes,8,10000,1845.9163,1846.0419,0.1255999999998494
nancy,8,10000,1547.6713,1547.9899,0.3186000000000604
nancy,8,10000,1551.7128,1552.0702,0.35740000000009786
nancy,8,10000,1555.7501,1556.0732,0.32310000000006767
nancy,8,10000,1560.012,1560.33,0.31799999999998363
nancy,8,10000,1563.9861,1564.3025,0.3163999999999305
nancy,8,10000,1568.1182,1568.4484,0.3302000000001044
nancy,8,10000,1572.1759,1572.5535,0.37760000000002947
nancy,8,10000,1576.1249,1576.4419,0.3170000000000073
nancy,8,10000,1579.8344,1580.1953,0.3609000000001288
nancy,8,10000,1584.1127,1584.4315,0.3188000000000102
rennes,8,10000,1851.2385,1851.3282,0.08969999999999345
nancy,8,10000,1588.2943,1588.5625,0.2681999999999789
rennes,8,10000,1322.269,1322.3982,0.12920000000008258
rennes,8,10000,1327.3735,1327.4567,0.08320000000003347
rennes,8,10000,1331.9457,1332.1393,0.1936000000000604
rennes,8,10000,1336.9348,1337.0614,0.12660000000005311
rennes,8,10000,1341.9292,1342.0492,0.11999999999989086
rennes,8,10000,1346.9346,1347.1243,0.1896999999999025
rennes,8,10000,1351.7094,1351.8927,0.1833000000001448
rennes,8,10000,1356.9597,1357.0449,0.08519999999998618
rennes,8,10000,1361.5035,1361.6237,0.12020000000006803
rennes,8,10000,1856.1421,1856.2617,0.11959999999999127
rennes,8,10000,1366.1556,1366.2711,0.11549999999988358
rennes,8,10000,1371.0944,1371.2347,0.14030000000002474
rennes,8,10000,1375.9982,1376.0813,0.08310000000005857
rennes,8,10000,1380.6138,1380.7333,0.11950000000001637
rennes,8,10000,1385.742,1385.9318,0.18980000000010477
rennes,8,10000,1390.4359,1390.5681,0.13220000000001164
rennes,8,10000,1299.7036,1299.9292,0.2255999999999858
rennes,8,10000,1303.8337,1304.0641,0.23040000000014516
rennes,8,10000,1309.2937,1309.3777,0.08400000000006003
rennes,8,10000,1314.1748,1314.2441,0.06929999999988468
rennes,8,10000,1860.8956,1861.0809,0.18529999999987012
rennes,8,10000,1318.8734,1319.1118,0.23839999999995598
rennes,8,10000,1323.994,1324.2347,0.24070000000006075
rennes,8,10000,1328.6844,1328.9054,0.22100000000000364
rennes,8,10000,1333.6515,1333.8757,0.22420000000010987
rennes,8,10000,1338.4807,1338.6975,0.21679999999992106
rennes,8,10000,1343.679,1343.8914,0.21239999999988868
rennes,8,10000,1348.4724,1348.7181,0.24569999999994252
rennes,8,10000,1353.499,1353.7374,0.23839999999995598
rennes,8,10000,1359.0214,1359.0935,0.07209999999986394
rennes,8,10000,1363.6467,1363.8766,0.2299000000000433
rennes,8,10000,1865.9315,1866.0863,0.15480000000002292
rennes,8,10000,1368.3861,1368.616,0.2299000000000433
rennes,8,10000,1231.7526,1231.8735,0.12089999999989232
rennes,8,10000,1236.7394,1236.8665,0.12710000000015498
rennes,8,10000,1241.1808,1241.2894,0.10859999999979664
rennes,8,10000,1246.3893,1246.4683,0.07899999999995089
rennes,8,10000,1251.5939,1251.6696,0.07569999999986976
rennes,8,10000,1256.4708,1256.6099,0.13909999999987122
rennes,8,10000,1261.3704,1261.4823,0.11189999999987776
rennes,8,10000,1266.5465,1266.6925,0.14600000000018554
rennes,8,10000,1271.5834,1271.7037,0.12030000000004293
rennes,8,10000,1871.0287,1871.1199,0.0911999999998443
rennes,8,10000,1276.3655,1276.485,0.119499999999789
rennes,8,10000,1281.7639,1281.8766,0.1127000000001317
rennes,8,10000,1286.3772,1286.4889,0.11170000000015534
rennes,8,10000,1291.3013,1291.4126,0.11130000000002838
rennes,8,10000,1296.5724,1296.6432,0.07079999999996289
rennes,8,10000,1301.3331,1301.467,0.13390000000003965
toulouse,8,10000,1285.2706,1285.3452,0.07459999999991851
toulouse,8,10000,1288.9374,1289.0035,0.06610000000000582
toulouse,8,10000,1292.855,1292.9199,0.06490000000007967
toulouse,8,10000,1296.6997,1296.8284,0.1287000000002081
rennes,8,10000,1875.7446,1875.873,0.12840000000005602
toulouse,8,10000,1300.375,1300.4373,0.062300000000050204
toulouse,8,10000,1304.5126,1304.5774,0.0647999999998774
toulouse,8,10000,1308.6708,1308.7391,0.06829999999990832
toulouse,8,10000,1312.4952,1312.5613,0.06610000000000582
toulouse,8,10000,1316.2749,1316.3412,0.06630000000018299
toulouse,8,10000,1320.1871,1320.2593,0.07219999999983884
toulouse,8,10000,1324.1166,1324.1869,0.07029999999986103
toulouse,8,10000,1327.8293,1327.8944,0.0650999999998021
toulouse,8,10000,1331.7816,1331.8497,0.06809999999995853
toulouse,8,10000,1331.7816,11364.547,10032.7654
toulouse,8,10000,1335.4213,1335.4923,0.07099999999991269
nantes,8,10000,1799.7739,1799.953,0.1791000000000622
rennes,8,10000,1880.302,1880.4988,0.19680000000016662
toulouse,8,10000,1340.3368,1340.401,0.06420000000002801
nantes,8,10000,1704.0543,1704.1438,0.08950000000004366
nantes,8,10000,1708.8115,1709.0277,0.21620000000007167
nantes,8,10000,1715.4224,1715.6182,0.1957999999999629
nantes,8,10000,1721.7844,1721.8813,0.0969000000000051
nantes,8,10000,1727.4841,1727.5856,0.10150000000021464
nantes,8,10000,1733.3679,1733.5945,0.22659999999996217
nantes,8,10000,1738.5889,1738.7767,0.1877999999999247
nantes,8,10000,1745.8591,1746.0194,0.16030000000000655
nantes,8,10000,1751.4216,1751.6348,0.2132000000001426
nantes,8,10000,1805.4824,1805.7999,0.31749999999988177
nantes,8,10000,1758.4158,1758.6205,0.20470000000000255
nantes,8,10000,1763.6442,1763.8246,0.18039999999996326
nantes,8,10000,1770.2781,1770.5474,0.26929999999993015
nantes,8,10000,1775.6409,1775.7527,0.11179999999990287
nantes,8,10000,1783.1328,1783.3633,0.23049999999989268
nantes,8,10000,1788.7217,1788.8743,0.15259999999989304
nancy,8,10000,1810.441,1810.6119,0.17090000000007421
nancy,8,10000,1814.3132,1814.4384,0.1251999999999498
nancy,8,10000,1818.2291,1818.4382,0.20910000000003492
nancy,8,10000,1822.385,1822.513,0.12799999999992906
nantes,8,10000,1811.0776,1811.3989,0.3212999999998374
nancy,8,10000,1826.2067,1826.4241,0.21739999999999782
nancy,8,10000,1830.2402,1830.4769,0.23669999999992797
nancy,8,10000,1834.4083,1834.631,0.22270000000003165
nancy,8,10000,1838.534,1838.7063,0.17229999999995016
nancy,8,10000,1842.7234,1842.8538,0.13040000000000873
nancy,8,10000,1846.8823,1847.0161,0.13380000000006476
nancy,8,10000,1850.8861,1851.0889,0.20280000000002474
nancy,8,10000,1854.9374,1855.1604,0.22299999999995634
nancy,8,10000,1858.9299,1859.0994,0.1694999999999709
nancy,8,10000,1863.1161,1863.3253,0.20920000000000982
nantes,8,10000,1817.309,1817.6405,0.33150000000000546
nancy,8,10000,1867.3579,1867.5438,0.18589999999994689
nancy,8,10000,1792.2025,1792.3544,0.15189999999984138
nancy,8,10000,1795.9225,1796.0314,0.10890000000017608
nancy,8,10000,1799.9733,1800.1206,0.1472999999998592
nancy,8,10000,1804.1742,1804.3232,0.1490000000001146
nancy,8,10000,1808.2598,1808.4011,0.1413000000000011
nancy,8,10000,1812.3557,1812.5209,0.16519999999991342
nancy,8,10000,1816.5546,1816.7012,0.14660000000003492
nancy,8,10000,1820.7125,1820.7838,0.07129999999983738
nancy,8,10000,1824.635,1824.7878,0.1528000000000702
nantes,8,10000,1823.4601,1823.646,0.18589999999994689
nancy,8,10000,1828.7065,1828.7751,0.06860000000006039
nancy,8,10000,1832.6514,1832.7952,0.14380000000005566
nancy,8,10000,1836.5806,1836.6654,0.08480000000008658
nancy,8,10000,1840.4341,1840.5428,0.10869999999999891
nancy,8,10000,1844.3513,1844.4236,0.07230000000004111
nancy,8,10000,1848.2504,1848.4438,0.1934000000001106
nancy,8,10000,1769.3954,1769.658,0.262599999999793
nancy,8,10000,1773.154,1773.4227,0.26870000000008076
nancy,8,10000,1777.1771,1777.5051,0.32799999999997453
nancy,8,10000,1781.3661,1781.7115,0.3453999999999269
nantes,8,10000,1829.5253,1829.8151,0.2898000000000138
nancy,8,10000,1785.5952,1785.917,0.32179999999993925
nancy,8,10000,1789.629,1789.8903,0.2613000000001193
nancy,8,10000,1793.4847,1793.8563,0.371599999999944
nancy,8,10000,1797.6127,1797.9664,0.35370000000011714
nancy,8,10000,1801.7673,1802.0333,0.2660000000000764
nancy,8,10000,1805.6608,1805.984,0.3231999999998152
nancy,8,10000,1809.7885,1810.0469,0.2583999999999378
nancy,8,10000,1813.7482,1814.0653,0.3170999999999822
nancy,8,10000,1817.7678,1818.0236,0.2557999999999083
nancy,8,10000,1821.7217,1822.0837,0.36199999999985266
nantes,8,10000,1834.8871,1835.2037,0.3166000000001077
nancy,8,10000,1825.8503,1826.2034,0.3531000000000404
nantes,8,10000,1595.8022,1595.8888,0.08659999999986212
nantes,8,10000,1601.3383,1601.5576,0.219300000000203
nantes,8,10000,1607.4707,1607.7178,0.24709999999981846
nantes,8,10000,1614.2778,1614.4349,0.15709999999990032
nantes,8,10000,1619.9388,1620.1896,0.25080000000002656
nantes,8,10000,1626.3806,1626.6146,0.23400000000015098
nantes,8,10000,1631.6466,1631.8883,0.2417000000000371
nantes,8,10000,1638.1128,1638.2278,0.11499999999978172
nantes,8,10000,1643.7518,1643.9967,0.24489999999991596
nantes,9,10000,1741.3387,1741.4265,0.08780000000001564
nantes,9,10000,1794.793,1795.1119,0.31890000000021246
nantes,9,10000,1674.7546,1675.255,0.500400000000127
nantes,9,10000,1680.8999,1681.2046,0.30470000000013897
nantes,9,10000,1687.5128,1688.0068,0.4940000000001419
nantes,9,10000,1693.6813,1693.9622,0.28089999999997417
nantes,9,10000,1700.6473,1700.9564,0.309099999999944
nantes,9,10000,1706.9465,1707.2932,0.3467000000000553
nantes,9,10000,1594.3745,1594.634,0.2595000000001164
nantes,9,10000,1599.9076,1600.2054,0.297800000000052
nantes,9,10000,1606.4163,1606.7125,0.2961999999999989
nantes,9,10000,1612.0443,1612.3124,0.268100000000004
nantes,9,10000,1800.2229,1800.6372,0.41429999999991196
nantes,9,10000,1618.5708,1618.8497,0.27890000000002146
nantes,9,10000,1624.5071,1624.8529,0.34580000000005384
nantes,9,10000,1630.3893,1630.6772,0.287900000000036
nantes,9,10000,1636.5822,1636.8394,0.25720000000001164
nantes,9,10000,1642.1708,1642.4038,0.23299999999994725
nantes,9,10000,1648.9727,1649.2589,0.286200000000008
nantes,9,10000,1653.7856,1654.135,0.34940000000005966
nantes,9,10000,1660.909,1661.3116,0.40259999999989304
nantes,9,10000,1666.693,1666.989,0.2960000000000491
nantes,9,10000,1673.3193,1673.6117,0.2923999999998159
nantes,9,10000,1806.9875,1807.2999,0.3124000000000251
nantes,9,10000,1679.14,1679.4594,0.3193999999998596
toulouse,9,10000,1665.1611,1665.2279,0.06680000000005748
toulouse,9,10000,1669.323,1669.3909,0.06790000000000873
toulouse,9,10000,1672.8914,1672.9552,0.06380000000012842
toulouse,9,10000,1677.6404,1677.7072,0.06680000000005748
toulouse,9,10000,1681.3087,1681.3724,0.06369999999992615
toulouse,9,10000,1681.3087,11710.523,10029.2143
toulouse,9,10000,1685.2455,1685.3495,0.10400000000004184
toulouse,9,10000,1688.5969,1688.647,0.05009999999992942
toulouse,9,10000,1692.9293,1692.991,0.06169999999997344
toulouse,9,10000,1696.3304,1696.3928,0.0624000000000251
nantes,9,10000,1812.4869,1812.8745,0.387599999999793
toulouse,9,10000,1700.6494,1700.7156,0.06619999999998072
toulouse,9,10000,1700.6494,11729.659,10029.0096
toulouse,9,10000,1704.3694,1704.4355,0.06610000000000582
toulouse,9,10000,1704.3694,11733.291,10028.9216
toulouse,9,10000,1708.219,1708.2823,0.06330000000002656
toulouse,9,10000,1711.9834,1712.0524,0.06899999999995998
toulouse,9,10000,1715.822,1715.8912,0.06920000000013715
toulouse,9,10000,1715.822,11744.958,10029.136
toulouse,9,10000,1719.641,1719.7028,0.06179999999994834
toulouse,9,10000,1623.1013,1623.1752,0.07389999999986685
toulouse,9,10000,1627.0824,1627.1392,0.056800000000066575
toulouse,9,10000,1630.8134,1630.8741,0.06069999999999709
toulouse,9,10000,1630.8134,11659.755,10028.941599999998
toulouse,9,10000,1634.6353,1634.6919,0.05660000000011678
nantes,9,10000,1820.2775,1820.6354,0.35789999999997235
toulouse,9,10000,1638.5396,1638.5983,0.05870000000004438
toulouse,9,10000,1642.3958,1642.4523,0.05649999999991451
toulouse,9,10000,1646.3881,1646.4458,0.05770000000006803
toulouse,9,10000,1646.3881,11675.463,10029.0749
toulouse,9,10000,1650.7991,1650.8687,0.06960000000003674
toulouse,9,10000,1654.7349,1654.7932,0.05830000000014479
toulouse,9,10000,1658.4513,1658.5197,0.0684000000001106
toulouse,9,10000,1662.1451,1662.2068,0.06169999999997344
toulouse,9,10000,1665.8328,1665.8951,0.062300000000050204
toulouse,9,10000,1669.4338,1669.5134,0.07960000000002765
toulouse,9,10000,1673.4225,1673.491,0.06850000000008549
toulouse,9,10000,1673.4225,11702.275,10028.852499999999
nantes,9,10000,1825.9451,1826.3414,0.39630000000011023
toulouse,9,10000,1677.102,1677.1681,0.06610000000000582
toulouse,9,10000,1622.5934,1622.8275,0.23410000000012587
toulouse,9,10000,1626.2874,1626.5536,0.2662000000000262
toulouse,9,10000,1630.2395,1630.4156,0.17610000000013315
toulouse,9,10000,1633.9407,1634.2203,0.27959999999984575
toulouse,9,10000,1637.8406,1638.0148,0.17419999999992797
toulouse,9,10000,1641.7241,1641.9005,0.17640000000005784
toulouse,9,10000,1646.0289,1646.4275,0.39859999999998763
toulouse,9,10000,1650.022,1650.2814,0.2594000000001415
toulouse,9,10000,1653.9359,1654.126,0.19010000000002947
rennes,9,10000,1783.5934,1783.9563,0.3629000000000815
toulouse,9,10000,1657.4672,1657.7394,0.2721999999998843
toulouse,9,10000,1657.4672,11687.4795,10030.012299999999
toulouse,9,10000,1661.113,1661.3875,0.2744999999999891
toulouse,9,10000,1664.8209,1665.0883,0.26739999999995234
toulouse,9,10000,1668.4358,1668.716,0.2801999999999225
toulouse,9,10000,1672.2379,1672.4026,0.16469999999981155
toulouse,9,10000,1676.332,1676.6074,0.27539999999999054
nancy,9,10000,1598.0658,1598.3749,0.309099999999944
nancy,9,10000,1601.6763,1601.9354,0.25909999999998945
nancy,9,10000,1605.6802,1605.9392,0.25900000000001455
nancy,9,10000,1609.5929,1609.9111,0.3181999999999334
rennes,9,10000,1788.686,1788.8059,0.11990000000014334
nancy,9,10000,1613.6176,1613.9054,0.2878000000000611
nancy,9,10000,1617.6434,1618.0801,0.43669999999997344
nancy,9,10000,1621.7332,1622.0504,0.31720000000018445
nancy,9,10000,1625.8201,1626.1282,0.308100000000195
nancy,9,10000,1630.2909,1630.6511,0.3602000000000771
nancy,9,10000,1634.2103,1634.4868,0.2764999999999418
nancy,9,10000,1638.0693,1638.4335,0.36419999999998254
nancy,9,10000,1642.1504,1642.4708,0.3204000000000633
nancy,9,10000,1646.2888,1646.614,0.32519999999999527
nancy,9,10000,1651.4473,1651.7717,0.3243999999999687
rennes,9,10000,1793.6842,1793.7754,0.09120000000007167
nancy,9,10000,1655.7305,1655.9928,0.2623000000000957
nantes,9,10000,1521.9241,1522.131,0.20690000000013242
nantes,9,10000,1527.777,1528.0583,0.28129999999987376
nantes,9,10000,1533.8953,1534.11,0.21469999999999345
nantes,9,10000,1539.5087,1539.61,0.1012999999998101
nantes,9,10000,1544.7316,1545.014,0.282399999999825
nantes,9,10000,1551.5128,1551.7345,0.2217000000000553
nantes,9,10000,1557.3394,1557.5251,0.1856999999999971
nantes,9,10000,1564.5746,1564.7605,0.18590000000017426
nantes,9,10000,1570.3185,1570.5221,0.20359999999982392
rennes,9,10000,1798.4917,1798.8405,0.3487999999999829
nantes,9,10000,1575.7291,1575.96,0.23090000000001965
nantes,9,10000,1582.577,1582.8755,0.2985000000001037
nantes,9,10000,1587.6965,1587.876,0.1794999999999618
nantes,9,10000,1594.9537,1595.0398,0.08609999999998763
nantes,9,10000,1601.0105,1601.2346,0.2240999999999076
nantes,9,10000,1606.8218,1607.0989,0.27710000000001855
rennes,9,10000,1505.4132,1505.5259,0.1127000000001317
rennes,9,10000,1509.702,1509.8894,0.1874000000000251
rennes,9,10000,1515.246,1515.3384,0.09239999999999782
rennes,9,10000,1520.0896,1520.1975,0.10789999999997235
nantes,9,10000,1747.7521,1747.8607,0.10860000000002401
rennes,9,10000,1803.3333,1803.6521,0.3188000000000102
rennes,9,10000,1525.2075,1525.2883,0.0807999999999538
rennes,9,10000,1529.9463,1530.1285,0.18219999999996617
rennes,9,10000,1535.0342,1535.2645,0.23029999999994288
rennes,9,10000,1540.1821,1540.3124,0.13030000000003383
rennes,9,10000,1544.703,1544.8566,0.15360000000009677
rennes,9,10000,1549.9375,1550.1459,0.20839999999998327
rennes,9,10000,1554.5288,1554.7141,0.18529999999987012
rennes,9,10000,1559.4331,1559.6035,0.17039999999997235
rennes,9,10000,1564.4061,1564.5857,0.17960000000016407
rennes,9,10000,1569.3667,1569.5281,0.1613999999999578
rennes,9,10000,1808.8214,1808.9135,0.09210000000007312
rennes,9,10000,1574.1069,1574.2698,0.16290000000003602
toulouse,9,10000,1498.6222,1498.7871,0.16489999999998872
toulouse,9,10000,1502.3083,1502.5544,0.24610000000006949
toulouse,9,10000,1506.2957,1506.4597,0.16400000000021464
toulouse,9,10000,1510.8967,1511.1527,0.2560000000000855
toulouse,9,10000,1514.7911,1514.9657,0.17460000000005493
toulouse,9,10000,1518.7095,1518.8849,0.1754000000000815
toulouse,9,10000,1518.7095,11548.574,10029.8645
toulouse,9,10000,1522.4865,1522.6573,0.17080000000009932
toulouse,9,10000,1526.3049,1526.551,0.2460999999998421
toulouse,9,10000,1530.4673,1530.6204,0.1530999999999949
rennes,9,10000,1813.0695,1813.4015,0.33199999999987995
toulouse,9,10000,1534.1631,1534.3398,0.17669999999998254
toulouse,9,10000,1534.1631,11564.118,10029.9549
toulouse,9,10000,1538.3542,1538.5342,0.18000000000006366
toulouse,9,10000,1538.3542,11568.519,10030.1648
toulouse,9,10000,1542.7206,1542.8859,0.16529999999988831
toulouse,9,10000,1546.471,1546.7002,0.22919999999999163
toulouse,9,10000,1550.3268,1550.4941,0.16729999999984102
toulouse,9,10000,1550.3268,11580.341,10030.0142
toulouse,9,10000,1555.829,1556.0043,0.1753000000001066
nancy,9,10000,1529.1759,1529.3258,0.14990000000011605
nancy,9,10000,1533.0243,1533.1766,0.15229999999996835
nancy,9,10000,1536.9818,1537.3082,0.3263999999999214
nancy,9,10000,1541.138,1541.4838,0.34580000000005384
rennes,9,10000,1818.3379,1818.7072,0.3693000000000666
nancy,9,10000,1545.011,1545.347,0.33600000000001273
nancy,9,10000,1549.5676,1549.8326,0.26499999999987267
nancy,9,10000,1553.6226,1553.8857,0.26310000000012224
nancy,9,10000,1557.8561,1558.1211,0.26500000000010004
nancy,9,10000,1561.6819,1562.0088,0.3269000000000233
nancy,9,10000,1566.1791,1566.5339,0.354799999999841
nancy,9,10000,1570.3743,1570.528,0.15370000000007167
nancy,9,10000,1574.2571,1574.5825,0.32539999999994507
nancy,9,10000,1578.4882,1578.8594,0.3712000000000444
nancy,9,10000,1583.1244,1583.4955,0.3711000000000695
rennes,9,10000,1823.003,1823.3605,0.35750000000007276
nancy,9,10000,1587.0829,1587.3489,0.265999999999849
rennes,9,10000,1428.1716,1428.4305,0.25890000000003965
rennes,9,10000,1432.8804,1433.1924,0.31199999999989814
rennes,9,10000,1437.6769,1438.0248,0.34789999999998145
rennes,9,10000,1442.7065,1443.0117,0.30520000000001346
rennes,9,10000,1447.5627,1447.8792,0.3165000000001328
rennes,9,10000,1452.9099,1453.0205,0.11059999999997672
rennes,9,10000,1457.311,1457.6464,0.33540000000016335
rennes,9,10000,1462.4816,1462.5992,0.11760000000003856
rennes,9,10000,1467.2356,1467.5414,0.3058000000000902
rennes,9,10000,1827.7045,1828.0836,0.3790999999998803
rennes,9,10000,1471.8535,1472.166,0.3125
rennes,9,10000,1476.9575,1477.2164,0.25890000000003965
rennes,9,10000,1481.9664,1482.2828,0.3163999999999305
rennes,9,10000,1486.8588,1487.186,0.327199999999948
rennes,9,10000,1491.8855,1492.1539,0.2683999999999287
rennes,9,10000,1496.5905,1496.8773,0.28680000000008476
rennes,9,10000,1401.029,1401.2576,0.22859999999991487
rennes,9,10000,1406.007,1406.2733,0.2663000000000011
rennes,9,10000,1411.1423,1411.4518,0.30950000000007094
rennes,9,10000,1416.2936,1416.5406,0.24700000000007094
rennes,9,10000,1832.7781,1833.1699,0.39180000000010295
rennes,9,10000,1422.0181,1422.1572,0.1391000000000986
rennes,9,10000,1426.7928,1427.0643,0.27150000000006
rennes,9,10000,1431.7279,1431.9778,0.24989999999979773
rennes,9,10000,1436.8928,1437.0277,0.134900000000016
rennes,9,10000,1442.1,1442.2195,0.11950000000001637
rennes,9,10000,1446.887,1447.0181,0.1311000000000604
rennes,9,10000,1451.2933,1451.5481,0.25479999999993197
rennes,9,10000,1456.066,1456.3165,0.2504999999998745
rennes,9,10000,1461.0828,1461.344,0.26120000000014443
rennes,9,10000,1465.6294,1465.8566,0.22720000000003893
rennes,9,10000,1837.7717,1838.1073,0.33559999999988577
rennes,9,10000,1470.9744,1471.2087,0.2342999999998483
rennes,9,10000,1372.9407,1373.0486,0.10789999999997235
rennes,9,10000,1377.4292,1377.5616,0.13239999999996144
rennes,9,10000,1382.0833,1382.374,0.2907000000000153
rennes,9,10000,1386.8469,1387.1965,0.34960000000000946
rennes,9,10000,1391.9967,1392.3077,0.31100000000014916
rennes,9,10000,1396.6577,1397.0807,0.4230000000000018
rennes,9,10000,1401.6708,1402.0217,0.3508999999999105
rennes,9,10000,1406.4382,1406.734,0.29579999999987194
rennes,9,10000,1411.549,1411.9181,0.3691000000001168
rennes,9,10000,1842.5668,1842.8888,0.32199999999988904
rennes,9,10000,1416.4962,1416.8064,0.3101999999998952
rennes,9,10000,1421.7098,1422.0721,0.36230000000000473
rennes,9,10000,1426.5807,1426.8717,0.29099999999994
rennes,9,10000,1431.2883,1431.6492,0.3609000000001288
rennes,9,10000,1436.5732,1436.9229,0.34969999999998436
rennes,9,10000,1441.4799,1441.8535,0.3735999999998967
toulouse,9,10000,1374.8041,1375.1421,0.33799999999996544
toulouse,9,10000,1378.315,1378.6514,0.3363999999999123
toulouse,9,10000,1378.315,11408.307,10029.992
toulouse,9,10000,1382.1602,1382.511,0.3507999999999356
toulouse,9,10000,1385.9318,1386.2798,0.34799999999995634
rennes,9,10000,1847.6382,1848.0253,0.3870999999999185
toulouse,9,10000,1389.7476,1390.0867,0.33910000000014406
toulouse,9,10000,1393.3961,1393.7386,0.3424999999999727
toulouse,9,10000,1397.1676,1397.5093,0.34169999999994616
toulouse,9,10000,1401.7251,1402.1089,0.3837999999998374
toulouse,9,10000,1405.6206,1405.9348,0.314200000000028
toulouse,9,10000,1409.4834,1409.8232,0.33979999999996835
toulouse,9,10000,1409.4834,11439.484,10030.0006
toulouse,9,10000,1413.008,1413.3522,0.3442000000000007
toulouse,9,10000,1413.008,11443.107,10030.099
toulouse,9,10000,1416.7452,1417.0735,0.32829999999989923
toulouse,9,10000,1416.7452,11446.836,10030.0908
toulouse,9,10000,1421.0334,1421.345,0.31159999999999854
toulouse,9,10000,1424.8022,1425.1609,0.3586999999999989
nantes,9,10000,1752.6392,1752.9702,0.3309999999999036
rennes,9,10000,1852.9275,1853.0164,0.0888999999999669
toulouse,9,10000,1428.8914,1429.2372,0.34580000000005384
nantes,9,10000,1699.9792,1700.1951,0.2158999999999196
nantes,9,10000,1705.3368,1705.4894,0.15259999999989304
nantes,9,10000,1711.1543,1711.3771,0.22280000000000655
nantes,9,10000,1717.3768,1717.5336,0.15679999999997563
nantes,9,10000,1723.9667,1724.1068,0.14010000000007494
nantes,9,10000,1729.5215,1729.784,0.2625000000000455
nantes,9,10000,1735.9796,1736.2295,0.2499000000000251
nantes,9,10000,1741.5928,1741.7313,0.13850000000002183
nantes,9,10000,1747.9371,1748.19,0.25289999999995416
nantes,9,10000,1758.7847,1759.167,0.38229999999998654
nantes,9,10000,1753.5146,1753.6721,0.15750000000002728
nantes,9,10000,1759.5125,1759.815,0.3025000000000091
nantes,9,10000,1767.1515,1767.2965,0.1449999999999818
nantes,9,10000,1772.7076,1772.8284,0.12080000000014479
nantes,9,10000,1779.7322,1779.8824,0.15020000000004075
nantes,9,10000,1785.5658,1785.7437,0.1778999999999087
nancy,9,10000,1827.4299,1827.6879,0.2579999999998108
nancy,9,10000,1831.0276,1831.1754,0.14780000000018845
nancy,9,10000,1835.246,1835.3969,0.15089999999986503
nancy,9,10000,1839.2565,1839.408,0.1514999999999418
nantes,9,10000,1764.1388,1764.517,0.37820000000010623
nancy,9,10000,1843.2952,1843.4431,0.14789999999993597
nancy,9,10000,1847.3986,1847.6185,0.2199000000000524
nancy,9,10000,1851.5178,1851.7849,0.26710000000002765
nancy,9,10000,1855.7145,1855.9733,0.25880000000006476
nancy,9,10000,1859.6366,1859.9818,0.3451999999999771
nancy,9,10000,1863.7078,1863.9269,0.21910000000002583
nancy,9,10000,1868.0234,1868.2852,0.2617999999999938
nancy,9,10000,1872.1791,1872.5214,0.3423000000000229
nancy,9,10000,1876.7277,1876.9536,0.22590000000013788
nancy,9,10000,1881.0103,1881.1611,0.1508000000001175
nantes,9,10000,1770.7965,1771.1449,0.3484000000000833
nancy,9,10000,1885.4913,1885.7119,0.22060000000010405
nancy,9,10000,1770.2872,1770.4487,0.1614999999999327
nancy,9,10000,1774.0784,1774.2395,0.16109999999980573
nancy,9,10000,1778.1725,1778.3651,0.19260000000008404
nancy,9,10000,1782.3992,1782.5902,0.19100000000003092
nancy,9,10000,1786.5588,1786.7113,0.15249999999991815
nancy,9,10000,1790.8325,1790.9369,0.10439999999994143
nancy,9,10000,1794.8618,1795.0507,0.18890000000010332
nancy,9,10000,1799.0127,1799.2177,0.20499999999992724
nancy,9,10000,1803.1356,1803.353,0.21739999999999782
nantes,9,10000,1776.489,1776.8641,0.3750999999999749
nancy,9,10000,1807.3866,1807.5459,0.1593000000000302
nancy,9,10000,1811.2412,1811.4291,0.18790000000012697
nancy,9,10000,1815.4216,1815.6139,0.19230000000015934
nancy,9,10000,1819.5387,1819.6469,0.10819999999989705
nancy,9,10000,1824.0812,1824.2335,0.15229999999996835
nancy,9,10000,1828.249,1828.4374,0.18840000000000146
nancy,9,10000,1758.664,1758.9581,0.2941000000000713
nancy,9,10000,1762.2831,1762.6191,0.33599999999978536
nancy,9,10000,1766.3223,1766.6423,0.31999999999993634
nancy,9,10000,1770.3331,1770.6387,0.30559999999991305
nantes,9,10000,1783.2644,1783.3702,0.10580000000004475
nancy,9,10000,1774.4147,1774.7693,0.3545999999998912
nancy,9,10000,1778.6532,1778.9697,0.3165000000001328
nancy,9,10000,1782.7632,1783.0834,0.32019999999988613
nancy,9,10000,1786.7722,1787.0906,0.3183999999998832
nancy,9,10000,1790.5443,1790.8037,0.25939999999991414
nancy,9,10000,1794.8164,1795.1675,0.3511000000000877
nancy,9,10000,1799.1097,1799.4315,0.32179999999993925
nancy,9,10000,1803.4418,1803.7784,0.3365999999998621
nancy,9,10000,1807.6355,1807.9891,0.35359999999991487
nancy,9,10000,1812.3354,1812.6566,0.32120000000008986
nantes,9,10000,1788.137,1788.5112,0.37419999999997344
nancy,9,10000,1816.5037,1816.8337,0.32999999999992724
nantes,9,10000,1619.9508,1620.2275,0.2766999999998916
nantes,9,10000,1625.7655,1625.871,0.10550000000012005
nantes,9,10000,1631.4851,1631.8788,0.3936999999998534
nantes,9,10000,1638.5911,1638.9481,0.3569999999999709
nantes,9,10000,1644.763,1645.0543,0.29130000000009204
nantes,9,10000,1650.3176,1650.609,0.29139999999983957
nantes,9,10000,1656.5479,1656.9877,0.4397999999998774
nantes,9,10000,1662.754,1662.8563,0.10230000000001382
nantes,9,10000,1668.5107,1668.9534,0.44270000000005894
nantes,0,100000,1826.1464,2036.0508,209.9043999999999
nantes,0,100000,1880.5912,2090.502,209.91079999999988
nantes,0,100000,1727.415,1937.6552,210.24019999999996
nantes,0,100000,1733.6371,1943.6075,209.97040000000015
nantes,0,100000,1740.6406,1950.7334,210.09280000000012
nantes,0,100000,1746.6903,1956.9404,210.25009999999997
nantes,0,100000,1753.524,1963.532,210.00800000000004
nantes,0,100000,1759.3882,1969.4445,210.05629999999996
nantes,0,100000,1647.3164,1856.8047,209.48829999999998
nantes,0,100000,1652.4634,1862.6674,210.20399999999995
nantes,0,100000,1658.1989,1868.2502,210.05129999999986
nantes,0,100000,1665.1401,1874.733,209.59289999999987
nantes,0,100000,1886.302,2096.2576,209.9556
nantes,0,100000,1670.0612,1880.0826,210.02139999999986
nantes,0,100000,1676.3273,1886.4537,210.1264000000001
nantes,0,100000,1681.7264,1891.7198,209.99340000000007
nantes,0,100000,1688.5902,1898.6084,210.01819999999998
nantes,0,100000,1693.7273,1903.7167,209.98939999999993
nantes,0,100000,1700.6758,1910.6703,209.99450000000002
nantes,0,100000,1706.1365,1916.2175,210.0809999999999
nantes,0,100000,1712.5914,1922.6942,210.1027999999999
nantes,0,100000,1718.1196,1928.2051,210.0854999999999
nantes,0,100000,1725.6313,1935.74,210.1087
nantes,0,100000,1892.8058,2102.7593,209.95350000000008
nantes,0,100000,1731.9131,1942.147,210.23389999999995
toulouse,0,100000,1715.3022,1925.1862,209.88400000000001
toulouse,0,100000,1720.5261,1930.3754,209.84929999999986
toulouse,0,100000,1724.3846,1934.2325,209.84789999999998
toulouse,0,100000,1727.7843,1937.608,209.82369999999992
toulouse,0,100000,1732.092,1942.0577,209.96569999999997
toulouse,0,100000,1736.0547,1945.9551,209.9004
toulouse,0,100000,1740.053,1949.8748,209.82179999999994
toulouse,0,100000,1743.819,1953.6691,209.8501000000001
toulouse,0,100000,1748.0011,1957.851,209.84990000000016
nantes,0,100000,1898.5607,2108.1067,209.54599999999982
toulouse,0,100000,1752.0273,1961.8734,209.84609999999998
toulouse,0,100000,1756.0449,1965.9264,209.88149999999996
toulouse,0,100000,1759.7134,1969.6147,209.9013
toulouse,0,100000,1763.9935,1973.8207,209.82719999999995
toulouse,0,100000,1767.797,1977.6139,209.81690000000003
toulouse,0,100000,1771.7269,1981.5771,209.8502000000001
toulouse,0,100000,1680.2948,1890.1187,209.8239000000001
toulouse,0,100000,1684.3986,1894.2812,209.8825999999999
toulouse,0,100000,1688.534,1898.3954,209.8614
toulouse,0,100000,1693.6123,1903.4526,209.84030000000007
nantes,0,100000,1904.9268,2114.816,209.88919999999985
toulouse,0,100000,1697.5162,1907.3313,209.81510000000003
toulouse,0,100000,1702.1372,1911.9253,209.7881000000002
toulouse,0,100000,1705.9304,1915.744,209.81359999999995
toulouse,0,100000,1709.7305,1919.4991,209.7686000000001
toulouse,0,100000,1713.5398,1923.3712,209.83140000000003
toulouse,0,100000,1717.3751,1927.1085,209.73340000000007
toulouse,0,100000,1721.4453,1930.8152,209.36989999999992
toulouse,0,100000,1724.8386,1934.652,209.8134
toulouse,0,100000,1728.8787,1938.7173,209.83860000000004
toulouse,0,100000,1732.9166,1942.7339,209.81729999999993
nantes,0,100000,1911.5431,2121.4897,209.9466
toulouse,0,100000,1737.4025,1947.1929,209.7904000000001
toulouse,0,100000,1643.9946,1854.0072,210.01260000000002
toulouse,0,100000,1647.7542,1857.7686,210.01440000000002
toulouse,0,100000,1651.6566,1861.6892,210.0326
toulouse,0,100000,1655.3514,1865.3928,210.04140000000007
toulouse,0,100000,1659.1437,1869.1849,210.0411999999999
toulouse,0,100000,1662.5365,1872.5767,210.04020000000014
toulouse,0,100000,1666.8746,1876.9299,210.0553
toulouse,0,100000,1670.9365,1880.9788,210.04230000000007
toulouse,0,100000,1674.381,1884.3904,210.0093999999999
rennes,0,100000,1852.3304,2062.342,210.01160000000004
toulouse,0,100000,1678.6182,1888.6344,210.01620000000003
toulouse,0,100000,1684.597,1894.64,210.04300000000012
toulouse,0,100000,1688.8774,1898.9055,210.0281
toulouse,0,100000,1692.2992,1902.362,210.06280000000015
toulouse,0,100000,1696.1113,1906.12,210.00869999999986
toulouse,0,100000,1700.7358,1910.7521,210.0163
nancy,0,100000,1658.3416,1868.4132,210.0716
nancy,0,100000,1662.4675,1872.4443,209.97680000000014
nancy,0,100000,1666.6395,1876.6187,209.9792
nancy,0,100000,1670.7942,1880.8851,210.09089999999992
rennes,0,100000,1857.1859,2067.1926,210.0066999999999
nancy,0,100000,1674.8052,1884.8605,210.0553
nancy,0,100000,1678.7079,1888.718,210.01009999999997
nancy,0,100000,1682.9684,1892.9786,210.01019999999994
nancy,0,100000,1686.9552,1896.9622,210.00699999999983
nancy,0,100000,1690.9497,1900.8922,209.9425000000001
nancy,0,100000,1694.6764,1904.6846,210.0082
nancy,0,100000,1698.8223,1908.7959,209.97360000000003
nancy,0,100000,1702.6765,1912.6862,210.00970000000007
nancy,0,100000,1706.5659,1916.6548,210.08889999999997
nancy,0,100000,1710.3374,1920.4011,210.06370000000015
rennes,0,100000,1861.7019,2071.676,209.9740999999999
nancy,0,100000,1714.5066,1924.5413,210.03470000000016
nantes,0,100000,1552.7832,1762.8097,210.02649999999994
nantes,0,100000,1558.0287,1768.0731,210.0444
nantes,0,100000,1564.3262,1774.1965,209.87030000000004
nantes,0,100000,1569.5063,1779.6307,210.12439999999992
nantes,0,100000,1575.492,1785.5732,210.08120000000008
nantes,0,100000,1581.0192,1791.0569,210.0377000000001
nantes,0,100000,1587.1962,1797.2935,210.0972999999999
nantes,0,100000,1593.812,1803.6926,209.8806000000002
nantes,0,100000,1600.0192,1810.0638,210.04459999999995
rennes,0,100000,1866.7147,2076.7378,210.02309999999989
nantes,0,100000,1606.0305,1816.0848,210.0543
nantes,0,100000,1611.7501,1821.8982,210.1481000000001
nantes,0,100000,1618.444,1828.459,210.0150000000001
nantes,0,100000,1624.8154,1834.8601,210.04470000000015
nantes,0,100000,1631.0608,1841.178,210.11720000000014
nantes,0,100000,1637.1727,1847.2163,210.04359999999997
rennes,0,100000,1525.6012,1735.3046,209.70339999999987
rennes,0,100000,1530.131,1740.3575,210.2265
rennes,0,100000,1534.669,1744.612,209.94299999999998
rennes,0,100000,1540.1108,1749.8029,209.69209999999998
nantes,0,100000,1831.7726,2041.3804,209.6078
rennes,0,100000,1871.838,2081.819,209.981
rennes,0,100000,1544.8534,1754.8654,210.01199999999994
rennes,0,100000,1549.6973,1759.7828,210.0854999999999
rennes,0,100000,1555.1388,1764.8137,209.67489999999998
rennes,0,100000,1559.7178,1769.9197,210.20190000000002
rennes,0,100000,1564.7108,1774.7289,210.0181
rennes,0,100000,1569.6334,1779.929,210.29560000000015
rennes,0,100000,1574.6005,1784.2737,209.67319999999995
rennes,0,100000,1579.1755,1789.2098,210.03430000000003
rennes,0,100000,1583.9866,1794.0406,210.0540000000001
rennes,0,100000,1588.9705,1799.0221,210.0516
rennes,0,100000,1876.8151,2086.3755,209.56040000000007
rennes,0,100000,1594.5167,1804.5181,210.0014000000001
toulouse,0,100000,1530.1455,1740.1031,209.95759999999996
toulouse,0,100000,1534.1969,1744.2832,210.08630000000016
toulouse,0,100000,1538.5809,1748.6221,210.04120000000012
toulouse,0,100000,1542.5259,1752.6973,210.17139999999995
toulouse,0,100000,1547.8219,1757.8292,210.0073
toulouse,0,100000,1553.5741,1762.9729,209.39879999999994
toulouse,0,100000,1557.199,1767.171,209.97199999999998
toulouse,0,100000,1560.7935,1770.7942,210.00070000000005
toulouse,0,100000,1565.5625,1775.583,210.02050000000008
rennes,0,100000,1881.752,2091.7412,209.98919999999998
toulouse,0,100000,1569.1748,1779.1871,210.0123000000001
toulouse,0,100000,1573.7183,1783.7595,210.0411999999999
toulouse,0,100000,1578.1708,1787.719,209.54819999999995
toulouse,0,100000,1582.7621,1792.856,210.09390000000008
toulouse,0,100000,1586.7385,1796.7446,210.00610000000006
toulouse,0,100000,1590.8916,1800.9264,210.03480000000013
nancy,0,100000,1566.8881,1776.876,209.98790000000008
nancy,0,100000,1570.6077,1780.6389,210.0311999999999
nancy,0,100000,1574.5051,1784.5596,210.05449999999996
nancy,0,100000,1578.5845,1788.6395,210.05500000000006
rennes,0,100000,1886.1224,2096.0713,209.9489000000001
nancy,0,100000,1582.7482,1792.8054,210.05719999999997
nancy,0,100000,1586.647,1796.6616,210.01459999999997
nancy,0,100000,1590.9424,1800.9583,210.0159000000001
nancy,0,100000,1594.8704,1804.9739,210.10349999999994
nancy,0,100000,1598.6893,1808.5623,209.87300000000005
nancy,0,100000,1602.7672,1812.8542,210.087
nancy,0,100000,1606.6781,1816.7084,210.0302999999999
nancy,0,100000,1610.8751,1820.9329,210.05780000000004
nancy,0,100000,1614.6326,1824.7404,210.1078
nancy,0,100000,1618.9637,1828.975,210.0112999999999
rennes,0,100000,1891.8657,2101.447,209.58130000000006
nancy,0,100000,1623.0216,1833.0345,210.01289999999995
rennes,0,100000,1476.7723,1686.3885,209.61619999999994
rennes,0,100000,1480.9603,1691.0182,210.05790000000002
rennes,0,100000,1485.9618,1696.0374,210.0755999999999
rennes,0,100000,1491.162,1701.1936,210.03160000000003
rennes,0,100000,1496.1194,1706.4307,210.31129999999985
rennes,0,100000,1501.7893,1711.2854,209.49610000000007
rennes,0,100000,1506.3362,1716.3737,210.03750000000014
rennes,0,100000,1511.1526,1721.1396,209.98700000000008
rennes,0,100000,1516.4352,1726.5012,210.06600000000003
rennes,0,100000,1896.4064,2106.093,209.68659999999977
rennes,0,100000,1521.8053,1731.9419,210.13660000000004
rennes,0,100000,1527.0068,1737.214,210.20719999999983
rennes,0,100000,1531.5692,1741.6549,210.0857000000001
rennes,0,100000,1536.6976,1746.7046,210.00700000000006
rennes,0,100000,1542.1453,1751.7498,209.60450000000014
rennes,0,100000,1546.2875,1756.3022,210.01470000000018
rennes,0,100000,1443.6682,1653.8942,210.22599999999989
rennes,0,100000,1447.8922,1657.9403,210.04809999999998
rennes,0,100000,1453.7723,1663.3661,209.59379999999987
rennes,0,100000,1458.0448,1668.1378,210.09300000000007
rennes,0,100000,1900.8273,2110.8047,209.97740000000022
rennes,0,100000,1462.63,1672.6654,210.03539999999998
rennes,0,100000,1468.349,1677.964,209.615
rennes,0,100000,1472.9675,1682.9945,210.02700000000004
rennes,0,100000,1477.8176,1687.7656,209.94799999999987
rennes,0,100000,1482.8517,1692.8833,210.03160000000003
rennes,0,100000,1487.8899,1698.003,210.11310000000003
rennes,0,100000,1493.2594,1702.8688,209.60940000000005
rennes,0,100000,1497.561,1707.6575,210.0965000000001
rennes,0,100000,1503.3827,1713.6161,210.23339999999985
rennes,0,100000,1508.4253,1718.4268,210.00149999999985
rennes,0,100000,1906.0273,2115.9875,209.9602000000002
rennes,0,100000,1512.9814,1723.147,210.16560000000004
rennes,0,100000,1389.6346,1599.6292,209.9946
rennes,0,100000,1394.1758,1604.2823,210.1065000000001
rennes,0,100000,1399.2634,1609.3065,210.04309999999987
rennes,0,100000,1404.1362,1614.1526,210.01639999999998
rennes,0,100000,1409.4154,1619.093,209.67759999999998
rennes,0,100000,1413.9299,1624.0372,210.1072999999999
rennes,0,100000,1418.8665,1628.958,210.0915
rennes,0,100000,1423.3661,1633.4198,210.05369999999994
rennes,0,100000,1429.1937,1638.7542,209.56050000000005
rennes,0,100000,1910.9264,2121.0398,210.11339999999996
rennes,0,100000,1433.7198,1643.7385,210.01869999999985
rennes,0,100000,1438.9015,1648.5149,209.61339999999996
rennes,0,100000,1444.1654,1654.2174,210.0519999999999
rennes,0,100000,1448.6047,1658.6855,210.08079999999995
rennes,0,100000,1453.6322,1663.6769,210.04469999999992
rennes,0,100000,1458.3287,1668.409,210.08030000000008
toulouse,0,100000,1434.0509,1644.0702,210.01930000000016
toulouse,0,100000,1437.6074,1647.5983,209.9909
toulouse,0,100000,1442.763,1652.7898,210.0268000000001
toulouse,0,100000,1446.8165,1656.8402,210.0237000000002
rennes,0,100000,1915.9609,2125.988,210.0270999999998
toulouse,0,100000,1450.3394,1660.3674,210.02800000000002
toulouse,0,100000,1454.6678,1664.7252,210.05740000000014
toulouse,0,100000,1458.4603,1668.5465,210.08619999999996
toulouse,0,100000,1461.764,1671.7562,209.99220000000014
toulouse,0,100000,1466.4009,1676.428,210.02710000000002
toulouse,0,100000,1469.6798,1679.6765,209.99670000000015
toulouse,0,100000,1474.8611,1684.8873,210.02620000000002
toulouse,0,100000,1478.908,1688.9338,210.02580000000012
toulouse,0,100000,1482.7946,1692.8632,210.06860000000006
toulouse,0,100000,1486.4528,1696.0917,209.63889999999992
nantes,0,100000,1837.9694,2047.5977,209.62830000000008
rennes,0,100000,1921.0392,2131.096,210.05680000000007
toulouse,0,100000,1490.2456,1700.3027,210.0571
nantes,0,100000,1779.9504,1990.0358,210.08540000000016
nantes,0,100000,1786.2672,1996.3096,210.04240000000004
nantes,0,100000,1791.7861,2001.3483,209.56220000000008
nantes,0,100000,1798.4027,2008.1377,209.7349999999999
nantes,0,100000,1803.7122,2013.8677,210.15550000000007
nantes,0,100000,1810.3733,2020.3712,209.99790000000007
nantes,0,100000,1815.8872,2025.4907,209.60350000000017
nantes,0,100000,1821.9287,2031.9824,210.05370000000016
nantes,0,100000,1827.49,2037.7245,210.23450000000003
nantes,0,100000,1843.0948,2053.1296,210.03480000000013
nantes,0,100000,1834.1384,2044.1149,209.9765
nantes,0,100000,1839.6937,2049.9172,210.22349999999983
nantes,0,100000,1846.9824,2057.0005,210.0181
nantes,0,100000,1852.6133,2062.583,209.9697000000001
nantes,0,100000,1860.1149,2070.104,209.98909999999978
nantes,0,100000,1866.0798,2076.126,210.04620000000023
nancy,0,100000,1893.7701,2103.8342,210.06409999999983
nancy,0,100000,1897.4622,2107.4426,209.98039999999992
nancy,0,100000,1901.8252,2111.8284,210.00319999999988
nancy,0,100000,1906.0914,2116.117,210.02560000000017
nantes,0,100000,1849.5579,2059.6077,210.0498
nancy,0,100000,1910.0137,2120.0571,210.04340000000002
nancy,0,100000,1914.0494,2124.1536,210.1042
nancy,0,100000,1918.1986,2128.2139,210.01530000000025
nancy,0,100000,1922.2058,2132.2708,210.06499999999983
nancy,0,100000,1926.3986,2136.402,210.00340000000006
nancy,0,100000,1930.4816,2140.4626,209.98099999999977
nancy,0,100000,1934.4664,2144.531,210.06459999999993
nancy,0,100000,1938.4878,2148.5518,210.06400000000008
nancy,0,100000,1942.7386,2152.802,210.06340000000023
nancy,0,100000,1946.5575,2156.5835,210.0260000000003
nantes,0,100000,1855.4111,2065.0786,209.6674999999998
nancy,0,100000,1950.463,2160.6096,210.1465999999998
nancy,0,100000,1856.5579,2066.5884,210.03050000000007
nancy,0,100000,1860.7457,2070.778,210.03229999999985
nancy,0,100000,1864.6826,2074.7358,210.05319999999983
nancy,0,100000,1868.8422,2078.8997,210.0574999999999
nancy,0,100000,1872.8378,2082.894,210.05619999999976
nancy,0,100000,1876.8663,2086.8982,210.03190000000018
nancy,0,100000,1880.8,2090.8538,210.0537999999999
nancy,0,100000,1884.9111,2094.939,210.02789999999982
nancy,0,100000,1888.6812,2098.8433,210.1621
nantes,0,100000,1862.0726,2072.176,210.10339999999997
nancy,0,100000,1892.7285,2102.8748,210.1463000000001
nancy,0,100000,1896.6107,2106.7307,210.12000000000012
nancy,0,100000,1900.8433,2110.9001,210.05679999999984
nancy,0,100000,1904.8815,2114.8733,209.99180000000024
nancy,0,100000,1908.8247,2118.8555,210.03080000000023
nancy,0,100000,1912.702,2122.754,210.0519999999999
nancy,0,100000,1856.6909,2066.7412,210.05029999999988
nancy,0,100000,1860.3134,2070.334,210.02059999999983
nancy,0,100000,1864.5399,2074.5598,210.0199
nancy,0,100000,1868.5015,2078.51,210.00850000000014
nantes,0,100000,1867.6707,2077.576,209.90530000000012
nancy,0,100000,1872.6776,2082.737,210.0594000000001
nancy,0,100000,1876.7659,2086.767,210.00109999999972
nancy,0,100000,1880.5481,2090.6853,210.13720000000012
nancy,0,100000,1884.7784,2094.7964,210.01800000000026
nancy,0,100000,1888.9125,2098.9631,210.05060000000003
nancy,0,100000,1893.5292,2103.5864,210.0572000000002
nancy,0,100000,1897.7689,2107.8071,210.03819999999996
nancy,0,100000,1901.8905,2111.9285,210.038
nancy,0,100000,1905.9523,2115.9717,210.01940000000013
nancy,0,100000,1910.1548,2120.162,210.00719999999978
nantes,0,100000,1873.5687,2083.4866,209.91790000000015
nancy,0,100000,1914.049,2124.0535,210.0045
nantes,0,100000,1674.3066,1883.986,209.67940000000021
nantes,0,100000,1679.0164,1888.9918,209.97540000000004
nantes,0,100000,1685.6117,1895.6428,210.03110000000015
nantes,0,100000,1691.1652,1901.2124,210.04719999999998
nantes,0,100000,1697.654,1907.2893,209.63529999999992
nantes,0,100000,1703.6383,1913.3397,209.70139999999992
nantes,0,100000,1708.8969,1918.9563,210.0594000000001
nantes,0,100000,1714.9183,1924.8975,209.9792
nantes,0,100000,1720.7437,1930.8916,210.14789999999994
nantes,1,100000,1938.6211,2174.7344,236.11329999999975
nantes,1,100000,1993.5205,2229.664,236.14350000000013
nantes,1,100000,1855.8835,2092.3376,236.45409999999993
nantes,1,100000,1863.1344,2098.9011,235.76670000000013
nantes,1,100000,1869.0946,2105.2214,236.1268
nantes,1,100000,1874.4197,2110.57,236.15030000000024
nantes,1,100000,1881.0432,2117.121,236.07780000000002
nantes,1,100000,1887.0096,2123.2502,236.24059999999986
nantes,1,100000,1766.2913,2002.5037,236.2123999999999
nantes,1,100000,1772.3053,2008.1823,235.87699999999995
nantes,1,100000,1777.7133,2014.0559,236.34260000000017
nantes,1,100000,1784.4907,2020.1624,235.67169999999987
nantes,1,100000,1999.1147,2234.797,235.68229999999994
nantes,1,100000,1790.0453,2025.687,235.6416999999999
nantes,1,100000,1795.1584,2031.5704,236.41200000000003
nantes,1,100000,1801.956,2038.111,236.1550000000002
nantes,1,100000,1807.1136,2043.3228,236.2092
nantes,1,100000,1813.8861,2050.0586,236.1724999999999
nantes,1,100000,1819.3331,2055.5093,236.1762000000001
nantes,1,100000,1825.6218,2061.2993,235.67750000000024
nantes,1,100000,1832.0391,2068.299,236.25990000000002
nantes,1,100000,1837.4526,2073.717,236.26440000000002
nantes,1,100000,1844.1406,2080.3782,236.23760000000016
nantes,1,100000,2005.7338,2241.8948,236.16100000000006
nantes,1,100000,1850.1132,2086.3596,236.24639999999977
toulouse,1,100000,1844.9037,2080.603,235.6993
toulouse,1,100000,1851.0687,2086.8523,235.78359999999998
toulouse,1,100000,1855.1692,2090.918,235.74880000000007
toulouse,1,100000,1859.0916,2094.8948,235.80320000000006
toulouse,1,100000,1862.763,2098.562,235.79899999999998
toulouse,1,100000,1866.5302,2102.3354,235.8052
toulouse,1,100000,1870.4458,2106.2493,235.80349999999999
toulouse,1,100000,1874.1417,2109.9702,235.8285000000003
toulouse,1,100000,1877.602,2113.3958,235.7937999999997
nantes,1,100000,2011.5974,2247.7751,236.17769999999973
toulouse,1,100000,1882.2198,2118.0166,235.79679999999985
toulouse,1,100000,1886.1685,2121.9612,235.7927000000002
toulouse,1,100000,1889.6489,2125.3987,235.74980000000028
toulouse,1,100000,1894.4156,2130.2173,235.80169999999976
toulouse,1,100000,1898.5374,2134.3418,235.80440000000021
toulouse,1,100000,1903.4071,2139.244,235.83690000000024
toulouse,1,100000,1803.1788,2039.2081,236.02930000000015
toulouse,1,100000,1807.0367,2043.0898,236.05309999999986
toulouse,1,100000,1811.1462,2047.1892,236.04300000000012
toulouse,1,100000,1815.0205,2051.0784,236.0578999999998
nantes,1,100000,2018.4281,2254.5115,236.08339999999998
toulouse,1,100000,1819.5743,2055.6172,236.04290000000015
toulouse,1,100000,1823.5042,2059.5088,236.00459999999998
toulouse,1,100000,1829.1028,2065.1597,236.05690000000027
toulouse,1,100000,1832.8242,2068.8337,236.00950000000012
toulouse,1,100000,1836.733,2072.7659,236.03289999999993
toulouse,1,100000,1840.7853,2076.7964,236.01110000000017
toulouse,1,100000,1844.1726,2080.1792,236.00659999999993
toulouse,1,100000,1847.9408,2083.9731,236.03230000000008
toulouse,1,100000,1851.5703,2087.6177,236.0473999999997
toulouse,1,100000,1855.7772,2091.727,235.94979999999987
nantes,1,100000,2024.426,2260.532,236.10600000000022
toulouse,1,100000,1859.5316,2095.55,236.01840000000016
toulouse,1,100000,1787.881,2023.9701,236.08909999999992
toulouse,1,100000,1791.6506,2027.8256,236.17499999999995
toulouse,1,100000,1795.6453,2031.7068,236.06150000000002
toulouse,1,100000,1799.4092,2035.4994,236.09019999999987
toulouse,1,100000,1804.0917,2040.1031,236.0114000000001
toulouse,1,100000,1807.5228,2043.5726,236.0498
toulouse,1,100000,1811.3484,2047.4255,236.07709999999997
toulouse,1,100000,1815.66,2051.833,236.173
toulouse,1,100000,1819.6123,2055.6643,236.0519999999999
rennes,1,100000,1965.6147,2201.7654,236.15070000000014
toulouse,1,100000,1823.3068,2059.4216,236.11480000000006
toulouse,1,100000,1827.0168,2063.1387,236.12189999999987
toulouse,1,100000,1831.4288,2067.5593,236.13049999999998
toulouse,1,100000,1836.16,2072.2727,236.1126999999999
toulouse,1,100000,1841.633,2077.748,236.115
toulouse,1,100000,1846.7014,2082.7666,236.0652
nancy,1,100000,1787.8767,2024.0629,236.18619999999987
nancy,1,100000,1791.6082,2027.7748,236.16660000000002
nancy,1,100000,1795.6763,2031.8451,236.16879999999992
nancy,1,100000,1799.5134,2035.7003,236.18689999999992
rennes,1,100000,1970.5433,2206.677,236.1337000000001
nancy,1,100000,1803.5323,2039.8574,236.32510000000002
nancy,1,100000,1807.4077,2043.6201,236.21240000000012
nancy,1,100000,1811.675,2048.0793,236.40429999999992
nancy,1,100000,1815.5527,2051.7583,236.2056
nancy,1,100000,1819.4857,2055.6106,236.12490000000003
nancy,1,100000,1823.1342,2059.2776,236.14339999999993
nancy,1,100000,1827.2208,2063.3474,236.12660000000005
nancy,1,100000,1830.9648,2067.1736,236.2088000000001
nancy,1,100000,1834.7123,2071.004,236.2917
nancy,1,100000,1838.6127,2074.8003,236.18759999999997
rennes,1,100000,1975.3898,2211.5068,236.1170000000002
nancy,1,100000,1842.5934,2078.7605,236.1670999999999
nantes,1,100000,1665.7373,1901.6691,235.93180000000007
nantes,1,100000,1671.437,1907.3523,235.91530000000012
nantes,1,100000,1676.6447,1912.7875,236.14279999999985
nantes,1,100000,1683.0514,1919.1864,236.135
nantes,1,100000,1689.2023,1925.0898,235.88750000000005
nantes,1,100000,1695.6815,1931.8123,236.13080000000014
nantes,1,100000,1701.2291,1937.3722,236.1431
nantes,1,100000,1707.6692,1943.8439,236.17470000000003
nantes,1,100000,1713.1992,1949.3685,236.16930000000002
rennes,1,100000,1980.7964,2216.4688,235.67240000000015
nantes,1,100000,1719.3512,1955.5261,236.17489999999998
nantes,1,100000,1724.9963,1961.1638,236.16750000000002
nantes,1,100000,1731.4559,1967.5876,236.13170000000014
nantes,1,100000,1737.2744,1973.241,235.96659999999997
nantes,1,100000,1743.477,1979.595,236.11799999999994
nantes,1,100000,1749.3374,1985.4872,236.14980000000014
rennes,1,100000,1680.7186,1916.684,235.96540000000005
rennes,1,100000,1685.2109,1921.4459,236.2349999999999
rennes,1,100000,1690.4419,1926.4121,235.97019999999998
rennes,1,100000,1695.1293,1931.3525,236.2231999999999
nantes,1,100000,1944.6746,2180.4739,235.7992999999999
rennes,1,100000,1985.6138,2221.257,235.64319999999998
rennes,1,100000,1699.8445,1936.0542,236.2097000000001
rennes,1,100000,1704.7246,1941.0195,236.2949000000001
rennes,1,100000,1709.702,1945.9457,236.2437
rennes,1,100000,1715.2035,1951.0898,235.8862999999999
rennes,1,100000,1719.9888,1956.2511,236.26229999999987
rennes,1,100000,1724.89,1961.2042,236.3141999999998
rennes,1,100000,1729.686,1965.9125,236.2265
rennes,1,100000,1734.858,1971.0796,236.22160000000008
rennes,1,100000,1739.6052,1975.5876,235.9824000000001
rennes,1,100000,1744.5973,1980.7827,236.18540000000007
rennes,1,100000,1989.9199,2226.186,236.26610000000005
rennes,1,100000,1749.1174,1985.3005,236.18309999999997
toulouse,1,100000,1688.8795,1924.3079,235.4284
toulouse,1,100000,1692.2963,1928.1528,235.8565000000001
toulouse,1,100000,1696.104,1931.9053,235.80129999999986
toulouse,1,100000,1699.9731,1935.8485,235.87540000000013
toulouse,1,100000,1703.8088,1939.6866,235.87779999999998
toulouse,1,100000,1707.5076,1943.3226,235.81500000000005
toulouse,1,100000,1712.2047,1948.0691,235.86439999999993
toulouse,1,100000,1716.745,1952.651,235.90600000000018
toulouse,1,100000,1720.5028,1956.3616,235.85879999999997
rennes,1,100000,1994.8809,2231.1113,236.23039999999992
toulouse,1,100000,1724.7195,1960.607,235.88750000000005
toulouse,1,100000,1728.4,1964.266,235.86599999999999
toulouse,1,100000,1732.14,1968.0061,235.86609999999996
toulouse,1,100000,1736.0715,1971.9579,235.8864000000001
toulouse,1,100000,1739.9976,1975.8765,235.87890000000016
toulouse,1,100000,1744.5507,1980.3867,235.836
nancy,1,100000,1711.7152,1947.9613,236.24609999999984
nancy,1,100000,1715.5308,1952.0516,236.5208
nancy,1,100000,1719.6348,1955.9264,236.29160000000002
nancy,1,100000,1723.7976,1960.0863,236.28869999999984
rennes,1,100000,2000.2487,2235.9045,235.6558
nancy,1,100000,1727.7252,1964.1873,236.46209999999996
nancy,1,100000,1732.1978,1968.4438,236.2460000000001
nancy,1,100000,1736.2334,1972.4128,236.1794
nancy,1,100000,1740.225,1976.4009,236.17590000000018
nancy,1,100000,1744.1482,1980.3944,236.24619999999982
nancy,1,100000,1747.9133,1984.2437,236.33040000000005
nancy,1,100000,1752.1029,1988.3385,236.23559999999998
nancy,1,100000,1755.9479,1992.155,236.20710000000008
nancy,1,100000,1759.8948,1996.1144,236.2195999999999
nancy,1,100000,1763.7882,2000.0331,236.24490000000014
rennes,1,100000,2004.5598,2240.7378,236.17799999999988
nancy,1,100000,1767.9669,2004.1447,236.17780000000016
rennes,1,100000,1622.3027,1858.49,236.18730000000005
rennes,1,100000,1627.8124,1863.6989,235.88650000000007
rennes,1,100000,1632.7393,1869.0958,236.3565000000001
rennes,1,100000,1637.7883,1873.9822,236.19389999999999
rennes,1,100000,1642.7156,1878.7021,235.98649999999998
rennes,1,100000,1647.291,1883.5458,236.25480000000016
rennes,1,100000,1652.1951,1888.3805,236.18540000000007
rennes,1,100000,1657.252,1893.5079,236.2559000000001
rennes,1,100000,1661.9435,1898.1515,236.20799999999986
rennes,1,100000,2009.4733,2245.6372,236.1639
rennes,1,100000,1667.073,1903.3368,236.26379999999995
rennes,1,100000,1672.1675,1908.4318,236.26430000000005
rennes,1,100000,1677.4025,1913.2562,235.85370000000012
rennes,1,100000,1681.8593,1918.4773,236.61799999999994
rennes,1,100000,1686.8989,1923.1553,236.25639999999999
rennes,1,100000,1691.8948,1928.1357,236.2409
rennes,1,100000,1582.9935,1819.2263,236.2328
rennes,1,100000,1588.8357,1824.5269,235.69119999999998
rennes,1,100000,1593.184,1829.4263,236.2423000000001
rennes,1,100000,1598.8875,1834.7124,235.82489999999984
rennes,1,100000,2014.0881,2250.3113,236.2231999999999
rennes,1,100000,1603.4913,1839.7433,236.25200000000018
rennes,1,100000,1608.4283,1844.658,236.22969999999987
rennes,1,100000,1614.0432,1849.8309,235.78769999999986
rennes,1,100000,1618.6547,1854.3231,235.66840000000002
rennes,1,100000,1623.5068,1859.7494,236.2425999999998
rennes,1,100000,1627.7458,1863.9514,236.2056
rennes,1,100000,1633.0564,1869.294,236.23760000000016
rennes,1,100000,1637.905,1874.1025,236.1975
rennes,1,100000,1642.9255,1879.1027,236.17719999999986
rennes,1,100000,1647.9106,1884.3054,236.39480000000003
rennes,1,100000,2019.0945,2255.398,236.3035000000002
rennes,1,100000,1653.458,1889.6943,236.23630000000003
rennes,1,100000,1530.8093,1766.9882,236.1789000000001
rennes,1,100000,1535.1967,1771.433,236.23630000000003
rennes,1,100000,1540.3213,1776.9265,236.60519999999997
rennes,1,100000,1544.8601,1781.2848,236.4246999999998
rennes,1,100000,1550.3699,1786.2725,235.90260000000012
rennes,1,100000,1554.8383,1791.0656,236.2273
rennes,1,100000,1560.0184,1796.2424,236.22400000000016
rennes,1,100000,1565.4285,1801.2941,235.8656000000001
rennes,1,100000,1570.3353,1806.6564,236.32110000000011
rennes,1,100000,2024.1342,2260.3108,236.17660000000024
rennes,1,100000,1574.8529,1811.0902,236.2373
rennes,1,100000,1579.8955,1816.0815,236.18599999999992
rennes,1,100000,1584.5256,1820.7947,236.26909999999998
rennes,1,100000,1589.8472,1826.0472,236.20000000000005
rennes,1,100000,1594.5361,1831.0349,236.49880000000007
rennes,1,100000,1599.571,1835.8253,236.25430000000006
toulouse,1,100000,1549.6993,1785.8097,236.11040000000003
toulouse,1,100000,1553.4792,1789.5922,236.11300000000006
toulouse,1,100000,1557.204,1793.3259,236.1219000000001
toulouse,1,100000,1561.2878,1797.3921,236.10429999999997
rennes,1,100000,2029.3014,2265.498,236.1966
toulouse,1,100000,1565.0089,1801.1837,236.1748
toulouse,1,100000,1569.0728,1805.1755,236.10270000000014
toulouse,1,100000,1573.316,1809.4253,236.10930000000008
toulouse,1,100000,1577.1487,1813.2583,236.1096
toulouse,1,100000,1580.758,1816.9835,236.2255
toulouse,1,100000,1585.062,1821.1927,236.13070000000016
toulouse,1,100000,1589.0786,1825.1602,236.08159999999998
toulouse,1,100000,1592.771,1828.8484,236.07740000000013
toulouse,1,100000,1596.8073,1832.907,236.09969999999998
toulouse,1,100000,1600.8193,1836.9156,236.09629999999993
nantes,1,100000,1950.624,2186.8708,236.24680000000012
rennes,1,100000,2034.1199,2270.2761,236.15620000000013
toulouse,1,100000,1604.7769,1840.8984,236.12149999999997
nantes,1,100000,1890.3773,2126.546,236.16869999999972
nantes,1,100000,1896.2611,2132.4182,236.15710000000013
nantes,1,100000,1901.6283,2137.8342,236.2058999999997
nantes,1,100000,1908.5475,2144.282,235.73450000000025
nantes,1,100000,1913.4094,2149.6436,236.23419999999987
nantes,1,100000,1919.9744,2156.081,236.10660000000007
nantes,1,100000,1925.1014,2161.276,236.17459999999983
nantes,1,100000,1932.0021,2168.1829,236.18079999999986
nantes,1,100000,1937.3844,2173.6064,236.2220000000002
nantes,1,100000,1956.3602,2192.4138,236.05359999999973
nantes,1,100000,1944.4733,2180.3643,235.89100000000008
nantes,1,100000,1949.5254,2185.77,236.2446
nantes,1,100000,1956.5364,2192.8323,236.29590000000007
nantes,1,100000,1962.599,2198.7441,236.14509999999996
nantes,1,100000,1968.9573,2205.1653,236.20800000000008
nantes,1,100000,1975.886,2211.8142,235.92819999999983
nancy,1,100000,2001.4551,2237.5625,236.1074000000001
nancy,1,100000,2005.2767,2241.3613,236.08460000000014
nancy,1,100000,2009.3169,2245.3838,236.06690000000003
nancy,1,100000,2013.4258,2249.5388,236.11299999999983
nantes,1,100000,1962.2195,2198.4265,236.2070000000001
nancy,1,100000,2017.3773,2253.449,236.07169999999996
nancy,1,100000,2021.5352,2257.6401,236.10490000000004
nancy,1,100000,2025.7833,2261.8457,236.0623999999998
nancy,1,100000,2029.6633,2265.7732,236.10990000000015
nancy,1,100000,2033.7867,2269.8513,236.0645999999997
nancy,1,100000,2037.8273,2273.9106,236.08330000000024
nancy,1,100000,2041.563,2277.6643,236.1012999999998
nancy,1,100000,2045.9252,2282.0325,236.1072999999999
nancy,1,100000,2049.8918,2285.993,236.10120000000006
nancy,1,100000,2053.8826,2289.961,236.07839999999987
nantes,1,100000,1969.0692,2205.1353,236.0661
nancy,1,100000,2057.838,2293.951,236.11299999999983
nancy,1,100000,1984.1224,2220.2683,236.1459000000002
nancy,1,100000,1987.8938,2224.058,236.16419999999994
nancy,1,100000,1992.0829,2228.2698,236.18689999999992
nancy,1,100000,1996.1993,2232.3872,236.18790000000013
nancy,1,100000,2000.4885,2236.6753,236.18679999999995
nancy,1,100000,2004.5529,2240.7622,236.2093000000002
nancy,1,100000,2008.6853,2244.8735,236.18820000000005
nancy,1,100000,2012.7869,2248.9565,236.16959999999972
nancy,1,100000,2016.7861,2252.9724,236.18630000000007
nantes,1,100000,1974.7081,2210.7778,236.06969999999978
nancy,1,100000,2020.8192,2257.0112,236.192
nancy,1,100000,2024.6184,2260.8088,236.19039999999973
nancy,1,100000,2028.779,2264.968,236.18899999999985
nancy,1,100000,2032.7213,2268.8604,236.1391000000001
nancy,1,100000,2036.6609,2272.8533,236.19240000000013
nancy,1,100000,2040.5717,2276.7815,236.2098000000001
nancy,1,100000,1965.6534,2201.8113,236.15789999999993
nancy,1,100000,1969.4069,2205.5447,236.13779999999997
nancy,1,100000,1973.6052,2209.7893,236.18409999999994
nancy,1,100000,1977.7131,2213.9,236.18690000000015
nantes,1,100000,1981.1343,2217.265,236.13069999999993
nancy,1,100000,1981.6752,2217.8599,236.18470000000002
nancy,1,100000,1985.7714,2221.9358,236.16440000000011
nancy,1,100000,1989.8557,2226.039,236.18330000000014
nancy,1,100000,1993.8241,2230.0066,236.18250000000012
nancy,1,100000,1997.916,2234.0771,236.16110000000003
nancy,1,100000,2001.8433,2238.0303,236.1869999999999
nancy,1,100000,2006.0175,2242.1997,236.1822000000002
nancy,1,100000,2009.9843,2246.4497,236.46540000000005
nancy,1,100000,2014.256,2250.4358,236.1798000000001
nancy,1,100000,2018.4607,2254.6187,236.1579999999999
nantes,1,100000,1986.4858,2222.6453,236.1595000000002
nancy,1,100000,2022.7113,2258.8755,236.16420000000016
nantes,1,100000,1801.2515,2037.5964,236.34489999999983
nantes,1,100000,1807.3934,2043.5316,236.1382000000001
nantes,1,100000,1812.9587,2049.0808,236.12210000000027
nantes,1,100000,1819.7233,2055.7983,236.07499999999982
nantes,1,100000,1824.8838,2061.028,236.14419999999973
nantes,1,100000,1830.8607,2067.0662,236.20550000000026
nantes,1,100000,1838.5876,2074.266,235.6784
nantes,1,100000,1843.9318,2080.1,236.16819999999984
nantes,1,100000,1850.9238,2086.5928,235.66899999999987
nantes,2,100000,1897.8743,2107.041,209.16670000000022
nantes,2,100000,1952.5587,2162.037,209.47829999999976
nantes,2,100000,1803.0583,2012.5117,209.4534000000001
nantes,2,100000,1810.8181,2019.924,209.10590000000002
nantes,2,100000,1815.5188,2024.9801,209.46129999999994
nantes,2,100000,1822.4993,2031.9128,209.4135000000001
nantes,2,100000,1829.1128,2038.5704,209.45759999999996
nantes,2,100000,1834.563,2044.2338,209.67079999999987
nantes,2,100000,1724.5986,1934.0072,209.40859999999998
nantes,2,100000,1730.443,1939.6111,209.1681000000001
nantes,2,100000,1736.3691,1945.8516,209.48250000000007
nantes,2,100000,1742.2738,1951.371,209.09720000000016
nantes,2,100000,1959.0818,2168.6624,209.58060000000023
nantes,2,100000,1748.2677,1957.6815,209.4137999999998
nantes,2,100000,1753.6901,1963.2146,209.5245
nantes,2,100000,1760.3445,1969.5507,209.20620000000008
nantes,2,100000,1765.712,1975.1094,209.39740000000006
nantes,2,100000,1771.91,1981.3197,209.40969999999993
nantes,2,100000,1777.3197,1986.7549,209.4351999999999
nantes,2,100000,1783.7444,1992.916,209.1715999999999
nantes,2,100000,1790.054,1999.5442,209.49019999999996
nantes,2,100000,1795.9747,2005.4274,209.45270000000005
nantes,2,100000,1802.8016,2012.2623,209.4607000000001
nantes,2,100000,1965.5845,2175.019,209.43449999999984
nantes,2,100000,1808.4492,2017.9105,209.46129999999994
toulouse,2,100000,1801.4987,2010.957,209.4583
toulouse,2,100000,1805.3667,2014.7935,209.42679999999996
toulouse,2,100000,1808.9618,2018.4199,209.45810000000006
toulouse,2,100000,1812.5192,2021.9889,209.4697000000001
toulouse,2,100000,1816.8002,2026.3179,209.5177000000001
toulouse,2,100000,1820.2915,2029.7947,209.50319999999988
toulouse,2,100000,1824.67,2034.1406,209.47059999999988
toulouse,2,100000,1828.6179,2038.0902,209.47230000000013
toulouse,2,100000,1832.1769,2041.6718,209.49490000000014
nantes,2,100000,1971.4,2180.6333,209.23329999999987
toulouse,2,100000,1837.1326,2046.6068,209.4742000000001
toulouse,2,100000,1840.574,2050.0195,209.4454999999998
toulouse,2,100000,1844.936,2054.3896,209.45360000000005
toulouse,2,100000,1849.0198,2058.4758,209.45600000000013
toulouse,2,100000,1854.3656,2063.8018,209.4362000000001
toulouse,2,100000,1858.2173,2067.6753,209.45799999999986
toulouse,2,100000,1775.6451,1985.1753,209.53020000000015
toulouse,2,100000,1780.3615,1989.8636,209.50209999999993
toulouse,2,100000,1784.0228,1993.5453,209.52250000000004
toulouse,2,100000,1788.3802,1997.884,209.50379999999996
nantes,2,100000,1977.5498,2187.0322,209.4824000000001
toulouse,2,100000,1792.3646,2001.8671,209.50249999999983
toulouse,2,100000,1796.043,2005.532,209.48900000000003
toulouse,2,100000,1799.6722,2009.1627,209.4905000000001
toulouse,2,100000,1802.8029,2012.331,209.5281
toulouse,2,100000,1807.1844,2016.6917,209.5073
toulouse,2,100000,1811.1344,2020.6519,209.51750000000015
toulouse,2,100000,1814.1122,2023.6261,209.51389999999992
toulouse,2,100000,1818.6698,2028.1589,209.4891
toulouse,2,100000,1822.2966,2031.8024,209.50580000000014
toulouse,2,100000,1826.2238,2035.7399,209.51610000000005
nantes,2,100000,1983.4778,2193.025,209.5472000000002
toulouse,2,100000,1830.0481,2039.537,209.48890000000006
toulouse,2,100000,1765.1127,1974.6053,209.49260000000004
toulouse,2,100000,1768.7057,1978.2758,209.5700999999999
toulouse,2,100000,1772.6813,1982.1667,209.48540000000003
toulouse,2,100000,1776.5355,1986.0052,209.4697000000001
toulouse,2,100000,1780.2747,1989.7446,209.46990000000005
toulouse,2,100000,1784.2959,1993.762,209.46609999999987
toulouse,2,100000,1787.9353,1997.5083,209.57299999999987
toulouse,2,100000,1791.3718,2000.841,209.4692
toulouse,2,100000,1795.7411,2005.3737,209.63260000000014
rennes,2,100000,1927.1815,2136.3362,209.15470000000028
toulouse,2,100000,1800.0984,2009.5903,209.4919
toulouse,2,100000,1803.3164,2012.8394,209.52300000000014
toulouse,2,100000,1807.7618,2017.3268,209.56500000000005
toulouse,2,100000,1811.546,2021.0369,209.4909
toulouse,2,100000,1815.5417,2024.9844,209.44270000000006
toulouse,2,100000,1820.2539,2029.6917,209.43780000000015
nancy,2,100000,1723.4624,1933.0311,209.56870000000004
nancy,2,100000,1727.403,1936.9296,209.52659999999992
nancy,2,100000,1731.5287,1941.0474,209.51869999999985
nancy,2,100000,1735.7,1945.2479,209.54790000000003
rennes,2,100000,1932.1483,2141.3062,209.15789999999993
nancy,2,100000,1739.6975,1949.2018,209.50430000000006
nancy,2,100000,1743.7842,1953.3315,209.54729999999995
nancy,2,100000,1747.9,1957.4429,209.54289999999992
nancy,2,100000,1751.9043,1961.4753,209.57100000000014
nancy,2,100000,1756.282,1965.8499,209.5679
nancy,2,100000,1760.505,1970.0079,209.50289999999995
nancy,2,100000,1764.4775,1974.0483,209.57079999999996
nancy,2,100000,1768.5824,1978.1306,209.54819999999995
nancy,2,100000,1772.3499,1981.9362,209.58630000000016
nancy,2,100000,1776.813,1986.382,209.56899999999996
rennes,2,100000,1936.6824,2146.1802,209.49779999999987
nancy,2,100000,1780.8649,1990.3693,209.50440000000003
nantes,2,100000,1619.7017,1829.2129,209.51119999999992
nantes,2,100000,1625.5128,1835.1095,209.59670000000006
nantes,2,100000,1632.3953,1841.4962,209.10090000000014
nantes,2,100000,1638.2251,1847.3029,209.0777999999998
nantes,2,100000,1644.0355,1853.7695,209.73400000000015
nantes,2,100000,1650.5194,1860.1224,209.60300000000007
nantes,2,100000,1656.2982,1865.5223,209.22410000000013
nantes,2,100000,1662.6375,1872.2184,209.58089999999993
nantes,2,100000,1668.023,1877.4689,209.44590000000017
rennes,2,100000,1941.7401,2151.2468,209.5066999999999
nantes,2,100000,1675.1611,1884.6959,209.5347999999999
nantes,2,100000,1680.566,1890.0785,209.51250000000005
nantes,2,100000,1687.7031,1897.4171,209.71399999999994
nantes,2,100000,1693.9574,1903.1918,209.23440000000005
nantes,2,100000,1700.082,1909.5629,209.4808999999998
nantes,2,100000,1705.7949,1915.2474,209.45249999999987
rennes,2,100000,1633.4956,1843.0398,209.54420000000005
rennes,2,100000,1639.0529,1848.1228,209.0699000000002
rennes,2,100000,1643.7926,1852.8127,209.02009999999996
rennes,2,100000,1648.323,1857.8212,209.4982
nantes,2,100000,1903.9739,2113.4478,209.47389999999996
rennes,2,100000,1946.4441,2155.9531,209.50900000000024
rennes,2,100000,1653.5315,1863.0239,209.49239999999986
rennes,2,100000,1658.8358,1867.8767,209.04089999999997
rennes,2,100000,1663.5773,1873.1265,209.54920000000016
rennes,2,100000,1668.2852,1877.7874,209.5021999999999
rennes,2,100000,1673.4438,1883.3021,209.8583000000001
rennes,2,100000,1678.2749,1887.8062,209.5313000000001
rennes,2,100000,1683.2831,1892.9331,209.64999999999986
rennes,2,100000,1688.102,1897.6619,209.55989999999997
rennes,2,100000,1693.1997,1902.745,209.5453
rennes,2,100000,1697.5146,1907.0798,209.5652
rennes,2,100000,1951.6228,2161.5237,209.9009000000001
rennes,2,100000,1701.1871,1910.2671,209.07999999999993
toulouse,2,100000,1645.5662,1855.0308,209.46460000000002
toulouse,2,100000,1649.704,1859.2129,209.50890000000004
toulouse,2,100000,1654.2935,1863.81,209.51649999999995
toulouse,2,100000,1658.6244,1868.0809,209.4565
toulouse,2,100000,1663.3259,1872.8146,209.48869999999988
toulouse,2,100000,1668.2522,1877.718,209.46580000000017
toulouse,2,100000,1672.3602,1881.826,209.46579999999994
toulouse,2,100000,1676.2393,1885.7118,209.47250000000008
toulouse,2,100000,1680.4385,1889.9053,209.46679999999992
rennes,2,100000,1956.354,2165.879,209.52499999999986
toulouse,2,100000,1684.1075,1893.604,209.49649999999997
toulouse,2,100000,1688.8235,1898.32,209.49649999999997
toulouse,2,100000,1692.2948,1901.7657,209.47090000000003
toulouse,2,100000,1696.7526,1906.2251,209.47250000000008
toulouse,2,100000,1700.4241,1909.8851,209.461
toulouse,2,100000,1704.2787,1913.7314,209.45269999999982
nancy,2,100000,1654.5255,1863.9913,209.46579999999994
nancy,2,100000,1658.4766,1867.9937,209.51710000000003
nancy,2,100000,1662.5165,1872.0546,209.5381
nancy,2,100000,1666.5516,1876.1132,209.5616
rennes,2,100000,1961.1592,2170.6516,209.4924000000001
nancy,2,100000,1670.6213,1880.1605,209.53919999999994
nancy,2,100000,1674.6145,1884.1049,209.49040000000014
nancy,2,100000,1678.7498,1888.2426,209.4928
nancy,2,100000,1682.8539,1892.4679,209.61400000000003
nancy,2,100000,1686.7874,1896.3278,209.5404000000001
nancy,2,100000,1690.8542,1900.4905,209.63630000000012
nancy,2,100000,1695.0726,1904.5493,209.47669999999994
nancy,2,100000,1699.1189,1908.6606,209.5417
nancy,2,100000,1703.1764,1912.8418,209.66539999999986
nancy,2,100000,1707.377,1916.8657,209.4887000000001
rennes,2,100000,1966.0518,2175.5723,209.52049999999986
nancy,2,100000,1711.406,1921.0236,209.61760000000004
rennes,2,100000,1559.0383,1768.5211,209.4828
rennes,2,100000,1563.9976,1773.5007,209.50310000000013
rennes,2,100000,1568.4235,1778.0292,209.60569999999984
rennes,2,100000,1573.3746,1782.7936,209.41899999999987
rennes,2,100000,1578.4663,1787.4819,209.01559999999995
rennes,2,100000,1582.3928,1791.9144,209.5215999999998
rennes,2,100000,1585.5212,1795.0039,209.48270000000002
rennes,2,100000,1594.5332,1803.9841,209.45089999999982
rennes,2,100000,1599.2072,1808.6896,209.48239999999987
rennes,2,100000,1970.6525,2180.1504,209.49790000000007
rennes,2,100000,1604.3837,1813.839,209.45529999999985
rennes,2,100000,1609.0939,1818.589,209.49509999999987
rennes,2,100000,1614.1522,1823.6149,209.46270000000004
rennes,2,100000,1618.8705,1828.1705,209.29999999999995
rennes,2,100000,1624.0244,1833.5774,209.55299999999988
rennes,2,100000,1629.0753,1838.5518,209.4765
rennes,2,100000,1516.8778,1725.9324,209.05459999999994
rennes,2,100000,1521.6892,1730.7349,209.0456999999999
rennes,2,100000,1526.177,1735.7448,209.56780000000003
rennes,2,100000,1531.1232,1740.5708,209.44759999999997
rennes,2,100000,1975.1254,2184.6445,209.51909999999998
rennes,2,100000,1535.945,1745.3936,209.44860000000017
rennes,2,100000,1541.3184,1750.393,209.07459999999992
rennes,2,100000,1545.8346,1755.2924,209.45780000000013
rennes,2,100000,1550.4617,1759.4712,209.0094999999999
rennes,2,100000,1553.1422,1762.842,209.6998000000001
rennes,2,100000,1564.9022,1774.4675,209.56529999999998
rennes,2,100000,1570.0135,1779.55,209.53649999999993
rennes,2,100000,1574.7152,1784.2565,209.54129999999986
rennes,2,100000,1579.912,1789.3712,209.4592
rennes,2,100000,1584.4025,1793.8752,209.47270000000003
rennes,2,100000,1980.1227,2189.6042,209.48150000000032
rennes,2,100000,1589.8104,1799.3274,209.51699999999983
rennes,2,100000,1507.0013,1716.5656,209.5643
rennes,2,100000,1512.2363,1721.2506,209.01430000000005
rennes,2,100000,1516.6917,1726.2418,209.55009999999993
rennes,2,100000,1523.4963,1733.2114,209.7150999999999
rennes,2,100000,1534.6414,1743.6909,209.04950000000008
rennes,2,100000,1539.0193,1748.672,209.6527000000001
rennes,2,100000,1543.5438,1753.087,209.54320000000007
rennes,2,100000,1548.9558,1758.8007,209.84490000000005
rennes,2,100000,1553.5422,1763.1216,209.57939999999985
rennes,2,100000,1985.347,2194.8152,209.46820000000002
rennes,2,100000,1558.353,1767.9095,209.55649999999991
rennes,2,100000,1563.3335,1772.8887,209.5552
rennes,2,100000,1568.521,1778.0576,209.53660000000013
rennes,2,100000,1572.8838,1782.3567,209.47289999999998
rennes,2,100000,1577.9158,1787.4397,209.5238999999999
rennes,2,100000,1582.5365,1792.0981,209.5616
toulouse,2,100000,1521.0613,1730.4679,209.40660000000003
toulouse,2,100000,1524.8575,1734.2279,209.37040000000002
toulouse,2,100000,1528.5945,1738.0042,209.40970000000016
toulouse,2,100000,1533.2667,1742.6743,209.4076
rennes,2,100000,1990.337,2199.8284,209.49139999999989
toulouse,2,100000,1537.6929,1747.1198,209.42689999999993
toulouse,2,100000,1541.7544,1751.1654,209.41100000000006
toulouse,2,100000,1546.9377,1756.3185,209.38080000000014
toulouse,2,100000,1550.8179,1760.1962,209.37830000000008
toulouse,2,100000,1554.6416,1764.0619,209.4203
toulouse,2,100000,1558.094,1767.5216,209.42759999999998
toulouse,2,100000,1562.2772,1771.6974,209.42020000000002
toulouse,2,100000,1566.164,1775.5813,209.41730000000007
toulouse,2,100000,1569.871,1779.2891,209.41809999999987
toulouse,2,100000,1573.4641,1782.8856,209.42150000000015
nantes,2,100000,1909.2487,2118.6958,209.44709999999986
rennes,2,100000,1995.0359,2204.5305,209.49459999999976
toulouse,2,100000,1577.0009,1786.4192,209.41830000000004
nantes,2,100000,1855.9281,2065.0127,209.08460000000014
nantes,2,100000,1860.3828,2069.8816,209.49880000000007
nantes,2,100000,1866.5803,2076.1333,209.55299999999988
nantes,2,100000,1873.3783,2082.8665,209.4882
nantes,2,100000,1879.0524,2088.6,209.54759999999987
nantes,2,100000,1885.4052,2094.8948,209.4896000000001
nantes,2,100000,1890.9202,2100.5334,209.61319999999978
nantes,2,100000,1897.3871,2106.897,209.50990000000002
nantes,2,100000,1902.6727,2112.2053,209.5326
nantes,2,100000,1915.5872,2125.035,209.44779999999992
nantes,2,100000,1910.2395,2119.8723,209.6328000000001
nantes,2,100000,1915.7517,2125.4092,209.65750000000003
nantes,2,100000,1923.186,2132.2815,209.09550000000013
nantes,2,100000,1928.0098,2137.5496,209.5397999999998
nantes,2,100000,1934.8479,2144.6177,209.7697999999998
nantes,2,100000,1940.2856,2149.9392,209.65359999999987
nancy,2,100000,1959.7645,2169.2996,209.53509999999983
nancy,2,100000,1963.8054,2173.2358,209.43039999999996
nancy,2,100000,1967.8855,2177.3142,209.4286999999997
nancy,2,100000,1971.9028,2181.3145,209.41169999999988
nantes,2,100000,1921.7678,2131.2944,209.52660000000014
nancy,2,100000,1976.0072,2185.428,209.42079999999987
nancy,2,100000,1980.1416,2189.5862,209.44460000000026
nancy,2,100000,1984.0936,2193.5366,209.44299999999998
nancy,2,100000,1987.966,2197.5088,209.54280000000017
nancy,2,100000,1991.7474,2201.1887,209.44130000000018
nancy,2,100000,1995.5557,2204.967,209.4113000000002
nancy,2,100000,1999.3086,2208.7546,209.44600000000014
nancy,2,100000,2003.1106,2212.5989,209.48829999999998
nancy,2,100000,2006.9308,2216.395,209.4641999999999
nancy,2,100000,2010.925,2220.3381,209.4131
nantes,2,100000,1927.7527,2137.4468,209.69410000000016
nancy,2,100000,2014.6187,2224.0469,209.42819999999983
nancy,2,100000,1946.4781,2156.0015,209.5233999999998
nancy,2,100000,1950.2466,2159.8438,209.59720000000016
nancy,2,100000,1954.325,2163.9795,209.65449999999987
nancy,2,100000,1958.573,2168.0957,209.52269999999976
nancy,2,100000,1962.7112,2172.3643,209.65310000000022
nancy,2,100000,1966.8391,2176.4543,209.61519999999996
nancy,2,100000,1971.0961,2180.6614,209.56529999999998
nancy,2,100000,1975.1812,2184.718,209.53679999999986
nancy,2,100000,1979.2539,2188.9504,209.69650000000024
nantes,2,100000,1934.1592,2143.6177,209.45849999999973
nancy,2,100000,1983.1727,2192.7136,209.54089999999997
nancy,2,100000,1986.9485,2196.515,209.5664999999999
nancy,2,100000,1991.234,2200.807,209.57299999999987
nancy,2,100000,1995.2485,2204.7646,209.51610000000005
nancy,2,100000,1999.4432,2208.9375,209.49430000000007
nancy,2,100000,2003.3467,2212.9116,209.56489999999985
nancy,2,100000,1907.5497,2117.118,209.5682999999999
nancy,2,100000,1911.418,2120.9905,209.5725
nancy,2,100000,1915.6603,2125.2292,209.5689000000002
nancy,2,100000,1919.9989,2129.5713,209.57240000000002
nantes,2,100000,1939.7057,2149.185,209.47929999999997
nancy,2,100000,1924.0009,2133.5994,209.59850000000006
nancy,2,100000,1928.0546,2137.6272,209.57259999999997
nancy,2,100000,1932.1254,2141.6992,209.57380000000012
nancy,2,100000,1936.244,2145.8984,209.65440000000012
nancy,2,100000,1940.6871,2149.765,209.07789999999977
nancy,2,100000,1944.3104,2153.9854,209.67499999999995
nancy,2,100000,1948.4265,2157.9995,209.57299999999987
nancy,2,100000,1952.3516,2161.9224,209.57079999999996
nancy,2,100000,1956.7328,2166.303,209.5701999999999
nancy,2,100000,1960.8798,2170.478,209.59820000000013
nantes,2,100000,1946.4967,2155.9526,209.45590000000016
nancy,2,100000,1965.1122,2174.7144,209.6021999999998
nantes,2,100000,1749.4166,1958.8495,209.43290000000002
nantes,2,100000,1755.2677,1964.7372,209.46949999999993
nantes,2,100000,1760.9786,1970.4198,209.44119999999998
nantes,2,100000,1767.7017,1976.8347,209.13300000000004
nantes,2,100000,1773.9653,1983.4257,209.46039999999994
nantes,2,100000,1779.4706,1988.5752,209.1045999999999
nantes,2,100000,1784.9412,1994.4061,209.46489999999994
nantes,2,100000,1791.0334,2000.4768,209.44339999999988
nantes,2,100000,1797.8463,2007.3018,209.45550000000003
nantes,3,100000,1795.0415,2022.9805,227.93899999999985
nantes,3,100000,1848.01,2075.989,227.97900000000004
nantes,3,100000,1722.0559,1950.437,228.38109999999983
nantes,3,100000,1727.6073,1955.9144,228.3071
nantes,3,100000,1734.2484,1962.5797,228.33130000000006
nantes,3,100000,1740.0425,1968.3245,228.28199999999993
nantes,3,100000,1746.7389,1975.1813,228.4423999999999
nantes,3,100000,1752.5616,1980.9943,228.43270000000007
nantes,3,100000,1644.266,1872.6108,228.34479999999985
nantes,3,100000,1648.9022,1877.2595,228.3572999999999
nantes,3,100000,1655.0786,1883.3618,228.28319999999985
nantes,3,100000,1661.4625,1889.4375,227.9749999999999
nantes,3,100000,1853.1241,2081.4438,228.3197
nantes,3,100000,1667.4048,1895.7665,228.36169999999993
nantes,3,100000,1673.0372,1900.9792,227.942
nantes,3,100000,1680.3179,1908.1108,227.79289999999992
nantes,3,100000,1685.6982,1913.965,228.26679999999988
nantes,3,100000,1691.1561,1919.4954,228.3393000000001
nantes,3,100000,1697.524,1925.7657,228.24170000000004
nantes,3,100000,1703.017,1931.2924,228.2754
nantes,3,100000,1709.6458,1938.0076,228.3617999999999
nantes,3,100000,1715.0428,1943.371,228.32820000000015
nantes,3,100000,1722.2528,1950.5742,228.32140000000004
nantes,3,100000,1859.7584,2088.0054,228.24700000000007
nantes,3,100000,1728.0221,1956.29,228.26790000000005
toulouse,3,100000,1702.2335,1930.454,228.2204999999999
toulouse,3,100000,1705.2954,1933.5879,228.29250000000002
toulouse,3,100000,1710.353,1938.3245,227.97149999999988
toulouse,3,100000,1713.5906,1941.9363,228.34570000000008
toulouse,3,100000,1717.0498,1945.4341,228.38429999999994
toulouse,3,100000,1721.4623,1949.7638,228.30150000000003
toulouse,3,100000,1725.246,1953.5262,228.28019999999992
toulouse,3,100000,1729.5066,1957.849,228.3424
toulouse,3,100000,1733.457,1961.7695,228.3125
nantes,3,100000,1865.1166,2093.464,228.34739999999988
toulouse,3,100000,1737.7039,1965.6396,227.9357
toulouse,3,100000,1741.2853,1969.5763,228.29099999999994
toulouse,3,100000,1744.9451,1973.2354,228.29030000000012
toulouse,3,100000,1748.4839,1976.89,228.40610000000015
toulouse,3,100000,1752.8422,1981.1251,228.28289999999993
toulouse,3,100000,1756.9574,1985.2593,228.30189999999993
toulouse,3,100000,1663.6682,1891.8776,228.20939999999996
toulouse,3,100000,1667.3225,1895.5618,228.23929999999996
toulouse,3,100000,1670.8972,1899.1188,228.22159999999985
toulouse,3,100000,1674.8436,1903.0808,228.23720000000003
nantes,3,100000,1871.927,2100.1833,228.25630000000024
toulouse,3,100000,1679.0106,1907.2483,228.2376999999999
toulouse,3,100000,1682.7157,1910.9655,228.24980000000005
toulouse,3,100000,1688.3767,1916.5776,228.20090000000005
toulouse,3,100000,1692.8298,1920.9707,228.1409000000001
toulouse,3,100000,1696.4398,1924.6688,228.22899999999981
toulouse,3,100000,1700.5625,1928.7062,228.14370000000008
toulouse,3,100000,1704.1733,1932.4325,228.25919999999996
toulouse,3,100000,1707.6335,1935.8429,228.2094000000002
toulouse,3,100000,1711.7054,1939.908,228.20259999999985
toulouse,3,100000,1715.6958,1943.8706,228.1748
nantes,3,100000,1877.6075,2105.944,228.3364999999999
toulouse,3,100000,1718.7035,1946.8914,228.1878999999999
toulouse,3,100000,1651.5055,1879.8071,228.3016
toulouse,3,100000,1655.136,1883.4453,228.30930000000012
toulouse,3,100000,1658.9961,1887.2626,228.26649999999995
toulouse,3,100000,1662.8163,1891.1193,228.3030000000001
toulouse,3,100000,1666.635,1894.9373,228.30230000000006
toulouse,3,100000,1670.1228,1898.4272,228.3044
toulouse,3,100000,1674.9988,1903.2936,228.2947999999999
toulouse,3,100000,1679.6558,1907.9142,228.25839999999994
toulouse,3,100000,1683.5837,1911.8428,228.2591
rennes,3,100000,1801.0353,2029.3792,228.34390000000008
toulouse,3,100000,1688.5488,1916.8514,228.30259999999998
toulouse,3,100000,1692.307,1920.6005,228.2935
toulouse,3,100000,1696.3734,1924.6752,228.30179999999996
toulouse,3,100000,1700.1769,1928.4801,228.30320000000006
toulouse,3,100000,1704.3153,1932.6482,228.3329000000001
toulouse,3,100000,1707.3481,1935.6234,228.27530000000002
nancy,3,100000,1651.3822,1879.745,228.36279999999988
nancy,3,100000,1655.2437,1883.5757,228.3320000000001
nancy,3,100000,1659.5607,1887.6809,228.12020000000007
nancy,3,100000,1663.5245,1891.8481,228.32359999999994
rennes,3,100000,1806.2465,2034.158,227.91149999999993
nancy,3,100000,1667.6135,1895.9401,228.3266000000001
nancy,3,100000,1671.5991,1899.922,228.32290000000012
nancy,3,100000,1675.6415,1904.0929,228.45140000000015
nancy,3,100000,1679.5829,1908.0015,228.41859999999997
nancy,3,100000,1683.6892,1911.9885,228.2992999999999
nancy,3,100000,1687.5641,1915.9319,228.3678
nancy,3,100000,1691.5441,1919.8398,228.2956999999999
nancy,3,100000,1695.57,1923.9307,228.36069999999995
nancy,3,100000,1699.4486,1927.8116,228.36300000000006
nancy,3,100000,1703.324,1931.6909,228.3669
rennes,3,100000,1810.783,2039.1493,228.36630000000014
nancy,3,100000,1707.0918,1935.5477,228.45590000000016
nantes,3,100000,1561.3916,1790.0369,228.64530000000013
nantes,3,100000,1566.7412,1795.19,228.44880000000012
nantes,3,100000,1573.2231,1801.6338,228.41070000000013
nantes,3,100000,1578.6567,1806.6862,228.0295000000001
nantes,3,100000,1585.3954,1813.4216,228.0261999999998
nantes,3,100000,1591.1953,1819.684,228.48869999999988
nantes,3,100000,1596.7543,1825.1929,228.43859999999995
nantes,3,100000,1603.1243,1831.6012,228.47690000000011
nantes,3,100000,1609.3972,1837.9514,228.5541999999998
rennes,3,100000,1815.6598,2043.9861,228.32630000000017
nantes,3,100000,1616.1716,1844.8135,228.64190000000008
nantes,3,100000,1621.7981,1849.8303,228.0322000000001
nantes,3,100000,1628.3035,1856.8032,228.49970000000008
nantes,3,100000,1633.8256,1862.3021,228.47650000000021
nantes,3,100000,1640.453,1869.0831,228.63010000000008
nantes,3,100000,1646.1298,1874.5775,228.44770000000017
rennes,3,100000,1568.1782,1796.5836,228.40539999999987
rennes,3,100000,1573.3069,1801.681,228.3741
rennes,3,100000,1578.4532,1806.7754,228.32220000000007
rennes,3,100000,1583.8583,1811.9244,228.0661
nantes,3,100000,1799.9938,2028.2665,228.2727
rennes,3,100000,1820.7367,2048.6492,227.9124999999999
rennes,3,100000,1588.524,1816.8743,228.35030000000006
rennes,3,100000,1593.7473,1822.0525,228.3052
rennes,3,100000,1598.6885,1826.9834,228.2949000000001
rennes,3,100000,1603.5273,1831.8372,228.30989999999997
rennes,3,100000,1608.5563,1836.8494,228.2931000000001
rennes,3,100000,1613.7896,1842.0618,228.27219999999988
rennes,3,100000,1618.5518,1847.1245,228.57269999999994
rennes,3,100000,1623.2804,1851.6208,228.34039999999982
rennes,3,100000,1628.3334,1856.647,228.31359999999995
rennes,3,100000,1633.3494,1861.685,228.33559999999989
rennes,3,100000,1825.4891,2054.1326,228.6434999999999
rennes,3,100000,1637.9545,1866.2493,228.2947999999999
toulouse,3,100000,1567.4446,1795.7164,228.27179999999998
toulouse,3,100000,1571.2068,1799.4857,228.27890000000002
toulouse,3,100000,1575.1207,1803.367,228.24630000000002
toulouse,3,100000,1579.6058,1807.9106,228.3047999999999
toulouse,3,100000,1584.5924,1812.8751,228.28269999999998
toulouse,3,100000,1588.445,1816.73,228.28500000000008
toulouse,3,100000,1592.1388,1820.451,228.31220000000008
toulouse,3,100000,1596.0071,1824.3158,228.30870000000004
toulouse,3,100000,1599.5111,1827.7965,228.28539999999998
rennes,3,100000,1830.3346,2058.6926,228.35799999999995
toulouse,3,100000,1603.8483,1832.1335,228.2851999999998
toulouse,3,100000,1607.6188,1835.9286,228.3098
toulouse,3,100000,1611.6064,1839.9789,228.37250000000017
toulouse,3,100000,1615.489,1843.7948,228.30579999999986
toulouse,3,100000,1619.2959,1847.6675,228.37159999999994
toulouse,3,100000,1623.9802,1852.2792,228.29899999999998
nancy,3,100000,1603.5232,1831.9324,228.40919999999983
nancy,3,100000,1607.4558,1835.7606,228.3048000000001
nancy,3,100000,1611.3071,1839.7148,228.40769999999998
nancy,3,100000,1615.2294,1843.6505,228.42110000000002
rennes,3,100000,1835.2222,2063.5664,228.34420000000023
nancy,3,100000,1619.282,1847.6504,228.36840000000007
nancy,3,100000,1623.0569,1851.4521,228.39519999999993
nancy,3,100000,1626.9122,1855.2094,228.29719999999998
nancy,3,100000,1630.8046,1859.1034,228.29880000000003
nancy,3,100000,1634.5833,1862.999,228.41570000000002
nancy,3,100000,1638.5479,1866.9199,228.37200000000007
nancy,3,100000,1642.5051,1870.866,228.3608999999999
nancy,3,100000,1646.2417,1874.5698,228.32809999999995
nancy,3,100000,1650.3173,1878.6721,228.35480000000007
nancy,3,100000,1654.0068,1882.3105,228.30369999999994
rennes,3,100000,1839.8207,2068.2046,228.38390000000004
nancy,3,100000,1657.8336,1886.1821,228.34850000000006
rennes,3,100000,1503.1648,1731.1812,228.01639999999998
rennes,3,100000,1507.8064,1736.1743,228.36789999999996
rennes,3,100000,1512.8097,1741.2369,228.42720000000008
rennes,3,100000,1518.2135,1746.197,227.98349999999982
rennes,3,100000,1522.8315,1751.236,228.4045000000001
rennes,3,100000,1527.7372,1756.0487,228.31150000000002
rennes,3,100000,1532.8091,1761.1265,228.31740000000013
rennes,3,100000,1538.2183,1766.206,227.9876999999999
rennes,3,100000,1542.5609,1770.9812,228.4203
rennes,3,100000,1845.3474,2073.2654,227.91800000000012
rennes,3,100000,1547.7247,1776.0469,228.32220000000007
rennes,3,100000,1552.437,1780.7484,228.31140000000005
rennes,3,100000,1557.4851,1785.801,228.31589999999983
rennes,3,100000,1562.4398,1790.7405,228.3007
rennes,3,100000,1567.288,1795.6693,228.3813
rennes,3,100000,1572.6511,1800.9808,228.3297
rennes,3,100000,1465.1887,1693.4543,228.26560000000018
rennes,3,100000,1469.4904,1697.8562,228.36580000000004
rennes,3,100000,1474.5535,1702.914,228.3605
rennes,3,100000,1480.167,1708.1469,227.97990000000004
rennes,3,100000,1849.6306,2077.9836,228.35300000000007
rennes,3,100000,1484.4291,1712.8174,228.38829999999984
rennes,3,100000,1489.48,1717.8435,228.36349999999993
rennes,3,100000,1494.6067,1722.8486,228.2419
rennes,3,100000,1499.4103,1727.784,228.3737000000001
rennes,3,100000,1504.2277,1732.6042,228.37650000000008
rennes,3,100000,1509.7661,1737.7432,227.97709999999984
rennes,3,100000,1514.2179,1742.5585,228.3406
rennes,3,100000,1518.9309,1747.4308,228.49990000000003
rennes,3,100000,1524.0812,1752.438,228.35680000000002
rennes,3,100000,1528.9075,1757.4363,228.52880000000005
rennes,3,100000,1854.8529,2083.2068,228.35389999999984
rennes,3,100000,1534.0083,1762.5563,228.548
rennes,3,100000,1460.5088,1688.9327,228.4239
rennes,3,100000,1465.1622,1693.6084,228.4462000000001
rennes,3,100000,1470.8973,1698.9839,228.08659999999986
rennes,3,100000,1475.4247,1703.7656,228.34089999999992
rennes,3,100000,1480.3916,1708.738,228.34640000000013
rennes,3,100000,1485.336,1713.6903,228.35429999999997
rennes,3,100000,1490.0435,1718.4125,228.36899999999991
rennes,3,100000,1494.8124,1723.142,228.32960000000003
rennes,3,100000,1499.6313,1728.0016,228.37030000000004
rennes,3,100000,1859.3414,2087.668,228.3266000000001
rennes,3,100000,1505.2898,1733.2383,227.94849999999997
rennes,3,100000,1509.7795,1738.2174,228.4378999999999
rennes,3,100000,1514.6979,1743.0398,228.34190000000012
rennes,3,100000,1519.8947,1748.2452,228.3505
rennes,3,100000,1524.9596,1753.3645,228.4049
rennes,3,100000,1529.5363,1757.9615,228.4251999999999
toulouse,3,100000,1454.4283,1682.5542,228.1259
toulouse,3,100000,1459.164,1687.2893,228.12529999999992
toulouse,3,100000,1462.8639,1691.0577,228.1938
toulouse,3,100000,1466.9489,1695.1182,228.1692999999998
rennes,3,100000,1864.2771,2092.5552,228.27809999999977
toulouse,3,100000,1470.4482,1698.6241,228.17589999999996
toulouse,3,100000,1474.344,1702.4943,228.15030000000002
toulouse,3,100000,1478.6261,1706.3921,227.76600000000008
toulouse,3,100000,1482.177,1710.2698,228.09280000000012
toulouse,3,100000,1485.6045,1713.7719,228.16740000000004
toulouse,3,100000,1489.7156,1717.8425,228.12689999999998
toulouse,3,100000,1494.0127,1721.7155,227.70280000000002
toulouse,3,100000,1497.3643,1725.5511,228.18679999999995
toulouse,3,100000,1501.5131,1729.6626,228.14950000000022
toulouse,3,100000,1505.5974,1733.7804,228.183
nantes,3,100000,1806.4495,2034.4553,228.00580000000014
rennes,3,100000,1868.6454,2096.9744,228.32899999999995
toulouse,3,100000,1510.5698,1738.7758,228.2059999999999
nantes,3,100000,1747.5164,1975.857,228.3406
nantes,3,100000,1753.6487,1982.0292,228.38049999999998
nantes,3,100000,1759.1742,1987.533,228.35879999999997
nantes,3,100000,1765.564,1993.886,228.3219999999999
nantes,3,100000,1771.3352,1999.2883,227.95309999999995
nantes,3,100000,1777.7717,2005.7661,227.99440000000004
nantes,3,100000,1782.3911,2010.7222,228.33109999999988
nantes,3,100000,1789.5128,2017.8807,228.36789999999996
nantes,3,100000,1794.559,2023.1633,228.60429999999997
nantes,3,100000,1812.432,2040.7603,228.3282999999999
nantes,3,100000,1801.8605,2029.7484,227.88789999999995
nantes,3,100000,1806.8907,2035.4972,228.6065000000001
nantes,3,100000,1813.7872,2042.1278,228.3406
nantes,3,100000,1819.6559,2047.9911,228.3352
nantes,3,100000,1826.5521,2054.8684,228.31629999999973
nantes,3,100000,1832.1476,2060.471,228.3234
nancy,3,100000,1860.5161,2088.8726,228.3565000000001
nancy,3,100000,1864.244,2092.6135,228.36950000000002
nancy,3,100000,1868.2861,2096.6555,228.3693999999998
nancy,3,100000,1872.2136,2100.5803,228.36670000000004
nantes,3,100000,1817.7616,2046.0835,228.3218999999999
nancy,3,100000,1876.4596,2105.005,228.5454000000002
nancy,3,100000,1880.3036,2108.8115,228.50789999999984
nancy,3,100000,1884.3574,2112.8164,228.45900000000006
nancy,3,100000,1888.419,2116.9258,228.50679999999988
nancy,3,100000,1892.4899,2120.8872,228.3973000000001
nancy,3,100000,1896.4829,2124.8506,228.36770000000024
nancy,3,100000,1900.5522,2128.9104,228.35820000000012
nancy,3,100000,1904.5706,2132.9243,228.35370000000012
nancy,3,100000,1908.7499,2137.1294,228.37949999999978
nancy,3,100000,1912.6787,2141.1777,228.49900000000025
nantes,3,100000,1824.1658,2052.4812,228.31540000000018
nancy,3,100000,1916.5872,2144.9426,228.35539999999992
nancy,3,100000,1818.918,2047.2157,228.29770000000008
nancy,3,100000,1822.6421,2050.975,228.33289999999988
nancy,3,100000,1826.5209,2054.8574,228.3364999999999
nancy,3,100000,1830.6508,2058.9905,228.3397
nancy,3,100000,1834.6746,2063.0137,228.33909999999992
nancy,3,100000,1838.656,2066.9546,228.29860000000008
nancy,3,100000,1842.8352,2071.174,228.3388
nancy,3,100000,1846.773,2075.0168,228.24379999999996
nancy,3,100000,1850.7319,2079.0286,228.2967000000001
nantes,3,100000,1829.403,2057.7166,228.31360000000018
nancy,3,100000,1854.7155,2083.127,228.41149999999993
nancy,3,100000,1858.8119,2087.1511,228.33920000000012
nancy,3,100000,1862.4736,2090.8113,228.3376999999998
nancy,3,100000,1866.1116,2094.4868,228.37520000000018
nancy,3,100000,1869.9882,2098.3237,228.3354999999999
nancy,3,100000,1873.8098,2102.1458,228.33599999999979
nancy,3,100000,1808.9596,2036.9633,228.00369999999998
nancy,3,100000,1812.6189,2041.0046,228.38570000000004
nancy,3,100000,1816.4406,2044.8386,228.39800000000014
nancy,3,100000,1820.6237,2048.9548,228.33109999999988
nantes,3,100000,1835.5938,2063.8955,228.30169999999998
nancy,3,100000,1824.4691,2052.8083,228.33920000000012
nancy,3,100000,1828.5161,2056.7852,228.26909999999975
nancy,3,100000,1832.4886,2060.828,228.33940000000007
nancy,3,100000,1836.6799,2064.9521,228.27219999999988
nancy,3,100000,1840.5552,2068.8572,228.3019999999999
nancy,3,100000,1844.7173,2073.0488,228.3315
nancy,3,100000,1848.7272,2077.0532,228.3259999999998
nancy,3,100000,1852.7747,2081.099,228.32430000000022
nancy,3,100000,1856.7457,2085.0767,228.33100000000013
nancy,3,100000,1860.7115,2089.0042,228.29269999999997
nantes,3,100000,1841.4456,2069.728,228.28240000000005
nancy,3,100000,1864.9078,2093.2058,228.29800000000023
nantes,3,100000,1668.3804,1896.723,228.34259999999995
nantes,3,100000,1673.7762,1901.798,228.02179999999998
nantes,3,100000,1679.6627,1908.0459,228.3832
nantes,3,100000,1685.6835,1913.6428,227.95929999999998
nantes,3,100000,1691.5333,1919.8573,228.32399999999984
nantes,3,100000,1697.597,1925.6787,228.08169999999996
nantes,3,100000,1703.575,1931.8988,228.3237999999999
nantes,3,100000,1709.4304,1937.7203,228.2899
nantes,3,100000,1716.0367,1944.0565,228.0197999999998
nantes,4,100000,1783.5162,1995.4872,211.971
nantes,4,100000,1838.9502,2050.8823,211.93210000000022
nantes,4,100000,1594.9462,1806.8995,211.9532999999999
nantes,4,100000,1601.1305,1813.0554,211.92489999999998
nantes,4,100000,1607.8601,1819.7665,211.90639999999985
nantes,4,100000,1613.5975,1825.571,211.97349999999983
nantes,4,100000,1620.3713,1832.3057,211.93439999999987
nantes,4,100000,1626.3206,1837.8534,211.53279999999995
nantes,4,100000,1498.3114,1709.8567,211.5453
nantes,4,100000,1503.532,1715.0214,211.48940000000016
nantes,4,100000,1509.0221,1720.9832,211.9611
nantes,4,100000,1515.3961,1727.4585,212.06240000000003
nantes,4,100000,1843.92,2055.9883,212.0682999999999
nantes,4,100000,1520.7897,1732.8589,212.0691999999999
nantes,4,100000,1527.2485,1739.3235,212.07500000000005
nantes,4,100000,1533.6669,1745.1389,211.47199999999998
nantes,4,100000,1539.4641,1751.4495,211.98540000000003
nantes,4,100000,1545.7738,1757.7758,212.00199999999995
nantes,4,100000,1551.5623,1763.5386,211.97630000000004
nantes,4,100000,1556.9788,1768.9393,211.9604999999999
nantes,4,100000,1564.0367,1776.0582,212.02149999999983
nantes,4,100000,1569.3632,1781.3865,212.02330000000006
nantes,4,100000,1576.8363,1788.3446,211.50829999999996
nantes,4,100000,1851.1217,2062.6387,211.51700000000005
nantes,4,100000,1581.9059,1793.9294,212.0235
toulouse,4,100000,1495.5519,1707.3195,211.76760000000013
toulouse,4,100000,1500.324,1712.0928,211.76879999999983
toulouse,4,100000,1504.0715,1715.7815,211.71000000000004
toulouse,4,100000,1507.7479,1719.5577,211.8098
toulouse,4,100000,1511.5128,1723.3251,211.81230000000005
toulouse,4,100000,1515.3967,1727.1929,211.7962
toulouse,4,100000,1519.4443,1731.2341,211.7897999999998
toulouse,4,100000,1523.0906,1734.9133,211.82269999999994
toulouse,4,100000,1526.9402,1738.7695,211.8293000000001
nantes,4,100000,1856.4211,2068.4329,212.01179999999977
toulouse,4,100000,1530.9875,1742.767,211.7795000000001
toulouse,4,100000,1534.8158,1746.5975,211.7817
toulouse,4,100000,1538.5764,1750.4495,211.87310000000002
toulouse,4,100000,1542.4127,1754.1244,211.71169999999984
toulouse,4,100000,1546.4388,1758.2042,211.7654
toulouse,4,100000,1550.4735,1762.2948,211.82129999999984
toulouse,4,100000,1484.84,1696.6593,211.8193000000001
toulouse,4,100000,1489.0609,1700.4915,211.43060000000014
toulouse,4,100000,1492.3792,1704.2141,211.83489999999983
toulouse,4,100000,1496.4419,1708.2705,211.82860000000005
nantes,4,100000,1863.2634,2075.2585,211.99509999999987
toulouse,4,100000,1502.0922,1713.925,211.8327999999999
toulouse,4,100000,1506.0945,1717.8794,211.7849000000001
toulouse,4,100000,1509.9459,1721.7429,211.79700000000003
toulouse,4,100000,1513.876,1725.6887,211.81269999999995
toulouse,4,100000,1518.1384,1729.5349,211.39650000000006
toulouse,4,100000,1521.8936,1733.3881,211.4944999999998
toulouse,4,100000,1525.125,1736.9604,211.83539999999994
toulouse,4,100000,1528.956,1740.7494,211.79340000000002
toulouse,4,100000,1532.9299,1744.7688,211.83889999999997
toulouse,4,100000,1536.9813,1748.8179,211.8366000000001
nantes,4,100000,1868.642,2080.6636,212.0215999999998
toulouse,4,100000,1541.389,1753.153,211.76400000000012
toulouse,4,100000,1428.3129,1640.1936,211.88070000000016
toulouse,4,100000,1433.0006,1644.9187,211.91809999999987
toulouse,4,100000,1437.3004,1648.5886,211.28819999999996
toulouse,4,100000,1440.6705,1652.5626,211.89210000000003
toulouse,4,100000,1444.4824,1656.3773,211.8949
toulouse,4,100000,1448.3745,1660.2698,211.89530000000013
toulouse,4,100000,1452.128,1664.1948,212.06680000000006
toulouse,4,100000,1456.1042,1667.9716,211.8674000000001
toulouse,4,100000,1459.9813,1671.8494,211.86810000000014
rennes,4,100000,1787.3022,1998.9852,211.683
toulouse,4,100000,1463.56,1675.5447,211.98469999999998
toulouse,4,100000,1467.4952,1679.4885,211.99329999999986
toulouse,4,100000,1471.4047,1683.3082,211.9034999999999
toulouse,4,100000,1475.7955,1687.7872,211.99170000000004
toulouse,4,100000,1480.021,1691.8823,211.86130000000003
toulouse,4,100000,1484.0853,1695.9531,211.8678
nancy,4,100000,1424.8214,1636.8436,212.02219999999988
nancy,4,100000,1428.7782,1640.8416,212.0634
nancy,4,100000,1432.9935,1645.0131,212.01959999999985
nancy,4,100000,1437.0242,1649.0404,212.01620000000003
rennes,4,100000,1791.8485,2003.7817,211.93319999999994
nancy,4,100000,1441.0378,1653.0824,212.04459999999995
nancy,4,100000,1445.1472,1657.2094,212.06219999999985
nancy,4,100000,1449.2877,1661.3472,212.05949999999984
nancy,4,100000,1453.4718,1665.4905,212.01870000000008
nancy,4,100000,1457.4135,1669.4352,212.02169999999978
nancy,4,100000,1461.4043,1673.4205,212.01620000000003
nancy,4,100000,1465.5702,1677.5906,212.02039999999988
nancy,4,100000,1469.5381,1681.5559,212.01780000000008
nancy,4,100000,1473.6119,1685.6566,212.04469999999992
nancy,4,100000,1477.7756,1689.791,212.0154
rennes,4,100000,1796.8602,2008.7803,211.92009999999982
nancy,4,100000,1481.8022,1693.818,212.0157999999999
nantes,4,100000,1329.9845,1541.8486,211.8641
nantes,4,100000,1335.8042,1547.2812,211.47699999999986
nantes,4,100000,1341.4622,1553.311,211.84879999999998
nantes,4,100000,1347.8605,1559.6654,211.8049000000001
nantes,4,100000,1354.2196,1565.7273,211.5077000000001
nantes,4,100000,1359.7107,1571.6074,211.8967
nantes,4,100000,1365.7239,1577.5709,211.84699999999998
nantes,4,100000,1371.9304,1583.7722,211.84180000000015
nantes,4,100000,1377.9742,1589.48,211.5057999999999
rennes,4,100000,1801.5187,2013.5283,212.00959999999986
nantes,4,100000,1384.0161,1595.9221,211.90599999999995
nantes,4,100000,1389.7023,1601.582,211.87970000000018
nantes,4,100000,1396.7322,1608.5518,211.81960000000004
nantes,4,100000,1402.5864,1614.4745,211.88810000000012
nantes,4,100000,1409.4651,1621.3574,211.8923000000002
nantes,4,100000,1415.3772,1627.1852,211.808
rennes,4,100000,1304.2114,1516.1779,211.9665
rennes,4,100000,1309.3464,1520.9376,211.59120000000007
rennes,4,100000,1313.8546,1525.7971,211.9425000000001
rennes,4,100000,1319.0186,1531.0187,212.00009999999997
nantes,4,100000,1789.8597,2001.3761,211.51639999999998
rennes,4,100000,1806.8455,2018.4606,211.6151000000002
rennes,4,100000,1324.2507,1536.2043,211.95360000000005
rennes,4,100000,1329.047,1540.9836,211.9366
rennes,4,100000,1333.9332,1545.9292,211.9960000000001
rennes,4,100000,1338.8627,1550.8043,211.9416000000001
rennes,4,100000,1343.4644,1555.4469,211.98249999999985
rennes,4,100000,1348.8638,1560.549,211.6851999999999
rennes,4,100000,1353.9978,1565.6335,211.63569999999982
rennes,4,100000,1358.4237,1570.4231,211.99939999999992
rennes,4,100000,1363.5334,1575.535,212.00160000000005
rennes,4,100000,1368.0765,1580.1,212.0235
rennes,4,100000,1811.6267,2023.5844,211.95769999999993
rennes,4,100000,1373.0394,1585.0287,211.98930000000018
toulouse,4,100000,1326.2588,1538.2004,211.94159999999988
toulouse,4,100000,1329.797,1541.7872,211.99019999999996
toulouse,4,100000,1333.5189,1545.491,211.97209999999995
toulouse,4,100000,1337.2346,1549.2933,212.05870000000004
toulouse,4,100000,1341.0712,1553.087,212.0157999999999
toulouse,4,100000,1345.4602,1557.4722,212.01199999999994
toulouse,4,100000,1349.6134,1561.6285,212.01510000000007
toulouse,4,100000,1353.4941,1565.4404,211.94630000000006
toulouse,4,100000,1357.2668,1569.2089,211.94209999999998
rennes,4,100000,1816.7255,2028.7795,212.0540000000001
toulouse,4,100000,1361.305,1573.2703,211.96529999999984
toulouse,4,100000,1365.1647,1577.1365,211.97180000000003
toulouse,4,100000,1369.023,1580.9697,211.9467000000002
toulouse,4,100000,1373.1079,1585.0635,211.9556
toulouse,4,100000,1377.0099,1589.1488,212.13889999999992
toulouse,4,100000,1380.9866,1592.9883,212.00170000000003
nancy,4,100000,1320.7915,1532.7449,211.95339999999987
nancy,4,100000,1324.6355,1536.5854,211.94989999999984
nancy,4,100000,1328.7756,1540.7854,212.00980000000004
nancy,4,100000,1333.0759,1545.0846,212.00869999999986
rennes,4,100000,1821.9364,2033.7084,211.77199999999993
nancy,4,100000,1337.2434,1549.2551,212.01170000000002
nancy,4,100000,1341.5109,1553.442,211.93110000000001
nancy,4,100000,1345.3927,1557.3232,211.93049999999994
nancy,4,100000,1349.4625,1561.4169,211.95439999999985
nancy,4,100000,1353.1719,1565.3271,212.15519999999992
nancy,4,100000,1357.4429,1569.566,212.12310000000002
nancy,4,100000,1361.7191,1573.6732,211.95409999999993
nancy,4,100000,1365.8323,1577.9484,212.11609999999996
nancy,4,100000,1370.0331,1582.0725,212.0393999999999
nancy,4,100000,1374.4165,1586.4531,212.0365999999999
rennes,4,100000,1826.642,2038.7023,212.06029999999987
nancy,4,100000,1378.6819,1590.6302,211.94830000000002
rennes,4,100000,1193.5988,1405.4998,211.90100000000007
rennes,4,100000,1198.6272,1410.557,211.9298000000001
rennes,4,100000,1203.3939,1415.427,212.03309999999988
rennes,4,100000,1208.6605,1420.6874,212.02690000000007
rennes,4,100000,1213.4479,1425.6057,212.15780000000018
rennes,4,100000,1218.8296,1430.5894,211.75980000000004
rennes,4,100000,1223.7448,1435.8674,212.12260000000015
rennes,4,100000,1228.3668,1440.4177,212.05089999999996
rennes,4,100000,1233.4978,1445.6555,212.15769999999998
rennes,4,100000,1832.0906,2043.998,211.90740000000005
rennes,4,100000,1238.5645,1450.455,211.89049999999997
rennes,4,100000,1243.269,1455.3811,212.11210000000005
rennes,4,100000,1248.0916,1460.117,212.0254
rennes,4,100000,1252.736,1464.7799,212.0438999999999
rennes,4,100000,1257.9375,1470.0743,212.1368
rennes,4,100000,1262.6162,1474.6556,212.03940000000011
rennes,4,100000,1184.3527,1396.0769,211.7242000000001
rennes,4,100000,1188.9258,1400.6534,211.72759999999994
rennes,4,100000,1193.582,1405.5989,212.01689999999985
rennes,4,100000,1198.7101,1410.673,211.9629
rennes,4,100000,1836.6409,2048.717,212.0761
rennes,4,100000,1204.0267,1415.7197,211.6930000000002
rennes,4,100000,1208.8019,1420.9098,212.10789999999997
rennes,4,100000,1213.843,1425.8553,212.01229999999987
rennes,4,100000,1219.0754,1431.09,212.01459999999997
rennes,4,100000,1224.241,1436.1838,211.94280000000003
rennes,4,100000,1229.6099,1441.045,211.43510000000015
rennes,4,100000,1234.1796,1446.2413,212.06169999999997
rennes,4,100000,1239.2169,1451.1509,211.9340000000002
rennes,4,100000,1243.6974,1455.7142,212.01679999999988
rennes,4,100000,1248.9999,1460.9497,211.94979999999987
rennes,4,100000,1841.7979,2053.7412,211.9432999999999
rennes,4,100000,1254.016,1466.0159,211.99990000000003
rennes,4,100000,1152.3284,1364.0612,211.7328
rennes,4,100000,1156.9747,1368.9786,212.00389999999993
rennes,4,100000,1162.1178,1374.519,212.40120000000002
rennes,4,100000,1167.1576,1379.0983,211.9407000000001
rennes,4,100000,1171.96,1383.6113,211.6513
rennes,4,100000,1176.4385,1388.3726,211.93409999999994
rennes,4,100000,1181.2614,1393.2667,212.0052999999998
rennes,4,100000,1186.5531,1398.5168,211.96370000000002
rennes,4,100000,1191.0454,1403.0524,212.00700000000006
rennes,4,100000,1846.6401,2058.5957,211.95559999999978
rennes,4,100000,1195.7562,1407.7395,211.98329999999987
rennes,4,100000,1200.5504,1412.5328,211.98239999999987
rennes,4,100000,1205.059,1417.0173,211.9583
rennes,4,100000,1210.423,1422.4135,211.9905000000001
rennes,4,100000,1215.7057,1427.3939,211.68820000000005
rennes,4,100000,1220.0675,1432.061,211.9934999999998
toulouse,4,100000,1152.0698,1364.0564,211.98659999999995
toulouse,4,100000,1155.5957,1367.4813,211.88559999999984
toulouse,4,100000,1160.3441,1372.2637,211.91959999999995
toulouse,4,100000,1164.0991,1376.0197,211.92060000000015
rennes,4,100000,1851.3195,2063.2493,211.9297999999999
toulouse,4,100000,1168.0648,1379.9595,211.89469999999983
toulouse,4,100000,1171.9807,1383.8755,211.89480000000003
toulouse,4,100000,1175.7443,1387.6664,211.9221
toulouse,4,100000,1179.5709,1391.6163,212.04539999999997
toulouse,4,100000,1183.1605,1395.0564,211.89589999999998
toulouse,4,100000,1187.1759,1399.0709,211.89499999999998
toulouse,4,100000,1191.3892,1403.3237,211.93449999999984
toulouse,4,100000,1196.8444,1408.75,211.90560000000005
toulouse,4,100000,1200.5701,1412.4832,211.9131
toulouse,4,100000,1204.5968,1416.5314,211.93460000000005
nantes,4,100000,1795.7928,2007.6804,211.88760000000002
rennes,4,100000,1856.4115,2068.3662,211.9547
toulouse,4,100000,1207.5928,1419.5109,211.9181000000001
nantes,4,100000,1694.5012,1906.0288,211.52760000000012
nantes,4,100000,1699.4644,1911.6213,212.15689999999995
nantes,4,100000,1705.7612,1917.9158,212.15460000000007
nantes,4,100000,1712.4839,1924.0765,211.59259999999995
nantes,4,100000,1717.4089,1929.3254,211.91650000000004
nantes,4,100000,1724.3162,1936.2267,211.91049999999996
nantes,4,100000,1730.1232,1941.7318,211.60860000000002
nantes,4,100000,1735.9656,1947.8982,211.9326000000001
nantes,4,100000,1741.5602,1953.4797,211.9195000000002
nantes,4,100000,1801.3091,2013.3539,212.04480000000012
nantes,4,100000,1748.3201,1960.3251,212.0050000000001
nantes,4,100000,1753.7737,1965.7227,211.94900000000007
nantes,4,100000,1760.6571,1972.5837,211.9266
nantes,4,100000,1766.2678,1978.3542,212.0863999999999
nantes,4,100000,1772.6376,1984.6632,212.02559999999994
nantes,4,100000,1778.831,1990.8936,212.0626000000002
nancy,4,100000,1774.0961,1986.1047,212.00860000000011
nancy,4,100000,1778.0011,1990.0006,211.99950000000013
nancy,4,100000,1782.089,1994.09,212.00099999999998
nancy,4,100000,1786.3416,1998.3063,211.9647
nantes,4,100000,1808.3909,2019.8531,211.46219999999994
nancy,4,100000,1790.1299,2002.12,211.99009999999998
nancy,4,100000,1794.3091,2006.3179,212.00880000000006
nancy,4,100000,1798.5211,2010.5283,212.0072
nancy,4,100000,1802.7136,2014.7235,212.00990000000002
nancy,4,100000,1807.0979,2019.064,211.9661000000001
nancy,4,100000,1811.2444,2023.2344,211.99
nancy,4,100000,1815.2554,2027.266,212.01060000000007
nancy,4,100000,1819.2203,2031.2285,212.0082
nancy,4,100000,1823.1311,2035.1763,212.04520000000002
nancy,4,100000,1827.2197,2039.1781,211.95839999999998
nantes,4,100000,1813.4961,2025.5044,212.00829999999996
nancy,4,100000,1831.3989,2043.4062,212.0073
nancy,4,100000,1732.4669,1944.4412,211.97430000000008
nancy,4,100000,1736.3861,1948.373,211.9869000000001
nancy,4,100000,1740.3932,1952.4128,212.01960000000008
nancy,4,100000,1744.7041,1956.6772,211.97310000000016
nancy,4,100000,1748.8347,1960.8545,212.0197999999998
nancy,4,100000,1752.7235,1964.6959,211.97239999999988
nancy,4,100000,1756.6855,1968.703,212.01749999999993
nancy,4,100000,1760.8965,1972.8695,211.97299999999996
nancy,4,100000,1764.6122,1976.8936,212.28140000000008
nantes,4,100000,1820.3857,2032.2836,211.89789999999994
nancy,4,100000,1768.6538,1980.5763,211.9224999999999
nancy,4,100000,1772.3196,1984.3408,212.0211999999999
nancy,4,100000,1776.486,1988.5054,212.0193999999999
nancy,4,100000,1780.5486,1992.5222,211.97360000000003
nancy,4,100000,1784.5607,1996.5548,211.9940999999999
nancy,4,100000,1788.3694,2000.4095,212.04009999999994
nancy,4,100000,1693.11,1905.0931,211.98310000000015
nancy,4,100000,1696.9944,1908.9539,211.95949999999993
nancy,4,100000,1700.9242,1912.9896,212.06540000000018
nancy,4,100000,1705.0509,1917.0573,212.00639999999999
nantes,4,100000,1826.4254,2038.3153,211.8898999999999
nancy,4,100000,1709.0011,1921.006,212.00490000000013
nancy,4,100000,1713.2305,1925.0488,211.81830000000014
nancy,4,100000,1716.9508,1928.9553,212.0045
nancy,4,100000,1721.1272,1933.0886,211.96140000000014
nancy,4,100000,1725.1138,1937.0642,211.95039999999995
nancy,4,100000,1728.7878,1940.815,212.0272
nancy,4,100000,1733.0613,1945.0674,212.00609999999983
nancy,4,100000,1737.0796,1949.0819,212.00229999999988
nancy,4,100000,1740.9706,1952.9764,212.0057999999999
nancy,4,100000,1745.1597,1957.1133,211.95360000000005
nantes,4,100000,1831.4534,2043.4027,211.9493
nancy,4,100000,1749.0709,1961.0544,211.98350000000005
nantes,4,100000,1540.5688,1752.6012,212.03240000000005
nantes,4,100000,1545.8531,1757.8495,211.9964
nantes,4,100000,1552.9688,1764.5598,211.5909999999999
nantes,4,100000,1558.3485,1769.9712,211.6226999999999
nantes,4,100000,1564.674,1776.6185,211.94450000000006
nantes,4,100000,1570.3273,1782.429,212.10170000000016
nantes,4,100000,1576.8832,1788.8112,211.9280000000001
nantes,4,100000,1582.6249,1794.5786,211.95370000000003
nantes,4,100000,1589.7357,1801.387,211.6513
nantes,5,100000,1811.1858,2035.7688,224.58300000000008
nantes,5,100000,1865.5018,2090.085,224.58320000000003
nantes,5,100000,1696.444,1921.0154,224.57140000000004
nantes,5,100000,1701.9625,1926.4722,224.50969999999984
nantes,5,100000,1708.3326,1932.9111,224.57850000000008
nantes,5,100000,1713.8145,1938.3451,224.53060000000005
nantes,5,100000,1720.4519,1944.9606,224.5087000000001
nantes,5,100000,1726.2898,1950.8049,224.51510000000007
nantes,5,100000,1623.7795,1848.3035,224.5239999999999
nantes,5,100000,1629.4431,1854.0074,224.5643
nantes,5,100000,1635.3939,1859.9395,224.54559999999992
nantes,5,100000,1641.7751,1866.3121,224.53700000000003
nantes,5,100000,1872.0055,2096.5964,224.59089999999992
nantes,5,100000,1647.8021,1872.4082,224.60609999999997
nantes,5,100000,1653.4598,1877.5585,224.0987
nantes,5,100000,1660.027,1884.5701,224.54309999999987
nantes,5,100000,1665.8455,1890.0614,224.21590000000015
nantes,5,100000,1671.4415,1895.9224,224.48090000000002
nantes,5,100000,1678.514,1903.0566,224.5426
nantes,5,100000,1684.0428,1908.5967,224.5539000000001
nantes,5,100000,1691.0677,1915.6136,224.54589999999985
nantes,5,100000,1696.4277,1920.9575,224.52980000000002
nantes,5,100000,1702.8926,1927.4496,224.55700000000002
nantes,5,100000,1877.4714,2102.0017,224.5302999999999
nantes,5,100000,1708.7633,1933.3146,224.55129999999986
toulouse,5,100000,1662.8485,1887.3484,224.49990000000003
toulouse,5,100000,1667.392,1891.9135,224.52150000000006
toulouse,5,100000,1671.1102,1895.6094,224.49919999999997
toulouse,5,100000,1674.5946,1899.1466,224.55200000000013
toulouse,5,100000,1678.9364,1903.0621,224.12570000000005
toulouse,5,100000,1682.7585,1907.2902,224.5317
toulouse,5,100000,1686.7648,1911.2964,224.53160000000003
toulouse,5,100000,1690.6713,1915.2245,224.55320000000006
toulouse,5,100000,1694.9895,1919.1428,224.15330000000017
nantes,5,100000,1884.1805,2108.752,224.57150000000001
toulouse,5,100000,1698.468,1922.9559,224.48789999999985
toulouse,5,100000,1702.3303,1926.9276,224.5972999999999
toulouse,5,100000,1706.2072,1930.7394,224.53219999999988
toulouse,5,100000,1710.3762,1934.9288,224.55259999999998
toulouse,5,100000,1714.3585,1938.9497,224.59119999999984
toulouse,5,100000,1719.4166,1943.9431,224.52649999999994
toulouse,5,100000,1627.4084,1852.0118,224.60339999999997
toulouse,5,100000,1631.1991,1855.7391,224.53999999999996
toulouse,5,100000,1635.0198,1859.6277,224.60789999999997
toulouse,5,100000,1639.0259,1863.6035,224.57759999999985
nantes,5,100000,1890.2661,2114.3186,224.0525
toulouse,5,100000,1642.2534,1866.8488,224.59539999999993
toulouse,5,100000,1646.6808,1871.2793,224.59849999999983
toulouse,5,100000,1650.7328,1875.3113,224.57850000000008
toulouse,5,100000,1654.7484,1879.2765,224.5281
toulouse,5,100000,1658.6589,1883.1973,224.53840000000014
toulouse,5,100000,1662.8506,1887.3634,224.51279999999997
toulouse,5,100000,1666.5774,1891.0472,224.46980000000008
toulouse,5,100000,1670.9122,1894.894,223.98180000000002
toulouse,5,100000,1674.0156,1898.6083,224.59270000000015
toulouse,5,100000,1678.0918,1902.6587,224.56690000000003
nantes,5,100000,1895.9752,2120.5574,224.58220000000006
toulouse,5,100000,1681.8757,1906.4429,224.56719999999996
toulouse,5,100000,1568.6051,1793.1726,224.5675000000001
toulouse,5,100000,1573.0524,1797.6251,224.57269999999994
toulouse,5,100000,1577.831,1802.398,224.567
toulouse,5,100000,1582.0082,1806.574,224.56580000000008
toulouse,5,100000,1586.2375,1810.7758,224.53829999999994
toulouse,5,100000,1590.4741,1815.0105,224.53640000000019
toulouse,5,100000,1595.7312,1820.3044,224.57320000000004
toulouse,5,100000,1599.5768,1824.1249,224.54809999999998
toulouse,5,100000,1603.4045,1827.9761,224.5716
rennes,5,100000,1831.1636,2055.7695,224.6058999999998
toulouse,5,100000,1607.7148,1831.8344,224.1196
toulouse,5,100000,1611.5691,1835.6589,224.08979999999997
toulouse,5,100000,1614.9135,1839.4642,224.55069999999978
toulouse,5,100000,1618.8623,1843.4336,224.57130000000006
toulouse,5,100000,1622.5963,1847.1375,224.54120000000012
toulouse,5,100000,1626.5359,1851.1378,224.6018999999999
nancy,5,100000,1549.9288,1774.565,224.63620000000014
nancy,5,100000,1553.6635,1778.3442,224.6806999999999
nancy,5,100000,1557.7931,1782.4592,224.66609999999991
nancy,5,100000,1561.7094,1786.3901,224.68070000000012
rennes,5,100000,1836.055,2060.3716,224.31659999999988
nancy,5,100000,1565.7621,1790.3993,224.63720000000012
nancy,5,100000,1569.6808,1794.362,224.6812
nancy,5,100000,1573.8859,1798.5706,224.68470000000002
nancy,5,100000,1577.9636,1802.647,224.6833999999999
nancy,5,100000,1582.0817,1806.7427,224.66100000000006
nancy,5,100000,1586.1571,1810.7977,224.64060000000018
nancy,5,100000,1590.0719,1814.7163,224.64440000000013
nancy,5,100000,1594.0654,1818.7489,224.6835000000001
nancy,5,100000,1598.0094,1822.6865,224.6771000000001
nancy,5,100000,1601.9938,1826.6752,224.68139999999994
rennes,5,100000,1840.621,2065.2417,224.62069999999994
nancy,5,100000,1606.0393,1830.6835,224.64420000000018
nantes,5,100000,1443.6011,1668.2246,224.62349999999992
nantes,5,100000,1449.0465,1673.679,224.63250000000016
nantes,5,100000,1455.9794,1680.0272,224.04780000000005
nantes,5,100000,1462.0397,1686.5804,224.54070000000002
nantes,5,100000,1467.2815,1691.8302,224.54870000000005
nantes,5,100000,1473.524,1698.1584,224.63440000000014
nantes,5,100000,1479.5275,1704.1681,224.64060000000018
nantes,5,100000,1486.4526,1710.499,224.04639999999995
nantes,5,100000,1491.2612,1715.8899,224.62869999999998
rennes,5,100000,1845.6495,2070.2576,224.60809999999992
nantes,5,100000,1498.3986,1722.9977,224.5990999999999
nantes,5,100000,1503.8738,1728.5051,224.6313
nantes,5,100000,1510.7172,1735.2667,224.54949999999985
nantes,5,100000,1516.1648,1740.8103,224.64550000000008
nantes,5,100000,1523.1737,1747.7823,224.60860000000002
nantes,5,100000,1529.0007,1753.5417,224.54099999999994
rennes,5,100000,1435.265,1659.8027,224.53769999999986
rennes,5,100000,1440.2931,1664.86,224.5668999999998
rennes,5,100000,1445.2178,1669.7207,224.50290000000018
rennes,5,100000,1449.9781,1674.5065,224.52839999999992
nantes,5,100000,1816.8025,2041.348,224.54549999999995
rennes,5,100000,1850.8179,2075.0737,224.2557999999999
rennes,5,100000,1455.076,1679.6007,224.52469999999994
rennes,5,100000,1460.5541,1685.0385,224.48440000000005
rennes,5,100000,1465.604,1689.764,224.15999999999985
rennes,5,100000,1470.6786,1694.7997,224.12110000000007
rennes,5,100000,1475.6599,1699.8007,224.1407999999999
rennes,5,100000,1480.6372,1704.7474,224.11020000000008
rennes,5,100000,1484.7,1709.3013,224.60130000000004
rennes,5,100000,1489.9161,1714.4089,224.4928
rennes,5,100000,1494.9111,1719.4089,224.49779999999987
rennes,5,100000,1500.2324,1724.7655,224.53309999999988
rennes,5,100000,1855.5881,2080.195,224.60690000000022
rennes,5,100000,1505.1167,1729.6062,224.4894999999999
toulouse,5,100000,1454.3022,1678.9241,224.62189999999987
toulouse,5,100000,1458.2844,1682.9055,224.62110000000007
toulouse,5,100000,1462.1093,1686.7303,224.62099999999987
toulouse,5,100000,1465.8029,1690.4817,224.67880000000014
toulouse,5,100000,1469.8981,1694.444,224.54589999999985
toulouse,5,100000,1473.3796,1698.0013,224.62169999999992
toulouse,5,100000,1477.6134,1702.2355,224.62210000000005
toulouse,5,100000,1481.0604,1705.6815,224.62109999999984
toulouse,5,100000,1486.1515,1710.7269,224.57539999999995
rennes,5,100000,1860.5323,2085.516,224.9837
toulouse,5,100000,1490.0573,1714.5906,224.53330000000005
toulouse,5,100000,1493.7902,1718.3998,224.6096
toulouse,5,100000,1497.687,1722.2915,224.60450000000014
toulouse,5,100000,1502.629,1727.2511,224.62210000000005
toulouse,5,100000,1506.6278,1731.2484,224.62059999999997
toulouse,5,100000,1511.0809,1735.7335,224.65260000000012
nancy,5,100000,1469.5818,1694.2742,224.69240000000013
nancy,5,100000,1473.3749,1698.0566,224.68169999999986
nancy,5,100000,1477.4078,1702.1146,224.70680000000016
nancy,5,100000,1481.4733,1706.1815,224.7081999999998
rennes,5,100000,1865.1912,2089.7937,224.6025000000002
nancy,5,100000,1485.5302,1710.2378,224.70760000000018
nancy,5,100000,1489.7017,1714.3618,224.66009999999983
nancy,5,100000,1493.8608,1718.3103,224.44950000000017
nancy,5,100000,1497.7565,1722.4459,224.68939999999998
nancy,5,100000,1501.662,1726.3688,224.70679999999993
nancy,5,100000,1505.6605,1730.3645,224.70399999999995
nancy,5,100000,1509.8995,1734.5889,224.68939999999998
nancy,5,100000,1513.7587,1738.4658,224.70709999999985
nancy,5,100000,1517.6892,1742.4493,224.76009999999997
nancy,5,100000,1521.626,1746.3334,224.7074
rennes,5,100000,1870.7795,2095.052,224.27250000000004
nancy,5,100000,1525.4668,1750.129,224.66219999999998
rennes,5,100000,1338.962,1563.3195,224.35750000000007
rennes,5,100000,1343.5054,1567.7855,224.28009999999995
rennes,5,100000,1348.4471,1573.0421,224.5949999999998
rennes,5,100000,1353.1849,1577.7885,224.60360000000014
rennes,5,100000,1358.5374,1583.0989,224.56150000000002
rennes,5,100000,1363.5571,1588.1703,224.6132
rennes,5,100000,1368.709,1593.283,224.57399999999984
rennes,5,100000,1373.3827,1597.9689,224.58619999999996
rennes,5,100000,1378.449,1603.0128,224.5637999999999
rennes,5,100000,1875.2068,2099.8281,224.62130000000025
rennes,5,100000,1383.4231,1607.9882,224.56510000000003
rennes,5,100000,1388.0864,1612.6561,224.5697
rennes,5,100000,1393.393,1617.6963,224.30330000000004
rennes,5,100000,1398.0714,1622.6692,224.5978
rennes,5,100000,1403.3564,1627.9424,224.586
rennes,5,100000,1407.8151,1632.4088,224.5936999999999
rennes,5,100000,1321.8314,1546.1266,224.29520000000002
rennes,5,100000,1326.4713,1550.7374,224.26610000000005
rennes,5,100000,1331.1176,1555.7494,224.63179999999988
rennes,5,100000,1335.9313,1560.5217,224.59040000000005
rennes,5,100000,1880.3016,2104.8782,224.5766000000001
rennes,5,100000,1341.0082,1565.5823,224.57410000000004
rennes,5,100000,1346.5449,1570.7567,224.2117999999998
rennes,5,100000,1351.171,1575.7728,224.6017999999999
rennes,5,100000,1356.1993,1580.444,224.24469999999997
rennes,5,100000,1361.473,1585.9532,224.48019999999997
rennes,5,100000,1366.0673,1590.6368,224.56950000000006
rennes,5,100000,1371.0452,1595.6282,224.58300000000008
rennes,5,100000,1375.8951,1600.3811,224.4860000000001
rennes,5,100000,1380.9625,1605.5453,224.5827999999999
rennes,5,100000,1385.821,1610.3997,224.57870000000003
rennes,5,100000,1885.111,2109.725,224.6139999999998
rennes,5,100000,1390.7198,1615.2924,224.57259999999997
rennes,5,100000,1288.7081,1513.3634,224.6552999999999
rennes,5,100000,1293.7992,1518.1404,224.34120000000007
rennes,5,100000,1298.1393,1522.7413,224.60199999999986
rennes,5,100000,1302.9926,1527.6294,224.6368
rennes,5,100000,1307.7367,1532.3491,224.61239999999998
rennes,5,100000,1312.7559,1537.063,224.3071
rennes,5,100000,1317.6178,1542.2638,224.64599999999996
rennes,5,100000,1322.765,1547.0469,224.28189999999995
rennes,5,100000,1327.6002,1552.2668,224.66660000000002
rennes,5,100000,1890.0292,2114.6,224.57079999999996
rennes,5,100000,1332.4559,1557.1056,224.64970000000017
rennes,5,100000,1337.4309,1562.0626,224.6316999999999
rennes,5,100000,1342.097,1566.7261,224.6291000000001
rennes,5,100000,1346.9927,1571.5935,224.60079999999994
rennes,5,100000,1352.1138,1576.736,224.62220000000002
rennes,5,100000,1356.8258,1581.4752,224.6494
toulouse,5,100000,1264.487,1489.0742,224.58719999999994
toulouse,5,100000,1268.181,1492.7743,224.5933
toulouse,5,100000,1271.635,1496.259,224.62400000000002
toulouse,5,100000,1275.4243,1499.9752,224.55090000000018
rennes,5,100000,1894.6965,2119.3105,224.61400000000003
toulouse,5,100000,1279.403,1504.0281,224.62509999999997
toulouse,5,100000,1282.811,1507.4036,224.59260000000017
toulouse,5,100000,1286.6675,1511.2579,224.59040000000005
toulouse,5,100000,1291.0027,1515.5592,224.55649999999991
toulouse,5,100000,1295.1381,1519.7631,224.625
toulouse,5,100000,1299.1335,1523.7239,224.59040000000005
toulouse,5,100000,1302.9496,1527.5378,224.58820000000014
toulouse,5,100000,1306.5981,1531.2262,224.62810000000013
toulouse,5,100000,1310.7122,1535.2996,224.58740000000012
toulouse,5,100000,1315.0284,1539.6123,224.58390000000009
nantes,5,100000,1822.5713,2047.1809,224.6096
rennes,5,100000,1898.9049,2123.496,224.5911000000001
toulouse,5,100000,1319.6646,1544.2893,224.62469999999985
nantes,5,100000,1756.1545,1980.6829,224.52839999999992
nantes,5,100000,1761.9722,1986.5735,224.60130000000004
nantes,5,100000,1767.5616,1992.0737,224.51209999999992
nantes,5,100000,1774.0441,1998.4987,224.45460000000003
nantes,5,100000,1779.3108,2003.8893,224.57850000000008
nantes,5,100000,1785.7981,2010.3982,224.6001000000001
nantes,5,100000,1791.1912,2015.7163,224.52510000000007
nantes,5,100000,1797.4536,2022.0509,224.5972999999999
nantes,5,100000,1802.887,2027.4644,224.57740000000013
nantes,5,100000,1829.157,2053.7368,224.5798000000002
nantes,5,100000,1809.7365,2034.3268,224.59030000000007
nantes,5,100000,1816.3177,2040.936,224.61829999999986
nantes,5,100000,1822.0441,2046.6461,224.60199999999986
nantes,5,100000,1827.9312,2052.5093,224.57810000000018
nantes,5,100000,1834.7166,2059.1582,224.44159999999988
nantes,5,100000,1841.0485,2065.4941,224.44559999999979
nancy,5,100000,1864.1229,2088.8186,224.6957
nancy,5,100000,1867.8347,2092.499,224.66429999999968
nancy,5,100000,1872.4027,2096.7212,224.31849999999986
nancy,5,100000,1876.1191,2100.8367,224.71759999999995
nantes,5,100000,1834.579,2059.1787,224.59969999999998
nancy,5,100000,1880.0461,2104.7126,224.66649999999981
nancy,5,100000,1884.0967,2108.7703,224.67360000000008
nancy,5,100000,1888.0221,2112.6963,224.67420000000016
nancy,5,100000,1892.1724,2116.892,224.7195999999999
nancy,5,100000,1896.3384,2121.01,224.67160000000013
nancy,5,100000,1900.3793,2125.0762,224.6968999999999
nancy,5,100000,1904.5427,2129.2395,224.69680000000017
nancy,5,100000,1908.4459,2133.1433,224.69740000000024
nancy,5,100000,1912.4167,2137.134,224.71730000000002
nancy,5,100000,1916.495,2141.1633,224.66830000000027
nantes,5,100000,1841.073,2065.6423,224.56929999999988
nancy,5,100000,1920.2399,2144.938,224.69810000000007
nancy,5,100000,1821.8712,2046.5221,224.65089999999987
nancy,5,100000,1825.7518,2050.2703,224.51850000000013
nancy,5,100000,1829.5779,2054.2764,224.6985000000002
nancy,5,100000,1833.7578,2058.4065,224.64869999999996
nancy,5,100000,1837.5957,2062.2756,224.67989999999986
nancy,5,100000,1841.9514,2066.5996,224.6482000000001
nancy,5,100000,1845.9952,2070.692,224.69679999999994
nancy,5,100000,1850.0922,2074.8264,224.73419999999987
nancy,5,100000,1853.9858,2078.6392,224.65340000000015
nantes,5,100000,1846.2667,2070.825,224.55829999999992
nancy,5,100000,1858.3119,2082.9897,224.67780000000016
nancy,5,100000,1862.2107,2086.86,224.64930000000004
nancy,5,100000,1866.0605,2090.7588,224.69830000000002
nancy,5,100000,1869.9758,2094.6233,224.64750000000026
nancy,5,100000,1873.9286,2098.6064,224.67780000000016
nancy,5,100000,1877.764,2102.46,224.69600000000014
nancy,5,100000,1774.5042,1999.1675,224.66329999999994
nancy,5,100000,1778.2903,2002.9347,224.64440000000013
nancy,5,100000,1782.3834,2007.0656,224.68219999999997
nancy,5,100000,1786.2408,2010.9196,224.6787999999999
nantes,5,100000,1853.4095,2077.9883,224.5788
nancy,5,100000,1790.2887,2014.9734,224.68470000000002
nancy,5,100000,1794.2073,2018.8716,224.6642999999999
nancy,5,100000,1798.2423,2022.9259,224.68360000000007
nancy,5,100000,1802.3811,2027.0203,224.63919999999985
nancy,5,100000,1806.4827,2031.1492,224.66650000000004
nancy,5,100000,1810.362,2035.042,224.67999999999984
nancy,5,100000,1814.3265,2039.013,224.68650000000002
nancy,5,100000,1818.3236,2043.0052,224.68160000000012
nancy,5,100000,1822.1445,2046.8237,224.6791999999998
nancy,5,100000,1826.0026,2050.6687,224.66610000000014
nantes,5,100000,1860.5421,2084.6592,224.11710000000016
nancy,5,100000,1830.1049,2054.768,224.6631
nantes,5,100000,1642.1844,1866.3937,224.20929999999998
nantes,5,100000,1647.2408,1871.8021,224.56130000000007
nantes,5,100000,1654.1923,1878.2372,224.0449000000001
nantes,5,100000,1659.3745,1883.8909,224.5164000000002
nantes,5,100000,1666.0897,1890.621,224.5313000000001
nantes,5,100000,1672.3625,1896.8513,224.48880000000008
nantes,5,100000,1678.1323,1902.707,224.57470000000012
nantes,5,100000,1684.9305,1909.1466,224.2161000000001
nantes,5,100000,1689.8558,1914.4304,224.57459999999992
nantes,6,100000,1724.2291,1933.6285,209.3994
nantes,6,100000,1778.742,1987.7975,209.05549999999994
nantes,6,100000,1646.2302,1855.6298,209.39959999999996
nantes,6,100000,1652.138,1861.518,209.3800000000001
nantes,6,100000,1659.3435,1868.3242,208.98070000000007
nantes,6,100000,1664.4683,1873.8457,209.37740000000008
nantes,6,100000,1670.9514,1880.3286,209.37720000000013
nantes,6,100000,1676.8557,1886.273,209.41729999999984
nantes,6,100000,1572.0856,1781.3712,209.28559999999993
nantes,6,100000,1577.204,1786.5164,209.31240000000003
nantes,6,100000,1583.7455,1793.0984,209.3529000000001
nantes,6,100000,1589.1086,1798.42,209.31140000000005
nantes,6,100000,1783.7422,1993.1008,209.35860000000002
nantes,6,100000,1594.8759,1804.2197,209.3438000000001
nantes,6,100000,1601.387,1810.3397,208.95270000000005
nantes,6,100000,1606.3888,1815.7085,209.3197
nantes,6,100000,1613.1144,1822.4042,209.2898
nantes,6,100000,1618.6273,1827.9474,209.3200999999999
nantes,6,100000,1625.2296,1834.5372,209.3076000000001
nantes,6,100000,1629.8728,1839.2041,209.33129999999983
nantes,6,100000,1637.17,1846.4844,209.31439999999998
nantes,6,100000,1642.2678,1851.5938,209.32600000000002
nantes,6,100000,1649.0323,1858.3582,209.32589999999982
nantes,6,100000,1790.4523,1999.9452,209.4929000000002
nantes,6,100000,1654.844,1864.1545,209.31050000000005
toulouse,6,100000,1633.18,1842.3921,209.21209999999996
toulouse,6,100000,1637.1005,1846.2792,209.17869999999994
toulouse,6,100000,1640.4884,1849.6287,209.14030000000002
toulouse,6,100000,1646.4043,1855.545,209.14070000000015
toulouse,6,100000,1650.5554,1859.2339,208.67849999999999
toulouse,6,100000,1654.2141,1863.3195,209.10540000000015
toulouse,6,100000,1657.9792,1867.186,209.20679999999993
toulouse,6,100000,1662.0206,1870.7687,208.74810000000002
toulouse,6,100000,1665.5244,1874.6996,209.1751999999999
nantes,6,100000,1795.9696,2005.5887,209.61910000000012
toulouse,6,100000,1669.4846,1878.6505,209.16589999999997
toulouse,6,100000,1673.2023,1882.3881,209.18579999999997
toulouse,6,100000,1676.9254,1886.0549,209.1295
toulouse,6,100000,1680.7662,1889.9019,209.13570000000004
toulouse,6,100000,1684.498,1893.7698,209.27179999999998
toulouse,6,100000,1688.2684,1897.43,209.16160000000013
toulouse,6,100000,1580.3798,1789.7108,209.33100000000013
toulouse,6,100000,1584.591,1793.5161,208.92510000000016
toulouse,6,100000,1588.0933,1797.464,209.37069999999994
toulouse,6,100000,1592.9307,1802.3315,209.40080000000012
nantes,6,100000,1803.0782,2012.5187,209.44050000000016
toulouse,6,100000,1596.9163,1806.225,209.30869999999982
toulouse,6,100000,1601.0712,1810.3556,209.2844
toulouse,6,100000,1604.5029,1813.8115,209.30860000000007
toulouse,6,100000,1608.8057,1818.0981,209.29240000000004
toulouse,6,100000,1612.5872,1821.888,209.30079999999998
toulouse,6,100000,1616.4167,1825.7313,209.31459999999993
toulouse,6,100000,1620.6075,1829.5098,208.90229999999997
toulouse,6,100000,1624.2257,1833.534,209.30830000000014
toulouse,6,100000,1627.8866,1837.2062,209.31960000000004
toulouse,6,100000,1631.9691,1841.3718,209.40269999999987
nantes,6,100000,1809.0834,2018.1045,209.02109999999993
toulouse,6,100000,1635.854,1845.1376,209.28359999999998
toulouse,6,100000,1584.8846,1794.2686,209.38400000000001
toulouse,6,100000,1588.5653,1797.9215,209.35619999999994
toulouse,6,100000,1592.5839,1801.964,209.38009999999986
toulouse,6,100000,1597.0393,1806.3905,209.35120000000006
toulouse,6,100000,1600.6813,1810.0309,209.3496
toulouse,6,100000,1604.6443,1814.0035,209.3592000000001
toulouse,6,100000,1608.514,1817.8711,209.35710000000017
toulouse,6,100000,1612.9567,1822.3098,209.35310000000004
toulouse,6,100000,1616.9181,1826.2267,209.30859999999984
rennes,6,100000,1751.5569,1960.9106,209.3536999999999
toulouse,6,100000,1620.2817,1829.6387,209.35699999999997
toulouse,6,100000,1624.3508,1833.7223,209.37149999999997
toulouse,6,100000,1628.4805,1837.8389,209.35840000000007
toulouse,6,100000,1632.3743,1841.7328,209.35850000000005
toulouse,6,100000,1636.3142,1845.6919,209.3777
toulouse,6,100000,1640.3566,1849.7078,209.35119999999984
nancy,6,100000,1594.1709,1803.5635,209.3925999999999
nancy,6,100000,1597.8243,1807.2026,209.37830000000008
nancy,6,100000,1601.928,1811.2852,209.35719999999992
nancy,6,100000,1605.9835,1815.4061,209.42259999999987
rennes,6,100000,1755.605,1964.9956,209.39059999999995
nancy,6,100000,1609.9331,1819.3269,209.39380000000006
nancy,6,100000,1613.844,1823.2384,209.3943999999999
nancy,6,100000,1617.6855,1827.036,209.3505
nancy,6,100000,1621.4581,1830.8538,209.39570000000003
nancy,6,100000,1625.2997,1834.7548,209.4550999999999
nancy,6,100000,1629.4542,1838.8096,209.35540000000015
nancy,6,100000,1633.1968,1842.6028,209.40599999999995
nancy,6,100000,1637.2855,1846.6787,209.39319999999998
nancy,6,100000,1641.0527,1850.4569,209.40419999999995
nancy,6,100000,1644.967,1854.3539,209.38689999999997
rennes,6,100000,1761.0153,1969.9545,208.93920000000003
nancy,6,100000,1648.766,1858.1495,209.3834999999999
nantes,6,100000,1484.7032,1694.0798,209.37660000000005
nantes,6,100000,1489.9391,1699.4166,209.47749999999996
nantes,6,100000,1496.4694,1705.4352,208.96579999999994
nantes,6,100000,1502.9994,1711.9779,208.97850000000017
nantes,6,100000,1508.3608,1717.2236,208.8628000000001
nantes,6,100000,1514.2466,1723.6354,209.38879999999995
nantes,6,100000,1519.769,1729.176,209.40699999999993
nantes,6,100000,1525.8403,1735.2808,209.44049999999993
nantes,6,100000,1532.0339,1740.9453,208.91140000000019
rennes,6,100000,1764.6927,1974.1564,209.46370000000002
nantes,6,100000,1538.102,1747.484,209.38199999999983
nantes,6,100000,1543.7833,1753.2014,209.41809999999987
nantes,6,100000,1550.2267,1759.6302,209.40350000000012
nantes,6,100000,1556.2319,1765.6759,209.44399999999996
nantes,6,100000,1563.2217,1772.7047,209.48299999999995
nantes,6,100000,1568.526,1777.9541,209.42809999999986
rennes,6,100000,1487.2167,1696.3206,209.10390000000007
rennes,6,100000,1491.5792,1701.0889,209.50970000000007
rennes,6,100000,1496.7172,1706.291,209.5737999999999
rennes,6,100000,1501.7185,1711.2223,209.50379999999996
nantes,6,100000,1730.3782,1939.4384,209.0601999999999
rennes,6,100000,1770.2867,1979.3091,209.02239999999983
rennes,6,100000,1506.4902,1715.8978,209.4076
rennes,6,100000,1511.9076,1720.9867,209.07909999999993
rennes,6,100000,1516.6155,1726.1415,209.52599999999984
rennes,6,100000,1521.6444,1731.0905,209.44610000000011
rennes,6,100000,1526.8545,1735.9426,209.08810000000017
rennes,6,100000,1531.364,1740.9437,209.5797
rennes,6,100000,1536.1205,1745.5999,209.47939999999994
rennes,6,100000,1541.0043,1750.5078,209.50350000000003
rennes,6,100000,1546.0453,1755.5792,209.5338999999999
rennes,6,100000,1550.3733,1759.8779,209.50459999999998
rennes,6,100000,1775.5604,1984.5021,208.94169999999986
rennes,6,100000,1555.575,1765.0997,209.52469999999994
toulouse,6,100000,1501.2737,1710.6008,209.32709999999997
toulouse,6,100000,1505.1176,1714.4198,209.30219999999986
toulouse,6,100000,1509.1648,1718.4596,209.2947999999999
toulouse,6,100000,1512.9568,1722.2338,209.27700000000004
toulouse,6,100000,1516.5236,1725.8401,209.3164999999999
toulouse,6,100000,1520.7355,1730.0245,209.289
toulouse,6,100000,1524.6904,1733.9977,209.30729999999994
toulouse,6,100000,1528.3589,1737.6969,209.33799999999997
toulouse,6,100000,1532.2397,1741.5604,209.3207
rennes,6,100000,1780.2367,1989.5936,209.3569
toulouse,6,100000,1536.0303,1745.3425,209.31220000000008
toulouse,6,100000,1539.8732,1749.1981,209.32490000000007
toulouse,6,100000,1543.7255,1753.0255,209.29999999999995
toulouse,6,100000,1547.4629,1756.7999,209.337
toulouse,6,100000,1551.4061,1760.7289,209.32280000000014
toulouse,6,100000,1555.0759,1764.4144,209.33849999999984
nancy,6,100000,1526.8787,1736.1112,209.23250000000007
nancy,6,100000,1530.7252,1740.0876,209.36239999999998
nancy,6,100000,1534.7903,1744.195,209.40470000000005
nancy,6,100000,1538.971,1748.4086,209.43759999999997
rennes,6,100000,1785.174,1994.6182,209.4441999999999
nancy,6,100000,1543.0089,1752.4185,209.40959999999995
nancy,6,100000,1547.0316,1756.4368,209.40519999999992
nancy,6,100000,1551.1437,1760.553,209.40930000000003
nancy,6,100000,1555.3884,1764.7455,209.35709999999995
nancy,6,100000,1559.2118,1768.8334,209.62159999999994
nancy,6,100000,1563.2584,1772.6705,209.4121
nancy,6,100000,1567.4764,1776.8376,209.36120000000005
nancy,6,100000,1571.5618,1780.9758,209.414
nancy,6,100000,1575.6829,1785.0892,209.40629999999987
nancy,6,100000,1579.7642,1789.1981,209.4339
rennes,6,100000,1789.961,1999.3787,209.41769999999997
nancy,6,100000,1583.8193,1793.2329,209.41359999999986
rennes,6,100000,1428.6785,1638.0568,209.37830000000008
rennes,6,100000,1433.8196,1643.0743,209.25469999999996
rennes,6,100000,1438.5956,1647.9778,209.38219999999978
rennes,6,100000,1443.7196,1653.0226,209.3030000000001
rennes,6,100000,1448.9194,1657.9495,209.03009999999995
rennes,6,100000,1453.7432,1663.1298,209.38660000000004
rennes,6,100000,1458.8352,1667.8315,208.99630000000002
rennes,6,100000,1463.2251,1672.6752,209.4500999999998
rennes,6,100000,1468.3318,1677.6538,209.32200000000012
rennes,6,100000,1794.9099,2004.2537,209.34379999999987
rennes,6,100000,1473.044,1682.3732,209.3291999999999
rennes,6,100000,1478.0266,1687.3834,209.35680000000002
rennes,6,100000,1483.1205,1692.4891,209.36860000000001
rennes,6,100000,1488.4456,1697.8312,209.38560000000007
rennes,6,100000,1493.1876,1702.5648,209.37720000000013
rennes,6,100000,1498.1272,1707.5801,209.4529
rennes,6,100000,1383.9965,1593.4266,209.43010000000004
rennes,6,100000,1388.6183,1598.104,209.48569999999995
rennes,6,100000,1393.9524,1603.4141,209.46170000000006
rennes,6,100000,1398.884,1608.2615,209.37750000000005
rennes,6,100000,1799.8075,2009.2616,209.45410000000015
rennes,6,100000,1403.7303,1613.2357,209.5054
rennes,6,100000,1408.8517,1618.2471,209.3954000000001
rennes,6,100000,1413.7697,1623.3693,209.5996
rennes,6,100000,1418.873,1628.1984,209.32539999999995
rennes,6,100000,1423.6066,1633.2493,209.64269999999988
rennes,6,100000,1428.5022,1637.947,209.4448
rennes,6,100000,1433.2297,1642.7136,209.48389999999995
rennes,6,100000,1438.1979,1647.5745,209.37660000000005
rennes,6,100000,1442.8586,1652.2622,209.40359999999987
rennes,6,100000,1447.7775,1657.2495,209.47199999999998
rennes,6,100000,1805.018,2014.0736,209.0555999999999
rennes,6,100000,1452.1079,1661.525,209.41710000000012
rennes,6,100000,1357.8613,1567.314,209.45270000000005
rennes,6,100000,1362.9658,1572.3004,209.33460000000014
rennes,6,100000,1367.5662,1576.9578,209.39159999999993
rennes,6,100000,1372.4467,1582.0458,209.59910000000013
rennes,6,100000,1377.2372,1586.6818,209.44460000000004
rennes,6,100000,1382.2539,1591.7008,209.44690000000014
rennes,6,100000,1387.5605,1597.143,209.58249999999998
rennes,6,100000,1392.4825,1601.9182,209.4357
rennes,6,100000,1397.317,1606.7595,209.44249999999988
rennes,6,100000,1809.7642,2019.1572,209.39300000000003
rennes,6,100000,1402.2842,1611.7446,209.46039999999994
rennes,6,100000,1407.7632,1616.7488,208.98559999999998
rennes,6,100000,1412.4318,1621.8594,209.42759999999998
rennes,6,100000,1417.1296,1626.5162,209.38660000000004
rennes,6,100000,1421.7157,1631.163,209.44730000000004
rennes,6,100000,1426.8151,1636.2642,209.44910000000004
toulouse,6,100000,1357.2043,1566.3269,209.12259999999992
toulouse,6,100000,1361.4115,1570.4978,209.08630000000016
toulouse,6,100000,1365.021,1574.1926,209.17160000000013
toulouse,6,100000,1368.2864,1577.4409,209.1545000000001
rennes,6,100000,1814.274,2023.6791,209.40510000000017
toulouse,6,100000,1372.8406,1582.0208,209.1802
toulouse,6,100000,1376.7417,1585.8556,209.11390000000006
toulouse,6,100000,1380.6476,1589.6809,209.03330000000005
toulouse,6,100000,1385.352,1594.539,209.1869999999999
toulouse,6,100000,1389.3556,1598.5133,209.15769999999998
toulouse,6,100000,1393.2788,1602.4108,209.13200000000006
toulouse,6,100000,1397.1858,1606.3468,209.16100000000006
toulouse,6,100000,1400.923,1610.0991,209.1760999999999
toulouse,6,100000,1404.7021,1613.8528,209.15069999999992
toulouse,6,100000,1408.3204,1617.4891,209.16869999999994
nantes,6,100000,1735.9058,1945.2639,209.35809999999992
rennes,6,100000,1819.2709,2028.6555,209.3846000000001
toulouse,6,100000,1412.4713,1621.6788,209.20749999999998
nantes,6,100000,1687.7314,1896.7449,209.01350000000002
nantes,6,100000,1693.5325,1902.8943,209.3617999999999
nantes,6,100000,1699.8269,1909.1863,209.35940000000005
nantes,6,100000,1705.58,1914.9984,209.41840000000002
nantes,6,100000,1711.7542,1921.1947,209.44049999999993
nantes,6,100000,1718.23,1927.1626,208.9326000000001
nantes,6,100000,1724.1044,1933.5509,209.44650000000001
nantes,6,100000,1729.965,1938.9308,208.96580000000017
nantes,6,100000,1735.9286,1945.39,209.46140000000014
nantes,6,100000,1742.9354,1951.9794,209.04399999999987
nantes,6,100000,1741.322,1950.7627,209.4407000000001
nantes,6,100000,1747.5679,1957.1108,209.54289999999992
nantes,6,100000,1754.4951,1964.1282,209.6331
nantes,6,100000,1760.4337,1969.9894,209.5556999999999
nantes,6,100000,1767.6251,1977.0294,209.40429999999992
nantes,6,100000,1773.2429,1982.5178,209.27490000000012
nancy,6,100000,1780.9117,1990.2561,209.34439999999995
nancy,6,100000,1784.812,1994.126,209.31400000000008
nancy,6,100000,1788.4702,1997.7876,209.31740000000013
nancy,6,100000,1792.7603,2002.0785,209.31820000000016
nantes,6,100000,1747.8481,1957.5143,209.66620000000012
nancy,6,100000,1796.9381,2006.2711,209.33299999999986
nancy,6,100000,1801.0795,2010.3817,209.30219999999986
nancy,6,100000,1805.2826,2014.6267,209.34410000000003
nancy,6,100000,1809.3468,2018.7211,209.37429999999995
nancy,6,100000,1813.4823,2022.8564,209.3741
nancy,6,100000,1817.2214,2026.5355,209.31410000000005
nancy,6,100000,1821.1134,2030.415,209.3016
nancy,6,100000,1825.0502,2034.3933,209.34310000000005
nancy,6,100000,1829.1473,2038.5005,209.35320000000002
nancy,6,100000,1833.06,2042.3889,209.32889999999998
nantes,6,100000,1754.4711,1963.7976,209.32650000000012
nancy,6,100000,1837.0486,2046.377,209.32839999999987
nancy,6,100000,1753.995,1963.3694,209.37440000000015
nancy,6,100000,1757.7644,1967.1609,209.39650000000006
nancy,6,100000,1761.7032,1971.1191,209.41589999999997
nancy,6,100000,1765.8522,1975.228,209.37580000000003
nancy,6,100000,1769.8761,1979.2521,209.37599999999998
nancy,6,100000,1773.7712,1983.1733,209.40210000000002
nancy,6,100000,1777.6405,1987.0563,209.4158
nancy,6,100000,1781.8584,1991.2557,209.39729999999986
nancy,6,100000,1785.8069,1995.1852,209.37829999999985
nantes,6,100000,1759.8573,1969.2286,209.37130000000002
nancy,6,100000,1789.9363,1999.336,209.39969999999994
nancy,6,100000,1794.1488,2003.5925,209.44370000000004
nancy,6,100000,1797.9355,2007.6174,209.68190000000004
nancy,6,100000,1801.8613,2011.2369,209.37560000000008
nancy,6,100000,1805.6285,2014.9922,209.36369999999988
nancy,6,100000,1809.2318,2018.6753,209.44350000000009
nancy,6,100000,1746.9954,1956.396,209.40059999999994
nancy,6,100000,1750.7245,1960.1683,209.4438
nancy,6,100000,1754.736,1964.1246,209.3886
nancy,6,100000,1758.6925,1968.0922,209.39969999999994
nantes,6,100000,1766.2744,1975.7521,209.4776999999999
nancy,6,100000,1762.6918,1972.0922,209.4004
nancy,6,100000,1766.635,1975.9924,209.3574000000001
nancy,6,100000,1770.6925,1980.089,209.39649999999983
nancy,6,100000,1774.702,1984.1038,209.4018000000001
nancy,6,100000,1778.8934,1988.2932,209.39980000000014
nancy,6,100000,1782.8026,1992.2052,209.40260000000012
nancy,6,100000,1786.8418,1996.2423,209.40049999999997
nancy,6,100000,1790.904,2000.3049,209.4009000000001
nancy,6,100000,1794.8049,2004.2067,209.40179999999987
nancy,6,100000,1798.565,2007.9631,209.39809999999989
nantes,6,100000,1771.7494,1981.2273,209.4779000000001
nancy,6,100000,1802.7892,2012.1898,209.40060000000017
nantes,6,100000,1592.5996,1801.9304,209.33079999999995
nantes,6,100000,1598.1202,1807.4958,209.37559999999985
nantes,6,100000,1603.1992,1812.599,209.3997999999999
nantes,6,100000,1610.0927,1819.4395,209.34680000000003
nantes,6,100000,1615.4875,1824.957,209.46950000000015
nantes,6,100000,1621.9727,1831.0254,209.05269999999996
nantes,6,100000,1627.1704,1836.5787,209.40830000000005
nantes,6,100000,1634.549,1843.9355,209.38650000000007
nantes,6,100000,1639.9124,1849.3073,209.3949
nantes,7,100000,1719.5535,1951.704,232.15049999999997
nantes,7,100000,1774.5721,2006.7614,232.1893
nantes,7,100000,1611.5851,1843.8599,232.2747999999999
nantes,7,100000,1616.8011,1849.0016,232.20050000000015
nantes,7,100000,1624.0143,1856.2877,232.27340000000004
nantes,7,100000,1629.78,1862.0417,232.26170000000002
nantes,7,100000,1636.8365,1869.0829,232.24640000000022
nantes,7,100000,1642.5829,1874.8514,232.2684999999999
nantes,7,100000,1538.8949,1771.0798,232.18489999999997
nantes,7,100000,1544.3435,1776.503,232.15949999999998
nantes,7,100000,1550.4812,1782.6831,232.20190000000002
nantes,7,100000,1556.6599,1788.4999,231.83999999999992
nantes,7,100000,1779.871,2012.1064,232.2353999999998
nantes,7,100000,1561.7896,1794.0118,232.22219999999993
nantes,7,100000,1567.9379,1800.195,232.25710000000004
nantes,7,100000,1574.4911,1806.6239,232.1328000000001
nantes,7,100000,1581.144,1813.3407,232.19669999999996
nantes,7,100000,1586.4259,1818.636,232.2101
nantes,7,100000,1593.3094,1825.489,232.17959999999994
nantes,7,100000,1599.3765,1831.5997,232.2231999999999
nantes,7,100000,1604.5099,1836.7323,232.22239999999988
nantes,7,100000,1610.2239,1842.4747,232.25080000000003
nantes,7,100000,1617.125,1849.3002,232.1751999999999
nantes,7,100000,1786.8779,2019.041,232.1631
nantes,7,100000,1622.4833,1854.7441,232.2607999999998
toulouse,7,100000,1573.9691,1806.1753,232.20620000000008
toulouse,7,100000,1577.673,1809.8798,232.20679999999993
toulouse,7,100000,1580.5997,1812.8634,232.26369999999997
toulouse,7,100000,1585.4342,1817.6892,232.2550000000001
toulouse,7,100000,1589.6185,1821.5613,231.94280000000003
toulouse,7,100000,1592.92,1825.1794,232.2593999999999
toulouse,7,100000,1596.7708,1829.02,232.24919999999997
toulouse,7,100000,1600.2843,1832.5481,232.26379999999995
toulouse,7,100000,1604.9089,1836.8608,231.95190000000002
nantes,7,100000,1792.5076,2024.2185,231.71090000000004
toulouse,7,100000,1608.6306,1840.8113,232.18070000000012
toulouse,7,100000,1612.444,1844.7358,232.29179999999997
toulouse,7,100000,1616.4374,1848.6829,232.2455
toulouse,7,100000,1620.3473,1852.6053,232.25800000000004
toulouse,7,100000,1624.2408,1856.5559,232.31510000000003
toulouse,7,100000,1627.8774,1860.1282,232.25080000000003
toulouse,7,100000,1551.5895,1783.8867,232.29719999999998
toulouse,7,100000,1555.3148,1787.5897,232.2748999999999
toulouse,7,100000,1559.2134,1791.5175,232.30409999999983
toulouse,7,100000,1563.3538,1795.6624,232.30859999999984
nantes,7,100000,1799.1984,2030.91,231.7116000000001
toulouse,7,100000,1567.0413,1799.3507,232.30939999999987
toulouse,7,100000,1571.2135,1803.1532,231.9396999999999
toulouse,7,100000,1574.931,1807.1997,232.26869999999985
toulouse,7,100000,1579.063,1811.3368,232.27379999999994
toulouse,7,100000,1582.8668,1815.176,232.30919999999992
toulouse,7,100000,1586.9636,1819.2413,232.27769999999987
toulouse,7,100000,1590.754,1823.0641,232.31010000000015
toulouse,7,100000,1594.6528,1826.9628,232.30999999999995
toulouse,7,100000,1598.629,1830.9148,232.2858000000001
toulouse,7,100000,1602.6587,1834.9452,232.28650000000016
nantes,7,100000,1804.4541,2036.6893,232.23520000000008
toulouse,7,100000,1606.4712,1838.7571,232.28590000000008
toulouse,7,100000,1544.1915,1776.5581,232.36660000000006
toulouse,7,100000,1547.999,1780.334,232.33500000000004
toulouse,7,100000,1551.9504,1784.3,232.3496
toulouse,7,100000,1555.8253,1788.1968,232.37149999999997
toulouse,7,100000,1559.8785,1792.2036,232.32510000000002
toulouse,7,100000,1564.1744,1796.5007,232.32629999999995
toulouse,7,100000,1568.0798,1800.4167,232.3369
toulouse,7,100000,1571.8861,1804.2106,232.32450000000017
toulouse,7,100000,1575.7344,1808.061,232.32659999999987
rennes,7,100000,1740.8905,1972.6663,231.77580000000012
toulouse,7,100000,1579.7257,1811.9905,232.26480000000015
toulouse,7,100000,1583.6807,1816.0383,232.35760000000005
toulouse,7,100000,1587.2354,1819.5718,232.3363999999999
toulouse,7,100000,1590.9467,1823.2821,232.33539999999994
toulouse,7,100000,1595.3079,1827.6339,232.32600000000002
toulouse,7,100000,1599.1792,1831.52,232.34079999999994
nancy,7,100000,1531.7986,1764.223,232.42439999999988
nancy,7,100000,1535.7019,1768.1074,232.40550000000007
nancy,7,100000,1539.9266,1772.3317,232.40509999999995
nancy,7,100000,1544.1193,1776.5465,232.42719999999986
rennes,7,100000,1745.8004,1977.5975,231.7971
nancy,7,100000,1548.3151,1780.7333,232.41820000000007
nancy,7,100000,1552.4739,1784.9031,232.42920000000004
nancy,7,100000,1556.5724,1788.9952,232.42280000000005
nancy,7,100000,1560.7638,1793.1862,232.42240000000015
nancy,7,100000,1564.9462,1797.3456,232.3994
nancy,7,100000,1568.8336,1801.2128,232.37920000000008
nancy,7,100000,1572.7516,1805.1515,232.3998999999999
nancy,7,100000,1576.8092,1809.2316,232.42240000000015
nancy,7,100000,1580.5042,1812.9259,232.42169999999987
nancy,7,100000,1584.4739,1816.897,232.42309999999998
rennes,7,100000,1750.2316,1982.5054,232.27379999999994
nancy,7,100000,1588.4824,1820.8601,232.3777
nantes,7,100000,1429.9115,1662.141,232.22950000000014
nantes,7,100000,1435.24,1667.4487,232.2086999999999
nantes,7,100000,1441.5051,1673.6985,232.19339999999988
nantes,7,100000,1447.4767,1679.6467,232.17000000000007
nantes,7,100000,1453.7343,1685.5443,231.80999999999995
nantes,7,100000,1459.6793,1691.8901,232.21080000000006
nantes,7,100000,1465.4619,1697.6409,232.1790000000001
nantes,7,100000,1472.2094,1704.1449,231.93550000000005
nantes,7,100000,1477.5863,1709.747,232.16070000000013
rennes,7,100000,1755.332,1987.4185,232.0864999999999
nantes,7,100000,1484.3842,1716.6078,232.22360000000003
nantes,7,100000,1489.8846,1722.08,232.19539999999984
nantes,7,100000,1496.6113,1728.7758,232.16449999999986
nantes,7,100000,1501.9999,1734.2079,232.20800000000008
nantes,7,100000,1508.7909,1740.9911,232.2002
nantes,7,100000,1514.4463,1746.6243,232.17799999999988
rennes,7,100000,1429.7258,1661.9932,232.26739999999995
rennes,7,100000,1435.1067,1666.9836,231.87689999999998
rennes,7,100000,1439.5889,1671.882,232.2931000000001
rennes,7,100000,1444.6924,1676.9867,232.29430000000002
nantes,7,100000,1724.3378,1956.5015,232.16370000000006
rennes,7,100000,1759.9855,1992.2638,232.27829999999994
rennes,7,100000,1449.8436,1682.1409,232.29730000000018
rennes,7,100000,1454.6752,1686.9823,232.3071
rennes,7,100000,1460.2156,1692.0736,231.85799999999995
rennes,7,100000,1464.5728,1696.8872,232.31439999999998
rennes,7,100000,1469.6245,1701.91,232.28550000000018
rennes,7,100000,1474.5953,1706.8895,232.29420000000005
rennes,7,100000,1479.4941,1711.8142,232.32010000000014
rennes,7,100000,1484.0869,1716.3688,232.28189999999995
rennes,7,100000,1489.7715,1721.6414,231.86989999999992
rennes,7,100000,1494.039,1726.3529,232.3139000000001
rennes,7,100000,1764.8733,1997.1249,232.25160000000005
rennes,7,100000,1498.966,1731.2527,232.2867000000001
toulouse,7,100000,1453.1182,1685.396,232.27780000000007
toulouse,7,100000,1456.923,1689.212,232.289
toulouse,7,100000,1462.3289,1694.146,231.81709999999998
toulouse,7,100000,1465.7118,1697.9452,232.23340000000007
toulouse,7,100000,1470.3419,1702.6505,232.30860000000007
toulouse,7,100000,1474.2517,1706.5016,232.24990000000003
toulouse,7,100000,1478.011,1710.2842,232.2732000000001
toulouse,7,100000,1481.6664,1713.9702,232.3037999999999
toulouse,7,100000,1485.8799,1717.8092,231.9293
rennes,7,100000,1769.9878,2002.0719,232.0840999999998
toulouse,7,100000,1489.4773,1721.7932,232.31590000000006
toulouse,7,100000,1493.3633,1725.6718,232.3085000000001
toulouse,7,100000,1497.1865,1729.4583,232.27179999999998
toulouse,7,100000,1501.3134,1733.2378,231.9244000000001
toulouse,7,100000,1504.9718,1737.2445,232.2727
toulouse,7,100000,1509.0392,1741.2445,232.20530000000008
nancy,7,100000,1472.9541,1705.4095,232.45540000000005
nancy,7,100000,1476.7268,1709.1787,232.45190000000002
nancy,7,100000,1481.0981,1713.5022,232.40409999999997
nancy,7,100000,1484.9679,1717.3707,232.40279999999984
rennes,7,100000,1774.5732,2006.8519,232.27869999999984
nancy,7,100000,1488.9655,1721.3702,232.40470000000005
nancy,7,100000,1493.04,1725.4126,232.37260000000015
nancy,7,100000,1496.9525,1729.3549,232.40239999999994
nancy,7,100000,1500.8175,1733.2694,232.4518999999998
nancy,7,100000,1504.9199,1737.3225,232.4025999999999
nancy,7,100000,1508.7928,1741.1974,232.40460000000007
nancy,7,100000,1513.0906,1745.4253,232.3347000000001
nancy,7,100000,1516.8295,1749.2302,232.40069999999992
nancy,7,100000,1520.8304,1753.2313,232.40089999999987
nancy,7,100000,1524.7755,1757.1754,232.39990000000012
rennes,7,100000,1780.2518,2012.099,231.84719999999993
nancy,7,100000,1529.0125,1761.3805,232.36799999999994
rennes,7,100000,1339.7965,1572.0854,232.2889
rennes,7,100000,1344.5513,1576.8297,232.27839999999992
rennes,7,100000,1349.5372,1581.8444,232.30719999999997
rennes,7,100000,1355.0967,1587.0636,231.9668999999999
rennes,7,100000,1359.3627,1591.6604,232.29770000000008
rennes,7,100000,1364.5227,1596.7839,232.26119999999992
rennes,7,100000,1369.6793,1601.9862,232.30690000000004
rennes,7,100000,1374.6545,1606.9401,232.28559999999993
rennes,7,100000,1379.6743,1611.6798,232.00549999999998
rennes,7,100000,1784.4945,2016.7253,232.23080000000004
rennes,7,100000,1384.564,1616.826,232.26199999999994
rennes,7,100000,1389.2352,1621.5325,232.29729999999995
rennes,7,100000,1394.2598,1626.5474,232.28759999999988
rennes,7,100000,1399.2905,1631.5865,232.29599999999982
rennes,7,100000,1404.2926,1636.5886,232.29600000000005
rennes,7,100000,1409.0131,1641.33,232.31690000000003
rennes,7,100000,1331.0088,1563.2808,232.27199999999993
rennes,7,100000,1335.7513,1568.0802,232.3289000000002
rennes,7,100000,1340.8999,1573.5889,232.68900000000008
rennes,7,100000,1346.0708,1577.9247,231.85390000000007
rennes,7,100000,1789.3915,2021.658,232.26649999999995
rennes,7,100000,1350.2518,1582.5731,232.32130000000006
rennes,7,100000,1355.4447,1587.7396,232.2949000000001
rennes,7,100000,1360.4983,1592.3782,231.87990000000013
rennes,7,100000,1365.2118,1597.5183,232.30649999999991
rennes,7,100000,1370.4596,1602.3838,231.92420000000016
rennes,7,100000,1375.4017,1607.2449,231.84320000000002
rennes,7,100000,1380.0034,1612.289,232.28559999999993
rennes,7,100000,1384.9591,1617.2716,232.3125
rennes,7,100000,1389.6501,1621.9358,232.2856999999999
rennes,7,100000,1394.684,1626.981,232.29700000000003
rennes,7,100000,1794.4346,2026.6891,232.2545
rennes,7,100000,1399.4067,1631.7102,232.30349999999999
rennes,7,100000,1324.3405,1556.6353,232.2947999999999
rennes,7,100000,1329.7119,1561.8641,232.1522
rennes,7,100000,1334.3151,1566.2146,231.8995
rennes,7,100000,1338.9897,1571.2511,232.26139999999987
rennes,7,100000,1344.1458,1576.4095,232.26369999999997
rennes,7,100000,1349.1572,1581.4113,232.25409999999988
rennes,7,100000,1353.6978,1585.9755,232.2777000000001
rennes,7,100000,1359.107,1590.9512,231.8442
rennes,7,100000,1363.2457,1595.5424,232.2967000000001
rennes,7,100000,1799.4635,2031.7108,232.2473
rennes,7,100000,1368.2155,1600.4856,232.27009999999996
rennes,7,100000,1373.1117,1605.4204,232.30870000000004
rennes,7,100000,1378.4366,1610.2733,231.83670000000006
rennes,7,100000,1382.5265,1614.7911,232.26459999999997
rennes,7,100000,1387.6875,1619.9601,232.2726
rennes,7,100000,1392.7657,1625.0596,232.29390000000012
toulouse,7,100000,1282.3774,1514.6002,232.2228
toulouse,7,100000,1285.7811,1518.0557,232.27459999999996
toulouse,7,100000,1290.291,1522.569,232.27800000000002
toulouse,7,100000,1294.4435,1526.7158,232.27229999999986
rennes,7,100000,1804.5636,2036.8197,232.25610000000006
toulouse,7,100000,1298.1655,1530.4275,232.26199999999994
toulouse,7,100000,1302.0117,1534.247,232.23530000000005
toulouse,7,100000,1306.1986,1538.0474,231.84879999999998
toulouse,7,100000,1311.362,1543.6455,232.2835
toulouse,7,100000,1315.0065,1547.2778,232.2713000000001
toulouse,7,100000,1318.8962,1551.1277,232.2315000000001
toulouse,7,100000,1322.7289,1555.0039,232.27499999999986
toulouse,7,100000,1326.5393,1558.8336,232.29430000000002
toulouse,7,100000,1330.4991,1562.7567,232.2575999999999
toulouse,7,100000,1334.2842,1566.5872,232.30299999999988
nantes,7,100000,1731.3247,1963.5193,232.19460000000004
rennes,7,100000,1809.2812,2041.5214,232.2402000000002
toulouse,7,100000,1338.0725,1570.343,232.27050000000008
nantes,7,100000,1662.242,1894.5007,232.2587000000001
nantes,7,100000,1667.7893,1900.0599,232.27060000000006
nantes,7,100000,1673.2723,1905.5249,232.2525999999998
nantes,7,100000,1679.6191,1911.3184,231.69930000000022
nantes,7,100000,1685.378,1917.6108,232.2328
nantes,7,100000,1692.1062,1923.9204,231.81420000000003
nantes,7,100000,1697.3352,1929.5824,232.24720000000002
nantes,7,100000,1703.7346,1935.9794,232.24479999999994
nantes,7,100000,1708.9889,1941.3043,232.31539999999995
nantes,7,100000,1736.6696,1968.9017,232.23209999999995
nantes,7,100000,1715.4287,1947.6931,232.26440000000002
nantes,7,100000,1721.3599,1953.0464,231.68650000000002
nantes,7,100000,1727.5808,1959.8385,232.2577000000001
nantes,7,100000,1733.1212,1965.3563,232.23509999999987
nantes,7,100000,1739.8208,1972.0704,232.2496000000001
nantes,7,100000,1745.5366,1977.6692,232.13260000000014
nancy,7,100000,1766.3264,1998.7247,232.39830000000006
nancy,7,100000,1770.1709,2002.5458,232.37490000000003
nancy,7,100000,1774.2988,2006.6786,232.37979999999993
nancy,7,100000,1778.241,2010.6171,232.37609999999995
nantes,7,100000,1743.2833,1975.5099,232.22659999999996
nancy,7,100000,1782.2389,2014.6329,232.394
nancy,7,100000,1786.3546,2018.749,232.39440000000013
nancy,7,100000,1790.576,2022.9762,232.40020000000004
nancy,7,100000,1794.6555,2027.0529,232.39739999999983
nancy,7,100000,1798.8386,2031.214,232.3753999999999
nancy,7,100000,1802.8761,2035.2576,232.38149999999996
nancy,7,100000,1807.0374,2039.4375,232.40010000000007
nancy,7,100000,1811.0024,2043.401,232.3986
nancy,7,100000,1815.3574,2047.755,232.3976
nancy,7,100000,1819.4781,2051.8157,232.33760000000007
nantes,7,100000,1749.556,1981.802,232.24599999999987
nancy,7,100000,1823.4067,2055.8044,232.3977
nancy,7,100000,1739.375,1971.7405,232.3655000000001
nancy,7,100000,1743.0858,1975.4535,232.3677
nancy,7,100000,1747.1625,1979.5625,232.4000000000001
nancy,7,100000,1751.2078,1983.5957,232.38790000000017
nancy,7,100000,1755.2291,1987.6299,232.4007999999999
nancy,7,100000,1759.1848,1991.5754,232.39059999999995
nancy,7,100000,1763.1346,1995.5328,232.39819999999986
nancy,7,100000,1767.2415,1999.6312,232.38969999999995
nancy,7,100000,1771.2683,2003.6385,232.37020000000007
nantes,7,100000,1755.606,1987.3212,231.7152000000001
nancy,7,100000,1775.3982,2007.7908,232.3925999999999
nancy,7,100000,1779.3541,2011.7418,232.3877
nancy,7,100000,1783.4663,2015.8677,232.40139999999997
nancy,7,100000,1787.3938,2019.7771,232.38329999999996
nancy,7,100000,1791.2152,2023.5784,232.3632
nancy,7,100000,1794.9314,2027.3315,232.40010000000007
nancy,7,100000,1712.095,1944.5082,232.41319999999996
nancy,7,100000,1715.925,1948.2871,232.36210000000005
nancy,7,100000,1719.8673,1952.2855,232.41820000000007
nancy,7,100000,1723.7546,1956.2401,232.4855
nantes,7,100000,1762.0728,1994.2476,232.1748
nancy,7,100000,1727.8373,1960.2573,232.42000000000007
nancy,7,100000,1732.0278,1964.3895,232.36169999999993
nancy,7,100000,1735.9594,1968.3812,232.42180000000008
nancy,7,100000,1739.8164,1972.2262,232.40980000000013
nancy,7,100000,1743.6842,1976.1022,232.41800000000012
nancy,7,100000,1747.5059,1979.9264,232.42049999999995
nancy,7,100000,1751.4608,1983.8834,232.42259999999987
nancy,7,100000,1755.3228,1987.741,232.41820000000007
nancy,7,100000,1759.2285,1991.6484,232.4199000000001
nancy,7,100000,1763.0262,1995.4409,232.41470000000004
nantes,7,100000,1767.216,1999.4572,232.24120000000016
nancy,7,100000,1766.9188,1999.2369,232.3181000000002
nantes,7,100000,1556.7404,1788.9728,232.2324000000001
nantes,7,100000,1562.457,1794.719,232.26199999999994
nantes,7,100000,1568.5077,1800.4436,231.93589999999995
nantes,7,100000,1575.0697,1807.3219,232.2521999999999
nantes,7,100000,1580.5559,1812.5392,231.98329999999987
nantes,7,100000,1586.812,1818.6725,231.8605
nantes,7,100000,1592.8998,1825.1593,232.25950000000012
nantes,7,100000,1599.5681,1831.8274,232.25929999999994
nantes,7,100000,1604.7638,1837.0316,232.26780000000008
nantes,8,100000,1777.7588,1971.8871,194.12829999999985
nantes,8,100000,1831.2241,2025.3556,194.1315000000002
nantes,8,100000,1669.5333,1863.6844,194.15110000000004
nantes,8,100000,1676.3892,1870.5111,194.12189999999987
nantes,8,100000,1683.2616,1877.3843,194.1226999999999
nantes,8,100000,1688.715,1882.8325,194.11750000000006
nantes,8,100000,1695.378,1889.4926,194.1146000000001
nantes,8,100000,1700.9349,1895.0538,194.11889999999994
nantes,8,100000,1556.7065,1750.853,194.14650000000006
nantes,8,100000,1563.9968,1757.5734,193.5766000000001
nantes,8,100000,1568.6963,1762.8806,194.1842999999999
nantes,8,100000,1575.1394,1769.3187,194.1793
nantes,8,100000,1837.0657,2031.2207,194.15499999999997
nantes,8,100000,1582.4915,1776.2666,193.77509999999984
nantes,8,100000,1587.8458,1782.049,194.20319999999992
nantes,8,100000,1594.6448,1788.7612,194.11639999999989
nantes,8,100000,1599.9775,1794.117,194.1395
nantes,8,100000,1606.8258,1800.9708,194.14499999999998
nantes,8,100000,1612.1245,1806.2517,194.12720000000013
nantes,8,100000,1619.3788,1813.1066,193.72780000000012
nantes,8,100000,1624.7091,1818.8486,194.1395
nantes,8,100000,1630.1804,1824.3868,194.20640000000003
nantes,8,100000,1637.0498,1831.1951,194.1452999999999
nantes,8,100000,1843.9106,2038.0342,194.12360000000012
nantes,8,100000,1642.9108,1837.1183,194.20749999999998
toulouse,8,100000,1628.5975,1823.8431,195.24559999999997
toulouse,8,100000,1633.7671,1828.6951,194.92799999999988
toulouse,8,100000,1637.022,1832.304,195.28200000000015
toulouse,8,100000,1641.0289,1836.3165,195.28759999999988
toulouse,8,100000,1645.5731,1840.8744,195.30129999999986
toulouse,8,100000,1650.169,1845.4907,195.32169999999996
toulouse,8,100000,1655.5425,1850.5679,195.0254
toulouse,8,100000,1659.421,1854.7156,195.29459999999995
toulouse,8,100000,1663.0798,1858.3917,195.31189999999992
nantes,8,100000,1849.0918,2043.2522,194.16039999999998
toulouse,8,100000,1667.1628,1862.1002,194.93740000000003
toulouse,8,100000,1670.2363,1865.482,195.24569999999994
toulouse,8,100000,1674.5795,1869.8657,195.2862
toulouse,8,100000,1678.5533,1873.6,195.04669999999987
toulouse,8,100000,1681.7655,1877.0371,195.27160000000003
toulouse,8,100000,1685.6484,1880.9515,195.30309999999986
toulouse,8,100000,1582.4072,1777.6935,195.28629999999998
toulouse,8,100000,1587.3622,1782.2191,194.8569
toulouse,8,100000,1590.598,1785.8829,195.2849000000001
toulouse,8,100000,1594.2397,1789.498,195.25829999999996
nantes,8,100000,1855.6222,2049.7493,194.12709999999993
toulouse,8,100000,1598.1265,1793.3948,195.26829999999995
toulouse,8,100000,1602.1338,1797.369,195.23519999999985
toulouse,8,100000,1605.9828,1801.2437,195.2609
toulouse,8,100000,1610.1207,1804.9073,194.78660000000013
toulouse,8,100000,1613.4584,1808.742,195.28359999999998
toulouse,8,100000,1617.6888,1812.9282,195.23940000000016
toulouse,8,100000,1621.9354,1816.8002,194.86479999999983
toulouse,8,100000,1625.3422,1820.6031,195.2609
toulouse,8,100000,1629.2042,1824.4645,195.26030000000014
toulouse,8,100000,1633.0054,1828.2924,195.28700000000003
nantes,8,100000,1862.4434,2056.0935,193.65009999999984
toulouse,8,100000,1637.1493,1832.4144,195.26509999999985
toulouse,8,100000,1551.0344,1746.2146,195.1802
toulouse,8,100000,1555.1398,1750.4078,195.26800000000003
toulouse,8,100000,1559.059,1754.2888,195.22980000000007
toulouse,8,100000,1563.0317,1758.2622,195.2304999999999
toulouse,8,100000,1566.7631,1761.9924,195.2293000000002
toulouse,8,100000,1570.532,1765.764,195.23199999999997
toulouse,8,100000,1576.597,1771.8732,195.27620000000002
toulouse,8,100000,1580.376,1775.619,195.24299999999994
toulouse,8,100000,1584.2571,1779.4971,195.24
rennes,8,100000,1803.0273,1997.3082,194.28089999999997
toulouse,8,100000,1587.8456,1783.12,195.2743999999998
toulouse,8,100000,1592.1401,1787.3821,195.24199999999996
toulouse,8,100000,1595.9445,1791.2191,195.27459999999996
toulouse,8,100000,1599.8287,1795.1038,195.27510000000007
toulouse,8,100000,1603.8141,1799.0569,195.2428
toulouse,8,100000,1607.6533,1802.8982,195.24490000000014
nancy,8,100000,1543.7297,1739.1697,195.43999999999983
nancy,8,100000,1547.7081,1743.1716,195.46349999999984
nancy,8,100000,1551.6696,1747.1226,195.45299999999997
nancy,8,100000,1555.411,1750.8522,195.44119999999998
rennes,8,100000,1807.6128,2001.6349,194.0220999999999
nancy,8,100000,1559.2515,1754.6866,195.43509999999992
nancy,8,100000,1563.1433,1758.516,195.37270000000012
nancy,8,100000,1566.9015,1762.3434,195.44190000000003
nancy,8,100000,1570.7489,1766.192,195.44309999999996
nancy,8,100000,1574.6892,1770.1514,195.46219999999994
nancy,8,100000,1578.7081,1774.1687,195.46059999999989
nancy,8,100000,1582.5576,1778.0151,195.45749999999998
nancy,8,100000,1586.7462,1782.1875,195.44129999999996
nancy,8,100000,1590.4998,1785.9409,195.4411
nancy,8,100000,1594.5002,1789.9393,195.43910000000005
rennes,8,100000,1812.684,2006.6956,194.01160000000004
nancy,8,100000,1598.398,1793.8585,195.46050000000014
nantes,8,100000,1392.1292,1586.2512,194.12199999999984
nantes,8,100000,1397.2583,1591.4164,194.1581000000001
nantes,8,100000,1404.0344,1598.1351,194.10069999999996
nantes,8,100000,1409.7197,1603.848,194.12829999999985
nantes,8,100000,1416.5148,1610.6162,194.1014
nantes,8,100000,1422.7963,1616.9259,194.12959999999998
nantes,8,100000,1429.4437,1623.2996,193.85590000000002
nantes,8,100000,1435.0446,1629.1692,194.1246000000001
nantes,8,100000,1441.9907,1636.1077,194.11699999999996
rennes,8,100000,1817.7185,2011.4401,193.72160000000008
nantes,8,100000,1448.2867,1642.4324,194.1456999999998
nantes,8,100000,1453.571,1647.7166,194.14560000000006
nantes,8,100000,1460.4717,1654.5646,194.09289999999987
nantes,8,100000,1465.7728,1659.9224,194.14959999999996
nantes,8,100000,1472.645,1666.7695,194.12450000000013
nantes,8,100000,1478.6195,1672.7395,194.1199999999999
rennes,8,100000,1423.9631,1617.6842,193.72109999999998
rennes,8,100000,1428.0288,1622.2029,194.17409999999995
rennes,8,100000,1432.9174,1627.089,194.1715999999999
rennes,8,100000,1437.6039,1631.78,194.1760999999999
nantes,8,100000,1783.2362,1977.3729,194.13670000000002
rennes,8,100000,1822.8892,2016.7108,193.8216
rennes,8,100000,1442.3518,1636.5259,194.17410000000018
rennes,8,100000,1447.9172,1641.6495,193.7322999999999
rennes,8,100000,1452.2767,1646.4088,194.13210000000004
rennes,8,100000,1457.1798,1651.3738,194.1940000000002
rennes,8,100000,1462.4141,1656.1606,193.74649999999997
rennes,8,100000,1466.8507,1661.0135,194.16280000000006
rennes,8,100000,1471.4069,1665.6011,194.19420000000014
rennes,8,100000,1476.1932,1670.343,194.14980000000014
rennes,8,100000,1481.1877,1675.3805,194.19280000000003
rennes,8,100000,1486.2606,1680.3839,194.12329999999997
rennes,8,100000,1827.7292,2021.4794,193.75019999999995
rennes,8,100000,1491.3337,1685.478,194.14430000000016
toulouse,8,100000,1410.8569,1605.9963,195.13940000000002
toulouse,8,100000,1415.2596,1610.4106,195.15099999999984
toulouse,8,100000,1419.637,1614.3302,194.69320000000016
toulouse,8,100000,1423.4176,1618.1738,194.75620000000004
toulouse,8,100000,1426.942,1622.0814,195.13940000000002
toulouse,8,100000,1430.4869,1625.6173,195.13039999999978
toulouse,8,100000,1434.136,1629.2949,195.15890000000013
toulouse,8,100000,1438.1854,1633.2922,195.10680000000002
toulouse,8,100000,1441.9513,1637.179,195.22770000000014
rennes,8,100000,1832.9197,2026.7449,193.8252
toulouse,8,100000,1446.1711,1641.2764,195.10529999999994
toulouse,8,100000,1449.8529,1645.0447,195.19179999999983
toulouse,8,100000,1453.7345,1648.9249,195.19039999999995
toulouse,8,100000,1457.4723,1652.6248,195.15250000000015
toulouse,8,100000,1461.4744,1656.6671,195.19269999999983
toulouse,8,100000,1465.3656,1660.5342,195.16859999999997
nancy,8,100000,1422.9913,1618.3679,195.37660000000005
nancy,8,100000,1426.7299,1622.1104,195.38049999999998
nancy,8,100000,1430.4066,1625.9231,195.51649999999995
nancy,8,100000,1434.8655,1630.3228,195.4572999999998
rennes,8,100000,1837.3912,2031.4224,194.0311999999999
nancy,8,100000,1438.8319,1634.3014,195.46950000000015
nancy,8,100000,1442.8068,1638.2664,195.4595999999999
nancy,8,100000,1446.7344,1642.1891,195.4547
nancy,8,100000,1450.683,1646.0406,195.35760000000005
nancy,8,100000,1455.1122,1650.5575,195.44529999999986
nancy,8,100000,1459.3745,1654.7996,195.42510000000016
nancy,8,100000,1463.4034,1658.7849,195.3815000000002
nancy,8,100000,1467.3726,1662.841,195.46839999999997
nancy,8,100000,1471.5734,1667.0302,195.45679999999993
nancy,8,100000,1475.3068,1670.7659,195.45910000000003
rennes,8,100000,1842.4486,2036.581,194.13239999999996
nancy,8,100000,1479.2948,1674.7539,195.45910000000003
rennes,8,100000,1294.8306,1488.4305,193.59989999999993
rennes,8,100000,1299.0538,1493.0629,194.0091
rennes,8,100000,1303.9098,1497.9841,194.0743
rennes,8,100000,1309.3385,1502.8982,193.55970000000002
rennes,8,100000,1313.7662,1507.7815,194.01530000000002
rennes,8,100000,1319.2085,1512.7719,193.5634
rennes,8,100000,1323.3363,1517.356,194.01970000000006
rennes,8,100000,1328.5172,1522.517,193.99980000000005
rennes,8,100000,1333.3368,1527.3488,194.01199999999994
rennes,8,100000,1847.0621,2041.085,194.02289999999994
rennes,8,100000,1337.9979,1532.0012,194.00329999999985
rennes,8,100000,1342.751,1536.7721,194.02109999999993
rennes,8,100000,1347.4626,1541.5123,194.04970000000003
rennes,8,100000,1352.4305,1546.4363,194.00580000000014
rennes,8,100000,1357.184,1551.182,193.99800000000005
rennes,8,100000,1362.1536,1556.2,194.04639999999995
rennes,8,100000,1237.893,1431.7358,193.8427999999999
rennes,8,100000,1242.2507,1436.4022,194.15149999999994
rennes,8,100000,1247.3835,1441.5404,194.15690000000018
rennes,8,100000,1252.168,1446.3052,194.13720000000012
rennes,8,100000,1851.6433,2045.7931,194.14980000000014
rennes,8,100000,1257.6697,1451.5222,193.8525000000002
rennes,8,100000,1262.3401,1456.4104,194.0703000000001
rennes,8,100000,1267.6206,1461.4382,193.81760000000008
rennes,8,100000,1272.4341,1466.5485,194.11440000000016
rennes,8,100000,1277.2817,1471.3712,194.08950000000004
rennes,8,100000,1281.9078,1476.0447,194.13689999999997
rennes,8,100000,1286.9711,1481.0491,194.07799999999997
rennes,8,100000,1291.9684,1485.8451,193.87670000000003
rennes,8,100000,1296.5408,1490.6633,194.12249999999995
rennes,8,100000,1301.1129,1495.2334,194.1205
rennes,8,100000,1856.9343,2050.9492,194.01490000000013
rennes,8,100000,1306.4758,1500.5757,194.09990000000016
rennes,8,100000,1226.1682,1419.8959,193.7276999999999
rennes,8,100000,1230.5532,1424.6813,194.1280999999999
rennes,8,100000,1235.2678,1429.385,194.1171999999999
rennes,8,100000,1240.0825,1434.2343,194.1518000000001
rennes,8,100000,1245.4164,1439.528,194.11159999999995
rennes,8,100000,1250.499,1444.6464,194.14740000000006
rennes,8,100000,1255.562,1449.3036,193.74160000000006
rennes,8,100000,1259.9882,1454.1069,194.1187
rennes,8,100000,1264.4984,1458.6512,194.15280000000007
rennes,8,100000,1861.6368,2055.6335,193.99669999999992
rennes,8,100000,1269.8142,1463.9637,194.1495
rennes,8,100000,1274.88,1468.6613,193.78129999999987
rennes,8,100000,1279.3165,1473.4543,194.1378000000002
rennes,8,100000,1284.4333,1478.5709,194.13760000000002
rennes,8,100000,1289.3982,1483.5216,194.12339999999995
rennes,8,100000,1294.2743,1488.4207,194.14639999999986
toulouse,8,100000,1212.2333,1407.601,195.3677
toulouse,8,100000,1216.1176,1411.5098,195.3922
toulouse,8,100000,1220.1975,1415.5398,195.34230000000002
toulouse,8,100000,1224.3114,1419.6776,195.36619999999994
rennes,8,100000,1866.9558,2060.9546,193.99880000000007
toulouse,8,100000,1228.2308,1423.571,195.34019999999987
toulouse,8,100000,1232.3203,1427.6866,195.3662999999999
toulouse,8,100000,1236.2745,1431.6351,195.36059999999998
toulouse,8,100000,1239.6843,1435.0571,195.3728000000001
toulouse,8,100000,1244.4244,1439.7928,195.36839999999984
toulouse,8,100000,1248.1525,1443.5186,195.3661000000002
toulouse,8,100000,1252.1234,1447.4966,195.3732
toulouse,8,100000,1255.6025,1450.9432,195.34069999999997
toulouse,8,100000,1259.947,1455.3167,195.3697000000002
toulouse,8,100000,1264.1007,1459.4576,195.3569
nantes,8,100000,1789.2653,1983.4365,194.1712
rennes,8,100000,1871.5138,2065.5198,194.00600000000009
toulouse,8,100000,1267.8427,1463.1831,195.34040000000005
nantes,8,100000,1719.2833,1913.4097,194.12639999999988
nantes,8,100000,1725.0156,1919.167,194.15139999999997
nantes,8,100000,1731.8018,1925.9763,194.17450000000008
nantes,8,100000,1737.1984,1931.3663,194.16789999999992
nantes,8,100000,1744.4365,1938.205,193.7684999999999
nantes,8,100000,1750.2094,1944.0477,193.83830000000012
nantes,8,100000,1755.9839,1950.1338,194.14990000000012
nantes,8,100000,1762.6948,1956.7914,194.09660000000008
nantes,8,100000,1768.1562,1962.3013,194.14510000000018
nantes,8,100000,1795.0115,1989.1768,194.1652999999999
nantes,8,100000,1774.722,1968.8668,194.14480000000003
nantes,8,100000,1780.3093,1974.4756,194.1663000000001
nantes,8,100000,1787.289,1981.384,194.09500000000003
nantes,8,100000,1792.8126,1986.9498,194.13720000000012
nantes,8,100000,1800.3693,1994.4799,194.11059999999998
nantes,8,100000,1805.9987,2000.1354,194.1366999999998
nancy,8,100000,1801.1884,1996.6499,195.4614999999999
nancy,8,100000,1805.062,2000.4861,195.42410000000018
nancy,8,100000,1809.0208,2004.487,195.46620000000007
nancy,8,100000,1813.0269,2008.4966,195.46969999999988
nantes,8,100000,1801.285,1995.4484,194.1633999999999
nancy,8,100000,1816.9889,2012.3904,195.40149999999994
nancy,8,100000,1820.7963,2016.3024,195.50610000000006
nancy,8,100000,1824.9714,2020.4287,195.45730000000003
nancy,8,100000,1829.0958,2024.5533,195.45749999999998
nancy,8,100000,1832.9901,2028.45,195.45990000000006
nancy,8,100000,1836.8165,2032.2828,195.46630000000005
nancy,8,100000,1840.3866,2035.8474,195.46080000000006
nancy,8,100000,1844.4009,2039.8632,195.4622999999999
nancy,8,100000,1848.1848,2043.6318,195.44700000000012
nancy,8,100000,1852.2992,2047.7004,195.40120000000002
nantes,8,100000,1807.2042,2000.7765,193.57230000000004
nancy,8,100000,1856.301,2051.7605,195.45949999999993
nancy,8,100000,1794.9702,1990.3676,195.39740000000006
nancy,8,100000,1798.8816,1994.294,195.41240000000016
nancy,8,100000,1802.8447,1998.2863,195.44159999999988
nancy,8,100000,1806.952,2002.444,195.49199999999996
nancy,8,100000,1811.4424,2006.434,194.99160000000006
nancy,8,100000,1815.3401,2010.7539,195.41380000000004
nancy,8,100000,1819.3816,2014.8243,195.44270000000006
nancy,8,100000,1823.324,2018.7426,195.41859999999997
nancy,8,100000,1827.2457,2022.6879,195.44219999999996
nantes,8,100000,1813.6671,2007.842,194.1749000000002
nancy,8,100000,1831.1976,2026.6201,195.42250000000013
nancy,8,100000,1835.0205,2030.4601,195.43959999999993
nancy,8,100000,1839.051,2034.4899,195.4389000000001
nancy,8,100000,1842.9634,2038.357,195.39359999999988
nancy,8,100000,1846.9874,2042.4034,195.41599999999994
nancy,8,100000,1850.641,2046.082,195.44100000000003
nancy,8,100000,1776.2784,1971.7172,195.43880000000013
nancy,8,100000,1780.2422,1975.6539,195.4117000000001
nancy,8,100000,1784.3298,1979.7676,195.43779999999992
nancy,8,100000,1788.3657,1983.8031,195.43740000000003
nantes,8,100000,1819.2924,2013.4237,194.1313
nancy,8,100000,1792.4302,1987.8691,195.43889999999988
nancy,8,100000,1796.375,1991.7877,195.4127000000001
nancy,8,100000,1800.6616,1996.1016,195.44000000000005
nancy,8,100000,1804.7482,2000.1628,195.41460000000006
nancy,8,100000,1808.9976,2004.4093,195.4117000000001
nancy,8,100000,1813.01,2008.4506,195.4405999999999
nancy,8,100000,1817.0259,2012.4407,195.4148
nancy,8,100000,1821.2273,2016.6626,195.4353000000001
nancy,8,100000,1825.3674,2020.804,195.4366
nancy,8,100000,1829.289,2024.7078,195.41879999999992
nantes,8,100000,1825.936,2020.0743,194.13830000000007
nancy,8,100000,1833.3645,2028.7843,195.41980000000012
nantes,8,100000,1615.0186,1809.1211,194.10249999999996
nantes,8,100000,1620.5251,1814.6746,194.1495
nantes,8,100000,1627.0476,1821.172,194.12439999999992
nantes,8,100000,1632.5505,1826.6764,194.1259
nantes,8,100000,1639.6581,1833.488,193.82989999999995
nantes,8,100000,1645.5817,1839.6792,194.09750000000008
nantes,8,100000,1651.9307,1846.0416,194.11090000000013
nantes,8,100000,1657.4652,1851.5845,194.11929999999984
nantes,8,100000,1664.6893,1858.3717,193.68239999999992
nantes,9,100000,1739.1201,1946.224,207.10389999999984
nantes,9,100000,1794.3337,2001.4836,207.14990000000012
nantes,9,100000,1692.2369,1899.2489,207.01199999999994
nantes,9,100000,1697.6378,1904.578,206.9402
nantes,9,100000,1704.597,1911.6063,207.00929999999994
nantes,9,100000,1709.6655,1916.6438,206.9783
nantes,9,100000,1716.8143,1923.8107,206.9964
nantes,9,100000,1722.7441,1929.6685,206.9244000000001
nantes,9,100000,1606.2269,1813.2135,206.98660000000018
nantes,9,100000,1611.1711,1818.1615,206.9903999999999
nantes,9,100000,1617.5411,1824.5409,206.99980000000005
nantes,9,100000,1622.9718,1830.0173,207.04549999999995
nantes,9,100000,1799.6908,2006.835,207.14419999999996
nantes,9,100000,1629.9253,1836.5325,206.60719999999992
nantes,9,100000,1635.1141,1842.14,207.0259000000001
nantes,9,100000,1641.7649,1848.7477,206.9828
nantes,9,100000,1647.1255,1854.1158,206.99029999999993
nantes,9,100000,1654.2614,1860.9553,206.69389999999999
nantes,9,100000,1659.6344,1866.6687,207.03430000000003
nantes,9,100000,1666.2502,1873.2434,206.99320000000012
nantes,9,100000,1671.9208,1878.9537,207.03289999999993
nantes,9,100000,1678.1296,1885.1552,207.02559999999994
nantes,9,100000,1685.1697,1892.1516,206.9819
nantes,9,100000,1807.0605,2014.1669,207.1063999999999
nantes,9,100000,1691.1952,1898.2212,207.02599999999984
toulouse,9,100000,1667.5123,1874.5405,207.02819999999997
toulouse,9,100000,1671.446,1878.5045,207.0585000000001
toulouse,9,100000,1675.3457,1882.4082,207.0625
toulouse,9,100000,1679.1113,1886.1542,207.04289999999992
toulouse,9,100000,1682.8472,1889.9114,207.06420000000003
toulouse,9,100000,1687.108,1894.1775,207.06950000000006
toulouse,9,100000,1690.9976,1898.072,207.07439999999997
toulouse,9,100000,1694.7925,1901.8369,207.0444
toulouse,9,100000,1698.8065,1905.8505,207.0440000000001
nantes,9,100000,1812.4393,2019.6719,207.23260000000005
toulouse,9,100000,1703.3389,1910.3717,207.03279999999995
toulouse,9,100000,1707.0,1914.0303,207.0302999999999
toulouse,9,100000,1710.6526,1917.703,207.05040000000008
toulouse,9,100000,1715.1506,1922.2231,207.0725
toulouse,9,100000,1718.9119,1925.9469,207.03499999999985
toulouse,9,100000,1723.1503,1930.1942,207.0438999999999
toulouse,9,100000,1622.7993,1829.8236,207.02430000000004
toulouse,9,100000,1627.9507,1834.9833,207.0326
toulouse,9,100000,1632.0502,1839.0925,207.04230000000007
toulouse,9,100000,1637.0848,1844.0612,206.9764
nantes,9,100000,1818.9788,2025.9685,206.98969999999986
toulouse,9,100000,1640.8738,1847.84,206.96619999999984
toulouse,9,100000,1644.9501,1851.8984,206.94830000000002
toulouse,9,100000,1648.8297,1855.793,206.9632999999999
toulouse,9,100000,1652.1871,1859.1826,206.9955
toulouse,9,100000,1656.2804,1863.3171,207.03669999999988
toulouse,9,100000,1660.3069,1867.3646,207.05770000000007
toulouse,9,100000,1665.0436,1871.5293,206.48569999999995
toulouse,9,100000,1668.283,1875.2815,206.99850000000015
toulouse,9,100000,1671.8452,1878.8342,206.98900000000003
toulouse,9,100000,1676.1249,1883.0779,206.95299999999997
nantes,9,100000,1825.6508,2032.4177,206.76690000000008
toulouse,9,100000,1680.8518,1887.8691,207.01729999999998
toulouse,9,100000,1606.8289,1813.6527,206.82380000000012
toulouse,9,100000,1611.9993,1818.9226,206.92330000000015
toulouse,9,100000,1616.1628,1822.74,206.57719999999995
toulouse,9,100000,1619.4961,1826.4198,206.92369999999983
toulouse,9,100000,1623.3495,1830.272,206.9224999999999
toulouse,9,100000,1627.5258,1834.4497,206.9239
toulouse,9,100000,1631.0702,1838.0535,206.98329999999987
toulouse,9,100000,1634.9232,1841.8461,206.92290000000003
toulouse,9,100000,1638.1736,1845.0627,206.88909999999987
rennes,9,100000,1745.5049,1952.2234,206.71850000000018
toulouse,9,100000,1642.4167,1849.359,206.94229999999993
toulouse,9,100000,1646.3503,1853.2875,206.93719999999985
toulouse,9,100000,1651.0933,1858.0413,206.9480000000001
toulouse,9,100000,1655.4294,1862.3643,206.93489999999997
toulouse,9,100000,1660.389,1867.3434,206.95440000000008
toulouse,9,100000,1664.3843,1871.2811,206.89679999999998
nancy,9,100000,1610.8058,1818.035,207.2292
nancy,9,100000,1614.9059,1821.9857,207.07979999999998
nancy,9,100000,1618.9663,1826.0449,207.07860000000005
nancy,9,100000,1622.8848,1829.9794,207.0945999999999
rennes,9,100000,1750.0415,1956.7795,206.73800000000006
nancy,9,100000,1626.9264,1834.0245,207.09809999999993
nancy,9,100000,1631.2631,1838.3574,207.0943000000002
nancy,9,100000,1635.0988,1842.2974,207.19859999999994
nancy,9,100000,1639.0267,1846.1234,207.09670000000006
nancy,9,100000,1642.4974,1849.5768,207.07940000000008
nancy,9,100000,1646.5526,1853.5879,207.0353
nancy,9,100000,1650.5222,1857.6002,207.07799999999997
nancy,9,100000,1654.2218,1861.3784,207.15660000000003
nancy,9,100000,1658.0928,1865.2887,207.19590000000017
nancy,9,100000,1662.1697,1869.2657,207.096
rennes,9,100000,1754.4496,1961.4426,206.99300000000017
nancy,9,100000,1665.9113,1873.0854,207.17409999999995
nantes,9,100000,1494.8873,1701.5714,206.68409999999994
nantes,9,100000,1499.5597,1706.5778,207.0181
nantes,9,100000,1506.2468,1712.8315,206.5847000000001
nantes,9,100000,1511.8466,1718.8313,206.98469999999998
nantes,9,100000,1517.8661,1724.8328,206.96669999999995
nantes,9,100000,1523.6537,1730.6239,206.97019999999998
nantes,9,100000,1530.9253,1737.506,206.58069999999998
nantes,9,100000,1536.6682,1743.6178,206.94959999999992
nantes,9,100000,1544.0126,1750.6794,206.66679999999997
rennes,9,100000,1759.5692,1966.48,206.9108000000001
nantes,9,100000,1549.3751,1756.379,207.00389999999993
nantes,9,100000,1555.0507,1762.043,206.9922999999999
nantes,9,100000,1561.6982,1768.661,206.96280000000002
nantes,9,100000,1566.9036,1773.8948,206.99119999999994
nantes,9,100000,1574.2213,1781.2051,206.98379999999997
nantes,9,100000,1580.3018,1787.2764,206.9746
rennes,9,100000,1514.6255,1721.703,207.07749999999987
rennes,9,100000,1519.8411,1726.682,206.84089999999992
rennes,9,100000,1525.0789,1731.8187,206.73980000000006
rennes,9,100000,1529.973,1737.0076,207.03459999999995
nantes,9,100000,1745.4071,1952.171,206.76390000000015
rennes,9,100000,1764.4363,1971.4229,206.98659999999995
rennes,9,100000,1534.9171,1742.1235,207.20640000000003
rennes,9,100000,1540.2858,1747.0498,206.7639999999999
rennes,9,100000,1545.2009,1752.209,207.0081
rennes,9,100000,1550.3302,1757.1504,206.8201999999999
rennes,9,100000,1554.8488,1761.9391,207.09030000000007
rennes,9,100000,1559.5526,1766.562,207.0093999999999
rennes,9,100000,1565.0049,1772.1505,207.14560000000006
rennes,9,100000,1570.365,1777.1459,206.78089999999997
rennes,9,100000,1575.9213,1782.938,207.01670000000013
rennes,9,100000,1581.0914,1788.1207,207.02929999999992
rennes,9,100000,1769.5118,1976.5544,207.0426
rennes,9,100000,1586.0431,1793.1283,207.0852
toulouse,9,100000,1497.2177,1704.2761,207.05840000000012
toulouse,9,100000,1501.0806,1708.1439,207.06330000000003
toulouse,9,100000,1504.852,1711.9156,207.06359999999995
toulouse,9,100000,1508.427,1715.5071,207.08010000000013
toulouse,9,100000,1512.8442,1719.9347,207.09050000000002
toulouse,9,100000,1516.436,1723.4972,207.0612000000001
toulouse,9,100000,1520.5193,1727.6091,207.08979999999997
toulouse,9,100000,1524.8505,1731.9181,207.06760000000008
toulouse,9,100000,1528.7023,1735.7188,207.01650000000018
rennes,9,100000,1774.4908,1981.5026,207.0118
toulouse,9,100000,1532.3201,1739.4089,207.0888
toulouse,9,100000,1536.0415,1743.1356,207.09410000000003
toulouse,9,100000,1539.5046,1746.5789,207.0743
toulouse,9,100000,1544.1027,1751.1665,207.06380000000013
toulouse,9,100000,1548.0339,1755.0974,207.0635000000002
toulouse,9,100000,1552.4823,1759.5571,207.0748000000001
nancy,9,100000,1503.3715,1710.294,206.92250000000013
nancy,9,100000,1507.0165,1713.936,206.91949999999997
nancy,9,100000,1510.9955,1717.9863,206.99080000000004
nancy,9,100000,1515.0042,1721.9763,206.97209999999995
rennes,9,100000,1780.2125,1986.8391,206.62659999999983
nancy,9,100000,1519.1185,1726.1095,206.99099999999999
nancy,9,100000,1523.0421,1729.9829,206.94080000000008
nancy,9,100000,1527.0414,1734.0236,206.98219999999992
nancy,9,100000,1531.1749,1738.0969,206.92200000000003
nancy,9,100000,1535.2225,1742.2047,206.98219999999992
nancy,9,100000,1539.1218,1746.0581,206.93630000000007
nancy,9,100000,1543.1528,1750.0747,206.92189999999982
nancy,9,100000,1547.1649,1754.1832,207.01829999999995
nancy,9,100000,1551.2635,1758.2533,206.98980000000006
nancy,9,100000,1555.0774,1762.0496,206.97220000000016
rennes,9,100000,1784.6703,1991.6814,207.01109999999994
nancy,9,100000,1559.0375,1765.9585,206.92100000000005
rennes,9,100000,1401.6189,1608.6478,207.02890000000002
rennes,9,100000,1406.8912,1613.5369,206.64570000000003
rennes,9,100000,1411.7694,1618.8834,207.11400000000003
rennes,9,100000,1417.3456,1623.97,206.62439999999992
rennes,9,100000,1422.0323,1628.6796,206.64729999999986
rennes,9,100000,1426.8625,1633.9752,207.11270000000013
rennes,9,100000,1431.9026,1638.9838,207.08120000000008
rennes,9,100000,1437.1494,1644.2203,207.07089999999994
rennes,9,100000,1442.7378,1649.3442,206.6063999999999
rennes,9,100000,1789.9811,1996.9973,207.01620000000003
rennes,9,100000,1447.3037,1654.3296,207.0259000000001
rennes,9,100000,1452.6101,1659.6617,207.0516
rennes,9,100000,1457.5852,1664.6785,207.0933
rennes,9,100000,1462.7,1669.7386,207.03859999999986
rennes,9,100000,1467.4832,1674.52,207.03680000000008
rennes,9,100000,1472.603,1679.6747,207.07169999999996
rennes,9,100000,1349.4146,1556.2003,206.7856999999999
rennes,9,100000,1354.0447,1560.7858,206.7411000000002
rennes,9,100000,1358.9675,1566.0656,207.09809999999993
rennes,9,100000,1364.1052,1570.9653,206.8601000000001
rennes,9,100000,1794.5449,2001.5729,207.0279999999998
rennes,9,100000,1368.6888,1575.4796,206.7908
rennes,9,100000,1373.3209,1580.3901,207.06920000000014
rennes,9,100000,1378.7961,1585.948,207.15190000000007
rennes,9,100000,1383.4543,1590.6072,207.15289999999982
rennes,9,100000,1388.35,1595.4055,207.05550000000017
rennes,9,100000,1393.0864,1600.1687,207.08230000000003
rennes,9,100000,1398.2107,1605.4895,207.27879999999982
rennes,9,100000,1403.0034,1610.088,207.0845999999999
rennes,9,100000,1407.608,1614.6921,207.08410000000003
rennes,9,100000,1412.441,1619.4834,207.04240000000004
rennes,9,100000,1799.3744,2006.3396,206.9652000000001
rennes,9,100000,1417.4001,1624.3966,206.99649999999997
rennes,9,100000,1318.2222,1524.979,206.7568000000001
rennes,9,100000,1322.6707,1529.5453,206.8746000000001
rennes,9,100000,1327.5518,1534.601,207.04920000000016
rennes,9,100000,1332.7516,1539.5336,206.78199999999993
rennes,9,100000,1337.6643,1544.4547,206.7904000000001
rennes,9,100000,1343.1132,1549.8588,206.74559999999997
rennes,9,100000,1347.8293,1555.062,207.2326999999998
rennes,9,100000,1352.7875,1559.7952,207.0077000000001
rennes,9,100000,1357.5465,1564.584,207.03750000000014
rennes,9,100000,1804.2438,2011.2877,207.04390000000012
rennes,9,100000,1362.6567,1569.6783,207.02160000000003
rennes,9,100000,1368.0962,1575.2439,207.1477
rennes,9,100000,1373.5029,1580.2584,206.75549999999998
rennes,9,100000,1378.2174,1585.2244,207.00700000000006
rennes,9,100000,1382.8848,1589.9191,207.03430000000003
rennes,9,100000,1387.674,1594.7035,207.0295000000001
toulouse,9,100000,1342.5842,1549.5743,206.99009999999998
toulouse,9,100000,1346.3152,1553.3326,207.01739999999995
toulouse,9,100000,1349.848,1556.8644,207.01639999999998
toulouse,9,100000,1353.422,1560.4391,207.01710000000003
rennes,9,100000,1809.6461,2016.3202,206.67410000000018
toulouse,9,100000,1356.9133,1563.9318,207.01850000000013
toulouse,9,100000,1360.2576,1567.3075,207.04989999999998
toulouse,9,100000,1364.4912,1571.5107,207.0195000000001
toulouse,9,100000,1368.2839,1575.3324,207.0485000000001
toulouse,9,100000,1372.0798,1579.1395,207.05970000000002
toulouse,9,100000,1376.1057,1583.1212,207.01549999999997
toulouse,9,100000,1379.7913,1586.8064,207.01509999999985
toulouse,9,100000,1383.849,1590.8678,207.01880000000006
toulouse,9,100000,1387.9916,1595.0105,207.01890000000003
toulouse,9,100000,1391.9668,1598.9878,207.02100000000019
nantes,9,100000,1751.0259,1957.736,206.7101
rennes,9,100000,1814.5284,2021.4539,206.92550000000006
toulouse,9,100000,1395.9523,1602.9716,207.01930000000016
nantes,9,100000,1748.3596,1955.0333,206.67370000000005
nantes,9,100000,1752.8448,1959.821,206.97619999999984
nantes,9,100000,1759.3198,1966.4646,207.14480000000003
nantes,9,100000,1766.0732,1973.0339,206.96069999999986
nantes,9,100000,1771.0365,1977.825,206.7885000000001
nantes,9,100000,1777.9613,1984.9141,206.95280000000002
nantes,9,100000,1783.2427,1990.217,206.97430000000008
nantes,9,100000,1790.2794,1997.0168,206.7374000000002
nantes,9,100000,1795.7218,2002.7285,207.0066999999999
nantes,9,100000,1757.0378,1964.1586,207.12079999999992
nantes,9,100000,1802.1733,2008.8746,206.70130000000017
nantes,9,100000,1807.578,2014.5319,206.95389999999998
nantes,9,100000,1814.395,2021.5114,207.1164000000001
nantes,9,100000,1820.1597,2027.1104,206.9507000000001
nantes,9,100000,1827.1451,2034.1227,206.97759999999994
nantes,9,100000,1832.7363,2039.7604,207.02409999999986
nancy,9,100000,1857.4912,2064.601,207.10980000000018
nancy,9,100000,1861.2125,2068.2869,207.07439999999997
nancy,9,100000,1865.8065,2072.3953,206.58880000000022
nancy,9,100000,1869.516,2076.5852,207.0691999999999
nantes,9,100000,1762.7633,1969.5382,206.7748999999999
nancy,9,100000,1873.3846,2080.496,207.1114
nancy,9,100000,1877.4021,2084.5667,207.16459999999984
nancy,9,100000,1881.4797,2088.6697,207.18999999999983
nancy,9,100000,1885.2062,2092.2927,207.0864999999999
nancy,9,100000,1889.4829,2096.6646,207.1817000000001
nancy,9,100000,1893.5771,2100.6584,207.08129999999983
nancy,9,100000,1897.506,2104.592,207.086
nancy,9,100000,1901.3682,2108.5327,207.16450000000032
nancy,9,100000,1905.3683,2112.4539,207.08559999999989
nancy,9,100000,1909.0309,2116.191,207.16009999999983
nantes,9,100000,1769.1608,1976.2816,207.12079999999992
nancy,9,100000,1913.1216,2120.449,207.32740000000013
nancy,9,100000,1839.9515,2047.0233,207.07180000000017
nancy,9,100000,1843.9016,2050.9749,207.07330000000024
nancy,9,100000,1848.0057,2054.8633,206.85760000000005
nancy,9,100000,1851.6799,2058.768,207.08809999999994
nancy,9,100000,1855.5884,2062.7896,207.20119999999997
nancy,9,100000,1859.6136,2066.682,207.06839999999988
nancy,9,100000,1863.726,2070.8364,207.11040000000003
nancy,9,100000,1868.0253,2075.1147,207.08940000000007
nancy,9,100000,1871.9347,2079.0032,207.06850000000009
nantes,9,100000,1774.835,1982.165,207.32999999999993
nancy,9,100000,1876.0739,2083.1677,207.09379999999987
nancy,9,100000,1880.0049,2087.1147,207.10980000000018
nancy,9,100000,1884.0105,2091.1272,207.1166999999998
nancy,9,100000,1888.1586,2095.2659,207.1072999999999
nancy,9,100000,1891.9957,2099.1868,207.1911
nancy,9,100000,1896.1868,2103.3298,207.14300000000003
nancy,9,100000,1820.0992,2027.1659,207.06669999999986
nancy,9,100000,1823.7808,2030.848,207.06719999999996
nancy,9,100000,1827.9525,2035.1027,207.1501999999998
nancy,9,100000,1832.5121,2039.1616,206.6495
nantes,9,100000,1780.8529,1987.9329,207.07999999999993
nancy,9,100000,1836.0591,2043.1659,207.10680000000002
nancy,9,100000,1840.0663,2047.1227,207.05639999999994
nancy,9,100000,1844.0065,2051.1094,207.10289999999986
nancy,9,100000,1848.1758,2055.2378,207.0619999999999
nancy,9,100000,1852.2296,2059.3586,207.12900000000013
nancy,9,100000,1856.2622,2063.3838,207.12160000000017
nancy,9,100000,1860.2667,2067.4172,207.15049999999997
nancy,9,100000,1864.1676,2071.3154,207.14779999999996
nancy,9,100000,1868.0317,2075.1602,207.1284999999998
nancy,9,100000,1872.151,2079.237,207.086
nantes,9,100000,1787.807,1995.0316,207.2246
nancy,9,100000,1875.9282,2083.05,207.12180000000012
nantes,9,100000,1638.1049,1844.7728,206.66789999999992
nantes,9,100000,1642.9768,1849.9429,206.9661000000001
nantes,9,100000,1649.228,1856.2429,207.0148999999999
nantes,9,100000,1654.6505,1861.6039,206.9534000000001
nantes,9,100000,1661.3026,1868.2931,206.9905000000001
nantes,9,100000,1667.3529,1874.3313,206.97839999999997
nantes,9,100000,1673.8639,1880.8721,207.0082
nantes,9,100000,1680.1742,1886.7753,206.6011000000001
nantes,9,100000,1685.3328,1892.2847,206.95190000000002
nantes,0,1000000,1751.9711,2836.3044,1084.3333
nantes,0,1000000,1805.2205,2889.584,1084.3635
nantes,0,1000000,1651.6478,2735.9548,1084.307
nantes,0,1000000,1658.262,2742.4875,1084.2255000000002
nantes,0,1000000,1663.8777,2748.165,1084.2873
nantes,0,1000000,1670.4302,2754.7097,1084.2794999999999
nantes,0,1000000,1676.497,2760.7976,1084.3005999999998
nantes,0,1000000,1682.2272,2766.5134,1084.2861999999998
nantes,0,1000000,1563.1589,2647.3083,1084.1494000000002
nantes,0,1000000,1569.2334,2653.4463,1084.2129
nantes,0,1000000,1574.4851,2658.6304,1084.1453
nantes,0,1000000,1580.6339,2664.8057,1084.1717999999998
nantes,0,1000000,1811.3275,2895.3901,1084.0626
nantes,0,1000000,1586.4811,2670.3347,1083.8536
nantes,0,1000000,1592.9324,2676.7898,1083.8574
nantes,0,1000000,1598.1476,2681.9102,1083.7625999999998
nantes,0,1000000,1604.3191,2688.4175,1084.0984
nantes,0,1000000,1609.7346,2693.9226,1084.1879999999999
nantes,0,1000000,1615.9233,2700.0168,1084.0935
nantes,0,1000000,1621.4952,2705.719,1084.2238
nantes,0,1000000,1628.2534,2712.0457,1083.7923
nantes,0,1000000,1633.4469,2717.5818,1084.1349
nantes,0,1000000,1639.5845,2723.6975,1084.1130000000003
nantes,0,1000000,1817.8754,2901.9219,1084.0465
nantes,0,1000000,1645.3649,2729.5886,1084.2237
toulouse,0,1000000,1629.7938,2713.795,1084.0012000000002
toulouse,0,1000000,1634.958,2718.9646,1084.0065999999997
toulouse,0,1000000,1638.7211,2722.7305,1084.0094000000001
toulouse,0,1000000,1642.5065,2726.4827,1083.9762
toulouse,0,1000000,1646.425,2730.4285,1084.0035
toulouse,0,1000000,1650.1844,2734.1958,1084.0113999999999
toulouse,0,1000000,1654.184,2738.1772,1083.9932000000001
toulouse,0,1000000,1657.8777,2741.8875,1084.0097999999998
toulouse,0,1000000,1661.1277,2745.1387,1084.011
nantes,0,1000000,1823.1096,2907.4363,1084.3266999999998
toulouse,0,1000000,1665.4509,2749.4392,1083.9882999999998
toulouse,0,1000000,1669.2852,2753.2773,1083.9921000000002
toulouse,0,1000000,1673.3094,2757.3262,1084.0167999999999
toulouse,0,1000000,1676.9454,2760.9456,1084.0002
toulouse,0,1000000,1681.7487,2765.7417,1083.993
toulouse,0,1000000,1685.7798,2769.8115,1084.0316999999998
toulouse,0,1000000,1591.8842,2675.9978,1084.1136000000001
toulouse,0,1000000,1596.7805,2680.877,1084.0964999999999
toulouse,0,1000000,1599.8163,2683.9695,1084.1532000000002
toulouse,0,1000000,1604.2666,2688.3857,1084.1191
nantes,0,1000000,1830.1434,2914.5361,1084.3926999999999
toulouse,0,1000000,1608.121,2692.236,1084.1149999999998
toulouse,0,1000000,1612.1366,2696.2046,1084.068
toulouse,0,1000000,1615.903,2700.012,1084.1090000000002
toulouse,0,1000000,1619.8315,2703.973,1084.1415
toulouse,0,1000000,1623.5957,2707.6587,1084.0629999999999
toulouse,0,1000000,1627.6407,2711.7695,1084.1288
toulouse,0,1000000,1631.5526,2715.6614,1084.1088
toulouse,0,1000000,1635.3358,2719.4248,1084.0889999999997
toulouse,0,1000000,1639.4062,2723.5063,1084.1001
toulouse,0,1000000,1643.4402,2727.5217,1084.0814999999998
nantes,0,1000000,1836.6802,2920.661,1083.9808
toulouse,0,1000000,1648.109,2732.1829,1084.0738999999999
toulouse,0,1000000,1551.4933,2635.3381,1083.8447999999999
toulouse,0,1000000,1555.4419,2639.2878,1083.8459
toulouse,0,1000000,1559.608,2643.4211,1083.8131
toulouse,0,1000000,1563.6707,2647.523,1083.8523000000002
toulouse,0,1000000,1567.5109,2651.3315,1083.8205999999998
toulouse,0,1000000,1571.3031,2655.1396,1083.8365
toulouse,0,1000000,1575.1841,2659.048,1083.8638999999998
toulouse,0,1000000,1579.0756,2662.9702,1083.8946000000003
toulouse,0,1000000,1582.9546,2666.759,1083.8044
rennes,0,1000000,1781.6224,2866.014,1084.3916000000002
toulouse,0,1000000,1588.1859,2672.0376,1083.8517000000002
toulouse,0,1000000,1592.5992,2676.058,1083.4587999999999
toulouse,0,1000000,1595.8734,2679.7012,1083.8278
toulouse,0,1000000,1599.4838,2683.3445,1083.8607000000002
toulouse,0,1000000,1603.9088,2687.3481,1083.4393000000002
toulouse,0,1000000,1608.0227,2691.9048,1083.8820999999998
nancy,0,1000000,1575.3607,2659.8035,1084.4428
nancy,0,1000000,1579.0946,2663.4814,1084.3868000000002
nancy,0,1000000,1583.3158,2667.706,1084.3902
nancy,0,1000000,1587.3473,2671.7874,1084.4401000000003
rennes,0,1000000,1786.9095,2870.8125,1083.903
nancy,0,1000000,1591.5978,2675.961,1084.3631999999998
nancy,0,1000000,1595.6443,2680.0417,1084.3974000000003
nancy,0,1000000,1599.8885,2684.2852,1084.3966999999998
nancy,0,1000000,1603.9877,2688.3818,1084.3941000000002
nancy,0,1000000,1608.207,2692.5906,1084.3836
nancy,0,1000000,1612.3257,2696.6877,1084.3619999999999
nancy,0,1000000,1616.3821,2700.7659,1084.3837999999998
nancy,0,1000000,1620.5538,2705.0269,1084.4731
nancy,0,1000000,1624.7931,2709.2644,1084.4713
nancy,0,1000000,1628.9005,2713.2993,1084.3988000000002
rennes,0,1000000,1791.4922,2875.9055,1084.4133
nancy,0,1000000,1632.9615,2717.3125,1084.351
nantes,0,1000000,1470.6012,2554.546,1083.9447999999998
nantes,0,1000000,1476.3331,2560.6855,1084.3524
nantes,0,1000000,1482.6422,2566.5964,1083.9542
nantes,0,1000000,1488.8561,2572.8374,1083.9813
nantes,0,1000000,1494.55,2578.5566,1084.0066
nantes,0,1000000,1500.3162,2584.6663,1084.3500999999999
nantes,0,1000000,1507.3011,2591.6345,1084.3334000000002
nantes,0,1000000,1512.685,2597.0564,1084.3714
nantes,0,1000000,1519.2018,2603.558,1084.3562
rennes,0,1000000,1796.005,2880.427,1084.422
nantes,0,1000000,1524.8591,2609.1943,1084.3352000000002
nantes,0,1000000,1531.1399,2615.4841,1084.3442000000002
nantes,0,1000000,1537.7067,2621.7388,1084.0321000000001
nantes,0,1000000,1542.8898,2627.2078,1084.3180000000002
nantes,0,1000000,1550.4666,2634.7825,1084.3158999999998
nantes,0,1000000,1556.3304,2640.6304,1084.3
rennes,0,1000000,1464.5348,2548.726,1084.1912000000002
rennes,0,1000000,1468.965,2553.1997,1084.2347000000002
rennes,0,1000000,1474.9583,2558.6711,1083.7128
rennes,0,1000000,1479.3875,2563.6487,1084.2612000000001
nantes,0,1000000,1757.9276,2842.27,1084.3424
rennes,0,1000000,1801.126,2885.5498,1084.4237999999998
rennes,0,1000000,1484.7175,2568.9531,1084.2356000000002
rennes,0,1000000,1489.8401,2574.0586,1084.2185
rennes,0,1000000,1494.7618,2578.964,1084.2022
rennes,0,1000000,1500.4205,2584.1455,1083.7250000000001
rennes,0,1000000,1504.7272,2588.9106,1084.1834000000001
rennes,0,1000000,1509.9843,2594.1855,1084.2012
rennes,0,1000000,1514.8998,2599.1348,1084.235
rennes,0,1000000,1519.8884,2604.0718,1084.1834000000001
rennes,0,1000000,1524.823,2609.024,1084.2009999999998
rennes,0,1000000,1529.8367,2614.042,1084.2052999999999
rennes,0,1000000,1806.343,2890.2285,1083.8855
rennes,0,1000000,1534.7822,2619.004,1084.2217999999998
toulouse,0,1000000,1447.707,2531.1152,1083.4082
toulouse,0,1000000,1451.3931,2535.14,1083.7468999999999
toulouse,0,1000000,1455.3248,2539.0552,1083.7303999999997
toulouse,0,1000000,1458.9991,2542.8364,1083.8373000000001
toulouse,0,1000000,1462.6405,2546.4888,1083.8483
toulouse,0,1000000,1466.6577,2550.397,1083.7393
toulouse,0,1000000,1470.575,2554.3623,1083.7872999999997
toulouse,0,1000000,1474.6759,2558.5034,1083.8275
toulouse,0,1000000,1480.4542,2564.205,1083.7508
rennes,0,1000000,1810.6716,2895.0754,1084.4038000000003
toulouse,0,1000000,1484.1534,2567.882,1083.7286000000001
toulouse,0,1000000,1488.3783,2572.1626,1083.7843
toulouse,0,1000000,1492.8267,2576.5847,1083.7579999999998
toulouse,0,1000000,1496.7334,2580.5444,1083.8110000000001
toulouse,0,1000000,1500.9768,2584.725,1083.7482
toulouse,0,1000000,1504.9901,2588.8533,1083.8632000000002
nancy,0,1000000,1495.8472,2580.2048,1084.3576
nancy,0,1000000,1499.7504,2584.0872,1084.3368
nancy,0,1000000,1503.6848,2588.053,1084.3682
nancy,0,1000000,1507.6714,2592.0342,1084.3628
rennes,0,1000000,1816.7697,2900.6514,1083.8817000000001
nancy,0,1000000,1511.6848,2596.0432,1084.3584
nancy,0,1000000,1516.0386,2600.3804,1084.3418
nancy,0,1000000,1520.5924,2604.6138,1084.0214
nancy,0,1000000,1524.1361,2608.4746,1084.3385
nancy,0,1000000,1528.0562,2612.4575,1084.4013
nancy,0,1000000,1532.1395,2616.4917,1084.3522
nancy,0,1000000,1536.3276,2620.67,1084.3424
nancy,0,1000000,1540.3254,2624.685,1084.3596
nancy,0,1000000,1544.433,2628.803,1084.37
nancy,0,1000000,1548.6567,2632.9832,1084.3265000000001
rennes,0,1000000,1821.4924,2905.3733,1083.8809
nancy,0,1000000,1552.7228,2637.1365,1084.4137
rennes,0,1000000,1383.4598,2467.7847,1084.3249
rennes,0,1000000,1388.2623,2472.3115,1084.0491999999997
rennes,0,1000000,1393.2037,2477.5366,1084.3328999999999
rennes,0,1000000,1398.6301,2482.9421,1084.3120000000001
rennes,0,1000000,1403.9916,2487.9656,1083.974
rennes,0,1000000,1408.6735,2493.0176,1084.3441
rennes,0,1000000,1414.2996,2498.3271,1084.0275
rennes,0,1000000,1419.1276,2503.4175,1084.2899
rennes,0,1000000,1423.7843,2508.1025,1084.3182
rennes,0,1000000,1825.891,2910.2632,1084.3721999999998
rennes,0,1000000,1428.9779,2513.2942,1084.3162999999997
rennes,0,1000000,1433.9435,2518.254,1084.3104999999998
rennes,0,1000000,1438.6492,2522.9575,1084.3083
rennes,0,1000000,1443.7317,2528.0615,1084.3297999999998
rennes,0,1000000,1448.891,2533.244,1084.353
rennes,0,1000000,1453.5487,2537.8706,1084.3219000000001
rennes,0,1000000,1332.6456,2417.0588,1084.4131999999997
rennes,0,1000000,1337.1709,2421.6245,1084.4535999999998
rennes,0,1000000,1342.2145,2426.709,1084.4944999999998
rennes,0,1000000,1347.7727,2431.7932,1084.0205
rennes,0,1000000,1831.101,2914.9568,1083.8557999999998
rennes,0,1000000,1352.2489,2436.6995,1084.4506000000001
rennes,0,1000000,1357.024,2441.4578,1084.4338000000002
rennes,0,1000000,1362.044,2446.4565,1084.4124999999997
rennes,0,1000000,1367.4703,2451.5417,1084.0714000000003
rennes,0,1000000,1372.044,2456.4807,1084.4367
rennes,0,1000000,1376.7065,2461.15,1084.4435
rennes,0,1000000,1382.4716,2466.5256,1084.0539999999999
rennes,0,1000000,1387.0345,2471.475,1084.4405
rennes,0,1000000,1391.97,2476.3716,1084.4016
rennes,0,1000000,1396.7125,2481.146,1084.4335
rennes,0,1000000,1835.9606,2920.3904,1084.4298000000001
rennes,0,1000000,1401.8993,2486.0037,1084.1044000000002
rennes,0,1000000,1324.7688,2409.1545,1084.3857
rennes,0,1000000,1329.1719,2413.4673,1084.2953999999997
rennes,0,1000000,1334.4413,2418.3687,1083.9274
rennes,0,1000000,1338.4622,2422.8157,1084.3535000000002
rennes,0,1000000,1343.6935,2428.0105,1084.3169999999998
rennes,0,1000000,1348.8839,2433.2156,1084.3317
rennes,0,1000000,1353.8798,2438.193,1084.3132000000003
rennes,0,1000000,1358.8768,2443.2256,1084.3488000000002
rennes,0,1000000,1364.2502,2448.1345,1083.8843000000002
rennes,0,1000000,1840.8636,2926.3735,1085.5099000000002
rennes,0,1000000,1369.4093,2453.7742,1084.3648999999998
rennes,0,1000000,1374.5052,2458.8472,1084.342
rennes,0,1000000,1379.6854,2464.0112,1084.3257999999998
rennes,0,1000000,1384.1808,2468.501,1084.3202
rennes,0,1000000,1389.461,2473.8225,1084.3615000000002
rennes,0,1000000,1394.1223,2478.4927,1084.3703999999998
toulouse,0,1000000,1334.9377,2418.9436,1084.0059
toulouse,0,1000000,1338.9486,2423.3079,1084.3592999999998
toulouse,0,1000000,1342.9216,2427.321,1084.3994
toulouse,0,1000000,1346.779,2431.1553,1084.3763
rennes,0,1000000,1845.5002,2929.9219,1084.4216999999999
toulouse,0,1000000,1351.6508,2436.0305,1084.3797
toulouse,0,1000000,1355.3998,2439.805,1084.4052
toulouse,0,1000000,1359.1229,2443.5305,1084.4075999999998
toulouse,0,1000000,1362.61,2446.953,1084.343
toulouse,0,1000000,1366.606,2451.0159,1084.4098999999999
toulouse,0,1000000,1370.5168,2454.8948,1084.378
toulouse,0,1000000,1374.2189,2458.62,1084.4010999999998
toulouse,0,1000000,1378.1776,2462.6233,1084.4457000000002
toulouse,0,1000000,1382.2415,2466.6401,1084.3986
toulouse,0,1000000,1385.6611,2470.1196,1084.4585
nantes,0,1000000,1763.2439,2847.555,1084.3111
rennes,0,1000000,1850.5022,2934.908,1084.4058
toulouse,0,1000000,1390.5544,2475.0574,1084.5030000000002
nantes,0,1000000,1695.8972,2779.9893,1084.0921
nantes,0,1000000,1701.3049,2785.4346,1084.1297
nantes,0,1000000,1707.927,2791.555,1083.628
nantes,0,1000000,1713.8815,2798.1433,1084.2618000000002
nantes,0,1000000,1719.6595,2803.2834,1083.6238999999998
nantes,0,1000000,1725.2922,2809.4148,1084.1226
nantes,0,1000000,1731.7059,2815.9116,1084.2057
nantes,0,1000000,1737.0543,2821.1377,1084.0834000000002
nantes,0,1000000,1743.3577,2827.641,1084.2833
nantes,0,1000000,1769.8198,2854.201,1084.3812
nantes,0,1000000,1748.8871,2833.0007,1084.1136000000001
nantes,0,1000000,1755.7849,2839.9614,1084.1765
nantes,0,1000000,1761.6088,2845.217,1083.6082000000001
nantes,0,1000000,1767.701,2851.8108,1084.1098000000002
nantes,0,1000000,1773.5403,2857.607,1084.0667
nantes,0,1000000,1779.4514,2863.535,1084.0836
nancy,0,1000000,1809.4034,2893.878,1084.4746000000002
nancy,0,1000000,1813.3162,2897.727,1084.4107999999999
nancy,0,1000000,1817.3867,2901.8198,1084.4331000000002
nancy,0,1000000,1821.4435,2905.879,1084.4354999999998
nantes,0,1000000,1776.0253,2860.464,1084.4387
nancy,0,1000000,1825.6455,2910.0796,1084.4341
nancy,0,1000000,1829.8042,2914.3113,1084.5070999999998
nancy,0,1000000,1833.718,2918.1868,1084.4687999999999
nancy,0,1000000,1837.7949,2922.2427,1084.4477999999997
nancy,0,1000000,1841.6819,2926.1772,1084.4953
nancy,0,1000000,1845.6792,2930.1094,1084.4301999999998
nancy,0,1000000,1849.6285,2934.063,1084.4345
nancy,0,1000000,1853.6047,2938.0742,1084.4695
nancy,0,1000000,1857.8152,2942.2942,1084.4789999999998
nancy,0,1000000,1861.8359,2946.2917,1084.4558000000002
nantes,0,1000000,1781.7224,2865.7095,1083.9870999999998
nancy,0,1000000,1865.7585,2950.2366,1084.4781000000003
nancy,0,1000000,1783.6962,2868.0579,1084.3616999999997
nancy,0,1000000,1787.6874,2871.9688,1084.2814
nancy,0,1000000,1791.8213,2876.136,1084.3147
nancy,0,1000000,1795.8258,2880.145,1084.3192
nancy,0,1000000,1799.9617,2884.273,1084.3113
nancy,0,1000000,1804.0348,2888.3108,1084.2760000000003
nancy,0,1000000,1808.0201,2892.342,1084.3219000000001
nancy,0,1000000,1812.4297,2896.5708,1084.1411
nancy,0,1000000,1816.4263,2900.7173,1084.2909999999997
nantes,0,1000000,1787.5697,2871.9214,1084.3517000000002
nancy,0,1000000,1820.4558,2904.7368,1084.2810000000002
nancy,0,1000000,1824.5775,2908.8955,1084.318
nancy,0,1000000,1828.6941,2913.0132,1084.3191
nancy,0,1000000,1832.8132,2917.1377,1084.3245000000002
nancy,0,1000000,1836.8794,2921.1536,1084.2742
nancy,0,1000000,1840.8983,2925.2227,1084.3243999999997
nancy,0,1000000,1748.2635,2832.6123,1084.3487999999998
nancy,0,1000000,1752.0691,2836.4058,1084.3367
nancy,0,1000000,1756.1571,2840.5505,1084.3934
nancy,0,1000000,1760.2761,2844.6636,1084.3874999999998
nantes,0,1000000,1792.1353,2876.501,1084.3657000000003
nancy,0,1000000,1764.3528,2848.7463,1084.3935
nancy,0,1000000,1768.4254,2852.876,1084.4506000000001
nancy,0,1000000,1772.5732,2856.9658,1084.3926
nancy,0,1000000,1776.6692,2861.0212,1084.352
nancy,0,1000000,1780.7545,2865.0913,1084.3368
nancy,0,1000000,1784.6315,2869.0632,1084.4317
nancy,0,1000000,1788.513,2872.9688,1084.4558000000002
nancy,0,1000000,1792.5553,2876.9321,1084.3768
nancy,0,1000000,1796.6073,2881.002,1084.3947
nancy,0,1000000,1800.5614,2884.923,1084.3615999999997
nantes,0,1000000,1799.5035,2883.8472,1084.3437000000001
nancy,0,1000000,1804.7417,2889.136,1084.3943
nantes,0,1000000,1598.255,2682.5742,1084.3192
nantes,0,1000000,1604.0472,2688.3901,1084.3429
nantes,0,1000000,1609.9379,2693.8176,1083.8797
nantes,0,1000000,1616.2695,2700.3118,1084.0422999999998
nantes,0,1000000,1621.9127,2706.1582,1084.2454999999998
nantes,0,1000000,1627.4653,2711.7454,1084.2800999999997
nantes,0,1000000,1633.5201,2717.8574,1084.3373
nantes,0,1000000,1639.672,2723.9321,1084.2601
nantes,0,1000000,1646.1206,2730.3938,1084.2731999999999
nantes,1,1000000,1731.9333,2874.9844,1143.0511
nantes,1,1000000,1784.7734,2928.4373,1143.6639
nantes,1,1000000,1614.7131,2758.752,1144.0389
nantes,1,1000000,1620.2567,2764.2593,1144.0026000000003
nantes,1,1000000,1626.8396,2770.8584,1144.0188
nantes,1,1000000,1632.5822,2776.5837,1144.0015
nantes,1,1000000,1638.7625,2782.7412,1143.9787
nantes,1,1000000,1644.7885,2788.774,1143.9854999999998
nantes,1,1000000,1547.9556,2691.4153,1143.4597
nantes,1,1000000,1553.0763,2697.002,1143.9257
nantes,1,1000000,1560.0608,2703.46,1143.3992
nantes,1,1000000,1564.8118,2708.7463,1143.9344999999998
nantes,1,1000000,1790.2246,2933.7979,1143.5733
nantes,1,1000000,1570.9932,2714.9287,1143.9355
nantes,1,1000000,1576.7557,2720.8108,1144.0551000000003
nantes,1,1000000,1583.4585,2727.3794,1143.9208999999998
nantes,1,1000000,1590.3408,2734.2368,1143.8960000000002
nantes,1,1000000,1595.9265,2739.8667,1143.9402
nantes,1,1000000,1603.3169,2746.7888,1143.4718999999998
nantes,1,1000000,1607.8734,2751.813,1143.9396000000002
nantes,1,1000000,1614.9725,2758.978,1144.0055
nantes,1,1000000,1621.2279,2765.2385,1144.0105999999998
nantes,1,1000000,1627.9913,2771.91,1143.9187
nantes,1,1000000,1796.9906,2940.6018,1143.6111999999998
nantes,1,1000000,1633.02,2777.0593,1144.0393
toulouse,1,1000000,1596.2057,2739.9878,1143.7821
toulouse,1,1000000,1601.1448,2744.8857,1143.7408999999998
toulouse,1,1000000,1604.9012,2748.6177,1143.7164999999998
toulouse,1,1000000,1608.6836,2752.4685,1143.7848999999999
toulouse,1,1000000,1612.531,2756.332,1143.801
toulouse,1,1000000,1616.4928,2760.271,1143.7782000000002
toulouse,1,1000000,1620.3433,2764.1157,1143.7723999999998
toulouse,1,1000000,1624.2806,2768.0918,1143.8112
toulouse,1,1000000,1628.2299,2772.0334,1143.8034999999998
nantes,1,1000000,1802.5192,2946.1873,1143.6681
toulouse,1,1000000,1632.1252,2775.8997,1143.7745
toulouse,1,1000000,1636.0812,2779.923,1143.8417999999997
toulouse,1,1000000,1639.6115,2783.426,1143.8145
toulouse,1,1000000,1644.1393,2787.917,1143.7776999999999
toulouse,1,1000000,1648.2117,2791.985,1143.7733
toulouse,1,1000000,1651.6034,2795.4092,1143.8058
toulouse,1,1000000,1591.8434,2735.6638,1143.8203999999998
toulouse,1,1000000,1596.0989,2740.0557,1143.9568
toulouse,1,1000000,1600.2922,2743.7175,1143.4253
toulouse,1,1000000,1604.7113,2748.5386,1143.8273
nantes,1,1000000,1809.0403,2952.6416,1143.6013
toulouse,1,1000000,1608.9739,2752.8464,1143.8725
toulouse,1,1000000,1613.7289,2757.552,1143.8231
toulouse,1,1000000,1617.9647,2761.8896,1143.9249
toulouse,1,1000000,1622.9243,2766.6526,1143.7283
toulouse,1,1000000,1626.7195,2770.7102,1143.9907
toulouse,1,1000000,1630.6742,2774.3882,1143.714
toulouse,1,1000000,1634.8405,2778.153,1143.3124999999998
toulouse,1,1000000,1638.2885,2782.0923,1143.8037999999997
toulouse,1,1000000,1642.1034,2785.9407,1143.8373000000001
toulouse,1,1000000,1645.9342,2789.804,1143.8698000000002
nantes,1,1000000,1815.1095,2958.7297,1143.6201999999998
toulouse,1,1000000,1649.7816,2793.5796,1143.798
toulouse,1,1000000,1564.9231,2708.818,1143.8949000000002
toulouse,1,1000000,1568.6528,2712.5579,1143.9050999999997
toulouse,1,1000000,1572.3381,2716.2942,1143.9560999999999
toulouse,1,1000000,1576.1783,2720.0588,1143.8804999999998
toulouse,1,1000000,1580.0061,2723.9355,1143.9294
toulouse,1,1000000,1584.3339,2728.282,1143.9481
toulouse,1,1000000,1590.1143,2734.0005,1143.8862000000001
toulouse,1,1000000,1594.6558,2738.5098,1143.8539999999998
toulouse,1,1000000,1598.7146,2742.57,1143.8554000000001
rennes,1,1000000,1778.328,2921.797,1143.469
toulouse,1,1000000,1602.8774,2746.7458,1143.8684
toulouse,1,1000000,1606.6956,2750.6577,1143.9621000000002
toulouse,1,1000000,1610.6162,2754.5557,1143.9395
toulouse,1,1000000,1614.5155,2758.3906,1143.8751000000002
toulouse,1,1000000,1618.5994,2762.495,1143.8955999999998
toulouse,1,1000000,1622.7131,2766.5723,1143.8591999999999
nancy,1,1000000,1536.4092,2679.903,1143.4937999999997
nancy,1,1000000,1540.3187,2683.75,1143.4313
nancy,1,1000000,1544.4751,2687.9937,1143.5185999999999
nancy,1,1000000,1548.641,2692.1375,1143.4964999999997
rennes,1,1000000,1782.701,2926.1208,1143.4198000000001
nancy,1,1000000,1552.8392,2696.343,1143.5038
nancy,1,1000000,1556.5726,2700.1587,1143.5861
nancy,1,1000000,1560.6222,2704.1602,1143.5379999999998
nancy,1,1000000,1564.5354,2708.0674,1143.532
nancy,1,1000000,1568.5775,2712.1123,1143.5347999999997
nancy,1,1000000,1572.7365,2716.234,1143.4975
nancy,1,1000000,1576.7463,2720.1775,1143.4311999999998
nancy,1,1000000,1580.8983,2724.4373,1143.539
nancy,1,1000000,1584.9147,2728.4807,1143.566
nancy,1,1000000,1589.0963,2732.631,1143.5347
rennes,1,1000000,1788.1448,2932.0386,1143.8937999999998
nancy,1,1000000,1593.242,2736.7715,1143.5294999999999
nantes,1,1000000,1427.5125,2571.5647,1144.0521999999999
nantes,1,1000000,1433.1752,2577.2554,1144.0802
nantes,1,1000000,1439.4827,2583.4019,1143.9191999999998
nantes,1,1000000,1445.3723,2589.3586,1143.9863
nantes,1,1000000,1451.8016,2595.6797,1143.8781000000001
nantes,1,1000000,1457.566,2601.5872,1144.0212
nantes,1,1000000,1463.5701,2607.5928,1144.0227
nantes,1,1000000,1469.9747,2613.9778,1144.0031000000001
nantes,1,1000000,1475.5251,2619.5479,1144.0228
rennes,1,1000000,1793.3077,2936.9312,1143.6235
nantes,1,1000000,1482.782,2626.84,1144.0580000000002
nantes,1,1000000,1488.0879,2632.0881,1144.0002
nantes,1,1000000,1495.2917,2639.219,1143.9273
nantes,1,1000000,1501.0537,2645.064,1144.0103
nantes,1,1000000,1507.8358,2651.8643,1144.0285000000001
nantes,1,1000000,1513.8225,2657.8486,1144.0260999999998
rennes,1,1000000,1359.1859,2502.7,1143.5140999999999
rennes,1,1000000,1363.6226,2507.5168,1143.8942
rennes,1,1000000,1369.0941,2512.642,1143.5478999999998
rennes,1,1000000,1373.5559,2517.4246,1143.8686999999998
nantes,1,1000000,1736.9515,2880.4946,1143.5431
rennes,1,1000000,1797.9567,2941.7966,1143.8399000000002
rennes,1,1000000,1379.0605,2522.5212,1143.4607
rennes,1,1000000,1383.585,2527.4248,1143.8397999999997
rennes,1,1000000,1388.356,2532.121,1143.765
rennes,1,1000000,1393.7657,2537.126,1143.3603000000003
rennes,1,1000000,1398.5856,2542.426,1143.8403999999998
rennes,1,1000000,1403.1989,2547.0027,1143.8038
rennes,1,1000000,1408.9067,2552.424,1143.5173
rennes,1,1000000,1413.3418,2557.1604,1143.8186000000003
rennes,1,1000000,1418.4747,2562.3408,1143.8661
rennes,1,1000000,1423.1455,2566.9475,1143.8020000000001
rennes,1,1000000,1802.6876,2946.5784,1143.8908
rennes,1,1000000,1428.3971,2572.241,1143.8439
toulouse,1,1000000,1402.8698,2546.2534,1143.3836000000001
toulouse,1,1000000,1406.1152,2549.9731,1143.8579000000002
toulouse,1,1000000,1410.5453,2554.34,1143.7947000000001
toulouse,1,1000000,1414.2494,2558.0403,1143.7909000000002
toulouse,1,1000000,1418.3962,2561.7693,1143.3731
toulouse,1,1000000,1421.8599,2565.6152,1143.7553000000003
toulouse,1,1000000,1425.7283,2569.477,1143.7486999999999
toulouse,1,1000000,1429.4629,2573.3406,1143.8777
toulouse,1,1000000,1433.7173,2577.4392,1143.7218999999998
rennes,1,1000000,1807.3535,2951.2249,1143.8714000000002
toulouse,1,1000000,1437.2898,2581.1638,1143.8739999999998
toulouse,1,1000000,1441.0546,2584.949,1143.8944000000001
toulouse,1,1000000,1444.9396,2588.8176,1143.878
toulouse,1,1000000,1448.8412,2592.7268,1143.8855999999998
toulouse,1,1000000,1452.5099,2596.344,1143.8341
toulouse,1,1000000,1455.7817,2599.6555,1143.8737999999998
nancy,1,1000000,1436.165,2579.7668,1143.6018
nancy,1,1000000,1439.9327,2583.5308,1143.5981
nancy,1,1000000,1444.0336,2587.664,1143.6304000000002
nancy,1,1000000,1448.4254,2592.053,1143.6275999999998
rennes,1,1000000,1812.3174,2956.1396,1143.8222
nancy,1,1000000,1452.4506,2596.0798,1143.6292
nancy,1,1000000,1456.6075,2600.2053,1143.5978
nancy,1,1000000,1460.7579,2604.353,1143.5951
nancy,1,1000000,1464.8748,2608.4844,1143.6095999999998
nancy,1,1000000,1468.9297,2612.5635,1143.6338000000003
nancy,1,1000000,1472.9757,2616.6436,1143.6679
nancy,1,1000000,1476.951,2620.5496,1143.5985999999998
nancy,1,1000000,1481.1018,2624.7285,1143.6267000000003
nancy,1,1000000,1485.129,2628.7632,1143.6342
nancy,1,1000000,1489.1854,2632.8262,1143.6408
rennes,1,1000000,1817.2672,2961.1506,1143.8834
nancy,1,1000000,1493.349,2636.9468,1143.5978000000002
rennes,1,1000000,1328.1122,2471.9326,1143.8204
rennes,1,1000000,1332.7905,2476.576,1143.7855
rennes,1,1000000,1338.2771,2481.5908,1143.3137
rennes,1,1000000,1342.7642,2486.5554,1143.7912000000001
rennes,1,1000000,1347.8682,2491.6465,1143.7783
rennes,1,1000000,1352.7251,2496.5083,1143.7831999999999
rennes,1,1000000,1358.3715,2501.6785,1143.307
rennes,1,1000000,1362.725,2506.4998,1143.7748000000001
rennes,1,1000000,1367.8789,2511.6213,1143.7423999999999
rennes,1,1000000,1822.0365,2965.8938,1143.8573
rennes,1,1000000,1373.2697,2516.6501,1143.3803999999998
rennes,1,1000000,1377.7489,2521.4895,1143.7406
rennes,1,1000000,1382.4283,2526.218,1143.7896999999998
rennes,1,1000000,1387.0868,2530.8345,1143.7477
rennes,1,1000000,1392.1266,2535.9036,1143.777
rennes,1,1000000,1397.493,2541.2583,1143.7653
rennes,1,1000000,1306.9493,2450.724,1143.7747000000002
rennes,1,1000000,1311.3138,2455.1145,1143.8007000000002
rennes,1,1000000,1316.3422,2460.1243,1143.7821
rennes,1,1000000,1321.2408,2465.018,1143.7772
rennes,1,1000000,1826.9135,2970.838,1143.9245
rennes,1,1000000,1326.5894,2469.969,1143.3796
rennes,1,1000000,1331.2856,2475.1729,1143.8873
rennes,1,1000000,1336.2012,2479.9446,1143.7433999999998
rennes,1,1000000,1340.874,2484.6682,1143.7942
rennes,1,1000000,1345.9832,2489.742,1143.7588000000003
rennes,1,1000000,1351.384,2496.4507,1145.0666999999999
rennes,1,1000000,1356.2454,2500.023,1143.7776000000001
rennes,1,1000000,1361.7871,2505.1624,1143.3753000000002
rennes,1,1000000,1366.217,2510.0215,1143.8044999999997
rennes,1,1000000,1371.9712,2515.7505,1143.7793000000001
rennes,1,1000000,1832.0802,2975.9275,1143.8472999999997
rennes,1,1000000,1376.7942,2520.2012,1143.407
rennes,1,1000000,1233.286,2377.2847,1143.9987
rennes,1,1000000,1237.9082,2381.8928,1143.9846
rennes,1,1000000,1243.2699,2387.2053,1143.9354
rennes,1,1000000,1248.5801,2392.0864,1143.5063000000002
rennes,1,1000000,1253.5049,2396.9355,1143.4306000000001
rennes,1,1000000,1257.8734,2401.9187,1144.0453000000002
rennes,1,1000000,1263.0634,2407.0354,1143.9720000000002
rennes,1,1000000,1267.7625,2411.7407,1143.9781999999998
rennes,1,1000000,1272.655,2416.6882,1144.0332
rennes,1,1000000,1836.6263,2981.3806,1144.7543
rennes,1,1000000,1277.743,2421.7651,1144.0221000000001
rennes,1,1000000,1282.6862,2426.6638,1143.9775999999997
rennes,1,1000000,1287.7214,2431.7322,1144.0108
rennes,1,1000000,1293.1674,2436.614,1143.4466
rennes,1,1000000,1298.0804,2442.09,1144.0096
rennes,1,1000000,1302.9415,2447.0051,1144.0636
toulouse,1,1000000,1294.4613,2437.8135,1143.3522000000003
toulouse,1,1000000,1298.7325,2441.998,1143.2655
toulouse,1,1000000,1302.5945,2445.949,1143.3545000000001
toulouse,1,1000000,1306.0146,2449.317,1143.3024
rennes,1,1000000,1841.8381,2985.6626,1143.8245000000002
toulouse,1,1000000,1310.3727,2453.719,1143.3463000000002
toulouse,1,1000000,1314.6493,2457.9836,1143.3343
toulouse,1,1000000,1318.3538,2461.6199,1143.2661
toulouse,1,1000000,1323.5419,2466.8262,1143.2843
toulouse,1,1000000,1326.7394,2470.0537,1143.3143
toulouse,1,1000000,1331.007,2474.3374,1143.3303999999998
toulouse,1,1000000,1335.0234,2478.3408,1143.3174
toulouse,1,1000000,1338.8744,2482.2183,1143.3439
toulouse,1,1000000,1342.8762,2486.2058,1143.3296000000003
toulouse,1,1000000,1346.7793,2490.141,1143.3617000000002
nantes,1,1000000,1743.1017,2886.6587,1143.557
rennes,1,1000000,1846.2072,2990.0603,1143.8531
toulouse,1,1000000,1350.6417,2494.0823,1143.4406000000001
nantes,1,1000000,1674.1956,2818.1072,1143.9116
nantes,1,1000000,1679.5992,2823.459,1143.8597999999997
nantes,1,1000000,1686.2891,2829.6912,1143.4021000000002
nantes,1,1000000,1691.9524,2835.805,1143.8526
nantes,1,1000000,1697.5889,2841.421,1143.8320999999999
nantes,1,1000000,1703.9515,2847.8557,1143.9042000000002
nantes,1,1000000,1709.8862,2853.2666,1143.3804
nantes,1,1000000,1716.1595,2860.0168,1143.8573
nantes,1,1000000,1721.4801,2865.3708,1143.8907000000002
nantes,1,1000000,1748.6583,2892.2485,1143.5902
nantes,1,1000000,1728.1714,2872.1,1143.9286
nantes,1,1000000,1733.5742,2877.4214,1143.8472000000002
nantes,1,1000000,1740.9353,2884.3303,1143.395
nantes,1,1000000,1746.3035,2890.1443,1143.8408
nantes,1,1000000,1753.0062,2896.9011,1143.8949
nantes,1,1000000,1758.8553,2902.6829,1143.8275999999998
nancy,1,1000000,1719.0559,2862.861,1143.8050999999998
nancy,1,1000000,1723.0146,2866.724,1143.7094000000002
nancy,1,1000000,1727.3196,2871.0515,1143.7319
nancy,1,1000000,1731.2817,2875.0142,1143.7325
nantes,1,1000000,1755.0577,2898.6208,1143.5631
nancy,1,1000000,1735.4551,2879.0793,1143.6242
nancy,1,1000000,1739.423,2883.2073,1143.7843
nancy,1,1000000,1743.3302,2887.19,1143.8598
nancy,1,1000000,1747.2004,2890.9836,1143.7832
nancy,1,1000000,1751.336,2895.0725,1143.7365000000002
nancy,1,1000000,1755.4574,2899.1897,1143.7323
nancy,1,1000000,1759.4802,2903.3445,1143.8643000000002
nancy,1,1000000,1763.5098,2907.2915,1143.7816999999998
nancy,1,1000000,1767.704,2911.4788,1143.7748
nancy,1,1000000,1771.9026,2915.6138,1143.7112000000002
nantes,1,1000000,1761.0267,2904.63,1143.6033000000002
nancy,1,1000000,1776.2976,2920.139,1143.8414
nancy,1,1000000,1763.237,2906.9233,1143.6862999999998
nancy,1,1000000,1766.8861,2910.504,1143.6179
nancy,1,1000000,1770.791,2914.507,1143.7160000000001
nancy,1,1000000,1774.8951,2918.5764,1143.6813
nancy,1,1000000,1778.8298,2922.5046,1143.6748000000002
nancy,1,1000000,1783.1371,2926.7476,1143.6105000000002
nancy,1,1000000,1787.0531,2930.7231,1143.67
nancy,1,1000000,1791.1268,2934.7405,1143.6136999999999
nancy,1,1000000,1794.7979,2938.5542,1143.7563
nantes,1,1000000,1766.3372,2909.9646,1143.6273999999999
nancy,1,1000000,1798.74,2942.4312,1143.6912
nancy,1,1000000,1802.7103,2946.394,1143.6836999999998
nancy,1,1000000,1806.6438,2950.3228,1143.6789999999999
nancy,1,1000000,1810.5797,2954.264,1143.6843000000001
nancy,1,1000000,1814.5817,2958.2874,1143.7057000000002
nancy,1,1000000,1818.3501,2962.0195,1143.6693999999998
nancy,1,1000000,1737.178,2880.6887,1143.5107
nancy,1,1000000,1740.9558,2884.5488,1143.593
nancy,1,1000000,1744.9213,2888.4688,1143.5475000000001
nancy,1,1000000,1748.9607,2892.5107,1143.5499999999997
nantes,1,1000000,1772.8021,2916.3872,1143.5851
nancy,1,1000000,1753.0546,2896.5916,1143.5370000000003
nancy,1,1000000,1757.0496,2900.5808,1143.5312000000001
nancy,1,1000000,1761.1016,2904.643,1143.5414
nancy,1,1000000,1765.4762,2908.5261,1143.0499
nancy,1,1000000,1769.1198,2912.629,1143.5092
nancy,1,1000000,1773.255,2916.8062,1143.5511999999999
nancy,1,1000000,1777.1973,2920.6997,1143.5024
nancy,1,1000000,1781.2858,2924.8298,1143.5439999999999
nancy,1,1000000,1785.2382,2928.8298,1143.5916
nancy,1,1000000,1789.2125,2932.7795,1143.567
nantes,1,1000000,1778.2638,2921.8735,1143.6097000000002
nancy,1,1000000,1793.1862,2936.6853,1143.4991
nantes,1,1000000,1559.3358,2703.3098,1143.974
nantes,1,1000000,1565.1144,2709.0444,1143.9300000000003
nantes,1,1000000,1570.5059,2714.5237,1144.0178
nantes,1,1000000,1576.941,2720.8853,1143.9442999999999
nantes,1,1000000,1583.1833,2727.1992,1144.0159
nantes,1,1000000,1589.5189,2733.0989,1143.58
nantes,1,1000000,1596.0752,2739.7117,1143.6364999999998
nantes,1,1000000,1602.8304,2746.7827,1143.9523000000002
nantes,1,1000000,1607.9868,2751.9946,1144.0078
nantes,2,1000000,1612.0393,2734.6338,1122.5945000000002
nantes,2,1000000,1665.6299,2788.5898,1122.9599000000003
nantes,2,1000000,1508.9614,2631.3787,1122.4173000000003
nantes,2,1000000,1513.9077,2637.0693,1123.1616000000001
nantes,2,1000000,1520.9496,2644.0154,1123.0658000000003
nantes,2,1000000,1526.7561,2649.7583,1123.0022
nantes,2,1000000,1533.5027,2656.4788,1122.9760999999999
nantes,2,1000000,1539.15,2662.2668,1123.1167999999998
nantes,2,1000000,1408.502,2531.5107,1123.0086999999999
nantes,2,1000000,1414.1187,2536.8757,1122.757
nantes,2,1000000,1419.755,2542.7686,1123.0135999999998
nantes,2,1000000,1426.1842,2548.914,1122.7298000000003
nantes,2,1000000,1672.5366,2795.1326,1122.596
nantes,2,1000000,1432.0931,2554.8113,1122.7181999999998
nantes,2,1000000,1438.0896,2561.1216,1123.032
nantes,2,1000000,1443.4995,2566.6687,1123.1692000000003
nantes,2,1000000,1449.9854,2573.0461,1123.0607
nantes,2,1000000,1456.3353,2578.9905,1122.6552
nantes,2,1000000,1461.284,2584.3677,1123.0836999999997
nantes,2,1000000,1467.7655,2590.812,1123.0465
nantes,2,1000000,1474.7295,2597.7803,1123.0508
nantes,2,1000000,1480.1106,2603.1667,1123.0561000000002
nantes,2,1000000,1486.8134,2609.888,1123.0746
nantes,2,1000000,1678.9818,2801.8755,1122.8937
nantes,2,1000000,1492.393,2615.441,1123.0479999999998
toulouse,2,1000000,1436.1256,2558.8945,1122.7688999999998
toulouse,2,1000000,1439.9521,2562.7834,1122.8312999999998
toulouse,2,1000000,1443.969,2566.7773,1122.8083000000001
toulouse,2,1000000,1447.5339,2570.4045,1122.8706000000002
toulouse,2,1000000,1451.8804,2574.3623,1122.4818999999998
toulouse,2,1000000,1455.453,2578.333,1122.88
toulouse,2,1000000,1459.5768,2582.421,1122.8441999999998
toulouse,2,1000000,1463.2953,2586.1895,1122.8942
toulouse,2,1000000,1467.0217,2589.401,1122.3792999999998
nantes,2,1000000,1684.041,2807.0203,1122.9793000000002
toulouse,2,1000000,1471.2843,2594.1648,1122.8805
toulouse,2,1000000,1475.2101,2598.1406,1122.9305000000002
toulouse,2,1000000,1479.183,2601.8796,1122.6966000000002
toulouse,2,1000000,1483.2805,2606.1758,1122.8953
toulouse,2,1000000,1487.0796,2610.062,1122.9823999999999
toulouse,2,1000000,1491.3046,2614.1917,1122.8871
toulouse,2,1000000,1417.5393,2540.1555,1122.6162
toulouse,2,1000000,1422.256,2544.8696,1122.6136
toulouse,2,1000000,1426.2853,2549.052,1122.7667000000001
toulouse,2,1000000,1431.5002,2554.0386,1122.5384
nantes,2,1000000,1691.3695,2814.2593,1122.8898000000002
toulouse,2,1000000,1435.2192,2557.8174,1122.5982
toulouse,2,1000000,1439.1111,2561.6982,1122.5870999999997
toulouse,2,1000000,1442.7745,2565.243,1122.4685
toulouse,2,1000000,1446.6212,2569.1943,1122.5731
toulouse,2,1000000,1450.5167,2573.109,1122.5923
toulouse,2,1000000,1454.2296,2576.7952,1122.5656000000001
toulouse,2,1000000,1457.9286,2580.5537,1122.6251
toulouse,2,1000000,1461.7554,2584.203,1122.4476
toulouse,2,1000000,1465.6907,2588.297,1122.6063
toulouse,2,1000000,1469.4926,2591.901,1122.4083999999998
nantes,2,1000000,1696.9697,2819.9473,1122.9775999999997
toulouse,2,1000000,1472.4237,2595.0208,1122.5970999999997
toulouse,2,1000000,1397.2732,2520.5872,1123.3139999999999
toulouse,2,1000000,1400.6128,2523.9817,1123.3688999999997
toulouse,2,1000000,1404.2787,2527.548,1123.2692999999997
toulouse,2,1000000,1408.1296,2531.4324,1123.3028000000002
toulouse,2,1000000,1411.9445,2535.2234,1123.2788999999998
toulouse,2,1000000,1415.822,2539.1199,1123.2979000000003
toulouse,2,1000000,1419.8672,2543.1838,1123.3165999999999
toulouse,2,1000000,1423.9143,2547.1965,1123.2822
toulouse,2,1000000,1427.8416,2551.0999,1123.2583000000002
rennes,2,1000000,1576.5768,2698.9932,1122.4163999999998
toulouse,2,1000000,1431.8848,2555.2197,1123.3349
toulouse,2,1000000,1435.8142,2559.1504,1123.3362
toulouse,2,1000000,1439.8221,2563.1277,1123.3056
toulouse,2,1000000,1443.7695,2567.0876,1123.3180999999997
toulouse,2,1000000,1447.843,2571.1116,1123.2686
toulouse,2,1000000,1451.8778,2575.1667,1123.2889000000002
nancy,2,1000000,1353.7747,2476.2651,1122.4904000000001
nancy,2,1000000,1357.6635,2480.1685,1122.505
nancy,2,1000000,1361.6761,2484.1638,1122.4877
nancy,2,1000000,1365.8662,2488.3508,1122.4846000000002
rennes,2,1000000,1581.1162,2704.037,1122.9207999999999
nancy,2,1000000,1369.8822,2492.3716,1122.4894
nancy,2,1000000,1373.9005,2496.4324,1122.5319000000002
nancy,2,1000000,1377.8387,2500.3608,1122.5221
nancy,2,1000000,1381.9275,2504.4536,1122.5260999999998
nancy,2,1000000,1386.103,2508.569,1122.466
nancy,2,1000000,1390.0875,2512.656,1122.5684999999999
nancy,2,1000000,1394.1775,2516.654,1122.4765
nancy,2,1000000,1397.9764,2520.5334,1122.5569999999998
nancy,2,1000000,1401.9873,2524.5444,1122.5571000000002
nancy,2,1000000,1405.999,2528.4927,1122.4936999999998
rennes,2,1000000,1585.9244,2708.8867,1122.9623
nancy,2,1000000,1410.1375,2532.628,1122.4905
nantes,2,1000000,1241.9629,2364.6978,1122.7349
nantes,2,1000000,1247.2245,2369.9158,1122.6913000000002
nantes,2,1000000,1252.9915,2375.7034,1122.7118999999998
nantes,2,1000000,1259.2473,2381.9155,1122.6682
nantes,2,1000000,1265.4982,2388.1946,1122.6963999999998
nantes,2,1000000,1271.162,2393.8574,1122.6953999999998
nantes,2,1000000,1277.5918,2400.23,1122.6382
nantes,2,1000000,1283.4199,2406.0498,1122.6298999999997
nantes,2,1000000,1289.7417,2412.3655,1122.6237999999998
rennes,2,1000000,1591.1455,2713.8147,1122.6691999999998
nantes,2,1000000,1296.1746,2418.895,1122.7204
nantes,2,1000000,1302.3281,2425.0354,1122.7073000000003
nantes,2,1000000,1309.0228,2431.6936,1122.6708
nantes,2,1000000,1314.7173,2436.9067,1122.1894
nantes,2,1000000,1321.3464,2443.9697,1122.6233000000002
nantes,2,1000000,1327.4005,2450.0603,1122.6598000000001
rennes,2,1000000,1272.2961,2395.2756,1122.9795
rennes,2,1000000,1276.6292,2399.6726,1123.0433999999998
rennes,2,1000000,1282.2467,2405.201,1122.9543
rennes,2,1000000,1287.3369,2410.3372,1123.0003
nantes,2,1000000,1616.646,2739.5767,1122.9307000000001
rennes,2,1000000,1596.4177,2719.0908,1122.6731
rennes,2,1000000,1292.7119,2417.6875,1124.9756
rennes,2,1000000,1297.7087,2420.6619,1122.9532000000002
rennes,2,1000000,1302.9745,2425.6562,1122.6816999999999
rennes,2,1000000,1308.022,2431.039,1123.0170000000003
rennes,2,1000000,1312.8007,2435.7747,1122.974
rennes,2,1000000,1317.8933,2440.8674,1122.9741000000001
rennes,2,1000000,1322.8668,2445.8357,1122.9689
rennes,2,1000000,1327.544,2450.5483,1123.0042999999998
rennes,2,1000000,1332.489,2455.4329,1122.9438999999998
rennes,2,1000000,1337.3733,2460.3843,1123.0110000000002
rennes,2,1000000,1601.1992,2724.1802,1122.9809999999998
rennes,2,1000000,1342.4095,2465.376,1122.9665000000002
toulouse,2,1000000,1272.265,2394.877,1122.6119999999999
toulouse,2,1000000,1275.6387,2398.5889,1122.9502000000002
toulouse,2,1000000,1279.6693,2402.5967,1122.9274
toulouse,2,1000000,1283.3905,2406.5012,1123.1107000000002
toulouse,2,1000000,1287.6189,2410.2065,1122.5875999999998
toulouse,2,1000000,1290.6769,2413.6223,1122.9454
toulouse,2,1000000,1294.6783,2417.652,1122.9737
toulouse,2,1000000,1298.4667,2421.4722,1123.0055000000002
toulouse,2,1000000,1302.6527,2425.6138,1122.9611
rennes,2,1000000,1606.2676,2729.219,1122.9514000000001
toulouse,2,1000000,1306.4546,2429.4246,1122.9699999999998
toulouse,2,1000000,1310.2142,2433.197,1122.9828000000002
toulouse,2,1000000,1314.1034,2437.0708,1122.9674
toulouse,2,1000000,1318.275,2441.2515,1122.9764999999998
toulouse,2,1000000,1322.5322,2445.4778,1122.9456
toulouse,2,1000000,1326.8591,2449.8435,1122.9844
nancy,2,1000000,1273.2847,2396.1582,1122.8735
nancy,2,1000000,1276.8356,2399.704,1122.8684
nancy,2,1000000,1281.0664,2404.0237,1122.9573000000003
nancy,2,1000000,1285.033,2407.9321,1122.8991
rennes,2,1000000,1610.9756,2733.991,1123.0154
nancy,2,1000000,1289.0924,2411.9868,1122.8944000000001
nancy,2,1000000,1293.2241,2416.0996,1122.8755
nancy,2,1000000,1297.0786,2419.9497,1122.8711
nancy,2,1000000,1301.088,2423.958,1122.8700000000001
nancy,2,1000000,1305.1274,2428.0312,1122.9037999999998
nancy,2,1000000,1309.2599,2432.153,1122.8930999999998
nancy,2,1000000,1313.4147,2436.2927,1122.878
nancy,2,1000000,1317.3287,2440.2278,1122.8991
nancy,2,1000000,1321.0885,2444.0723,1122.9837999999997
nancy,2,1000000,1325.183,2448.0427,1122.8597
rennes,2,1000000,1616.3435,2739.0454,1122.7019
nancy,2,1000000,1329.1038,2452.0554,1122.9516
rennes,2,1000000,1193.8167,2316.6204,1122.8036999999997
rennes,2,1000000,1198.4031,2321.602,1123.1988999999999
rennes,2,1000000,1203.3184,2326.6145,1123.2961
rennes,2,1000000,1208.4325,2331.664,1123.2315000000003
rennes,2,1000000,1213.3436,2336.5403,1123.1967000000002
rennes,2,1000000,1218.7404,2341.9695,1123.2291000000002
rennes,2,1000000,1224.0133,2347.2112,1123.1979000000001
rennes,2,1000000,1228.5704,2351.8005,1123.2300999999998
rennes,2,1000000,1233.8889,2356.6938,1122.8049
rennes,2,1000000,1620.7838,2743.7207,1122.9369
rennes,2,1000000,1238.4707,2361.6763,1123.2056
rennes,2,1000000,1243.62,2366.8203,1123.2003
rennes,2,1000000,1248.2155,2371.503,1123.2875000000001
rennes,2,1000000,1252.9806,2376.173,1123.1923999999997
rennes,2,1000000,1258.0662,2381.314,1123.2477999999999
rennes,2,1000000,1263.1449,2386.4158,1123.2709000000002
rennes,2,1000000,1149.0369,2271.6387,1122.6018
rennes,2,1000000,1153.2922,2276.2356,1122.9433999999999
rennes,2,1000000,1158.7648,2281.7207,1122.9559
rennes,2,1000000,1163.5499,2286.4766,1122.9267
rennes,2,1000000,1625.8208,2748.7905,1122.9697
rennes,2,1000000,1168.5388,2291.4329,1122.8940999999998
rennes,2,1000000,1173.5681,2296.4744,1122.9063
rennes,2,1000000,1179.0181,2301.6013,1122.5831999999998
rennes,2,1000000,1183.6545,2306.5278,1122.8732999999997
rennes,2,1000000,1188.417,2311.3752,1122.9582
rennes,2,1000000,1193.524,2316.4663,1122.9423000000002
rennes,2,1000000,1199.1621,2321.7737,1122.6116000000002
rennes,2,1000000,1203.8666,2326.7822,1122.9156
rennes,2,1000000,1208.6844,2331.589,1122.9045999999998
rennes,2,1000000,1213.97,2336.9119,1122.9419
rennes,2,1000000,1630.6345,2753.5864,1122.9519000000003
rennes,2,1000000,1218.8602,2341.7188,1122.8586
rennes,2,1000000,1124.4205,2247.2788,1122.8583
rennes,2,1000000,1129.4803,2251.9187,1122.4384000000002
rennes,2,1000000,1134.2659,2256.7104,1122.4444999999998
rennes,2,1000000,1139.0809,2261.8936,1122.8127
rennes,2,1000000,1144.0275,2266.8726,1122.8451000000002
rennes,2,1000000,1148.7289,2271.547,1122.8181
rennes,2,1000000,1153.7991,2276.6648,1122.8657
rennes,2,1000000,1159.1417,2281.9478,1122.8061
rennes,2,1000000,1163.7957,2286.646,1122.8503000000003
rennes,2,1000000,1635.9718,2758.5752,1122.6034000000002
rennes,2,1000000,1168.612,2291.434,1122.8220000000001
rennes,2,1000000,1173.6135,2296.4966,1122.8831
rennes,2,1000000,1178.6124,2301.4375,1122.8251
rennes,2,1000000,1183.3287,2306.1782,1122.8494999999998
rennes,2,1000000,1188.321,2310.7468,1122.4258
rennes,2,1000000,1192.8723,2315.7527,1122.8804
toulouse,2,1000000,1116.4343,2239.3987,1122.9644000000003
toulouse,2,1000000,1120.4897,2243.3923,1122.9026
toulouse,2,1000000,1123.8041,2246.7634,1122.9592999999998
toulouse,2,1000000,1127.9769,2250.8928,1122.9159000000002
rennes,2,1000000,1640.5497,2763.5474,1122.9977
toulouse,2,1000000,1131.9327,2254.9116,1122.9788999999998
toulouse,2,1000000,1135.9023,2258.9836,1123.0813
toulouse,2,1000000,1140.0511,2263.028,1122.9769
toulouse,2,1000000,1144.9285,2267.8274,1122.8989000000001
toulouse,2,1000000,1148.6266,2271.5876,1122.9609999999998
toulouse,2,1000000,1152.3732,2275.3962,1123.0230000000001
toulouse,2,1000000,1156.2052,2279.1365,1122.9313
toulouse,2,1000000,1160.1542,2283.179,1123.0248000000001
toulouse,2,1000000,1164.2521,2287.17,1122.9179000000001
toulouse,2,1000000,1167.9169,2290.8613,1122.9444
nantes,2,1000000,1623.4086,2746.3574,1122.9488
rennes,2,1000000,1645.4908,2768.4497,1122.9589
toulouse,2,1000000,1172.3363,2295.305,1122.9687
nantes,2,1000000,1552.4087,2675.1138,1122.7051000000001
nantes,2,1000000,1557.3783,2680.3682,1122.9898999999998
nantes,2,1000000,1563.4446,2686.0513,1122.6067
nantes,2,1000000,1569.6398,2692.6152,1122.9754000000003
nantes,2,1000000,1575.3837,2698.3472,1122.9635
nantes,2,1000000,1582.0159,2704.6726,1122.6566999999998
nantes,2,1000000,1587.1832,2709.8035,1122.6203
nantes,2,1000000,1592.9308,2715.8716,1122.9407999999999
nantes,2,1000000,1599.6877,2722.7615,1123.0738000000001
nantes,2,1000000,1628.3527,2751.3428,1122.9901
nantes,2,1000000,1605.1781,2728.1218,1122.9436999999998
nantes,2,1000000,1610.5564,2733.6072,1123.0508
nantes,2,1000000,1618.0463,2741.1018,1123.0555
nantes,2,1000000,1623.5631,2746.5186,1122.9554999999998
nantes,2,1000000,1630.548,2753.606,1123.0580000000002
nantes,2,1000000,1636.5867,2759.6067,1123.0199999999998
nancy,2,1000000,1619.43,2742.256,1122.8259999999998
nancy,2,1000000,1623.2224,2746.0288,1122.8064
nancy,2,1000000,1627.3931,2750.213,1122.8199000000002
nancy,2,1000000,1631.4819,2754.272,1122.7901
nantes,2,1000000,1635.7291,2758.3333,1122.6041999999998
nancy,2,1000000,1635.2551,2758.091,1122.8358999999998
nancy,2,1000000,1639.1965,2762.0935,1122.897
nancy,2,1000000,1643.1708,2766.0356,1122.8648
nancy,2,1000000,1647.1284,2769.9656,1122.8372
nancy,2,1000000,1650.9819,2773.7798,1122.7978999999998
nancy,2,1000000,1655.0276,2777.83,1122.8024
nancy,2,1000000,1659.0009,2781.8325,1122.8316
nancy,2,1000000,1662.6904,2785.5874,1122.897
nancy,2,1000000,1666.6312,2789.4702,1122.8390000000002
nancy,2,1000000,1670.5771,2793.3745,1122.7974
nantes,2,1000000,1640.9385,2763.9114,1122.9729
nancy,2,1000000,1674.3088,2797.1436,1122.8347999999999
nancy,2,1000000,1609.7617,2732.6733,1122.9116
nancy,2,1000000,1613.7334,2736.5168,1122.7833999999998
nancy,2,1000000,1617.6173,2740.497,1122.8797
nancy,2,1000000,1621.7778,2744.6355,1122.8576999999998
nancy,2,1000000,1625.7335,2748.6726,1122.9390999999998
nancy,2,1000000,1629.8055,2752.6914,1122.8859000000002
nancy,2,1000000,1633.7695,2756.6526,1122.8830999999998
nancy,2,1000000,1637.9487,2760.8008,1122.8521
nancy,2,1000000,1641.8722,2764.7483,1122.8761000000002
nantes,2,1000000,1647.6558,2770.6318,1122.976
nancy,2,1000000,1645.7805,2768.6577,1122.8772000000001
nancy,2,1000000,1649.9901,2772.8381,1122.848
nancy,2,1000000,1653.7626,2776.6533,1122.8907
nancy,2,1000000,1657.6641,2780.5176,1122.8535000000002
nancy,2,1000000,1661.5796,2784.473,1122.8934
nancy,2,1000000,1665.5505,2788.4321,1122.8816
nancy,2,1000000,1573.9749,2696.7612,1122.7863
nancy,2,1000000,1577.8,2700.5935,1122.7935
nancy,2,1000000,1581.8595,2704.6968,1122.8373000000001
nancy,2,1000000,1585.8822,2708.7283,1122.8461000000002
nantes,2,1000000,1653.1447,2776.0735,1122.9288
nancy,2,1000000,1589.97,2712.876,1122.9060000000002
nancy,2,1000000,1594.4406,2717.2302,1122.7896
nancy,2,1000000,1598.5477,2721.3774,1122.8296999999998
nancy,2,1000000,1602.5614,2725.3452,1122.7838000000002
nancy,2,1000000,1606.5574,2729.4177,1122.8603
nancy,2,1000000,1610.2715,2733.1392,1122.8677
nancy,2,1000000,1614.2073,2736.9844,1122.7770999999998
nancy,2,1000000,1617.9697,2740.7993,1122.8296
nancy,2,1000000,1621.8514,2744.7026,1122.8512
nancy,2,1000000,1625.984,2748.7756,1122.7916
nantes,2,1000000,1660.264,2783.266,1123.0020000000002
nancy,2,1000000,1630.227,2752.5334,1122.3063999999997
nantes,2,1000000,1454.3705,2576.8208,1122.4503
nantes,2,1000000,1459.6393,2582.6057,1122.9664
nantes,2,1000000,1465.6577,2588.731,1123.0733000000002
nantes,2,1000000,1472.4636,2595.4434,1122.9798
nantes,2,1000000,1477.8387,2600.8313,1122.9925999999998
nantes,2,1000000,1484.0708,2607.0244,1122.9535999999998
nantes,2,1000000,1489.2422,2612.3042,1123.0620000000001
nantes,2,1000000,1496.2688,2619.283,1123.0141999999998
nantes,2,1000000,1502.1818,2624.858,1122.6762
nantes,3,1000000,1745.8986,2841.7717,1095.8730999999998
nantes,3,1000000,1799.2543,2895.4707,1096.2163999999998
nantes,3,1000000,1620.5332,2716.4966,1095.9633999999999
nantes,3,1000000,1626.0488,2722.0276,1095.9787999999999
nantes,3,1000000,1632.6627,2728.685,1096.0222999999999
nantes,3,1000000,1638.6434,2734.5842,1095.9407999999999
nantes,3,1000000,1644.9572,2740.9253,1095.9680999999998
nantes,3,1000000,1650.8699,2746.8677,1095.9977999999999
nantes,3,1000000,1547.5519,2643.816,1096.2640999999999
nantes,3,1000000,1552.7303,2648.9658,1096.2355
nantes,3,1000000,1558.8057,2655.026,1096.2203
nantes,3,1000000,1564.424,2660.6284,1096.2044
nantes,3,1000000,1805.0609,2900.8674,1095.8065000000001
nantes,3,1000000,1571.1365,2667.3723,1096.2358
nantes,3,1000000,1576.4935,2672.7026,1096.2091
nantes,3,1000000,1583.3118,2679.0962,1095.7844
nantes,3,1000000,1588.2919,2684.5232,1096.2313000000001
nantes,3,1000000,1595.5292,2691.8,1096.2708000000002
nantes,3,1000000,1602.0973,2697.932,1095.8346999999999
nantes,3,1000000,1606.8931,2703.1438,1096.2506999999998
nantes,3,1000000,1613.4369,2709.6963,1096.2594000000001
nantes,3,1000000,1619.3207,2715.5718,1096.2511000000002
nantes,3,1000000,1626.1909,2722.4287,1096.2377999999999
nantes,3,1000000,1811.4729,2907.5593,1096.0864
nantes,3,1000000,1631.6398,2727.8875,1096.2477
toulouse,3,1000000,1612.3234,2708.109,1095.7856
toulouse,3,1000000,1616.1277,2711.7961,1095.6684
toulouse,3,1000000,1619.6584,2715.357,1095.6986
toulouse,3,1000000,1624.4846,2720.221,1095.7364
toulouse,3,1000000,1628.815,2724.606,1095.7910000000002
toulouse,3,1000000,1632.3936,2727.9734,1095.5797999999998
toulouse,3,1000000,1636.2775,2732.0327,1095.7552000000003
toulouse,3,1000000,1639.9756,2735.7236,1095.7479999999998
toulouse,3,1000000,1644.7161,2740.4446,1095.7284999999997
nantes,3,1000000,1816.8206,2913.0303,1096.2096999999999
toulouse,3,1000000,1648.4738,2744.1843,1095.7105
toulouse,3,1000000,1651.9858,2747.7622,1095.7764000000002
toulouse,3,1000000,1656.0454,2751.809,1095.7636000000002
toulouse,3,1000000,1660.0311,2755.7854,1095.7543000000003
toulouse,3,1000000,1664.0447,2759.7617,1095.717
toulouse,3,1000000,1668.1354,2763.9675,1095.8321000000003
toulouse,3,1000000,1572.9775,2669.0513,1096.0738000000001
toulouse,3,1000000,1576.7705,2672.8496,1096.0791
toulouse,3,1000000,1580.349,2676.4712,1096.1222
toulouse,3,1000000,1585.0413,2681.139,1096.0977
nantes,3,1000000,1823.8472,2920.0156,1096.1684000000002
toulouse,3,1000000,1589.0919,2685.1948,1096.1029000000003
toulouse,3,1000000,1592.7677,2688.8508,1096.0831
toulouse,3,1000000,1596.9243,2693.015,1096.0907
toulouse,3,1000000,1600.5732,2696.622,1096.0487999999998
toulouse,3,1000000,1604.7687,2700.876,1096.1073000000001
toulouse,3,1000000,1608.2073,2704.2495,1096.0421999999999
toulouse,3,1000000,1612.2802,2708.381,1096.1008
toulouse,3,1000000,1616.0159,2712.1316,1096.1157
toulouse,3,1000000,1619.9341,2716.0146,1096.0805
toulouse,3,1000000,1624.4025,2720.4895,1096.0870000000002
nantes,3,1000000,1829.3898,2925.6191,1096.2293
toulouse,3,1000000,1628.1201,2724.1926,1096.0724999999998
toulouse,3,1000000,1540.7725,2637.305,1096.5324999999998
toulouse,3,1000000,1544.1725,2640.741,1096.5685
toulouse,3,1000000,1548.6567,2645.1936,1096.5369
toulouse,3,1000000,1552.6431,2649.1584,1096.5152999999998
toulouse,3,1000000,1556.3958,2652.8857,1096.4898999999998
toulouse,3,1000000,1560.5443,2657.0283,1096.484
toulouse,3,1000000,1564.2898,2660.8428,1096.5529999999999
toulouse,3,1000000,1568.4529,2664.9426,1096.4896999999999
toulouse,3,1000000,1572.3612,2668.8208,1096.4596
rennes,3,1000000,1733.1733,2828.9946,1095.8213
toulouse,3,1000000,1575.8536,2672.4001,1096.5465
toulouse,3,1000000,1579.9785,2676.5513,1096.5728000000001
toulouse,3,1000000,1583.7206,2680.2659,1096.5452999999998
toulouse,3,1000000,1587.8861,2684.434,1096.5479000000003
toulouse,3,1000000,1591.8992,2688.3652,1096.4660000000001
toulouse,3,1000000,1595.6636,2692.1506,1096.4869999999999
nancy,3,1000000,1565.5067,2661.593,1096.0863
nancy,3,1000000,1569.3159,2665.4185,1096.1026000000002
nancy,3,1000000,1573.2239,2669.3235,1096.0996
nancy,3,1000000,1577.2128,2673.3586,1096.1458
rennes,3,1000000,1737.5011,2833.7188,1096.2177000000001
nancy,3,1000000,1581.2543,2677.342,1096.0877
nancy,3,1000000,1585.4016,2681.562,1096.1604
nancy,3,1000000,1589.2305,2685.4836,1096.2531000000001
nancy,3,1000000,1593.3212,2689.4583,1096.1370999999997
nancy,3,1000000,1597.4152,2693.502,1096.0868
nancy,3,1000000,1601.356,2697.4524,1096.0964000000001
nancy,3,1000000,1605.366,2701.4614,1096.0954000000002
nancy,3,1000000,1609.1659,2705.314,1096.1480999999999
nancy,3,1000000,1613.4238,2709.6052,1096.1814
nancy,3,1000000,1617.2343,2713.3767,1096.1423999999997
rennes,3,1000000,1743.3289,2839.1248,1095.7959
nancy,3,1000000,1621.141,2717.3135,1096.1725000000001
nantes,3,1000000,1450.1747,2546.0505,1095.8757999999998
nantes,3,1000000,1455.7446,2552.0474,1096.3028
nantes,3,1000000,1461.6198,2557.8083,1096.1885000000002
nantes,3,1000000,1467.9873,2564.29,1096.3027
nantes,3,1000000,1473.6195,2569.7913,1096.1717999999998
nantes,3,1000000,1479.8792,2576.2063,1096.3270999999997
nantes,3,1000000,1485.3923,2581.6187,1096.2264
nantes,3,1000000,1492.0437,2588.2688,1096.2250999999999
nantes,3,1000000,1498.0511,2593.8445,1095.7934000000002
rennes,3,1000000,1747.8711,2844.1958,1096.3247
nantes,3,1000000,1503.957,2600.257,1096.3
nantes,3,1000000,1510.0813,2606.3801,1096.2987999999998
nantes,3,1000000,1517.2057,2613.4084,1096.2026999999998
nantes,3,1000000,1522.4866,2618.6753,1096.1887
nantes,3,1000000,1529.1093,2625.379,1096.2696999999998
nantes,3,1000000,1535.2955,2631.4673,1096.1717999999998
rennes,3,1000000,1450.4872,2546.4656,1095.9784
rennes,3,1000000,1454.5852,2550.853,1096.2678
rennes,3,1000000,1459.9847,2555.92,1095.9353
rennes,3,1000000,1465.2742,2561.2588,1095.9846
nantes,3,1000000,1751.1509,2847.3523,1096.2014
rennes,3,1000000,1753.3687,2849.1433,1095.7746000000002
rennes,3,1000000,1469.9336,2566.1768,1096.2432000000001
rennes,3,1000000,1474.6392,2570.8984,1096.2592
rennes,3,1000000,1479.927,2575.9377,1096.0107
rennes,3,1000000,1484.7106,2580.97,1096.2593999999997
rennes,3,1000000,1489.4476,2585.7104,1096.2628
rennes,3,1000000,1494.8748,2591.1157,1096.2408999999998
rennes,3,1000000,1499.2079,2595.5269,1096.3189999999997
rennes,3,1000000,1504.3629,2600.5955,1096.2325999999998
rennes,3,1000000,1509.2242,2605.4968,1096.2725999999998
rennes,3,1000000,1513.9907,2610.2405,1096.2497999999998
rennes,3,1000000,1757.9398,2854.1362,1096.1963999999998
rennes,3,1000000,1519.1409,2615.3955,1096.2546
toulouse,3,1000000,1466.4232,2562.3828,1095.9596
toulouse,3,1000000,1469.9197,2566.0461,1096.1264
toulouse,3,1000000,1474.1215,2570.0698,1095.9483000000002
toulouse,3,1000000,1477.4954,2573.6672,1096.1717999999998
toulouse,3,1000000,1482.8579,2578.8164,1095.9585000000002
toulouse,3,1000000,1486.4077,2582.4834,1096.0757
toulouse,3,1000000,1490.7396,2586.8586,1096.119
toulouse,3,1000000,1494.5083,2590.661,1096.1527
toulouse,3,1000000,1498.5631,2594.5283,1095.9651999999999
rennes,3,1000000,1762.7646,2858.9575,1096.1929
toulouse,3,1000000,1502.7189,2598.6504,1095.9315
toulouse,3,1000000,1506.5745,2602.7007,1096.1262
toulouse,3,1000000,1512.7671,2608.9082,1096.1410999999998
toulouse,3,1000000,1516.2487,2612.4148,1096.1661
toulouse,3,1000000,1521.6307,2617.7478,1096.1171000000002
toulouse,3,1000000,1524.6191,2620.7666,1096.1475
nancy,3,1000000,1498.044,2594.6484,1096.6044
nancy,3,1000000,1501.8706,2598.489,1096.6184
nancy,3,1000000,1505.7722,2602.461,1096.6887999999997
nancy,3,1000000,1509.7814,2606.3906,1096.6092
rennes,3,1000000,1767.3015,2863.534,1096.2325
nancy,3,1000000,1513.9318,2610.5603,1096.6285
nancy,3,1000000,1518.0184,2614.6377,1096.6193000000003
nancy,3,1000000,1522.0045,2618.6226,1096.6181000000001
nancy,3,1000000,1525.9329,2622.5332,1096.6002999999998
nancy,3,1000000,1529.8044,2626.4177,1096.6133
nancy,3,1000000,1533.8987,2630.5442,1096.6454999999999
nancy,3,1000000,1537.8955,2634.495,1096.5994999999998
nancy,3,1000000,1541.6818,2638.324,1096.6422
nancy,3,1000000,1545.4266,2642.0396,1096.613
nancy,3,1000000,1549.2677,2645.8853,1096.6175999999998
rennes,3,1000000,1772.3356,2868.5718,1096.2362
nancy,3,1000000,1553.0658,2649.6826,1096.6168
rennes,3,1000000,1381.5538,2477.6714,1096.1176000000003
rennes,3,1000000,1386.5034,2482.6282,1096.1248
rennes,3,1000000,1391.608,2487.7244,1096.1164
rennes,3,1000000,1396.7361,2492.6992,1095.9631
rennes,3,1000000,1401.627,2497.744,1096.1170000000002
rennes,3,1000000,1406.5739,2502.688,1096.1141
rennes,3,1000000,1411.7869,2507.927,1096.1401
rennes,3,1000000,1416.857,2513.004,1096.147
rennes,3,1000000,1421.9248,2517.8508,1095.9260000000002
rennes,3,1000000,1777.6187,2873.8208,1096.2021
rennes,3,1000000,1426.8014,2522.929,1096.1276
rennes,3,1000000,1432.0016,2528.188,1096.1864
rennes,3,1000000,1436.6411,2532.7576,1096.1164999999999
rennes,3,1000000,1441.7087,2537.5457,1095.8370000000002
rennes,3,1000000,1446.3705,2542.5234,1096.1529
rennes,3,1000000,1450.8174,2546.9355,1096.1181000000001
rennes,3,1000000,1362.9418,2459.2505,1096.3087
rennes,3,1000000,1367.7657,2464.1367,1096.371
rennes,3,1000000,1372.7756,2469.0854,1096.3098
rennes,3,1000000,1378.0352,2473.9365,1095.9012999999998
rennes,3,1000000,1782.65,2878.8872,1096.2372
rennes,3,1000000,1382.79,2479.1072,1096.3172
rennes,3,1000000,1387.7218,2484.0193,1096.2975
rennes,3,1000000,1392.5095,2488.8154,1096.3059
rennes,3,1000000,1397.5258,2493.8545,1096.3287
rennes,3,1000000,1402.2595,2498.55,1096.2905000000003
rennes,3,1000000,1407.0237,2503.383,1096.3592999999998
rennes,3,1000000,1412.3405,2508.2466,1095.9061
rennes,3,1000000,1416.7739,2513.12,1096.3461
rennes,3,1000000,1421.918,2518.288,1096.3700000000001
rennes,3,1000000,1427.4592,2523.8003,1096.3410999999999
rennes,3,1000000,1788.0221,2883.8188,1095.7967
rennes,3,1000000,1432.0972,2528.394,1096.2967999999998
rennes,3,1000000,1318.0206,2414.3438,1096.3232
rennes,3,1000000,1322.607,2418.899,1096.292
rennes,3,1000000,1328.0508,2424.3447,1096.2939000000001
rennes,3,1000000,1332.6973,2429.041,1096.3437000000001
rennes,3,1000000,1337.6932,2433.986,1096.2928
rennes,3,1000000,1343.1578,2439.089,1095.9312
rennes,3,1000000,1347.643,2443.9792,1096.3362000000002
rennes,3,1000000,1352.8163,2449.1436,1096.3273
rennes,3,1000000,1357.5038,2453.8276,1096.3238000000001
rennes,3,1000000,1792.7346,2888.9316,1096.197
rennes,3,1000000,1362.8932,2458.788,1095.8948
rennes,3,1000000,1367.5212,2463.7585,1096.2373
rennes,3,1000000,1372.2367,2468.524,1096.2873
rennes,3,1000000,1377.3188,2473.6228,1096.304
rennes,3,1000000,1382.4227,2478.7666,1096.3438999999998
rennes,3,1000000,1387.5287,2483.8762,1096.3475
toulouse,3,1000000,1350.7135,2446.7886,1096.0750999999998
toulouse,3,1000000,1354.4928,2450.243,1095.7502
toulouse,3,1000000,1358.5266,2454.6804,1096.1538000000003
toulouse,3,1000000,1362.463,2458.5635,1096.1005000000002
rennes,3,1000000,1797.2955,2893.514,1096.2185000000002
toulouse,3,1000000,1365.9875,2462.1133,1096.1258
toulouse,3,1000000,1370.2401,2466.3474,1096.1073000000001
toulouse,3,1000000,1374.2354,2470.2947,1096.0593
toulouse,3,1000000,1378.1316,2474.137,1096.0054000000002
toulouse,3,1000000,1381.6487,2477.7769,1096.1281999999999
toulouse,3,1000000,1385.9939,2482.077,1096.0831000000003
toulouse,3,1000000,1389.9513,2486.033,1096.0817
toulouse,3,1000000,1393.7888,2489.941,1096.1521999999998
toulouse,3,1000000,1397.9312,2494.11,1096.1788000000001
toulouse,3,1000000,1401.9994,2498.174,1096.1746
nantes,3,1000000,1756.9344,2852.819,1095.8845999999999
rennes,3,1000000,1802.4928,2898.6543,1096.1615000000002
toulouse,3,1000000,1406.0178,2502.1555,1096.1376999999998
nantes,3,1000000,1671.0841,2767.2925,1096.2084
nantes,3,1000000,1676.4877,2772.7761,1096.2884000000001
nantes,3,1000000,1683.4425,2779.107,1095.6644999999999
nantes,3,1000000,1688.4645,2784.695,1096.2305000000001
nantes,3,1000000,1695.326,2791.4905,1096.1644999999999
nantes,3,1000000,1701.4015,2797.1426,1095.7411000000002
nantes,3,1000000,1707.3214,2803.505,1096.1836
nantes,3,1000000,1712.7328,2808.961,1096.2281999999998
nantes,3,1000000,1719.5612,2815.7979,1096.2367
nantes,3,1000000,1762.8663,2859.1182,1096.2519
nantes,3,1000000,1725.4696,2821.69,1096.2204000000002
nantes,3,1000000,1731.8313,2828.1006,1096.2693000000002
nantes,3,1000000,1738.3773,2834.517,1096.1396999999997
nantes,3,1000000,1743.8972,2840.0713,1096.1741
nantes,3,1000000,1750.6433,2846.8042,1096.1609
nantes,3,1000000,1756.7316,2852.8943,1096.1626999999999
nancy,3,1000000,1792.4559,2888.7788,1096.3229000000001
nancy,3,1000000,1796.1912,2892.4924,1096.3012
nancy,3,1000000,1800.1813,2896.473,1096.2917
nancy,3,1000000,1804.4088,2900.7095,1096.3007
nantes,3,1000000,1768.7086,2864.948,1096.2394
nancy,3,1000000,1808.4386,2904.771,1096.3324000000002
nancy,3,1000000,1812.3662,2908.6926,1096.3264
nancy,3,1000000,1816.7332,2913.0864,1096.3532000000002
nancy,3,1000000,1820.8265,2917.1472,1096.3207
nancy,3,1000000,1824.7649,2921.1206,1096.3557000000003
nancy,3,1000000,1828.8116,2925.075,1096.2633999999998
nancy,3,1000000,1832.8483,2929.1812,1096.3328999999999
nancy,3,1000000,1836.8411,2933.1685,1096.3274000000001
nancy,3,1000000,1840.7571,2937.078,1096.3209
nancy,3,1000000,1844.8611,2941.151,1096.2898999999998
nantes,3,1000000,1775.2761,2871.4639,1096.1878000000002
nancy,3,1000000,1848.7336,2945.051,1096.3174
nancy,3,1000000,1757.6993,2853.7905,1096.0912
nancy,3,1000000,1761.8195,2857.9219,1096.1023999999998
nancy,3,1000000,1765.8394,2861.9592,1096.1197999999997
nancy,3,1000000,1769.9373,2866.067,1096.1297
nancy,3,1000000,1774.0474,2870.1748,1096.1273999999999
nancy,3,1000000,1778.0029,2874.0964,1096.0935
nancy,3,1000000,1781.9934,2878.1206,1096.1272000000001
nancy,3,1000000,1786.2129,2882.381,1096.1680999999999
nancy,3,1000000,1790.3903,2886.548,1096.1576999999997
nantes,3,1000000,1780.345,2876.5305,1096.1854999999998
nancy,3,1000000,1794.7312,2890.8142,1096.0829999999999
nancy,3,1000000,1798.6165,2894.7437,1096.1272
nancy,3,1000000,1802.4633,2898.59,1096.1267000000003
nancy,3,1000000,1806.2694,2902.3562,1096.0868000000003
nancy,3,1000000,1810.1287,2906.224,1096.0953000000002
nancy,3,1000000,1814.0461,2910.1719,1096.1257999999998
nancy,3,1000000,1714.7717,2810.9617,1096.1899999999998
nancy,3,1000000,1718.37,2814.6414,1096.2714
nancy,3,1000000,1722.3799,2818.6445,1096.2646
nancy,3,1000000,1726.4729,2822.7336,1096.2607
nantes,3,1000000,1787.6581,2883.837,1096.1788999999999
nancy,3,1000000,1730.4681,2826.7222,1096.2541
nancy,3,1000000,1734.4478,2830.7144,1096.2666
nancy,3,1000000,1738.4949,2834.7524,1096.2575
nancy,3,1000000,1742.522,2838.7883,1096.2663000000002
nancy,3,1000000,1746.8032,2843.005,1096.2018
nancy,3,1000000,1750.8021,2846.9004,1096.0982999999999
nancy,3,1000000,1754.4615,2850.7263,1096.2648
nancy,3,1000000,1758.2839,2854.5405,1096.2566000000002
nancy,3,1000000,1762.099,2858.3538,1096.2548
nancy,3,1000000,1765.9828,2862.2908,1096.3080000000002
nantes,3,1000000,1792.9716,2889.1577,1096.1861000000001
nancy,3,1000000,1770.0388,2866.3462,1096.3074
nantes,3,1000000,1565.3353,2661.3333,1095.9979999999998
nantes,3,1000000,1570.8759,2666.766,1095.8901
nantes,3,1000000,1577.4489,2673.4014,1095.9525
nantes,3,1000000,1583.1971,2679.1963,1095.9992
nantes,3,1000000,1589.6448,2685.616,1095.9712
nantes,3,1000000,1595.7361,2691.3247,1095.5886
nantes,3,1000000,1602.2184,2698.1792,1095.9608
nantes,3,1000000,1607.8317,2703.8306,1095.9988999999998
nantes,3,1000000,1613.9661,2709.8794,1095.9132999999997
nantes,4,1000000,1676.5901,2814.0552,1137.4651
nantes,4,1000000,1732.0704,2869.484,1137.4135999999999
nantes,4,1000000,1578.8944,2716.309,1137.4146000000003
nantes,4,1000000,1584.0927,2721.4622,1137.3695
nantes,4,1000000,1591.25,2728.6252,1137.3752
nantes,4,1000000,1596.8245,2734.2512,1137.4267000000002
nantes,4,1000000,1603.5239,2740.8767,1137.3528
nantes,4,1000000,1609.2561,2746.685,1137.4288999999999
nantes,4,1000000,1510.7562,2648.0647,1137.3084999999999
nantes,4,1000000,1516.059,2653.4019,1137.3428999999999
nantes,4,1000000,1522.0625,2659.4314,1137.3689
nantes,4,1000000,1528.1509,2665.4785,1137.3276
nantes,4,1000000,1737.3467,2874.8123,1137.4656
nantes,4,1000000,1533.8502,2671.159,1137.3088
nantes,4,1000000,1540.2501,2677.5857,1137.3356
nantes,4,1000000,1546.6014,2683.4175,1136.8161
nantes,4,1000000,1551.8304,2689.1694,1137.3390000000002
nantes,4,1000000,1558.5162,2695.8599,1137.3437
nantes,4,1000000,1564.0563,2701.407,1137.3507000000002
nantes,4,1000000,1570.8585,2708.182,1137.3234999999997
nantes,4,1000000,1575.9479,2713.2847,1137.3368000000003
nantes,4,1000000,1582.5052,2719.8538,1137.3485999999998
nantes,4,1000000,1588.0986,2725.4902,1137.3916000000002
nantes,4,1000000,1744.2526,2881.6172,1137.3646
nantes,4,1000000,1594.5585,2731.9385,1137.38
toulouse,4,1000000,1580.2643,2716.8123,1136.548
toulouse,4,1000000,1584.2073,2721.015,1136.8076999999998
toulouse,4,1000000,1588.1273,2724.9304,1136.8031
toulouse,4,1000000,1592.2222,2729.0537,1136.8315
toulouse,4,1000000,1596.4077,2732.956,1136.5483000000002
toulouse,4,1000000,1600.5648,2737.3877,1136.8229000000001
toulouse,4,1000000,1604.5723,2741.377,1136.8047
toulouse,4,1000000,1608.8665,2745.3835,1136.5169999999998
toulouse,4,1000000,1612.607,2749.4841,1136.8771000000002
nantes,4,1000000,1749.4207,2886.88,1137.4593000000002
toulouse,4,1000000,1616.6381,2753.433,1136.7949
toulouse,4,1000000,1620.7468,2757.637,1136.8902000000003
toulouse,4,1000000,1624.5522,2761.4163,1136.8640999999998
toulouse,4,1000000,1628.4714,2765.2698,1136.7984000000001
toulouse,4,1000000,1632.2806,2769.176,1136.8953999999999
toulouse,4,1000000,1636.3375,2773.1743,1136.8368
toulouse,4,1000000,1533.6409,2670.7793,1137.1384
toulouse,4,1000000,1537.5748,2674.7031,1137.1283
toulouse,4,1000000,1541.2395,2678.4001,1137.1606
toulouse,4,1000000,1545.856,2682.9983,1137.1423000000002
nantes,4,1000000,1756.6084,2894.0806,1137.4721999999997
toulouse,4,1000000,1549.6852,2686.8225,1137.1373000000003
toulouse,4,1000000,1553.247,2690.2917,1137.0447000000001
toulouse,4,1000000,1557.4039,2694.4868,1137.0829
toulouse,4,1000000,1562.2516,2699.1794,1136.9278
toulouse,4,1000000,1565.9207,2703.0542,1137.1335000000001
toulouse,4,1000000,1569.933,2706.9346,1137.0016
toulouse,4,1000000,1573.3928,2710.5256,1137.1327999999999
toulouse,4,1000000,1577.3838,2714.3389,1136.9551000000001
toulouse,4,1000000,1581.2346,2718.3748,1137.1402
toulouse,4,1000000,1585.4773,2722.4,1136.9227
nantes,4,1000000,1762.5358,2900.0015,1137.4656999999997
toulouse,4,1000000,1589.2021,2726.3135,1137.1114000000002
toulouse,4,1000000,1517.4467,2654.5884,1137.1417000000001
toulouse,4,1000000,1521.1611,2658.3223,1137.1611999999998
toulouse,4,1000000,1525.183,2662.2795,1137.0965
toulouse,4,1000000,1529.0095,2666.1526,1137.1431
toulouse,4,1000000,1532.6514,2669.7925,1137.1411
toulouse,4,1000000,1535.6199,2672.76,1137.1401000000003
toulouse,4,1000000,1540.3385,2677.523,1137.1845
toulouse,4,1000000,1544.1973,2681.3242,1137.1269
toulouse,4,1000000,1547.9867,2685.1658,1137.1791000000003
rennes,4,1000000,1700.1371,2837.021,1136.8839000000003
toulouse,4,1000000,1551.6083,2688.7776,1137.1692999999998
toulouse,4,1000000,1555.5687,2692.7502,1137.1815
toulouse,4,1000000,1559.2268,2696.3694,1137.1426000000001
toulouse,4,1000000,1563.2094,2700.3835,1137.1741
toulouse,4,1000000,1567.0438,2704.1672,1137.1234
toulouse,4,1000000,1571.3488,2708.4731,1137.1243000000002
nancy,4,1000000,1535.2148,2672.4521,1137.2373
nancy,4,1000000,1539.0956,2676.228,1137.1324
nancy,4,1000000,1543.2202,2680.3484,1137.1281999999999
nancy,4,1000000,1547.3176,2684.5076,1137.1899999999998
rennes,4,1000000,1704.8749,2842.145,1137.2701
nancy,4,1000000,1551.4921,2688.6157,1137.1236
nancy,4,1000000,1555.531,2692.7178,1137.1868
nancy,4,1000000,1559.8114,2696.984,1137.1725999999999
nancy,4,1000000,1564.1633,2701.3357,1137.1724000000002
nancy,4,1000000,1568.2948,2705.4253,1137.1305
nancy,4,1000000,1572.3181,2709.4426,1137.1245
nancy,4,1000000,1576.4698,2713.6592,1137.1894
nancy,4,1000000,1580.4988,2717.677,1137.1782
nancy,4,1000000,1584.4662,2721.6868,1137.2205999999999
nancy,4,1000000,1588.7041,2725.886,1137.1819
rennes,4,1000000,1709.6677,2846.9253,1137.2576
nancy,4,1000000,1592.8052,2729.9255,1137.1202999999998
nantes,4,1000000,1428.4288,2565.4673,1137.0384999999999
nantes,4,1000000,1433.6287,2570.521,1136.8923000000002
nantes,4,1000000,1440.0875,2576.9827,1136.8952
nantes,4,1000000,1446.3442,2583.291,1136.9468000000002
nantes,4,1000000,1451.7108,2588.5667,1136.8558999999998
nantes,4,1000000,1457.6552,2594.6426,1136.9874000000002
nantes,4,1000000,1463.9352,2600.8577,1136.9225000000001
nantes,4,1000000,1470.2456,2607.2847,1137.0391000000002
nantes,4,1000000,1475.4069,2612.398,1136.9911000000002
rennes,4,1000000,1714.8943,2852.1528,1137.2585
nantes,4,1000000,1482.4502,2619.384,1136.9338
nantes,4,1000000,1487.8105,2624.7786,1136.9681
nantes,4,1000000,1494.6023,2631.4634,1136.8611
nantes,4,1000000,1500.5093,2637.3567,1136.8473999999999
nantes,4,1000000,1506.6725,2643.593,1136.9205
nantes,4,1000000,1513.3647,2649.9978,1136.6331
rennes,4,1000000,1419.882,2556.9712,1137.0892
rennes,4,1000000,1424.2177,2561.6414,1137.4237
rennes,4,1000000,1429.4073,2566.816,1137.4086999999997
rennes,4,1000000,1434.3973,2571.7766,1137.3793
nantes,4,1000000,1683.1045,2820.173,1137.0684999999999
rennes,4,1000000,1719.4803,2856.7334,1137.2531000000001
rennes,4,1000000,1439.4824,2576.8694,1137.387
rennes,4,1000000,1444.2448,2581.6296,1137.3848000000003
rennes,4,1000000,1449.3208,2586.7212,1137.4004
rennes,4,1000000,1454.0061,2591.3965,1137.3903999999998
rennes,4,1000000,1459.4504,2596.4783,1137.0279000000003
rennes,4,1000000,1463.8083,2601.1992,1137.3909
rennes,4,1000000,1468.719,2606.1357,1137.4166999999998
rennes,4,1000000,1473.7227,2611.1165,1137.3938
rennes,4,1000000,1478.9319,2616.3245,1137.3926000000001
rennes,4,1000000,1483.6897,2621.0708,1137.3811
rennes,4,1000000,1724.4318,2861.6777,1137.2459000000001
rennes,4,1000000,1489.0048,2626.3813,1137.3765
toulouse,4,1000000,1421.6761,2558.2786,1136.6025000000002
toulouse,4,1000000,1425.3671,2562.0317,1136.6646
toulouse,4,1000000,1429.58,2566.1829,1136.6028999999999
toulouse,4,1000000,1433.605,2570.2295,1136.6245
toulouse,4,1000000,1437.6746,2574.3313,1136.6566999999998
toulouse,4,1000000,1441.517,2578.132,1136.615
toulouse,4,1000000,1445.2645,2581.9158,1136.6513000000002
toulouse,4,1000000,1449.8223,2586.495,1136.6726999999998
toulouse,4,1000000,1453.6914,2590.3032,1136.6118
rennes,4,1000000,1729.3818,2866.674,1137.2921999999999
toulouse,4,1000000,1457.4899,2594.1472,1136.6572999999999
toulouse,4,1000000,1461.0271,2597.6714,1136.6443000000002
toulouse,4,1000000,1465.2574,2601.8994,1136.6419999999998
toulouse,4,1000000,1469.0494,2605.7048,1136.6553999999999
toulouse,4,1000000,1472.8175,2609.3967,1136.5791999999997
toulouse,4,1000000,1477.0618,2613.227,1136.1652
nancy,4,1000000,1448.2064,2585.1885,1136.9821000000002
nancy,4,1000000,1452.0938,2589.0776,1136.9838
nancy,4,1000000,1456.1793,2593.1807,1137.0013999999999
nancy,4,1000000,1460.4572,2597.4524,1136.9952
rennes,4,1000000,1734.2523,2871.4832,1137.2309
nancy,4,1000000,1464.532,2601.6135,1137.0815
nancy,4,1000000,1468.8226,2605.8274,1137.0048000000002
nancy,4,1000000,1472.6609,2609.674,1137.0131
nancy,4,1000000,1476.6833,2613.7307,1137.0474000000002
nancy,4,1000000,1480.8911,2617.9014,1137.0103000000001
nancy,4,1000000,1484.702,2621.7227,1137.0206999999998
nancy,4,1000000,1488.8585,2625.893,1137.0345
nancy,4,1000000,1492.7991,2629.8118,1137.0127
nancy,4,1000000,1496.7981,2633.7969,1136.9987999999998
nancy,4,1000000,1500.8195,2637.8179,1136.9984
rennes,4,1000000,1739.0272,2876.3772,1137.35
nancy,4,1000000,1504.7552,2641.7588,1137.0036
rennes,4,1000000,1362.5603,2499.4983,1136.938
rennes,4,1000000,1367.3145,2504.1829,1136.8683999999998
rennes,4,1000000,1372.053,2508.915,1136.8619999999999
rennes,4,1000000,1376.9741,2513.8528,1136.8787000000002
rennes,4,1000000,1382.105,2518.942,1136.837
rennes,4,1000000,1386.6957,2523.8992,1137.2034999999998
rennes,4,1000000,1391.5303,2528.682,1137.1517
rennes,4,1000000,1396.4918,2533.6018,1137.11
rennes,4,1000000,1401.2823,2538.3787,1137.0964000000001
rennes,4,1000000,1744.0211,2881.292,1137.2709
rennes,4,1000000,1406.5508,2543.668,1137.1172000000001
rennes,4,1000000,1411.4323,2548.5952,1137.1629000000003
rennes,4,1000000,1416.408,2553.5728,1137.1648
rennes,4,1000000,1421.1913,2558.2952,1137.1039
rennes,4,1000000,1426.6027,2563.745,1137.1423
rennes,4,1000000,1431.465,2568.6006,1137.1356000000003
rennes,4,1000000,1333.8516,2471.131,1137.2794
rennes,4,1000000,1338.3073,2475.662,1137.3546999999999
rennes,4,1000000,1343.2533,2480.5952,1137.3419000000001
rennes,4,1000000,1348.1768,2485.5452,1137.3684
rennes,4,1000000,1749.0363,2886.2925,1137.2562
rennes,4,1000000,1353.531,2490.915,1137.384
rennes,4,1000000,1358.28,2495.635,1137.3550000000002
rennes,4,1000000,1363.5553,2500.89,1137.3346999999999
rennes,4,1000000,1368.6313,2509.1091,1140.4778000000001
rennes,4,1000000,1373.4216,2510.7092,1137.2875999999999
rennes,4,1000000,1378.1992,2515.5708,1137.3716
rennes,4,1000000,1383.2092,2520.5295,1137.3203
rennes,4,1000000,1388.3687,2525.7644,1137.3957
rennes,4,1000000,1393.2123,2530.6165,1137.4042000000002
rennes,4,1000000,1398.4547,2535.8218,1137.3671000000002
rennes,4,1000000,1753.855,2891.0955,1137.2404999999999
rennes,4,1000000,1403.6075,2540.9153,1137.3078
rennes,4,1000000,1279.6605,2416.8513,1137.1907999999999
rennes,4,1000000,1284.4742,2421.4053,1136.9310999999998
rennes,4,1000000,1289.5228,2426.3943,1136.8715
rennes,4,1000000,1294.5001,2431.274,1136.7739
rennes,4,1000000,1298.7915,2435.9824,1137.1908999999998
rennes,4,1000000,1303.4625,2440.6753,1137.2127999999998
rennes,4,1000000,1308.4989,2445.698,1137.1990999999998
rennes,4,1000000,1313.3389,2450.5007,1137.1618
rennes,4,1000000,1318.9396,2455.7131,1136.7735
rennes,4,1000000,1758.8837,2896.1208,1137.2371
rennes,4,1000000,1323.284,2460.5159,1137.2318999999998
rennes,4,1000000,1328.1978,2465.3813,1137.1835
rennes,4,1000000,1332.8627,2470.0242,1137.1615
rennes,4,1000000,1337.8163,2475.016,1137.1997000000001
rennes,4,1000000,1342.6346,2479.8264,1137.1917999999998
rennes,4,1000000,1347.2787,2484.4482,1137.1694999999997
toulouse,4,1000000,1283.8073,2420.589,1136.7817
toulouse,4,1000000,1286.8696,2423.6445,1136.7749
toulouse,4,1000000,1291.4491,2428.3071,1136.858
toulouse,4,1000000,1295.045,2431.8782,1136.8332
rennes,4,1000000,1763.3607,2900.6172,1137.2565000000002
toulouse,4,1000000,1298.9303,2435.7527,1136.8224
toulouse,4,1000000,1302.7699,2439.5754,1136.8055000000002
toulouse,4,1000000,1307.0924,2443.8752,1136.7828
toulouse,4,1000000,1310.8616,2447.6462,1136.7846000000002
toulouse,4,1000000,1314.7814,2451.584,1136.8025999999998
toulouse,4,1000000,1318.696,2455.5083,1136.8123
toulouse,4,1000000,1322.8632,2459.6724,1136.8092
toulouse,4,1000000,1326.7742,2463.5906,1136.8164
toulouse,4,1000000,1330.6096,2467.4224,1136.8128
toulouse,4,1000000,1334.2749,2471.1304,1136.8555000000001
nantes,4,1000000,1689.5347,2826.7007,1137.166
rennes,4,1000000,1768.8961,2906.1467,1137.2505999999998
toulouse,4,1000000,1337.8676,2474.692,1136.8244
nantes,4,1000000,1629.2927,2766.715,1137.4223000000002
nantes,4,1000000,1635.0565,2772.4443,1137.3878000000002
nantes,4,1000000,1641.3745,2778.78,1137.4055000000003
nantes,4,1000000,1647.3829,2784.672,1137.2891
nantes,4,1000000,1653.759,2790.7407,1136.9816999999998
nantes,4,1000000,1659.9327,2796.8914,1136.9587
nantes,4,1000000,1665.8022,2803.1978,1137.3955999999998
nantes,4,1000000,1671.061,2808.4575,1137.3965
nantes,4,1000000,1677.7511,2815.1646,1137.4135
nantes,4,1000000,1695.4121,2832.4377,1137.0256
nantes,4,1000000,1683.2162,2820.6143,1137.3981
nantes,4,1000000,1689.6945,2827.1238,1137.4292999999998
nantes,4,1000000,1695.5092,2832.9133,1137.4041000000002
nantes,4,1000000,1701.4756,2838.9014,1137.4258000000002
nantes,4,1000000,1708.6823,2846.1008,1137.4185000000002
nantes,4,1000000,1714.4869,2851.8872,1137.4003
nancy,4,1000000,1754.5146,2891.8872,1137.3726000000001
nancy,4,1000000,1758.2867,2895.6812,1137.3944999999999
nancy,4,1000000,1762.587,2899.8923,1137.3053
nancy,4,1000000,1766.7767,2904.0957,1137.319
nantes,4,1000000,1700.9507,2838.447,1137.4963
nancy,4,1000000,1770.9075,2908.2222,1137.3147000000001
nancy,4,1000000,1775.1354,2912.4468,1137.3114000000003
nancy,4,1000000,1779.0325,2916.4475,1137.4150000000002
nancy,4,1000000,1783.0424,2920.4116,1137.3691999999999
nancy,4,1000000,1787.021,2924.4016,1137.3806000000002
nancy,4,1000000,1791.1982,2928.502,1137.3038
nancy,4,1000000,1795.0752,2932.4507,1137.3754999999999
nancy,4,1000000,1799.077,2936.5144,1137.4374
nancy,4,1000000,1802.9733,2940.3433,1137.37
nancy,4,1000000,1806.9376,2944.2524,1137.3147999999999
nantes,4,1000000,1707.8016,2845.2244,1137.4228
nancy,4,1000000,1810.9406,2948.3154,1137.3748
nancy,4,1000000,1723.0382,2860.255,1137.2168000000001
nancy,4,1000000,1726.8953,2864.0308,1137.1355
nancy,4,1000000,1730.9835,2868.1484,1137.1649
nancy,4,1000000,1735.0209,2872.1978,1137.1769
nancy,4,1000000,1738.8083,2875.98,1137.1717
nancy,4,1000000,1743.0098,2880.151,1137.1411999999998
nancy,4,1000000,1746.7794,2883.9456,1137.1662000000001
nancy,4,1000000,1750.9701,2888.1501,1137.1799999999998
nancy,4,1000000,1754.9963,2892.2012,1137.2049
nantes,4,1000000,1713.67,2851.1223,1137.4523
nancy,4,1000000,1759.072,2896.215,1137.1430000000003
nancy,4,1000000,1762.9711,2900.1455,1137.1744
nancy,4,1000000,1767.2269,2904.395,1137.1681
nancy,4,1000000,1771.2369,2908.4185,1137.1816000000001
nancy,4,1000000,1775.4084,2912.6052,1137.1968
nancy,4,1000000,1779.2225,2916.39,1137.1674999999998
nancy,4,1000000,1695.9136,2833.002,1137.0883999999999
nancy,4,1000000,1699.6064,2836.692,1137.0856
nancy,4,1000000,1703.8944,2841.0063,1137.1119
nancy,4,1000000,1708.0076,2845.1123,1137.1046999999999
nantes,4,1000000,1719.6869,2857.1658,1137.4789000000003
nancy,4,1000000,1712.1356,2849.2678,1137.1322
nancy,4,1000000,1716.1963,2853.2854,1137.0891000000001
nancy,4,1000000,1720.1536,2857.254,1137.1003999999998
nancy,4,1000000,1724.0875,2861.1719,1137.0843999999997
nancy,4,1000000,1727.8473,2864.9749,1137.1276000000003
nancy,4,1000000,1732.0009,2869.1355,1137.1345999999999
nancy,4,1000000,1736.1608,2873.2688,1137.1079999999997
nancy,4,1000000,1740.154,2877.2598,1137.1057999999998
nancy,4,1000000,1744.1714,2881.284,1137.1126000000002
nancy,4,1000000,1748.0483,2885.1487,1137.1004000000003
nantes,4,1000000,1725.3916,2862.861,1137.4694
nancy,4,1000000,1752.0411,2889.1282,1137.0871000000002
nantes,4,1000000,1524.1781,2661.1543,1136.9762
nantes,4,1000000,1528.9985,2666.3665,1137.3680000000002
nantes,4,1000000,1535.9183,2673.2844,1137.3661
nantes,4,1000000,1541.0681,2678.4788,1137.4107
nantes,4,1000000,1547.7913,2685.2163,1137.425
nantes,4,1000000,1554.4717,2691.8337,1137.362
nantes,4,1000000,1559.5831,2696.969,1137.3859
nantes,4,1000000,1566.4423,2703.8198,1137.3775000000003
nantes,4,1000000,1572.0276,2709.3967,1137.3691
nantes,5,1000000,1850.3918,2993.6929,1143.3011
nantes,5,1000000,1903.6962,3046.9622,1143.2659999999998
nantes,5,1000000,1741.2292,2884.6135,1143.3843
nantes,5,1000000,1747.3917,2890.7297,1143.338
nantes,5,1000000,1754.1656,2897.5054,1143.3398
nantes,5,1000000,1760.3262,2903.7021,1143.3759
nantes,5,1000000,1766.8602,2910.1946,1143.3343999999997
nantes,5,1000000,1772.2953,2915.5908,1143.2955
nantes,5,1000000,1672.4279,2815.6738,1143.2459000000001
nantes,5,1000000,1677.7649,2820.9888,1143.2239000000002
nantes,5,1000000,1684.7927,2827.5676,1142.7749
nantes,5,1000000,1689.7047,2832.9512,1143.2465
nantes,5,1000000,1909.5548,3052.8381,1143.2833
nantes,5,1000000,1696.2347,2839.5342,1143.2995
nantes,5,1000000,1701.3926,2844.6921,1143.2995000000003
nantes,5,1000000,1707.942,2851.1863,1143.2442999999998
nantes,5,1000000,1713.593,2856.825,1143.2319999999997
nantes,5,1000000,1720.6809,2863.565,1142.8841
nantes,5,1000000,1725.8658,2868.7158,1142.85
nantes,5,1000000,1731.9598,2875.1787,1143.2188999999998
nantes,5,1000000,1737.0851,2880.325,1143.2398999999998
nantes,5,1000000,1743.912,2887.1296,1143.2176000000002
nantes,5,1000000,1749.0801,2892.3396,1143.2595
nantes,5,1000000,1916.2396,3059.5164,1143.2767999999999
nantes,5,1000000,1754.8179,2898.0798,1143.2619
toulouse,5,1000000,1709.6998,2852.7659,1143.0660999999998
toulouse,5,1000000,1713.1589,2856.3096,1143.1507000000001
toulouse,5,1000000,1717.0425,2860.187,1143.1444999999999
toulouse,5,1000000,1720.9359,2864.112,1143.1761000000001
toulouse,5,1000000,1725.1403,2868.1067,1142.9663999999998
toulouse,5,1000000,1728.549,2871.7188,1143.1698000000001
toulouse,5,1000000,1732.7141,2875.7834,1143.0692999999999
toulouse,5,1000000,1736.4667,2879.6355,1143.1688
toulouse,5,1000000,1741.0695,2883.7878,1142.7183
nantes,5,1000000,1921.766,3065.0574,1143.2914
toulouse,5,1000000,1744.8,2887.897,1143.097
toulouse,5,1000000,1748.7262,2891.9084,1143.1821999999997
toulouse,5,1000000,1752.6295,2895.8066,1143.1770999999999
toulouse,5,1000000,1756.498,2899.7063,1143.2082999999998
toulouse,5,1000000,1760.5579,2903.789,1143.2311000000002
toulouse,5,1000000,1764.575,2907.685,1143.11
toulouse,5,1000000,1683.8662,2826.43,1142.5638
toulouse,5,1000000,1687.427,2829.9985,1142.5715000000002
toulouse,5,1000000,1691.5602,2834.1282,1142.5680000000002
toulouse,5,1000000,1695.6011,2838.1704,1142.5692999999999
nantes,5,1000000,1928.3955,3071.6736,1143.2781
toulouse,5,1000000,1699.4026,2842.036,1142.6334000000002
toulouse,5,1000000,1703.4174,2845.9897,1142.5723
toulouse,5,1000000,1707.6921,2850.2617,1142.5696
toulouse,5,1000000,1711.6649,2854.2366,1142.5717000000002
toulouse,5,1000000,1715.5427,2858.1118,1142.5691000000002
toulouse,5,1000000,1719.5778,2862.145,1142.5672
toulouse,5,1000000,1723.3451,2865.912,1142.5668999999998
toulouse,5,1000000,1727.457,2870.046,1142.5889999999997
toulouse,5,1000000,1731.3629,2873.9263,1142.5634
toulouse,5,1000000,1735.4834,2878.0916,1142.6082000000001
nantes,5,1000000,1934.7993,3077.6055,1142.8062000000002
toulouse,5,1000000,1740.9683,2883.514,1142.5457000000001
toulouse,5,1000000,1639.4395,2782.6858,1143.2463000000002
toulouse,5,1000000,1643.0566,2786.3223,1143.2657
toulouse,5,1000000,1647.1863,2790.4167,1143.2304000000001
toulouse,5,1000000,1651.0074,2794.253,1143.2456000000002
toulouse,5,1000000,1654.6855,2797.924,1143.2385
toulouse,5,1000000,1658.3517,2801.599,1143.2473000000002
toulouse,5,1000000,1662.2495,2805.5154,1143.2659000000003
toulouse,5,1000000,1665.9976,2809.2253,1143.2277000000001
toulouse,5,1000000,1669.8872,2813.1763,1143.2891000000002
rennes,5,1000000,1885.5916,3028.3743,1142.7827
toulouse,5,1000000,1673.9364,2817.2021,1143.2657
toulouse,5,1000000,1677.6427,2820.9312,1143.2884999999999
toulouse,5,1000000,1681.2477,2824.4924,1143.2447000000002
toulouse,5,1000000,1685.1001,2828.368,1143.2678999999998
toulouse,5,1000000,1689.2145,2832.4963,1143.2817999999997
toulouse,5,1000000,1693.3596,2836.6333,1143.2737
nancy,5,1000000,1619.8783,2763.0583,1143.18
nancy,5,1000000,1623.9343,2767.0913,1143.1570000000002
nancy,5,1000000,1627.9369,2771.0967,1143.1598000000001
nancy,5,1000000,1631.932,2775.1226,1143.1906000000001
rennes,5,1000000,1889.8307,3032.9487,1143.118
nancy,5,1000000,1635.83,2779.023,1143.1930000000002
nancy,5,1000000,1640.0629,2783.251,1143.1881000000003
nancy,5,1000000,1644.1775,2787.36,1143.1825000000001
nancy,5,1000000,1648.1155,2791.2847,1143.1692
nancy,5,1000000,1651.952,2795.1655,1143.2135
nancy,5,1000000,1655.9309,2799.089,1143.1580999999999
nancy,5,1000000,1659.6562,2802.8262,1143.17
nancy,5,1000000,1663.661,2806.8462,1143.1852
nancy,5,1000000,1667.5675,2810.773,1143.2055
nancy,5,1000000,1671.5403,2814.735,1143.1947000000002
rennes,5,1000000,1894.6598,3037.796,1143.1362
nancy,5,1000000,1675.518,2818.671,1143.1529999999998
nantes,5,1000000,1549.4631,2692.7712,1143.3081000000002
nantes,5,1000000,1554.6014,2697.928,1143.3265999999999
nantes,5,1000000,1561.39,2704.605,1143.215
nantes,5,1000000,1566.8623,2710.0457,1143.1834000000001
nantes,5,1000000,1573.5468,2716.3894,1142.8426
nantes,5,1000000,1579.1025,2722.3672,1143.2647000000002
nantes,5,1000000,1585.6245,2728.8987,1143.2742000000003
nantes,5,1000000,1591.2173,2734.4358,1143.2185000000002
nantes,5,1000000,1597.9888,2740.735,1142.7462
rennes,5,1000000,1899.4081,3042.5732,1143.1650999999997
nantes,5,1000000,1604.0902,2747.4102,1143.3199999999997
nantes,5,1000000,1609.1664,2752.3975,1143.2311
nantes,5,1000000,1616.143,2759.3386,1143.1956
nantes,5,1000000,1621.8207,2765.0986,1143.2778999999998
nantes,5,1000000,1628.7487,2772.0232,1143.2745
nantes,5,1000000,1634.753,2777.962,1143.209
rennes,5,1000000,1507.1875,2650.4111,1143.2235999999998
rennes,5,1000000,1512.1627,2654.997,1142.8342999999998
rennes,5,1000000,1517.5021,2660.769,1143.2668999999999
rennes,5,1000000,1522.6678,2665.9436,1143.2758000000001
nantes,5,1000000,1855.9849,2999.258,1143.2730999999999
rennes,5,1000000,1904.6477,3047.781,1143.1333
rennes,5,1000000,1527.5824,2670.8142,1143.2317999999998
rennes,5,1000000,1532.7493,2675.6292,1142.8799
rennes,5,1000000,1537.4294,2680.7463,1143.3168999999998
rennes,5,1000000,1542.2034,2685.4648,1143.2614
rennes,5,1000000,1547.5178,2690.3853,1142.8674999999998
rennes,5,1000000,1552.2535,2695.069,1142.8155
rennes,5,1000000,1556.7489,2700.0461,1143.2972
rennes,5,1000000,1561.8181,2705.0442,1143.2260999999999
rennes,5,1000000,1566.9531,2710.212,1143.2589
rennes,5,1000000,1571.8198,2715.0464,1143.2266000000002
rennes,5,1000000,1910.0371,3053.9497,1143.9126
rennes,5,1000000,1576.4945,2719.8054,1143.3109000000002
toulouse,5,1000000,1525.4694,2668.2961,1142.8267
toulouse,5,1000000,1529.3983,2672.241,1142.8427
toulouse,5,1000000,1533.3204,2676.145,1142.8246
toulouse,5,1000000,1537.23,2680.1162,1142.8862
toulouse,5,1000000,1541.8401,2684.7434,1142.9033
toulouse,5,1000000,1546.0503,2688.8901,1142.8398
toulouse,5,1000000,1549.8,2692.6584,1142.8583999999998
toulouse,5,1000000,1553.5876,2696.4668,1142.8792
toulouse,5,1000000,1557.4528,2700.288,1142.8352
rennes,5,1000000,1914.878,3057.591,1142.713
toulouse,5,1000000,1561.243,2704.1313,1142.8883
toulouse,5,1000000,1565.1703,2708.0242,1142.8538999999998
toulouse,5,1000000,1569.0725,2711.9348,1142.8623
toulouse,5,1000000,1572.9482,2715.836,1142.8877999999997
toulouse,5,1000000,1576.8464,2719.7087,1142.8623000000002
toulouse,5,1000000,1580.696,2723.5767,1142.8807000000002
nancy,5,1000000,1536.4174,2679.5884,1143.171
nancy,5,1000000,1540.1521,2683.2957,1143.1436
nancy,5,1000000,1544.2891,2687.5034,1143.2143
nancy,5,1000000,1548.3356,2691.5464,1143.2108
rennes,5,1000000,1919.3691,3062.4744,1143.1053000000002
nancy,5,1000000,1552.4197,2695.6304,1143.2107
nancy,5,1000000,1556.6489,2699.8125,1143.1636
nancy,5,1000000,1560.7314,2703.8916,1143.1602
nancy,5,1000000,1564.7921,2707.9639,1143.1718000000003
nancy,5,1000000,1568.8354,2712.1023,1143.2669
nancy,5,1000000,1572.8342,2716.117,1143.2828000000002
nancy,5,1000000,1577.1393,2720.2852,1143.1458999999998
nancy,5,1000000,1581.1107,2724.3179,1143.2072
nancy,5,1000000,1584.9921,2728.1443,1143.1522
nancy,5,1000000,1588.8746,2732.0325,1143.1578999999997
rennes,5,1000000,1924.5345,3067.6655,1143.131
nancy,5,1000000,1592.938,2736.1917,1143.2536999999998
rennes,5,1000000,1429.8688,2572.6367,1142.7679
rennes,5,1000000,1434.6644,2577.4082,1142.7438
rennes,5,1000000,1439.1965,2582.1506,1142.9541
rennes,5,1000000,1443.7207,2586.9866,1143.2659
rennes,5,1000000,1448.6168,2591.8223,1143.2054999999998
rennes,5,1000000,1453.626,2596.8728,1143.2468000000001
rennes,5,1000000,1458.2393,2601.4946,1143.2553
rennes,5,1000000,1463.2656,2606.5347,1143.2691000000002
rennes,5,1000000,1468.6372,2611.3555,1142.7183000000002
rennes,5,1000000,1929.0046,3072.159,1143.1544000000001
rennes,5,1000000,1473.1425,2616.3926,1143.2501000000002
rennes,5,1000000,1478.3705,2621.6052,1143.2347
rennes,5,1000000,1483.0737,2626.2825,1143.2087999999999
rennes,5,1000000,1487.9713,2631.2783,1143.307
rennes,5,1000000,1492.8568,2636.1194,1143.2626
rennes,5,1000000,1497.5522,2640.8164,1143.2642
rennes,5,1000000,1398.6086,2541.4673,1142.8586999999998
rennes,5,1000000,1403.23,2546.481,1143.2510000000002
rennes,5,1000000,1408.1693,2551.4153,1143.246
rennes,5,1000000,1413.1942,2556.296,1143.1018
rennes,5,1000000,1933.6893,3076.888,1143.1987
rennes,5,1000000,1418.1986,2561.3142,1143.1155999999999
rennes,5,1000000,1423.1595,2566.2646,1143.1051
rennes,5,1000000,1428.3805,2571.2734,1142.8929
rennes,5,1000000,1433.2404,2576.3345,1143.0941
rennes,5,1000000,1438.0753,2581.1855,1143.1102
rennes,5,1000000,1442.9557,2586.2234,1143.2676999999999
rennes,5,1000000,1448.0168,2591.1016,1143.0847999999999
rennes,5,1000000,1453.1415,2596.2595,1143.1180000000002
rennes,5,1000000,1458.3102,2601.2007,1142.8905
rennes,5,1000000,1462.7987,2605.9204,1143.1217
rennes,5,1000000,1938.5684,3081.7158,1143.1473999999998
rennes,5,1000000,1467.6755,2610.7737,1143.0982000000001
rennes,5,1000000,1371.2014,2514.3662,1143.1648
rennes,5,1000000,1376.1935,2519.2542,1143.0606999999998
rennes,5,1000000,1381.0549,2524.1829,1143.1279999999997
rennes,5,1000000,1386.0164,2529.1,1143.0836
rennes,5,1000000,1391.0594,2534.1548,1143.0953999999997
rennes,5,1000000,1395.8563,2538.9678,1143.1115
rennes,5,1000000,1400.8412,2544.0286,1143.1874
rennes,5,1000000,1405.932,2549.008,1143.0759999999998
rennes,5,1000000,1410.8782,2554.0193,1143.1410999999998
rennes,5,1000000,1943.8801,3087.0356,1143.1555
rennes,5,1000000,1415.6512,2558.7427,1143.0914999999998
rennes,5,1000000,1420.6127,2563.696,1143.0833
rennes,5,1000000,1425.7574,2568.808,1143.0506
rennes,5,1000000,1430.211,2573.353,1143.142
rennes,5,1000000,1435.3442,2578.4785,1143.1343000000002
rennes,5,1000000,1440.1532,2583.2676,1143.1144000000002
toulouse,5,1000000,1365.4523,2508.0496,1142.5973
toulouse,5,1000000,1369.4252,2511.9128,1142.4876000000002
toulouse,5,1000000,1373.1497,2515.7734,1142.6237
toulouse,5,1000000,1377.886,2520.4631,1142.5771
rennes,5,1000000,1948.6995,3091.8452,1143.1457000000003
toulouse,5,1000000,1381.5894,2524.1033,1142.5139000000001
toulouse,5,1000000,1385.782,2528.2717,1142.4896999999999
toulouse,5,1000000,1389.8243,2531.9514,1142.1271
toulouse,5,1000000,1393.8506,2536.3467,1142.4961
toulouse,5,1000000,1397.1532,2539.6729,1142.5197
toulouse,5,1000000,1401.7325,2544.2217,1142.4892
toulouse,5,1000000,1406.01,2548.0378,1142.0278
toulouse,5,1000000,1409.3333,2551.9077,1142.5744000000002
toulouse,5,1000000,1413.5664,2556.0762,1142.5098
toulouse,5,1000000,1417.4448,2560.0486,1142.6038
nantes,5,1000000,1862.38,3005.6748,1143.2947999999997
rennes,5,1000000,1953.5322,3096.6892,1143.1569999999997
toulouse,5,1000000,1422.3467,2564.8865,1142.5398
nantes,5,1000000,1821.9485,2965.2773,1143.3288000000002
nantes,5,1000000,1827.8711,2971.1348,1143.2636999999997
nantes,5,1000000,1833.4603,2976.7158,1143.2555
nantes,5,1000000,1839.9706,2983.2734,1143.3028
nantes,5,1000000,1845.6912,2988.9644,1143.2731999999999
nantes,5,1000000,1851.66,2994.8892,1143.2292
nantes,5,1000000,1858.2241,3001.5344,1143.3103
nantes,5,1000000,1864.6973,3007.64,1142.9426999999998
nantes,5,1000000,1870.0929,3013.3987,1143.3058
nantes,5,1000000,1868.3374,3011.2039,1142.8665
nantes,5,1000000,1877.0624,3019.9587,1142.8963
nantes,5,1000000,1882.5188,3025.8433,1143.3245
nantes,5,1000000,1889.0695,3032.3252,1143.2557000000002
nantes,5,1000000,1895.0055,3038.2578,1143.2522999999999
nantes,5,1000000,1901.6876,3044.9768,1143.2892
nantes,5,1000000,1907.6831,3050.9673,1143.2841999999998
nancy,5,1000000,1927.32,3070.4312,1143.1112
nancy,5,1000000,1931.786,3074.3433,1142.5573
nancy,5,1000000,1935.3583,3078.3972,1143.0388999999998
nancy,5,1000000,1939.5905,3082.678,1143.0874999999999
nantes,5,1000000,1873.8859,3017.1853,1143.2994
nancy,5,1000000,1943.4076,3086.5974,1143.1898
nancy,5,1000000,1947.613,3090.6938,1143.0808
nancy,5,1000000,1951.6621,3094.848,1143.1859
nancy,5,1000000,1955.769,3098.8767,1143.1076999999998
nancy,5,1000000,1959.98,3103.057,1143.0769999999998
nancy,5,1000000,1964.0033,3107.055,1143.0516999999998
nancy,5,1000000,1968.2885,3111.363,1143.0744999999997
nancy,5,1000000,1971.8403,3114.9688,1143.1285
nancy,5,1000000,1976.1321,3119.237,1143.1049
nancy,5,1000000,1980.3046,3123.3606,1143.056
nantes,5,1000000,1879.9755,3023.259,1143.2835
nancy,5,1000000,1984.6892,3127.7617,1143.0725
nancy,5,1000000,1891.8992,3035.0977,1143.1984999999997
nancy,5,1000000,1895.7112,3038.9666,1143.2554000000002
nancy,5,1000000,1899.7621,3043.0852,1143.3231
nancy,5,1000000,1904.0464,3047.2808,1143.2344
nancy,5,1000000,1908.1858,3051.4167,1143.2309000000002
nancy,5,1000000,1912.315,3055.5881,1143.2730999999999
nancy,5,1000000,1916.2163,3059.4912,1143.2749
nancy,5,1000000,1920.3651,3063.5706,1143.2055
nancy,5,1000000,1924.5703,3067.7732,1143.2029
nantes,5,1000000,1885.8933,3029.1975,1143.3042000000003
nancy,5,1000000,1928.5118,3071.724,1143.2122000000002
nancy,5,1000000,1932.72,3075.895,1143.175
nancy,5,1000000,1936.8461,3080.0896,1143.2434999999998
nancy,5,1000000,1940.9088,3084.1692,1143.2604
nancy,5,1000000,1944.9391,3088.116,1143.1769
nancy,5,1000000,1949.0801,3092.3147,1143.2346
nancy,5,1000000,1860.4856,3003.687,1143.2014
nancy,5,1000000,1864.5095,3007.6658,1143.1563000000003
nancy,5,1000000,1868.4897,3011.7249,1143.2352
nancy,5,1000000,1872.7516,3015.988,1143.2363999999998
nantes,5,1000000,1892.192,3038.3345,1146.1425
nancy,5,1000000,1876.809,3020.0027,1143.1937
nancy,5,1000000,1880.8636,3024.0547,1143.1911000000002
nancy,5,1000000,1884.6805,3027.8997,1143.2192
nancy,5,1000000,1888.5562,3031.7283,1143.1721000000002
nancy,5,1000000,1892.5634,3035.756,1143.1925999999999
nancy,5,1000000,1896.4741,3039.724,1143.2499000000003
nancy,5,1000000,1900.2549,3043.4114,1143.1565
nancy,5,1000000,1904.0549,3047.2605,1143.2055999999998
nancy,5,1000000,1907.8531,3051.061,1143.2079
nancy,5,1000000,1911.3865,3054.5806,1143.1940999999997
nantes,5,1000000,1897.5455,3040.8284,1143.2829
nancy,5,1000000,1915.315,3058.5547,1143.2397
nantes,5,1000000,1686.4814,2829.8013,1143.3199000000002
nantes,5,1000000,1692.2057,2835.5103,1143.3046
nantes,5,1000000,1698.3047,2841.2366,1142.9319000000003
nantes,5,1000000,1704.3739,2847.4304,1143.0565000000001
nantes,5,1000000,1710.4509,2853.751,1143.3001000000002
nantes,5,1000000,1716.3613,2859.7126,1143.3512999999998
nantes,5,1000000,1722.2238,2865.5618,1143.338
nantes,5,1000000,1729.1252,2872.0913,1142.9661
nantes,5,1000000,1734.6472,2877.9622,1143.3149999999998
nantes,6,1000000,1824.1493,2935.9282,1111.7788999999998
nantes,6,1000000,1879.0934,2990.3638,1111.2704
nantes,6,1000000,1735.4514,2847.073,1111.6216
nantes,6,1000000,1742.1888,2853.6758,1111.487
nantes,6,1000000,1747.5474,2859.122,1111.5746
nantes,6,1000000,1753.9103,2865.4407,1111.5304
nantes,6,1000000,1761.0311,2872.5781,1111.5470000000003
nantes,6,1000000,1766.9583,2878.5305,1111.5721999999998
nantes,6,1000000,1645.3263,2756.44,1111.1137
nantes,6,1000000,1649.4608,2761.0596,1111.5988
nantes,6,1000000,1655.2577,2766.9055,1111.6477999999997
nantes,6,1000000,1662.0314,2773.5657,1111.5343
nantes,6,1000000,1884.5638,2995.8313,1111.2675
nantes,6,1000000,1667.0433,2778.6995,1111.6562000000001
nantes,6,1000000,1673.6165,2785.2979,1111.6814
nantes,6,1000000,1678.9067,2790.5117,1111.605
nantes,6,1000000,1685.5889,2797.2026,1111.6137
nantes,6,1000000,1691.1816,2802.816,1111.6344
nantes,6,1000000,1697.9097,2809.4648,1111.5551000000003
nantes,6,1000000,1703.3453,2814.9922,1111.6469000000002
nantes,6,1000000,1710.258,2821.8901,1111.6321
nantes,6,1000000,1715.5092,2827.2344,1111.7251999999999
nantes,6,1000000,1722.3373,2834.003,1111.6657000000002
nantes,6,1000000,1890.8875,3002.6428,1111.7553
nantes,6,1000000,1727.7465,2839.4333,1111.6868000000002
toulouse,6,1000000,1707.179,2818.5942,1111.4152
toulouse,6,1000000,1711.4365,2822.5095,1111.073
toulouse,6,1000000,1715.0411,2826.4578,1111.4167000000002
toulouse,6,1000000,1718.9125,2830.347,1111.4345000000003
toulouse,6,1000000,1723.0612,2834.547,1111.4858
toulouse,6,1000000,1726.3741,2837.801,1111.4269
toulouse,6,1000000,1730.9343,2842.3623,1111.4279999999999
toulouse,6,1000000,1734.4751,2845.9216,1111.4465
toulouse,6,1000000,1738.8699,2850.319,1111.4491
nantes,6,1000000,1896.6267,3008.3198,1111.6931000000002
toulouse,6,1000000,1742.4781,2853.8916,1111.4134999999999
toulouse,6,1000000,1746.6204,2858.0342,1111.4138
toulouse,6,1000000,1750.5835,2862.0403,1111.4568000000002
toulouse,6,1000000,1754.7147,2866.1514,1111.4367000000002
toulouse,6,1000000,1758.7657,2870.1992,1111.4335
toulouse,6,1000000,1763.4142,2874.8525,1111.4383
toulouse,6,1000000,1693.2721,2804.8596,1111.5874999999999
toulouse,6,1000000,1697.4542,2809.0166,1111.5624
toulouse,6,1000000,1701.2913,2812.9248,1111.6334999999997
toulouse,6,1000000,1705.2117,2816.8228,1111.6110999999999
nantes,6,1000000,1903.3872,3015.082,1111.6948
toulouse,6,1000000,1709.0768,2820.6873,1111.6105
toulouse,6,1000000,1712.9823,2824.5496,1111.5673
toulouse,6,1000000,1717.0283,2828.6167,1111.5884
toulouse,6,1000000,1720.9558,2832.4995,1111.5437
toulouse,6,1000000,1724.7922,2836.3962,1111.604
toulouse,6,1000000,1728.6265,2840.168,1111.5415
toulouse,6,1000000,1732.5277,2844.1316,1111.6039
toulouse,6,1000000,1736.3542,2847.945,1111.5908000000002
toulouse,6,1000000,1741.4944,2853.0889,1111.5945000000002
toulouse,6,1000000,1745.4808,2857.0112,1111.5303999999999
nantes,6,1000000,1909.0824,3020.8103,1111.7279
toulouse,6,1000000,1750.1536,2861.6868,1111.5331999999999
toulouse,6,1000000,1668.4418,2780.397,1111.9551999999999
toulouse,6,1000000,1672.2214,2784.1707,1111.9493000000002
toulouse,6,1000000,1676.0791,2788.0183,1111.9392000000003
toulouse,6,1000000,1680.8326,2792.7979,1111.9653
toulouse,6,1000000,1685.368,2797.3057,1111.9377
toulouse,6,1000000,1689.2367,2801.183,1111.9463
toulouse,6,1000000,1693.0106,2804.9683,1111.9577
toulouse,6,1000000,1697.0308,2808.9736,1111.9427999999998
toulouse,6,1000000,1701.035,2812.9973,1111.9623
rennes,6,1000000,1864.5896,2975.7437,1111.1541
toulouse,6,1000000,1705.0614,2817.0366,1111.9751999999999
toulouse,6,1000000,1708.6707,2820.6638,1111.9931
toulouse,6,1000000,1712.6145,2824.5776,1111.9631000000002
toulouse,6,1000000,1716.5951,2828.6401,1112.045
toulouse,6,1000000,1720.4556,2832.4004,1111.9448
toulouse,6,1000000,1724.6656,2836.6184,1111.9527999999998
nancy,6,1000000,1666.5905,2778.131,1111.5404999999998
nancy,6,1000000,1670.3134,2781.8237,1111.5103
nancy,6,1000000,1674.356,2785.87,1111.514
nancy,6,1000000,1678.4602,2789.9988,1111.5385999999999
rennes,6,1000000,1868.9319,2980.5496,1111.6176999999998
nancy,6,1000000,1682.6232,2794.169,1111.5457999999999
nancy,6,1000000,1686.5704,2798.1277,1111.5573
nancy,6,1000000,1690.8154,2802.375,1111.5596
nancy,6,1000000,1694.9453,2806.5034,1111.5581
nancy,6,1000000,1699.2915,2810.7778,1111.4862999999998
nancy,6,1000000,1703.305,2814.84,1111.535
nancy,6,1000000,1707.5026,2819.0347,1111.5321000000001
nancy,6,1000000,1711.385,2822.947,1111.5620000000001
nancy,6,1000000,1715.131,2826.707,1111.5759999999998
nancy,6,1000000,1719.5094,2831.0417,1111.5323000000003
rennes,6,1000000,1873.9016,2985.5093,1111.6077000000002
nancy,6,1000000,1723.69,2835.2207,1111.5306999999998
nantes,6,1000000,1572.972,2684.6328,1111.6607999999999
nantes,6,1000000,1578.8477,2690.02,1111.1723
nantes,6,1000000,1585.5618,2696.609,1111.0472
nantes,6,1000000,1590.3339,2702.025,1111.6911
nantes,6,1000000,1597.393,2708.9468,1111.5538000000001
nantes,6,1000000,1603.0186,2714.6763,1111.6577
nantes,6,1000000,1609.757,2721.4812,1111.7242
nantes,6,1000000,1614.5651,2726.2576,1111.6924999999999
nantes,6,1000000,1622.1428,2733.3784,1111.2356
rennes,6,1000000,1879.1036,2990.2683,1111.1647000000003
nantes,6,1000000,1627.0299,2738.694,1111.6641
nantes,6,1000000,1634.2418,2745.9036,1111.6618
nantes,6,1000000,1639.6985,2751.2476,1111.5491000000002
nantes,6,1000000,1646.8516,2758.5322,1111.6806000000001
nantes,6,1000000,1653.6205,2765.2468,1111.6263
nantes,6,1000000,1659.1174,2770.6958,1111.5783999999999
rennes,6,1000000,1572.7482,2684.166,1111.4178000000002
rennes,6,1000000,1577.2123,2688.9988,1111.7865
rennes,6,1000000,1582.5743,2693.987,1111.4127
rennes,6,1000000,1589.4558,2701.246,1111.7902000000001
nantes,6,1000000,1829.6938,2941.029,1111.3352
rennes,6,1000000,1883.626,2995.2441,1111.6181
rennes,6,1000000,1598.3676,2710.1875,1111.8199
rennes,6,1000000,1603.6205,2715.3997,1111.7792
rennes,6,1000000,1608.2279,2719.988,1111.7600999999997
rennes,6,1000000,1613.9366,2725.737,1111.8004
rennes,6,1000000,1618.8555,2730.6711,1111.8156000000001
rennes,6,1000000,1624.0082,2735.7964,1111.7882000000002
rennes,6,1000000,1628.7484,2740.5146,1111.7662
rennes,6,1000000,1634.2023,2745.6738,1111.4715
rennes,6,1000000,1638.4982,2750.2876,1111.7894000000001
rennes,6,1000000,1643.53,2755.37,1111.84
rennes,6,1000000,1888.6323,3000.204,1111.5717000000002
rennes,6,1000000,1648.2682,2760.0642,1111.7959999999998
toulouse,6,1000000,1576.8047,2688.6104,1111.8057000000001
toulouse,6,1000000,1580.4417,2692.3594,1111.9176999999997
toulouse,6,1000000,1584.644,2696.16,1111.5159999999998
toulouse,6,1000000,1588.5988,2700.0903,1111.4914999999999
toulouse,6,1000000,1592.0659,2703.8315,1111.7655999999997
toulouse,6,1000000,1596.8181,2708.3472,1111.5291000000002
toulouse,6,1000000,1600.912,2712.7625,1111.8504999999998
toulouse,6,1000000,1604.7694,2716.703,1111.9336
toulouse,6,1000000,1608.579,2720.494,1111.9150000000002
rennes,6,1000000,1893.5422,3005.1472,1111.6049999999998
toulouse,6,1000000,1612.6069,2724.4817,1111.8747999999998
toulouse,6,1000000,1616.369,2728.268,1111.8990000000001
toulouse,6,1000000,1620.6849,2732.6006,1111.9157000000002
toulouse,6,1000000,1624.8671,2736.7896,1111.9225000000001
toulouse,6,1000000,1628.4272,2740.394,1111.9667999999997
toulouse,6,1000000,1633.0919,2745.029,1111.9371
nancy,6,1000000,1599.3268,2710.9148,1111.588
nancy,6,1000000,1603.294,2714.9316,1111.6375999999998
nancy,6,1000000,1607.1274,2718.804,1111.6766
nancy,6,1000000,1610.9548,2722.6985,1111.7437
rennes,6,1000000,1898.2008,3009.7954,1111.5946
nancy,6,1000000,1615.0312,2726.704,1111.6728000000003
nancy,6,1000000,1619.2804,2730.9111,1111.6306999999997
nancy,6,1000000,1623.256,2734.8784,1111.6224
nancy,6,1000000,1627.3365,2739.0193,1111.6828
nancy,6,1000000,1631.1638,2742.8389,1111.6751000000002
nancy,6,1000000,1635.0261,2746.7349,1111.7087999999999
nancy,6,1000000,1639.4012,2750.5396,1111.1384
nancy,6,1000000,1642.945,2754.609,1111.664
nancy,6,1000000,1646.65,2758.323,1111.6729999999998
nancy,6,1000000,1650.8121,2762.4912,1111.6790999999998
rennes,6,1000000,1905.4906,3017.0955,1111.6048999999998
nancy,6,1000000,1654.7347,2766.358,1111.6233000000002
rennes,6,1000000,1511.4761,2622.8645,1111.3884
rennes,6,1000000,1516.31,2628.0676,1111.7576
rennes,6,1000000,1521.5287,2633.2544,1111.7256999999997
rennes,6,1000000,1526.4248,2638.1565,1111.7317
rennes,6,1000000,1531.2922,2642.9907,1111.6984999999997
rennes,6,1000000,1536.4827,2648.254,1111.7712999999999
rennes,6,1000000,1541.3116,2652.985,1111.6734000000001
rennes,6,1000000,1546.4113,2658.1172,1111.7059000000002
rennes,6,1000000,1551.2605,2662.9626,1111.7020999999997
rennes,6,1000000,1912.0402,3023.6382,1111.598
rennes,6,1000000,1556.6937,2668.038,1111.3443
rennes,6,1000000,1560.7477,2672.4548,1111.7071
rennes,6,1000000,1566.0104,2677.6833,1111.6729000000003
rennes,6,1000000,1570.4625,2682.2544,1111.7918999999997
rennes,6,1000000,1575.8527,2687.5437,1111.6910000000003
rennes,6,1000000,1581.0675,2692.7878,1111.7203
rennes,6,1000000,1448.5675,2560.165,1111.5974999999999
rennes,6,1000000,1453.4276,2565.0647,1111.6371
rennes,6,1000000,1458.2587,2569.8948,1111.6361
rennes,6,1000000,1463.723,2574.9424,1111.2194
rennes,6,1000000,1917.2571,3028.8765,1111.6193999999998
rennes,6,1000000,1468.6959,2579.9194,1111.2235000000003
rennes,6,1000000,1472.9347,2584.6091,1111.6744
rennes,6,1000000,1477.8573,2589.4648,1111.6075000000003
rennes,6,1000000,1482.9164,2594.5364,1111.62
rennes,6,1000000,1487.7699,2599.4238,1111.6539
rennes,6,1000000,1492.403,2604.0317,1111.6287
rennes,6,1000000,1497.3516,2608.976,1111.6244000000002
rennes,6,1000000,1502.2819,2613.932,1111.6500999999998
rennes,6,1000000,1507.195,2618.7852,1111.5901999999999
rennes,6,1000000,1511.5901,2623.2031,1111.6130000000003
rennes,6,1000000,1922.3495,3033.9287,1111.5792
rennes,6,1000000,1516.4838,2628.0872,1111.6034
rennes,6,1000000,1446.3976,2557.8542,1111.4566000000002
rennes,6,1000000,1450.4832,2562.2065,1111.7232999999999
rennes,6,1000000,1455.8911,2567.6418,1111.7506999999998
rennes,6,1000000,1460.1057,2571.8176,1111.7118999999998
rennes,6,1000000,1463.2943,2574.6895,1111.3952
rennes,6,1000000,1471.8519,2583.5515,1111.6996000000001
rennes,6,1000000,1476.66,2588.4153,1111.7553
rennes,6,1000000,1481.6521,2593.324,1111.6719
rennes,6,1000000,1486.331,2598.0986,1111.7676
rennes,6,1000000,1927.0631,3038.6099,1111.5467999999998
rennes,6,1000000,1491.5736,2603.2815,1111.7079
rennes,6,1000000,1496.2828,2607.993,1111.7102
rennes,6,1000000,1501.4591,2613.1516,1111.6925
rennes,6,1000000,1506.089,2617.8665,1111.7775000000001
rennes,6,1000000,1511.0399,2622.8127,1111.7728
rennes,6,1000000,1515.8496,2627.5867,1111.7370999999998
toulouse,6,1000000,1461.0135,2572.1409,1111.1273999999999
toulouse,6,1000000,1464.839,2575.889,1111.0500000000002
toulouse,6,1000000,1468.5049,2579.6252,1111.1203
toulouse,6,1000000,1472.1748,2583.287,1111.1121999999998
rennes,6,1000000,1931.8132,3043.4314,1111.6182
toulouse,6,1000000,1476.2565,2587.3704,1111.1138999999998
toulouse,6,1000000,1480.2192,2591.3567,1111.1374999999998
toulouse,6,1000000,1484.4211,2595.4683,1111.0472
toulouse,6,1000000,1488.3953,2599.4016,1111.0063000000002
toulouse,6,1000000,1492.4429,2603.5017,1111.0587999999998
toulouse,6,1000000,1496.3854,2607.451,1111.0656000000001
toulouse,6,1000000,1500.2006,2611.3086,1111.108
toulouse,6,1000000,1504.7786,2615.9365,1111.1578999999997
toulouse,6,1000000,1508.5857,2619.7026,1111.1169
toulouse,6,1000000,1513.7153,2624.9294,1111.2141
nantes,6,1000000,1835.4222,2947.121,1111.6988000000001
rennes,6,1000000,1936.2836,3047.9602,1111.6766
toulouse,6,1000000,1517.0908,2628.2163,1111.1255
nantes,6,1000000,1788.6964,2900.1074,1111.4109999999998
nantes,6,1000000,1795.3701,2906.349,1110.9789
nantes,6,1000000,1800.5209,2911.8933,1111.3724000000002
nantes,6,1000000,1806.921,2918.256,1111.3349999999998
nantes,6,1000000,1812.6674,2924.0164,1111.349
nantes,6,1000000,1819.3112,2930.6587,1111.3474999999999
nantes,6,1000000,1824.8118,2935.8274,1111.0156000000002
nantes,6,1000000,1831.3003,2942.6592,1111.3589
nantes,6,1000000,1836.236,2947.6812,1111.4451999999999
nantes,6,1000000,1840.7247,2952.4346,1111.7099
nantes,6,1000000,1843.1771,2954.5237,1111.3466
nantes,6,1000000,1848.4528,2959.87,1111.4171999999999
nantes,6,1000000,1855.5505,2966.8801,1111.3295999999998
nantes,6,1000000,1860.8516,2972.395,1111.5434
nantes,6,1000000,1866.9619,2978.3416,1111.3797000000002
nantes,6,1000000,1874.2618,2985.6619,1111.4001
nancy,6,1000000,1882.325,2994.0366,1111.7115999999999
nancy,6,1000000,1886.1202,2997.8772,1111.7569999999998
nancy,6,1000000,1890.4142,3002.053,1111.6388
nancy,6,1000000,1894.9651,3006.2495,1111.2844
nantes,6,1000000,1847.6622,2959.3757,1111.7135
nancy,6,1000000,1898.6056,3010.4702,1111.8646
nancy,6,1000000,1902.542,3014.1982,1111.6562
nancy,6,1000000,1906.6914,3018.3901,1111.6987000000001
nancy,6,1000000,1910.8735,3022.6487,1111.7752000000003
nancy,6,1000000,1915.1222,3026.8923,1111.7701
nancy,6,1000000,1919.3763,3031.012,1111.6357000000003
nancy,6,1000000,1923.1874,3034.943,1111.7556000000002
nancy,6,1000000,1927.2812,3039.0076,1111.7264
nancy,6,1000000,1931.5,3043.2124,1111.7124
nancy,6,1000000,1935.5691,3047.291,1111.7219000000002
nantes,6,1000000,1853.3623,2965.0803,1111.718
nancy,6,1000000,1939.8646,3051.5334,1111.6687999999997
nancy,6,1000000,1858.591,2970.0103,1111.4193
nancy,6,1000000,1862.3131,2973.737,1111.4239
nancy,6,1000000,1866.3127,2977.7656,1111.4529000000002
nancy,6,1000000,1870.3384,2981.751,1111.4126
nancy,6,1000000,1874.2483,2985.696,1111.4477
nancy,6,1000000,1878.4016,2989.8264,1111.4248
nancy,6,1000000,1882.5864,2994.0347,1111.4483000000002
nancy,6,1000000,1886.4598,2997.8774,1111.4175999999998
nancy,6,1000000,1890.553,3002.045,1111.492
nantes,6,1000000,1859.8053,2971.4893,1111.6840000000002
nancy,6,1000000,1894.655,3006.0872,1111.4322
nancy,6,1000000,1898.2968,3009.7515,1111.4546999999998
nancy,6,1000000,1902.3754,3013.8203,1111.4449
nancy,6,1000000,1906.4264,3017.8406,1111.4142
nancy,6,1000000,1909.9769,3021.4592,1111.4823
nancy,6,1000000,1913.8567,3025.2983,1111.4415999999999
nancy,6,1000000,1840.0693,2951.6838,1111.6144999999997
nancy,6,1000000,1843.7333,2955.3228,1111.5894999999998
nancy,6,1000000,1847.6842,2959.2717,1111.5874999999999
nancy,6,1000000,1851.7654,2963.3916,1111.6262
nantes,6,1000000,1865.8209,2977.0762,1111.2553
nancy,6,1000000,1855.8258,2967.5676,1111.7417999999998
nancy,6,1000000,1859.9708,2971.5833,1111.6124999999997
nancy,6,1000000,1864.03,2975.634,1111.604
nancy,6,1000000,1868.0713,2979.6704,1111.5991
nancy,6,1000000,1872.1566,2983.7346,1111.5779999999997
nancy,6,1000000,1876.1255,2987.7314,1111.6059
nancy,6,1000000,1880.2882,2991.7087,1111.4205000000002
nancy,6,1000000,1884.1267,2995.7424,1111.6157
nancy,6,1000000,1888.108,2999.7302,1111.6222
nancy,6,1000000,1892.3895,3003.988,1111.5984999999998
nantes,6,1000000,1872.0228,2983.7173,1111.6944999999998
nancy,6,1000000,1896.4331,3008.0464,1111.6133000000002
nantes,6,1000000,1681.4756,2793.0186,1111.543
nantes,6,1000000,1687.7777,2799.2993,1111.5216
nantes,6,1000000,1692.9474,2804.5085,1111.5611
nantes,6,1000000,1700.1193,2811.2932,1111.1739
nantes,6,1000000,1705.4493,2817.011,1111.5617
nantes,6,1000000,1712.0499,2823.573,1111.5230999999999
nantes,6,1000000,1718.1108,2829.6733,1111.5625
nantes,6,1000000,1723.7347,2835.293,1111.5583000000001
nantes,6,1000000,1730.1443,2841.645,1111.5007
nantes,7,1000000,1694.7789,2831.3025,1136.5235999999998
nantes,7,1000000,1747.7953,2884.051,1136.2557
nantes,7,1000000,1536.6328,2673.148,1136.5152
nantes,7,1000000,1542.8184,2679.2886,1136.4701999999997
nantes,7,1000000,1550.0157,2686.5166,1136.5009
nantes,7,1000000,1555.6313,2692.1133,1136.482
nantes,7,1000000,1562.413,2698.866,1136.453
nantes,7,1000000,1568.3433,2704.828,1136.4847
nantes,7,1000000,1460.6661,2596.8262,1136.1601
nantes,7,1000000,1466.1077,2602.2825,1136.1747999999998
nantes,7,1000000,1471.8761,2608.386,1136.5099
nantes,7,1000000,1477.7052,2614.22,1136.5147999999997
nantes,7,1000000,1753.9318,2890.117,1136.1852000000001
nantes,7,1000000,1483.8379,2620.3562,1136.5183000000002
nantes,7,1000000,1489.4075,2625.9548,1136.5473
nantes,7,1000000,1495.8026,2632.3743,1136.5717
nantes,7,1000000,1500.9504,2637.464,1136.5136
nantes,7,1000000,1508.0834,2644.6682,1136.5848
nantes,7,1000000,1513.7227,2650.241,1136.5183
nantes,7,1000000,1519.9713,2656.5002,1136.5289
nantes,7,1000000,1525.5782,2662.0847,1136.5065
nantes,7,1000000,1531.8495,2668.176,1136.3265
nantes,7,1000000,1538.4788,2675.0273,1136.5485
nantes,7,1000000,1760.3488,2896.8835,1136.5347
nantes,7,1000000,1544.1941,2680.736,1136.5419
toulouse,7,1000000,1512.2435,2648.7317,1136.4881999999998
toulouse,7,1000000,1516.2974,2652.668,1136.3706000000002
toulouse,7,1000000,1520.2544,2656.6191,1136.3646999999999
toulouse,7,1000000,1524.2217,2660.701,1136.4793
toulouse,7,1000000,1527.9644,2664.4946,1136.5302
toulouse,7,1000000,1532.0118,2668.4658,1136.454
toulouse,7,1000000,1535.6117,2672.133,1136.5212999999999
toulouse,7,1000000,1540.6338,2677.1267,1136.4928999999997
toulouse,7,1000000,1544.543,2681.1204,1136.5774
nantes,7,1000000,1765.8604,2902.4395,1136.5791
toulouse,7,1000000,1548.5052,2685.0044,1136.4991999999997
toulouse,7,1000000,1552.4747,2688.8926,1136.4179000000001
toulouse,7,1000000,1556.3602,2692.832,1136.4717999999998
toulouse,7,1000000,1560.351,2696.8035,1136.4524999999999
toulouse,7,1000000,1564.2264,2700.6387,1136.4123
toulouse,7,1000000,1568.445,2704.729,1136.2839999999999
toulouse,7,1000000,1485.7108,2622.379,1136.6681999999998
toulouse,7,1000000,1490.3466,2626.9941,1136.6474999999998
toulouse,7,1000000,1494.2772,2630.982,1136.7048
toulouse,7,1000000,1498.0203,2634.6892,1136.6689
nantes,7,1000000,1772.5905,2909.1084,1136.5179
toulouse,7,1000000,1502.0024,2638.683,1136.6806
toulouse,7,1000000,1506.161,2642.8003,1136.6392999999998
toulouse,7,1000000,1510.7219,2647.396,1136.6741000000002
toulouse,7,1000000,1515.362,2651.629,1136.2669999999998
toulouse,7,1000000,1518.3971,2655.0637,1136.6666000000002
toulouse,7,1000000,1523.0006,2659.573,1136.5723999999998
toulouse,7,1000000,1526.8667,2663.5437,1136.6770000000001
toulouse,7,1000000,1531.0164,2667.6323,1136.6159000000002
toulouse,7,1000000,1534.4541,2671.1067,1136.6526
toulouse,7,1000000,1538.9163,2675.5173,1136.6009999999999
nantes,7,1000000,1778.8037,2915.3403,1136.5366
toulouse,7,1000000,1543.5774,2680.2603,1136.6829
toulouse,7,1000000,1432.784,2569.322,1136.538
toulouse,7,1000000,1436.4347,2572.9666,1136.5319000000002
toulouse,7,1000000,1440.255,2576.8064,1136.5513999999998
toulouse,7,1000000,1444.3125,2580.8499,1136.5374000000002
toulouse,7,1000000,1447.4069,2583.9424,1136.5355
toulouse,7,1000000,1451.3079,2587.8506,1136.5427000000002
toulouse,7,1000000,1455.6206,2592.149,1136.5284
toulouse,7,1000000,1459.6794,2596.219,1136.5396
toulouse,7,1000000,1463.8695,2600.4163,1136.5467999999998
rennes,7,1000000,1665.629,2801.977,1136.348
toulouse,7,1000000,1467.6426,2604.182,1136.5394
toulouse,7,1000000,1471.7123,2608.2683,1136.5560000000003
toulouse,7,1000000,1477.1526,2613.6753,1136.5227
toulouse,7,1000000,1481.4476,2617.9785,1136.5309000000002
toulouse,7,1000000,1486.0054,2622.5032,1136.4978
toulouse,7,1000000,1489.9388,2626.4854,1136.5466000000001
nancy,7,1000000,1455.5735,2592.0203,1136.4468000000002
nancy,7,1000000,1459.3319,2595.7976,1136.4657
nancy,7,1000000,1463.306,2599.752,1136.446
nancy,7,1000000,1467.3386,2603.776,1136.4373999999998
rennes,7,1000000,1670.2301,2806.718,1136.4878999999999
nancy,7,1000000,1471.3115,2607.7422,1136.4307000000001
nancy,7,1000000,1475.355,2611.8284,1136.4733999999999
nancy,7,1000000,1478.9429,2615.4646,1136.5216999999998
nancy,7,1000000,1483.2546,2619.7153,1136.4606999999999
nancy,7,1000000,1487.289,2623.6794,1136.3904
nancy,7,1000000,1491.5355,2628.0422,1136.5067
nancy,7,1000000,1495.6978,2632.0676,1136.3698
nancy,7,1000000,1499.6697,2636.0984,1136.4287
nancy,7,1000000,1503.5625,2640.092,1136.5295
nancy,7,1000000,1507.6483,2644.0913,1136.443
rennes,7,1000000,1674.9323,2811.3984,1136.4661
nancy,7,1000000,1511.5642,2648.0046,1136.4404000000002
nantes,7,1000000,1335.0815,2471.691,1136.6094999999998
nantes,7,1000000,1339.868,2476.5454,1136.6774
nantes,7,1000000,1346.2717,2482.8818,1136.6101
nantes,7,1000000,1353.0044,2489.573,1136.5685999999998
nantes,7,1000000,1359.2308,2495.2944,1136.0636000000002
nantes,7,1000000,1364.1185,2500.746,1136.6275
nantes,7,1000000,1370.951,2507.5427,1136.5917
nantes,7,1000000,1377.3768,2513.9607,1136.5839
nantes,7,1000000,1383.1725,2519.7869,1136.6144000000002
rennes,7,1000000,1680.4714,2816.986,1136.5146
nantes,7,1000000,1389.8435,2526.4417,1136.5982
nantes,7,1000000,1394.9769,2531.601,1136.6241000000002
nantes,7,1000000,1402.1373,2538.7324,1136.5950999999998
nantes,7,1000000,1406.8984,2543.5576,1136.6592
nantes,7,1000000,1413.821,2550.452,1136.6310000000003
nantes,7,1000000,1419.7328,2556.317,1136.5842
rennes,7,1000000,1340.1606,2476.4932,1136.3326
rennes,7,1000000,1344.9073,2481.2559,1136.3486
rennes,7,1000000,1350.0624,2486.4336,1136.3711999999998
rennes,7,1000000,1355.5271,2491.65,1136.1229
nantes,7,1000000,1699.5762,2836.2234,1136.6471999999999
rennes,7,1000000,1685.1058,2821.5771,1136.4713
rennes,7,1000000,1360.0989,2496.454,1136.3551000000002
rennes,7,1000000,1364.6957,2501.0913,1136.3956
rennes,7,1000000,1369.4419,2505.7937,1136.3518000000001
rennes,7,1000000,1374.3322,2510.6726,1136.3403999999998
rennes,7,1000000,1379.0563,2515.4463,1136.39
rennes,7,1000000,1384.5131,2520.6504,1136.1373
rennes,7,1000000,1388.9242,2525.339,1136.4148
rennes,7,1000000,1393.6748,2530.0632,1136.3884
rennes,7,1000000,1398.9277,2535.305,1136.3772999999999
rennes,7,1000000,1403.4644,2539.8684,1136.4039999999998
rennes,7,1000000,1690.3345,2826.5571,1136.2226
rennes,7,1000000,1408.6211,2545.001,1136.3799000000001
toulouse,7,1000000,1351.8394,2488.3984,1136.559
toulouse,7,1000000,1356.158,2492.7483,1136.5903000000003
toulouse,7,1000000,1360.1932,2496.7397,1136.5465000000002
toulouse,7,1000000,1364.0905,2500.6902,1136.5997
toulouse,7,1000000,1368.5084,2505.1196,1136.6112
toulouse,7,1000000,1372.1804,2508.7341,1136.5537000000002
toulouse,7,1000000,1376.4427,2512.9976,1136.5549
toulouse,7,1000000,1380.3997,2517.0032,1136.6035000000002
toulouse,7,1000000,1384.3394,2520.877,1136.5375999999999
rennes,7,1000000,1695.9059,2831.9226,1136.0167
toulouse,7,1000000,1388.4314,2524.635,1136.2036000000003
toulouse,7,1000000,1392.0089,2528.5684,1136.5595
toulouse,7,1000000,1396.0603,2532.662,1136.6016999999997
toulouse,7,1000000,1399.2067,2535.7961,1136.5894
toulouse,7,1000000,1404.2147,2540.6858,1136.4711000000002
toulouse,7,1000000,1408.1418,2544.8809,1136.7391
nancy,7,1000000,1372.4401,2508.7795,1136.3394
nancy,7,1000000,1376.3607,2512.6943,1136.3336000000002
nancy,7,1000000,1380.4429,2516.895,1136.4521
nancy,7,1000000,1384.5825,2520.9834,1136.4009
rennes,7,1000000,1700.4681,2836.9854,1136.5173
nancy,7,1000000,1388.8635,2525.3367,1136.4732
nancy,7,1000000,1393.0106,2529.356,1136.3454000000002
nancy,7,1000000,1396.9882,2533.4277,1136.4395000000002
nancy,7,1000000,1401.2273,2537.562,1136.3346999999999
nancy,7,1000000,1405.253,2541.656,1136.403
nancy,7,1000000,1409.5634,2545.4097,1135.8463000000002
nancy,7,1000000,1413.3876,2549.7388,1136.3512
nancy,7,1000000,1417.2178,2553.6045,1136.3867
nancy,7,1000000,1421.0985,2557.5002,1136.4017
nancy,7,1000000,1424.9384,2561.2812,1136.3428
rennes,7,1000000,1705.4203,2841.6775,1136.2571999999998
nancy,7,1000000,1428.9119,2565.2617,1136.3498
rennes,7,1000000,1244.4994,2380.9297,1136.4303000000002
rennes,7,1000000,1249.8936,2385.806,1135.9124
rennes,7,1000000,1254.1578,2390.5808,1136.4230000000002
rennes,7,1000000,1259.3418,2395.7524,1136.4106
rennes,7,1000000,1264.262,2400.703,1136.441
rennes,7,1000000,1270.2426,2406.1426,1135.9
rennes,7,1000000,1274.4965,2413.1377,1138.6412000000003
rennes,7,1000000,1279.3969,2415.807,1136.4100999999998
rennes,7,1000000,1285.052,2420.9744,1135.9224000000002
rennes,7,1000000,1709.9371,2846.431,1136.4939
rennes,7,1000000,1289.6802,2426.0674,1136.3872
rennes,7,1000000,1295.1815,2431.1394,1135.9579
rennes,7,1000000,1299.4753,2435.9055,1136.4301999999998
rennes,7,1000000,1304.2843,2440.7114,1136.4271
rennes,7,1000000,1309.6061,2446.0276,1136.4215
rennes,7,1000000,1314.5645,2450.9863,1136.4218
rennes,7,1000000,1169.1398,2305.6433,1136.5035000000003
rennes,7,1000000,1173.8948,2310.4248,1136.5299999999997
rennes,7,1000000,1178.9636,2315.4639,1136.5003000000002
rennes,7,1000000,1184.307,2320.5366,1136.2296
rennes,7,1000000,1715.7896,2852.3035,1136.5139
rennes,7,1000000,1188.8013,2325.3318,1136.5304999999998
rennes,7,1000000,1193.7957,2330.3455,1136.5498
rennes,7,1000000,1199.097,2335.3608,1136.2638
rennes,7,1000000,1203.8665,2340.3816,1136.5151
rennes,7,1000000,1208.8983,2345.162,1136.2636999999997
rennes,7,1000000,1213.3446,2349.874,1136.5294
rennes,7,1000000,1218.158,2354.6946,1136.5366
rennes,7,1000000,1222.9568,2359.4958,1136.5390000000002
rennes,7,1000000,1228.0652,2364.5532,1136.4879999999998
rennes,7,1000000,1232.9805,2369.4954,1136.5149
rennes,7,1000000,1720.5973,2857.1057,1136.5084000000002
rennes,7,1000000,1238.1576,2374.6592,1136.5016
rennes,7,1000000,1171.4406,2307.8518,1136.4112
rennes,7,1000000,1176.4938,2312.6204,1136.1265999999998
rennes,7,1000000,1181.3462,2317.7322,1136.386
rennes,7,1000000,1186.3293,2322.7659,1136.4365999999998
rennes,7,1000000,1191.1514,2327.338,1136.1866000000002
rennes,7,1000000,1196.5303,2332.6414,1136.1111
rennes,7,1000000,1200.9658,2337.3901,1136.4243000000001
rennes,7,1000000,1206.2743,2342.4443,1136.17
rennes,7,1000000,1210.5958,2347.0032,1136.4074
rennes,7,1000000,1725.5701,2862.0886,1136.5185000000001
rennes,7,1000000,1215.6742,2352.114,1136.4398
rennes,7,1000000,1220.6897,2357.0938,1136.4041000000002
rennes,7,1000000,1225.6201,2362.027,1136.4069
rennes,7,1000000,1230.2968,2366.7285,1136.4317
rennes,7,1000000,1235.859,2372.2966,1136.4376000000002
rennes,7,1000000,1240.7086,2377.1252,1136.4166
toulouse,7,1000000,1194.1917,2330.62,1136.4282999999998
toulouse,7,1000000,1198.0143,2334.3582,1136.3439
toulouse,7,1000000,1202.5513,2338.509,1135.9577
toulouse,7,1000000,1205.9742,2342.3567,1136.3824999999997
rennes,7,1000000,1731.1714,2867.3896,1136.2182
toulouse,7,1000000,1210.6733,2347.0645,1136.3912
toulouse,7,1000000,1215.1942,2351.56,1136.3658
toulouse,7,1000000,1220.1215,2356.4688,1136.3473000000001
toulouse,7,1000000,1224.3046,2360.7202,1136.4156000000003
toulouse,7,1000000,1228.139,2364.5315,1136.3925000000002
toulouse,7,1000000,1232.4352,2368.8076,1136.3724000000002
toulouse,7,1000000,1236.1512,2372.5205,1136.3693
toulouse,7,1000000,1240.3147,2376.7344,1136.4197
toulouse,7,1000000,1244.1176,2380.5095,1136.3919
toulouse,7,1000000,1247.65,2384.084,1136.4339999999997
nantes,7,1000000,1706.1741,2842.6794,1136.5053
rennes,7,1000000,1735.4812,2872.008,1136.5267999999999
toulouse,7,1000000,1251.1989,2387.5989,1136.3999999999999
nantes,7,1000000,1591.0392,2727.0554,1136.0162000000003
nantes,7,1000000,1596.1843,2732.7415,1136.5572000000002
nantes,7,1000000,1602.2592,2738.7998,1136.5405999999998
nantes,7,1000000,1608.5671,2745.11,1136.5429000000001
nantes,7,1000000,1614.3435,2750.9175,1136.574
nantes,7,1000000,1621.3943,2757.4578,1136.0635000000002
nantes,7,1000000,1626.0664,2762.6797,1136.6133000000002
nantes,7,1000000,1632.6354,2769.1682,1136.5328000000002
nantes,7,1000000,1638.0188,2774.5813,1136.5624999999998
nantes,7,1000000,1711.8602,2848.4827,1136.6225
nantes,7,1000000,1644.6499,2781.1902,1136.5403000000001
nantes,7,1000000,1650.2921,2786.8765,1136.5844
nantes,7,1000000,1657.7618,2794.3218,1136.5600000000002
nantes,7,1000000,1663.5515,2800.107,1136.5555
nantes,7,1000000,1670.5745,2807.1423,1136.5678
nantes,7,1000000,1676.6683,2813.199,1136.5307
nancy,7,1000000,1690.421,2826.8826,1136.4615999999999
nancy,7,1000000,1694.1924,2830.682,1136.4895999999999
nancy,7,1000000,1698.4246,2834.8328,1136.4082
nancy,7,1000000,1702.5332,2839.0383,1136.5051
nantes,7,1000000,1717.8275,2854.3853,1136.5577999999998
nancy,7,1000000,1706.6375,2843.1155,1136.4779999999998
nancy,7,1000000,1710.6583,2847.1367,1136.4784
nancy,7,1000000,1714.4742,2851.0002,1136.5259999999998
nancy,7,1000000,1718.5536,2855.017,1136.4633999999999
nancy,7,1000000,1722.8174,2859.223,1136.4056
nancy,7,1000000,1727.0328,2863.4521,1136.4193
nancy,7,1000000,1730.9635,2867.4697,1136.5062
nancy,7,1000000,1734.946,2871.4243,1136.4783000000002
nancy,7,1000000,1738.803,2875.337,1136.5339999999999
nancy,7,1000000,1742.9039,2879.2976,1136.3936999999999
nantes,7,1000000,1723.9717,2860.5251,1136.5533999999998
nancy,7,1000000,1746.741,2883.206,1136.4650000000001
nancy,7,1000000,1652.0896,2788.7283,1136.6387000000002
nancy,7,1000000,1655.9729,2792.533,1136.5601
nancy,7,1000000,1660.1287,2796.7114,1136.5827000000002
nancy,7,1000000,1664.0964,2800.6792,1136.5828000000001
nancy,7,1000000,1667.9587,2804.5479,1136.5892000000001
nancy,7,1000000,1671.9932,2808.5576,1136.5644000000002
nancy,7,1000000,1676.0468,2812.645,1136.5982
nancy,7,1000000,1679.7896,2816.3464,1136.5567999999998
nancy,7,1000000,1683.9084,2820.5273,1136.6189000000002
nantes,7,1000000,1730.0238,2866.5977,1136.5738999999999
nancy,7,1000000,1688.289,2824.8496,1136.5606
nancy,7,1000000,1692.3726,2828.9614,1136.5888000000002
nancy,7,1000000,1696.3627,2832.9514,1136.5887
nancy,7,1000000,1700.2751,2836.827,1136.5519000000002
nancy,7,1000000,1704.3417,2840.9,1136.5583000000001
nancy,7,1000000,1708.4205,2845.0024,1136.5819
nancy,7,1000000,1637.8024,2773.9382,1136.1358
nancy,7,1000000,1641.7191,2777.846,1136.1269
nancy,7,1000000,1645.926,2782.1106,1136.1846
nancy,7,1000000,1649.961,2786.1711,1136.2101
nantes,7,1000000,1735.5521,2872.1055,1136.5534
nancy,7,1000000,1654.1906,2790.4526,1136.2620000000002
nancy,7,1000000,1658.3557,2794.4893,1136.1336000000001
nancy,7,1000000,1662.2812,2798.5376,1136.2564000000002
nancy,7,1000000,1666.3466,2802.4768,1136.1301999999998
nancy,7,1000000,1670.3773,2806.5164,1136.1390999999999
nancy,7,1000000,1674.3419,2810.5728,1136.2309
nancy,7,1000000,1678.4012,2814.529,1136.1278
nancy,7,1000000,1682.2252,2818.4146,1136.1894
nancy,7,1000000,1686.3728,2822.5571,1136.1843
nancy,7,1000000,1690.6893,2826.8245,1136.1352000000002
nantes,7,1000000,1742.1627,2878.3928,1136.2301
nancy,7,1000000,1694.7852,2830.9177,1136.1325
nantes,7,1000000,1482.7035,2618.8716,1136.1680999999999
nantes,7,1000000,1488.4098,2624.891,1136.4812000000002
nantes,7,1000000,1494.6088,2631.1245,1136.5157
nantes,7,1000000,1500.92,2637.4004,1136.4804
nantes,7,1000000,1507.0228,2643.519,1136.4961999999998
nantes,7,1000000,1512.7195,2649.203,1136.4835
nantes,7,1000000,1518.8113,2655.3137,1136.5024
nantes,7,1000000,1524.847,2661.335,1136.488
nantes,7,1000000,1530.6921,2667.1401,1136.448
nantes,8,1000000,1877.1997,2997.1064,1119.9067000000002
nantes,8,1000000,1931.881,3051.7983,1119.9172999999998
nantes,8,1000000,1775.6926,2895.3281,1119.6355
nantes,8,1000000,1780.9989,2900.6047,1119.6057999999998
nantes,8,1000000,1788.0564,2907.6414,1119.585
nantes,8,1000000,1794.2253,2913.8042,1119.5789
nantes,8,1000000,1800.8774,2920.4773,1119.5999
nantes,8,1000000,1807.1442,2926.7544,1119.6101999999998
nantes,8,1000000,1693.2573,2813.2085,1119.9512000000002
nantes,8,1000000,1698.9109,2818.504,1119.5930999999998
nantes,8,1000000,1704.8936,2824.4275,1119.5338999999997
nantes,8,1000000,1710.5643,2830.54,1119.9757
nantes,8,1000000,1937.614,3057.5032,1119.8892
nantes,8,1000000,1716.7632,2836.7993,1120.0361
nantes,8,1000000,1722.8196,2842.3298,1119.5102
nantes,8,1000000,1728.747,2848.3096,1119.5626
nantes,8,1000000,1734.5791,2854.5432,1119.9641000000001
nantes,8,1000000,1739.8203,2859.3708,1119.5505
nantes,8,1000000,1745.7124,2865.6565,1119.9441000000002
nantes,8,1000000,1751.6455,2871.608,1119.9625
nantes,8,1000000,1757.7374,2877.7622,1120.0248000000001
nantes,8,1000000,1763.6454,2883.6626,1120.0172
nantes,8,1000000,1770.3092,2890.3113,1120.0021
nantes,8,1000000,1944.2947,3064.16,1119.8653
nantes,8,1000000,1776.3876,2896.3848,1119.9971999999998
toulouse,8,1000000,1748.9714,2868.3157,1119.3443000000002
toulouse,8,1000000,1752.7513,2872.0137,1119.2624
toulouse,8,1000000,1756.3054,2875.5747,1119.2693000000002
toulouse,8,1000000,1760.461,2879.888,1119.427
toulouse,8,1000000,1764.501,2883.4485,1118.9475
toulouse,8,1000000,1767.8418,2887.2346,1119.3927999999999
toulouse,8,1000000,1771.7169,2891.066,1119.3491
toulouse,8,1000000,1775.5151,2894.8777,1119.3626
toulouse,8,1000000,1779.8436,2898.7131,1118.8695
nantes,8,1000000,1949.9683,3069.8723,1119.904
toulouse,8,1000000,1783.6188,2902.9634,1119.3446000000001
toulouse,8,1000000,1788.281,2907.6746,1119.3935999999999
toulouse,8,1000000,1792.7566,2912.1392,1119.3826000000001
toulouse,8,1000000,1796.7987,2916.2302,1119.4315
toulouse,8,1000000,1800.5435,2920.024,1119.4805
toulouse,8,1000000,1804.264,2923.6426,1119.3786000000002
toulouse,8,1000000,1723.1512,2842.264,1119.1128
toulouse,8,1000000,1726.8989,2845.985,1119.0861000000002
toulouse,8,1000000,1730.8948,2850.0542,1119.1594
toulouse,8,1000000,1735.0042,2854.102,1119.0977999999998
nantes,8,1000000,1957.0393,3076.9324,1119.8931000000002
toulouse,8,1000000,1739.4523,2858.5671,1119.1148000000003
toulouse,8,1000000,1744.1619,2863.2988,1119.1369
toulouse,8,1000000,1748.3701,2867.4817,1119.1115999999997
toulouse,8,1000000,1753.3484,2872.419,1119.0705999999998
toulouse,8,1000000,1757.7274,2876.8235,1119.0961
toulouse,8,1000000,1761.7548,2880.8445,1119.0897000000002
toulouse,8,1000000,1765.3313,2884.439,1119.1076999999998
toulouse,8,1000000,1769.663,2888.7983,1119.1353
toulouse,8,1000000,1773.7524,2892.857,1119.1046
toulouse,8,1000000,1777.8413,2896.8635,1119.0221999999999
nantes,8,1000000,1962.9397,3082.8154,1119.8757
toulouse,8,1000000,1782.3372,2901.3665,1119.0293000000001
toulouse,8,1000000,1681.314,2800.8118,1119.4977999999999
toulouse,8,1000000,1685.8248,2805.388,1119.5631999999998
toulouse,8,1000000,1690.0096,2809.4692,1119.4596
toulouse,8,1000000,1694.1188,2813.6294,1119.5105999999998
toulouse,8,1000000,1699.2192,2818.7358,1119.5166
toulouse,8,1000000,1702.8103,2822.3442,1119.5339
toulouse,8,1000000,1706.774,2826.3372,1119.5632
toulouse,8,1000000,1710.4373,2830.3054,1119.8681000000001
toulouse,8,1000000,1714.5056,2834.0093,1119.5037000000002
rennes,8,1000000,1909.683,3033.2097,1123.5267
toulouse,8,1000000,1718.3783,2837.928,1119.5496999999998
toulouse,8,1000000,1722.2197,2841.7874,1119.5677
toulouse,8,1000000,1726.0139,2845.555,1119.5411
toulouse,8,1000000,1731.5865,2851.1233,1119.5368000000003
toulouse,8,1000000,1736.1553,2855.6143,1119.4590000000003
toulouse,8,1000000,1740.1416,2859.6367,1119.4951
nancy,8,1000000,1694.6404,2814.4739,1119.8335
nancy,8,1000000,1698.6825,2818.4785,1119.7960000000003
nancy,8,1000000,1702.8889,2822.7114,1119.8225000000002
nancy,8,1000000,1706.8191,2826.6523,1119.8332000000003
rennes,8,1000000,1914.4415,3033.8848,1119.4433
nancy,8,1000000,1710.9036,2830.7195,1119.8159
nancy,8,1000000,1715.0709,2834.9668,1119.8959000000002
nancy,8,1000000,1719.2333,2839.0842,1119.8508999999997
nancy,8,1000000,1723.4128,2843.2754,1119.8626
nancy,8,1000000,1727.4458,2847.2446,1119.7988
nancy,8,1000000,1731.8228,2851.6382,1119.8154
nancy,8,1000000,1736.0155,2855.8198,1119.8043000000002
nancy,8,1000000,1739.942,2859.7834,1119.8413999999998
nancy,8,1000000,1743.995,2863.8586,1119.8636000000001
nancy,8,1000000,1748.0536,2867.886,1119.8324
rennes,8,1000000,1919.1877,3039.0396,1119.8519000000001
nancy,8,1000000,1752.5254,2872.3435,1119.8181
nantes,8,1000000,1607.6039,2726.7563,1119.1524
nantes,8,1000000,1612.8087,2732.4426,1119.6338999999998
nantes,8,1000000,1619.1556,2738.6768,1119.5212000000001
nantes,8,1000000,1625.4695,2744.7087,1119.2392000000002
nantes,8,1000000,1630.49,2749.764,1119.2740000000001
nantes,8,1000000,1636.1926,2755.7605,1119.5678999999998
nantes,8,1000000,1643.2075,2762.7505,1119.5430000000001
nantes,8,1000000,1648.4985,2768.0437,1119.5452000000002
nantes,8,1000000,1654.6635,2774.1936,1119.5301
rennes,8,1000000,1924.0673,3043.9204,1119.8531
nantes,8,1000000,1660.26,2779.8926,1119.6326000000001
nantes,8,1000000,1666.4906,2786.0476,1119.5569999999998
nantes,8,1000000,1673.3268,2792.8506,1119.5238000000002
nantes,8,1000000,1678.8396,2798.4045,1119.5649
nantes,8,1000000,1685.889,2805.4055,1119.5165
nantes,8,1000000,1691.9647,2811.4907,1119.5259999999998
rennes,8,1000000,1599.8616,2719.614,1119.7524
rennes,8,1000000,1605.0825,2724.2957,1119.2132000000001
rennes,8,1000000,1609.92,2729.6511,1119.7311
rennes,8,1000000,1614.6677,2734.4465,1119.7788
nantes,8,1000000,1882.946,3002.837,1119.891
rennes,8,1000000,1929.4636,3048.8765,1119.4128999999998
rennes,8,1000000,1619.6086,2739.4585,1119.8499000000002
rennes,8,1000000,1624.4508,2744.2302,1119.7794
rennes,8,1000000,1629.7102,2749.4937,1119.7835
rennes,8,1000000,1634.4446,2754.231,1119.7864000000002
rennes,8,1000000,1639.8878,2759.1956,1119.3078
rennes,8,1000000,1644.5774,2763.8982,1119.3208000000002
rennes,8,1000000,1649.3392,2769.097,1119.7578000000003
rennes,8,1000000,1654.1028,2773.8813,1119.7785000000001
rennes,8,1000000,1658.9532,2778.752,1119.7988
rennes,8,1000000,1664.0575,2783.9138,1119.8563
rennes,8,1000000,1934.5872,3053.9897,1119.4025000000001
rennes,8,1000000,1669.0061,2788.787,1119.7808999999997
toulouse,8,1000000,1598.8297,2718.578,1119.7483
toulouse,8,1000000,1603.1079,2722.889,1119.7811000000002
toulouse,8,1000000,1606.6904,2726.4478,1119.7574
toulouse,8,1000000,1611.467,2731.2947,1119.8276999999998
toulouse,8,1000000,1615.7002,2735.464,1119.7638
toulouse,8,1000000,1619.2856,2739.0886,1119.803
toulouse,8,1000000,1623.8284,2743.6982,1119.8697999999997
toulouse,8,1000000,1627.8439,2747.6306,1119.7866999999999
toulouse,8,1000000,1631.7789,2751.526,1119.7470999999998
rennes,8,1000000,1939.4437,3059.303,1119.8592999999998
toulouse,8,1000000,1635.4683,2755.1914,1119.7231000000002
toulouse,8,1000000,1638.6235,2758.4067,1119.7832
toulouse,8,1000000,1642.7965,2762.579,1119.7825000000003
toulouse,8,1000000,1646.9187,2766.6965,1119.7778
toulouse,8,1000000,1650.7606,2770.513,1119.7523999999999
toulouse,8,1000000,1654.3844,2774.168,1119.7836000000002
nancy,8,1000000,1615.481,2735.128,1119.6470000000002
nancy,8,1000000,1619.2987,2738.9434,1119.6447
nancy,8,1000000,1623.3596,2743.0332,1119.6735999999999
nancy,8,1000000,1627.5658,2747.2322,1119.6663999999998
rennes,8,1000000,1944.5941,3064.035,1119.4408999999998
nancy,8,1000000,1631.5527,2751.2212,1119.6685
nancy,8,1000000,1635.6044,2755.3252,1119.7208000000003
nancy,8,1000000,1639.8278,2759.5098,1119.6819999999998
nancy,8,1000000,1643.9036,2763.6233,1119.7197
nancy,8,1000000,1647.9229,2767.6042,1119.6813000000002
nancy,8,1000000,1651.9911,2771.72,1119.7288999999998
nancy,8,1000000,1656.1997,2775.8357,1119.6360000000002
nancy,8,1000000,1660.2351,2779.9036,1119.6685
nancy,8,1000000,1664.3203,2783.995,1119.6746999999998
nancy,8,1000000,1668.6437,2788.3225,1119.6788000000001
rennes,8,1000000,1948.8029,3068.6812,1119.8783
nancy,8,1000000,1672.6693,2792.3054,1119.6361000000002
rennes,8,1000000,1530.7592,2650.096,1119.3368
rennes,8,1000000,1535.7505,2655.0828,1119.3323
rennes,8,1000000,1540.1478,2659.944,1119.7962
rennes,8,1000000,1544.7443,2664.528,1119.7836999999997
rennes,8,1000000,1550.0977,2669.844,1119.7463
rennes,8,1000000,1554.8778,2674.714,1119.8362
rennes,8,1000000,1559.8845,2679.64,1119.7555
rennes,8,1000000,1564.4235,2684.2424,1119.8189
rennes,8,1000000,1569.4882,2689.268,1119.7798
rennes,8,1000000,1954.0026,3073.845,1119.8423999999998
rennes,8,1000000,1574.8334,2694.6204,1119.7869999999998
rennes,8,1000000,1579.8641,2699.628,1119.7639000000001
rennes,8,1000000,1584.9836,2704.7769,1119.7932999999998
rennes,8,1000000,1590.0101,2709.8618,1119.8517000000002
rennes,8,1000000,1595.0509,2714.8464,1119.7955
rennes,8,1000000,1600.5784,2719.8875,1119.3090999999997
rennes,8,1000000,1513.1841,2632.975,1119.7909
rennes,8,1000000,1517.4949,2637.3862,1119.8913
rennes,8,1000000,1523.2688,2642.72,1119.4511999999997
rennes,8,1000000,1528.3739,2647.8196,1119.4456999999998
rennes,8,1000000,1958.8496,3078.7227,1119.8730999999998
rennes,8,1000000,1532.7959,2652.6685,1119.8726000000001
rennes,8,1000000,1538.2161,2657.7263,1119.5101999999997
rennes,8,1000000,1543.1914,2662.7202,1119.5288000000003
rennes,8,1000000,1547.8467,2667.6636,1119.8168999999998
rennes,8,1000000,1552.9733,2672.7798,1119.8064999999997
rennes,8,1000000,1558.0491,2677.5422,1119.4931
rennes,8,1000000,1562.8107,2682.6448,1119.8341
rennes,8,1000000,1567.8236,2687.6787,1119.8551
rennes,8,1000000,1572.0157,2691.862,1119.8463000000002
rennes,8,1000000,1577.4318,2697.2847,1119.8529
rennes,8,1000000,1963.7134,3083.6025,1119.8890999999999
rennes,8,1000000,1582.7761,2702.6252,1119.8491
rennes,8,1000000,1466.7683,2585.9355,1119.1672
rennes,8,1000000,1470.6693,2590.3892,1119.7199
rennes,8,1000000,1476.0526,2595.7224,1119.6698000000001
rennes,8,1000000,1481.0825,2600.771,1119.6885000000002
rennes,8,1000000,1486.2993,2605.5054,1119.2061
rennes,8,1000000,1491.0502,2610.7998,1119.7495999999999
rennes,8,1000000,1495.9452,2615.663,1119.7178
rennes,8,1000000,1500.7742,2620.4683,1119.6941
rennes,8,1000000,1505.9794,2625.7078,1119.7284000000002
rennes,8,1000000,1968.6534,3088.4636,1119.8102000000001
rennes,8,1000000,1510.7933,2630.5054,1119.7121
rennes,8,1000000,1515.4176,2635.1606,1119.7430000000002
rennes,8,1000000,1521.282,2640.4858,1119.2038
rennes,8,1000000,1525.4629,2645.1565,1119.6936
rennes,8,1000000,1530.0626,2649.7573,1119.6947000000002
rennes,8,1000000,1535.0139,2654.7427,1119.7287999999999
toulouse,8,1000000,1497.728,2617.5825,1119.8545
toulouse,8,1000000,1501.7461,2621.6255,1119.8794
toulouse,8,1000000,1505.6279,2625.4963,1119.8683999999998
toulouse,8,1000000,1509.2375,2629.1167,1119.8792
rennes,8,1000000,1973.5626,3093.4192,1119.8565999999998
toulouse,8,1000000,1513.1743,2633.0437,1119.8694000000003
toulouse,8,1000000,1516.9858,2636.8425,1119.8567000000003
toulouse,8,1000000,1520.6846,2640.5408,1119.8562000000002
toulouse,8,1000000,1524.519,2644.3772,1119.8582
toulouse,8,1000000,1528.0654,2647.9365,1119.8710999999998
toulouse,8,1000000,1531.8945,2651.7493,1119.8547999999998
toulouse,8,1000000,1535.8372,2655.6924,1119.8552
toulouse,8,1000000,1540.0581,2659.782,1119.7239000000002
toulouse,8,1000000,1544.1019,2663.9907,1119.8888
toulouse,8,1000000,1548.2946,2668.1367,1119.8421
nantes,8,1000000,1889.5697,3009.4932,1119.9234999999999
rennes,8,1000000,1978.404,3098.2302,1119.8262
toulouse,8,1000000,1552.7146,2672.595,1119.8803999999998
nantes,8,1000000,1820.4265,2940.3228,1119.8962999999999
nantes,8,1000000,1825.7009,2945.5413,1119.8403999999998
nantes,8,1000000,1832.1183,2951.6729,1119.5546
nantes,8,1000000,1838.4954,2958.3323,1119.8369
nantes,8,1000000,1844.604,2964.43,1119.8259999999998
nantes,8,1000000,1850.3876,2969.9692,1119.5816
nantes,8,1000000,1856.9235,2976.7998,1119.8762999999997
nantes,8,1000000,1862.6106,2982.4966,1119.886
nantes,8,1000000,1869.2618,2989.1265,1119.8646999999999
nantes,8,1000000,1895.4896,3014.9126,1119.423
nantes,8,1000000,1874.5598,2994.4136,1119.8537999999999
nantes,8,1000000,1881.0476,3000.9207,1119.8731
nantes,8,1000000,1886.8796,3006.7722,1119.8926
nantes,8,1000000,1893.0657,3012.9019,1119.8361999999997
nantes,8,1000000,1899.9717,3019.8232,1119.8514999999998
nantes,8,1000000,1905.9026,3025.728,1119.8254000000002
nancy,8,1000000,1917.1501,3036.7236,1119.5734999999997
nancy,8,1000000,1920.825,3040.4492,1119.6242
nancy,8,1000000,1924.8596,3044.437,1119.5774
nancy,8,1000000,1928.9288,3048.5266,1119.5978000000002
nantes,8,1000000,1901.4102,3021.3645,1119.9543
nancy,8,1000000,1932.9779,3052.5613,1119.5833999999998
nancy,8,1000000,1936.9988,3056.5847,1119.5858999999998
nancy,8,1000000,1940.8413,3060.5454,1119.7041
nancy,8,1000000,1945.1497,3064.7258,1119.5761000000002
nancy,8,1000000,1948.8816,3068.526,1119.6444
nancy,8,1000000,1953.0032,3072.5676,1119.5643999999998
nancy,8,1000000,1956.9446,3076.518,1119.5734
nancy,8,1000000,1961.0793,3080.6558,1119.5765
nancy,8,1000000,1965.0035,3084.6172,1119.6137
nancy,8,1000000,1969.0637,3088.6475,1119.5838
nantes,8,1000000,1906.806,3026.7397,1119.9337
nancy,8,1000000,1972.9171,3092.5022,1119.5851
nancy,8,1000000,1898.5371,3018.5195,1119.9823999999999
nancy,8,1000000,1902.3998,3022.3638,1119.9640000000002
nancy,8,1000000,1906.3876,3026.4143,1120.0267
nancy,8,1000000,1910.3038,3030.4119,1120.1081000000001
nancy,8,1000000,1914.558,3034.5918,1120.0338000000002
nancy,8,1000000,1918.5845,3038.5598,1119.9753
nancy,8,1000000,1922.4904,3042.5847,1120.0943
nancy,8,1000000,1926.7997,3046.7869,1119.9872
nancy,8,1000000,1930.7512,3050.8198,1120.0686000000003
nantes,8,1000000,1912.7721,3032.8088,1120.0366999999999
nancy,8,1000000,1934.8619,3054.846,1119.9841
nancy,8,1000000,1938.8784,3058.981,1120.1026000000002
nancy,8,1000000,1943.049,3063.083,1120.034
nancy,8,1000000,1947.1073,3067.0884,1119.9811000000002
nancy,8,1000000,1951.2534,3071.0012,1119.7478
nancy,8,1000000,1955.0715,3075.101,1120.0295
nancy,8,1000000,1875.1848,2994.7632,1119.5783999999999
nancy,8,1000000,1879.1893,2998.76,1119.5707000000002
nancy,8,1000000,1883.1647,3002.778,1119.6132999999998
nancy,8,1000000,1887.1777,3006.7937,1119.6160000000002
nantes,8,1000000,1918.9233,3038.8748,1119.9515000000001
nancy,8,1000000,1891.3007,3010.9065,1119.6058
nancy,8,1000000,1895.4805,3015.059,1119.5785000000003
nancy,8,1000000,1899.4271,3019.0305,1119.6033999999997
nancy,8,1000000,1903.3527,3022.9846,1119.6318999999999
nancy,8,1000000,1907.4607,3027.047,1119.5863
nancy,8,1000000,1911.3954,3031.0403,1119.6449
nancy,8,1000000,1915.5035,3035.1167,1119.6132
nancy,8,1000000,1919.8577,3039.111,1119.2532999999999
nancy,8,1000000,1923.2416,3042.9246,1119.6829999999998
nancy,8,1000000,1927.1814,3046.7524,1119.571
nantes,8,1000000,1925.0254,3044.9104,1119.8850000000002
nancy,8,1000000,1931.2349,3050.8123,1119.5774000000001
nantes,8,1000000,1721.0641,2840.265,1119.2008999999998
nantes,8,1000000,1727.1797,2846.7766,1119.5969000000002
nantes,8,1000000,1732.816,2852.4268,1119.6108000000002
nantes,8,1000000,1739.2054,2858.39,1119.1845999999998
nantes,8,1000000,1745.3368,2864.9055,1119.5686999999998
nantes,8,1000000,1750.7897,2870.394,1119.6042999999997
nantes,8,1000000,1757.4318,2876.5493,1119.1175
nantes,8,1000000,1763.4149,2882.9875,1119.5726000000002
nantes,8,1000000,1768.9426,2888.6045,1119.6618999999998
nantes,9,1000000,1880.0083,3047.6033,1167.5950000000003
nantes,9,1000000,1935.6816,3102.892,1167.2104
nantes,9,1000000,1782.652,2950.2444,1167.5924
nantes,9,1000000,1788.4786,2956.0005,1167.5219000000002
nantes,9,1000000,1795.062,2962.5903,1167.5283
nantes,9,1000000,1800.6477,2968.2268,1167.5791
nantes,9,1000000,1807.2365,2974.7678,1167.5313
nantes,9,1000000,1813.348,2980.9075,1167.5594999999998
nantes,9,1000000,1725.9857,2893.5461,1167.5604
nantes,9,1000000,1730.9282,2898.4526,1167.5244
nantes,9,1000000,1737.3955,2904.5503,1167.1547999999998
nantes,9,1000000,1742.4615,2909.9907,1167.5292
nantes,9,1000000,1940.6006,3108.217,1167.6164
nantes,9,1000000,1748.6003,2916.1528,1167.5524999999998
nantes,9,1000000,1754.8606,2922.0085,1167.1479
nantes,9,1000000,1760.3745,2927.934,1167.5595000000003
nantes,9,1000000,1767.336,2934.5432,1167.2072
nantes,9,1000000,1772.6074,2940.1084,1167.501
nantes,9,1000000,1778.9984,2946.5164,1167.518
nantes,9,1000000,1784.8215,2952.3481,1167.5266000000001
nantes,9,1000000,1791.3075,2958.8228,1167.5153
nantes,9,1000000,1796.875,2964.435,1167.56
nantes,9,1000000,1803.5751,2971.1309,1167.5558
nantes,9,1000000,1947.3564,3115.0073,1167.6509000000003
nantes,9,1000000,1809.696,2977.2173,1167.5212999999999
toulouse,9,1000000,1786.5616,2953.422,1166.8604
toulouse,9,1000000,1790.9673,2957.8186,1166.8513
toulouse,9,1000000,1796.4232,2962.9683,1166.5451
toulouse,9,1000000,1800.6782,2967.566,1166.8877999999997
toulouse,9,1000000,1804.4623,2971.4448,1166.9825000000003
toulouse,9,1000000,1808.1105,2975.0054,1166.8949
toulouse,9,1000000,1812.4745,2979.347,1166.8725000000002
toulouse,9,1000000,1816.5109,2983.43,1166.9190999999998
toulouse,9,1000000,1820.6101,2987.5442,1166.9340999999997
nantes,9,1000000,1952.7731,3120.3584,1167.5853
toulouse,9,1000000,1824.9553,2991.9138,1166.9584999999997
toulouse,9,1000000,1828.9689,2995.8176,1166.8486999999998
toulouse,9,1000000,1832.7987,2999.7202,1166.9215000000002
toulouse,9,1000000,1836.8105,3003.7227,1166.9121999999998
toulouse,9,1000000,1840.6703,3007.5627,1166.8924
toulouse,9,1000000,1844.96,3011.8813,1166.9213
toulouse,9,1000000,1763.586,2930.5186,1166.9325999999999
toulouse,9,1000000,1767.1506,2934.082,1166.9314
toulouse,9,1000000,1770.9896,2937.9907,1167.0010999999997
toulouse,9,1000000,1774.9404,2941.8547,1166.9143
nantes,9,1000000,1959.5623,3127.1724,1167.6100999999999
toulouse,9,1000000,1778.6078,2945.5962,1166.9884
toulouse,9,1000000,1782.3625,2949.3115,1166.9489999999998
toulouse,9,1000000,1786.14,2953.035,1166.8949999999998
toulouse,9,1000000,1790.5316,2957.4067,1166.8751
toulouse,9,1000000,1794.4653,2961.3848,1166.9194999999997
toulouse,9,1000000,1798.5645,2965.4663,1166.9018
toulouse,9,1000000,1802.2153,2969.2063,1166.9909999999998
toulouse,9,1000000,1806.1351,2973.084,1166.9488999999999
toulouse,9,1000000,1811.544,2978.4482,1166.9041999999997
toulouse,9,1000000,1815.4678,2982.3936,1166.9258
nantes,9,1000000,1965.1749,3132.778,1167.6030999999998
toulouse,9,1000000,1819.3018,2986.186,1166.8842000000002
toulouse,9,1000000,1736.7124,2903.8345,1167.1221
toulouse,9,1000000,1741.596,2908.9927,1167.3966999999998
toulouse,9,1000000,1745.7766,2913.1633,1167.3867000000002
toulouse,9,1000000,1749.5873,2917.0112,1167.4239
toulouse,9,1000000,1753.624,2920.6995,1167.0755000000001
toulouse,9,1000000,1757.1757,2924.5981,1167.4224000000002
toulouse,9,1000000,1761.1699,2928.6267,1167.4567999999997
toulouse,9,1000000,1765.4513,2932.9238,1167.4725
toulouse,9,1000000,1769.3802,2936.4424,1167.0621999999998
rennes,9,1000000,1901.551,3068.9614,1167.4104000000002
toulouse,9,1000000,1772.7725,2940.2522,1167.4796999999999
toulouse,9,1000000,1776.3499,2943.832,1167.4821
toulouse,9,1000000,1780.5684,2948.0056,1167.4371999999998
toulouse,9,1000000,1784.5046,2951.9712,1167.4666
toulouse,9,1000000,1788.4862,2955.8909,1167.4046999999998
toulouse,9,1000000,1792.137,2959.5532,1167.4162
nancy,9,1000000,1711.2487,2878.541,1167.2923
nancy,9,1000000,1714.8279,2882.1575,1167.3295999999998
nancy,9,1000000,1719.0204,2886.303,1167.2825999999998
nancy,9,1000000,1722.996,2890.315,1167.319
rennes,9,1000000,1906.3696,3073.4824,1167.1127999999999
nancy,9,1000000,1726.9,2894.1792,1167.2792
nancy,9,1000000,1731.0446,2898.3708,1167.3262000000002
nancy,9,1000000,1735.106,2902.4185,1167.3125000000002
nancy,9,1000000,1739.135,2906.4734,1167.3383999999999
nancy,9,1000000,1743.1616,2910.505,1167.3434000000002
nancy,9,1000000,1747.1075,2914.3904,1167.2829000000002
nancy,9,1000000,1751.2281,2918.5178,1167.2897
nancy,9,1000000,1755.1307,2922.4465,1167.3158
nancy,9,1000000,1759.0425,2926.3572,1167.3147
nancy,9,1000000,1762.9202,2930.26,1167.3398000000002
rennes,9,1000000,1911.3772,3078.59,1167.2128000000002
nancy,9,1000000,1766.773,2934.0525,1167.2794999999999
nantes,9,1000000,1592.2822,2759.5637,1167.2815
nantes,9,1000000,1598.1763,2765.502,1167.3256999999999
nantes,9,1000000,1603.9727,2771.2732,1167.3005
nantes,9,1000000,1609.82,2777.0305,1167.2105
nantes,9,1000000,1615.4528,2782.7197,1167.2669
nantes,9,1000000,1622.1528,2789.4324,1167.2796
nantes,9,1000000,1628.1268,2795.375,1167.2482
nantes,9,1000000,1634.4277,2801.734,1167.3063
nantes,9,1000000,1640.2375,2807.4526,1167.2151000000001
rennes,9,1000000,1916.0696,3083.4878,1167.4181999999998
nantes,9,1000000,1646.6154,2813.8882,1167.2728
nantes,9,1000000,1653.0111,2819.8557,1166.8446000000001
nantes,9,1000000,1659.0618,2826.3293,1167.2675
nantes,9,1000000,1664.6781,2831.9038,1167.2257
nantes,9,1000000,1671.6831,2838.892,1167.2088999999999
nantes,9,1000000,1677.7499,2844.9185,1167.1686000000002
rennes,9,1000000,1613.3439,2780.7576,1167.4136999999998
rennes,9,1000000,1618.1615,2785.611,1167.4495
rennes,9,1000000,1623.415,2790.829,1167.4140000000002
rennes,9,1000000,1628.5862,2795.5984,1167.0122
nantes,9,1000000,1885.9292,3053.529,1167.5998
rennes,9,1000000,1921.3793,3088.6094,1167.2300999999998
rennes,9,1000000,1633.7571,2800.768,1167.0109
rennes,9,1000000,1638.2521,2805.2703,1167.0182000000002
rennes,9,1000000,1643.2698,2810.625,1167.3552
rennes,9,1000000,1647.9297,2815.405,1167.4753000000003
rennes,9,1000000,1652.7761,2820.2422,1167.4661
rennes,9,1000000,1657.7723,2825.2148,1167.4425
rennes,9,1000000,1662.8136,2830.2163,1167.4027
rennes,9,1000000,1667.513,2834.9504,1167.4374000000003
rennes,9,1000000,1672.6193,2840.0408,1167.4215000000002
rennes,9,1000000,1678.1897,2845.172,1166.9823000000001
rennes,9,1000000,1926.0094,3093.4255,1167.4161
rennes,9,1000000,1682.4999,2849.8806,1167.3807
toulouse,9,1000000,1616.9526,2784.5598,1167.6072
toulouse,9,1000000,1620.4662,2788.13,1167.6638
toulouse,9,1000000,1624.5217,2792.142,1167.6202999999998
toulouse,9,1000000,1628.2089,2795.829,1167.6201
toulouse,9,1000000,1631.9489,2799.57,1167.6211
toulouse,9,1000000,1635.7102,2803.327,1167.6168000000002
toulouse,9,1000000,1639.5226,2807.134,1167.6114
toulouse,9,1000000,1643.1517,2810.788,1167.6363000000001
toulouse,9,1000000,1647.0712,2814.689,1167.6177999999998
rennes,9,1000000,1931.3792,3098.7952,1167.416
toulouse,9,1000000,1652.0133,2819.6099,1167.5965999999999
toulouse,9,1000000,1656.3375,2823.9756,1167.6381000000001
toulouse,9,1000000,1660.2953,2827.9478,1167.6525
toulouse,9,1000000,1663.9974,2831.644,1167.6465999999998
toulouse,9,1000000,1668.098,2835.7605,1167.6625
toulouse,9,1000000,1673.8389,2841.467,1167.6281000000001
nancy,9,1000000,1644.2594,2811.463,1167.2036000000003
nancy,9,1000000,1648.0737,2815.267,1167.1933
nancy,9,1000000,1652.0989,2819.3208,1167.2219
nancy,9,1000000,1656.1805,2823.408,1167.2275
rennes,9,1000000,1936.4515,3103.9092,1167.4577000000002
nancy,9,1000000,1660.1877,2827.4072,1167.2195000000002
nancy,9,1000000,1664.4845,2831.6746,1167.1900999999998
nancy,9,1000000,1668.4368,2835.67,1167.2332000000001
nancy,9,1000000,1672.4426,2839.636,1167.1933999999999
nancy,9,1000000,1676.597,2843.8196,1167.2225999999998
nancy,9,1000000,1680.5477,2847.801,1167.2532999999999
nancy,9,1000000,1684.6273,2851.8132,1167.1859
nancy,9,1000000,1688.3856,2855.5938,1167.2082
nancy,9,1000000,1692.4829,2859.7017,1167.2188
nancy,9,1000000,1696.3605,2863.588,1167.2275000000002
rennes,9,1000000,1941.5781,3109.0286,1167.4505000000001
nancy,9,1000000,1699.7665,2867.0269,1167.2604
rennes,9,1000000,1549.9956,2717.4827,1167.4871
rennes,9,1000000,1555.3551,2722.3562,1167.0011000000002
rennes,9,1000000,1559.699,2727.1873,1167.4883
rennes,9,1000000,1564.4556,2732.0444,1167.5888000000002
rennes,9,1000000,1569.6334,2737.113,1167.4796
rennes,9,1000000,1574.4674,2742.0193,1167.5519
rennes,9,1000000,1580.0042,2746.9878,1166.9835999999998
rennes,9,1000000,1583.269,2750.8005,1167.5314999999998
rennes,9,1000000,1586.7035,2754.1394,1167.4359
rennes,9,1000000,1946.8389,3113.9758,1167.1369000000002
rennes,9,1000000,1597.4194,2764.8735,1167.4541000000002
rennes,9,1000000,1602.5039,2769.9954,1167.4914999999999
rennes,9,1000000,1607.234,2774.7263,1167.4923
rennes,9,1000000,1612.4398,2779.9841,1167.5443
rennes,9,1000000,1617.4955,2784.4294,1166.9339
rennes,9,1000000,1622.2844,2789.7842,1167.4998
rennes,9,1000000,1494.9042,2662.3662,1167.462
rennes,9,1000000,1499.8081,2667.2515,1167.4433999999999
rennes,9,1000000,1504.303,2671.7778,1167.4747999999997
rennes,9,1000000,1509.8835,2677.338,1167.4545000000003
rennes,9,1000000,1951.0841,3118.5159,1167.4317999999998
rennes,9,1000000,1514.747,2682.1755,1167.4284999999998
rennes,9,1000000,1520.1514,2690.1865,1170.0350999999998
rennes,9,1000000,1523.7499,2691.2585,1167.5086
rennes,9,1000000,1528.7974,2696.2195,1167.4221000000002
rennes,9,1000000,1532.1782,2699.6025,1167.4243
rennes,9,1000000,1547.6399,2715.1235,1167.4836000000003
rennes,9,1000000,1552.7207,2720.2202,1167.4995000000001
rennes,9,1000000,1557.8938,2725.3945,1167.5006999999998
rennes,9,1000000,1562.5463,2730.019,1167.4726999999998
rennes,9,1000000,1567.8737,2735.288,1167.4143
rennes,9,1000000,1956.4342,3123.8613,1167.4271
rennes,9,1000000,1572.6228,2740.0767,1167.4539
rennes,9,1000000,1493.3855,2660.8325,1167.447
rennes,9,1000000,1498.4105,2665.843,1167.4325
rennes,9,1000000,1503.0463,2670.4192,1167.3728999999998
rennes,9,1000000,1507.8618,2675.3271,1167.4653
rennes,9,1000000,1513.0823,2680.5137,1167.4314
rennes,9,1000000,1517.8241,2685.262,1167.4379000000001
rennes,9,1000000,1520.7095,2688.1409,1167.4314
rennes,9,1000000,1528.259,2695.6387,1167.3797
rennes,9,1000000,1533.0643,2700.4731,1167.4088000000002
rennes,9,1000000,1961.0513,3128.4624,1167.4110999999998
rennes,9,1000000,1537.6777,2705.0908,1167.4131
rennes,9,1000000,1542.9965,2710.4373,1167.4408
rennes,9,1000000,1548.1848,2715.164,1166.9792000000002
rennes,9,1000000,1552.8184,2720.1912,1167.3728
rennes,9,1000000,1557.6229,2725.001,1167.3781000000001
rennes,9,1000000,1562.7046,2730.2012,1167.4966
toulouse,9,1000000,1486.0374,2653.341,1167.3036
toulouse,9,1000000,1491.1721,2658.4517,1167.2796
toulouse,9,1000000,1494.9219,2662.2695,1167.3475999999998
toulouse,9,1000000,1498.9464,2666.2712,1167.3248
rennes,9,1000000,1966.409,3133.811,1167.402
toulouse,9,1000000,1502.7894,2670.1238,1167.3344
toulouse,9,1000000,1507.1859,2674.4792,1167.2933000000003
toulouse,9,1000000,1511.2795,2678.5488,1167.2693
toulouse,9,1000000,1515.5643,2682.4412,1166.8769000000002
toulouse,9,1000000,1519.3914,2686.7031,1167.3117000000002
toulouse,9,1000000,1523.6384,2690.5469,1166.9084999999998
toulouse,9,1000000,1527.0148,2694.3254,1167.3106000000002
toulouse,9,1000000,1530.2424,2697.5632,1167.3208
toulouse,9,1000000,1533.9113,2701.2253,1167.314
toulouse,9,1000000,1538.0197,2705.2769,1167.2571999999998
nantes,9,1000000,1892.2026,3059.8186,1167.616
rennes,9,1000000,1971.1547,3138.5745,1167.4198000000001
toulouse,9,1000000,1541.2798,2708.6191,1167.3392999999999
nantes,9,1000000,1825.147,2992.6199,1167.4729000000002
nantes,9,1000000,1831.0992,2998.1455,1167.0463
nantes,9,1000000,1837.2014,3004.2495,1167.0481
nantes,9,1000000,1842.7491,3009.7947,1167.0456
nantes,9,1000000,1848.3582,3015.7659,1167.4077
nantes,9,1000000,1854.7236,3022.196,1167.4723999999999
nantes,9,1000000,1860.292,3027.6855,1167.3935000000001
nantes,9,1000000,1866.6697,3034.0884,1167.4187000000002
nantes,9,1000000,1872.6584,3040.0945,1167.4361000000001
nantes,9,1000000,1898.8418,3066.4685,1167.6267
nantes,9,1000000,1879.2383,3046.6553,1167.417
nantes,9,1000000,1884.7098,3052.1868,1167.4769999999999
nantes,9,1000000,1891.4207,3058.8137,1167.3930000000003
nantes,9,1000000,1896.871,3064.2617,1167.3907
nantes,9,1000000,1903.758,3071.183,1167.425
nantes,9,1000000,1909.852,3077.2236,1167.3715999999997
nancy,9,1000000,1935.1459,3102.532,1167.3861000000002
nancy,9,1000000,1939.0504,3106.376,1167.3256000000001
nancy,9,1000000,1943.3774,3110.7258,1167.3484
nancy,9,1000000,1947.6285,3114.9844,1167.3558999999998
nantes,9,1000000,1904.1774,3071.806,1167.6286
nancy,9,1000000,1952.1979,3119.16,1166.9621
nancy,9,1000000,1955.8209,3123.225,1167.4041
nancy,9,1000000,1959.8677,3127.312,1167.4442999999999
nancy,9,1000000,1963.8925,3131.3308,1167.4383000000003
nancy,9,1000000,1968.0231,3135.3623,1167.3391999999997
nancy,9,1000000,1972.198,3139.5208,1167.3227999999997
nancy,9,1000000,1976.201,3143.6387,1167.4377
nancy,9,1000000,1980.2579,3147.7202,1167.4623000000001
nancy,9,1000000,1984.4794,3151.857,1167.3776
nancy,9,1000000,1988.6625,3156.0027,1167.3402
nantes,9,1000000,1911.3529,3078.674,1167.3211
nancy,9,1000000,1992.6145,3159.998,1167.3835000000001
nancy,9,1000000,1935.227,3102.4995,1167.2724999999998
nancy,9,1000000,1938.9552,3106.2354,1167.2802
nancy,9,1000000,1942.9121,3110.2112,1167.2991000000002
nancy,9,1000000,1946.9572,3114.2686,1167.3113999999998
nancy,9,1000000,1951.115,3118.4377,1167.3227
nancy,9,1000000,1955.0659,3122.3438,1167.2779
nancy,9,1000000,1958.9706,3126.2725,1167.3019
nancy,9,1000000,1963.1233,3130.4119,1167.2886
nancy,9,1000000,1967.0991,3134.4626,1167.3635
nantes,9,1000000,1916.7926,3084.008,1167.2153999999998
nancy,9,1000000,1970.912,3138.2598,1167.3477999999998
nancy,9,1000000,1974.5083,3141.8752,1167.3669
nancy,9,1000000,1978.5802,3145.8848,1167.3045999999997
nancy,9,1000000,1982.5189,3149.7915,1167.2725999999998
nancy,9,1000000,1985.9364,3153.2332,1167.2968
nancy,9,1000000,1989.8859,3157.1863,1167.3003999999999
nancy,9,1000000,1892.7014,3060.0618,1167.3604
nancy,9,1000000,1896.5582,3063.8772,1167.319
nancy,9,1000000,1900.5955,3067.9429,1167.3474
nancy,9,1000000,1904.6343,3071.97,1167.3356999999999
nantes,9,1000000,1922.9208,3090.566,1167.6451999999997
nancy,9,1000000,1908.5148,3075.9087,1167.3939
nancy,9,1000000,1912.6951,3080.0115,1167.3164000000002
nancy,9,1000000,1916.3191,3083.7,1167.3808999999999
nancy,9,1000000,1920.0922,3087.4014,1167.3092000000001
nancy,9,1000000,1924.264,3091.5771,1167.3131
nancy,9,1000000,1927.9807,3095.475,1167.4942999999998
nancy,9,1000000,1931.9053,3099.1938,1167.2885
nancy,9,1000000,1935.7064,3103.052,1167.3456
nancy,9,1000000,1939.2216,3106.613,1167.3913999999997
nancy,9,1000000,1943.1412,3110.4753,1167.3341
nantes,9,1000000,1928.6039,3096.196,1167.5920999999998
nancy,9,1000000,1947.0687,3114.399,1167.3302999999999
nantes,9,1000000,1728.2283,2895.722,1167.4937000000002
nantes,9,1000000,1733.48,2901.0671,1167.5871000000002
nantes,9,1000000,1739.6561,2907.2012,1167.5451
nantes,9,1000000,1745.4064,2912.5994,1167.193
nantes,9,1000000,1751.7609,2919.2732,1167.5123
nantes,9,1000000,1757.1938,2924.7688,1167.5749999999998
nantes,9,1000000,1763.2074,2930.7847,1167.5773000000002
nantes,9,1000000,1769.5219,2937.1477,1167.6258
nantes,9,1000000,1776.3168,2943.5115,1167.1947
nantes,0,10000000,1792.4755,20087.473,18294.9975
nantes,0,10000000,1845.7697,20140.78,18295.010299999998
nantes,0,10000000,1649.4521,19944.469,18295.016900000002
nantes,0,10000000,1656.5814,19951.414,18294.8326
nantes,0,10000000,1662.3529,19957.36,18295.0071
nantes,0,10000000,1667.6752,19962.533,18294.857799999998
nantes,0,10000000,1674.4381,19969.426,18294.9879
nantes,0,10000000,1680.514,19975.502,18294.988
nantes,0,10000000,1594.4534,19889.502,18295.048600000002
nantes,0,10000000,1599.9923,19895.033,18295.040699999998
nantes,0,10000000,1605.6991,19900.766,18295.066899999998
nantes,0,10000000,1611.6836,19906.74,18295.0564
nantes,0,10000000,1852.4298,20147.412,18294.9822
nantes,0,10000000,1618.3185,19913.408,18295.0895
nantes,0,10000000,1624.3389,19919.037,18294.6981
nantes,0,10000000,1630.518,19925.57,18295.052
nantes,0,10000000,1636.3469,19931.389,18295.0421
nantes,0,10000000,1642.3273,19937.379,18295.0517
nantes,0,10000000,1648.3679,19943.424,18295.056099999998
nantes,0,10000000,1654.3748,19949.457,18295.082199999997
nantes,0,10000000,1661.2698,19956.34,18295.070200000002
nantes,0,10000000,1667.4497,19962.178,18294.7283
nantes,0,10000000,1673.1924,19968.266,18295.0736
nantes,0,10000000,1858.6667,20153.666,18294.9993
nantes,0,10000000,1679.5785,19974.65,18295.071500000002
toulouse,0,10000000,1641.619,19936.254,18294.635000000002
toulouse,0,10000000,1644.8568,19939.85,18294.993199999997
toulouse,0,10000000,1649.3976,19944.08,18294.6824
toulouse,0,10000000,1652.7694,19947.816,18295.046599999998
toulouse,0,10000000,1656.4955,19951.553,18295.0575
toulouse,0,10000000,1660.6903,19955.354,18294.6637
toulouse,0,10000000,1664.2213,19959.248,18295.0267
toulouse,0,10000000,1668.0725,19963.137,18295.0645
toulouse,0,10000000,1672.0306,19967.088,18295.057399999998
nantes,0,10000000,1865.2727,20160.332,18295.059299999997
toulouse,0,10000000,1676.2483,19970.912,18294.6637
toulouse,0,10000000,1679.9376,19974.742,18294.804399999997
toulouse,0,10000000,1683.5308,19978.566,18295.0352
toulouse,0,10000000,1687.2576,19982.295,18295.037399999997
toulouse,0,10000000,1691.3799,19986.398,18295.0181
toulouse,0,10000000,1694.2877,19989.414,18295.1263
toulouse,0,10000000,1609.477,19904.5,18295.023
toulouse,0,10000000,1613.2655,19908.244,18294.978499999997
toulouse,0,10000000,1616.7031,19911.793,18295.089900000003
toulouse,0,10000000,1620.9423,19915.986,18295.043700000002
nantes,0,10000000,1871.7725,20166.781,18295.0085
toulouse,0,10000000,1625.2162,19920.262,18295.0458
toulouse,0,10000000,1629.2968,19924.275,18294.9782
toulouse,0,10000000,1633.4559,19928.48,18295.0241
toulouse,0,10000000,1637.4742,19932.422,18294.947799999998
toulouse,0,10000000,1642.184,19937.225,18295.040999999997
toulouse,0,10000000,1645.9038,19940.814,18294.9102
toulouse,0,10000000,1649.6713,19944.729,18295.057699999998
toulouse,0,10000000,1653.5842,19948.553,18294.9688
toulouse,0,10000000,1657.4421,19952.457,18295.0149
toulouse,0,10000000,1661.7501,19956.354,18294.6039
nantes,0,10000000,1877.8789,20172.86,18294.9811
toulouse,0,10000000,1664.8787,19959.844,18294.9653
toulouse,0,10000000,1580.1926,19875.271,18295.078400000002
toulouse,0,10000000,1584.4146,19879.5,18295.0854
toulouse,0,10000000,1588.8652,19883.91,18295.0448
toulouse,0,10000000,1592.5724,19887.64,18295.0676
toulouse,0,10000000,1596.4172,19891.469,18295.0518
toulouse,0,10000000,1599.797,19894.854,18295.057
toulouse,0,10000000,1604.9723,19900.066,18295.093699999998
toulouse,0,10000000,1608.821,19903.924,18295.103
toulouse,0,10000000,1612.4353,19907.541,18295.1057
rennes,0,10000000,1802.8536,20097.588,18294.7344
toulouse,0,10000000,1616.1584,19911.246,18295.0876
toulouse,0,10000000,1619.6158,19914.703,18295.0872
toulouse,0,10000000,1623.7253,19918.787,18295.0617
toulouse,0,10000000,1627.4583,19922.545,18295.0867
toulouse,0,10000000,1631.5265,19926.586,18295.0595
toulouse,0,10000000,1635.4984,19930.559,18295.0606
nancy,0,10000000,1591.6672,19886.738,18295.0708
nancy,0,10000000,1595.4259,19890.562,18295.136100000003
nancy,0,10000000,1600.244,19894.965,18294.721
nancy,0,10000000,1603.9307,19899.0,18295.0693
rennes,0,10000000,1807.3574,20102.412,18295.0546
nancy,0,10000000,1608.0032,19903.068,18295.0648
nancy,0,10000000,1612.2799,19907.348,18295.0681
nancy,0,10000000,1616.4197,19911.49,18295.070300000003
nancy,0,10000000,1620.6064,19915.678,18295.0716
nancy,0,10000000,1624.7069,19919.734,18295.0271
nancy,0,10000000,1628.8287,19923.852,18295.0233
nancy,0,10000000,1632.8821,19927.94,18295.0579
nancy,0,10000000,1636.7944,19931.867,18295.0726
nancy,0,10000000,1640.5585,19935.62,18295.0615
nancy,0,10000000,1644.5615,19939.63,18295.0685
rennes,0,10000000,1812.0706,20107.158,18295.0874
nancy,0,10000000,1648.5162,19943.535,18295.018799999998
nantes,0,10000000,1475.3961,19770.459,18295.062899999997
nantes,0,10000000,1481.9865,19776.63,18294.643500000002
nantes,0,10000000,1487.0487,19782.078,18295.029300000002
nantes,0,10000000,1493.8955,19788.627,18294.7315
nantes,0,10000000,1499.2773,19794.01,18294.732699999997
nantes,0,10000000,1505.1288,19800.16,18295.0312
nantes,0,10000000,1511.1962,19806.22,18295.023800000003
nantes,0,10000000,1517.7985,19812.828,18295.0295
nantes,0,10000000,1522.9886,19818.053,18295.0644
rennes,0,10000000,1816.7765,20111.828,18295.0515
nantes,0,10000000,1530.0946,19825.098,18295.0034
nantes,0,10000000,1535.599,19830.627,18295.028000000002
nantes,0,10000000,1542.7189,19837.691,18294.9721
nantes,0,10000000,1548.2441,19843.227,18294.9829
nantes,0,10000000,1555.1335,19850.164,18295.0305
nantes,0,10000000,1560.4396,19855.441,18295.001399999997
rennes,0,10000000,1467.9043,19762.96,18295.0557
rennes,0,10000000,1472.6813,19767.771,18295.0897
rennes,0,10000000,1477.7295,19772.793,18295.0635
rennes,0,10000000,1482.8381,19777.975,18295.136899999998
nantes,0,10000000,1797.8433,20092.775,18294.9317
rennes,0,10000000,1821.8457,20116.879,18295.0333
rennes,0,10000000,1487.5903,19782.664,18295.0737
rennes,0,10000000,1492.7104,19787.424,18294.7136
rennes,0,10000000,1497.1815,19792.256,18295.074500000002
rennes,0,10000000,1502.4949,19797.254,18294.7591
rennes,0,10000000,1507.5664,19802.352,18294.7856
rennes,0,10000000,1512.1565,19807.232,18295.0755
rennes,0,10000000,1517.5059,19812.584,18295.0781
rennes,0,10000000,1522.1392,19818.982,18296.8428
rennes,0,10000000,1527.8224,19822.896,18295.0736
rennes,0,10000000,1532.7286,19827.805,18295.0764
rennes,0,10000000,1827.0256,20121.752,18294.7264
rennes,0,10000000,1537.6282,19832.693,18295.0648
toulouse,0,10000000,1460.3854,19755.402,18295.0166
toulouse,0,10000000,1464.2646,19759.31,18295.045400000003
toulouse,0,10000000,1468.8833,19763.527,18294.643699999997
toulouse,0,10000000,1473.1317,19768.207,18295.075299999997
toulouse,0,10000000,1476.9567,19771.979,18295.0223
toulouse,0,10000000,1480.8505,19775.895,18295.0445
toulouse,0,10000000,1484.4489,19779.502,18295.0531
toulouse,0,10000000,1488.4138,19783.488,18295.074200000003
toulouse,0,10000000,1492.5757,19787.684,18295.1083
rennes,0,10000000,1831.4863,20126.584,18295.0977
toulouse,0,10000000,1496.0765,19791.102,18295.0255
toulouse,0,10000000,1499.9723,19795.043,18295.0707
toulouse,0,10000000,1505.8416,19800.902,18295.0604
toulouse,0,10000000,1509.3348,19804.379,18295.0442
toulouse,0,10000000,1513.6954,19808.74,18295.0446
toulouse,0,10000000,1518.2283,19813.287,18295.0587
nancy,0,10000000,1488.7532,19783.848,18295.094800000003
nancy,0,10000000,1492.4662,19787.506,18295.039800000002
nancy,0,10000000,1496.558,19791.645,18295.087
nancy,0,10000000,1500.6318,19795.717,18295.0852
rennes,0,10000000,1836.3192,20131.412,18295.0928
nancy,0,10000000,1504.6315,19799.719,18295.0875
nancy,0,10000000,1508.6837,19803.78,18295.096299999997
nancy,0,10000000,1512.8384,19807.934,18295.0956
nancy,0,10000000,1516.9463,19812.043,18295.096700000002
nancy,0,10000000,1520.9825,19816.07,18295.0875
nancy,0,10000000,1525.0984,19820.205,18295.106600000003
nancy,0,10000000,1529.2375,19824.322,18295.0845
nancy,0,10000000,1533.0398,19828.133,18295.093200000003
nancy,0,10000000,1536.7998,19831.898,18295.0982
nancy,0,10000000,1540.8406,19835.979,18295.1384
rennes,0,10000000,1841.0854,20136.225,18295.1396
nancy,0,10000000,1544.5504,19839.64,18295.0896
rennes,0,10000000,1369.5101,19664.67,18295.1599
rennes,0,10000000,1374.2905,19669.39,18295.0995
rennes,0,10000000,1379.3173,19674.457,18295.1397
rennes,0,10000000,1384.5974,19679.252,18294.6546
rennes,0,10000000,1388.9843,19684.096,18295.1117
rennes,0,10000000,1393.5205,19688.64,18295.1195
rennes,0,10000000,1398.9242,19694.062,18295.1378
rennes,0,10000000,1403.6969,19698.783,18295.0861
rennes,0,10000000,1408.8398,19703.957,18295.117199999997
rennes,0,10000000,1846.2491,20141.348,18295.0989
rennes,0,10000000,1413.8966,19710.826,18296.9294
rennes,0,10000000,1418.356,19713.48,18295.124
rennes,0,10000000,1423.3302,19718.45,18295.1198
rennes,0,10000000,1428.2344,19723.395,18295.1606
rennes,0,10000000,1432.9661,19728.088,18295.1219
rennes,0,10000000,1437.6616,19732.79,18295.1284
rennes,0,10000000,1352.7172,19647.76,18295.0428
rennes,0,10000000,1357.8381,19652.498,18294.6599
rennes,0,10000000,1362.7295,19657.795,18295.065499999997
rennes,0,10000000,1367.5895,19662.648,18295.0585
rennes,0,10000000,1851.3829,20146.082,18294.699099999998
rennes,0,10000000,1372.8447,19667.498,18294.653299999998
rennes,0,10000000,1377.5999,19672.668,18295.0681
rennes,0,10000000,1382.8387,19677.488,18294.6493
rennes,0,10000000,1387.2477,19682.318,18295.0703
rennes,0,10000000,1392.1788,19687.23,18295.051199999998
rennes,0,10000000,1397.4883,19692.182,18294.6937
rennes,0,10000000,1402.708,19697.42,18294.712
rennes,0,10000000,1407.2921,19702.363,18295.070900000002
rennes,0,10000000,1412.6084,19707.682,18295.0736
rennes,0,10000000,1417.6101,19712.688,18295.077899999997
rennes,0,10000000,1855.8842,20150.98,18295.0958
rennes,0,10000000,1422.1818,19717.256,18295.074200000003
rennes,0,10000000,1335.7666,19630.43,18294.6634
rennes,0,10000000,1340.8134,19635.488,18294.674600000002
rennes,0,10000000,1345.4072,19640.47,18295.0628
rennes,0,10000000,1350.031,19645.137,18295.106
rennes,0,10000000,1355.087,19650.182,18295.095
rennes,0,10000000,1359.8665,19655.041,18295.1745
rennes,0,10000000,1364.8267,19659.965,18295.1383
rennes,0,10000000,1369.5991,19664.676,18295.0769
rennes,0,10000000,1374.7809,19669.873,18295.092099999998
rennes,0,10000000,1860.9524,20156.03,18295.0776
rennes,0,10000000,1379.5834,19674.746,18295.1626
rennes,0,10000000,1384.4377,19679.576,18295.138300000002
rennes,0,10000000,1389.1892,19684.283,18295.0938
rennes,0,10000000,1394.5796,19689.656,18295.076399999998
rennes,0,10000000,1399.0559,19694.156,18295.1001
rennes,0,10000000,1404.2217,19699.314,18295.092299999997
toulouse,0,10000000,1304.2051,19599.275,18295.069900000002
toulouse,0,10000000,1307.8025,19602.879,18295.0765
toulouse,0,10000000,1311.5177,19606.648,18295.1303
toulouse,0,10000000,1317.1609,19612.326,18295.165100000002
rennes,0,10000000,1866.4825,20161.133,18294.650500000003
toulouse,0,10000000,1321.2145,19616.354,18295.139499999997
toulouse,0,10000000,1324.9492,19620.115,18295.165800000002
toulouse,0,10000000,1328.9324,19624.014,18295.081599999998
toulouse,0,10000000,1332.497,19627.656,18295.159
toulouse,0,10000000,1336.7385,19631.877,18295.1385
toulouse,0,10000000,1340.4415,19635.607,18295.1655
toulouse,0,10000000,1344.1211,19639.285,18295.1639
toulouse,0,10000000,1348.2971,19643.541,18295.2439
toulouse,0,10000000,1352.2534,19647.428,18295.1746
toulouse,0,10000000,1356.0587,19651.219,18295.1603
nantes,0,10000000,1804.2295,20098.912,18294.6825
rennes,0,10000000,1870.3656,20165.463,18295.0974
toulouse,0,10000000,1360.8378,19655.977,18295.139199999998
nantes,0,10000000,1711.408,20006.105,18294.697
nantes,0,10000000,1717.2902,20011.998,18294.7078
nantes,0,10000000,1722.8572,20017.479,18294.6218
nantes,0,10000000,1728.7533,20023.78,18295.0267
nantes,0,10000000,1734.8619,20029.896,18295.0341
nantes,0,10000000,1741.0653,20036.12,18295.0547
nantes,0,10000000,1746.9547,20041.635,18294.6803
nantes,0,10000000,1753.0656,20048.1,18295.034399999997
nantes,0,10000000,1758.4508,20053.533,18295.0822
nantes,0,10000000,1809.5997,20104.28,18294.6803
nantes,0,10000000,1765.227,20060.256,18295.029000000002
nantes,0,10000000,1770.8513,20065.896,18295.044700000002
nantes,0,10000000,1777.4813,20072.52,18295.0387
nantes,0,10000000,1783.6171,20078.635,18295.0179
nantes,0,10000000,1790.2572,20085.285,18295.0278
nantes,0,10000000,1795.9581,20090.96,18295.0019
nancy,0,10000000,1819.6061,20114.744,18295.137899999998
nancy,0,10000000,1823.5166,20118.566,18295.0494
nancy,0,10000000,1827.7158,20122.781,18295.065199999997
nancy,0,10000000,1831.8047,20126.87,18295.0653
nantes,0,10000000,1815.2233,20110.262,18295.038699999997
nancy,0,10000000,1835.9193,20130.982,18295.0627
nancy,0,10000000,1839.9246,20134.99,18295.065400000003
nancy,0,10000000,1843.8,20138.957,18295.157
nancy,0,10000000,1848.0878,20143.3,18295.212199999998
nancy,0,10000000,1852.2329,20147.3,18295.0671
nancy,0,10000000,1856.339,20151.404,18295.065
nancy,0,10000000,1860.3068,20155.447,18295.1402
nancy,0,10000000,1864.2102,20159.352,18295.141799999998
nancy,0,10000000,1868.2161,20163.326,18295.1099
nancy,0,10000000,1872.0817,20167.215,18295.1333
nantes,0,10000000,1821.2833,20116.338,18295.0547
nancy,0,10000000,1876.1299,20171.27,18295.1401
nancy,0,10000000,1788.5485,20083.63,18295.0815
nancy,0,10000000,1792.7513,20087.496,18294.7447
nancy,0,10000000,1796.491,20091.678,18295.186999999998
nancy,0,10000000,1800.7128,20095.729,18295.0162
nancy,0,10000000,1804.7533,20099.896,18295.1427
nancy,0,10000000,1809.0715,20104.146,18295.074500000002
nancy,0,10000000,1812.978,20108.125,18295.147
nancy,0,10000000,1817.2677,20112.346,18295.0783
nancy,0,10000000,1821.033,20116.223,18295.190000000002
nantes,0,10000000,1828.1837,20122.848,18294.6643
nancy,0,10000000,1825.577,20120.662,18295.085
nancy,0,10000000,1829.8029,20124.947,18295.1441
nancy,0,10000000,1833.8904,20129.033,18295.1426
nancy,0,10000000,1838.0653,20133.143,18295.0777
nancy,0,10000000,1842.2064,20137.398,18295.191600000002
nancy,0,10000000,1846.4913,20141.633,18295.1417
nancy,0,10000000,1765.8772,20060.537,18294.6598
nancy,0,10000000,1769.3185,20064.371,18295.052499999998
nancy,0,10000000,1773.4835,20068.596,18295.112500000003
nancy,0,10000000,1777.7247,20072.834,18295.1093
nantes,0,10000000,1833.9825,20128.639,18294.656499999997
nancy,0,10000000,1781.8224,20076.93,18295.1076
nancy,0,10000000,1785.8846,20080.984,18295.0994
nancy,0,10000000,1789.9805,20085.088,18295.1075
nancy,0,10000000,1794.041,20089.094,18295.053
nancy,0,10000000,1797.9441,20093.004,18295.0599
nancy,0,10000000,1801.7883,20096.852,18295.0637
nancy,0,10000000,1806.0211,20101.078,18295.056900000003
nancy,0,10000000,1809.9531,20105.096,18295.142900000003
nancy,0,10000000,1813.9109,20109.008,18295.097100000003
nancy,0,10000000,1817.9115,20112.996,18295.0845
nantes,0,10000000,1840.0923,20135.123,18295.0307
nancy,0,10000000,1821.7108,20116.88,18295.1692
nantes,0,10000000,1596.346,19891.182,18294.836
nantes,0,10000000,1601.1394,19896.148,18295.0086
nantes,0,10000000,1607.3411,19902.35,18295.008899999997
nantes,0,10000000,1612.9236,19907.795,18294.871399999996
nantes,0,10000000,1619.7672,19914.578,18294.810800000003
nantes,0,10000000,1625.2432,19920.096,18294.8528
nantes,0,10000000,1631.4143,19926.438,18295.023699999998
nantes,0,10000000,1636.9607,19931.838,18294.8773
nantes,0,10000000,1643.5682,19938.303,18294.7348
nantes,1,10000000,1742.352,16185.169,14442.817
nantes,1,10000000,1797.1827,16242.123,14444.9403
nantes,1,10000000,1549.7683,15993.081,14443.3127
nantes,1,10000000,1555.7416,15998.703,14442.9614
nantes,1,10000000,1561.9579,16005.27,14443.312100000001
nantes,1,10000000,1567.4817,16010.486,14443.0043
nantes,1,10000000,1573.8561,16017.172,14443.315900000001
nantes,1,10000000,1579.9441,16023.302,14443.357899999999
nantes,1,10000000,1469.3271,15912.688,14443.3609
nantes,1,10000000,1475.2991,15918.649,14443.3499
nantes,1,10000000,1480.8274,15924.18,14443.3526
nantes,1,10000000,1487.2258,15930.569,14443.3432
nantes,1,10000000,1802.7422,16245.573,14442.8308
nantes,1,10000000,1492.9083,15936.29,14443.381700000002
nantes,1,10000000,1499.2102,15942.637,14443.426800000001
nantes,1,10000000,1504.8647,15948.203,14443.3383
nantes,1,10000000,1511.0593,15954.379,14443.3197
nantes,1,10000000,1516.674,15959.988,14443.313999999998
nantes,1,10000000,1522.8539,15966.165,14443.3111
nantes,1,10000000,1528.6143,15971.966,14443.351700000001
nantes,1,10000000,1535.3591,15978.693,14443.3339
nantes,1,10000000,1540.7428,15984.165,14443.4222
nantes,1,10000000,1547.3827,15990.766,14443.3833
nantes,1,10000000,1809.6216,16252.337,14442.7154
nantes,1,10000000,1552.6508,15996.084,14443.433200000001
toulouse,1,10000000,1529.0547,15971.663,14442.6083
toulouse,1,10000000,1532.6555,15975.293,14442.637499999999
toulouse,1,10000000,1537.2449,15979.986,14442.741100000001
toulouse,1,10000000,1542.8314,15985.462,14442.6306
toulouse,1,10000000,1547.1224,15989.714,14442.5916
toulouse,1,10000000,1550.9283,15993.561,14442.6327
toulouse,1,10000000,1554.7996,15997.391,14442.5914
toulouse,1,10000000,1558.8632,16001.421,14442.5578
toulouse,1,10000000,1562.7139,16005.453,14442.739099999999
nantes,1,10000000,1815.1283,16257.984,14442.8557
toulouse,1,10000000,1566.6733,16009.321,14442.6477
toulouse,1,10000000,1570.7501,16013.344,14442.5939
toulouse,1,10000000,1574.4691,16017.092,14442.6229
toulouse,1,10000000,1578.6167,16021.351,14442.7343
toulouse,1,10000000,1582.4677,16025.095,14442.6273
toulouse,1,10000000,1586.1971,16028.761,14442.563900000001
toulouse,1,10000000,1517.909,15961.113,14443.204
toulouse,1,10000000,1521.3579,15964.58,14443.222099999999
toulouse,1,10000000,1525.5396,15968.793,14443.2534
toulouse,1,10000000,1529.4685,15972.695,14443.2265
nantes,1,10000000,1822.0496,16264.824,14442.7744
toulouse,1,10000000,1533.5574,15976.786,14443.2286
toulouse,1,10000000,1537.4675,15980.665,14443.1975
toulouse,1,10000000,1541.5309,15984.73,14443.1991
toulouse,1,10000000,1545.3451,15988.516,14443.1709
toulouse,1,10000000,1549.2654,15992.486,14443.2206
toulouse,1,10000000,1553.3451,15996.565,14443.2199
toulouse,1,10000000,1557.2867,16000.511,14443.2243
toulouse,1,10000000,1561.2112,16004.433,14443.221800000001
toulouse,1,10000000,1564.8826,16008.079,14443.1964
toulouse,1,10000000,1568.9297,16012.131,14443.201299999999
nantes,1,10000000,1827.9133,16270.716,14442.8027
toulouse,1,10000000,1572.2942,16015.465,14443.1708
toulouse,1,10000000,1465.2258,15907.921,14442.6952
toulouse,1,10000000,1468.7428,15911.458,14442.7152
toulouse,1,10000000,1473.1964,15915.892,14442.6956
toulouse,1,10000000,1477.027,15919.715,14442.688
toulouse,1,10000000,1480.7246,15923.417,14442.6924
toulouse,1,10000000,1484.8673,15927.559,14442.6917
toulouse,1,10000000,1488.7756,15931.49,14442.7144
toulouse,1,10000000,1492.4054,15935.096,14442.6906
toulouse,1,10000000,1496.7767,15939.471,14442.6943
rennes,1,10000000,1710.3512,16153.046,14442.694800000001
toulouse,1,10000000,1501.3953,15944.116,14442.7207
toulouse,1,10000000,1505.1484,15947.867,14442.7186
toulouse,1,10000000,1509.5254,15952.26,14442.7346
toulouse,1,10000000,1513.7527,15956.47,14442.7173
toulouse,1,10000000,1518.214,15960.931,14442.717
toulouse,1,10000000,1521.6272,15964.332,14442.7048
nancy,1,10000000,1470.534,15913.136,14442.602
nancy,1,10000000,1474.5,15917.109,14442.609
nancy,1,10000000,1478.5687,15921.192,14442.6233
nancy,1,10000000,1482.4781,15925.145,14442.6669
rennes,1,10000000,1715.0093,16157.688,14442.6787
nancy,1,10000000,1486.6582,15929.27,14442.6118
nancy,1,10000000,1490.5856,15933.312,14442.7264
nancy,1,10000000,1494.8801,15937.536,14442.6559
nancy,1,10000000,1499.0667,15941.748,14442.6813
nancy,1,10000000,1503.4368,15946.025,14442.5882
nancy,1,10000000,1507.5944,15950.197,14442.6026
nancy,1,10000000,1511.5146,15954.203,14442.6884
nancy,1,10000000,1515.9652,15958.621,14442.655799999999
nancy,1,10000000,1519.9412,15962.64,14442.6988
nancy,1,10000000,1524.2224,15966.95,14442.7276
rennes,1,10000000,1719.2478,16162.424,14443.176200000002
nancy,1,10000000,1528.4899,15971.098,14442.6081
nantes,1,10000000,1375.9547,15819.339,14443.3843
nantes,1,10000000,1381.7727,15825.196,14443.4233
nantes,1,10000000,1387.6005,15831.032,14443.431499999999
nantes,1,10000000,1393.5791,15837.054,14443.474900000001
nantes,1,10000000,1399.421,15842.319,14442.898
nantes,1,10000000,1405.4214,15848.823,14443.401600000001
nantes,1,10000000,1411.3345,15854.731,14443.396499999999
nantes,1,10000000,1417.5519,15860.982,14443.4301
nantes,1,10000000,1423.3058,15866.713,14443.4072
rennes,1,10000000,1724.2512,16167.45,14443.1988
nantes,1,10000000,1429.7313,15873.157,14443.4257
nantes,1,10000000,1435.3345,15878.737,14443.4025
nantes,1,10000000,1442.3113,15885.398,14443.0867
nantes,1,10000000,1447.5039,15890.892,14443.3881
nantes,1,10000000,1454.4175,15897.823,14443.4055
nantes,1,10000000,1459.6677,15903.068,14443.4003
rennes,1,10000000,1356.6178,15799.683,14443.065200000001
rennes,1,10000000,1361.4689,15804.613,14443.1441
rennes,1,10000000,1366.6705,15809.341,14442.6705
rennes,1,10000000,1371.2731,15814.381,14443.107899999999
nantes,1,10000000,1748.6122,16190.938,14442.3258
rennes,1,10000000,1729.2563,16172.485,14443.2287
rennes,1,10000000,1376.0244,15819.127,14443.1026
rennes,1,10000000,1381.5067,15824.609,14443.1023
rennes,1,10000000,1386.2936,15829.389,14443.095399999998
rennes,1,10000000,1391.1107,15834.186,14443.0753
rennes,1,10000000,1396.0905,15838.761,14442.6705
rennes,1,10000000,1400.5226,15843.609,14443.0864
rennes,1,10000000,1405.2251,15848.413,14443.1879
rennes,1,10000000,1410.1138,15853.165,14443.051200000002
rennes,1,10000000,1414.9999,15858.053,14443.0531
rennes,1,10000000,1419.5981,15862.709,14443.110900000001
rennes,1,10000000,1733.9147,16177.124,14443.2093
rennes,1,10000000,1424.8341,15867.873,14443.0389
toulouse,1,10000000,1360.3088,15803.535,14443.2262
toulouse,1,10000000,1364.8293,15808.085,14443.2557
toulouse,1,10000000,1368.566,15811.768,14443.202
toulouse,1,10000000,1372.3503,15815.631,14443.2807
toulouse,1,10000000,1376.2805,15819.511,14443.2305
toulouse,1,10000000,1380.0642,15823.297,14443.2328
toulouse,1,10000000,1384.3389,15827.487,14443.148099999999
toulouse,1,10000000,1388.2549,15831.51,14443.2551
toulouse,1,10000000,1392.1313,15835.366,14443.2347
rennes,1,10000000,1739.2341,16182.419,14443.1849
toulouse,1,10000000,1395.7549,15838.988,14443.2331
toulouse,1,10000000,1400.206,15843.46,14443.253999999999
toulouse,1,10000000,1403.9388,15847.206,14443.2672
toulouse,1,10000000,1408.0706,15851.319,14443.2484
toulouse,1,10000000,1412.3611,15855.649,14443.2879
toulouse,1,10000000,1416.2677,15859.533,14443.2653
nancy,1,10000000,1382.7218,15825.485,14442.763200000001
nancy,1,10000000,1386.5924,15829.286,14442.6936
nancy,1,10000000,1390.415,15833.147,14442.732
nancy,1,10000000,1394.6564,15837.388,14442.731600000001
rennes,1,10000000,1744.2281,16187.404,14443.1759
nancy,1,10000000,1398.6533,15841.382,14442.7287
nancy,1,10000000,1402.6838,15845.378,14442.6942
nancy,1,10000000,1406.5201,15849.299,14442.778900000001
nancy,1,10000000,1410.8423,15853.543,14442.7007
nancy,1,10000000,1414.7253,15857.456,14442.7307
nancy,1,10000000,1418.6902,15861.457,14442.766800000001
nancy,1,10000000,1422.7269,15865.448,14442.7211
nancy,1,10000000,1426.6967,15869.422,14442.7253
nancy,1,10000000,1430.6996,15873.446,14442.7464
nancy,1,10000000,1434.8397,15877.572,14442.7323
rennes,1,10000000,1749.0507,16192.225,14443.1743
nancy,1,10000000,1438.7177,15881.41,14442.6923
rennes,1,10000000,1269.8989,15713.008,14443.1091
rennes,1,10000000,1274.5991,15717.728,14443.1289
rennes,1,10000000,1279.4102,15722.538,14443.1278
rennes,1,10000000,1284.5316,15727.703,14443.1714
rennes,1,10000000,1289.7983,15735.144,14445.3457
rennes,1,10000000,1294.6604,15737.816,14443.1556
rennes,1,10000000,1299.5928,15742.7,14443.1072
rennes,1,10000000,1304.3468,15747.466,14443.119200000001
rennes,1,10000000,1309.5583,15752.648,14443.089699999999
rennes,1,10000000,1753.9248,16197.126,14443.2012
rennes,1,10000000,1314.316,15757.417,14443.100999999999
rennes,1,10000000,1319.257,15762.347,14443.09
rennes,1,10000000,1324.09,15767.216,14443.126
rennes,1,10000000,1329.0255,15771.935,14442.9095
rennes,1,10000000,1333.738,15776.861,14443.123000000001
rennes,1,10000000,1338.7223,15781.837,14443.1147
rennes,1,10000000,1237.874,15680.862,14442.988
rennes,1,10000000,1242.1388,15685.399,14443.260199999999
rennes,1,10000000,1247.3855,15690.331,14442.9455
rennes,1,10000000,1252.4436,15695.685,14443.241399999999
rennes,1,10000000,1759.3962,16202.051,14442.6548
rennes,1,10000000,1257.2936,15700.555,14443.2614
rennes,1,10000000,1262.348,15705.753,14443.405
rennes,1,10000000,1267.1792,15710.413,14443.2338
rennes,1,10000000,1272.1746,15715.44,14443.2654
rennes,1,10000000,1277.3602,15720.716,14443.355800000001
rennes,1,10000000,1281.8296,15725.056,14443.2264
rennes,1,10000000,1286.5525,15729.784,14443.2315
rennes,1,10000000,1291.9495,15735.183,14443.2335
rennes,1,10000000,1297.0718,15740.082,14443.0102
rennes,1,10000000,1302.1592,15745.434,14443.2748
rennes,1,10000000,1763.52,16206.686,14443.166
rennes,1,10000000,1306.6191,15749.889,14443.2699
rennes,1,10000000,1203.2861,15646.405,14443.118900000001
rennes,1,10000000,1207.6671,15650.814,14443.1469
rennes,1,10000000,1212.8789,15656.008,14443.1291
rennes,1,10000000,1217.699,15660.86,14443.161
rennes,1,10000000,1223.0522,15665.841,14442.7888
rennes,1,10000000,1227.7738,15670.929,14443.155200000001
rennes,1,10000000,1232.806,15675.962,14443.155999999999
rennes,1,10000000,1237.6504,15680.786,14443.1356
rennes,1,10000000,1242.6663,15685.854,14443.187699999999
rennes,1,10000000,1768.5503,16211.744,14443.1937
rennes,1,10000000,1247.4899,15690.636,14443.1461
rennes,1,10000000,1252.2411,15695.383,14443.1419
rennes,1,10000000,1258.0353,15700.781,14442.745700000001
rennes,1,10000000,1262.3157,15705.458,14443.1423
rennes,1,10000000,1267.281,15710.414,14443.133000000002
rennes,1,10000000,1272.0085,15715.158,14443.1495
toulouse,1,10000000,1179.0593,15622.078,14443.0187
toulouse,1,10000000,1183.3363,15625.971,14442.634699999999
toulouse,1,10000000,1187.064,15630.202,14443.137999999999
toulouse,1,10000000,1190.7144,15633.697,14442.9826
rennes,1,10000000,1773.6709,16216.871,14443.200099999998
toulouse,1,10000000,1195.096,15638.067,14442.971
toulouse,1,10000000,1200.1382,15643.1045,14442.9663
toulouse,1,10000000,1204.002,15646.944,14442.942
toulouse,1,10000000,1207.59,15650.593,14443.003
toulouse,1,10000000,1211.3867,15654.373,14442.9863
toulouse,1,10000000,1215.1211,15658.092,14442.9709
toulouse,1,10000000,1218.8196,15661.795,14442.9754
toulouse,1,10000000,1223.0518,15666.059,14443.0072
toulouse,1,10000000,1227.2034,15670.2,14442.9966
toulouse,1,10000000,1231.0138,15674.052,14443.038199999999
nantes,1,10000000,1754.0245,16196.758,14442.7335
rennes,1,10000000,1778.4266,16221.64,14443.213399999999
toulouse,1,10000000,1234.7739,15677.78,14443.0061
nantes,1,10000000,1636.1124,16078.913,14442.8006
nantes,1,10000000,1641.2942,16083.986,14442.6918
nantes,1,10000000,1647.3176,16089.986,14442.6684
nantes,1,10000000,1652.8193,16095.519,14442.699700000001
nantes,1,10000000,1659.7843,16102.613,14442.8287
nantes,1,10000000,1665.2754,16108.0205,14442.7451
nantes,1,10000000,1671.6327,16114.324,14442.6913
nantes,1,10000000,1677.5632,16120.273,14442.709799999999
nantes,1,10000000,1684.002,16126.711,14442.708999999999
nantes,1,10000000,1759.9172,16202.789,14442.8718
nantes,1,10000000,1690.598,16132.824,14442.226
nantes,1,10000000,1695.4857,16138.312,14442.8263
nantes,1,10000000,1702.5797,16144.835,14442.255299999999
nantes,1,10000000,1707.7969,16150.617,14442.8201
nantes,1,10000000,1714.4708,16157.152,14442.681199999999
nantes,1,10000000,1720.2208,16162.954,14442.733199999999
nancy,1,10000000,1737.8235,16181.217,14443.3935
nancy,1,10000000,1741.8342,16185.201,14443.3668
nancy,1,10000000,1746.0393,16189.387,14443.3477
nancy,1,10000000,1750.293,16193.64,14443.347
nantes,1,10000000,1766.5067,16208.742,14442.2353
nancy,1,10000000,1754.369,16197.733,14443.364
nancy,1,10000000,1758.5692,16201.929,14443.3598
nancy,1,10000000,1762.4501,16205.849,14443.3989
nancy,1,10000000,1766.4568,16209.837,14443.3802
nancy,1,10000000,1770.5924,16213.934,14443.3416
nancy,1,10000000,1774.6549,16218.004,14443.349100000001
nancy,1,10000000,1778.634,16222.014,14443.38
nancy,1,10000000,1782.7168,16226.097,14443.3802
nancy,1,10000000,1786.703,16230.082,14443.379
nancy,1,10000000,1790.6344,16233.993,14443.3586
nantes,1,10000000,1771.8989,16214.806,14442.9071
nancy,1,10000000,1794.5074,16237.869,14443.3616
nancy,1,10000000,1734.052,16176.792,14442.74
nancy,1,10000000,1737.9209,16180.652,14442.7311
nancy,1,10000000,1741.8224,16184.593,14442.7706
nancy,1,10000000,1746.2743,16189.001,14442.7267
nancy,1,10000000,1750.148,16192.936,14442.788
nancy,1,10000000,1754.0851,16196.8955,14442.8104
nancy,1,10000000,1757.9934,16200.771,14442.777600000001
nancy,1,10000000,1762.1047,16204.826,14442.7213
nancy,1,10000000,1765.9609,16208.782,14442.8211
nantes,1,10000000,1777.9255,16220.684,14442.7585
nancy,1,10000000,1769.9053,16212.626,14442.7207
nancy,1,10000000,1773.7288,16216.503,14442.7742
nancy,1,10000000,1777.432,16220.209,14442.777
nancy,1,10000000,1781.222,16223.937,14442.715
nancy,1,10000000,1785.3091,16227.985,14442.6759
nancy,1,10000000,1788.8904,16231.735,14442.8446
nancy,1,10000000,1663.3392,16106.386,14443.0468
nancy,1,10000000,1667.0511,16110.105,14443.053899999999
nancy,1,10000000,1671.14,16114.2295,14443.0895
nancy,1,10000000,1675.1578,16118.252,14443.0942
nantes,1,10000000,1784.6364,16227.409,14442.7726
nancy,1,10000000,1679.306,16122.398,14443.091999999999
nancy,1,10000000,1683.2633,16126.335,14443.071699999999
nancy,1,10000000,1687.3762,16130.469,14443.092799999999
nancy,1,10000000,1691.4532,16134.523,14443.0698
nancy,1,10000000,1695.6682,16138.7295,14443.0613
nancy,1,10000000,1699.5165,16142.643,14443.1265
nancy,1,10000000,1703.5365,16146.677,14443.1405
nancy,1,10000000,1707.5614,16150.648,14443.086599999999
nancy,1,10000000,1711.343,16154.435,14443.091999999999
nancy,1,10000000,1715.587,16158.647,14443.060000000001
nantes,1,10000000,1789.8993,16232.742,14442.842700000001
nancy,1,10000000,1719.4703,16162.52,14443.0497
nantes,1,10000000,1496.4602,15939.787,14443.3268
nantes,1,10000000,1502.0991,15945.014,14442.9149
nantes,1,10000000,1507.7405,15951.032,14443.2915
nantes,1,10000000,1514.1506,15957.129,14442.9784
nantes,1,10000000,1519.6106,15962.931,14443.3204
nantes,1,10000000,1525.9657,15969.272,14443.3063
nantes,1,10000000,1531.2905,15974.636,14443.3455
nantes,1,10000000,1537.7942,15981.112,14443.317799999999
nantes,1,10000000,1543.3485,15986.682,14443.3335
nantes,2,10000000,1683.162,15216.954,13533.792
nantes,2,10000000,1738.1437,15271.965,13533.8213
nantes,2,10000000,1557.3661,15091.231,13533.8649
nantes,2,10000000,1563.2412,15096.608,13533.3668
nantes,2,10000000,1569.7212,15103.528,13533.8068
nantes,2,10000000,1575.5657,15109.323,13533.757300000001
nantes,2,10000000,1582.3975,15116.206,13533.8085
nantes,2,10000000,1588.0895,15121.85,13533.7605
nantes,2,10000000,1492.5542,15026.731,13534.1768
nantes,2,10000000,1498.2074,15032.721,13534.5136
nantes,2,10000000,1503.5948,15038.077,13534.482199999999
nantes,2,10000000,1509.9796,15044.451,13534.471399999999
nantes,2,10000000,1743.8838,15277.724,13533.8402
nantes,2,10000000,1515.4474,15049.92,13534.472600000001
nantes,2,10000000,1521.9475,15056.426,13534.4785
nantes,2,10000000,1528.1685,15062.482,13534.3135
nantes,2,10000000,1534.0577,15068.55,13534.4923
nantes,2,10000000,1539.3229,15073.52,13534.197100000001
nantes,2,10000000,1546.258,15080.729,13534.471
nantes,2,10000000,1551.521,15086.029,13534.508
nantes,2,10000000,1558.304,15092.787,13534.483
nantes,2,10000000,1563.9363,15098.406,13534.469700000001
nantes,2,10000000,1571.0626,15105.547,13534.484400000001
nantes,2,10000000,1750.9723,15284.788,13533.815700000001
nantes,2,10000000,1576.2456,15110.809,13534.5634
toulouse,2,10000000,1549.4004,15083.096,13533.6956
toulouse,2,10000000,1553.0541,15086.679,13533.6249
toulouse,2,10000000,1556.9702,15090.589,13533.6188
toulouse,2,10000000,1560.7742,15094.47,13533.6958
toulouse,2,10000000,1564.6272,15098.388,13533.7608
toulouse,2,10000000,1568.7268,15102.461,13533.734199999999
toulouse,2,10000000,1572.4857,15106.184,13533.6983
toulouse,2,10000000,1576.4431,15110.095,13533.651899999999
toulouse,2,10000000,1580.0371,15113.733,13533.6959
nantes,2,10000000,1756.2245,15290.088,13533.8635
toulouse,2,10000000,1584.5624,15118.163,13533.6006
toulouse,2,10000000,1588.6646,15122.299,13533.6344
toulouse,2,10000000,1592.6603,15126.359,13533.6987
toulouse,2,10000000,1596.5629,15130.318,13533.755099999998
toulouse,2,10000000,1600.3119,15134.016,13533.704099999999
toulouse,2,10000000,1605.1674,15138.778,13533.6106
toulouse,2,10000000,1473.0988,15006.779,13533.6802
toulouse,2,10000000,1476.8849,15010.534,13533.649099999999
toulouse,2,10000000,1481.4185,15015.055,13533.6365
toulouse,2,10000000,1485.6677,15019.353,13533.6853
nantes,2,10000000,1763.2699,15297.097,13533.8271
toulouse,2,10000000,1489.4736,15023.173,13533.699400000001
toulouse,2,10000000,1493.2539,15026.998,13533.7441
toulouse,2,10000000,1497.1833,15030.878,13533.6947
toulouse,2,10000000,1501.079,15034.77,13533.691
toulouse,2,10000000,1504.8452,15038.5,13533.6548
toulouse,2,10000000,1508.3389,15042.033,13533.694099999999
toulouse,2,10000000,1512.3202,15046.016,13533.6958
toulouse,2,10000000,1517.734,15051.396,13533.662
toulouse,2,10000000,1521.0243,15054.7,13533.6757
toulouse,2,10000000,1525.504,15059.127,13533.623
nantes,2,10000000,1769.3608,15303.165,13533.8042
toulouse,2,10000000,1529.2969,15063.0205,13533.723600000001
toulouse,2,10000000,1479.5342,15013.158,13533.6238
toulouse,2,10000000,1483.0974,15016.704,13533.6066
toulouse,2,10000000,1487.093,15020.66,13533.567
toulouse,2,10000000,1490.7585,15024.34,13533.5815
toulouse,2,10000000,1494.4489,15028.084,13533.635100000001
toulouse,2,10000000,1498.4672,15031.7295,13533.262299999999
toulouse,2,10000000,1501.9846,15035.624,13533.6394
toulouse,2,10000000,1506.098,15039.7,13533.602
toulouse,2,10000000,1510.1686,15043.435,13533.2664
rennes,2,10000000,1703.6444,15237.563,13533.9186
toulouse,2,10000000,1513.9634,15047.609,13533.6456
toulouse,2,10000000,1517.8203,15051.487,13533.6667
toulouse,2,10000000,1521.7192,15055.416,13533.6968
toulouse,2,10000000,1525.5232,15059.152,13533.6288
toulouse,2,10000000,1529.384,15063.037,13533.653
toulouse,2,10000000,1533.9379,15067.681,13533.7431
nancy,2,10000000,1499.0183,15032.726,13533.7077
nancy,2,10000000,1502.738,15036.39,13533.652
nancy,2,10000000,1506.937,15040.639,13533.702
nancy,2,10000000,1510.9093,15044.61,13533.700700000001
rennes,2,10000000,1707.7631,15241.952,13534.1889
nancy,2,10000000,1514.9,15048.614,13533.714
nancy,2,10000000,1518.8331,15052.605,13533.7719
nancy,2,10000000,1522.9437,15056.632,13533.6883
nancy,2,10000000,1526.8969,15060.596,13533.6991
nancy,2,10000000,1530.8999,15064.547,13533.6471
nancy,2,10000000,1534.9083,15068.62,13533.7117
nancy,2,10000000,1539.138,15072.791,13533.652999999998
nancy,2,10000000,1543.0708,15076.773,13533.7022
nancy,2,10000000,1546.8059,15080.548,13533.742100000001
nancy,2,10000000,1551.2124,15084.914,13533.7016
rennes,2,10000000,1712.5453,15246.705,13534.1597
nancy,2,10000000,1555.1194,15088.863,13533.7436
nantes,2,10000000,1391.1768,14925.698,13534.521200000001
nantes,2,10000000,1396.9501,14931.488,13534.5379
nantes,2,10000000,1402.7603,14937.308,13534.547700000001
nantes,2,10000000,1409.3135,14943.409,13534.0955
nantes,2,10000000,1414.5648,14949.077,13534.5122
nantes,2,10000000,1421.769,14955.889,13534.119999999999
nantes,2,10000000,1427.3231,14961.8125,13534.4894
nantes,2,10000000,1433.0262,14967.482,13534.4558
nantes,2,10000000,1439.3403,14973.824,13534.4837
rennes,2,10000000,1717.6919,15251.893,13534.2011
nantes,2,10000000,1445.1853,14979.728,13534.542699999998
nantes,2,10000000,1450.5226,14985.025,13534.5024
nantes,2,10000000,1456.8009,14991.302,13534.5011
nantes,2,10000000,1462.5962,14997.105,13534.5088
nantes,2,10000000,1468.6576,15003.139,13534.481399999999
nantes,2,10000000,1474.3074,15008.772,13534.464600000001
rennes,2,10000000,1288.252,14822.093,13533.841
rennes,2,10000000,1292.9783,14826.829,13533.850699999999
rennes,2,10000000,1297.9985,14831.848,13533.8495
rennes,2,10000000,1302.7916,14836.652,13533.8604
nantes,2,10000000,1688.911,15222.68,13533.769
rennes,2,10000000,1722.9781,15257.159,13534.1809
rennes,2,10000000,1307.8408,14841.368,13533.5272
rennes,2,10000000,1312.107,14845.984,13533.877
rennes,2,10000000,1317.5919,14858.742,13541.1501
rennes,2,10000000,1322.1819,14863.423,13541.241100000001
rennes,2,10000000,1327.0363,14868.541,13541.5047
rennes,2,10000000,1332.1168,14873.328,13541.2112
rennes,2,10000000,1337.3763,14878.614,13541.2377
rennes,2,10000000,1342.2179,14883.762,13541.544100000001
rennes,2,10000000,1347.2528,14888.65,13541.3972
rennes,2,10000000,1352.6354,14894.575,13541.939600000002
rennes,2,10000000,1728.4551,15262.399,13533.9439
rennes,2,10000000,1357.4993,14898.744,13541.244700000001
toulouse,2,10000000,1359.3761,14893.058,13533.681900000001
toulouse,2,10000000,1362.8209,14896.545,13533.7241
toulouse,2,10000000,1366.9792,14900.659,13533.6798
toulouse,2,10000000,1370.8184,14904.571,13533.7526
toulouse,2,10000000,1374.7709,14908.456,13533.6851
toulouse,2,10000000,1378.7552,14912.439,13533.6838
toulouse,2,10000000,1382.6587,14916.341,13533.6823
toulouse,2,10000000,1386.3953,14920.105,13533.7097
toulouse,2,10000000,1390.2356,14923.945,13533.7094
rennes,2,10000000,1733.3112,15267.464,13534.1528
toulouse,2,10000000,1393.8585,14927.541,13533.682499999999
toulouse,2,10000000,1397.919,14931.631,13533.712
toulouse,2,10000000,1401.7418,14935.462,13533.7202
toulouse,2,10000000,1405.675,14939.387,13533.712000000001
toulouse,2,10000000,1409.544,14943.228,13533.684
toulouse,2,10000000,1413.8091,14947.52,13533.7109
nancy,2,10000000,1388.299,14922.14,13533.841
nancy,2,10000000,1391.9355,14925.774,13533.8385
nancy,2,10000000,1395.926,14929.804,13533.878
nancy,2,10000000,1400.0051,14933.941,13533.9359
rennes,2,10000000,1738.3789,15272.389,13534.0101
nancy,2,10000000,1404.083,14937.961,13533.877999999999
nancy,2,10000000,1408.1185,14941.953,13533.834499999999
nancy,2,10000000,1411.8915,14945.765,13533.8735
nancy,2,10000000,1415.9532,14949.8,13533.8468
nancy,2,10000000,1420.0265,14953.924,13533.897500000001
nancy,2,10000000,1423.8973,14957.824,13533.9267
nancy,2,10000000,1428.11,14961.951,13533.840999999999
nancy,2,10000000,1431.7755,14965.645,13533.8695
nancy,2,10000000,1435.5494,14969.42,13533.8706
nancy,2,10000000,1439.4614,14973.352,13533.8906
rennes,2,10000000,1743.4004,15277.286,13533.8856
nancy,2,10000000,1443.0299,14976.859,13533.8291
rennes,2,10000000,1266.0034,14800.108,13534.1046
rennes,2,10000000,1271.031,14805.118,13534.087
rennes,2,10000000,1276.4243,14810.224,13533.7997
rennes,2,10000000,1280.6357,14814.739,13534.103299999999
rennes,2,10000000,1286.1306,14820.211,13534.080399999999
rennes,2,10000000,1290.9978,14825.135,13534.137200000001
rennes,2,10000000,1295.9299,14830.035,13534.1051
rennes,2,10000000,1301.066,14834.792,13533.725999999999
rennes,2,10000000,1305.658,14839.718,13534.060000000001
rennes,2,10000000,1747.884,15281.998,13534.114
rennes,2,10000000,1310.7405,14844.836,13534.0955
rennes,2,10000000,1315.497,14849.551,13534.054
rennes,2,10000000,1320.2333,14854.36,13534.1267
rennes,2,10000000,1325.0198,14859.119,13534.0992
rennes,2,10000000,1330.4584,14864.645,13534.1866
rennes,2,10000000,1335.3741,14869.128,13533.7539
rennes,2,10000000,1245.1177,14778.281,13533.1633
rennes,2,10000000,1249.0264,14782.69,13533.6636
rennes,2,10000000,1254.2197,14787.884,13533.6643
rennes,2,10000000,1259.5204,14793.221,13533.7006
rennes,2,10000000,1752.9719,15286.825,13533.8531
rennes,2,10000000,1264.458,14798.175,13533.716999999999
rennes,2,10000000,1269.6161,14802.911,13533.2949
rennes,2,10000000,1274.3861,14808.016,13533.6299
rennes,2,10000000,1279.5708,14812.778,13533.2072
rennes,2,10000000,1283.9459,14817.589,13533.6431
rennes,2,10000000,1288.6481,14822.367,13533.7189
rennes,2,10000000,1293.6342,14827.305,13533.6708
rennes,2,10000000,1298.6512,14832.321,13533.6698
rennes,2,10000000,1302.9927,14836.651,13533.6583
rennes,2,10000000,1308.6958,14842.359,13533.6632
rennes,2,10000000,1757.5741,15291.765,13534.1909
rennes,2,10000000,1313.9088,14847.854,13533.9452
rennes,2,10000000,1198.7474,14733.0205,13534.2731
rennes,2,10000000,1203.128,14737.433,13534.305
rennes,2,10000000,1208.2778,14743.114,13534.8362
rennes,2,10000000,1213.077,14747.37,13534.293000000001
rennes,2,10000000,1218.5684,14752.53,13533.9616
rennes,2,10000000,1222.8246,14757.1455,13534.3209
rennes,2,10000000,1228.2681,14762.161,13533.8929
rennes,2,10000000,1232.5591,14766.852,13534.2929
rennes,2,10000000,1237.8883,14771.862,13533.973699999999
rennes,2,10000000,1762.5428,15296.668,13534.1252
rennes,2,10000000,1242.4706,14776.794,13534.3234
rennes,2,10000000,1247.452,14781.779,13534.327000000001
rennes,2,10000000,1252.4874,14786.792,13534.3046
rennes,2,10000000,1257.3392,14791.667,13534.3278
rennes,2,10000000,1262.8378,14797.151,13534.3132
rennes,2,10000000,1267.4011,14801.342,13533.940900000001
toulouse,2,10000000,1176.508,14710.434,13533.926
toulouse,2,10000000,1180.011,14713.748,13533.737
toulouse,2,10000000,1184.9324,14718.81,13533.8776
toulouse,2,10000000,1188.6478,14722.571,13533.9232
rennes,2,10000000,1767.4293,15301.594,13534.1647
toulouse,2,10000000,1192.4883,14726.425,13533.936699999998
toulouse,2,10000000,1196.2555,14730.193,13533.9375
toulouse,2,10000000,1199.8292,14733.7295,13533.9003
toulouse,2,10000000,1203.8696,14737.606,13533.7364
toulouse,2,10000000,1207.7428,14741.687,13533.9442
toulouse,2,10000000,1211.5916,14745.503,13533.9114
toulouse,2,10000000,1215.5494,14749.464,13533.9146
toulouse,2,10000000,1219.2375,14753.16,13533.9225
toulouse,2,10000000,1222.8553,14756.787,13533.931700000001
toulouse,2,10000000,1226.5822,14760.516,13533.933799999999
nantes,2,10000000,1694.7441,15228.331,13533.5869
rennes,2,10000000,1772.1572,15306.291,13534.1338
toulouse,2,10000000,1230.9205,14764.821,13533.9005
nantes,2,10000000,1669.8464,15204.079,13534.2326
nantes,2,10000000,1673.9242,15208.561,13534.6368
nantes,2,10000000,1680.4559,15215.158,13534.702099999999
nantes,2,10000000,1686.7043,15221.379,13534.674700000001
nantes,2,10000000,1692.8606,15227.56,13534.6994
nantes,2,10000000,1698.6816,15233.374,13534.6924
nantes,2,10000000,1705.3802,15240.021,13534.640800000001
nantes,2,10000000,1710.8092,15245.47,13534.6608
nantes,2,10000000,1716.9182,15251.615,13534.6968
nantes,2,10000000,1701.1458,15235.078,13533.9322
nantes,2,10000000,1723.468,15258.145,13534.677
nantes,2,10000000,1728.6959,15263.472,13534.7761
nantes,2,10000000,1735.7213,15270.373,13534.6517
nantes,2,10000000,1741.2238,15275.913,13534.6892
nantes,2,10000000,1747.9441,15282.595,13534.650899999999
nantes,2,10000000,1754.1862,15288.57,13534.3838
nancy,2,10000000,1754.9438,15288.8545,13533.9107
nancy,2,10000000,1758.9349,15292.747,13533.8121
nancy,2,10000000,1763.06,15296.914,13533.854000000001
nancy,2,10000000,1767.0568,15300.912,13533.8552
nantes,2,10000000,1706.9349,15240.787,13533.8521
nancy,2,10000000,1771.0807,15304.93,13533.8493
nancy,2,10000000,1775.1669,15309.079,13533.9121
nancy,2,10000000,1779.2574,15313.208,13533.9506
nancy,2,10000000,1783.278,15317.187,13533.909
nancy,2,10000000,1787.3748,15321.235,13533.860200000001
nancy,2,10000000,1791.3828,15325.236,13533.853200000001
nancy,2,10000000,1795.2769,15329.19,13533.9131
nancy,2,10000000,1799.0598,15332.973,13533.913199999999
nancy,2,10000000,1803.1086,15337.017,13533.9084
nancy,2,10000000,1806.9537,15340.901,13533.9473
nantes,2,10000000,1713.1586,15247.024,13533.865399999999
nancy,2,10000000,1810.7383,15344.706,13533.967700000001
nancy,2,10000000,1711.3512,15245.219,13533.8678
nancy,2,10000000,1715.0536,15248.881,13533.8274
nancy,2,10000000,1719.1974,15253.056,13533.8586
nancy,2,10000000,1723.2924,15257.166,13533.873599999999
nancy,2,10000000,1727.0956,15260.972,13533.8764
nancy,2,10000000,1731.312,15265.142,13533.83
nancy,2,10000000,1735.1497,15269.016,13533.8663
nancy,2,10000000,1739.2916,15273.12,13533.8284
nancy,2,10000000,1743.0682,15276.975,13533.9068
nantes,2,10000000,1719.5487,15253.37,13533.821300000001
nancy,2,10000000,1747.0989,15280.925,13533.826099999998
nancy,2,10000000,1751.1705,15285.037,13533.8665
nancy,2,10000000,1755.3976,15289.26,13533.8624
nancy,2,10000000,1759.3141,15293.143,13533.8289
nancy,2,10000000,1762.9994,15296.839,13533.8396
nancy,2,10000000,1766.8365,15300.701,13533.8645
nancy,2,10000000,1689.5127,15223.13,13533.6173
nancy,2,10000000,1693.2664,15226.958,13533.6916
nancy,2,10000000,1697.0753,15230.778,13533.7027
nancy,2,10000000,1701.5118,15235.17,13533.6582
nantes,2,10000000,1725.4744,15258.729,13533.2546
nancy,2,10000000,1705.5673,15239.216,13533.6487
nancy,2,10000000,1709.566,15243.178,13533.612
nancy,2,10000000,1713.5408,15247.187,13533.6462
nancy,2,10000000,1717.488,15251.11,13533.622000000001
nancy,2,10000000,1721.617,15255.175,13533.557999999999
nancy,2,10000000,1725.4918,15259.185,13533.6932
nancy,2,10000000,1729.6877,15263.305,13533.6173
nancy,2,10000000,1733.7622,15267.406,13533.643800000002
nancy,2,10000000,1737.7825,15271.431,13533.648500000001
nancy,2,10000000,1742.0841,15275.63,13533.5459
nantes,2,10000000,1731.3373,15265.197,13533.8597
nancy,2,10000000,1746.1671,15279.783,13533.615899999999
nantes,2,10000000,1502.8622,15036.657,13533.7948
nantes,2,10000000,1508.9955,15042.316,13533.320500000002
nantes,2,10000000,1514.4108,15048.206,13533.7952
nantes,2,10000000,1521.1146,15054.906,13533.7914
nantes,2,10000000,1526.3894,15060.162,13533.7726
nantes,2,10000000,1532.4838,15066.265,13533.7812
nantes,2,10000000,1539.1025,15072.932,13533.8295
nantes,2,10000000,1544.6251,15078.378,13533.752900000001
nantes,2,10000000,1550.558,15084.354,13533.795999999998
nantes,3,10000000,1849.0608,15627.83,13778.7692
nantes,3,10000000,1902.3141,15681.059,13778.7449
nantes,3,10000000,1707.05,15485.9,13778.85
nantes,3,10000000,1713.8494,15492.597,13778.747599999999
nantes,3,10000000,1720.3615,15499.229,13778.8675
nantes,3,10000000,1726.0535,15504.825,13778.7715
nantes,3,10000000,1732.6204,15511.426,13778.8056
nantes,3,10000000,1739.0781,15517.875,13778.7969
nantes,3,10000000,1652.7512,15431.587,13778.835799999999
nantes,3,10000000,1658.2019,15436.983,13778.7811
nantes,3,10000000,1664.5591,15443.45,13778.8909
nantes,3,10000000,1670.2921,15449.09,13778.7979
nantes,3,10000000,1907.4512,15686.27,13778.818800000001
nantes,3,10000000,1676.6833,15455.151,13778.4677
nantes,3,10000000,1682.4305,15461.265,13778.834499999999
nantes,3,10000000,1688.5004,15467.306,13778.8056
nantes,3,10000000,1694.3575,15473.218,13778.8605
nantes,3,10000000,1699.9774,15478.658,13778.6806
nantes,3,10000000,1706.2635,15485.083,13778.819500000001
nantes,3,10000000,1712.0055,15490.849,13778.8435
nantes,3,10000000,1719.0022,15497.866,13778.8638
nantes,3,10000000,1724.6909,15503.559,13778.8681
nantes,3,10000000,1731.2336,15510.053,13778.8194
nantes,3,10000000,1914.4437,15693.139,13778.6953
nantes,3,10000000,1736.5787,15515.371,13778.7923
toulouse,3,10000000,1702.9973,15481.936,13778.938699999999
toulouse,3,10000000,1707.0598,15485.964,13778.9042
toulouse,3,10000000,1710.9353,15489.873,13778.937699999999
toulouse,3,10000000,1715.1562,15494.096,13778.9398
toulouse,3,10000000,1718.8662,15497.806,13778.9398
toulouse,3,10000000,1722.8534,15501.789,13778.9356
toulouse,3,10000000,1726.8292,15505.736,13778.9068
toulouse,3,10000000,1731.4451,15510.378,13778.9329
toulouse,3,10000000,1735.2113,15514.14,13778.9287
nantes,3,10000000,1920.0334,15698.862,13778.828599999999
toulouse,3,10000000,1739.0256,15517.921,13778.895400000001
toulouse,3,10000000,1742.9622,15521.841,13778.8788
toulouse,3,10000000,1746.9894,15525.923,13778.9336
toulouse,3,10000000,1750.9922,15529.926,13778.933799999999
toulouse,3,10000000,1754.756,15533.653,13778.897
toulouse,3,10000000,1758.7811,15537.712,13778.9309
toulouse,3,10000000,1698.2422,15477.156,13778.9138
toulouse,3,10000000,1702.1847,15481.018,13778.8333
toulouse,3,10000000,1705.9539,15484.82,13778.8661
toulouse,3,10000000,1710.647,15489.507,13778.86
nantes,3,10000000,1926.7393,15705.462,13778.7227
toulouse,3,10000000,1714.6489,15493.494,13778.8451
toulouse,3,10000000,1718.688,15497.1875,13778.4995
toulouse,3,10000000,1721.9822,15500.809,13778.826799999999
toulouse,3,10000000,1725.9882,15504.51,13778.5218
toulouse,3,10000000,1729.7152,15508.601,13778.8858
toulouse,3,10000000,1734.0226,15512.798,13778.7754
toulouse,3,10000000,1737.7382,15516.568,13778.8298
toulouse,3,10000000,1741.6147,15520.438,13778.8233
toulouse,3,10000000,1746.1985,15525.059,13778.860499999999
toulouse,3,10000000,1751.4513,15530.174,13778.7227
nantes,3,10000000,1932.9517,15711.766,13778.8143
toulouse,3,10000000,1755.2655,15534.063,13778.7975
toulouse,3,10000000,1647.3861,15426.259,13778.8729
toulouse,3,10000000,1650.989,15429.88,13778.891
toulouse,3,10000000,1654.8257,15433.628,13778.802300000001
toulouse,3,10000000,1658.5396,15437.381,13778.8414
toulouse,3,10000000,1662.0651,15440.905,13778.8399
toulouse,3,10000000,1666.513,15445.018,13778.505000000001
toulouse,3,10000000,1669.8439,15448.744,13778.9001
toulouse,3,10000000,1673.7391,15452.569,13778.829899999999
toulouse,3,10000000,1677.8597,15456.337,13778.477299999999
rennes,3,10000000,1879.8501,15658.703,13778.8529
toulouse,3,10000000,1681.2804,15460.187,13778.9066
toulouse,3,10000000,1685.0426,15463.924,13778.8814
toulouse,3,10000000,1688.7897,15467.671,13778.881300000001
toulouse,3,10000000,1692.6539,15471.526,13778.8721
toulouse,3,10000000,1696.6489,15475.487,13778.838099999999
toulouse,3,10000000,1700.5299,15479.375,13778.8451
nancy,3,10000000,1652.946,15431.944,13778.998
nancy,3,10000000,1656.5354,15435.549,13779.0136
nancy,3,10000000,1660.912,15439.871,13778.958999999999
nancy,3,10000000,1664.8071,15443.843,13779.0359
rennes,3,10000000,1885.5469,15663.8955,13778.348600000001
nancy,3,10000000,1668.8037,15447.761,13778.9573
nancy,3,10000000,1673.0792,15452.117,13779.0378
nancy,3,10000000,1677.1082,15456.044,13778.9358
nancy,3,10000000,1681.2303,15460.2295,13778.9992
nancy,3,10000000,1685.7646,15464.17,13778.4054
nancy,3,10000000,1689.4211,15468.373,13778.9519
nancy,3,10000000,1693.6157,15472.591,13778.9753
nancy,3,10000000,1697.7001,15476.7,13778.9999
nancy,3,10000000,1701.6832,15480.608,13778.9248
nancy,3,10000000,1705.735,15484.731,13778.996
rennes,3,10000000,1890.3376,15668.739,13778.401399999999
nancy,3,10000000,1710.056,15489.0,13778.944
nantes,3,10000000,1503.6802,15282.487,13778.806799999998
nantes,3,10000000,1509.7311,15288.553,13778.821899999999
nantes,3,10000000,1515.3553,15293.814,13778.458700000001
nantes,3,10000000,1522.2311,15300.944,13778.712899999999
nantes,3,10000000,1527.4811,15306.232,13778.7509
nantes,3,10000000,1533.891,15312.636,13778.745
nantes,3,10000000,1539.2689,15318.056,13778.787100000001
nantes,3,10000000,1546.6945,15325.05,13778.3555
nantes,3,10000000,1552.4014,15330.814,13778.4126
rennes,3,10000000,1894.4188,15673.29,13778.871200000001
nantes,3,10000000,1557.5001,15336.326,13778.8259
nantes,3,10000000,1564.8431,15343.616,13778.7729
nantes,3,10000000,1571.1256,15353.509,13782.3834
nantes,3,10000000,1576.4938,15355.3,13778.806199999999
nantes,3,10000000,1583.3751,15362.154,13778.778900000001
nantes,3,10000000,1589.1115,15367.869,13778.7575
rennes,3,10000000,1509.8594,15288.729,13778.8696
rennes,3,10000000,1515.1007,15293.609,13778.508300000001
rennes,3,10000000,1520.1991,15298.632,13778.4329
rennes,3,10000000,1524.5631,15303.466,13778.902900000001
nantes,3,10000000,1855.1512,15633.85,13778.6988
rennes,3,10000000,1899.3392,15678.217,13778.8778
rennes,3,10000000,1529.5923,15308.095,13778.5027
rennes,3,10000000,1534.2433,15313.16,13778.9167
rennes,3,10000000,1539.5028,15318.39,13778.8872
rennes,3,10000000,1544.19,15323.087,13778.896999999999
rennes,3,10000000,1549.0288,15327.873,13778.8442
rennes,3,10000000,1554.1969,15333.045,13778.8481
rennes,3,10000000,1558.9915,15337.893,13778.9015
rennes,3,10000000,1564.0989,15342.825,13778.7261
rennes,3,10000000,1569.094,15348.007,13778.913
rennes,3,10000000,1574.4285,15352.857,13778.4285
rennes,3,10000000,1904.5212,15683.384,13778.8628
rennes,3,10000000,1578.7743,15357.619,13778.844700000001
toulouse,3,10000000,1513.401,15292.383,13778.982
toulouse,3,10000000,1517.3893,15296.361,13778.9717
toulouse,3,10000000,1521.1139,15300.071,13778.9571
toulouse,3,10000000,1525.5342,15304.517,13778.9828
toulouse,3,10000000,1529.6753,15308.654,13778.9787
toulouse,3,10000000,1533.6543,15312.594,13778.939699999999
toulouse,3,10000000,1537.7588,15316.745,13778.986200000001
toulouse,3,10000000,1541.4135,15320.396,13778.9825
toulouse,3,10000000,1547.0383,15326.04,13779.0017
rennes,3,10000000,1909.4785,15688.358,13778.879500000001
toulouse,3,10000000,1551.6394,15330.557,13778.9176
toulouse,3,10000000,1555.3301,15334.37,13779.039900000002
toulouse,3,10000000,1559.7299,15338.688,13778.9581
toulouse,3,10000000,1563.8438,15342.817,13778.973199999999
toulouse,3,10000000,1567.673,15346.626,13778.953
toulouse,3,10000000,1571.4249,15350.392,13778.9671
nancy,3,10000000,1541.649,15320.56,13778.911
nancy,3,10000000,1545.4697,15324.403,13778.9333
nancy,3,10000000,1549.701,15328.609,13778.908
nancy,3,10000000,1553.7227,15332.606,13778.8833
rennes,3,10000000,1914.6155,15692.941,13778.3255
nancy,3,10000000,1557.9884,15336.92,13778.9316
nancy,3,10000000,1562.2006,15341.093,13778.8924
nancy,3,10000000,1566.1283,15345.029,13778.9007
nancy,3,10000000,1570.3164,15349.185,13778.8686
nancy,3,10000000,1574.1935,15353.123,13778.9295
nancy,3,10000000,1578.2653,15357.188,13778.9227
nancy,3,10000000,1582.4258,15361.382,13778.9562
nancy,3,10000000,1586.6416,15365.552,13778.9104
nancy,3,10000000,1590.7101,15369.621,13778.910899999999
nancy,3,10000000,1594.7097,15373.622,13778.9123
rennes,3,10000000,1918.7775,15697.676,13778.8985
nancy,3,10000000,1599.0828,15377.977,13778.8942
rennes,3,10000000,1423.8865,15202.786,13778.8995
rennes,3,10000000,1428.5581,15207.426,13778.8679
rennes,3,10000000,1434.2524,15212.61,13778.357600000001
rennes,3,10000000,1438.4281,15217.346,13778.9179
rennes,3,10000000,1443.4442,15222.283,13778.8388
rennes,3,10000000,1448.6731,15227.015,13778.3419
rennes,3,10000000,1453.0645,15231.926,13778.861499999999
rennes,3,10000000,1458.0012,15236.942,13778.940799999998
rennes,3,10000000,1462.7283,15241.605,13778.876699999999
rennes,3,10000000,1923.7649,15702.61,13778.8451
rennes,3,10000000,1468.0964,15246.947,13778.8506
rennes,3,10000000,1473.1105,15251.594,13778.483499999998
rennes,3,10000000,1477.5519,15256.487,13778.935099999999
rennes,3,10000000,1482.274,15261.212,13778.938
rennes,3,10000000,1487.5183,15266.448,13778.9297
rennes,3,10000000,1492.7051,15271.627,13778.921900000001
rennes,3,10000000,1414.0743,15192.56,13778.4857
rennes,3,10000000,1418.9568,15197.377,13778.4202
rennes,3,10000000,1423.2521,15202.145,13778.8929
rennes,3,10000000,1428.5394,15206.975,13778.4356
rennes,3,10000000,1928.4895,15707.386,13778.8965
rennes,3,10000000,1433.0648,15211.91,13778.8452
rennes,3,10000000,1437.8738,15216.72,13778.8462
rennes,3,10000000,1442.6233,15221.518,13778.8947
rennes,3,10000000,1447.8379,15226.708,13778.8701
rennes,3,10000000,1453.0782,15231.907,13778.8288
rennes,3,10000000,1457.7449,15236.596,13778.8511
rennes,3,10000000,1462.8408,15241.683,13778.842200000001
rennes,3,10000000,1467.9337,15246.794,13778.8603
rennes,3,10000000,1473.6466,15252.118,13778.4714
rennes,3,10000000,1478.5297,15257.362,13778.832299999998
rennes,3,10000000,1933.6482,15712.541,13778.8928
rennes,3,10000000,1483.3162,15262.153,13778.836800000001
rennes,3,10000000,1385.7277,15164.179,13778.4513
rennes,3,10000000,1390.5657,15168.977,13778.4113
rennes,3,10000000,1395.3716,15173.737,13778.365399999999
rennes,3,10000000,1399.665,15178.558,13778.893
rennes,3,10000000,1405.1497,15184.021,13778.8713
rennes,3,10000000,1409.8445,15188.724,13778.879500000001
rennes,3,10000000,1414.8326,15193.7,13778.867400000001
rennes,3,10000000,1419.9926,15198.865,13778.8724
rennes,3,10000000,1425.2207,15203.638,13778.417300000001
rennes,3,10000000,1938.3198,15717.591,13779.271200000001
rennes,3,10000000,1429.4359,15208.323,13778.8871
rennes,3,10000000,1433.6902,15212.605,13778.914799999999
rennes,3,10000000,1439.7291,15218.571,13778.8419
rennes,3,10000000,1444.5776,15223.425,13778.847399999999
rennes,3,10000000,1449.6124,15228.493,13778.8806
rennes,3,10000000,1454.3326,15233.2295,13778.8969
toulouse,3,10000000,1344.9623,15123.914,13778.951700000001
toulouse,3,10000000,1348.9517,15127.815,13778.8633
toulouse,3,10000000,1352.64,15131.599,13778.959
toulouse,3,10000000,1356.7119,15135.67,13778.9581
rennes,3,10000000,1943.6093,15722.48,13778.8707
toulouse,3,10000000,1360.7068,15139.666,13778.9592
toulouse,3,10000000,1364.8955,15143.849,13778.9535
toulouse,3,10000000,1368.6888,15147.671,13778.9822
toulouse,3,10000000,1372.5908,15151.54,13778.949200000001
toulouse,3,10000000,1376.1201,15155.051,13778.9309
toulouse,3,10000000,1379.8728,15158.826,13778.9532
toulouse,3,10000000,1383.6489,15162.642,13778.9931
toulouse,3,10000000,1387.5199,15166.49,13778.9701
toulouse,3,10000000,1391.4465,15170.401,13778.9545
toulouse,3,10000000,1395.5048,15174.44,13778.9352
nantes,3,10000000,1861.3934,15639.64,13778.246599999999
rennes,3,10000000,1948.406,15727.283,13778.877
toulouse,3,10000000,1399.7802,15178.746,13778.9658
nantes,3,10000000,1785.1218,15563.575,13778.4532
nantes,3,10000000,1790.5896,15569.409,13778.8194
nantes,3,10000000,1797.3696,15576.187,13778.8174
nantes,3,10000000,1803.1285,15581.93,13778.8015
nantes,3,10000000,1809.5338,15588.358,13778.824200000001
nantes,3,10000000,1814.9847,15593.537,13778.5523
nantes,3,10000000,1821.3284,15600.142,13778.8136
nantes,3,10000000,1826.9791,15605.804,13778.8249
nantes,3,10000000,1833.693,15612.224,13778.531
nantes,3,10000000,1866.2397,15645.0625,13778.8228
nantes,3,10000000,1839.2661,15618.053,13778.7869
nantes,3,10000000,1846.0048,15624.86,13778.8552
nantes,3,10000000,1851.9392,15630.705,13778.7658
nantes,3,10000000,1858.8903,15637.734,13778.843700000001
nantes,3,10000000,1865.3037,15645.596,13780.2923
nantes,3,10000000,1870.9366,15649.713,13778.776399999999
nancy,3,10000000,1868.5245,15647.487,13778.9625
nancy,3,10000000,1872.4792,15651.44,13778.9608
nancy,3,10000000,1876.6304,15655.551,13778.9206
nancy,3,10000000,1880.6617,15659.574,13778.9123
nantes,3,10000000,1872.8029,15651.605,13778.802099999999
nancy,3,10000000,1884.7594,15663.673,13778.9136
nancy,3,10000000,1889.2207,15667.773,13778.5523
nancy,3,10000000,1892.8998,15671.813,13778.9132
nancy,3,10000000,1896.6243,15675.573,13778.9487
nancy,3,10000000,1900.8873,15679.883,13778.9957
nancy,3,10000000,1905.024,15683.982,13778.958
nancy,3,10000000,1908.8876,15687.881,13778.9934
nancy,3,10000000,1912.7432,15691.713,13778.969799999999
nancy,3,10000000,1916.7229,15695.681,13778.9581
nancy,3,10000000,1920.8412,15699.749,13778.907799999999
nantes,3,10000000,1878.2926,15657.099,13778.8064
nancy,3,10000000,1924.7374,15703.671,13778.9336
nancy,3,10000000,1845.2496,15624.149,13778.899399999998
nancy,3,10000000,1849.1616,15628.091,13778.9294
nancy,3,10000000,1853.1844,15632.132,13778.9476
nancy,3,10000000,1857.4885,15636.43,13778.9415
nancy,3,10000000,1861.4122,15640.3545,13778.942299999999
nancy,3,10000000,1865.1423,15644.045,13778.9027
nancy,3,10000000,1869.0093,15647.952,13778.9427
nancy,3,10000000,1872.9778,15651.88,13778.902199999999
nancy,3,10000000,1877.0072,15655.951,13778.9438
nantes,3,10000000,1884.8109,15663.59,13778.7791
nancy,3,10000000,1881.1581,15660.076,13778.917899999999
nancy,3,10000000,1885.014,15663.976,13778.962000000001
nancy,3,10000000,1889.0626,15668.01,13778.947400000001
nancy,3,10000000,1893.3593,15672.256,13778.8967
nancy,3,10000000,1897.122,15676.106,13778.984
nancy,3,10000000,1901.1083,15680.052,13778.9437
nancy,3,10000000,1832.946,15611.857,13778.911
nancy,3,10000000,1836.883,15615.668,13778.785
nancy,3,10000000,1840.7671,15619.672,13778.904900000001
nancy,3,10000000,1845.0397,15623.945,13778.9053
nantes,3,10000000,1890.1924,15668.961,13778.7686
nancy,3,10000000,1848.9955,15628.0,13779.0045
nancy,3,10000000,1853.1854,15632.012,13778.8266
nancy,3,10000000,1857.3771,15635.897,13778.519900000001
nancy,3,10000000,1861.1112,15640.018,13778.9068
nancy,3,10000000,1865.1036,15643.888,13778.7844
nancy,3,10000000,1868.8545,15647.79,13778.935500000001
nancy,3,10000000,1873.0869,15651.985,13778.8981
nancy,3,10000000,1877.3081,15656.25,13778.9419
nancy,3,10000000,1881.2999,15660.204,13778.9041
nancy,3,10000000,1885.4674,15664.333,13778.865600000001
nantes,3,10000000,1897.1765,15675.463,13778.2865
nancy,3,10000000,1889.7555,15668.621,13778.8655
nantes,3,10000000,1653.44,15432.204,13778.764
nantes,3,10000000,1659.0786,15437.931,13778.8524
nantes,3,10000000,1664.8595,15443.63,13778.770499999999
nantes,3,10000000,1670.955,15449.812,13778.857
nantes,3,10000000,1677.2104,15455.5205,13778.3101
nantes,3,10000000,1682.6194,15461.382,13778.7626
nantes,3,10000000,1688.4501,15467.277,13778.8269
nantes,3,10000000,1694.9749,15473.826,13778.8511
nantes,3,10000000,1701.0039,15479.78,13778.776100000001
nantes,4,10000000,1820.1232,22343.904,20523.7808
nantes,4,10000000,1873.549,22397.404,20523.855
nantes,4,10000000,1657.3392,22181.512,20524.1728
nantes,4,10000000,1663.1237,22187.209,20524.0853
nantes,4,10000000,1670.6631,22194.268,20523.6049
nantes,4,10000000,1676.4246,22200.049,20523.6244
nantes,4,10000000,1682.5581,22206.639,20524.0809
nantes,4,10000000,1688.6635,22212.76,20524.0965
nantes,4,10000000,1566.6227,22090.008,20523.3853
nantes,4,10000000,1572.9305,22096.248,20523.3175
nantes,4,10000000,1578.1237,22101.9,20523.7763
nantes,4,10000000,1584.626,22108.453,20523.827
nantes,4,10000000,1880.246,22404.098,20523.852000000003
nantes,4,10000000,1591.173,22114.568,20523.395
nantes,4,10000000,1596.5302,22120.346,20523.8158
nantes,4,10000000,1602.2031,22126.018,20523.8149
nantes,4,10000000,1609.0197,22132.805,20523.7853
nantes,4,10000000,1614.7124,22138.459,20523.7466
nantes,4,10000000,1620.8231,22144.61,20523.7869
nantes,4,10000000,1626.4958,22150.305,20523.8092
nantes,4,10000000,1633.3328,22157.133,20523.8002
nantes,4,10000000,1638.7231,22162.494,20523.7709
nantes,4,10000000,1644.8949,22168.705,20523.810100000002
nantes,4,10000000,1885.9348,22409.76,20523.8252
nantes,4,10000000,1651.1188,22174.924,20523.8052
toulouse,4,10000000,1570.6407,22094.264,20523.6233
toulouse,4,10000000,1574.7443,22098.352,20523.6077
toulouse,4,10000000,1578.4631,22102.072,20523.6089
toulouse,4,10000000,1582.7764,22106.404,20523.6276
toulouse,4,10000000,1586.5833,22110.71,20524.1267
toulouse,4,10000000,1590.0614,22113.65,20523.588600000003
toulouse,4,10000000,1594.8293,22118.443,20523.613699999998
toulouse,4,10000000,1599.7192,22123.344,20523.6248
toulouse,4,10000000,1603.3427,22126.965,20523.6223
nantes,4,10000000,1892.503,22416.48,20523.977
toulouse,4,10000000,1607.5234,22131.125,20523.6016
toulouse,4,10000000,1611.1793,22134.771,20523.5917
toulouse,4,10000000,1616.5005,22140.139,20523.6385
toulouse,4,10000000,1620.7843,22144.396,20523.6117
toulouse,4,10000000,1624.1638,22147.8,20523.6362
toulouse,4,10000000,1629.5802,22153.188,20523.607799999998
toulouse,4,10000000,1562.1313,22085.352,20523.220699999998
toulouse,4,10000000,1566.295,22089.504,20523.209000000003
toulouse,4,10000000,1570.073,22093.293,20523.22
toulouse,4,10000000,1575.0952,22098.295,20523.1998
nantes,4,10000000,1898.8068,22422.648,20523.841200000003
toulouse,4,10000000,1579.0305,22102.248,20523.2175
toulouse,4,10000000,1583.2739,22106.477,20523.2031
toulouse,4,10000000,1587.8931,22111.115,20523.2219
toulouse,4,10000000,1592.9628,22116.197,20523.2342
toulouse,4,10000000,1597.2188,22120.445,20523.2262
toulouse,4,10000000,1600.6433,22123.857,20523.2137
toulouse,4,10000000,1605.8707,22129.086,20523.2153
toulouse,4,10000000,1611.1425,22134.375,20523.2325
toulouse,4,10000000,1615.4778,22138.71,20523.2322
toulouse,4,10000000,1619.4591,22142.666,20523.2069
nantes,4,10000000,1904.5743,22428.535,20523.9607
toulouse,4,10000000,1622.8245,22146.031,20523.2065
toulouse,4,10000000,1512.7797,22036.334,20523.5543
toulouse,4,10000000,1516.7926,22040.375,20523.5824
toulouse,4,10000000,1520.7775,22044.299,20523.5215
toulouse,4,10000000,1525.2896,22048.84,20523.5504
toulouse,4,10000000,1529.0654,22052.596,20523.530600000002
toulouse,4,10000000,1533.0197,22056.545,20523.525299999998
toulouse,4,10000000,1537.3893,22060.564,20523.1747
toulouse,4,10000000,1541.0602,22064.248,20523.1878
toulouse,4,10000000,1544.9025,22068.41,20523.5075
rennes,4,10000000,1762.3689,22286.1,20523.731099999997
toulouse,4,10000000,1549.0477,22072.621,20523.5733
toulouse,4,10000000,1552.9344,22076.527,20523.592599999996
toulouse,4,10000000,1556.3407,22079.883,20523.5423
toulouse,4,10000000,1560.638,22084.207,20523.569
toulouse,4,10000000,1565.1067,22088.666,20523.5593
toulouse,4,10000000,1570.1747,22093.758,20523.583300000002
nancy,4,10000000,1523.4786,22046.922,20523.4434
nancy,4,10000000,1527.2222,22050.613,20523.3908
nancy,4,10000000,1531.2261,22054.623,20523.3969
nancy,4,10000000,1535.2971,22058.754,20523.4569
rennes,4,10000000,1767.7284,22291.328,20523.5996
nancy,4,10000000,1539.2612,22062.707,20523.445799999998
nancy,4,10000000,1543.3057,22066.74,20523.4343
nancy,4,10000000,1547.4718,22070.947,20523.4752
nancy,4,10000000,1551.5812,22075.004,20523.4228
nancy,4,10000000,1555.6891,22079.104,20523.4149
nancy,4,10000000,1559.6848,22083.123,20523.4382
nancy,4,10000000,1563.7443,22087.13,20523.385700000003
nancy,4,10000000,1567.2612,22090.697,20523.4358
nancy,4,10000000,1571.6178,22095.145,20523.5272
nancy,4,10000000,1575.8152,22099.262,20523.446799999998
rennes,4,10000000,1772.4318,22296.186,20523.754200000003
nancy,4,10000000,1579.8232,22103.234,20523.4108
nantes,4,10000000,1429.3696,21953.193,20523.8234
nantes,4,10000000,1434.3312,21958.115,20523.7838
nantes,4,10000000,1440.3583,21964.133,20523.7747
nantes,4,10000000,1446.2656,21969.713,20523.4474
nantes,4,10000000,1451.5437,21975.307,20523.763300000002
nantes,4,10000000,1458.3146,21982.127,20523.8124
nantes,4,10000000,1464.2617,21987.648,20523.386300000002
nantes,4,10000000,1470.7279,21994.469,20523.7411
nantes,4,10000000,1476.6261,22001.46,20524.833899999998
rennes,4,10000000,1777.4999,22301.252,20523.7521
nantes,4,10000000,1483.4629,22007.336,20523.8731
nantes,4,10000000,1489.185,22012.97,20523.785
nantes,4,10000000,1495.9493,22019.71,20523.7607
nantes,4,10000000,1501.5906,22025.361,20523.7704
nantes,4,10000000,1508.2694,22032.062,20523.7926
nantes,4,10000000,1514.8265,22038.27,20523.4435
rennes,4,10000000,1381.849,21905.576,20523.727000000003
rennes,4,10000000,1387.3145,21910.63,20523.3155
rennes,4,10000000,1392.2102,21915.553,20523.3428
rennes,4,10000000,1396.9182,21920.607,20523.6888
nantes,4,10000000,1824.9426,22348.768,20523.8254
rennes,4,10000000,1782.2892,22306.033,20523.7438
rennes,4,10000000,1401.506,21925.281,20523.774999999998
rennes,4,10000000,1406.6483,21930.326,20523.6777
rennes,4,10000000,1411.6875,21935.383,20523.6955
rennes,4,10000000,1416.8939,21940.602,20523.7081
rennes,4,10000000,1421.9618,21945.627,20523.6652
rennes,4,10000000,1426.9001,21950.578,20523.677900000002
rennes,4,10000000,1431.3005,21954.99,20523.6895
rennes,4,10000000,1436.7073,21960.395,20523.687700000002
rennes,4,10000000,1441.2845,21964.982,20523.6975
rennes,4,10000000,1446.6525,21970.35,20523.6975
rennes,4,10000000,1787.1766,22310.887,20523.7104
rennes,4,10000000,1451.6167,21975.354,20523.7373
toulouse,4,10000000,1389.3916,21912.697,20523.3054
toulouse,4,10000000,1393.2258,21916.49,20523.2642
toulouse,4,10000000,1397.1633,21920.375,20523.2117
toulouse,4,10000000,1401.5778,21924.938,20523.3602
toulouse,4,10000000,1405.4835,21928.691,20523.2075
toulouse,4,10000000,1410.4276,21933.707,20523.2794
toulouse,4,10000000,1414.5547,21937.791,20523.2363
toulouse,4,10000000,1419.152,21941.963,20522.811
toulouse,4,10000000,1423.5232,21946.346,20522.8228
rennes,4,10000000,1792.1527,22315.957,20523.8043
toulouse,4,10000000,1428.9508,21952.213,20523.2622
toulouse,4,10000000,1433.2019,21956.453,20523.2511
toulouse,4,10000000,1437.6168,21960.857,20523.2402
toulouse,4,10000000,1443.435,21966.715,20523.28
toulouse,4,10000000,1447.3862,21970.64,20523.2538
toulouse,4,10000000,1451.6599,21974.947,20523.2871
nancy,4,10000000,1424.145,21947.582,20523.436999999998
nancy,4,10000000,1427.7786,21951.215,20523.4364
nancy,4,10000000,1431.6205,21955.09,20523.4695
nancy,4,10000000,1435.7721,21959.248,20523.4759
rennes,4,10000000,1796.894,22320.62,20523.726
nancy,4,10000000,1439.785,21963.262,20523.477
nancy,4,10000000,1443.7367,21967.209,20523.472299999998
nancy,4,10000000,1447.924,21971.363,20523.439000000002
nancy,4,10000000,1451.8889,21975.404,20523.515099999997
nancy,4,10000000,1455.9125,21979.385,20523.4725
nancy,4,10000000,1460.0062,21983.52,20523.5138
nancy,4,10000000,1464.1754,21987.62,20523.4446
nancy,4,10000000,1468.0305,21991.5,20523.4695
nancy,4,10000000,1472.1191,21995.598,20523.478900000002
nancy,4,10000000,1475.894,21999.375,20523.481
rennes,4,10000000,1801.4639,22325.29,20523.826100000002
nancy,4,10000000,1479.9009,22003.344,20523.4431
rennes,4,10000000,1315.0955,21838.729,20523.6335
rennes,4,10000000,1319.9286,21843.54,20523.6114
rennes,4,10000000,1324.8727,21848.08,20523.207300000002
rennes,4,10000000,1329.7908,21853.393,20523.6022
rennes,4,10000000,1335.1826,21858.762,20523.5794
rennes,4,10000000,1339.7599,21863.39,20523.6301
rennes,4,10000000,1344.9669,21868.572,20523.6051
rennes,4,10000000,1350.3617,21873.955,20523.5933
rennes,4,10000000,1355.1409,21878.734,20523.593100000002
rennes,4,10000000,1806.6483,22330.232,20523.5837
rennes,4,10000000,1360.0991,21883.69,20523.5909
rennes,4,10000000,1364.8479,21890.824,20525.9761
rennes,4,10000000,1370.152,21893.797,20523.644999999997
rennes,4,10000000,1374.786,21898.42,20523.634
rennes,4,10000000,1379.8635,21903.504,20523.6405
rennes,4,10000000,1385.4636,21908.756,20523.292400000002
rennes,4,10000000,1303.8875,21827.572,20523.6845
rennes,4,10000000,1308.3789,21832.174,20523.7951
rennes,4,10000000,1313.3643,21837.102,20523.737699999998
rennes,4,10000000,1318.0552,21841.799,20523.7438
rennes,4,10000000,1811.222,22335.03,20523.807999999997
rennes,4,10000000,1323.9982,21847.18,20523.1818
rennes,4,10000000,1328.2501,21851.95,20523.6999
rennes,4,10000000,1333.9518,21857.834,20523.8822
rennes,4,10000000,1338.7155,21862.043,20523.327500000003
rennes,4,10000000,1343.5731,21866.877,20523.3039
rennes,4,10000000,1348.1771,21871.93,20523.7529
rennes,4,10000000,1353.1448,21876.86,20523.7152
rennes,4,10000000,1358.087,21881.824,20523.737
rennes,4,10000000,1363.4164,21887.209,20523.7926
rennes,4,10000000,1368.3971,21891.621,20523.2239
rennes,4,10000000,1816.3335,22339.924,20523.5905
rennes,4,10000000,1373.3328,21896.582,20523.2492
rennes,4,10000000,1245.8268,21769.238,20523.411200000002
rennes,4,10000000,1250.9231,21774.242,20523.3189
rennes,4,10000000,1255.6827,21787.072,20531.3893
rennes,4,10000000,1260.0773,21783.838,20523.7607
rennes,4,10000000,1265.7943,21789.252,20523.4577
rennes,4,10000000,1270.9127,21794.215,20523.3023
rennes,4,10000000,1275.2561,21799.057,20523.800900000002
rennes,4,10000000,1280.187,21803.959,20523.771999999997
rennes,4,10000000,1284.788,21808.607,20523.819
rennes,4,10000000,1820.935,22345.9,20524.965
rennes,4,10000000,1289.6478,21813.46,20523.8122
rennes,4,10000000,1294.5331,21818.346,20523.8129
rennes,4,10000000,1299.729,21823.531,20523.802
rennes,4,10000000,1304.3818,21828.176,20523.7942
rennes,4,10000000,1309.5833,21833.354,20523.7707
rennes,4,10000000,1314.2756,21838.123,20523.8474
toulouse,4,10000000,1276.6099,21800.156,20523.5461
toulouse,4,10000000,1281.7395,21805.244,20523.5045
toulouse,4,10000000,1285.7051,21809.297,20523.5919
toulouse,4,10000000,1290.5083,21814.076,20523.5677
rennes,4,10000000,1826.0535,22349.686,20523.6325
toulouse,4,10000000,1294.4266,21818.023,20523.596400000002
toulouse,4,10000000,1298.3373,21821.902,20523.5647
toulouse,4,10000000,1302.1705,21825.725,20523.5545
toulouse,4,10000000,1306.2429,21829.752,20523.5091
toulouse,4,10000000,1311.4565,21835.035,20523.5785
toulouse,4,10000000,1316.3392,21839.947,20523.6078
toulouse,4,10000000,1320.4137,21843.975,20523.561299999998
toulouse,4,10000000,1324.2411,21847.834,20523.5929
toulouse,4,10000000,1328.7079,21852.275,20523.5671
toulouse,4,10000000,1332.8815,21856.45,20523.5685
nantes,4,10000000,1831.2655,22355.078,20523.8125
rennes,4,10000000,1830.9021,22354.293,20523.390900000002
toulouse,4,10000000,1338.3214,21861.914,20523.5926
nantes,4,10000000,1719.7833,22243.555,20523.7717
nantes,4,10000000,1726.4242,22249.53,20523.105799999998
nantes,4,10000000,1731.315,22255.053,20523.738
nantes,4,10000000,1738.5557,22261.635,20523.079299999998
nantes,4,10000000,1743.429,22267.05,20523.621
nantes,4,10000000,1749.5583,22273.184,20523.6257
nantes,4,10000000,1756.7064,22280.385,20523.6786
nantes,4,10000000,1762.3273,22285.953,20523.6257
nantes,4,10000000,1769.1918,22292.643,20523.4512
nantes,4,10000000,1837.2925,22361.184,20523.8915
nantes,4,10000000,1775.7762,22299.082,20523.3058
nantes,4,10000000,1781.1029,22304.904,20523.801099999997
nantes,4,10000000,1787.7803,22311.246,20523.4657
nantes,4,10000000,1793.0825,22316.73,20523.6475
nantes,4,10000000,1799.79,22323.445,20523.655
nantes,4,10000000,1806.2074,22329.707,20523.4996
nancy,4,10000000,1818.9496,22342.457,20523.5074
nancy,4,10000000,1822.6606,22346.074,20523.4134
nancy,4,10000000,1826.7988,22350.25,20523.4512
nancy,4,10000000,1831.073,22354.527,20523.453999999998
nantes,4,10000000,1844.4834,22367.754,20523.2706
nancy,4,10000000,1835.0122,22358.467,20523.4548
nancy,4,10000000,1838.8845,22362.436,20523.5515
nancy,4,10000000,1842.7162,22366.26,20523.5438
nancy,4,10000000,1846.5936,22370.104,20523.5104
nancy,4,10000000,1850.8623,22374.314,20523.451699999998
nancy,4,10000000,1854.8157,22378.22,20523.404300000002
nancy,4,10000000,1858.6643,22382.174,20523.5097
nancy,4,10000000,1862.6516,22386.217,20523.5654
nancy,4,10000000,1866.8995,22390.408,20523.5085
nancy,4,10000000,1870.8074,22394.266,20523.458599999998
nantes,4,10000000,1849.6344,22373.584,20523.9496
nancy,4,10000000,1874.8933,22398.398,20523.5047
nancy,4,10000000,1769.3682,22293.027,20523.658799999997
nancy,4,10000000,1773.2039,22296.87,20523.6661
nancy,4,10000000,1777.12,22300.809,20523.689000000002
nancy,4,10000000,1781.1722,22304.871,20523.6988
nancy,4,10000000,1785.1069,22308.8,20523.6931
nancy,4,10000000,1789.2664,22312.92,20523.653599999998
nancy,4,10000000,1793.3123,22317.004,20523.6917
nancy,4,10000000,1797.1575,22320.896,20523.7385
nancy,4,10000000,1801.0232,22324.748,20523.7248
nantes,4,10000000,1856.935,22380.277,20523.341999999997
nancy,4,10000000,1805.0885,22328.754,20523.6655
nancy,4,10000000,1809.3717,22333.07,20523.6983
nancy,4,10000000,1813.386,22337.076,20523.690000000002
nancy,4,10000000,1817.4856,22341.186,20523.7004
nancy,4,10000000,1821.7201,22345.389,20523.6689
nancy,4,10000000,1825.5527,22349.242,20523.6893
nancy,4,10000000,1736.8434,22260.219,20523.3756
nancy,4,10000000,1740.388,22263.766,20523.378
nancy,4,10000000,1744.6155,22268.031,20523.4155
nancy,4,10000000,1748.8538,22272.248,20523.3942
nantes,4,10000000,1861.7384,22385.629,20523.890600000002
nancy,4,10000000,1752.8756,22276.248,20523.3724
nancy,4,10000000,1757.0988,22280.477,20523.3782
nancy,4,10000000,1761.2704,22284.658,20523.3876
nancy,4,10000000,1765.6846,22288.58,20522.8954
nancy,4,10000000,1769.1996,22292.615,20523.4154
nancy,4,10000000,1773.0875,22296.52,20523.4325
nancy,4,10000000,1777.0992,22300.5,20523.4008
nancy,4,10000000,1780.9403,22304.332,20523.3917
nancy,4,10000000,1785.0101,22308.467,20523.4569
nancy,4,10000000,1788.8733,22312.262,20523.3887
nantes,4,10000000,1868.8328,22392.219,20523.3862
nancy,4,10000000,1792.6959,22316.059,20523.363100000002
nantes,4,10000000,1603.7278,22127.768,20524.0402
nantes,4,10000000,1609.7614,22133.79,20524.0286
nantes,4,10000000,1615.3218,22139.361,20524.0392
nantes,4,10000000,1622.0779,22146.129,20524.0511
nantes,4,10000000,1627.9745,22152.01,20524.035499999998
nantes,4,10000000,1634.0715,22157.639,20523.567499999997
nantes,4,10000000,1639.3533,22163.398,20524.044700000002
nantes,4,10000000,1645.5872,22169.668,20524.080800000003
nantes,4,10000000,1651.9946,22176.045,20524.0504
nantes,5,10000000,1723.1365,14860.794,13137.6575
nantes,5,10000000,1775.7501,14913.739,13137.9889
nantes,5,10000000,1679.1312,14816.777,13137.6458
nantes,5,10000000,1684.505,14822.101,13137.596000000001
nantes,5,10000000,1692.029,14829.126,13137.097
nantes,5,10000000,1697.4668,14835.1045,13137.6377
nantes,5,10000000,1704.0602,14841.621,13137.5608
nantes,5,10000000,1710.2003,14847.822,13137.6217
nantes,5,10000000,1577.779,14715.1875,13137.4085
nantes,5,10000000,1583.0154,14720.802,13137.7866
nantes,5,10000000,1588.4182,14726.176,13137.7578
nantes,5,10000000,1594.6528,14732.403,13137.7502
nantes,5,10000000,1781.7555,14920.349,13138.5935
nantes,5,10000000,1600.3359,14738.092,13137.7561
nantes,5,10000000,1606.0343,14743.897,13137.862700000001
nantes,5,10000000,1613.0167,14751.588,13138.5713
nantes,5,10000000,1619.3938,14756.682,13137.2882
nantes,5,10000000,1624.1772,14761.934,13137.7568
nantes,5,10000000,1630.724,14768.313,13137.589
nantes,5,10000000,1635.8456,14773.645,13137.7994
nantes,5,10000000,1642.6877,14780.534,13137.8463
nantes,5,10000000,1648.0682,14785.879,13137.810800000001
nantes,5,10000000,1654.7317,14792.528,13137.7963
nantes,5,10000000,1788.6508,14926.686,13138.0352
nantes,5,10000000,1660.6624,14798.445,13137.7826
toulouse,5,10000000,1662.0028,14797.276,13135.2732
toulouse,5,10000000,1666.4268,14801.656,13135.229200000002
toulouse,5,10000000,1670.5339,14805.769,13135.2351
toulouse,5,10000000,1673.8503,14809.084,13135.2337
toulouse,5,10000000,1677.735,14812.98,13135.244999999999
toulouse,5,10000000,1681.5928,14816.819,13135.2262
toulouse,5,10000000,1685.0531,14820.277,13135.2239
toulouse,5,10000000,1688.9014,14824.153,13135.2516
toulouse,5,10000000,1692.7151,14827.963,13135.2479
nantes,5,10000000,1794.2959,14932.314,13138.018100000001
toulouse,5,10000000,1696.3766,14831.608,13135.2314
toulouse,5,10000000,1700.3798,14835.612,13135.232199999999
toulouse,5,10000000,1704.0798,14839.218,13135.138200000001
toulouse,5,10000000,1707.8119,14843.035,13135.2231
toulouse,5,10000000,1712.0441,14847.293,13135.248899999999
toulouse,5,10000000,1716.2538,14851.502,13135.2482
toulouse,5,10000000,1626.4863,14761.908,13135.421699999999
toulouse,5,10000000,1631.9492,14767.369,13135.4198
toulouse,5,10000000,1635.4783,14770.925,13135.446699999999
toulouse,5,10000000,1639.8943,14775.305,13135.4107
nantes,5,10000000,1801.1447,14939.156,13138.0113
toulouse,5,10000000,1643.7216,14779.127,13135.4054
toulouse,5,10000000,1647.8212,14783.155,13135.3338
toulouse,5,10000000,1651.2756,14786.763,13135.487400000002
toulouse,5,10000000,1657.3717,14792.747,13135.3753
toulouse,5,10000000,1661.4194,14796.746,13135.326599999999
toulouse,5,10000000,1665.1184,14800.448,13135.329600000001
toulouse,5,10000000,1669.0219,14804.424,13135.402100000001
toulouse,5,10000000,1672.7776,14808.153,13135.3754
toulouse,5,10000000,1676.4978,14811.9,13135.4022
toulouse,5,10000000,1680.425,14815.742,13135.317000000001
nantes,5,10000000,1807.6165,14945.623,13138.0065
toulouse,5,10000000,1683.8138,14819.193,13135.3792
toulouse,5,10000000,1579.5464,14715.041,13135.4946
toulouse,5,10000000,1583.3113,14718.797,13135.485700000001
toulouse,5,10000000,1587.553,14722.682,13135.129
toulouse,5,10000000,1591.0612,14726.551,13135.4898
toulouse,5,10000000,1595.093,14730.558,13135.465
toulouse,5,10000000,1598.9818,14734.448,13135.4662
toulouse,5,10000000,1602.8944,14738.396,13135.501600000001
toulouse,5,10000000,1606.6772,14742.147,13135.4698
toulouse,5,10000000,1611.0299,14746.512,13135.482100000001
rennes,5,10000000,1772.8958,14910.119,13137.2232
toulouse,5,10000000,1615.3353,14750.858,13135.5227
toulouse,5,10000000,1619.0776,14754.62,13135.5424
toulouse,5,10000000,1622.7172,14758.213,13135.4958
toulouse,5,10000000,1626.8577,14762.379,13135.5213
toulouse,5,10000000,1630.7098,14766.166,13135.456199999999
toulouse,5,10000000,1634.7885,14770.266,13135.477499999999
nancy,5,10000000,1578.6721,14714.154,13135.4819
nancy,5,10000000,1582.398,14717.92,13135.522
nancy,5,10000000,1586.467,14721.924,13135.457
nancy,5,10000000,1590.4014,14726.026,13135.6246
rennes,5,10000000,1778.6,14915.291,13136.690999999999
nancy,5,10000000,1594.4355,14729.915,13135.479500000001
nancy,5,10000000,1598.1868,14733.697,13135.5102
nancy,5,10000000,1602.155,14737.665,13135.51
nancy,5,10000000,1606.1182,14741.63,13135.5118
nancy,5,10000000,1610.1677,14745.622,13135.4543
nancy,5,10000000,1614.1304,14749.616,13135.4856
nancy,5,10000000,1618.2474,14753.698,13135.4506
nancy,5,10000000,1621.9111,14757.419,13135.5079
nancy,5,10000000,1625.7795,14761.309,13135.529499999999
nancy,5,10000000,1629.9756,14765.454,13135.4784
rennes,5,10000000,1782.7299,14919.957,13137.2271
nancy,5,10000000,1634.0063,14769.457,13135.450700000001
nantes,5,10000000,1496.2283,14631.825,13135.5967
nantes,5,10000000,1502.1746,14637.352,13135.1774
nantes,5,10000000,1507.376,14642.948,13135.572
nantes,5,10000000,1514.0598,14649.632,13135.572199999999
nantes,5,10000000,1519.5978,14655.201,13135.6032
nantes,5,10000000,1525.9423,14661.593,13135.6507
nantes,5,10000000,1531.9922,14667.29,13135.2978
nantes,5,10000000,1537.9614,14673.535,13135.5736
nantes,5,10000000,1544.0039,14679.6,13135.5961
rennes,5,10000000,1787.9316,14925.137,13137.2054
nantes,5,10000000,1550.3972,14686.0,13135.6028
nantes,5,10000000,1556.0103,14691.582,13135.5717
nantes,5,10000000,1562.7391,14700.477,13137.7379
nantes,5,10000000,1568.403,14704.065,13135.662
nantes,5,10000000,1574.7778,14710.838,13136.0602
nantes,5,10000000,1580.705,14716.301,13135.596
rennes,5,10000000,1486.2153,14622.701,13136.4857
rennes,5,10000000,1490.5482,14627.468,13136.919800000001
rennes,5,10000000,1495.4204,14632.312,13136.891599999999
rennes,5,10000000,1500.8596,14637.782,13136.9224
nantes,5,10000000,1728.746,14866.754,13138.008000000002
rennes,5,10000000,1792.6074,14929.785,13137.177599999999
rennes,5,10000000,1505.6398,14642.55,13136.910199999998
rennes,5,10000000,1510.7937,14647.689,13136.8953
rennes,5,10000000,1515.589,14652.4795,13136.8905
rennes,5,10000000,1520.4735,14656.95,13136.4765
rennes,5,10000000,1525.3401,14662.247,13136.9069
rennes,5,10000000,1530.2246,14666.636,13136.4114
rennes,5,10000000,1534.5767,14671.501,13136.9243
rennes,5,10000000,1539.5873,14681.83,13142.2427
rennes,5,10000000,1544.2228,14681.14,13136.9172
rennes,5,10000000,1549.5465,14686.456,13136.9095
rennes,5,10000000,1797.5266,14934.731,13137.2044
rennes,5,10000000,1554.4246,14691.316,13136.8914
toulouse,5,10000000,1475.5745,14611.929,13136.3545
toulouse,5,10000000,1478.968,14615.359,13136.391
toulouse,5,10000000,1483.0806,14619.504,13136.423400000001
toulouse,5,10000000,1487.6902,14623.586,13135.895799999998
toulouse,5,10000000,1491.1287,14627.533,13136.4043
toulouse,5,10000000,1494.7466,14631.138,13136.3914
toulouse,5,10000000,1498.7466,14635.112,13136.365399999999
toulouse,5,10000000,1503.581,14639.565,13135.984
toulouse,5,10000000,1507.2161,14643.634,13136.4179
rennes,5,10000000,1802.4717,14942.164,13139.6923
toulouse,5,10000000,1511.2933,14647.639,13136.3457
toulouse,5,10000000,1514.6942,14651.083,13136.3888
toulouse,5,10000000,1518.6864,14655.067,13136.380599999999
toulouse,5,10000000,1522.8923,14659.272,13136.379700000001
toulouse,5,10000000,1526.7622,14663.129,13136.366800000002
toulouse,5,10000000,1530.0283,14666.439,13136.4107
nancy,5,10000000,1503.9257,14639.618,13135.6923
nancy,5,10000000,1508.1489,14643.842,13135.6931
nancy,5,10000000,1512.4021,14648.144,13135.7419
nancy,5,10000000,1516.7971,14652.533,13135.7359
rennes,5,10000000,1807.2393,14944.454,13137.2147
nancy,5,10000000,1520.987,14656.716,13135.729
nancy,5,10000000,1525.3575,14661.151,13135.7935
nancy,5,10000000,1529.4757,14665.165,13135.689300000002
nancy,5,10000000,1533.4141,14669.106,13135.6919
nancy,5,10000000,1537.5311,14673.275,13135.7439
nancy,5,10000000,1541.7197,14677.458,13135.7383
nancy,5,10000000,1545.7404,14681.441,13135.7006
nancy,5,10000000,1549.7319,14685.463,13135.731099999999
nancy,5,10000000,1553.4241,14689.154,13135.7299
nancy,5,10000000,1557.4978,14693.181,13135.6832
rennes,5,10000000,1812.1136,14949.311,13137.1974
nancy,5,10000000,1561.2211,14696.917,13135.695899999999
rennes,5,10000000,1394.9889,14531.205,13136.2161
rennes,5,10000000,1399.6777,14536.286,13136.6083
rennes,5,10000000,1404.5455,14541.258,13136.7125
rennes,5,10000000,1409.3905,14546.041,13136.6505
rennes,5,10000000,1414.8579,14550.953,13136.095099999999
rennes,5,10000000,1419.5946,14555.694,13136.0994
rennes,5,10000000,1424.0367,14560.694,13136.657299999999
rennes,5,10000000,1428.6504,14565.363,13136.712599999999
rennes,5,10000000,1433.5887,14570.198,13136.6093
rennes,5,10000000,1817.436,14954.168,13136.732
rennes,5,10000000,1438.7266,14575.367,13136.6404
rennes,5,10000000,1443.6532,14580.26,13136.6068
rennes,5,10000000,1448.5054,14585.174,13136.6686
rennes,5,10000000,1453.3219,14590.049,13136.7271
rennes,5,10000000,1458.2867,14594.953,13136.666299999999
rennes,5,10000000,1463.126,14599.838,13136.712
rennes,5,10000000,1319.6838,14456.124,13136.4402
rennes,5,10000000,1324.324,14461.081,13136.757
rennes,5,10000000,1329.0511,14465.793,13136.741899999999
rennes,5,10000000,1333.806,14470.561,13136.755
rennes,5,10000000,1821.8074,14959.033,13137.2256
rennes,5,10000000,1339.1102,14475.551,13136.4408
rennes,5,10000000,1343.8414,14480.606,13136.7646
rennes,5,10000000,1349.1061,14485.569,13136.462899999999
rennes,5,10000000,1353.9026,14490.687,13136.7844
rennes,5,10000000,1358.935,14495.692,13136.757
rennes,5,10000000,1363.7068,14500.476,13136.7692
rennes,5,10000000,1368.9208,14505.706,13136.7852
rennes,5,10000000,1374.0013,14510.786,13136.7847
rennes,5,10000000,1378.6359,14515.409,13136.7731
rennes,5,10000000,1383.5922,14520.316,13136.7238
rennes,5,10000000,1826.5673,14963.779,13137.2117
rennes,5,10000000,1388.6482,14525.431,13136.7828
rennes,5,10000000,1308.6681,14445.264,13136.595899999998
rennes,5,10000000,1313.0088,14449.892,13136.8832
rennes,5,10000000,1318.3254,14455.1875,13136.8621
rennes,5,10000000,1323.1422,14460.041,13136.898799999999
rennes,5,10000000,1327.9939,14464.876,13136.8821
rennes,5,10000000,1333.2037,14469.739,13136.5353
rennes,5,10000000,1337.6782,14474.519,13136.8408
rennes,5,10000000,1342.3231,14479.219,13136.8959
rennes,5,10000000,1347.4027,14484.282,13136.879299999999
rennes,5,10000000,1831.8972,14969.765,13137.8678
rennes,5,10000000,1352.2091,14489.069,13136.8599
rennes,5,10000000,1357.6237,14494.231,13136.6073
rennes,5,10000000,1362.1298,14499.011,13136.8812
rennes,5,10000000,1366.6858,14503.656,13136.970200000002
rennes,5,10000000,1371.7074,14508.598,13136.8906
rennes,5,10000000,1376.6647,14514.548,13137.883300000001
toulouse,5,10000000,1323.906,14458.9,13134.993999999999
toulouse,5,10000000,1327.9503,14462.944,13134.993699999999
toulouse,5,10000000,1331.9645,14467.075,13135.1105
toulouse,5,10000000,1336.0742,14471.089,13135.0148
rennes,5,10000000,1836.468,14973.67,13137.202
toulouse,5,10000000,1340.1757,14475.198,13135.0223
toulouse,5,10000000,1344.0879,14479.105,13135.0171
toulouse,5,10000000,1347.8158,14482.811,13134.9952
toulouse,5,10000000,1351.6862,14486.685,13134.9988
toulouse,5,10000000,1355.5155,14490.538,13135.022500000001
toulouse,5,10000000,1359.489,14494.508,13135.019
toulouse,5,10000000,1363.2192,14498.235,13135.015800000001
toulouse,5,10000000,1367.3113,14502.328,13135.0167
toulouse,5,10000000,1371.1658,14506.181,13135.0152
toulouse,5,10000000,1375.4368,14510.445,13135.0082
nantes,5,10000000,1734.4336,14872.068,13137.634399999999
rennes,5,10000000,1841.3911,14978.591,13137.1999
toulouse,5,10000000,1379.1715,14514.193,13135.021499999999
nantes,5,10000000,1672.5686,14808.122,13135.553399999999
nantes,5,10000000,1678.3333,14813.919,13135.5857
nantes,5,10000000,1684.4066,14820.177,13135.7704
nantes,5,10000000,1690.5138,14825.672,13135.1582
nantes,5,10000000,1696.3671,14831.86,13135.492900000001
nantes,5,10000000,1702.0854,14837.656,13135.570600000001
nantes,5,10000000,1709.2756,14844.995,13135.719400000002
nantes,5,10000000,1714.8461,14850.317,13135.470899999998
nantes,5,10000000,1721.8173,14856.8955,13135.0782
nantes,5,10000000,1740.3309,14878.365,13138.0341
nantes,5,10000000,1726.6476,14862.111,13135.4634
nantes,5,10000000,1732.8481,14868.417,13135.5689
nantes,5,10000000,1739.4469,14874.917,13135.470099999999
nantes,5,10000000,1744.9581,14880.476,13135.5179
nantes,5,10000000,1751.8593,14887.376,13135.5167
nantes,5,10000000,1757.6515,14894.175,13136.5235
nancy,5,10000000,1790.1628,14925.884,13135.7212
nancy,5,10000000,1793.7958,14929.539,13135.7432
nancy,5,10000000,1798.0913,14933.78,13135.6887
nancy,5,10000000,1802.1968,14937.868,13135.6712
nantes,5,10000000,1745.5199,14883.583,13138.063100000001
nancy,5,10000000,1806.2782,14941.951,13135.672799999998
nancy,5,10000000,1810.4209,14946.141,13135.720099999999
nancy,5,10000000,1814.3046,14950.059,13135.7544
nancy,5,10000000,1818.7378,14954.456,13135.7182
nancy,5,10000000,1822.9733,14958.649,13135.6757
nancy,5,10000000,1826.8087,14962.504,13135.695300000001
nancy,5,10000000,1830.941,14966.651,13135.71
nancy,5,10000000,1835.1746,14970.886,13135.7114
nancy,5,10000000,1839.3032,14975.015,13135.7118
nancy,5,10000000,1843.3289,14979.002,13135.6731
nantes,5,10000000,1751.6332,14889.663,13138.0298
nancy,5,10000000,1847.5974,14983.3125,13135.7151
nancy,5,10000000,1790.6422,14926.173,13135.5308
nancy,5,10000000,1794.2632,14929.803,13135.5398
nancy,5,10000000,1798.534,14934.107,13135.573
nancy,5,10000000,1802.6879,14938.245,13135.557100000002
nancy,5,10000000,1806.8608,14942.452,13135.591199999999
nancy,5,10000000,1811.0519,14946.588,13135.5361
nancy,5,10000000,1815.1067,14950.683,13135.5763
nancy,5,10000000,1819.515,14954.769,13135.254
nancy,5,10000000,1823.3057,14958.9,13135.5943
nantes,5,10000000,1757.4585,14895.454,13137.995499999999
nancy,5,10000000,1827.4302,14962.97,13135.539799999999
nancy,5,10000000,1831.6085,14967.165,13135.5565
nancy,5,10000000,1835.774,14971.355,13135.581
nancy,5,10000000,1839.9725,14975.529,13135.5565
nancy,5,10000000,1844.0918,14979.691,13135.5992
nancy,5,10000000,1848.1796,14983.754,13135.574400000001
nancy,5,10000000,1786.6907,14922.104,13135.4133
nancy,5,10000000,1790.1914,14925.619,13135.4276
nancy,5,10000000,1794.2672,14929.744,13135.4768
nancy,5,10000000,1798.4048,14933.88,13135.475199999999
nantes,5,10000000,1764.0138,14902.026,13138.0122
nancy,5,10000000,1802.4003,14937.915,13135.514700000002
nancy,5,10000000,1806.4424,14941.876,13135.4336
nancy,5,10000000,1810.4186,14945.909,13135.490399999999
nancy,5,10000000,1814.5593,14950.076,13135.5167
nancy,5,10000000,1818.769,14954.205,13135.436
nancy,5,10000000,1822.9064,14958.389,13135.4826
nancy,5,10000000,1826.8857,14962.3125,13135.4268
nancy,5,10000000,1830.8363,14966.315,13135.4787
nancy,5,10000000,1834.6979,14970.168,13135.4701
nancy,5,10000000,1838.7913,14974.221,13135.429699999999
nantes,5,10000000,1769.3867,14907.415,13138.028300000002
nancy,5,10000000,1842.7562,14978.117,13135.3608
nantes,5,10000000,1624.9893,14762.09,13137.1007
nantes,5,10000000,1629.2733,14766.867,13137.5937
nantes,5,10000000,1635.5698,14773.148,13137.5782
nantes,5,10000000,1642.0847,14779.167,13137.0823
nantes,5,10000000,1647.9747,14785.555,13137.5803
nantes,5,10000000,1654.134,14791.737,13137.603
nantes,5,10000000,1660.1129,14797.694,13137.5811
nantes,5,10000000,1666.3926,14803.959,13137.566400000002
nantes,5,10000000,1672.1302,14809.722,13137.5918
nantes,6,10000000,1800.8965,15779.536,13978.6395
nantes,6,10000000,1854.5952,15833.576,13978.9808
nantes,6,10000000,1635.515,15614.553,13979.038
nantes,6,10000000,1640.9824,15619.928,13978.9456
nantes,6,10000000,1647.8942,15626.907,13979.012799999999
nantes,6,10000000,1653.4191,15632.374,13978.9549
nantes,6,10000000,1660.7013,15639.7295,13979.028199999999
nantes,6,10000000,1666.1644,15645.1,13978.9356
nantes,6,10000000,1522.8641,15501.59,13978.7259
nantes,6,10000000,1528.102,15506.581,13978.479
nantes,6,10000000,1533.5605,15512.309,13978.7485
nantes,6,10000000,1540.0238,15518.747,13978.7232
nantes,6,10000000,1859.9452,15838.969,13979.023799999999
nantes,6,10000000,1545.9559,15524.7295,13978.7736
nantes,6,10000000,1552.1818,15531.051,13978.8692
nantes,6,10000000,1558.7931,15537.295,13978.5019
nantes,6,10000000,1564.4034,15542.911,13978.5076
nantes,6,10000000,1570.5681,15549.306,13978.7379
nantes,6,10000000,1575.4098,15554.139,13978.7292
nantes,6,10000000,1582.2687,15560.577,13978.308299999999
nantes,6,10000000,1588.4979,15567.235,13978.7371
nantes,6,10000000,1594.0554,15572.779,13978.723600000001
nantes,6,10000000,1600.7408,15579.537,13978.7962
nantes,6,10000000,1867.1945,15846.11,13978.915500000001
nantes,6,10000000,1606.4148,15585.165,13978.7502
toulouse,6,10000000,1589.6733,15568.453,13978.7797
toulouse,6,10000000,1593.065,15571.794,13978.729
toulouse,6,10000000,1596.751,15575.483,13978.732
toulouse,6,10000000,1600.6813,15579.49,13978.8087
toulouse,6,10000000,1604.8687,15583.22,13978.351299999998
toulouse,6,10000000,1608.3607,15587.086,13978.7253
toulouse,6,10000000,1612.4241,15591.203,13978.7789
toulouse,6,10000000,1616.26,15595.088,13978.828
toulouse,6,10000000,1620.2728,15599.073,13978.8002
nantes,6,10000000,1872.3342,15851.395,13979.060800000001
toulouse,6,10000000,1624.0632,15602.816,13978.7528
toulouse,6,10000000,1628.7179,15607.15,13978.4321
toulouse,6,10000000,1632.1583,15610.978,13978.8197
toulouse,6,10000000,1636.0364,15614.844,13978.8076
toulouse,6,10000000,1640.1611,15618.989,13978.8279
toulouse,6,10000000,1643.8279,15622.66,13978.8321
toulouse,6,10000000,1558.085,15536.992,13978.907
toulouse,6,10000000,1562.89,15541.843,13978.953000000001
toulouse,6,10000000,1566.6699,15545.637,13978.9671
toulouse,6,10000000,1570.2537,15549.252,13978.998300000001
nantes,6,10000000,1880.0544,15858.929,13978.8746
toulouse,6,10000000,1573.6549,15552.6045,13978.9496
toulouse,6,10000000,1578.98,15557.915,13978.935000000001
toulouse,6,10000000,1582.8622,15561.888,13979.025800000001
toulouse,6,10000000,1587.1284,15566.037,13978.9086
toulouse,6,10000000,1590.7638,15569.757,13978.993199999999
toulouse,6,10000000,1594.4967,15573.491,13978.9943
toulouse,6,10000000,1598.8002,15577.341,13978.5408
toulouse,6,10000000,1602.4177,15581.323,13978.9053
toulouse,6,10000000,1606.216,15585.194,13978.978
toulouse,6,10000000,1610.205,15589.114,13978.909
nantes,6,10000000,1885.5114,15864.507,13978.9956
toulouse,6,10000000,1614.3231,15593.346,13979.0229
toulouse,6,10000000,1536.2787,15515.403,13979.1243
toulouse,6,10000000,1540.1597,15519.254,13979.0943
toulouse,6,10000000,1544.8225,15523.809,13978.986499999999
toulouse,6,10000000,1548.414,15527.49,13979.076
toulouse,6,10000000,1552.3486,15531.343,13978.994400000001
toulouse,6,10000000,1556.953,15536.001,13979.048
toulouse,6,10000000,1560.7732,15539.873,13979.0998
toulouse,6,10000000,1564.6361,15543.635,13978.9989
toulouse,6,10000000,1568.5737,15547.596,13979.0223
rennes,6,10000000,1790.7625,15769.315,13978.5525
toulouse,6,10000000,1572.33,15551.466,13979.136
toulouse,6,10000000,1576.239,15555.389,13979.15
toulouse,6,10000000,1580.11,15559.167,13979.056999999999
toulouse,6,10000000,1584.1895,15563.352,13979.1625
toulouse,6,10000000,1588.2578,15567.24,13978.9822
toulouse,6,10000000,1592.3557,15571.417,13979.0613
nancy,6,10000000,1510.9879,15489.98,13978.9921
nancy,6,10000000,1514.8068,15493.853,13979.046199999999
nancy,6,10000000,1518.8193,15497.847,13979.027699999999
nancy,6,10000000,1522.7733,15501.833,13979.0597
rennes,6,10000000,1795.4585,15774.042,13978.583499999999
nancy,6,10000000,1526.8369,15505.952,13979.115099999999
nancy,6,10000000,1530.9481,15510.013,13979.064900000001
nancy,6,10000000,1534.9053,15513.874,13978.9687
nancy,6,10000000,1538.6978,15517.762,13979.0642
nancy,6,10000000,1542.8397,15521.82,13978.9803
nancy,6,10000000,1546.8391,15525.796,13978.956900000001
nancy,6,10000000,1550.8885,15529.867,13978.978500000001
nancy,6,10000000,1554.8308,15533.894,13979.0632
nancy,6,10000000,1558.8699,15537.928,13979.0581
nancy,6,10000000,1562.825,15541.791,13978.965999999999
rennes,6,10000000,1800.1045,15778.684,13978.5795
nancy,6,10000000,1566.8208,15545.824,13979.003200000001
nantes,6,10000000,1418.968,15398.009,13979.041
nantes,6,10000000,1424.6505,15403.7,13979.049500000001
nantes,6,10000000,1429.8425,15408.831,13978.9885
nantes,6,10000000,1436.5765,15415.61,13979.033500000001
nantes,6,10000000,1442.8284,15421.869,13979.0406
nantes,6,10000000,1449.3688,15428.354,13978.9852
nantes,6,10000000,1455.3822,15434.381,13978.9988
nantes,6,10000000,1461.0739,15440.157,13979.0831
nantes,6,10000000,1467.6133,15446.647,13979.0337
rennes,6,10000000,1804.9481,15783.989,13979.0409
nantes,6,10000000,1474.0546,15453.083,13979.028400000001
nantes,6,10000000,1479.7928,15458.871,13979.0782
nantes,6,10000000,1486.3038,15465.294,13978.9902
nantes,6,10000000,1491.6088,15470.675,13979.0662
nantes,6,10000000,1498.8218,15477.821,13978.9992
nantes,6,10000000,1504.7092,15483.751,13979.0418
rennes,6,10000000,1398.6951,15377.625,13978.9299
rennes,6,10000000,1403.6473,15382.548,13978.9007
rennes,6,10000000,1409.3381,15387.846,13978.5079
rennes,6,10000000,1413.9441,15392.892,13978.9479
nantes,6,10000000,1805.5588,15784.482,13978.9232
rennes,6,10000000,1809.8829,15788.865,13978.9821
rennes,6,10000000,1419.2388,15397.737,13978.498199999998
rennes,6,10000000,1423.9523,15402.846,13978.8937
rennes,6,10000000,1429.4794,15407.982,13978.5026
rennes,6,10000000,1433.7743,15412.687,13978.9127
rennes,6,10000000,1438.7434,15417.609,13978.865600000001
rennes,6,10000000,1443.9825,15422.906,13978.9235
rennes,6,10000000,1448.9736,15427.919,13978.9454
rennes,6,10000000,1453.8533,15432.76,13978.9067
rennes,6,10000000,1458.6434,15437.541,13978.8976
rennes,6,10000000,1463.93,15442.842,13978.912
rennes,6,10000000,1814.7339,15793.717,13978.983100000001
rennes,6,10000000,1468.7748,15447.714,13978.9392
toulouse,6,10000000,1382.4712,15361.496,13979.0248
toulouse,6,10000000,1386.1373,15365.15,13979.0127
toulouse,6,10000000,1390.1558,15369.116,13978.9602
toulouse,6,10000000,1393.7893,15372.852,13979.0627
toulouse,6,10000000,1398.118,15377.15,13979.032
toulouse,6,10000000,1402.334,15381.309,13978.974999999999
toulouse,6,10000000,1405.911,15384.89,13978.979
toulouse,6,10000000,1410.5779,15389.546,13978.9681
toulouse,6,10000000,1414.7024,15393.715,13979.0126
rennes,6,10000000,1819.5488,15798.54,13978.9912
toulouse,6,10000000,1419.0266,15397.574,13978.547400000001
toulouse,6,10000000,1422.3795,15401.381,13979.001499999998
toulouse,6,10000000,1426.2316,15405.184,13978.952399999998
toulouse,6,10000000,1430.1133,15409.092,13978.9787
toulouse,6,10000000,1433.861,15412.748,13978.886999999999
toulouse,6,10000000,1437.8507,15416.888,13979.0373
nancy,6,10000000,1426.1055,15405.07,13978.9645
nancy,6,10000000,1430.2985,15409.279,13978.9805
nancy,6,10000000,1434.2821,15413.406,13979.1239
nancy,6,10000000,1438.5613,15417.559,13978.9977
rennes,6,10000000,1824.4705,15803.465,13978.9945
nancy,6,10000000,1442.5858,15421.645,13979.0592
nancy,6,10000000,1446.7484,15425.762,13979.0136
nancy,6,10000000,1450.7998,15429.905,13979.1052
nancy,6,10000000,1455.0488,15434.015,13978.966199999999
nancy,6,10000000,1459.3466,15438.384,13979.0374
nancy,6,10000000,1463.2898,15442.422,13979.1322
nancy,6,10000000,1467.449,15446.384,13978.935
nancy,6,10000000,1471.3729,15450.517,13979.1441
nancy,6,10000000,1475.7817,15454.778,13978.9963
nancy,6,10000000,1479.7019,15458.721,13979.0191
rennes,6,10000000,1829.241,15808.242,13979.001
nancy,6,10000000,1483.6788,15462.657,13978.9782
rennes,6,10000000,1297.0535,15275.777,13978.7235
rennes,6,10000000,1301.0875,15280.202,13979.1145
rennes,6,10000000,1306.2334,15285.413,13979.1796
rennes,6,10000000,1310.9309,15290.098,13979.1671
rennes,6,10000000,1316.2584,15295.339,13979.0806
rennes,6,10000000,1320.857,15300.008,13979.151
rennes,6,10000000,1326.3643,15305.517,13979.1527
rennes,6,10000000,1331.2294,15310.364,13979.1346
rennes,6,10000000,1336.097,15315.243,13979.146
rennes,6,10000000,1834.14,15813.146,13979.006000000001
rennes,6,10000000,1341.3456,15320.51,13979.1644
rennes,6,10000000,1346.1486,15325.37,13979.2214
rennes,6,10000000,1351.821,15330.628,13978.807
rennes,6,10000000,1356.9718,15335.622,13978.6502
rennes,6,10000000,1361.0007,15340.137,13979.1363
rennes,6,10000000,1366.2762,15345.363,13979.0868
rennes,6,10000000,1238.777,15217.766,13978.989
rennes,6,10000000,1243.1105,15222.144,13979.0335
rennes,6,10000000,1248.4409,15227.059,13978.6181
rennes,6,10000000,1252.9591,15231.917,13978.9579
rennes,6,10000000,1839.3572,15818.37,13979.0128
rennes,6,10000000,1258.0469,15236.99,13978.9431
rennes,6,10000000,1263.2214,15241.895,13978.6736
rennes,6,10000000,1267.6848,15246.66,13978.9752
rennes,6,10000000,1272.3387,15251.272,13978.9333
rennes,6,10000000,1277.1907,15256.152,13978.961299999999
rennes,6,10000000,1281.8802,15260.8545,13978.9743
rennes,6,10000000,1286.6875,15265.669,13978.9815
rennes,6,10000000,1291.6943,15270.676,13978.9817
rennes,6,10000000,1296.462,15275.454,13978.992
rennes,6,10000000,1301.7289,15280.723,13978.9941
rennes,6,10000000,1844.1794,15823.142,13978.962599999999
rennes,6,10000000,1306.7267,15289.393,13982.6663
rennes,6,10000000,1233.7957,15212.806,13979.0103
rennes,6,10000000,1238.6807,15217.169,13978.4883
rennes,6,10000000,1243.3511,15222.372,13979.0209
rennes,6,10000000,1248.7188,15227.637,13978.9182
rennes,6,10000000,1253.4708,15232.47,13978.999199999998
rennes,6,10000000,1258.5406,15237.49,13978.9494
rennes,6,10000000,1264.4453,15243.022,13978.576700000001
rennes,6,10000000,1268.8517,15247.837,13978.9853
rennes,6,10000000,1273.6294,15252.618,13978.9886
rennes,6,10000000,1849.0446,15828.042,13978.9974
rennes,6,10000000,1278.8243,15257.828,13979.0037
rennes,6,10000000,1283.5001,15262.49,13978.9899
rennes,6,10000000,1288.7278,15267.708,13978.9802
rennes,6,10000000,1293.2272,15272.253,13979.025800000001
rennes,6,10000000,1298.5142,15277.542,13979.0278
rennes,6,10000000,1303.0621,15282.051,13978.9889
toulouse,6,10000000,1249.2323,15228.249,13979.0167
toulouse,6,10000000,1252.7953,15231.793,13978.9977
toulouse,6,10000000,1257.579,15236.595,13979.016
toulouse,6,10000000,1262.8021,15241.906,13979.1039
rennes,6,10000000,1853.7716,15832.741,13978.9694
toulouse,6,10000000,1266.5391,15245.613,13979.0739
toulouse,6,10000000,1270.9857,15250.072,13979.0863
toulouse,6,10000000,1275.0522,15254.06,13979.0078
toulouse,6,10000000,1279.0327,15258.124,13979.0913
toulouse,6,10000000,1282.8765,15261.95,13979.0735
toulouse,6,10000000,1286.525,15265.604,13979.079
toulouse,6,10000000,1290.4113,15269.517,13979.1057
toulouse,6,10000000,1294.3204,15273.399,13979.078599999999
toulouse,6,10000000,1297.8901,15276.918,13979.0279
toulouse,6,10000000,1301.678,15280.734,13979.056
nantes,6,10000000,1811.3093,15790.306,13978.9967
rennes,6,10000000,1858.1958,15837.214,13979.0182
toulouse,6,10000000,1305.4426,15284.516,13979.0734
nantes,6,10000000,1729.1095,15707.751,13978.6415
nantes,6,10000000,1734.7021,15713.717,13979.0149
nantes,6,10000000,1740.0365,15719.089,13979.0525
nantes,6,10000000,1746.8044,15725.44,13978.635600000001
nantes,6,10000000,1752.0692,15731.001,13978.9318
nantes,6,10000000,1758.6401,15737.275,13978.6349
nantes,6,10000000,1763.6321,15742.694,13979.061899999999
nantes,6,10000000,1770.3025,15748.985,13978.6825
nantes,6,10000000,1775.8264,15754.829,13979.0026
nantes,6,10000000,1818.1567,15797.16,13979.0033
nantes,6,10000000,1783.0627,15762.07,13979.0073
nantes,6,10000000,1788.7404,15767.736,13978.9956
nantes,6,10000000,1795.4314,15774.433,13979.001600000001
nantes,6,10000000,1801.484,15780.411,13978.927
nantes,6,10000000,1808.4475,15787.493,13979.0455
nantes,6,10000000,1814.3867,15793.353,13978.9663
nancy,6,10000000,1821.1135,15800.081,13978.9675
nancy,6,10000000,1825.2437,15804.116,13978.872299999999
nancy,6,10000000,1829.0511,15807.843,13978.7919
nancy,6,10000000,1833.0864,15811.98,13978.8936
nantes,6,10000000,1823.3855,15802.402,13979.0165
nancy,6,10000000,1837.1606,15816.09,13978.9294
nancy,6,10000000,1841.069,15819.961,13978.892
nancy,6,10000000,1844.8834,15823.854,13978.970599999999
nancy,6,10000000,1849.1367,15828.121,13978.9843
nancy,6,10000000,1853.3071,15832.2,13978.8929
nancy,6,10000000,1857.4631,15836.26,13978.796900000001
nancy,6,10000000,1861.1075,15840.067,13978.959499999999
nancy,6,10000000,1865.0535,15843.946,13978.8925
nancy,6,10000000,1868.6431,15847.483,13978.8399
nancy,6,10000000,1873.0111,15851.906,13978.894900000001
nantes,6,10000000,1830.2178,15809.202,13978.984199999999
nancy,6,10000000,1876.833,15855.649,13978.815999999999
nancy,6,10000000,1770.3232,15749.139,13978.815799999998
nancy,6,10000000,1774.6133,15752.902,13978.288700000001
nancy,6,10000000,1777.9384,15756.771,13978.832600000002
nancy,6,10000000,1782.1335,15760.955,13978.8215
nancy,6,10000000,1785.9535,15764.847,13978.8935
nancy,6,10000000,1790.0363,15768.873,13978.8367
nancy,6,10000000,1793.946,15772.845,13978.899
nancy,6,10000000,1798.0319,15776.921,13978.8891
nancy,6,10000000,1801.868,15780.821,13978.953
nantes,6,10000000,1835.926,15814.925,13978.999
nancy,6,10000000,1805.9463,15784.843,13978.896700000001
nancy,6,10000000,1809.9713,15788.796,13978.824700000001
nancy,6,10000000,1814.1646,15793.0625,13978.8979
nancy,6,10000000,1818.2319,15797.05,13978.818099999999
nancy,6,10000000,1822.2856,15801.118,13978.832400000001
nancy,6,10000000,1826.2855,15805.122,13978.8365
nancy,6,10000000,1730.9117,15709.83,13978.9183
nancy,6,10000000,1734.9713,15713.89,13978.9187
nancy,6,10000000,1738.9407,15717.948,13979.007300000001
nancy,6,10000000,1742.6744,15721.646,13978.9716
nantes,6,10000000,1842.525,15821.551,13979.026
nancy,6,10000000,1746.7141,15725.736,13979.021900000002
nancy,6,10000000,1751.0508,15729.745,13978.694200000002
nancy,6,10000000,1754.7302,15733.675,13978.9448
nancy,6,10000000,1758.8599,15737.838,13978.9781
nancy,6,10000000,1762.7804,15741.735,13978.954600000001
nancy,6,10000000,1766.8807,15745.866,13978.9853
nancy,6,10000000,1770.8843,15749.836,13978.9517
nancy,6,10000000,1774.8583,15753.831,13978.9727
nancy,6,10000000,1778.6725,15757.679,13979.0065
nancy,6,10000000,1782.7297,15761.679,13978.9493
nantes,6,10000000,1848.668,15827.408,13978.74
nancy,6,10000000,1786.7491,15765.725,13978.975900000001
nantes,6,10000000,1582.0679,15561.039,13978.9711
nantes,6,10000000,1587.4401,15566.474,13979.0339
nantes,6,10000000,1593.6865,15572.686,13978.9995
nantes,6,10000000,1599.8926,15578.388,13978.495400000002
nantes,6,10000000,1605.5577,15584.527,13978.9693
nantes,6,10000000,1611.86,15590.812,13978.952
nantes,6,10000000,1617.494,15596.464,13978.97
nantes,6,10000000,1623.8499,15602.864,13979.0141
nantes,6,10000000,1629.6687,15608.147,13978.4783
nantes,7,10000000,1746.274,16779.662,15033.388
nantes,7,10000000,1799.8744,16833.217,15033.3426
nantes,7,10000000,1635.139,16671.164,15036.025000000001
nantes,7,10000000,1641.8707,16677.777,15035.906299999999
nantes,7,10000000,1646.6663,16682.672,15036.005699999998
nantes,7,10000000,1652.9276,16688.846,15035.918400000002
nantes,7,10000000,1659.4142,16695.389,15035.9748
nantes,7,10000000,1665.1094,16701.154,15036.0446
nantes,7,10000000,1545.1777,16578.117,15032.939299999998
nantes,7,10000000,1550.5181,16583.734,15033.215900000001
nantes,7,10000000,1556.8176,16590.068,15033.250399999999
nantes,7,10000000,1563.5526,16596.727,15033.1744
nantes,7,10000000,1806.7566,16840.148,15033.3914
nantes,7,10000000,1568.8527,16602.15,15033.297300000002
nantes,7,10000000,1574.7623,16608.047,15033.284699999998
nantes,7,10000000,1580.0223,16613.264,15033.241699999999
nantes,7,10000000,1586.7365,16620.771,15034.034500000002
nantes,7,10000000,1592.028,16625.656,15033.627999999999
nantes,7,10000000,1599.1561,16632.395,15033.2389
nantes,7,10000000,1604.9569,16637.867,15032.9101
nantes,7,10000000,1611.1868,16644.453,15033.266200000002
nantes,7,10000000,1616.8524,16650.195,15033.3426
nantes,7,10000000,1623.5166,16656.768,15033.251400000001
nantes,7,10000000,1813.4163,16846.809,15033.3927
nantes,7,10000000,1628.9095,16662.271,15033.3615
toulouse,7,10000000,1620.7681,16654.48,15033.7119
toulouse,7,10000000,1625.3958,16659.082,15033.686199999998
toulouse,7,10000000,1629.0043,16662.686,15033.681700000001
toulouse,7,10000000,1632.9491,16666.57,15033.6209
toulouse,7,10000000,1636.5376,16670.28,15033.7424
toulouse,7,10000000,1640.6993,16674.324,15033.6247
toulouse,7,10000000,1644.525,16678.191,15033.666
toulouse,7,10000000,1648.4335,16682.17,15033.736499999999
toulouse,7,10000000,1652.4729,16686.21,15033.737099999998
nantes,7,10000000,1818.801,16852.355,15033.554
toulouse,7,10000000,1656.2235,16689.936,15033.712500000001
toulouse,7,10000000,1660.0833,16693.797,15033.713699999998
toulouse,7,10000000,1663.9486,16697.688,15033.739399999999
toulouse,7,10000000,1667.8434,16701.553,15033.7096
toulouse,7,10000000,1671.4988,16705.21,15033.7112
toulouse,7,10000000,1675.7495,16709.49,15033.740500000002
toulouse,7,10000000,1594.2037,16627.344,15033.140300000001
toulouse,7,10000000,1598.4666,16631.574,15033.1074
toulouse,7,10000000,1603.0665,16636.197,15033.1305
toulouse,7,10000000,1607.8243,16640.947,15033.1227
nantes,7,10000000,1825.4583,16859.19,15033.731699999998
toulouse,7,10000000,1611.3564,16644.479,15033.122599999999
toulouse,7,10000000,1615.5347,16648.627,15033.0923
toulouse,7,10000000,1619.7196,16652.81,15033.090400000001
toulouse,7,10000000,1623.708,16656.771,15033.063
toulouse,7,10000000,1627.5349,16660.646,15033.1111
toulouse,7,10000000,1631.4285,16664.516,15033.0875
toulouse,7,10000000,1635.2749,16668.393,15033.1181
toulouse,7,10000000,1639.1921,16672.277,15033.084899999998
toulouse,7,10000000,1643.2814,16676.379,15033.097600000001
toulouse,7,10000000,1647.1627,16680.258,15033.0953
nantes,7,10000000,1831.4373,16864.836,15033.3987
toulouse,7,10000000,1650.9899,16684.084,15033.094099999998
toulouse,7,10000000,1558.038,16591.26,15033.221999999998
toulouse,7,10000000,1561.562,16594.854,15033.292
toulouse,7,10000000,1565.5355,16598.82,15033.2845
toulouse,7,10000000,1570.236,16603.502,15033.266
toulouse,7,10000000,1574.127,16607.395,15033.268
toulouse,7,10000000,1577.9001,16611.174,15033.273899999998
toulouse,7,10000000,1581.1074,16614.398,15033.2906
toulouse,7,10000000,1584.9354,16618.203,15033.267600000001
toulouse,7,10000000,1589.2953,16622.572,15033.2767
rennes,7,10000000,1749.4907,16784.38,15034.8893
toulouse,7,10000000,1592.7109,16626.006,15033.295100000001
toulouse,7,10000000,1596.615,16629.904,15033.288999999999
toulouse,7,10000000,1599.9551,16633.326,15033.370900000002
toulouse,7,10000000,1604.2845,16637.58,15033.295500000002
toulouse,7,10000000,1608.9813,16642.252,15033.270700000001
toulouse,7,10000000,1613.4231,16646.717,15033.2939
nancy,7,10000000,1557.1854,16590.697,15033.5116
nancy,7,10000000,1561.1718,16594.346,15033.174200000001
nancy,7,10000000,1565.3649,16598.533,15033.168099999999
nancy,7,10000000,1568.9943,16602.496,15033.501699999999
rennes,7,10000000,1754.1573,16789.053,15034.8957
nancy,7,10000000,1573.0454,16606.541,15033.495600000002
nancy,7,10000000,1577.1215,16610.64,15033.5185
nancy,7,10000000,1581.2551,16614.783,15033.5279
nancy,7,10000000,1585.3373,16618.855,15033.5177
nancy,7,10000000,1589.4008,16622.957,15033.556199999999
nancy,7,10000000,1593.432,16626.908,15033.475999999999
nancy,7,10000000,1597.509,16630.99,15033.481000000002
nancy,7,10000000,1601.6161,16635.139,15033.5229
nancy,7,10000000,1605.5328,16639.074,15033.5412
nancy,7,10000000,1609.6854,16643.201,15033.5156
rennes,7,10000000,1759.181,16794.035,15034.854
nancy,7,10000000,1613.652,16647.129,15033.477
nantes,7,10000000,1448.6781,16484.064,15035.385899999997
nantes,7,10000000,1455.0366,16490.432,15035.395400000001
nantes,7,10000000,1460.8271,16496.135,15035.307899999998
nantes,7,10000000,1467.6123,16502.627,15035.0147
nantes,7,10000000,1472.6888,16507.984,15035.2952
nantes,7,10000000,1479.866,16514.693,15034.827
nantes,7,10000000,1484.8088,16520.41,15035.6012
nantes,7,10000000,1490.9592,16526.309,15035.349800000002
nantes,7,10000000,1496.5353,16531.855,15035.3197
rennes,7,10000000,1764.2085,16799.506,15035.2975
nantes,7,10000000,1503.2207,16538.562,15035.341300000002
nantes,7,10000000,1508.6162,16544.027,15035.410799999998
nantes,7,10000000,1515.585,16550.875,15035.29
nantes,7,10000000,1521.5685,16556.953,15035.384500000002
nantes,7,10000000,1528.2424,16563.143,15034.9006
nantes,7,10000000,1533.8899,16568.994,15035.104099999999
rennes,7,10000000,1414.2094,16448.78,15034.5706
rennes,7,10000000,1419.354,16453.906,15034.552
rennes,7,10000000,1424.4655,16458.643,15034.1775
rennes,7,10000000,1429.4062,16463.959,15034.5528
nantes,7,10000000,1752.0269,16785.115,15033.0881
rennes,7,10000000,1769.633,16804.191,15034.557999999999
rennes,7,10000000,1434.2935,16468.875,15034.5815
rennes,7,10000000,1439.4806,16473.982,15034.5014
rennes,7,10000000,1444.763,16479.281,15034.518
rennes,7,10000000,1449.3497,16483.857,15034.5073
rennes,7,10000000,1454.7384,16489.334,15034.595599999999
rennes,7,10000000,1459.2128,16493.76,15034.547199999999
rennes,7,10000000,1464.1786,16498.783,15034.6044
rennes,7,10000000,1469.262,16503.432,15034.17
rennes,7,10000000,1473.6312,16508.176,15034.5448
rennes,7,10000000,1478.894,16513.467,15034.573
rennes,7,10000000,1774.4517,16809.025,15034.573300000002
rennes,7,10000000,1483.7338,16518.26,15034.526199999998
toulouse,7,10000000,1434.5645,16469.234,15034.6695
toulouse,7,10000000,1438.302,16473.336,15035.034
toulouse,7,10000000,1442.6208,16477.545,15034.924199999998
toulouse,7,10000000,1446.4095,16481.477,15035.0675
toulouse,7,10000000,1451.4993,16486.498,15034.9987
toulouse,7,10000000,1455.498,16490.545,15035.046999999999
toulouse,7,10000000,1459.2987,16494.342,15035.043300000001
toulouse,7,10000000,1463.3877,16498.451,15035.063300000002
toulouse,7,10000000,1467.1528,16502.182,15035.0292
rennes,7,10000000,1778.9299,16813.84,15034.910100000001
toulouse,7,10000000,1470.9573,16505.967,15035.0097
toulouse,7,10000000,1475.1572,16510.203,15035.045800000002
toulouse,7,10000000,1479.2128,16514.258,15035.045200000002
toulouse,7,10000000,1484.132,16519.182,15035.050000000001
toulouse,7,10000000,1488.4686,16523.479,15035.0104
toulouse,7,10000000,1492.5712,16527.607,15035.0358
nancy,7,10000000,1470.9901,16504.346,15033.355900000002
nancy,7,10000000,1474.7975,16508.236,15033.4385
nancy,7,10000000,1479.0392,16512.451,15033.411800000002
nancy,7,10000000,1483.4509,16516.865,15033.414100000002
rennes,7,10000000,1783.8644,16818.734,15034.8696
nancy,7,10000000,1487.7526,16521.332,15033.579399999999
nancy,7,10000000,1492.0361,16525.361,15033.324900000001
nancy,7,10000000,1495.8658,16529.201,15033.335200000001
nancy,7,10000000,1499.88,16533.227,15033.346999999998
nancy,7,10000000,1503.9457,16537.361,15033.4153
nancy,7,10000000,1507.6506,16541.102,15033.451399999998
nancy,7,10000000,1511.9567,16545.316,15033.359299999998
nancy,7,10000000,1515.6033,16549.02,15033.4167
nancy,7,10000000,1519.6559,16553.086,15033.4301
nancy,7,10000000,1523.7012,16557.104,15033.4028
rennes,7,10000000,1788.8733,16823.748,15034.8747
nancy,7,10000000,1527.7839,16561.123,15033.3391
rennes,7,10000000,1369.1542,16403.383,15034.2288
rennes,7,10000000,1373.9458,16408.203,15034.257200000002
rennes,7,10000000,1379.4551,16413.678,15034.2229
rennes,7,10000000,1383.8066,16418.484,15034.6774
rennes,7,10000000,1388.9688,16423.611,15034.6422
rennes,7,10000000,1394.485,16428.625,15034.14
rennes,7,10000000,1399.1438,16433.832,15034.688199999999
rennes,7,10000000,1404.0237,16438.646,15034.6223
rennes,7,10000000,1409.0592,16443.734,15034.6748
rennes,7,10000000,1793.4137,16828.287,15034.8733
rennes,7,10000000,1413.8203,16448.45,15034.629700000001
rennes,7,10000000,1419.0428,16453.69,15034.6472
rennes,7,10000000,1423.4208,16458.11,15034.6892
rennes,7,10000000,1429.1152,16463.305,15034.1898
rennes,7,10000000,1433.1285,16467.78,15034.651499999998
rennes,7,10000000,1438.4781,16473.13,15034.6519
rennes,7,10000000,1349.3728,16383.557,15034.1842
rennes,7,10000000,1354.1978,16388.463,15034.2652
rennes,7,10000000,1358.6198,16392.889,15034.269199999999
rennes,7,10000000,1364.4697,16398.125,15033.6553
rennes,7,10000000,1798.4731,16833.365,15034.891900000002
rennes,7,10000000,1368.6139,16402.91,15034.2961
rennes,7,10000000,1373.4656,16407.66,15034.1944
rennes,7,10000000,1378.338,16412.56,15034.222000000002
rennes,7,10000000,1383.1292,16417.379,15034.249800000001
rennes,7,10000000,1387.9264,16422.16,15034.2336
rennes,7,10000000,1393.278,16427.217,15033.939
rennes,7,10000000,1397.5718,16431.805,15034.2332
rennes,7,10000000,1402.2703,16436.533,15034.2627
rennes,7,10000000,1407.4194,16441.686,15034.2666
rennes,7,10000000,1412.1461,16446.393,15034.2469
rennes,7,10000000,1803.341,16838.236,15034.895
rennes,7,10000000,1417.444,16451.639,15034.195
rennes,7,10000000,1288.6088,16323.769,15035.1602
rennes,7,10000000,1293.7024,16328.812,15035.1096
rennes,7,10000000,1298.6431,16333.736,15035.092900000001
rennes,7,10000000,1303.9863,16338.859,15034.8727
rennes,7,10000000,1308.866,16343.752,15034.886
rennes,7,10000000,1314.1017,16348.885,15034.783300000001
rennes,7,10000000,1318.8203,16353.649,15034.8287
rennes,7,10000000,1323.6022,16358.713,15035.1108
rennes,7,10000000,1328.7911,16363.64,15034.848899999999
rennes,7,10000000,1808.3081,16843.047,15034.738899999998
rennes,7,10000000,1333.7592,16368.635,15034.8758
rennes,7,10000000,1338.2664,16373.434,15035.167599999999
rennes,7,10000000,1343.4434,16378.592,15035.1486
rennes,7,10000000,1348.4268,16383.579,15035.1522
rennes,7,10000000,1353.5425,16388.703,15035.160500000002
rennes,7,10000000,1358.2098,16393.426,15035.216199999999
toulouse,7,10000000,1296.1995,16330.032,15033.832499999999
toulouse,7,10000000,1300.2594,16333.78,15033.5206
toulouse,7,10000000,1303.7062,16337.244,15033.5378
toulouse,7,10000000,1307.9799,16341.524,15033.5441
rennes,7,10000000,1812.9084,16848.5,15035.5916
toulouse,7,10000000,1311.6632,16345.203,15033.539799999999
toulouse,7,10000000,1315.6891,16349.197,15033.5079
toulouse,7,10000000,1321.7695,16355.291,15033.521499999999
toulouse,7,10000000,1325.7144,16359.243,15033.5286
toulouse,7,10000000,1329.2203,16362.772,15033.5517
toulouse,7,10000000,1333.2675,16366.795,15033.5275
toulouse,7,10000000,1337.2102,16370.735,15033.524800000001
toulouse,7,10000000,1340.9243,16374.47,15033.545699999999
toulouse,7,10000000,1344.6477,16378.202,15033.5543
toulouse,7,10000000,1348.5988,16382.18,15033.5812
nantes,7,10000000,1757.443,16790.81,15033.367000000002
rennes,7,10000000,1817.9609,16852.855,15034.8941
toulouse,7,10000000,1351.6482,16385.186,15033.537800000002
nantes,7,10000000,1679.5282,16714.854,15035.325799999999
nantes,7,10000000,1685.4357,16720.275,15034.839300000001
nantes,7,10000000,1691.4485,16726.807,15035.3585
nantes,7,10000000,1697.7754,16734.719,15036.9436
nantes,7,10000000,1703.6047,16738.512,15034.907299999999
nantes,7,10000000,1709.4292,16744.732,15035.3028
nantes,7,10000000,1715.0299,16750.383,15035.353100000002
nantes,7,10000000,1720.7172,16756.076,15035.358800000002
nantes,7,10000000,1726.4121,16761.754,15035.341900000001
nantes,7,10000000,1763.4272,16796.809,15033.381800000001
nantes,7,10000000,1732.6376,16768.027,15035.389399999998
nantes,7,10000000,1738.9879,16773.744,15034.756099999999
nantes,7,10000000,1745.2212,16780.578,15035.356800000001
nantes,7,10000000,1751.6417,16786.95,15035.3083
nantes,7,10000000,1758.435,16793.71,15035.275
nantes,7,10000000,1764.6487,16799.564,15034.915299999999
nancy,7,10000000,1779.7434,16814.443,15034.6996
nancy,7,10000000,1783.5027,16818.22,15034.7173
nancy,7,10000000,1788.0032,16822.611,15034.607800000002
nancy,7,10000000,1792.2773,16826.879,15034.601700000001
nantes,7,10000000,1769.2721,16802.758,15033.485900000001
nancy,7,10000000,1796.3287,16830.979,15034.6503
nancy,7,10000000,1800.5228,16835.182,15034.6592
nancy,7,10000000,1804.6758,16839.438,15034.762199999997
nancy,7,10000000,1808.7439,16843.445,15034.7011
nancy,7,10000000,1812.9171,16847.572,15034.6549
nancy,7,10000000,1816.8104,16851.416,15034.6056
nancy,7,10000000,1820.7946,16855.559,15034.764400000002
nancy,7,10000000,1824.9452,16859.645,15034.6998
nancy,7,10000000,1829.1194,16863.816,15034.6966
nancy,7,10000000,1833.2012,16868.084,15034.8828
nantes,7,10000000,1775.6365,16808.553,15032.9165
nancy,7,10000000,1837.5044,16872.148,15034.643600000001
nancy,7,10000000,1768.2673,16802.186,15033.918700000002
nancy,7,10000000,1772.0688,16805.984,15033.9152
nancy,7,10000000,1776.02,16810.006,15033.986
nancy,7,10000000,1780.249,16814.195,15033.946
nancy,7,10000000,1784.42,16818.371,15033.951
nancy,7,10000000,1788.5946,16822.518,15033.9234
nancy,7,10000000,1792.6814,16826.629,15033.947600000001
nancy,7,10000000,1796.921,16830.527,15033.605999999998
nancy,7,10000000,1800.4789,16834.51,15034.031099999998
nantes,7,10000000,1781.3474,16814.727,15033.379599999998
nancy,7,10000000,1804.4446,16838.371,15033.926399999998
nancy,7,10000000,1808.2834,16842.234,15033.9506
nancy,7,10000000,1812.116,16846.072,15033.956
nancy,7,10000000,1815.9127,16849.871,15033.958299999998
nancy,7,10000000,1819.5931,16853.52,15033.9269
nancy,7,10000000,1823.4222,16857.375,15033.9528
nancy,7,10000000,1745.2944,16778.076,15032.7816
nancy,7,10000000,1749.1775,16781.959,15032.7815
nancy,7,10000000,1753.4268,16786.238,15032.811200000002
nancy,7,10000000,1757.5326,16790.342,15032.8094
nantes,7,10000000,1787.32,16820.672,15033.351999999999
nancy,7,10000000,1761.4281,16794.232,15032.803899999999
nancy,7,10000000,1765.5735,16798.35,15032.776499999998
nancy,7,10000000,1769.7799,16802.34,15032.5601
nancy,7,10000000,1773.5715,16806.385,15032.813499999998
nancy,7,10000000,1777.6907,16810.469,15032.778300000002
nancy,7,10000000,1781.7468,16814.604,15032.857199999999
nancy,7,10000000,1785.908,16818.727,15032.819
nancy,7,10000000,1789.9673,16822.775,15032.807700000001
nancy,7,10000000,1793.9811,16826.861,15032.8799
nancy,7,10000000,1798.1953,16830.963,15032.7677
nantes,7,10000000,1794.4221,16827.777,15033.354899999998
nancy,7,10000000,1802.2487,16835.014,15032.7653
nantes,7,10000000,1580.3702,16616.312,15035.941800000002
nantes,7,10000000,1585.5668,16621.56,15035.9932
nantes,7,10000000,1592.0477,16628.064,15036.0163
nantes,7,10000000,1598.2128,16634.148,15035.935200000002
nantes,7,10000000,1605.1583,16640.766,15035.6077
nantes,7,10000000,1610.5585,16646.502,15035.943500000001
nantes,7,10000000,1617.235,16653.26,15036.024999999998
nantes,7,10000000,1622.6201,16658.535,15035.9149
nantes,7,10000000,1629.6594,16665.645,15035.9856
nantes,8,10000000,1714.3309,17509.465,15795.1341
nantes,8,10000000,1768.13,17563.727,15795.596999999998
nantes,8,10000000,1611.6893,17407.605,15795.9157
nantes,8,10000000,1617.8752,17414.148,15796.2728
nantes,8,10000000,1622.3085,17418.695,15796.3865
nantes,8,10000000,1628.8485,17425.176,15796.3275
nantes,8,10000000,1635.8284,17432.152,15796.323599999998
nantes,8,10000000,1641.6152,17437.92,15796.304799999998
nantes,8,10000000,1517.6954,17313.57,15795.8746
nantes,8,10000000,1521.8606,17318.281,15796.420399999999
nantes,8,10000000,1528.4426,17324.877,15796.4344
nantes,8,10000000,1534.1768,17330.6,15796.4232
nantes,8,10000000,1773.7852,17569.352,15795.566799999999
nantes,8,10000000,1540.348,17336.816,15796.467999999999
nantes,8,10000000,1547.216,17343.062,15795.846000000001
nantes,8,10000000,1552.4673,17348.857,15796.3897
nantes,8,10000000,1557.2982,17353.688,15796.389799999999
nantes,8,10000000,1563.3926,17359.771,15796.378400000001
nantes,8,10000000,1569.7861,17366.201,15796.414900000002
nantes,8,10000000,1575.5839,17372.008,15796.424100000002
nantes,8,10000000,1582.2191,17378.62,15796.400899999999
nantes,8,10000000,1587.449,17383.883,15796.434000000001
nantes,8,10000000,1594.8997,17391.34,15796.4403
nantes,8,10000000,1780.2892,17575.879,15795.589800000002
nantes,8,10000000,1600.4719,17396.936,15796.464100000001
toulouse,8,10000000,1555.7764,17351.037,15795.2606
toulouse,8,10000000,1559.7383,17355.062,15795.3237
toulouse,8,10000000,1563.5249,17358.85,15795.325099999998
toulouse,8,10000000,1568.6326,17363.867,15795.234399999998
toulouse,8,10000000,1572.2676,17367.416,15795.148400000002
toulouse,8,10000000,1575.9456,17371.352,15795.4064
toulouse,8,10000000,1579.8452,17375.225,15795.379799999999
toulouse,8,10000000,1583.4255,17378.818,15795.3925
toulouse,8,10000000,1587.8008,17382.875,15795.0742
nantes,8,10000000,1786.0149,17581.594,15795.5791
toulouse,8,10000000,1591.3083,17386.559,15795.2507
toulouse,8,10000000,1594.9714,17390.361,15795.3896
toulouse,8,10000000,1599.3345,17394.668,15795.3335
toulouse,8,10000000,1603.2782,17398.62,15795.341799999998
toulouse,8,10000000,1607.0448,17402.465,15795.4202
toulouse,8,10000000,1610.8961,17406.139,15795.2429
toulouse,8,10000000,1545.2009,17340.963,15795.7621
toulouse,8,10000000,1549.1617,17344.959,15795.797299999998
toulouse,8,10000000,1553.261,17349.057,15795.796
toulouse,8,10000000,1556.6143,17352.38,15795.765700000002
nantes,8,10000000,1792.4502,17588.057,15795.606800000001
toulouse,8,10000000,1560.7782,17356.557,15795.7788
toulouse,8,10000000,1564.7506,17360.484,15795.733400000001
toulouse,8,10000000,1568.9751,17364.729,15795.7539
toulouse,8,10000000,1573.5695,17368.979,15795.4095
toulouse,8,10000000,1577.066,17373.504,15796.438
toulouse,8,10000000,1580.9026,17376.598,15795.695400000002
toulouse,8,10000000,1584.671,17380.42,15795.748999999998
toulouse,8,10000000,1588.5205,17384.268,15795.7475
toulouse,8,10000000,1592.5085,17388.246,15795.7375
toulouse,8,10000000,1595.9238,17391.656,15795.732199999999
nantes,8,10000000,1798.7764,17593.953,15795.1766
toulouse,8,10000000,1598.7382,17394.504,15795.765800000001
toulouse,8,10000000,1518.8016,17314.287,15795.4854
toulouse,8,10000000,1522.3494,17317.846,15795.496600000002
toulouse,8,10000000,1527.2837,17322.717,15795.4333
toulouse,8,10000000,1531.2521,17326.73,15795.4779
toulouse,8,10000000,1535.3115,17330.77,15795.4585
toulouse,8,10000000,1539.2263,17334.682,15795.4557
toulouse,8,10000000,1543.1626,17338.654,15795.491399999999
toulouse,8,10000000,1547.4203,17342.535,15795.1147
toulouse,8,10000000,1551.0934,17346.521,15795.4276
rennes,8,10000000,1691.7107,17488.512,15796.8013
toulouse,8,10000000,1554.9796,17350.482,15795.5024
toulouse,8,10000000,1558.7878,17354.295,15795.507199999998
toulouse,8,10000000,1564.1691,17359.66,15795.4909
toulouse,8,10000000,1568.5446,17364.055,15795.510400000001
toulouse,8,10000000,1572.3715,17367.8,15795.4285
toulouse,8,10000000,1577.2686,17372.701,15795.432400000002
nancy,8,10000000,1501.0898,17297.287,15796.1972
nancy,8,10000000,1504.8835,17301.14,15796.2565
nancy,8,10000000,1508.9357,17305.133,15796.197300000002
nancy,8,10000000,1513.1058,17309.299,15796.1932
rennes,8,10000000,1696.8424,17492.8,15795.9576
nancy,8,10000000,1517.1271,17313.326,15796.198900000001
nancy,8,10000000,1521.1111,17317.338,15796.2269
nancy,8,10000000,1525.0922,17321.318,15796.2258
nancy,8,10000000,1529.1517,17325.379,15796.2273
nancy,8,10000000,1533.0961,17329.348,15796.251900000001
nancy,8,10000000,1537.2875,17333.49,15796.202500000001
nancy,8,10000000,1541.3501,17337.527,15796.176899999999
nancy,8,10000000,1545.3633,17341.594,15796.2307
nancy,8,10000000,1549.2809,17345.502,15796.2211
nancy,8,10000000,1553.0212,17349.299,15796.2778
rennes,8,10000000,1701.3779,17497.688,15796.310099999999
nancy,8,10000000,1557.365,17353.576,15796.211000000001
nantes,8,10000000,1416.9233,17213.14,15796.216699999999
nantes,8,10000000,1422.8851,17219.133,15796.247900000002
nantes,8,10000000,1430.2506,17226.14,15795.8894
nantes,8,10000000,1436.5966,17232.855,15796.258399999999
nantes,8,10000000,1442.1509,17238.363,15796.2121
nantes,8,10000000,1448.6006,17244.84,15796.2394
nantes,8,10000000,1454.7421,17250.617,15795.874899999999
nantes,8,10000000,1460.9698,17257.217,15796.2472
nantes,8,10000000,1466.618,17262.885,15796.266999999998
rennes,8,10000000,1706.0403,17502.32,15796.2797
nantes,8,10000000,1473.1648,17269.42,15796.255199999998
nantes,8,10000000,1478.5897,17274.818,15796.228299999999
nantes,8,10000000,1485.5693,17281.799,15796.2297
nantes,8,10000000,1491.1302,17287.021,15795.890800000001
nantes,8,10000000,1497.6544,17293.904,15796.2496
nantes,8,10000000,1503.7292,17299.953,15796.223800000002
rennes,8,10000000,1409.5531,17205.8,15796.246899999998
rennes,8,10000000,1415.2742,17211.162,15795.8878
rennes,8,10000000,1420.0173,17216.201,15796.183700000001
rennes,8,10000000,1425.016,17221.219,15796.203000000001
nantes,8,10000000,1719.9517,17515.191,15795.2393
rennes,8,10000000,1710.8867,17507.197,15796.310300000001
rennes,8,10000000,1430.0282,17226.217,15796.1888
rennes,8,10000000,1435.3605,17231.299,15795.938499999998
rennes,8,10000000,1439.9532,17236.15,15796.196800000002
rennes,8,10000000,1444.9014,17241.092,15796.1906
rennes,8,10000000,1449.9899,17246.164,15796.1741
rennes,8,10000000,1454.8254,17251.002,15796.1766
rennes,8,10000000,1459.5448,17255.709,15796.1642
rennes,8,10000000,1464.9034,17260.762,15795.8586
rennes,8,10000000,1469.5502,17265.72,15796.169800000001
rennes,8,10000000,1474.795,17271.002,15796.207
rennes,8,10000000,1716.0298,17512.28,15796.250199999999
rennes,8,10000000,1479.4221,17275.607,15796.1849
toulouse,8,10000000,1398.2067,17193.633,15795.426300000001
toulouse,8,10000000,1402.8573,17198.264,15795.4067
toulouse,8,10000000,1406.9319,17201.973,15795.041100000002
toulouse,8,10000000,1410.0917,17205.432,15795.3403
toulouse,8,10000000,1414.6895,17209.979,15795.289499999999
toulouse,8,10000000,1418.6301,17213.984,15795.3539
toulouse,8,10000000,1422.5148,17217.89,15795.375199999999
toulouse,8,10000000,1426.3046,17221.674,15795.3694
toulouse,8,10000000,1430.799,17225.799,15795.0
rennes,8,10000000,1720.7235,17517.072,15796.3485
toulouse,8,10000000,1434.3081,17229.67,15795.361899999998
toulouse,8,10000000,1438.2251,17233.662,15795.4369
toulouse,8,10000000,1442.0251,17237.43,15795.4049
toulouse,8,10000000,1446.0182,17241.43,15795.4118
toulouse,8,10000000,1449.9678,17245.355,15795.3872
toulouse,8,10000000,1453.8318,17249.129,15795.2972
nancy,8,10000000,1405.1189,17200.87,15795.7511
nancy,8,10000000,1408.9115,17204.682,15795.7705
nancy,8,10000000,1412.9401,17208.783,15795.8429
nancy,8,10000000,1417.0371,17212.945,15795.9079
rennes,8,10000000,1725.7041,17522.01,15796.3059
nancy,8,10000000,1421.3925,17217.225,15795.832499999999
nancy,8,10000000,1425.49,17221.277,15795.786999999998
nancy,8,10000000,1429.5387,17225.305,15795.7663
nancy,8,10000000,1433.6333,17229.412,15795.7787
nancy,8,10000000,1437.6906,17233.512,15795.821399999999
nancy,8,10000000,1441.7697,17237.63,15795.8603
nancy,8,10000000,1446.1448,17241.889,15795.7442
nancy,8,10000000,1450.1508,17245.97,15795.819200000002
nancy,8,10000000,1454.362,17250.184,15795.822
nancy,8,10000000,1458.3992,17254.227,15795.8278
rennes,8,10000000,1730.6602,17526.984,15796.3238
nancy,8,10000000,1462.3256,17258.1,15795.774399999998
rennes,8,10000000,1312.1068,17107.934,15795.827200000002
rennes,8,10000000,1316.9529,17112.707,15795.754099999998
rennes,8,10000000,1321.6069,17117.879,15796.2721
rennes,8,10000000,1327.1091,17122.854,15795.7449
rennes,8,10000000,1331.5308,17127.322,15795.7912
rennes,8,10000000,1336.7809,17133.047,15796.266099999999
rennes,8,10000000,1341.5281,17137.777,15796.248899999999
rennes,8,10000000,1346.3403,17142.6,15796.259699999999
rennes,8,10000000,1351.4169,17147.674,15796.257099999999
rennes,8,10000000,1735.8258,17533.092,15797.2662
rennes,8,10000000,1356.391,17152.621,15796.23
rennes,8,10000000,1361.1338,17157.367,15796.233199999999
rennes,8,10000000,1366.1265,17162.352,15796.225499999999
rennes,8,10000000,1370.9431,17167.197,15796.2539
rennes,8,10000000,1376.1648,17172.395,15796.2302
rennes,8,10000000,1380.9968,17177.27,15796.2732
rennes,8,10000000,1288.102,17084.23,15796.127999999999
rennes,8,10000000,1292.9813,17089.174,15796.1927
rennes,8,10000000,1297.8539,17094.057,15796.2031
rennes,8,10000000,1303.2423,17099.402,15796.159699999998
rennes,8,10000000,1740.4518,17536.777,15796.325199999997
rennes,8,10000000,1308.2179,17104.371,15796.1531
rennes,8,10000000,1313.3164,17109.463,15796.1466
rennes,8,10000000,1318.2853,17114.447,15796.1617
rennes,8,10000000,1322.898,17119.076,15796.178000000002
rennes,8,10000000,1327.9056,17124.072,15796.1664
rennes,8,10000000,1332.754,17128.977,15796.222999999998
rennes,8,10000000,1338.2532,17133.896,15795.642800000001
rennes,8,10000000,1342.4827,17138.629,15796.1463
rennes,8,10000000,1347.3536,17143.47,15796.1164
rennes,8,10000000,1352.423,17148.613,15796.19
rennes,8,10000000,1745.9121,17542.213,15796.3009
rennes,8,10000000,1357.5612,17153.258,15795.696800000002
rennes,8,10000000,1259.1964,17055.344,15796.1476
rennes,8,10000000,1264.1368,17060.082,15795.945199999998
rennes,8,10000000,1268.8964,17067.045,15798.148599999999
rennes,8,10000000,1273.6476,17069.693,15796.045399999999
rennes,8,10000000,1278.5896,17074.713,15796.1234
rennes,8,10000000,1283.3875,17079.527,15796.139499999997
rennes,8,10000000,1288.2339,17084.383,15796.149100000002
rennes,8,10000000,1293.2717,17089.39,15796.1183
rennes,8,10000000,1298.3623,17094.486,15796.1237
rennes,8,10000000,1750.5714,17546.848,15796.276600000001
rennes,8,10000000,1303.0968,17099.229,15796.1322
rennes,8,10000000,1308.0203,17104.17,15796.149699999998
rennes,8,10000000,1312.8032,17108.871,15796.067799999999
rennes,8,10000000,1317.604,17113.7,15796.096000000001
rennes,8,10000000,1322.6364,17118.8,15796.1636
rennes,8,10000000,1327.5552,17123.729,15796.173799999999
toulouse,8,10000000,1269.8602,17065.395,15795.534800000001
toulouse,8,10000000,1273.6938,17069.209,15795.515199999998
toulouse,8,10000000,1277.6311,17073.174,15795.542899999999
toulouse,8,10000000,1281.9551,17077.564,15795.6089
rennes,8,10000000,1755.8026,17551.867,15796.0644
toulouse,8,10000000,1285.9734,17081.531,15795.557599999998
toulouse,8,10000000,1290.0409,17085.576,15795.535100000001
toulouse,8,10000000,1293.9391,17089.45,15795.510900000001
toulouse,8,10000000,1297.9255,17093.416,15795.490500000002
toulouse,8,10000000,1301.8798,17097.438,15795.558199999998
toulouse,8,10000000,1305.847,17101.36,15795.513
toulouse,8,10000000,1309.6442,17105.193,15795.548799999999
toulouse,8,10000000,1313.6964,17109.254,15795.5576
toulouse,8,10000000,1317.5089,17113.047,15795.538099999998
toulouse,8,10000000,1321.2976,17116.875,15795.5774
nantes,8,10000000,1726.1968,17525.135,15798.938199999999
rennes,8,10000000,1760.8625,17557.16,15796.2975
toulouse,8,10000000,1326.1299,17121.688,15795.558099999998
nantes,8,10000000,1650.4216,17446.738,15796.316400000002
nantes,8,10000000,1656.0742,17452.488,15796.413800000002
nantes,8,10000000,1661.7437,17458.094,15796.350300000002
nantes,8,10000000,1668.3445,17464.676,15796.3315
nantes,8,10000000,1673.7112,17470.053,15796.3418
nantes,8,10000000,1680.2518,17476.584,15796.332199999999
nantes,8,10000000,1685.561,17481.9,15796.339000000002
nantes,8,10000000,1692.0298,17488.36,15796.3302
nantes,8,10000000,1697.518,17493.832,15796.313999999998
nantes,8,10000000,1731.905,17527.145,15795.24
nantes,8,10000000,1704.4089,17501.734,15797.3251
nantes,8,10000000,1709.4147,17505.76,15796.345299999999
nantes,8,10000000,1716.6113,17512.477,15795.865699999998
nantes,8,10000000,1721.7423,17518.068,15796.3257
nantes,8,10000000,1728.5527,17525.145,15796.5923
nantes,8,10000000,1734.0951,17530.426,15796.330899999999
nancy,8,10000000,1762.7333,17558.617,15795.883699999998
nancy,8,10000000,1766.5553,17562.475,15795.919699999999
nancy,8,10000000,1770.7014,17566.555,15795.8536
nancy,8,10000000,1774.696,17570.572,15795.876
nantes,8,10000000,1737.6844,17533.393,15795.7086
nancy,8,10000000,1778.7543,17574.611,15795.8567
nancy,8,10000000,1782.4347,17578.32,15795.8853
nancy,8,10000000,1786.7902,17582.727,15795.9368
nancy,8,10000000,1790.801,17586.688,15795.886999999999
nancy,8,10000000,1794.9535,17590.844,15795.890500000001
nancy,8,10000000,1798.9767,17594.842,15795.865300000001
nancy,8,10000000,1803.1058,17599.008,15795.902200000002
nancy,8,10000000,1807.0741,17602.965,15795.8909
nancy,8,10000000,1810.8346,17606.732,15795.8974
nancy,8,10000000,1814.6101,17610.498,15795.8879
nantes,8,10000000,1743.472,17539.082,15795.609999999999
nancy,8,10000000,1818.3466,17614.234,15795.8874
nancy,8,10000000,1735.6052,17531.371,15795.7658
nancy,8,10000000,1739.9578,17535.176,15795.2182
nancy,8,10000000,1743.7288,17539.475,15795.746199999998
nancy,8,10000000,1747.7257,17543.428,15795.7023
nancy,8,10000000,1751.9982,17547.777,15795.778799999998
nancy,8,10000000,1756.18,17551.857,15795.677
nancy,8,10000000,1760.187,17555.984,15795.797
nancy,8,10000000,1764.3378,17560.018,15795.6802
nancy,8,10000000,1768.3628,17564.115,15795.7522
nantes,8,10000000,1749.4019,17544.992,15795.590099999998
nancy,8,10000000,1772.4271,17568.104,15795.676899999999
nancy,8,10000000,1776.4935,17572.201,15795.7075
nancy,8,10000000,1780.4221,17576.123,15795.7009
nancy,8,10000000,1784.3167,17580.041,15795.724300000002
nancy,8,10000000,1788.2145,17583.957,15795.742499999998
nancy,8,10000000,1792.1802,17587.922,15795.741799999998
nancy,8,10000000,1704.6654,17500.557,15795.8916
nancy,8,10000000,1708.6986,17504.584,15795.8854
nancy,8,10000000,1712.704,17508.586,15795.882
nancy,8,10000000,1716.841,17512.719,15795.878
nantes,8,10000000,1756.6401,17551.896,15795.2559
nancy,8,10000000,1720.8904,17516.844,15795.9536
nancy,8,10000000,1725.132,17521.021,15795.889000000001
nancy,8,10000000,1729.2477,17525.127,15795.8793
nancy,8,10000000,1733.2363,17529.123,15795.8867
nancy,8,10000000,1737.1451,17533.04,15795.894900000001
nancy,8,10000000,1741.2507,17537.252,15796.0013
nancy,8,10000000,1745.4209,17541.305,15795.8841
nancy,8,10000000,1749.4281,17545.303,15795.874899999999
nancy,8,10000000,1753.4072,17549.295,15795.887799999999
nancy,8,10000000,1757.9166,17553.709,15795.792399999998
nantes,8,10000000,1761.6122,17557.195,15795.5828
nancy,8,10000000,1761.8674,17557.842,15795.974600000001
nantes,8,10000000,1556.1996,17352.52,15796.3204
nantes,8,10000000,1562.2947,17358.58,15796.285300000001
nantes,8,10000000,1568.0936,17364.418,15796.324400000001
nantes,8,10000000,1574.8864,17371.213,15796.3266
nantes,8,10000000,1580.8549,17376.863,15796.008100000001
nantes,8,10000000,1586.7286,17382.758,15796.029400000001
nantes,8,10000000,1593.5135,17389.406,15795.892499999998
nantes,8,10000000,1598.5261,17394.822,15796.295900000001
nantes,8,10000000,1605.2094,17401.555,15796.3456
nantes,9,10000000,1774.6837,17118.404,15343.720299999999
nantes,9,10000000,1829.6047,17173.281,15343.6763
nantes,9,10000000,1618.8965,16962.814,15343.917499999998
nantes,9,10000000,1623.7725,16967.629,15343.856500000002
nantes,9,10000000,1630.9326,16974.834,15343.901399999999
nantes,9,10000000,1636.6943,16980.602,15343.9077
nantes,9,10000000,1643.3776,16987.285,15343.9074
nantes,9,10000000,1649.2122,16993.137,15343.924799999999
nantes,9,10000000,1548.2222,16891.396,15343.1738
nantes,9,10000000,1553.217,16896.773,15343.556
nantes,9,10000000,1559.8986,16903.48,15343.5814
nantes,9,10000000,1565.2454,16908.846,15343.600600000002
nantes,9,10000000,1834.9087,17178.607,15343.6983
nantes,9,10000000,1571.5935,16915.143,15343.549500000001
nantes,9,10000000,1577.4315,16921.016,15343.584499999999
nantes,9,10000000,1583.8685,16927.328,15343.4595
nantes,9,10000000,1589.8518,16933.47,15343.6182
nantes,9,10000000,1595.5221,16939.006,15343.483900000001
nantes,9,10000000,1601.9791,16945.51,15343.530899999998
nantes,9,10000000,1607.7709,16951.291,15343.520100000002
nantes,9,10000000,1613.8782,16957.46,15343.5818
nantes,9,10000000,1619.4375,16962.97,15343.532500000001
nantes,9,10000000,1626.5061,16969.99,15343.483900000001
nantes,9,10000000,1841.9995,17185.701,15343.701500000001
nantes,9,10000000,1632.3674,16975.902,15343.534599999999
toulouse,9,10000000,1593.2751,16936.11,15342.8349
toulouse,9,10000000,1597.0786,16939.814,15342.735399999998
toulouse,9,10000000,1601.0895,16943.826,15342.7365
toulouse,9,10000000,1605.0215,16947.822,15342.8005
toulouse,9,10000000,1609.118,16951.967,15342.849
toulouse,9,10000000,1613.184,16956.014,15342.83
toulouse,9,10000000,1616.9137,16959.629,15342.7153
toulouse,9,10000000,1620.8934,16963.7,15342.8066
toulouse,9,10000000,1624.9373,16967.83,15342.892700000002
nantes,9,10000000,1847.123,17190.975,15343.851999999999
toulouse,9,10000000,1628.8743,16971.7,15342.825700000001
toulouse,9,10000000,1632.8811,16975.648,15342.7669
toulouse,9,10000000,1636.1394,16978.953,15342.813600000001
toulouse,9,10000000,1640.4066,16983.182,15342.7754
toulouse,9,10000000,1644.3651,16987.166,15342.800900000002
toulouse,9,10000000,1649.3022,16992.037,15342.7348
toulouse,9,10000000,1542.5812,16885.541,15342.9598
toulouse,9,10000000,1546.4265,16889.363,15342.936500000002
toulouse,9,10000000,1551.6272,16894.62,15342.9928
toulouse,9,10000000,1555.6542,16898.613,15342.9588
nantes,9,10000000,1854.2606,17197.973,15343.712400000002
toulouse,9,10000000,1559.3464,16902.287,15342.9406
toulouse,9,10000000,1563.1478,16906.05,15342.902199999999
toulouse,9,10000000,1566.8292,16909.76,15342.930799999998
toulouse,9,10000000,1569.7897,16912.76,15342.970299999999
toulouse,9,10000000,1574.117,16917.07,15342.953
toulouse,9,10000000,1578.4395,16921.342,15342.9025
toulouse,9,10000000,1582.7246,16925.232,15342.5074
toulouse,9,10000000,1586.1938,16929.16,15342.966199999999
toulouse,9,10000000,1589.7881,16932.75,15342.9619
toulouse,9,10000000,1594.9219,16937.885,15342.963099999999
nantes,9,10000000,1859.9834,17203.695,15343.711599999999
toulouse,9,10000000,1600.5457,16943.477,15342.931299999998
toulouse,9,10000000,1539.6666,16882.53,15342.863399999998
toulouse,9,10000000,1544.9844,16887.752,15342.767600000001
toulouse,9,10000000,1549.049,16891.764,15342.715
toulouse,9,10000000,1553.0153,16895.875,15342.8597
toulouse,9,10000000,1557.1053,16899.979,15342.8737
toulouse,9,10000000,1561.2025,16904.094,15342.891500000002
toulouse,9,10000000,1565.1493,16907.959,15342.809699999998
toulouse,9,10000000,1568.9576,16911.748,15342.7904
toulouse,9,10000000,1572.972,16915.746,15342.774
rennes,9,10000000,1756.5994,17099.947,15343.347600000001
toulouse,9,10000000,1576.9198,16919.732,15342.8122
toulouse,9,10000000,1580.9257,16923.678,15342.7523
toulouse,9,10000000,1584.709,16927.512,15342.802999999998
toulouse,9,10000000,1588.7316,16931.547,15342.8154
toulouse,9,10000000,1592.7217,16935.465,15342.7433
toulouse,9,10000000,1596.7483,16939.447,15342.6987
nancy,9,10000000,1530.688,16873.332,15342.643999999998
nancy,9,10000000,1534.5452,16877.143,15342.5978
nancy,9,10000000,1538.4009,16881.0,15342.5991
nancy,9,10000000,1542.9332,16885.012,15342.0788
rennes,9,10000000,1761.6779,17104.97,15343.2921
nancy,9,10000000,1546.4393,16889.084,15342.644699999999
nancy,9,10000000,1550.4841,16893.193,15342.7089
nancy,9,10000000,1554.6653,16897.346,15342.6807
nancy,9,10000000,1558.8715,16901.55,15342.6785
nancy,9,10000000,1563.0994,16905.69,15342.5906
nancy,9,10000000,1566.9835,16909.627,15342.6435
nancy,9,10000000,1571.1536,16913.738,15342.584400000002
nancy,9,10000000,1575.2664,16917.988,15342.7216
nancy,9,10000000,1579.3722,16922.047,15342.674799999999
nancy,9,10000000,1584.1398,16926.283,15342.143199999999
rennes,9,10000000,1766.3605,17109.648,15343.2875
nancy,9,10000000,1587.6761,16930.264,15342.587899999999
nantes,9,10000000,1415.8335,16759.414,15343.5805
nantes,9,10000000,1420.9325,16764.578,15343.645500000002
nantes,9,10000000,1427.7476,16771.018,15343.2704
nantes,9,10000000,1433.1107,16776.676,15343.5653
nantes,9,10000000,1439.5217,16783.113,15343.591300000002
nantes,9,10000000,1445.0303,16788.605,15343.5747
nantes,9,10000000,1451.3256,16794.516,15343.1904
nantes,9,10000000,1457.2313,16800.809,15343.577700000002
nantes,9,10000000,1463.1746,16806.76,15343.585399999998
rennes,9,10000000,1771.2869,17114.547,15343.2601
nantes,9,10000000,1470.4131,16813.62,15343.2069
nantes,9,10000000,1475.5896,16819.158,15343.5684
nantes,9,10000000,1482.7175,16826.29,15343.5725
nantes,9,10000000,1488.2104,16831.79,15343.579600000001
nantes,9,10000000,1495.2323,16838.85,15343.617699999999
nantes,9,10000000,1501.0736,16844.684,15343.610400000001
rennes,9,10000000,1405.7997,16749.12,15343.3203
rennes,9,10000000,1410.7445,16754.139,15343.394499999999
rennes,9,10000000,1415.6654,16759.04,15343.374600000001
rennes,9,10000000,1420.9407,16763.836,15342.8953
nantes,9,10000000,1781.0276,17124.727,15343.6994
rennes,9,10000000,1776.1859,17119.49,15343.304100000001
rennes,9,10000000,1425.2659,16768.646,15343.3801
rennes,9,10000000,1430.5408,16773.92,15343.379199999998
rennes,9,10000000,1435.5879,16778.969,15343.3811
rennes,9,10000000,1440.0665,16783.426,15343.359499999999
rennes,9,10000000,1445.1405,16788.518,15343.3775
rennes,9,10000000,1449.7909,16793.139,15343.3481
rennes,9,10000000,1455.3798,16798.28,15342.900199999998
rennes,9,10000000,1459.9362,16803.318,15343.3818
rennes,9,10000000,1464.8396,16807.846,15343.006400000002
rennes,9,10000000,1469.7316,16813.105,15343.3734
rennes,9,10000000,1781.2998,17124.557,15343.2572
rennes,9,10000000,1474.5789,16817.957,15343.378099999998
toulouse,9,10000000,1403.9991,16746.818,15342.818899999998
toulouse,9,10000000,1407.9753,16750.816,15342.840699999999
toulouse,9,10000000,1411.91,16754.68,15342.77
toulouse,9,10000000,1415.726,16758.504,15342.778
toulouse,9,10000000,1419.665,16762.426,15342.760999999999
toulouse,9,10000000,1423.3931,16766.164,15342.770900000001
toulouse,9,10000000,1427.1848,16769.992,15342.8072
toulouse,9,10000000,1431.0914,16773.957,15342.8656
toulouse,9,10000000,1435.247,16778.059,15342.812000000002
rennes,9,10000000,1786.1526,17129.445,15343.2924
toulouse,9,10000000,1439.0979,16781.857,15342.7591
toulouse,9,10000000,1442.9038,16785.748,15342.8442
toulouse,9,10000000,1446.718,16789.56,15342.842
toulouse,9,10000000,1450.3226,16793.203,15342.880400000002
toulouse,9,10000000,1454.3346,16797.146,15342.8114
toulouse,9,10000000,1458.1581,16801.102,15342.943899999998
nancy,9,10000000,1418.4003,16761.395,15342.994700000001
nancy,9,10000000,1421.9993,16764.988,15342.988700000002
nancy,9,10000000,1426.1709,16769.193,15343.022099999998
nancy,9,10000000,1430.2047,16773.24,15343.035300000001
rennes,9,10000000,1791.4025,17134.246,15342.843499999999
nancy,9,10000000,1434.273,16777.303,15343.03
nancy,9,10000000,1437.982,16781.055,15343.073
nancy,9,10000000,1442.3442,16785.371,15343.0268
nancy,9,10000000,1446.279,16789.275,15342.996000000001
nancy,9,10000000,1450.1826,16793.21,15343.027399999999
nancy,9,10000000,1454.238,16797.258,15343.020000000002
nancy,9,10000000,1458.5369,16801.55,15343.0131
nancy,9,10000000,1462.6064,16805.63,15343.0236
nancy,9,10000000,1466.4755,16809.54,15343.0645
nancy,9,10000000,1470.4027,16813.43,15343.0273
rennes,9,10000000,1796.3555,17139.709,15343.3535
nancy,9,10000000,1474.2275,16817.283,15343.055499999999
rennes,9,10000000,1279.5634,16623.229,15343.6656
rennes,9,10000000,1284.6892,16628.23,15343.540799999999
rennes,9,10000000,1289.618,16633.129,15343.511
rennes,9,10000000,1294.3442,16638.027,15343.682799999999
rennes,9,10000000,1298.897,16642.553,15343.655999999999
rennes,9,10000000,1304.1089,16647.848,15343.739100000003
rennes,9,10000000,1308.939,16654.334,15345.394999999999
rennes,9,10000000,1314.0054,16657.68,15343.6746
rennes,9,10000000,1319.215,16662.848,15343.633000000002
rennes,9,10000000,1801.3508,17144.656,15343.305199999999
rennes,9,10000000,1323.8042,16667.482,15343.6778
rennes,9,10000000,1329.009,16672.67,15343.660999999998
rennes,9,10000000,1333.6365,16677.2,15343.5635
rennes,9,10000000,1338.7083,16682.385,15343.676699999998
rennes,9,10000000,1343.3059,16686.953,15343.647100000002
rennes,9,10000000,1348.5183,16692.152,15343.633699999998
rennes,9,10000000,1270.0784,16613.438,15343.359599999998
rennes,9,10000000,1274.8793,16618.324,15343.4447
rennes,9,10000000,1280.2749,16623.717,15343.4421
rennes,9,10000000,1285.6068,16628.572,15342.9652
rennes,9,10000000,1806.0775,17149.375,15343.2975
rennes,9,10000000,1290.4518,16633.594,15343.1422
rennes,9,10000000,1294.8934,16638.283,15343.389599999999
rennes,9,10000000,1300.4214,16643.518,15343.0966
rennes,9,10000000,1304.9213,16648.3,15343.3787
rennes,9,10000000,1309.8302,16653.213,15343.3828
rennes,9,10000000,1314.3077,16657.734,15343.426300000001
rennes,9,10000000,1319.5892,16662.996,15343.406799999999
rennes,9,10000000,1324.5284,16667.955,15343.426600000003
rennes,9,10000000,1329.3564,16672.795,15343.438599999998
rennes,9,10000000,1334.4073,16677.8,15343.392699999999
rennes,9,10000000,1811.3124,17154.643,15343.3306
rennes,9,10000000,1339.2198,16682.572,15343.3522
rennes,9,10000000,1197.3099,16540.691,15343.381099999999
rennes,9,10000000,1201.9115,16545.314,15343.402499999998
rennes,9,10000000,1207.2374,16550.59,15343.3526
rennes,9,10000000,1212.4832,16555.904,15343.420799999998
rennes,9,10000000,1217.0405,16560.41,15343.3695
rennes,9,10000000,1222.0065,16565.47,15343.463500000002
rennes,9,10000000,1227.3934,16570.355,15342.961599999999
rennes,9,10000000,1231.6443,16575.057,15343.4127
rennes,9,10000000,1236.8423,16580.234,15343.3917
rennes,9,10000000,1816.6652,17159.494,15342.8288
rennes,9,10000000,1242.0505,16584.965,15342.9145
rennes,9,10000000,1246.9003,16589.8,15342.8997
rennes,9,10000000,1251.5751,16594.93,15343.3549
rennes,9,10000000,1256.4822,16599.883,15343.400800000001
rennes,9,10000000,1261.7079,16605.104,15343.3961
rennes,9,10000000,1266.509,16609.924,15343.414999999999
toulouse,9,10000000,1159.5375,16505.072,15345.5345
toulouse,9,10000000,1163.3658,16506.266,15342.9002
toulouse,9,10000000,1167.3445,16510.268,15342.9235
toulouse,9,10000000,1171.8224,16514.754,15342.9316
rennes,9,10000000,1821.521,17164.799,15343.277999999998
toulouse,9,10000000,1176.2493,16519.166,15342.916700000002
toulouse,9,10000000,1180.9729,16523.902,15342.929099999998
toulouse,9,10000000,1184.7845,16527.684,15342.899500000001
toulouse,9,10000000,1189.8224,16532.803,15342.980599999999
toulouse,9,10000000,1193.2388,16536.17,15342.931199999999
toulouse,9,10000000,1197.5802,16540.521,15342.9408
toulouse,9,10000000,1201.3923,16544.332,15342.939699999999
toulouse,9,10000000,1204.9,16547.83,15342.930000000002
toulouse,9,10000000,1208.9053,16551.848,15342.942700000001
toulouse,9,10000000,1212.4473,16555.418,15342.970700000002
nantes,9,10000000,1786.9115,17130.592,15343.6805
rennes,9,10000000,1826.8357,17169.688,15342.852299999999
toulouse,9,10000000,1216.2041,16559.133,15342.928900000003
nantes,9,10000000,1681.1753,17024.76,15343.584699999998
nantes,9,10000000,1686.4391,17029.996,15343.5569
nantes,9,10000000,1692.8773,17036.05,15343.1727
nantes,9,10000000,1698.8601,17042.35,15343.489899999999
nantes,9,10000000,1704.4457,17047.994,15343.548299999999
nantes,9,10000000,1710.6478,17054.238,15343.5902
nantes,9,10000000,1716.3173,17059.945,15343.6277
nantes,9,10000000,1722.7328,17066.285,15343.5522
nantes,9,10000000,1728.4363,17072.012,15343.5757
nantes,9,10000000,1793.9292,17137.303,15343.3738
nantes,9,10000000,1735.2292,17078.791,15343.561800000001
nantes,9,10000000,1741.7365,17084.89,15343.1535
nantes,9,10000000,1748.1011,17091.324,15343.2229
nantes,9,10000000,1753.3536,17096.924,15343.570399999999
nantes,9,10000000,1760.0879,17103.59,15343.5021
nantes,9,10000000,1766.0797,17109.627,15343.5473
nancy,9,10000000,1808.4137,17151.326,15342.9123
nancy,9,10000000,1812.147,17155.012,15342.864999999998
nancy,9,10000000,1816.3235,17159.17,15342.846499999998
nancy,9,10000000,1820.3544,17163.227,15342.872599999999
nantes,9,10000000,1799.6898,17142.98,15343.2902
nancy,9,10000000,1824.4403,17167.305,15342.8647
nancy,9,10000000,1828.3114,17171.258,15342.946600000001
nancy,9,10000000,1832.1642,17175.07,15342.9058
nancy,9,10000000,1836.6394,17179.498,15342.8586
nancy,9,10000000,1840.7477,17183.621,15342.8733
nancy,9,10000000,1844.7628,17187.611,15342.8482
nancy,9,10000000,1848.6403,17191.512,15342.8717
nancy,9,10000000,1852.6421,17195.506,15342.8639
nancy,9,10000000,1856.6615,17199.525,15342.863500000001
nancy,9,10000000,1860.3752,17203.295,15342.919799999998
nantes,9,10000000,1806.216,17149.512,15343.295999999998
nancy,9,10000000,1864.7335,17207.607,15342.8735
nancy,9,10000000,1758.003,17100.904,15342.900999999998
nancy,9,10000000,1762.3727,17105.215,15342.8423
nancy,9,10000000,1766.3896,17109.26,15342.870399999998
nancy,9,10000000,1770.4442,17113.332,15342.887799999999
nancy,9,10000000,1774.4241,17117.297,15342.872899999998
nancy,9,10000000,1778.654,17121.496,15342.841999999999
nancy,9,10000000,1782.8026,17125.68,15342.877400000001
nancy,9,10000000,1786.8446,17129.744,15342.899399999998
nancy,9,10000000,1790.7338,17133.64,15342.9062
nantes,9,10000000,1811.8754,17155.521,15343.6456
nancy,9,10000000,1794.8619,17137.707,15342.845099999999
nancy,9,10000000,1798.7701,17141.652,15342.881899999998
nancy,9,10000000,1803.0066,17145.875,15342.8684
nancy,9,10000000,1806.9928,17149.824,15342.8312
nancy,9,10000000,1811.2133,17154.002,15342.788700000001
nancy,9,10000000,1814.9934,17157.863,15342.869600000002
nancy,9,10000000,1729.5444,17072.52,15342.9756
nancy,9,10000000,1733.3578,17076.326,15342.968200000001
nancy,9,10000000,1737.3925,17080.398,15343.005500000001
nancy,9,10000000,1741.2844,17084.291,15343.0066
nantes,9,10000000,1817.8163,17161.438,15343.621699999998
nancy,9,10000000,1745.3671,17088.365,15342.997900000002
nancy,9,10000000,1749.4974,17092.467,15342.9696
nancy,9,10000000,1753.4559,17096.465,15343.0091
nancy,9,10000000,1757.6241,17100.605,15342.980899999999
nancy,9,10000000,1761.6453,17104.613,15342.967700000001
nancy,9,10000000,1765.5194,17108.61,15343.090600000001
nancy,9,10000000,1769.8094,17112.812,15343.002600000002
nancy,9,10000000,1773.7925,17116.8,15343.0075
nancy,9,10000000,1778.1781,17121.23,15343.051899999999
nancy,9,10000000,1782.7446,17125.703,15342.958400000001
nantes,9,10000000,1823.389,17167.057,15343.668000000001
nancy,9,10000000,1786.6398,17129.64,15343.000199999999
nantes,9,10000000,1565.1881,16908.775,15343.586900000002
nantes,9,10000000,1571.3429,16915.217,15343.8741
nantes,9,10000000,1576.8938,16920.799,15343.9052
nantes,9,10000000,1583.1501,16927.01,15343.859899999998
nantes,9,10000000,1588.7142,16932.615,15343.900800000001
nantes,9,10000000,1594.9478,16938.865,15343.917200000002
nantes,9,10000000,1600.3475,16944.24,15343.892500000002
nantes,9,10000000,1607.1956,16950.697,15343.501400000001
nantes,9,10000000,1612.3593,16956.234,15343.8747
