cluster,run_index,msg_size,lost,total_msg_packets,loss_rate
toulouse,0,10000,2,17,0.11764705882352941
toulouse,0,10000,2,17,0.11764705882352941
toulouse,0,10000,2,17,0.11764705882352941
toulouse,0,10000,1,19,0.05263157894736842
toulouse,0,10000,2,17,0.11764705882352941
toulouse,0,10000,2,18,0.1111111111111111
toulouse,0,10000,2,18,0.1111111111111111
toulouse,0,10000,2,17,0.11764705882352941
toulouse,0,10000,2,17,0.11764705882352941
toulouse,0,10000,2,17,0.11764705882352941
toulouse,0,10000,2,17,0.11764705882352941
toulouse,0,10000,2,17,0.11764705882352941
toulouse,0,10000,2,18,0.1111111111111111
toulouse,0,10000,2,17,0.11764705882352941
toulouse,0,10000,1,20,0.05
toulouse,0,10000,2,17,0.11764705882352941
toulouse,0,10000,2,11,0.18181818181818182
toulouse,0,10000,2,17,0.11764705882352941
toulouse,0,10000,2,17,0.11764705882352941
toulouse,1,10000,2,17,0.11764705882352941
toulouse,1,10000,2,17,0.11764705882352941
toulouse,1,10000,2,18,0.1111111111111111
toulouse,1,10000,2,17,0.11764705882352941
toulouse,1,10000,2,17,0.11764705882352941
toulouse,1,10000,2,17,0.11764705882352941
toulouse,1,10000,2,17,0.11764705882352941
toulouse,1,10000,2,17,0.11764705882352941
toulouse,1,10000,2,17,0.11764705882352941
toulouse,1,10000,2,17,0.11764705882352941
toulouse,2,10000,1,20,0.05
toulouse,2,10000,2,17,0.11764705882352941
toulouse,2,10000,2,17,0.11764705882352941
toulouse,2,10000,2,17,0.11764705882352941
toulouse,2,10000,2,17,0.11764705882352941
toulouse,2,10000,2,17,0.11764705882352941
toulouse,2,10000,2,17,0.11764705882352941
toulouse,2,10000,1,19,0.05263157894736842
toulouse,2,10000,2,18,0.1111111111111111
toulouse,2,10000,2,17,0.11764705882352941
toulouse,2,10000,2,17,0.11764705882352941
toulouse,2,10000,2,17,0.11764705882352941
toulouse,2,10000,2,17,0.11764705882352941
toulouse,2,10000,1,20,0.05
toulouse,2,10000,2,19,0.10526315789473684
toulouse,2,10000,2,17,0.11764705882352941
toulouse,2,10000,2,17,0.11764705882352941
toulouse,2,10000,2,17,0.11764705882352941
toulouse,2,10000,2,18,0.1111111111111111
toulouse,2,10000,2,17,0.11764705882352941
toulouse,3,10000,2,17,0.11764705882352941
toulouse,3,10000,1,12,0.08333333333333333
toulouse,3,10000,2,17,0.11764705882352941
toulouse,3,10000,2,17,0.11764705882352941
toulouse,3,10000,1,12,0.08333333333333333
toulouse,3,10000,2,17,0.11764705882352941
toulouse,3,10000,2,17,0.11764705882352941
toulouse,3,10000,2,17,0.11764705882352941
toulouse,3,10000,2,18,0.1111111111111111
toulouse,3,10000,2,17,0.11764705882352941
toulouse,3,10000,2,17,0.11764705882352941
toulouse,4,10000,2,16,0.125
toulouse,4,10000,2,16,0.125
toulouse,4,10000,2,16,0.125
toulouse,4,10000,2,17,0.11764705882352941
toulouse,4,10000,2,16,0.125
toulouse,4,10000,2,16,0.125
toulouse,4,10000,2,16,0.125
toulouse,4,10000,2,16,0.125
toulouse,4,10000,2,16,0.125
toulouse,4,10000,2,16,0.125
toulouse,4,10000,2,16,0.125
toulouse,4,10000,2,16,0.125
toulouse,4,10000,2,16,0.125
toulouse,4,10000,2,16,0.125
toulouse,5,10000,2,16,0.125
toulouse,5,10000,2,16,0.125
toulouse,5,10000,2,16,0.125
toulouse,5,10000,2,18,0.1111111111111111
toulouse,5,10000,2,16,0.125
toulouse,5,10000,2,16,0.125
toulouse,5,10000,2,19,0.10526315789473684
toulouse,5,10000,2,16,0.125
toulouse,5,10000,2,19,0.10526315789473684
toulouse,5,10000,2,16,0.125
toulouse,5,10000,2,17,0.11764705882352941
toulouse,5,10000,2,16,0.125
toulouse,5,10000,2,16,0.125
toulouse,5,10000,4,21,0.19047619047619047
toulouse,5,10000,2,16,0.125
toulouse,5,10000,2,16,0.125
toulouse,5,10000,2,16,0.125
toulouse,6,10000,2,17,0.11764705882352941
toulouse,6,10000,2,17,0.11764705882352941
toulouse,6,10000,2,17,0.11764705882352941
toulouse,6,10000,2,17,0.11764705882352941
toulouse,6,10000,2,17,0.11764705882352941
toulouse,6,10000,2,17,0.11764705882352941
toulouse,6,10000,2,18,0.1111111111111111
toulouse,6,10000,2,20,0.1
toulouse,6,10000,2,17,0.11764705882352941
toulouse,6,10000,2,17,0.11764705882352941
toulouse,6,10000,2,18,0.1111111111111111
toulouse,7,10000,2,21,0.09523809523809523
toulouse,8,10000,2,17,0.11764705882352941
toulouse,8,10000,2,17,0.11764705882352941
toulouse,8,10000,2,17,0.11764705882352941
toulouse,8,10000,2,17,0.11764705882352941
toulouse,8,10000,2,17,0.11764705882352941
toulouse,8,10000,2,17,0.11764705882352941
toulouse,8,10000,2,17,0.11764705882352941
toulouse,9,10000,1,17,0.058823529411764705
toulouse,9,10000,1,17,0.058823529411764705
nantes,0,1000000,24,861,0.027874564459930314
nantes,0,1000000,24,861,0.027874564459930314
nantes,0,1000000,24,861,0.027874564459930314
nantes,0,1000000,24,861,0.027874564459930314
nantes,0,1000000,24,861,0.027874564459930314
nantes,0,1000000,24,861,0.027874564459930314
nantes,0,1000000,24,861,0.027874564459930314
nantes,0,1000000,24,861,0.027874564459930314
nantes,0,1000000,24,861,0.027874564459930314
nantes,0,1000000,24,861,0.027874564459930314
nantes,0,1000000,24,861,0.027874564459930314
nantes,0,1000000,24,861,0.027874564459930314
nantes,0,1000000,24,861,0.027874564459930314
nantes,0,1000000,24,861,0.027874564459930314
nantes,0,1000000,24,861,0.027874564459930314
nantes,0,1000000,24,861,0.027874564459930314
nantes,0,1000000,24,861,0.027874564459930314
nantes,0,1000000,24,861,0.027874564459930314
nantes,0,1000000,24,861,0.027874564459930314
nantes,0,1000000,24,861,0.027874564459930314
nantes,0,1000000,24,861,0.027874564459930314
nantes,0,1000000,24,861,0.027874564459930314
nantes,0,1000000,24,861,0.027874564459930314
nantes,0,1000000,24,861,0.027874564459930314
nantes,0,1000000,24,861,0.027874564459930314
toulouse,0,1000000,24,861,0.027874564459930314
toulouse,0,1000000,24,861,0.027874564459930314
toulouse,0,1000000,24,861,0.027874564459930314
toulouse,0,1000000,24,861,0.027874564459930314
toulouse,0,1000000,24,861,0.027874564459930314
toulouse,0,1000000,24,861,0.027874564459930314
toulouse,0,1000000,24,861,0.027874564459930314
toulouse,0,1000000,24,861,0.027874564459930314
toulouse,0,1000000,24,861,0.027874564459930314
nantes,0,1000000,24,861,0.027874564459930314
toulouse,0,1000000,24,861,0.027874564459930314
toulouse,0,1000000,24,861,0.027874564459930314
toulouse,0,1000000,24,861,0.027874564459930314
toulouse,0,1000000,24,861,0.027874564459930314
toulouse,0,1000000,24,861,0.027874564459930314
toulouse,0,1000000,24,861,0.027874564459930314
toulouse,0,1000000,24,861,0.027874564459930314
toulouse,0,1000000,24,861,0.027874564459930314
toulouse,0,1000000,24,861,0.027874564459930314
toulouse,0,1000000,24,861,0.027874564459930314
nantes,0,1000000,24,861,0.027874564459930314
toulouse,0,1000000,24,861,0.027874564459930314
toulouse,0,1000000,24,861,0.027874564459930314
toulouse,0,1000000,24,861,0.027874564459930314
toulouse,0,1000000,24,861,0.027874564459930314
toulouse,0,1000000,24,861,0.027874564459930314
toulouse,0,1000000,24,861,0.027874564459930314
toulouse,0,1000000,24,861,0.027874564459930314
toulouse,0,1000000,24,861,0.027874564459930314
toulouse,0,1000000,24,861,0.027874564459930314
toulouse,0,1000000,24,861,0.027874564459930314
nantes,0,1000000,24,861,0.027874564459930314
toulouse,0,1000000,24,861,0.027874564459930314
toulouse,0,1000000,24,861,0.027874564459930314
toulouse,0,1000000,24,861,0.027874564459930314
toulouse,0,1000000,24,861,0.027874564459930314
toulouse,0,1000000,24,861,0.027874564459930314
toulouse,0,1000000,24,861,0.027874564459930314
toulouse,0,1000000,24,861,0.027874564459930314
toulouse,0,1000000,24,861,0.027874564459930314
toulouse,0,1000000,24,861,0.027874564459930314
toulouse,0,1000000,24,861,0.027874564459930314
rennes,0,1000000,24,861,0.027874564459930314
toulouse,0,1000000,24,861,0.027874564459930314
toulouse,0,1000000,24,861,0.027874564459930314
toulouse,0,1000000,24,861,0.027874564459930314
toulouse,0,1000000,24,861,0.027874564459930314
toulouse,0,1000000,24,861,0.027874564459930314
toulouse,0,1000000,24,861,0.027874564459930314
nancy,0,1000000,24,861,0.027874564459930314
nancy,0,1000000,24,861,0.027874564459930314
nancy,0,1000000,24,861,0.027874564459930314
nancy,0,1000000,24,861,0.027874564459930314
rennes,0,1000000,24,861,0.027874564459930314
nancy,0,1000000,24,861,0.027874564459930314
nancy,0,1000000,24,861,0.027874564459930314
nancy,0,1000000,24,861,0.027874564459930314
nancy,0,1000000,24,861,0.027874564459930314
nancy,0,1000000,24,861,0.027874564459930314
nancy,0,1000000,24,861,0.027874564459930314
nancy,0,1000000,24,861,0.027874564459930314
nancy,0,1000000,24,861,0.027874564459930314
nancy,0,1000000,24,861,0.027874564459930314
nancy,0,1000000,24,861,0.027874564459930314
rennes,0,1000000,24,861,0.027874564459930314
nancy,0,1000000,24,861,0.027874564459930314
nantes,0,1000000,24,861,0.027874564459930314
nantes,0,1000000,24,861,0.027874564459930314
nantes,0,1000000,24,861,0.027874564459930314
nantes,0,1000000,24,861,0.027874564459930314
nantes,0,1000000,24,861,0.027874564459930314
nantes,0,1000000,24,861,0.027874564459930314
nantes,0,1000000,24,861,0.027874564459930314
nantes,0,1000000,24,861,0.027874564459930314
nantes,0,1000000,24,861,0.027874564459930314
rennes,0,1000000,24,861,0.027874564459930314
nantes,0,1000000,24,861,0.027874564459930314
nantes,0,1000000,24,861,0.027874564459930314
nantes,0,1000000,24,861,0.027874564459930314
nantes,0,1000000,24,861,0.027874564459930314
nantes,0,1000000,24,861,0.027874564459930314
nantes,0,1000000,24,861,0.027874564459930314
rennes,0,1000000,24,861,0.027874564459930314
rennes,0,1000000,24,861,0.027874564459930314
rennes,0,1000000,24,861,0.027874564459930314
rennes,0,1000000,24,861,0.027874564459930314
nantes,0,1000000,24,861,0.027874564459930314
rennes,0,1000000,24,861,0.027874564459930314
rennes,0,1000000,24,861,0.027874564459930314
rennes,0,1000000,24,861,0.027874564459930314
rennes,0,1000000,24,861,0.027874564459930314
rennes,0,1000000,24,861,0.027874564459930314
rennes,0,1000000,24,861,0.027874564459930314
rennes,0,1000000,24,861,0.027874564459930314
rennes,0,1000000,24,861,0.027874564459930314
rennes,0,1000000,24,861,0.027874564459930314
rennes,0,1000000,24,861,0.027874564459930314
rennes,0,1000000,24,861,0.027874564459930314
rennes,0,1000000,24,861,0.027874564459930314
rennes,0,1000000,24,861,0.027874564459930314
toulouse,0,1000000,24,861,0.027874564459930314
toulouse,0,1000000,24,861,0.027874564459930314
toulouse,0,1000000,24,861,0.027874564459930314
toulouse,0,1000000,24,861,0.027874564459930314
toulouse,0,1000000,24,861,0.027874564459930314
toulouse,0,1000000,24,861,0.027874564459930314
toulouse,0,1000000,24,861,0.027874564459930314
toulouse,0,1000000,24,861,0.027874564459930314
toulouse,0,1000000,24,861,0.027874564459930314
rennes,0,1000000,24,861,0.027874564459930314
toulouse,0,1000000,24,861,0.027874564459930314
toulouse,0,1000000,24,861,0.027874564459930314
toulouse,0,1000000,24,861,0.027874564459930314
toulouse,0,1000000,24,861,0.027874564459930314
toulouse,0,1000000,24,861,0.027874564459930314
toulouse,0,1000000,24,861,0.027874564459930314
nancy,0,1000000,24,861,0.027874564459930314
nancy,0,1000000,24,861,0.027874564459930314
nancy,0,1000000,24,861,0.027874564459930314
nancy,0,1000000,24,861,0.027874564459930314
rennes,0,1000000,24,861,0.027874564459930314
nancy,0,1000000,24,861,0.027874564459930314
nancy,0,1000000,24,861,0.027874564459930314
nancy,0,1000000,24,861,0.027874564459930314
nancy,0,1000000,24,861,0.027874564459930314
nancy,0,1000000,24,861,0.027874564459930314
nancy,0,1000000,24,861,0.027874564459930314
nancy,0,1000000,24,861,0.027874564459930314
nancy,0,1000000,24,861,0.027874564459930314
nancy,0,1000000,24,861,0.027874564459930314
nancy,0,1000000,24,861,0.027874564459930314
rennes,0,1000000,24,861,0.027874564459930314
nancy,0,1000000,24,861,0.027874564459930314
rennes,0,1000000,24,861,0.027874564459930314
rennes,0,1000000,24,861,0.027874564459930314
rennes,0,1000000,24,861,0.027874564459930314
rennes,0,1000000,24,861,0.027874564459930314
rennes,0,1000000,24,861,0.027874564459930314
rennes,0,1000000,24,861,0.027874564459930314
rennes,0,1000000,24,861,0.027874564459930314
rennes,0,1000000,24,861,0.027874564459930314
rennes,0,1000000,24,861,0.027874564459930314
rennes,0,1000000,24,861,0.027874564459930314
rennes,0,1000000,24,861,0.027874564459930314
rennes,0,1000000,24,861,0.027874564459930314
rennes,0,1000000,24,861,0.027874564459930314
rennes,0,1000000,24,861,0.027874564459930314
rennes,0,1000000,24,861,0.027874564459930314
rennes,0,1000000,24,861,0.027874564459930314
rennes,0,1000000,24,861,0.027874564459930314
rennes,0,1000000,24,861,0.027874564459930314
rennes,0,1000000,24,861,0.027874564459930314
rennes,0,1000000,24,861,0.027874564459930314
rennes,0,1000000,24,861,0.027874564459930314
rennes,0,1000000,24,861,0.027874564459930314
rennes,0,1000000,24,861,0.027874564459930314
rennes,0,1000000,24,861,0.027874564459930314
rennes,0,1000000,24,861,0.027874564459930314
rennes,0,1000000,24,861,0.027874564459930314
rennes,0,1000000,24,861,0.027874564459930314
rennes,0,1000000,24,861,0.027874564459930314
rennes,0,1000000,24,861,0.027874564459930314
rennes,0,1000000,24,861,0.027874564459930314
rennes,0,1000000,24,861,0.027874564459930314
rennes,0,1000000,24,861,0.027874564459930314
rennes,0,1000000,24,861,0.027874564459930314
rennes,0,1000000,24,861,0.027874564459930314
rennes,0,1000000,24,861,0.027874564459930314
rennes,0,1000000,24,861,0.027874564459930314
rennes,0,1000000,24,861,0.027874564459930314
rennes,0,1000000,24,861,0.027874564459930314
rennes,0,1000000,24,861,0.027874564459930314
rennes,0,1000000,24,861,0.027874564459930314
rennes,0,1000000,24,861,0.027874564459930314
rennes,0,1000000,24,861,0.027874564459930314
rennes,0,1000000,24,861,0.027874564459930314
rennes,0,1000000,24,861,0.027874564459930314
rennes,0,1000000,24,861,0.027874564459930314
rennes,0,1000000,24,861,0.027874564459930314
rennes,0,1000000,24,861,0.027874564459930314
rennes,0,1000000,24,861,0.027874564459930314
rennes,0,1000000,24,861,0.027874564459930314
toulouse,0,1000000,24,861,0.027874564459930314
toulouse,0,1000000,24,861,0.027874564459930314
toulouse,0,1000000,24,861,0.027874564459930314
toulouse,0,1000000,24,861,0.027874564459930314
rennes,0,1000000,24,861,0.027874564459930314
toulouse,0,1000000,24,861,0.027874564459930314
toulouse,0,1000000,24,861,0.027874564459930314
toulouse,0,1000000,24,861,0.027874564459930314
toulouse,0,1000000,24,861,0.027874564459930314
toulouse,0,1000000,24,861,0.027874564459930314
toulouse,0,1000000,24,861,0.027874564459930314
toulouse,0,1000000,24,861,0.027874564459930314
toulouse,0,1000000,24,861,0.027874564459930314
toulouse,0,1000000,24,861,0.027874564459930314
toulouse,0,1000000,24,861,0.027874564459930314
nantes,0,1000000,24,861,0.027874564459930314
rennes,0,1000000,24,861,0.027874564459930314
toulouse,0,1000000,24,861,0.027874564459930314
nantes,0,1000000,24,861,0.027874564459930314
nantes,0,1000000,24,861,0.027874564459930314
nantes,0,1000000,24,861,0.027874564459930314
nantes,0,1000000,24,861,0.027874564459930314
nantes,0,1000000,24,861,0.027874564459930314
nantes,0,1000000,24,861,0.027874564459930314
nantes,0,1000000,24,861,0.027874564459930314
nantes,0,1000000,24,861,0.027874564459930314
nantes,0,1000000,24,861,0.027874564459930314
nantes,0,1000000,24,861,0.027874564459930314
nantes,0,1000000,24,861,0.027874564459930314
nantes,0,1000000,24,861,0.027874564459930314
nantes,0,1000000,24,861,0.027874564459930314
nantes,0,1000000,24,861,0.027874564459930314
nantes,0,1000000,24,861,0.027874564459930314
nantes,0,1000000,24,861,0.027874564459930314
nancy,0,1000000,24,861,0.027874564459930314
nancy,0,1000000,24,861,0.027874564459930314
nancy,0,1000000,24,861,0.027874564459930314
nancy,0,1000000,24,861,0.027874564459930314
nantes,0,1000000,24,861,0.027874564459930314
nancy,0,1000000,24,861,0.027874564459930314
nancy,0,1000000,24,861,0.027874564459930314
nancy,0,1000000,24,861,0.027874564459930314
nancy,0,1000000,24,861,0.027874564459930314
nancy,0,1000000,24,861,0.027874564459930314
nancy,0,1000000,24,861,0.027874564459930314
nancy,0,1000000,24,861,0.027874564459930314
nancy,0,1000000,24,861,0.027874564459930314
nancy,0,1000000,24,861,0.027874564459930314
nancy,0,1000000,24,861,0.027874564459930314
nantes,0,1000000,24,861,0.027874564459930314
nancy,0,1000000,24,861,0.027874564459930314
nancy,0,1000000,24,861,0.027874564459930314
nancy,0,1000000,24,861,0.027874564459930314
nancy,0,1000000,24,861,0.027874564459930314
nancy,0,1000000,24,861,0.027874564459930314
nancy,0,1000000,24,861,0.027874564459930314
nancy,0,1000000,24,861,0.027874564459930314
nancy,0,1000000,24,861,0.027874564459930314
nancy,0,1000000,24,861,0.027874564459930314
nancy,0,1000000,24,861,0.027874564459930314
nantes,0,1000000,24,861,0.027874564459930314
nancy,0,1000000,24,861,0.027874564459930314
nancy,0,1000000,24,861,0.027874564459930314
nancy,0,1000000,24,861,0.027874564459930314
nancy,0,1000000,24,861,0.027874564459930314
nancy,0,1000000,24,861,0.027874564459930314
nancy,0,1000000,24,861,0.027874564459930314
nancy,0,1000000,24,861,0.027874564459930314
nancy,0,1000000,24,861,0.027874564459930314
nancy,0,1000000,24,861,0.027874564459930314
nancy,0,1000000,24,861,0.027874564459930314
nantes,0,1000000,24,861,0.027874564459930314
nancy,0,1000000,24,861,0.027874564459930314
nancy,0,1000000,24,861,0.027874564459930314
nancy,0,1000000,24,861,0.027874564459930314
nancy,0,1000000,24,861,0.027874564459930314
nancy,0,1000000,24,861,0.027874564459930314
nancy,0,1000000,24,861,0.027874564459930314
nancy,0,1000000,24,861,0.027874564459930314
nancy,0,1000000,24,861,0.027874564459930314
nancy,0,1000000,24,861,0.027874564459930314
nancy,0,1000000,24,861,0.027874564459930314
nantes,0,1000000,24,861,0.027874564459930314
nancy,0,1000000,24,861,0.027874564459930314
nantes,0,1000000,24,861,0.027874564459930314
nantes,0,1000000,24,861,0.027874564459930314
nantes,0,1000000,24,861,0.027874564459930314
nantes,0,1000000,24,861,0.027874564459930314
nantes,0,1000000,24,861,0.027874564459930314
nantes,0,1000000,24,861,0.027874564459930314
nantes,0,1000000,24,861,0.027874564459930314
nantes,0,1000000,24,861,0.027874564459930314
nantes,0,1000000,24,861,0.027874564459930314
nantes,1,1000000,24,860,0.027906976744186046
nantes,1,1000000,24,860,0.027906976744186046
nantes,1,1000000,24,860,0.027906976744186046
nantes,1,1000000,24,860,0.027906976744186046
nantes,1,1000000,24,860,0.027906976744186046
nantes,1,1000000,24,860,0.027906976744186046
nantes,1,1000000,24,860,0.027906976744186046
nantes,1,1000000,24,860,0.027906976744186046
nantes,1,1000000,24,860,0.027906976744186046
nantes,1,1000000,24,860,0.027906976744186046
nantes,1,1000000,24,860,0.027906976744186046
nantes,1,1000000,24,860,0.027906976744186046
nantes,1,1000000,24,860,0.027906976744186046
nantes,1,1000000,24,860,0.027906976744186046
nantes,1,1000000,24,860,0.027906976744186046
nantes,1,1000000,24,860,0.027906976744186046
nantes,1,1000000,24,860,0.027906976744186046
nantes,1,1000000,24,860,0.027906976744186046
nantes,1,1000000,24,860,0.027906976744186046
nantes,1,1000000,24,860,0.027906976744186046
nantes,1,1000000,24,860,0.027906976744186046
nantes,1,1000000,24,860,0.027906976744186046
nantes,1,1000000,24,860,0.027906976744186046
nantes,1,1000000,24,860,0.027906976744186046
nantes,1,1000000,24,860,0.027906976744186046
toulouse,1,1000000,24,860,0.027906976744186046
toulouse,1,1000000,24,860,0.027906976744186046
toulouse,1,1000000,24,860,0.027906976744186046
toulouse,1,1000000,24,860,0.027906976744186046
toulouse,1,1000000,24,860,0.027906976744186046
toulouse,1,1000000,24,860,0.027906976744186046
toulouse,1,1000000,24,860,0.027906976744186046
toulouse,1,1000000,24,860,0.027906976744186046
toulouse,1,1000000,24,860,0.027906976744186046
nantes,1,1000000,24,860,0.027906976744186046
toulouse,1,1000000,24,860,0.027906976744186046
toulouse,1,1000000,24,860,0.027906976744186046
toulouse,1,1000000,24,860,0.027906976744186046
toulouse,1,1000000,24,860,0.027906976744186046
toulouse,1,1000000,24,860,0.027906976744186046
toulouse,1,1000000,24,860,0.027906976744186046
toulouse,1,1000000,24,860,0.027906976744186046
toulouse,1,1000000,24,860,0.027906976744186046
toulouse,1,1000000,24,860,0.027906976744186046
toulouse,1,1000000,24,860,0.027906976744186046
nantes,1,1000000,24,860,0.027906976744186046
toulouse,1,1000000,24,860,0.027906976744186046
toulouse,1,1000000,24,860,0.027906976744186046
toulouse,1,1000000,24,860,0.027906976744186046
toulouse,1,1000000,24,860,0.027906976744186046
toulouse,1,1000000,24,860,0.027906976744186046
toulouse,1,1000000,24,860,0.027906976744186046
toulouse,1,1000000,24,860,0.027906976744186046
toulouse,1,1000000,24,860,0.027906976744186046
toulouse,1,1000000,24,860,0.027906976744186046
toulouse,1,1000000,24,860,0.027906976744186046
nantes,1,1000000,24,860,0.027906976744186046
toulouse,1,1000000,24,860,0.027906976744186046
toulouse,1,1000000,24,860,0.027906976744186046
toulouse,1,1000000,24,860,0.027906976744186046
toulouse,1,1000000,24,860,0.027906976744186046
toulouse,1,1000000,24,860,0.027906976744186046
toulouse,1,1000000,24,860,0.027906976744186046
toulouse,1,1000000,24,860,0.027906976744186046
toulouse,1,1000000,24,860,0.027906976744186046
toulouse,1,1000000,24,860,0.027906976744186046
toulouse,1,1000000,24,860,0.027906976744186046
rennes,1,1000000,24,860,0.027906976744186046
toulouse,1,1000000,24,860,0.027906976744186046
toulouse,1,1000000,24,860,0.027906976744186046
toulouse,1,1000000,24,860,0.027906976744186046
toulouse,1,1000000,24,860,0.027906976744186046
toulouse,1,1000000,24,860,0.027906976744186046
toulouse,1,1000000,24,860,0.027906976744186046
nancy,1,1000000,24,860,0.027906976744186046
nancy,1,1000000,24,860,0.027906976744186046
nancy,1,1000000,24,860,0.027906976744186046
nancy,1,1000000,24,860,0.027906976744186046
rennes,1,1000000,24,860,0.027906976744186046
nancy,1,1000000,24,860,0.027906976744186046
nancy,1,1000000,24,860,0.027906976744186046
nancy,1,1000000,24,860,0.027906976744186046
nancy,1,1000000,24,860,0.027906976744186046
nancy,1,1000000,24,860,0.027906976744186046
nancy,1,1000000,24,860,0.027906976744186046
nancy,1,1000000,24,860,0.027906976744186046
nancy,1,1000000,24,860,0.027906976744186046
nancy,1,1000000,24,860,0.027906976744186046
nancy,1,1000000,24,860,0.027906976744186046
rennes,1,1000000,24,860,0.027906976744186046
nancy,1,1000000,24,860,0.027906976744186046
nantes,1,1000000,24,860,0.027906976744186046
nantes,1,1000000,24,860,0.027906976744186046
nantes,1,1000000,24,860,0.027906976744186046
nantes,1,1000000,24,860,0.027906976744186046
nantes,1,1000000,24,860,0.027906976744186046
nantes,1,1000000,24,860,0.027906976744186046
nantes,1,1000000,24,860,0.027906976744186046
nantes,1,1000000,24,860,0.027906976744186046
nantes,1,1000000,24,860,0.027906976744186046
rennes,1,1000000,24,860,0.027906976744186046
nantes,1,1000000,24,860,0.027906976744186046
nantes,1,1000000,24,860,0.027906976744186046
nantes,1,1000000,24,860,0.027906976744186046
nantes,1,1000000,24,860,0.027906976744186046
nantes,1,1000000,24,860,0.027906976744186046
nantes,1,1000000,24,860,0.027906976744186046
rennes,1,1000000,24,860,0.027906976744186046
rennes,1,1000000,24,860,0.027906976744186046
rennes,1,1000000,24,860,0.027906976744186046
rennes,1,1000000,24,860,0.027906976744186046
nantes,1,1000000,24,860,0.027906976744186046
rennes,1,1000000,24,860,0.027906976744186046
rennes,1,1000000,24,860,0.027906976744186046
rennes,1,1000000,24,860,0.027906976744186046
rennes,1,1000000,24,860,0.027906976744186046
rennes,1,1000000,24,860,0.027906976744186046
rennes,1,1000000,24,860,0.027906976744186046
rennes,1,1000000,24,860,0.027906976744186046
rennes,1,1000000,24,860,0.027906976744186046
rennes,1,1000000,24,860,0.027906976744186046
rennes,1,1000000,24,860,0.027906976744186046
rennes,1,1000000,24,860,0.027906976744186046
rennes,1,1000000,24,860,0.027906976744186046
rennes,1,1000000,24,860,0.027906976744186046
toulouse,1,1000000,24,860,0.027906976744186046
toulouse,1,1000000,24,860,0.027906976744186046
toulouse,1,1000000,24,860,0.027906976744186046
toulouse,1,1000000,24,860,0.027906976744186046
toulouse,1,1000000,24,860,0.027906976744186046
toulouse,1,1000000,24,860,0.027906976744186046
toulouse,1,1000000,24,860,0.027906976744186046
toulouse,1,1000000,24,860,0.027906976744186046
toulouse,1,1000000,24,860,0.027906976744186046
rennes,1,1000000,24,860,0.027906976744186046
toulouse,1,1000000,24,860,0.027906976744186046
toulouse,1,1000000,24,860,0.027906976744186046
toulouse,1,1000000,24,860,0.027906976744186046
toulouse,1,1000000,24,860,0.027906976744186046
toulouse,1,1000000,24,860,0.027906976744186046
toulouse,1,1000000,24,860,0.027906976744186046
nancy,1,1000000,24,860,0.027906976744186046
nancy,1,1000000,24,860,0.027906976744186046
nancy,1,1000000,24,860,0.027906976744186046
nancy,1,1000000,24,860,0.027906976744186046
rennes,1,1000000,24,860,0.027906976744186046
nancy,1,1000000,24,860,0.027906976744186046
nancy,1,1000000,24,860,0.027906976744186046
nancy,1,1000000,24,860,0.027906976744186046
nancy,1,1000000,24,860,0.027906976744186046
nancy,1,1000000,24,860,0.027906976744186046
nancy,1,1000000,24,860,0.027906976744186046
nancy,1,1000000,24,860,0.027906976744186046
nancy,1,1000000,24,860,0.027906976744186046
nancy,1,1000000,24,860,0.027906976744186046
nancy,1,1000000,24,860,0.027906976744186046
rennes,1,1000000,24,860,0.027906976744186046
nancy,1,1000000,24,860,0.027906976744186046
rennes,1,1000000,24,860,0.027906976744186046
rennes,1,1000000,24,860,0.027906976744186046
rennes,1,1000000,24,860,0.027906976744186046
rennes,1,1000000,24,860,0.027906976744186046
rennes,1,1000000,24,860,0.027906976744186046
rennes,1,1000000,24,860,0.027906976744186046
rennes,1,1000000,24,860,0.027906976744186046
rennes,1,1000000,24,860,0.027906976744186046
rennes,1,1000000,24,860,0.027906976744186046
rennes,1,1000000,24,860,0.027906976744186046
rennes,1,1000000,24,860,0.027906976744186046
rennes,1,1000000,24,860,0.027906976744186046
rennes,1,1000000,24,860,0.027906976744186046
rennes,1,1000000,24,860,0.027906976744186046
rennes,1,1000000,24,860,0.027906976744186046
rennes,1,1000000,24,860,0.027906976744186046
rennes,1,1000000,24,860,0.027906976744186046
rennes,1,1000000,24,860,0.027906976744186046
rennes,1,1000000,24,860,0.027906976744186046
rennes,1,1000000,24,860,0.027906976744186046
rennes,1,1000000,24,860,0.027906976744186046
rennes,1,1000000,24,860,0.027906976744186046
rennes,1,1000000,24,860,0.027906976744186046
rennes,1,1000000,24,860,0.027906976744186046
rennes,1,1000000,24,860,0.027906976744186046
rennes,1,1000000,24,860,0.027906976744186046
rennes,1,1000000,24,860,0.027906976744186046
rennes,1,1000000,24,860,0.027906976744186046
rennes,1,1000000,24,860,0.027906976744186046
rennes,1,1000000,24,860,0.027906976744186046
rennes,1,1000000,24,860,0.027906976744186046
rennes,1,1000000,24,860,0.027906976744186046
rennes,1,1000000,24,860,0.027906976744186046
rennes,1,1000000,24,860,0.027906976744186046
rennes,1,1000000,24,860,0.027906976744186046
rennes,1,1000000,24,860,0.027906976744186046
rennes,1,1000000,24,860,0.027906976744186046
rennes,1,1000000,24,860,0.027906976744186046
rennes,1,1000000,24,860,0.027906976744186046
rennes,1,1000000,24,860,0.027906976744186046
rennes,1,1000000,24,860,0.027906976744186046
rennes,1,1000000,24,860,0.027906976744186046
rennes,1,1000000,24,860,0.027906976744186046
rennes,1,1000000,24,860,0.027906976744186046
rennes,1,1000000,24,860,0.027906976744186046
rennes,1,1000000,24,860,0.027906976744186046
rennes,1,1000000,24,860,0.027906976744186046
rennes,1,1000000,24,860,0.027906976744186046
rennes,1,1000000,24,860,0.027906976744186046
toulouse,1,1000000,24,860,0.027906976744186046
toulouse,1,1000000,24,860,0.027906976744186046
toulouse,1,1000000,24,860,0.027906976744186046
toulouse,1,1000000,24,860,0.027906976744186046
rennes,1,1000000,24,860,0.027906976744186046
toulouse,1,1000000,24,860,0.027906976744186046
toulouse,1,1000000,24,860,0.027906976744186046
toulouse,1,1000000,24,860,0.027906976744186046
toulouse,1,1000000,24,860,0.027906976744186046
toulouse,1,1000000,24,860,0.027906976744186046
toulouse,1,1000000,24,860,0.027906976744186046
toulouse,1,1000000,24,860,0.027906976744186046
toulouse,1,1000000,24,860,0.027906976744186046
toulouse,1,1000000,24,860,0.027906976744186046
toulouse,1,1000000,24,860,0.027906976744186046
nantes,1,1000000,24,860,0.027906976744186046
rennes,1,1000000,24,860,0.027906976744186046
toulouse,1,1000000,24,860,0.027906976744186046
nantes,1,1000000,24,860,0.027906976744186046
nantes,1,1000000,24,860,0.027906976744186046
nantes,1,1000000,24,860,0.027906976744186046
nantes,1,1000000,24,860,0.027906976744186046
nantes,1,1000000,24,860,0.027906976744186046
nantes,1,1000000,24,860,0.027906976744186046
nantes,1,1000000,24,860,0.027906976744186046
nantes,1,1000000,24,860,0.027906976744186046
nantes,1,1000000,24,860,0.027906976744186046
nantes,1,1000000,24,860,0.027906976744186046
nantes,1,1000000,24,860,0.027906976744186046
nantes,1,1000000,24,860,0.027906976744186046
nantes,1,1000000,24,860,0.027906976744186046
nantes,1,1000000,24,860,0.027906976744186046
nantes,1,1000000,24,860,0.027906976744186046
nantes,1,1000000,24,860,0.027906976744186046
nancy,1,1000000,24,860,0.027906976744186046
nancy,1,1000000,24,860,0.027906976744186046
nancy,1,1000000,24,860,0.027906976744186046
nancy,1,1000000,24,860,0.027906976744186046
nantes,1,1000000,24,860,0.027906976744186046
nancy,1,1000000,24,860,0.027906976744186046
nancy,1,1000000,24,860,0.027906976744186046
nancy,1,1000000,24,860,0.027906976744186046
nancy,1,1000000,24,860,0.027906976744186046
nancy,1,1000000,24,860,0.027906976744186046
nancy,1,1000000,24,860,0.027906976744186046
nancy,1,1000000,24,860,0.027906976744186046
nancy,1,1000000,24,860,0.027906976744186046
nancy,1,1000000,24,860,0.027906976744186046
nancy,1,1000000,24,860,0.027906976744186046
nantes,1,1000000,24,860,0.027906976744186046
nancy,1,1000000,24,860,0.027906976744186046
nancy,1,1000000,24,860,0.027906976744186046
nancy,1,1000000,24,860,0.027906976744186046
nancy,1,1000000,24,860,0.027906976744186046
nancy,1,1000000,24,860,0.027906976744186046
nancy,1,1000000,24,860,0.027906976744186046
nancy,1,1000000,24,860,0.027906976744186046
nancy,1,1000000,24,860,0.027906976744186046
nancy,1,1000000,24,860,0.027906976744186046
nancy,1,1000000,24,860,0.027906976744186046
nantes,1,1000000,24,860,0.027906976744186046
nancy,1,1000000,24,860,0.027906976744186046
nancy,1,1000000,24,860,0.027906976744186046
nancy,1,1000000,24,860,0.027906976744186046
nancy,1,1000000,24,860,0.027906976744186046
nancy,1,1000000,24,860,0.027906976744186046
nancy,1,1000000,24,860,0.027906976744186046
nancy,1,1000000,24,860,0.027906976744186046
nancy,1,1000000,24,860,0.027906976744186046
nancy,1,1000000,24,860,0.027906976744186046
nancy,1,1000000,24,860,0.027906976744186046
nantes,1,1000000,24,860,0.027906976744186046
nancy,1,1000000,24,860,0.027906976744186046
nancy,1,1000000,24,860,0.027906976744186046
nancy,1,1000000,24,860,0.027906976744186046
nancy,1,1000000,24,860,0.027906976744186046
nancy,1,1000000,24,860,0.027906976744186046
nancy,1,1000000,24,860,0.027906976744186046
nancy,1,1000000,24,860,0.027906976744186046
nancy,1,1000000,24,860,0.027906976744186046
nancy,1,1000000,24,860,0.027906976744186046
nancy,1,1000000,24,860,0.027906976744186046
nantes,1,1000000,24,860,0.027906976744186046
nancy,1,1000000,24,860,0.027906976744186046
nantes,1,1000000,24,860,0.027906976744186046
nantes,1,1000000,24,860,0.027906976744186046
nantes,1,1000000,24,860,0.027906976744186046
nantes,1,1000000,24,860,0.027906976744186046
nantes,1,1000000,24,860,0.027906976744186046
nantes,1,1000000,24,860,0.027906976744186046
nantes,1,1000000,24,860,0.027906976744186046
nantes,1,1000000,24,860,0.027906976744186046
nantes,1,1000000,24,860,0.027906976744186046
nantes,3,1000000,24,872,0.027522935779816515
nantes,3,1000000,24,872,0.027522935779816515
nantes,3,1000000,24,872,0.027522935779816515
nantes,3,1000000,24,872,0.027522935779816515
nantes,3,1000000,24,872,0.027522935779816515
nantes,3,1000000,24,872,0.027522935779816515
nantes,3,1000000,24,872,0.027522935779816515
nantes,3,1000000,24,872,0.027522935779816515
nantes,3,1000000,24,872,0.027522935779816515
nantes,3,1000000,24,872,0.027522935779816515
nantes,3,1000000,24,872,0.027522935779816515
nantes,3,1000000,24,872,0.027522935779816515
nantes,3,1000000,24,872,0.027522935779816515
nantes,3,1000000,24,872,0.027522935779816515
nantes,3,1000000,24,872,0.027522935779816515
nantes,3,1000000,24,872,0.027522935779816515
nantes,3,1000000,24,872,0.027522935779816515
nantes,3,1000000,24,872,0.027522935779816515
nantes,3,1000000,24,872,0.027522935779816515
nantes,3,1000000,24,872,0.027522935779816515
nantes,3,1000000,24,872,0.027522935779816515
nantes,3,1000000,24,872,0.027522935779816515
nantes,3,1000000,24,872,0.027522935779816515
nantes,3,1000000,24,872,0.027522935779816515
nantes,3,1000000,24,872,0.027522935779816515
toulouse,3,1000000,24,872,0.027522935779816515
toulouse,3,1000000,24,872,0.027522935779816515
toulouse,3,1000000,24,872,0.027522935779816515
toulouse,3,1000000,24,872,0.027522935779816515
toulouse,3,1000000,24,872,0.027522935779816515
toulouse,3,1000000,24,872,0.027522935779816515
toulouse,3,1000000,24,872,0.027522935779816515
toulouse,3,1000000,24,872,0.027522935779816515
toulouse,3,1000000,24,872,0.027522935779816515
nantes,3,1000000,24,872,0.027522935779816515
toulouse,3,1000000,24,872,0.027522935779816515
toulouse,3,1000000,24,872,0.027522935779816515
toulouse,3,1000000,24,872,0.027522935779816515
toulouse,3,1000000,24,872,0.027522935779816515
toulouse,3,1000000,24,872,0.027522935779816515
toulouse,3,1000000,24,872,0.027522935779816515
toulouse,3,1000000,24,872,0.027522935779816515
toulouse,3,1000000,24,872,0.027522935779816515
toulouse,3,1000000,24,872,0.027522935779816515
toulouse,3,1000000,24,872,0.027522935779816515
nantes,3,1000000,24,872,0.027522935779816515
toulouse,3,1000000,24,872,0.027522935779816515
toulouse,3,1000000,24,872,0.027522935779816515
toulouse,3,1000000,24,872,0.027522935779816515
toulouse,3,1000000,24,872,0.027522935779816515
toulouse,3,1000000,24,872,0.027522935779816515
toulouse,3,1000000,24,872,0.027522935779816515
toulouse,3,1000000,24,872,0.027522935779816515
toulouse,3,1000000,24,872,0.027522935779816515
toulouse,3,1000000,24,872,0.027522935779816515
toulouse,3,1000000,24,872,0.027522935779816515
nantes,3,1000000,24,872,0.027522935779816515
toulouse,3,1000000,24,872,0.027522935779816515
toulouse,3,1000000,24,872,0.027522935779816515
toulouse,3,1000000,24,872,0.027522935779816515
toulouse,3,1000000,24,872,0.027522935779816515
toulouse,3,1000000,24,872,0.027522935779816515
toulouse,3,1000000,24,872,0.027522935779816515
toulouse,3,1000000,24,872,0.027522935779816515
toulouse,3,1000000,24,872,0.027522935779816515
toulouse,3,1000000,24,872,0.027522935779816515
toulouse,3,1000000,24,872,0.027522935779816515
rennes,3,1000000,24,872,0.027522935779816515
toulouse,3,1000000,24,872,0.027522935779816515
toulouse,3,1000000,24,872,0.027522935779816515
toulouse,3,1000000,24,872,0.027522935779816515
toulouse,3,1000000,24,872,0.027522935779816515
toulouse,3,1000000,24,872,0.027522935779816515
toulouse,3,1000000,24,872,0.027522935779816515
nancy,3,1000000,24,872,0.027522935779816515
nancy,3,1000000,24,872,0.027522935779816515
nancy,3,1000000,24,872,0.027522935779816515
nancy,3,1000000,24,872,0.027522935779816515
rennes,3,1000000,24,872,0.027522935779816515
nancy,3,1000000,24,872,0.027522935779816515
nancy,3,1000000,24,872,0.027522935779816515
nancy,3,1000000,24,872,0.027522935779816515
nancy,3,1000000,24,872,0.027522935779816515
nancy,3,1000000,24,872,0.027522935779816515
nancy,3,1000000,24,872,0.027522935779816515
nancy,3,1000000,24,872,0.027522935779816515
nancy,3,1000000,24,872,0.027522935779816515
nancy,3,1000000,24,872,0.027522935779816515
nancy,3,1000000,24,872,0.027522935779816515
rennes,3,1000000,24,872,0.027522935779816515
nancy,3,1000000,24,872,0.027522935779816515
nantes,3,1000000,24,872,0.027522935779816515
nantes,3,1000000,24,872,0.027522935779816515
nantes,3,1000000,24,872,0.027522935779816515
nantes,3,1000000,24,872,0.027522935779816515
nantes,3,1000000,24,872,0.027522935779816515
nantes,3,1000000,24,872,0.027522935779816515
nantes,3,1000000,24,872,0.027522935779816515
nantes,3,1000000,24,872,0.027522935779816515
nantes,3,1000000,24,872,0.027522935779816515
rennes,3,1000000,24,872,0.027522935779816515
nantes,3,1000000,24,872,0.027522935779816515
nantes,3,1000000,24,872,0.027522935779816515
nantes,3,1000000,24,872,0.027522935779816515
nantes,3,1000000,24,872,0.027522935779816515
nantes,3,1000000,24,872,0.027522935779816515
nantes,3,1000000,24,872,0.027522935779816515
rennes,3,1000000,24,872,0.027522935779816515
rennes,3,1000000,24,872,0.027522935779816515
rennes,3,1000000,24,872,0.027522935779816515
rennes,3,1000000,24,872,0.027522935779816515
nantes,3,1000000,24,872,0.027522935779816515
rennes,3,1000000,24,872,0.027522935779816515
rennes,3,1000000,24,872,0.027522935779816515
rennes,3,1000000,24,872,0.027522935779816515
rennes,3,1000000,24,872,0.027522935779816515
rennes,3,1000000,24,872,0.027522935779816515
rennes,3,1000000,24,872,0.027522935779816515
rennes,3,1000000,24,872,0.027522935779816515
rennes,3,1000000,24,872,0.027522935779816515
rennes,3,1000000,24,872,0.027522935779816515
rennes,3,1000000,24,872,0.027522935779816515
rennes,3,1000000,24,872,0.027522935779816515
rennes,3,1000000,24,872,0.027522935779816515
rennes,3,1000000,24,872,0.027522935779816515
toulouse,3,1000000,24,872,0.027522935779816515
toulouse,3,1000000,24,872,0.027522935779816515
toulouse,3,1000000,24,872,0.027522935779816515
toulouse,3,1000000,24,872,0.027522935779816515
toulouse,3,1000000,24,872,0.027522935779816515
toulouse,3,1000000,24,872,0.027522935779816515
toulouse,3,1000000,24,872,0.027522935779816515
toulouse,3,1000000,24,872,0.027522935779816515
toulouse,3,1000000,24,872,0.027522935779816515
rennes,3,1000000,24,872,0.027522935779816515
toulouse,3,1000000,24,872,0.027522935779816515
toulouse,3,1000000,24,872,0.027522935779816515
toulouse,3,1000000,24,872,0.027522935779816515
toulouse,3,1000000,24,872,0.027522935779816515
toulouse,3,1000000,24,872,0.027522935779816515
toulouse,3,1000000,24,872,0.027522935779816515
nancy,3,1000000,24,872,0.027522935779816515
nancy,3,1000000,24,872,0.027522935779816515
nancy,3,1000000,24,872,0.027522935779816515
nancy,3,1000000,24,872,0.027522935779816515
rennes,3,1000000,24,872,0.027522935779816515
nancy,3,1000000,24,872,0.027522935779816515
nancy,3,1000000,24,872,0.027522935779816515
nancy,3,1000000,24,872,0.027522935779816515
nancy,3,1000000,24,872,0.027522935779816515
nancy,3,1000000,24,872,0.027522935779816515
nancy,3,1000000,24,872,0.027522935779816515
nancy,3,1000000,24,872,0.027522935779816515
nancy,3,1000000,24,872,0.027522935779816515
nancy,3,1000000,24,872,0.027522935779816515
nancy,3,1000000,24,872,0.027522935779816515
rennes,3,1000000,24,872,0.027522935779816515
nancy,3,1000000,24,872,0.027522935779816515
rennes,3,1000000,24,872,0.027522935779816515
rennes,3,1000000,24,872,0.027522935779816515
rennes,3,1000000,24,872,0.027522935779816515
rennes,3,1000000,24,872,0.027522935779816515
rennes,3,1000000,24,872,0.027522935779816515
rennes,3,1000000,24,872,0.027522935779816515
rennes,3,1000000,24,872,0.027522935779816515
rennes,3,1000000,24,872,0.027522935779816515
rennes,3,1000000,24,872,0.027522935779816515
rennes,3,1000000,24,872,0.027522935779816515
rennes,3,1000000,24,872,0.027522935779816515
rennes,3,1000000,24,872,0.027522935779816515
rennes,3,1000000,24,872,0.027522935779816515
rennes,3,1000000,24,872,0.027522935779816515
rennes,3,1000000,24,872,0.027522935779816515
rennes,3,1000000,24,872,0.027522935779816515
rennes,3,1000000,24,872,0.027522935779816515
rennes,3,1000000,24,872,0.027522935779816515
rennes,3,1000000,24,872,0.027522935779816515
rennes,3,1000000,24,872,0.027522935779816515
rennes,3,1000000,24,872,0.027522935779816515
rennes,3,1000000,24,872,0.027522935779816515
rennes,3,1000000,24,872,0.027522935779816515
rennes,3,1000000,24,872,0.027522935779816515
rennes,3,1000000,24,872,0.027522935779816515
rennes,3,1000000,24,872,0.027522935779816515
rennes,3,1000000,24,872,0.027522935779816515
rennes,3,1000000,24,872,0.027522935779816515
rennes,3,1000000,24,872,0.027522935779816515
rennes,3,1000000,24,872,0.027522935779816515
rennes,3,1000000,24,872,0.027522935779816515
rennes,3,1000000,24,872,0.027522935779816515
rennes,3,1000000,24,872,0.027522935779816515
rennes,3,1000000,24,872,0.027522935779816515
rennes,3,1000000,24,872,0.027522935779816515
rennes,3,1000000,24,872,0.027522935779816515
rennes,3,1000000,24,872,0.027522935779816515
rennes,3,1000000,24,872,0.027522935779816515
rennes,3,1000000,24,872,0.027522935779816515
rennes,3,1000000,24,872,0.027522935779816515
rennes,3,1000000,24,872,0.027522935779816515
rennes,3,1000000,24,872,0.027522935779816515
rennes,3,1000000,24,872,0.027522935779816515
rennes,3,1000000,24,872,0.027522935779816515
rennes,3,1000000,24,872,0.027522935779816515
rennes,3,1000000,24,872,0.027522935779816515
rennes,3,1000000,24,872,0.027522935779816515
rennes,3,1000000,24,872,0.027522935779816515
rennes,3,1000000,24,872,0.027522935779816515
toulouse,3,1000000,24,872,0.027522935779816515
toulouse,3,1000000,24,872,0.027522935779816515
toulouse,3,1000000,24,872,0.027522935779816515
toulouse,3,1000000,24,872,0.027522935779816515
rennes,3,1000000,24,872,0.027522935779816515
toulouse,3,1000000,24,872,0.027522935779816515
toulouse,3,1000000,24,872,0.027522935779816515
toulouse,3,1000000,24,872,0.027522935779816515
toulouse,3,1000000,24,872,0.027522935779816515
toulouse,3,1000000,24,872,0.027522935779816515
toulouse,3,1000000,24,872,0.027522935779816515
toulouse,3,1000000,24,872,0.027522935779816515
toulouse,3,1000000,24,872,0.027522935779816515
toulouse,3,1000000,24,872,0.027522935779816515
toulouse,3,1000000,24,872,0.027522935779816515
nantes,3,1000000,24,872,0.027522935779816515
rennes,3,1000000,24,872,0.027522935779816515
toulouse,3,1000000,24,872,0.027522935779816515
nantes,3,1000000,24,872,0.027522935779816515
nantes,3,1000000,24,872,0.027522935779816515
nantes,3,1000000,24,872,0.027522935779816515
nantes,3,1000000,24,872,0.027522935779816515
nantes,3,1000000,24,872,0.027522935779816515
nantes,3,1000000,24,872,0.027522935779816515
nantes,3,1000000,24,872,0.027522935779816515
nantes,3,1000000,24,872,0.027522935779816515
nantes,3,1000000,24,872,0.027522935779816515
nantes,3,1000000,24,872,0.027522935779816515
nantes,3,1000000,24,872,0.027522935779816515
nantes,3,1000000,24,872,0.027522935779816515
nantes,3,1000000,24,872,0.027522935779816515
nantes,3,1000000,24,872,0.027522935779816515
nantes,3,1000000,24,872,0.027522935779816515
nantes,3,1000000,24,872,0.027522935779816515
nancy,3,1000000,24,872,0.027522935779816515
nancy,3,1000000,24,872,0.027522935779816515
nancy,3,1000000,24,872,0.027522935779816515
nancy,3,1000000,24,872,0.027522935779816515
nantes,3,1000000,24,872,0.027522935779816515
nancy,3,1000000,24,872,0.027522935779816515
nancy,3,1000000,24,872,0.027522935779816515
nancy,3,1000000,24,872,0.027522935779816515
nancy,3,1000000,24,872,0.027522935779816515
nancy,3,1000000,24,872,0.027522935779816515
nancy,3,1000000,24,872,0.027522935779816515
nancy,3,1000000,24,872,0.027522935779816515
nancy,3,1000000,24,872,0.027522935779816515
nancy,3,1000000,24,872,0.027522935779816515
nancy,3,1000000,24,872,0.027522935779816515
nantes,3,1000000,24,872,0.027522935779816515
nancy,3,1000000,24,872,0.027522935779816515
nancy,3,1000000,24,872,0.027522935779816515
nancy,3,1000000,24,872,0.027522935779816515
nancy,3,1000000,24,872,0.027522935779816515
nancy,3,1000000,24,872,0.027522935779816515
nancy,3,1000000,24,872,0.027522935779816515
nancy,3,1000000,24,872,0.027522935779816515
nancy,3,1000000,24,872,0.027522935779816515
nancy,3,1000000,24,872,0.027522935779816515
nancy,3,1000000,24,872,0.027522935779816515
nantes,3,1000000,24,872,0.027522935779816515
nancy,3,1000000,24,872,0.027522935779816515
nancy,3,1000000,24,872,0.027522935779816515
nancy,3,1000000,24,872,0.027522935779816515
nancy,3,1000000,24,872,0.027522935779816515
nancy,3,1000000,24,872,0.027522935779816515
nancy,3,1000000,24,872,0.027522935779816515
nancy,3,1000000,24,872,0.027522935779816515
nancy,3,1000000,24,872,0.027522935779816515
nancy,3,1000000,24,872,0.027522935779816515
nancy,3,1000000,24,872,0.027522935779816515
nantes,3,1000000,24,872,0.027522935779816515
nancy,3,1000000,24,872,0.027522935779816515
nancy,3,1000000,24,872,0.027522935779816515
nancy,3,1000000,24,872,0.027522935779816515
nancy,3,1000000,24,872,0.027522935779816515
nancy,3,1000000,24,872,0.027522935779816515
nancy,3,1000000,24,872,0.027522935779816515
nancy,3,1000000,24,872,0.027522935779816515
nancy,3,1000000,24,872,0.027522935779816515
nancy,3,1000000,24,872,0.027522935779816515
nancy,3,1000000,24,872,0.027522935779816515
nantes,3,1000000,24,872,0.027522935779816515
nancy,3,1000000,24,872,0.027522935779816515
nantes,3,1000000,24,872,0.027522935779816515
nantes,3,1000000,24,872,0.027522935779816515
nantes,3,1000000,24,872,0.027522935779816515
nantes,3,1000000,24,872,0.027522935779816515
nantes,3,1000000,24,872,0.027522935779816515
nantes,3,1000000,24,872,0.027522935779816515
nantes,3,1000000,24,872,0.027522935779816515
nantes,3,1000000,24,872,0.027522935779816515
nantes,3,1000000,24,872,0.027522935779816515
nantes,4,1000000,24,883,0.027180067950169876
nantes,4,1000000,24,883,0.027180067950169876
nantes,4,1000000,24,883,0.027180067950169876
nantes,4,1000000,24,883,0.027180067950169876
nantes,4,1000000,24,883,0.027180067950169876
nantes,4,1000000,24,883,0.027180067950169876
nantes,4,1000000,24,883,0.027180067950169876
nantes,4,1000000,24,883,0.027180067950169876
nantes,4,1000000,24,883,0.027180067950169876
nantes,4,1000000,24,883,0.027180067950169876
nantes,4,1000000,24,883,0.027180067950169876
nantes,4,1000000,24,883,0.027180067950169876
nantes,4,1000000,24,883,0.027180067950169876
nantes,4,1000000,24,883,0.027180067950169876
nantes,4,1000000,24,883,0.027180067950169876
nantes,4,1000000,24,883,0.027180067950169876
nantes,4,1000000,24,883,0.027180067950169876
nantes,4,1000000,24,883,0.027180067950169876
nantes,4,1000000,24,883,0.027180067950169876
nantes,4,1000000,24,883,0.027180067950169876
nantes,4,1000000,24,883,0.027180067950169876
nantes,4,1000000,24,883,0.027180067950169876
nantes,4,1000000,24,883,0.027180067950169876
nantes,4,1000000,24,883,0.027180067950169876
nantes,4,1000000,24,883,0.027180067950169876
toulouse,4,1000000,24,883,0.027180067950169876
toulouse,4,1000000,24,883,0.027180067950169876
toulouse,4,1000000,24,883,0.027180067950169876
toulouse,4,1000000,24,883,0.027180067950169876
toulouse,4,1000000,24,883,0.027180067950169876
toulouse,4,1000000,24,883,0.027180067950169876
toulouse,4,1000000,24,883,0.027180067950169876
toulouse,4,1000000,24,883,0.027180067950169876
toulouse,4,1000000,24,883,0.027180067950169876
nantes,4,1000000,24,883,0.027180067950169876
toulouse,4,1000000,24,883,0.027180067950169876
toulouse,4,1000000,24,883,0.027180067950169876
toulouse,4,1000000,24,883,0.027180067950169876
toulouse,4,1000000,24,883,0.027180067950169876
toulouse,4,1000000,24,883,0.027180067950169876
toulouse,4,1000000,24,883,0.027180067950169876
toulouse,4,1000000,24,883,0.027180067950169876
toulouse,4,1000000,24,883,0.027180067950169876
toulouse,4,1000000,24,883,0.027180067950169876
toulouse,4,1000000,24,883,0.027180067950169876
nantes,4,1000000,24,883,0.027180067950169876
toulouse,4,1000000,24,883,0.027180067950169876
toulouse,4,1000000,24,883,0.027180067950169876
toulouse,4,1000000,24,883,0.027180067950169876
toulouse,4,1000000,24,883,0.027180067950169876
toulouse,4,1000000,24,883,0.027180067950169876
toulouse,4,1000000,24,883,0.027180067950169876
toulouse,4,1000000,24,883,0.027180067950169876
toulouse,4,1000000,24,883,0.027180067950169876
toulouse,4,1000000,24,883,0.027180067950169876
toulouse,4,1000000,24,883,0.027180067950169876
nantes,4,1000000,24,883,0.027180067950169876
toulouse,4,1000000,24,883,0.027180067950169876
toulouse,4,1000000,24,883,0.027180067950169876
toulouse,4,1000000,24,883,0.027180067950169876
toulouse,4,1000000,24,883,0.027180067950169876
toulouse,4,1000000,24,883,0.027180067950169876
toulouse,4,1000000,24,883,0.027180067950169876
toulouse,4,1000000,24,883,0.027180067950169876
toulouse,4,1000000,24,883,0.027180067950169876
toulouse,4,1000000,24,883,0.027180067950169876
toulouse,4,1000000,24,883,0.027180067950169876
rennes,4,1000000,24,883,0.027180067950169876
toulouse,4,1000000,24,883,0.027180067950169876
toulouse,4,1000000,24,883,0.027180067950169876
toulouse,4,1000000,24,883,0.027180067950169876
toulouse,4,1000000,24,883,0.027180067950169876
toulouse,4,1000000,24,883,0.027180067950169876
toulouse,4,1000000,24,883,0.027180067950169876
nancy,4,1000000,24,883,0.027180067950169876
nancy,4,1000000,24,883,0.027180067950169876
nancy,4,1000000,24,883,0.027180067950169876
nancy,4,1000000,24,883,0.027180067950169876
rennes,4,1000000,24,883,0.027180067950169876
nancy,4,1000000,24,883,0.027180067950169876
nancy,4,1000000,24,883,0.027180067950169876
nancy,4,1000000,24,883,0.027180067950169876
nancy,4,1000000,24,883,0.027180067950169876
nancy,4,1000000,24,883,0.027180067950169876
nancy,4,1000000,24,883,0.027180067950169876
nancy,4,1000000,24,883,0.027180067950169876
nancy,4,1000000,24,883,0.027180067950169876
nancy,4,1000000,24,883,0.027180067950169876
nancy,4,1000000,24,883,0.027180067950169876
rennes,4,1000000,24,883,0.027180067950169876
nancy,4,1000000,24,883,0.027180067950169876
nantes,4,1000000,24,883,0.027180067950169876
nantes,4,1000000,24,883,0.027180067950169876
nantes,4,1000000,24,883,0.027180067950169876
nantes,4,1000000,24,883,0.027180067950169876
nantes,4,1000000,24,883,0.027180067950169876
nantes,4,1000000,24,883,0.027180067950169876
nantes,4,1000000,24,883,0.027180067950169876
nantes,4,1000000,24,883,0.027180067950169876
nantes,4,1000000,24,883,0.027180067950169876
rennes,4,1000000,24,883,0.027180067950169876
nantes,4,1000000,24,883,0.027180067950169876
nantes,4,1000000,24,883,0.027180067950169876
nantes,4,1000000,24,883,0.027180067950169876
nantes,4,1000000,24,883,0.027180067950169876
nantes,4,1000000,24,883,0.027180067950169876
nantes,4,1000000,24,883,0.027180067950169876
rennes,4,1000000,24,883,0.027180067950169876
rennes,4,1000000,24,883,0.027180067950169876
rennes,4,1000000,24,883,0.027180067950169876
rennes,4,1000000,24,883,0.027180067950169876
nantes,4,1000000,24,883,0.027180067950169876
rennes,4,1000000,24,883,0.027180067950169876
rennes,4,1000000,24,883,0.027180067950169876
rennes,4,1000000,24,883,0.027180067950169876
rennes,4,1000000,24,883,0.027180067950169876
rennes,4,1000000,24,883,0.027180067950169876
rennes,4,1000000,24,883,0.027180067950169876
rennes,4,1000000,24,883,0.027180067950169876
rennes,4,1000000,24,883,0.027180067950169876
rennes,4,1000000,24,883,0.027180067950169876
rennes,4,1000000,24,883,0.027180067950169876
rennes,4,1000000,24,883,0.027180067950169876
rennes,4,1000000,24,883,0.027180067950169876
rennes,4,1000000,24,883,0.027180067950169876
toulouse,4,1000000,24,883,0.027180067950169876
toulouse,4,1000000,24,883,0.027180067950169876
toulouse,4,1000000,24,883,0.027180067950169876
toulouse,4,1000000,24,883,0.027180067950169876
toulouse,4,1000000,24,883,0.027180067950169876
toulouse,4,1000000,24,883,0.027180067950169876
toulouse,4,1000000,24,883,0.027180067950169876
toulouse,4,1000000,24,883,0.027180067950169876
toulouse,4,1000000,24,883,0.027180067950169876
rennes,4,1000000,24,883,0.027180067950169876
toulouse,4,1000000,24,883,0.027180067950169876
toulouse,4,1000000,24,883,0.027180067950169876
toulouse,4,1000000,24,883,0.027180067950169876
toulouse,4,1000000,24,883,0.027180067950169876
toulouse,4,1000000,24,883,0.027180067950169876
toulouse,4,1000000,24,883,0.027180067950169876
nancy,4,1000000,24,883,0.027180067950169876
nancy,4,1000000,24,883,0.027180067950169876
nancy,4,1000000,24,883,0.027180067950169876
nancy,4,1000000,24,883,0.027180067950169876
rennes,4,1000000,24,883,0.027180067950169876
nancy,4,1000000,24,883,0.027180067950169876
nancy,4,1000000,24,883,0.027180067950169876
nancy,4,1000000,24,883,0.027180067950169876
nancy,4,1000000,24,883,0.027180067950169876
nancy,4,1000000,24,883,0.027180067950169876
nancy,4,1000000,24,883,0.027180067950169876
nancy,4,1000000,24,883,0.027180067950169876
nancy,4,1000000,24,883,0.027180067950169876
nancy,4,1000000,24,883,0.027180067950169876
nancy,4,1000000,24,883,0.027180067950169876
rennes,4,1000000,24,883,0.027180067950169876
nancy,4,1000000,24,883,0.027180067950169876
rennes,4,1000000,24,883,0.027180067950169876
rennes,4,1000000,24,883,0.027180067950169876
rennes,4,1000000,24,883,0.027180067950169876
rennes,4,1000000,24,883,0.027180067950169876
rennes,4,1000000,24,883,0.027180067950169876
rennes,4,1000000,24,883,0.027180067950169876
rennes,4,1000000,24,883,0.027180067950169876
rennes,4,1000000,24,883,0.027180067950169876
rennes,4,1000000,24,883,0.027180067950169876
rennes,4,1000000,24,883,0.027180067950169876
rennes,4,1000000,24,883,0.027180067950169876
rennes,4,1000000,24,883,0.027180067950169876
rennes,4,1000000,24,883,0.027180067950169876
rennes,4,1000000,24,883,0.027180067950169876
rennes,4,1000000,24,883,0.027180067950169876
rennes,4,1000000,24,883,0.027180067950169876
rennes,4,1000000,24,883,0.027180067950169876
rennes,4,1000000,24,883,0.027180067950169876
rennes,4,1000000,24,883,0.027180067950169876
rennes,4,1000000,24,883,0.027180067950169876
rennes,4,1000000,24,883,0.027180067950169876
rennes,4,1000000,24,883,0.027180067950169876
rennes,4,1000000,24,883,0.027180067950169876
rennes,4,1000000,24,883,0.027180067950169876
rennes,4,1000000,24,883,0.027180067950169876
rennes,4,1000000,24,883,0.027180067950169876
rennes,4,1000000,24,883,0.027180067950169876
rennes,4,1000000,24,883,0.027180067950169876
rennes,4,1000000,24,883,0.027180067950169876
rennes,4,1000000,24,883,0.027180067950169876
rennes,4,1000000,24,883,0.027180067950169876
rennes,4,1000000,24,883,0.027180067950169876
rennes,4,1000000,24,883,0.027180067950169876
rennes,4,1000000,24,883,0.027180067950169876
rennes,4,1000000,24,883,0.027180067950169876
rennes,4,1000000,24,883,0.027180067950169876
rennes,4,1000000,24,883,0.027180067950169876
rennes,4,1000000,24,883,0.027180067950169876
rennes,4,1000000,24,883,0.027180067950169876
rennes,4,1000000,24,883,0.027180067950169876
rennes,4,1000000,24,883,0.027180067950169876
rennes,4,1000000,24,883,0.027180067950169876
rennes,4,1000000,24,883,0.027180067950169876
rennes,4,1000000,24,883,0.027180067950169876
rennes,4,1000000,24,883,0.027180067950169876
rennes,4,1000000,24,883,0.027180067950169876
rennes,4,1000000,24,883,0.027180067950169876
rennes,4,1000000,24,883,0.027180067950169876
rennes,4,1000000,24,883,0.027180067950169876
toulouse,4,1000000,24,883,0.027180067950169876
toulouse,4,1000000,24,883,0.027180067950169876
toulouse,4,1000000,24,883,0.027180067950169876
toulouse,4,1000000,24,883,0.027180067950169876
rennes,4,1000000,24,883,0.027180067950169876
toulouse,4,1000000,24,883,0.027180067950169876
toulouse,4,1000000,24,883,0.027180067950169876
toulouse,4,1000000,24,883,0.027180067950169876
toulouse,4,1000000,24,883,0.027180067950169876
toulouse,4,1000000,24,883,0.027180067950169876
toulouse,4,1000000,24,883,0.027180067950169876
toulouse,4,1000000,24,883,0.027180067950169876
toulouse,4,1000000,24,883,0.027180067950169876
toulouse,4,1000000,24,883,0.027180067950169876
toulouse,4,1000000,24,883,0.027180067950169876
nantes,4,1000000,24,883,0.027180067950169876
rennes,4,1000000,24,883,0.027180067950169876
toulouse,4,1000000,24,883,0.027180067950169876
nantes,4,1000000,24,883,0.027180067950169876
nantes,4,1000000,24,883,0.027180067950169876
nantes,4,1000000,24,883,0.027180067950169876
nantes,4,1000000,24,883,0.027180067950169876
nantes,4,1000000,24,883,0.027180067950169876
nantes,4,1000000,24,883,0.027180067950169876
nantes,4,1000000,24,883,0.027180067950169876
nantes,4,1000000,24,883,0.027180067950169876
nantes,4,1000000,24,883,0.027180067950169876
nantes,4,1000000,24,883,0.027180067950169876
nantes,4,1000000,24,883,0.027180067950169876
nantes,4,1000000,24,883,0.027180067950169876
nantes,4,1000000,24,883,0.027180067950169876
nantes,4,1000000,24,883,0.027180067950169876
nantes,4,1000000,24,883,0.027180067950169876
nantes,4,1000000,24,883,0.027180067950169876
nancy,4,1000000,24,883,0.027180067950169876
nancy,4,1000000,24,883,0.027180067950169876
nancy,4,1000000,24,883,0.027180067950169876
nancy,4,1000000,24,883,0.027180067950169876
nantes,4,1000000,24,883,0.027180067950169876
nancy,4,1000000,24,883,0.027180067950169876
nancy,4,1000000,24,883,0.027180067950169876
nancy,4,1000000,24,883,0.027180067950169876
nancy,4,1000000,24,883,0.027180067950169876
nancy,4,1000000,24,883,0.027180067950169876
nancy,4,1000000,24,883,0.027180067950169876
nancy,4,1000000,24,883,0.027180067950169876
nancy,4,1000000,24,883,0.027180067950169876
nancy,4,1000000,24,883,0.027180067950169876
nancy,4,1000000,24,883,0.027180067950169876
nantes,4,1000000,24,883,0.027180067950169876
nancy,4,1000000,24,883,0.027180067950169876
nancy,4,1000000,24,883,0.027180067950169876
nancy,4,1000000,24,883,0.027180067950169876
nancy,4,1000000,24,883,0.027180067950169876
nancy,4,1000000,24,883,0.027180067950169876
nancy,4,1000000,24,883,0.027180067950169876
nancy,4,1000000,24,883,0.027180067950169876
nancy,4,1000000,24,883,0.027180067950169876
nancy,4,1000000,24,883,0.027180067950169876
nancy,4,1000000,24,883,0.027180067950169876
nantes,4,1000000,24,883,0.027180067950169876
nancy,4,1000000,24,883,0.027180067950169876
nancy,4,1000000,24,883,0.027180067950169876
nancy,4,1000000,24,883,0.027180067950169876
nancy,4,1000000,24,883,0.027180067950169876
nancy,4,1000000,24,883,0.027180067950169876
nancy,4,1000000,24,883,0.027180067950169876
nancy,4,1000000,24,883,0.027180067950169876
nancy,4,1000000,24,883,0.027180067950169876
nancy,4,1000000,24,883,0.027180067950169876
nancy,4,1000000,24,883,0.027180067950169876
nantes,4,1000000,24,883,0.027180067950169876
nancy,4,1000000,24,883,0.027180067950169876
nancy,4,1000000,24,883,0.027180067950169876
nancy,4,1000000,24,883,0.027180067950169876
nancy,4,1000000,24,883,0.027180067950169876
nancy,4,1000000,24,883,0.027180067950169876
nancy,4,1000000,24,883,0.027180067950169876
nancy,4,1000000,24,883,0.027180067950169876
nancy,4,1000000,24,883,0.027180067950169876
nancy,4,1000000,24,883,0.027180067950169876
nancy,4,1000000,24,883,0.027180067950169876
nantes,4,1000000,24,883,0.027180067950169876
nancy,4,1000000,24,883,0.027180067950169876
nantes,4,1000000,24,883,0.027180067950169876
nantes,4,1000000,24,883,0.027180067950169876
nantes,4,1000000,24,883,0.027180067950169876
nantes,4,1000000,24,883,0.027180067950169876
nantes,4,1000000,24,883,0.027180067950169876
nantes,4,1000000,24,883,0.027180067950169876
nantes,4,1000000,24,883,0.027180067950169876
nantes,4,1000000,24,883,0.027180067950169876
nantes,4,1000000,24,883,0.027180067950169876
nantes,5,1000000,48,888,0.05405405405405406
nantes,5,1000000,48,888,0.05405405405405406
nantes,5,1000000,48,888,0.05405405405405406
nantes,5,1000000,48,888,0.05405405405405406
nantes,5,1000000,48,888,0.05405405405405406
nantes,5,1000000,48,888,0.05405405405405406
nantes,5,1000000,48,888,0.05405405405405406
nantes,5,1000000,48,888,0.05405405405405406
nantes,5,1000000,48,888,0.05405405405405406
nantes,5,1000000,48,888,0.05405405405405406
nantes,5,1000000,48,888,0.05405405405405406
nantes,5,1000000,48,888,0.05405405405405406
nantes,5,1000000,48,888,0.05405405405405406
nantes,5,1000000,48,888,0.05405405405405406
nantes,5,1000000,48,888,0.05405405405405406
nantes,5,1000000,48,888,0.05405405405405406
nantes,5,1000000,48,888,0.05405405405405406
nantes,5,1000000,48,888,0.05405405405405406
nantes,5,1000000,48,888,0.05405405405405406
nantes,5,1000000,48,888,0.05405405405405406
nantes,5,1000000,48,888,0.05405405405405406
nantes,5,1000000,48,888,0.05405405405405406
nantes,5,1000000,48,888,0.05405405405405406
nantes,5,1000000,48,888,0.05405405405405406
nantes,5,1000000,48,888,0.05405405405405406
toulouse,5,1000000,48,888,0.05405405405405406
toulouse,5,1000000,48,888,0.05405405405405406
toulouse,5,1000000,48,888,0.05405405405405406
toulouse,5,1000000,48,888,0.05405405405405406
toulouse,5,1000000,48,888,0.05405405405405406
toulouse,5,1000000,48,888,0.05405405405405406
toulouse,5,1000000,48,888,0.05405405405405406
toulouse,5,1000000,48,888,0.05405405405405406
toulouse,5,1000000,48,888,0.05405405405405406
nantes,5,1000000,48,888,0.05405405405405406
toulouse,5,1000000,48,888,0.05405405405405406
toulouse,5,1000000,48,888,0.05405405405405406
toulouse,5,1000000,48,888,0.05405405405405406
toulouse,5,1000000,48,888,0.05405405405405406
toulouse,5,1000000,48,888,0.05405405405405406
toulouse,5,1000000,48,888,0.05405405405405406
toulouse,5,1000000,48,888,0.05405405405405406
toulouse,5,1000000,48,888,0.05405405405405406
toulouse,5,1000000,48,888,0.05405405405405406
toulouse,5,1000000,48,888,0.05405405405405406
nantes,5,1000000,48,888,0.05405405405405406
toulouse,5,1000000,48,888,0.05405405405405406
toulouse,5,1000000,48,888,0.05405405405405406
toulouse,5,1000000,48,888,0.05405405405405406
toulouse,5,1000000,48,888,0.05405405405405406
toulouse,5,1000000,48,888,0.05405405405405406
toulouse,5,1000000,48,888,0.05405405405405406
toulouse,5,1000000,48,888,0.05405405405405406
toulouse,5,1000000,48,888,0.05405405405405406
toulouse,5,1000000,48,888,0.05405405405405406
toulouse,5,1000000,48,888,0.05405405405405406
nantes,5,1000000,48,888,0.05405405405405406
toulouse,5,1000000,48,888,0.05405405405405406
toulouse,5,1000000,48,888,0.05405405405405406
toulouse,5,1000000,48,888,0.05405405405405406
toulouse,5,1000000,48,888,0.05405405405405406
toulouse,5,1000000,48,888,0.05405405405405406
toulouse,5,1000000,48,888,0.05405405405405406
toulouse,5,1000000,48,888,0.05405405405405406
toulouse,5,1000000,48,888,0.05405405405405406
toulouse,5,1000000,48,888,0.05405405405405406
toulouse,5,1000000,48,888,0.05405405405405406
rennes,5,1000000,48,888,0.05405405405405406
toulouse,5,1000000,48,888,0.05405405405405406
toulouse,5,1000000,48,888,0.05405405405405406
toulouse,5,1000000,48,888,0.05405405405405406
toulouse,5,1000000,48,888,0.05405405405405406
toulouse,5,1000000,48,888,0.05405405405405406
toulouse,5,1000000,48,888,0.05405405405405406
nancy,5,1000000,48,888,0.05405405405405406
nancy,5,1000000,48,888,0.05405405405405406
nancy,5,1000000,48,888,0.05405405405405406
nancy,5,1000000,48,888,0.05405405405405406
rennes,5,1000000,48,888,0.05405405405405406
nancy,5,1000000,48,888,0.05405405405405406
nancy,5,1000000,48,888,0.05405405405405406
nancy,5,1000000,48,888,0.05405405405405406
nancy,5,1000000,48,888,0.05405405405405406
nancy,5,1000000,48,888,0.05405405405405406
nancy,5,1000000,48,888,0.05405405405405406
nancy,5,1000000,48,888,0.05405405405405406
nancy,5,1000000,48,888,0.05405405405405406
nancy,5,1000000,48,888,0.05405405405405406
nancy,5,1000000,48,888,0.05405405405405406
rennes,5,1000000,48,888,0.05405405405405406
nancy,5,1000000,48,888,0.05405405405405406
nantes,5,1000000,48,888,0.05405405405405406
nantes,5,1000000,48,888,0.05405405405405406
nantes,5,1000000,48,888,0.05405405405405406
nantes,5,1000000,48,888,0.05405405405405406
nantes,5,1000000,48,888,0.05405405405405406
nantes,5,1000000,48,888,0.05405405405405406
nantes,5,1000000,48,888,0.05405405405405406
nantes,5,1000000,48,888,0.05405405405405406
nantes,5,1000000,48,888,0.05405405405405406
rennes,5,1000000,48,888,0.05405405405405406
nantes,5,1000000,48,888,0.05405405405405406
nantes,5,1000000,48,888,0.05405405405405406
nantes,5,1000000,48,888,0.05405405405405406
nantes,5,1000000,48,888,0.05405405405405406
nantes,5,1000000,48,888,0.05405405405405406
nantes,5,1000000,48,888,0.05405405405405406
rennes,5,1000000,48,888,0.05405405405405406
rennes,5,1000000,48,888,0.05405405405405406
rennes,5,1000000,48,888,0.05405405405405406
rennes,5,1000000,48,888,0.05405405405405406
nantes,5,1000000,48,888,0.05405405405405406
rennes,5,1000000,48,888,0.05405405405405406
rennes,5,1000000,48,888,0.05405405405405406
rennes,5,1000000,48,888,0.05405405405405406
rennes,5,1000000,48,888,0.05405405405405406
rennes,5,1000000,48,888,0.05405405405405406
rennes,5,1000000,48,888,0.05405405405405406
rennes,5,1000000,48,888,0.05405405405405406
rennes,5,1000000,48,888,0.05405405405405406
rennes,5,1000000,48,888,0.05405405405405406
rennes,5,1000000,48,888,0.05405405405405406
rennes,5,1000000,48,888,0.05405405405405406
rennes,5,1000000,48,888,0.05405405405405406
rennes,5,1000000,48,888,0.05405405405405406
toulouse,5,1000000,48,888,0.05405405405405406
toulouse,5,1000000,48,888,0.05405405405405406
toulouse,5,1000000,48,888,0.05405405405405406
toulouse,5,1000000,48,888,0.05405405405405406
toulouse,5,1000000,48,888,0.05405405405405406
toulouse,5,1000000,48,888,0.05405405405405406
toulouse,5,1000000,48,888,0.05405405405405406
toulouse,5,1000000,48,888,0.05405405405405406
toulouse,5,1000000,48,888,0.05405405405405406
rennes,5,1000000,48,888,0.05405405405405406
toulouse,5,1000000,48,888,0.05405405405405406
toulouse,5,1000000,48,888,0.05405405405405406
toulouse,5,1000000,48,888,0.05405405405405406
toulouse,5,1000000,48,888,0.05405405405405406
toulouse,5,1000000,48,888,0.05405405405405406
toulouse,5,1000000,48,888,0.05405405405405406
nancy,5,1000000,48,888,0.05405405405405406
nancy,5,1000000,48,888,0.05405405405405406
nancy,5,1000000,48,888,0.05405405405405406
nancy,5,1000000,48,888,0.05405405405405406
rennes,5,1000000,48,888,0.05405405405405406
nancy,5,1000000,48,888,0.05405405405405406
nancy,5,1000000,48,888,0.05405405405405406
nancy,5,1000000,48,888,0.05405405405405406
nancy,5,1000000,48,888,0.05405405405405406
nancy,5,1000000,48,888,0.05405405405405406
nancy,5,1000000,48,888,0.05405405405405406
nancy,5,1000000,48,888,0.05405405405405406
nancy,5,1000000,48,888,0.05405405405405406
nancy,5,1000000,48,888,0.05405405405405406
nancy,5,1000000,48,888,0.05405405405405406
rennes,5,1000000,48,888,0.05405405405405406
nancy,5,1000000,48,888,0.05405405405405406
rennes,5,1000000,48,888,0.05405405405405406
rennes,5,1000000,48,888,0.05405405405405406
rennes,5,1000000,48,888,0.05405405405405406
rennes,5,1000000,48,888,0.05405405405405406
rennes,5,1000000,48,888,0.05405405405405406
rennes,5,1000000,48,888,0.05405405405405406
rennes,5,1000000,48,888,0.05405405405405406
rennes,5,1000000,48,888,0.05405405405405406
rennes,5,1000000,48,888,0.05405405405405406
rennes,5,1000000,48,888,0.05405405405405406
rennes,5,1000000,48,888,0.05405405405405406
rennes,5,1000000,48,888,0.05405405405405406
rennes,5,1000000,48,888,0.05405405405405406
rennes,5,1000000,48,888,0.05405405405405406
rennes,5,1000000,48,888,0.05405405405405406
rennes,5,1000000,48,888,0.05405405405405406
rennes,5,1000000,48,888,0.05405405405405406
rennes,5,1000000,48,888,0.05405405405405406
rennes,5,1000000,48,888,0.05405405405405406
rennes,5,1000000,48,888,0.05405405405405406
rennes,5,1000000,48,888,0.05405405405405406
rennes,5,1000000,48,888,0.05405405405405406
rennes,5,1000000,48,888,0.05405405405405406
rennes,5,1000000,48,888,0.05405405405405406
rennes,5,1000000,48,888,0.05405405405405406
rennes,5,1000000,48,888,0.05405405405405406
rennes,5,1000000,48,888,0.05405405405405406
rennes,5,1000000,48,888,0.05405405405405406
rennes,5,1000000,48,888,0.05405405405405406
rennes,5,1000000,48,888,0.05405405405405406
rennes,5,1000000,48,888,0.05405405405405406
rennes,5,1000000,48,888,0.05405405405405406
rennes,5,1000000,48,888,0.05405405405405406
rennes,5,1000000,48,888,0.05405405405405406
rennes,5,1000000,48,888,0.05405405405405406
rennes,5,1000000,48,888,0.05405405405405406
rennes,5,1000000,48,888,0.05405405405405406
rennes,5,1000000,48,888,0.05405405405405406
rennes,5,1000000,48,888,0.05405405405405406
rennes,5,1000000,48,888,0.05405405405405406
rennes,5,1000000,48,888,0.05405405405405406
rennes,5,1000000,48,888,0.05405405405405406
rennes,5,1000000,48,888,0.05405405405405406
rennes,5,1000000,48,888,0.05405405405405406
rennes,5,1000000,48,888,0.05405405405405406
rennes,5,1000000,48,888,0.05405405405405406
rennes,5,1000000,48,888,0.05405405405405406
rennes,5,1000000,48,888,0.05405405405405406
rennes,5,1000000,48,888,0.05405405405405406
toulouse,5,1000000,48,888,0.05405405405405406
toulouse,5,1000000,48,888,0.05405405405405406
toulouse,5,1000000,48,888,0.05405405405405406
toulouse,5,1000000,48,888,0.05405405405405406
rennes,5,1000000,48,888,0.05405405405405406
toulouse,5,1000000,48,888,0.05405405405405406
toulouse,5,1000000,48,888,0.05405405405405406
toulouse,5,1000000,48,888,0.05405405405405406
toulouse,5,1000000,48,888,0.05405405405405406
toulouse,5,1000000,48,888,0.05405405405405406
toulouse,5,1000000,48,888,0.05405405405405406
toulouse,5,1000000,48,888,0.05405405405405406
toulouse,5,1000000,48,888,0.05405405405405406
toulouse,5,1000000,48,888,0.05405405405405406
toulouse,5,1000000,48,888,0.05405405405405406
nantes,5,1000000,48,888,0.05405405405405406
rennes,5,1000000,48,888,0.05405405405405406
toulouse,5,1000000,48,888,0.05405405405405406
nantes,5,1000000,48,888,0.05405405405405406
nantes,5,1000000,48,888,0.05405405405405406
nantes,5,1000000,48,888,0.05405405405405406
nantes,5,1000000,48,888,0.05405405405405406
nantes,5,1000000,48,888,0.05405405405405406
nantes,5,1000000,48,888,0.05405405405405406
nantes,5,1000000,48,888,0.05405405405405406
nantes,5,1000000,48,888,0.05405405405405406
nantes,5,1000000,48,888,0.05405405405405406
nantes,5,1000000,48,888,0.05405405405405406
nantes,5,1000000,48,888,0.05405405405405406
nantes,5,1000000,48,888,0.05405405405405406
nantes,5,1000000,48,888,0.05405405405405406
nantes,5,1000000,48,888,0.05405405405405406
nantes,5,1000000,48,888,0.05405405405405406
nantes,5,1000000,48,888,0.05405405405405406
nancy,5,1000000,48,888,0.05405405405405406
nancy,5,1000000,48,888,0.05405405405405406
nancy,5,1000000,48,888,0.05405405405405406
nancy,5,1000000,48,888,0.05405405405405406
nantes,5,1000000,48,888,0.05405405405405406
nancy,5,1000000,48,888,0.05405405405405406
nancy,5,1000000,48,888,0.05405405405405406
nancy,5,1000000,48,888,0.05405405405405406
nancy,5,1000000,48,888,0.05405405405405406
nancy,5,1000000,48,888,0.05405405405405406
nancy,5,1000000,48,888,0.05405405405405406
nancy,5,1000000,48,888,0.05405405405405406
nancy,5,1000000,48,888,0.05405405405405406
nancy,5,1000000,48,888,0.05405405405405406
nancy,5,1000000,48,888,0.05405405405405406
nantes,5,1000000,48,888,0.05405405405405406
nancy,5,1000000,48,888,0.05405405405405406
nancy,5,1000000,48,888,0.05405405405405406
nancy,5,1000000,48,888,0.05405405405405406
nancy,5,1000000,48,888,0.05405405405405406
nancy,5,1000000,48,888,0.05405405405405406
nancy,5,1000000,48,888,0.05405405405405406
nancy,5,1000000,48,888,0.05405405405405406
nancy,5,1000000,48,888,0.05405405405405406
nancy,5,1000000,48,888,0.05405405405405406
nancy,5,1000000,48,888,0.05405405405405406
nantes,5,1000000,48,888,0.05405405405405406
nancy,5,1000000,48,888,0.05405405405405406
nancy,5,1000000,48,888,0.05405405405405406
nancy,5,1000000,48,888,0.05405405405405406
nancy,5,1000000,48,888,0.05405405405405406
nancy,5,1000000,48,888,0.05405405405405406
nancy,5,1000000,48,888,0.05405405405405406
nancy,5,1000000,48,888,0.05405405405405406
nancy,5,1000000,48,888,0.05405405405405406
nancy,5,1000000,48,888,0.05405405405405406
nancy,5,1000000,48,888,0.05405405405405406
nantes,5,1000000,48,888,0.05405405405405406
nancy,5,1000000,48,888,0.05405405405405406
nancy,5,1000000,48,888,0.05405405405405406
nancy,5,1000000,48,888,0.05405405405405406
nancy,5,1000000,48,888,0.05405405405405406
nancy,5,1000000,48,888,0.05405405405405406
nancy,5,1000000,48,888,0.05405405405405406
nancy,5,1000000,48,888,0.05405405405405406
nancy,5,1000000,48,888,0.05405405405405406
nancy,5,1000000,48,888,0.05405405405405406
nancy,5,1000000,48,888,0.05405405405405406
nantes,5,1000000,48,888,0.05405405405405406
nancy,5,1000000,48,888,0.05405405405405406
nantes,5,1000000,48,888,0.05405405405405406
nantes,5,1000000,48,888,0.05405405405405406
nantes,5,1000000,48,888,0.05405405405405406
nantes,5,1000000,48,888,0.05405405405405406
nantes,5,1000000,48,888,0.05405405405405406
nantes,5,1000000,48,888,0.05405405405405406
nantes,5,1000000,48,888,0.05405405405405406
nantes,5,1000000,48,888,0.05405405405405406
nantes,5,1000000,48,888,0.05405405405405406
nantes,7,1000000,24,874,0.02745995423340961
nantes,7,1000000,24,874,0.02745995423340961
nantes,7,1000000,24,874,0.02745995423340961
nantes,7,1000000,24,874,0.02745995423340961
nantes,7,1000000,24,874,0.02745995423340961
nantes,7,1000000,24,874,0.02745995423340961
nantes,7,1000000,24,874,0.02745995423340961
nantes,7,1000000,24,874,0.02745995423340961
nantes,7,1000000,24,874,0.02745995423340961
nantes,7,1000000,24,874,0.02745995423340961
nantes,7,1000000,24,874,0.02745995423340961
nantes,7,1000000,24,874,0.02745995423340961
nantes,7,1000000,24,874,0.02745995423340961
nantes,7,1000000,24,874,0.02745995423340961
nantes,7,1000000,24,874,0.02745995423340961
nantes,7,1000000,24,874,0.02745995423340961
nantes,7,1000000,24,874,0.02745995423340961
nantes,7,1000000,24,874,0.02745995423340961
nantes,7,1000000,24,874,0.02745995423340961
nantes,7,1000000,24,874,0.02745995423340961
nantes,7,1000000,24,874,0.02745995423340961
nantes,7,1000000,24,874,0.02745995423340961
nantes,7,1000000,24,874,0.02745995423340961
nantes,7,1000000,24,874,0.02745995423340961
nantes,7,1000000,24,874,0.02745995423340961
toulouse,7,1000000,24,874,0.02745995423340961
toulouse,7,1000000,24,874,0.02745995423340961
toulouse,7,1000000,24,874,0.02745995423340961
toulouse,7,1000000,24,874,0.02745995423340961
toulouse,7,1000000,24,874,0.02745995423340961
toulouse,7,1000000,24,874,0.02745995423340961
toulouse,7,1000000,24,874,0.02745995423340961
toulouse,7,1000000,24,874,0.02745995423340961
toulouse,7,1000000,24,874,0.02745995423340961
nantes,7,1000000,24,874,0.02745995423340961
toulouse,7,1000000,24,874,0.02745995423340961
toulouse,7,1000000,24,874,0.02745995423340961
toulouse,7,1000000,24,874,0.02745995423340961
toulouse,7,1000000,24,874,0.02745995423340961
toulouse,7,1000000,24,874,0.02745995423340961
toulouse,7,1000000,24,874,0.02745995423340961
toulouse,7,1000000,24,874,0.02745995423340961
toulouse,7,1000000,24,874,0.02745995423340961
toulouse,7,1000000,24,874,0.02745995423340961
toulouse,7,1000000,24,874,0.02745995423340961
nantes,7,1000000,24,874,0.02745995423340961
toulouse,7,1000000,24,874,0.02745995423340961
toulouse,7,1000000,24,874,0.02745995423340961
toulouse,7,1000000,24,874,0.02745995423340961
toulouse,7,1000000,24,874,0.02745995423340961
toulouse,7,1000000,24,874,0.02745995423340961
toulouse,7,1000000,24,874,0.02745995423340961
toulouse,7,1000000,24,874,0.02745995423340961
toulouse,7,1000000,24,874,0.02745995423340961
toulouse,7,1000000,24,874,0.02745995423340961
toulouse,7,1000000,24,874,0.02745995423340961
nantes,7,1000000,24,874,0.02745995423340961
toulouse,7,1000000,24,874,0.02745995423340961
toulouse,7,1000000,24,874,0.02745995423340961
toulouse,7,1000000,24,874,0.02745995423340961
toulouse,7,1000000,24,874,0.02745995423340961
toulouse,7,1000000,24,874,0.02745995423340961
toulouse,7,1000000,24,874,0.02745995423340961
toulouse,7,1000000,24,874,0.02745995423340961
toulouse,7,1000000,24,874,0.02745995423340961
toulouse,7,1000000,24,874,0.02745995423340961
toulouse,7,1000000,24,874,0.02745995423340961
rennes,7,1000000,24,874,0.02745995423340961
toulouse,7,1000000,24,874,0.02745995423340961
toulouse,7,1000000,24,874,0.02745995423340961
toulouse,7,1000000,24,874,0.02745995423340961
toulouse,7,1000000,24,874,0.02745995423340961
toulouse,7,1000000,24,874,0.02745995423340961
toulouse,7,1000000,24,874,0.02745995423340961
nancy,7,1000000,24,874,0.02745995423340961
nancy,7,1000000,24,874,0.02745995423340961
nancy,7,1000000,24,874,0.02745995423340961
nancy,7,1000000,24,874,0.02745995423340961
rennes,7,1000000,24,874,0.02745995423340961
nancy,7,1000000,24,874,0.02745995423340961
nancy,7,1000000,24,874,0.02745995423340961
nancy,7,1000000,24,874,0.02745995423340961
nancy,7,1000000,24,874,0.02745995423340961
nancy,7,1000000,24,874,0.02745995423340961
nancy,7,1000000,24,874,0.02745995423340961
nancy,7,1000000,24,874,0.02745995423340961
nancy,7,1000000,24,874,0.02745995423340961
nancy,7,1000000,24,874,0.02745995423340961
nancy,7,1000000,24,874,0.02745995423340961
rennes,7,1000000,24,874,0.02745995423340961
nancy,7,1000000,24,874,0.02745995423340961
nantes,7,1000000,24,874,0.02745995423340961
nantes,7,1000000,24,874,0.02745995423340961
nantes,7,1000000,24,874,0.02745995423340961
nantes,7,1000000,24,874,0.02745995423340961
nantes,7,1000000,24,874,0.02745995423340961
nantes,7,1000000,24,874,0.02745995423340961
nantes,7,1000000,24,874,0.02745995423340961
nantes,7,1000000,24,874,0.02745995423340961
nantes,7,1000000,24,874,0.02745995423340961
rennes,7,1000000,24,874,0.02745995423340961
nantes,7,1000000,24,874,0.02745995423340961
nantes,7,1000000,24,874,0.02745995423340961
nantes,7,1000000,24,874,0.02745995423340961
nantes,7,1000000,24,874,0.02745995423340961
nantes,7,1000000,24,874,0.02745995423340961
nantes,7,1000000,24,874,0.02745995423340961
rennes,7,1000000,24,874,0.02745995423340961
rennes,7,1000000,24,874,0.02745995423340961
rennes,7,1000000,24,874,0.02745995423340961
rennes,7,1000000,24,874,0.02745995423340961
nantes,7,1000000,24,874,0.02745995423340961
rennes,7,1000000,24,874,0.02745995423340961
rennes,7,1000000,24,874,0.02745995423340961
rennes,7,1000000,24,874,0.02745995423340961
rennes,7,1000000,24,874,0.02745995423340961
rennes,7,1000000,24,874,0.02745995423340961
rennes,7,1000000,24,874,0.02745995423340961
rennes,7,1000000,24,874,0.02745995423340961
rennes,7,1000000,24,874,0.02745995423340961
rennes,7,1000000,24,874,0.02745995423340961
rennes,7,1000000,24,874,0.02745995423340961
rennes,7,1000000,24,874,0.02745995423340961
rennes,7,1000000,24,874,0.02745995423340961
rennes,7,1000000,24,874,0.02745995423340961
toulouse,7,1000000,24,874,0.02745995423340961
toulouse,7,1000000,24,874,0.02745995423340961
toulouse,7,1000000,24,874,0.02745995423340961
toulouse,7,1000000,24,874,0.02745995423340961
toulouse,7,1000000,24,874,0.02745995423340961
toulouse,7,1000000,24,874,0.02745995423340961
toulouse,7,1000000,24,874,0.02745995423340961
toulouse,7,1000000,24,874,0.02745995423340961
toulouse,7,1000000,24,874,0.02745995423340961
rennes,7,1000000,24,874,0.02745995423340961
toulouse,7,1000000,24,874,0.02745995423340961
toulouse,7,1000000,24,874,0.02745995423340961
toulouse,7,1000000,24,874,0.02745995423340961
toulouse,7,1000000,24,874,0.02745995423340961
toulouse,7,1000000,24,874,0.02745995423340961
toulouse,7,1000000,24,874,0.02745995423340961
nancy,7,1000000,24,874,0.02745995423340961
nancy,7,1000000,24,874,0.02745995423340961
nancy,7,1000000,24,874,0.02745995423340961
nancy,7,1000000,24,874,0.02745995423340961
rennes,7,1000000,24,874,0.02745995423340961
nancy,7,1000000,24,874,0.02745995423340961
nancy,7,1000000,24,874,0.02745995423340961
nancy,7,1000000,24,874,0.02745995423340961
nancy,7,1000000,24,874,0.02745995423340961
nancy,7,1000000,24,874,0.02745995423340961
nancy,7,1000000,24,874,0.02745995423340961
nancy,7,1000000,24,874,0.02745995423340961
nancy,7,1000000,24,874,0.02745995423340961
nancy,7,1000000,24,874,0.02745995423340961
nancy,7,1000000,24,874,0.02745995423340961
rennes,7,1000000,24,874,0.02745995423340961
nancy,7,1000000,24,874,0.02745995423340961
rennes,7,1000000,24,874,0.02745995423340961
rennes,7,1000000,24,874,0.02745995423340961
rennes,7,1000000,24,874,0.02745995423340961
rennes,7,1000000,24,874,0.02745995423340961
rennes,7,1000000,24,874,0.02745995423340961
rennes,7,1000000,24,874,0.02745995423340961
rennes,7,1000000,24,874,0.02745995423340961
rennes,7,1000000,24,874,0.02745995423340961
rennes,7,1000000,24,874,0.02745995423340961
rennes,7,1000000,24,874,0.02745995423340961
rennes,7,1000000,24,874,0.02745995423340961
rennes,7,1000000,24,874,0.02745995423340961
rennes,7,1000000,24,874,0.02745995423340961
rennes,7,1000000,24,874,0.02745995423340961
rennes,7,1000000,24,874,0.02745995423340961
rennes,7,1000000,24,874,0.02745995423340961
rennes,7,1000000,24,874,0.02745995423340961
rennes,7,1000000,24,874,0.02745995423340961
rennes,7,1000000,24,874,0.02745995423340961
rennes,7,1000000,24,874,0.02745995423340961
rennes,7,1000000,24,874,0.02745995423340961
rennes,7,1000000,24,874,0.02745995423340961
rennes,7,1000000,24,874,0.02745995423340961
rennes,7,1000000,24,874,0.02745995423340961
rennes,7,1000000,24,874,0.02745995423340961
rennes,7,1000000,24,874,0.02745995423340961
rennes,7,1000000,24,874,0.02745995423340961
rennes,7,1000000,24,874,0.02745995423340961
rennes,7,1000000,24,874,0.02745995423340961
rennes,7,1000000,24,874,0.02745995423340961
rennes,7,1000000,24,874,0.02745995423340961
rennes,7,1000000,24,874,0.02745995423340961
rennes,7,1000000,24,874,0.02745995423340961
rennes,7,1000000,24,874,0.02745995423340961
rennes,7,1000000,24,874,0.02745995423340961
rennes,7,1000000,24,874,0.02745995423340961
rennes,7,1000000,24,874,0.02745995423340961
rennes,7,1000000,24,874,0.02745995423340961
rennes,7,1000000,24,874,0.02745995423340961
rennes,7,1000000,24,874,0.02745995423340961
rennes,7,1000000,24,874,0.02745995423340961
rennes,7,1000000,24,874,0.02745995423340961
rennes,7,1000000,24,874,0.02745995423340961
rennes,7,1000000,24,874,0.02745995423340961
rennes,7,1000000,24,874,0.02745995423340961
rennes,7,1000000,24,874,0.02745995423340961
rennes,7,1000000,24,874,0.02745995423340961
rennes,7,1000000,24,874,0.02745995423340961
rennes,7,1000000,24,874,0.02745995423340961
toulouse,7,1000000,24,874,0.02745995423340961
toulouse,7,1000000,24,874,0.02745995423340961
toulouse,7,1000000,24,874,0.02745995423340961
toulouse,7,1000000,24,874,0.02745995423340961
rennes,7,1000000,24,874,0.02745995423340961
toulouse,7,1000000,24,874,0.02745995423340961
toulouse,7,1000000,24,874,0.02745995423340961
toulouse,7,1000000,24,874,0.02745995423340961
toulouse,7,1000000,24,874,0.02745995423340961
toulouse,7,1000000,24,874,0.02745995423340961
toulouse,7,1000000,24,874,0.02745995423340961
toulouse,7,1000000,24,874,0.02745995423340961
toulouse,7,1000000,24,874,0.02745995423340961
toulouse,7,1000000,24,874,0.02745995423340961
toulouse,7,1000000,24,874,0.02745995423340961
nantes,7,1000000,24,874,0.02745995423340961
rennes,7,1000000,24,874,0.02745995423340961
toulouse,7,1000000,24,874,0.02745995423340961
nantes,7,1000000,24,874,0.02745995423340961
nantes,7,1000000,24,874,0.02745995423340961
nantes,7,1000000,24,874,0.02745995423340961
nantes,7,1000000,24,874,0.02745995423340961
nantes,7,1000000,24,874,0.02745995423340961
nantes,7,1000000,24,874,0.02745995423340961
nantes,7,1000000,24,874,0.02745995423340961
nantes,7,1000000,24,874,0.02745995423340961
nantes,7,1000000,24,874,0.02745995423340961
nantes,7,1000000,24,874,0.02745995423340961
nantes,7,1000000,24,874,0.02745995423340961
nantes,7,1000000,24,874,0.02745995423340961
nantes,7,1000000,24,874,0.02745995423340961
nantes,7,1000000,24,874,0.02745995423340961
nantes,7,1000000,24,874,0.02745995423340961
nantes,7,1000000,24,874,0.02745995423340961
nancy,7,1000000,24,874,0.02745995423340961
nancy,7,1000000,24,874,0.02745995423340961
nancy,7,1000000,24,874,0.02745995423340961
nancy,7,1000000,24,874,0.02745995423340961
nantes,7,1000000,24,874,0.02745995423340961
nancy,7,1000000,24,874,0.02745995423340961
nancy,7,1000000,24,874,0.02745995423340961
nancy,7,1000000,24,874,0.02745995423340961
nancy,7,1000000,24,874,0.02745995423340961
nancy,7,1000000,24,874,0.02745995423340961
nancy,7,1000000,24,874,0.02745995423340961
nancy,7,1000000,24,874,0.02745995423340961
nancy,7,1000000,24,874,0.02745995423340961
nancy,7,1000000,24,874,0.02745995423340961
nantes,7,1000000,24,874,0.02745995423340961
nancy,7,1000000,24,874,0.02745995423340961
nancy,7,1000000,24,874,0.02745995423340961
nancy,7,1000000,24,874,0.02745995423340961
nancy,7,1000000,24,874,0.02745995423340961
nancy,7,1000000,24,874,0.02745995423340961
nancy,7,1000000,24,874,0.02745995423340961
nancy,7,1000000,24,874,0.02745995423340961
nancy,7,1000000,24,874,0.02745995423340961
nancy,7,1000000,24,874,0.02745995423340961
nancy,7,1000000,24,874,0.02745995423340961
nantes,7,1000000,24,874,0.02745995423340961
nancy,7,1000000,24,874,0.02745995423340961
nancy,7,1000000,24,874,0.02745995423340961
nancy,7,1000000,24,874,0.02745995423340961
nancy,7,1000000,24,874,0.02745995423340961
nancy,7,1000000,24,874,0.02745995423340961
nancy,7,1000000,24,874,0.02745995423340961
nancy,7,1000000,24,874,0.02745995423340961
nancy,7,1000000,24,874,0.02745995423340961
nancy,7,1000000,24,874,0.02745995423340961
nancy,7,1000000,24,874,0.02745995423340961
nantes,7,1000000,24,874,0.02745995423340961
nancy,7,1000000,24,874,0.02745995423340961
nancy,7,1000000,24,874,0.02745995423340961
nancy,7,1000000,24,874,0.02745995423340961
nancy,7,1000000,24,874,0.02745995423340961
nancy,7,1000000,24,874,0.02745995423340961
nancy,7,1000000,24,874,0.02745995423340961
nancy,7,1000000,24,874,0.02745995423340961
nancy,7,1000000,24,874,0.02745995423340961
nancy,7,1000000,24,874,0.02745995423340961
nancy,7,1000000,24,874,0.02745995423340961
nantes,7,1000000,24,874,0.02745995423340961
nancy,7,1000000,24,874,0.02745995423340961
nantes,7,1000000,24,874,0.02745995423340961
nantes,7,1000000,24,874,0.02745995423340961
nantes,7,1000000,24,874,0.02745995423340961
nantes,7,1000000,24,874,0.02745995423340961
nantes,7,1000000,24,874,0.02745995423340961
nantes,7,1000000,24,874,0.02745995423340961
nantes,7,1000000,24,874,0.02745995423340961
nantes,7,1000000,24,874,0.02745995423340961
nantes,7,1000000,24,874,0.02745995423340961
nantes,9,1000000,24,860,0.027906976744186046
nantes,9,1000000,24,860,0.027906976744186046
nantes,9,1000000,24,860,0.027906976744186046
nantes,9,1000000,24,860,0.027906976744186046
nantes,9,1000000,24,860,0.027906976744186046
nantes,9,1000000,24,860,0.027906976744186046
nantes,9,1000000,24,860,0.027906976744186046
nantes,9,1000000,24,860,0.027906976744186046
nantes,9,1000000,24,860,0.027906976744186046
nantes,9,1000000,24,860,0.027906976744186046
nantes,9,1000000,24,860,0.027906976744186046
nantes,9,1000000,24,860,0.027906976744186046
nantes,9,1000000,24,860,0.027906976744186046
nantes,9,1000000,24,860,0.027906976744186046
nantes,9,1000000,24,860,0.027906976744186046
nantes,9,1000000,24,860,0.027906976744186046
nantes,9,1000000,24,860,0.027906976744186046
nantes,9,1000000,24,860,0.027906976744186046
nantes,9,1000000,24,860,0.027906976744186046
nantes,9,1000000,24,860,0.027906976744186046
nantes,9,1000000,24,860,0.027906976744186046
nantes,9,1000000,24,860,0.027906976744186046
nantes,9,1000000,24,860,0.027906976744186046
nantes,9,1000000,24,860,0.027906976744186046
nantes,9,1000000,24,860,0.027906976744186046
toulouse,9,1000000,24,860,0.027906976744186046
toulouse,9,1000000,24,860,0.027906976744186046
toulouse,9,1000000,24,860,0.027906976744186046
toulouse,9,1000000,24,860,0.027906976744186046
toulouse,9,1000000,24,860,0.027906976744186046
toulouse,9,1000000,24,860,0.027906976744186046
toulouse,9,1000000,24,860,0.027906976744186046
toulouse,9,1000000,24,860,0.027906976744186046
toulouse,9,1000000,24,860,0.027906976744186046
nantes,9,1000000,24,860,0.027906976744186046
toulouse,9,1000000,24,860,0.027906976744186046
toulouse,9,1000000,24,860,0.027906976744186046
toulouse,9,1000000,24,860,0.027906976744186046
toulouse,9,1000000,24,860,0.027906976744186046
toulouse,9,1000000,24,860,0.027906976744186046
toulouse,9,1000000,24,860,0.027906976744186046
toulouse,9,1000000,24,860,0.027906976744186046
toulouse,9,1000000,24,860,0.027906976744186046
toulouse,9,1000000,24,860,0.027906976744186046
toulouse,9,1000000,24,860,0.027906976744186046
nantes,9,1000000,24,860,0.027906976744186046
toulouse,9,1000000,24,860,0.027906976744186046
toulouse,9,1000000,24,860,0.027906976744186046
toulouse,9,1000000,24,860,0.027906976744186046
toulouse,9,1000000,24,860,0.027906976744186046
toulouse,9,1000000,24,860,0.027906976744186046
toulouse,9,1000000,24,860,0.027906976744186046
toulouse,9,1000000,24,860,0.027906976744186046
toulouse,9,1000000,24,860,0.027906976744186046
toulouse,9,1000000,24,860,0.027906976744186046
toulouse,9,1000000,24,860,0.027906976744186046
nantes,9,1000000,24,860,0.027906976744186046
toulouse,9,1000000,24,860,0.027906976744186046
toulouse,9,1000000,24,860,0.027906976744186046
toulouse,9,1000000,24,860,0.027906976744186046
toulouse,9,1000000,24,860,0.027906976744186046
toulouse,9,1000000,24,860,0.027906976744186046
toulouse,9,1000000,24,860,0.027906976744186046
toulouse,9,1000000,24,860,0.027906976744186046
toulouse,9,1000000,24,860,0.027906976744186046
toulouse,9,1000000,24,860,0.027906976744186046
toulouse,9,1000000,24,860,0.027906976744186046
rennes,9,1000000,24,860,0.027906976744186046
toulouse,9,1000000,24,860,0.027906976744186046
toulouse,9,1000000,24,860,0.027906976744186046
toulouse,9,1000000,24,860,0.027906976744186046
toulouse,9,1000000,24,860,0.027906976744186046
toulouse,9,1000000,24,860,0.027906976744186046
toulouse,9,1000000,24,860,0.027906976744186046
nancy,9,1000000,24,860,0.027906976744186046
nancy,9,1000000,24,860,0.027906976744186046
nancy,9,1000000,24,860,0.027906976744186046
nancy,9,1000000,24,860,0.027906976744186046
rennes,9,1000000,24,860,0.027906976744186046
nancy,9,1000000,24,860,0.027906976744186046
nancy,9,1000000,24,860,0.027906976744186046
nancy,9,1000000,24,860,0.027906976744186046
nancy,9,1000000,24,860,0.027906976744186046
nancy,9,1000000,24,860,0.027906976744186046
nancy,9,1000000,24,860,0.027906976744186046
nancy,9,1000000,24,860,0.027906976744186046
nancy,9,1000000,24,860,0.027906976744186046
nancy,9,1000000,24,860,0.027906976744186046
nancy,9,1000000,24,860,0.027906976744186046
rennes,9,1000000,24,860,0.027906976744186046
nancy,9,1000000,24,860,0.027906976744186046
nantes,9,1000000,24,860,0.027906976744186046
nantes,9,1000000,24,860,0.027906976744186046
nantes,9,1000000,24,860,0.027906976744186046
nantes,9,1000000,24,860,0.027906976744186046
nantes,9,1000000,24,860,0.027906976744186046
nantes,9,1000000,24,860,0.027906976744186046
nantes,9,1000000,24,860,0.027906976744186046
nantes,9,1000000,24,860,0.027906976744186046
nantes,9,1000000,24,860,0.027906976744186046
rennes,9,1000000,24,860,0.027906976744186046
nantes,9,1000000,24,860,0.027906976744186046
nantes,9,1000000,24,860,0.027906976744186046
nantes,9,1000000,24,860,0.027906976744186046
nantes,9,1000000,24,860,0.027906976744186046
nantes,9,1000000,24,860,0.027906976744186046
nantes,9,1000000,24,860,0.027906976744186046
rennes,9,1000000,24,860,0.027906976744186046
rennes,9,1000000,24,860,0.027906976744186046
rennes,9,1000000,24,860,0.027906976744186046
rennes,9,1000000,24,860,0.027906976744186046
nantes,9,1000000,24,860,0.027906976744186046
rennes,9,1000000,24,860,0.027906976744186046
rennes,9,1000000,24,860,0.027906976744186046
rennes,9,1000000,24,860,0.027906976744186046
rennes,9,1000000,24,860,0.027906976744186046
rennes,9,1000000,24,860,0.027906976744186046
rennes,9,1000000,24,860,0.027906976744186046
rennes,9,1000000,24,860,0.027906976744186046
rennes,9,1000000,24,860,0.027906976744186046
rennes,9,1000000,24,860,0.027906976744186046
rennes,9,1000000,24,860,0.027906976744186046
rennes,9,1000000,24,860,0.027906976744186046
rennes,9,1000000,24,860,0.027906976744186046
rennes,9,1000000,24,860,0.027906976744186046
toulouse,9,1000000,24,860,0.027906976744186046
toulouse,9,1000000,24,860,0.027906976744186046
toulouse,9,1000000,24,860,0.027906976744186046
toulouse,9,1000000,24,860,0.027906976744186046
toulouse,9,1000000,24,860,0.027906976744186046
toulouse,9,1000000,24,860,0.027906976744186046
toulouse,9,1000000,24,860,0.027906976744186046
toulouse,9,1000000,24,860,0.027906976744186046
toulouse,9,1000000,24,860,0.027906976744186046
rennes,9,1000000,24,860,0.027906976744186046
toulouse,9,1000000,24,860,0.027906976744186046
toulouse,9,1000000,24,860,0.027906976744186046
toulouse,9,1000000,24,860,0.027906976744186046
toulouse,9,1000000,24,860,0.027906976744186046
toulouse,9,1000000,24,860,0.027906976744186046
toulouse,9,1000000,24,860,0.027906976744186046
nancy,9,1000000,24,860,0.027906976744186046
nancy,9,1000000,24,860,0.027906976744186046
nancy,9,1000000,24,860,0.027906976744186046
nancy,9,1000000,24,860,0.027906976744186046
rennes,9,1000000,24,860,0.027906976744186046
nancy,9,1000000,24,860,0.027906976744186046
nancy,9,1000000,24,860,0.027906976744186046
nancy,9,1000000,24,860,0.027906976744186046
nancy,9,1000000,24,860,0.027906976744186046
nancy,9,1000000,24,860,0.027906976744186046
nancy,9,1000000,24,860,0.027906976744186046
nancy,9,1000000,24,860,0.027906976744186046
nancy,9,1000000,24,860,0.027906976744186046
nancy,9,1000000,24,860,0.027906976744186046
nancy,9,1000000,24,860,0.027906976744186046
rennes,9,1000000,24,860,0.027906976744186046
nancy,9,1000000,24,860,0.027906976744186046
rennes,9,1000000,24,860,0.027906976744186046
rennes,9,1000000,24,860,0.027906976744186046
rennes,9,1000000,24,860,0.027906976744186046
rennes,9,1000000,24,860,0.027906976744186046
rennes,9,1000000,24,860,0.027906976744186046
rennes,9,1000000,24,860,0.027906976744186046
rennes,9,1000000,24,860,0.027906976744186046
rennes,9,1000000,24,860,0.027906976744186046
rennes,9,1000000,24,860,0.027906976744186046
rennes,9,1000000,24,860,0.027906976744186046
rennes,9,1000000,24,860,0.027906976744186046
rennes,9,1000000,24,860,0.027906976744186046
rennes,9,1000000,24,860,0.027906976744186046
rennes,9,1000000,24,860,0.027906976744186046
rennes,9,1000000,24,860,0.027906976744186046
rennes,9,1000000,24,860,0.027906976744186046
rennes,9,1000000,24,860,0.027906976744186046
rennes,9,1000000,24,860,0.027906976744186046
rennes,9,1000000,24,860,0.027906976744186046
rennes,9,1000000,24,860,0.027906976744186046
rennes,9,1000000,24,860,0.027906976744186046
rennes,9,1000000,24,860,0.027906976744186046
rennes,9,1000000,24,860,0.027906976744186046
rennes,9,1000000,24,860,0.027906976744186046
rennes,9,1000000,24,860,0.027906976744186046
rennes,9,1000000,24,860,0.027906976744186046
rennes,9,1000000,24,860,0.027906976744186046
rennes,9,1000000,24,860,0.027906976744186046
rennes,9,1000000,24,860,0.027906976744186046
rennes,9,1000000,24,860,0.027906976744186046
rennes,9,1000000,24,860,0.027906976744186046
rennes,9,1000000,24,860,0.027906976744186046
rennes,9,1000000,24,860,0.027906976744186046
rennes,9,1000000,24,860,0.027906976744186046
rennes,9,1000000,24,860,0.027906976744186046
rennes,9,1000000,24,860,0.027906976744186046
rennes,9,1000000,24,860,0.027906976744186046
rennes,9,1000000,24,860,0.027906976744186046
rennes,9,1000000,24,860,0.027906976744186046
rennes,9,1000000,24,860,0.027906976744186046
rennes,9,1000000,24,860,0.027906976744186046
rennes,9,1000000,24,860,0.027906976744186046
rennes,9,1000000,24,860,0.027906976744186046
rennes,9,1000000,24,860,0.027906976744186046
rennes,9,1000000,24,860,0.027906976744186046
rennes,9,1000000,24,860,0.027906976744186046
rennes,9,1000000,24,860,0.027906976744186046
rennes,9,1000000,24,860,0.027906976744186046
rennes,9,1000000,24,860,0.027906976744186046
toulouse,9,1000000,24,860,0.027906976744186046
toulouse,9,1000000,24,860,0.027906976744186046
toulouse,9,1000000,24,860,0.027906976744186046
toulouse,9,1000000,24,860,0.027906976744186046
rennes,9,1000000,24,860,0.027906976744186046
toulouse,9,1000000,24,860,0.027906976744186046
toulouse,9,1000000,24,860,0.027906976744186046
toulouse,9,1000000,24,860,0.027906976744186046
toulouse,9,1000000,24,860,0.027906976744186046
toulouse,9,1000000,24,860,0.027906976744186046
toulouse,9,1000000,24,860,0.027906976744186046
toulouse,9,1000000,24,860,0.027906976744186046
toulouse,9,1000000,24,860,0.027906976744186046
toulouse,9,1000000,24,860,0.027906976744186046
toulouse,9,1000000,24,860,0.027906976744186046
nantes,9,1000000,24,860,0.027906976744186046
rennes,9,1000000,24,860,0.027906976744186046
toulouse,9,1000000,24,860,0.027906976744186046
nantes,9,1000000,24,860,0.027906976744186046
nantes,9,1000000,24,860,0.027906976744186046
nantes,9,1000000,24,860,0.027906976744186046
nantes,9,1000000,24,860,0.027906976744186046
nantes,9,1000000,24,860,0.027906976744186046
nantes,9,1000000,24,860,0.027906976744186046
nantes,9,1000000,24,860,0.027906976744186046
nantes,9,1000000,24,860,0.027906976744186046
nantes,9,1000000,24,860,0.027906976744186046
nantes,9,1000000,24,860,0.027906976744186046
nantes,9,1000000,24,860,0.027906976744186046
nantes,9,1000000,24,860,0.027906976744186046
nantes,9,1000000,24,860,0.027906976744186046
nantes,9,1000000,24,860,0.027906976744186046
nantes,9,1000000,24,860,0.027906976744186046
nantes,9,1000000,24,860,0.027906976744186046
nancy,9,1000000,24,860,0.027906976744186046
nancy,9,1000000,24,860,0.027906976744186046
nancy,9,1000000,24,860,0.027906976744186046
nancy,9,1000000,24,860,0.027906976744186046
nantes,9,1000000,24,860,0.027906976744186046
nancy,9,1000000,24,860,0.027906976744186046
nancy,9,1000000,24,860,0.027906976744186046
nancy,9,1000000,24,860,0.027906976744186046
nancy,9,1000000,24,860,0.027906976744186046
nancy,9,1000000,24,860,0.027906976744186046
nancy,9,1000000,24,860,0.027906976744186046
nancy,9,1000000,24,860,0.027906976744186046
nancy,9,1000000,24,860,0.027906976744186046
nancy,9,1000000,24,860,0.027906976744186046
nancy,9,1000000,24,860,0.027906976744186046
nantes,9,1000000,24,860,0.027906976744186046
nancy,9,1000000,24,860,0.027906976744186046
nancy,9,1000000,24,860,0.027906976744186046
nancy,9,1000000,24,860,0.027906976744186046
nancy,9,1000000,24,860,0.027906976744186046
nancy,9,1000000,24,860,0.027906976744186046
nancy,9,1000000,24,860,0.027906976744186046
nancy,9,1000000,24,860,0.027906976744186046
nancy,9,1000000,24,860,0.027906976744186046
nancy,9,1000000,24,860,0.027906976744186046
nancy,9,1000000,24,860,0.027906976744186046
nantes,9,1000000,24,860,0.027906976744186046
nancy,9,1000000,24,860,0.027906976744186046
nancy,9,1000000,24,860,0.027906976744186046
nancy,9,1000000,24,860,0.027906976744186046
nancy,9,1000000,24,860,0.027906976744186046
nancy,9,1000000,24,860,0.027906976744186046
nancy,9,1000000,24,860,0.027906976744186046
nancy,9,1000000,24,860,0.027906976744186046
nancy,9,1000000,24,860,0.027906976744186046
nancy,9,1000000,24,860,0.027906976744186046
nancy,9,1000000,24,860,0.027906976744186046
nantes,9,1000000,24,860,0.027906976744186046
nancy,9,1000000,24,860,0.027906976744186046
nancy,9,1000000,24,860,0.027906976744186046
nancy,9,1000000,24,860,0.027906976744186046
nancy,9,1000000,24,860,0.027906976744186046
nancy,9,1000000,24,860,0.027906976744186046
nancy,9,1000000,24,860,0.027906976744186046
nancy,9,1000000,24,860,0.027906976744186046
nancy,9,1000000,24,860,0.027906976744186046
nancy,9,1000000,24,860,0.027906976744186046
nancy,9,1000000,24,860,0.027906976744186046
nantes,9,1000000,24,860,0.027906976744186046
nancy,9,1000000,24,860,0.027906976744186046
nantes,9,1000000,24,860,0.027906976744186046
nantes,9,1000000,24,860,0.027906976744186046
nantes,9,1000000,24,860,0.027906976744186046
nantes,9,1000000,24,860,0.027906976744186046
nantes,9,1000000,24,860,0.027906976744186046
nantes,9,1000000,24,860,0.027906976744186046
nantes,9,1000000,24,860,0.027906976744186046
nantes,9,1000000,24,860,0.027906976744186046
nantes,9,1000000,24,860,0.027906976744186046
nantes,0,10000000,24,8224,0.0029182879377431907
nantes,0,10000000,24,8224,0.0029182879377431907
nantes,0,10000000,24,8224,0.0029182879377431907
nantes,0,10000000,24,8224,0.0029182879377431907
nantes,0,10000000,24,8224,0.0029182879377431907
nantes,0,10000000,24,8224,0.0029182879377431907
nantes,0,10000000,24,8224,0.0029182879377431907
nantes,0,10000000,24,8224,0.0029182879377431907
nantes,0,10000000,24,8224,0.0029182879377431907
nantes,0,10000000,24,8224,0.0029182879377431907
nantes,0,10000000,24,8224,0.0029182879377431907
nantes,0,10000000,24,8224,0.0029182879377431907
nantes,0,10000000,24,8224,0.0029182879377431907
nantes,0,10000000,24,8224,0.0029182879377431907
nantes,0,10000000,24,8224,0.0029182879377431907
nantes,0,10000000,24,8224,0.0029182879377431907
nantes,0,10000000,24,8224,0.0029182879377431907
nantes,0,10000000,24,8224,0.0029182879377431907
nantes,0,10000000,24,8224,0.0029182879377431907
nantes,0,10000000,24,8224,0.0029182879377431907
nantes,0,10000000,24,8224,0.0029182879377431907
nantes,0,10000000,24,8224,0.0029182879377431907
nantes,0,10000000,24,8224,0.0029182879377431907
nantes,0,10000000,24,8224,0.0029182879377431907
nantes,0,10000000,24,8224,0.0029182879377431907
toulouse,0,10000000,24,8224,0.0029182879377431907
toulouse,0,10000000,24,8224,0.0029182879377431907
toulouse,0,10000000,24,8224,0.0029182879377431907
toulouse,0,10000000,24,8224,0.0029182879377431907
toulouse,0,10000000,24,8224,0.0029182879377431907
toulouse,0,10000000,24,8224,0.0029182879377431907
toulouse,0,10000000,24,8224,0.0029182879377431907
toulouse,0,10000000,24,8224,0.0029182879377431907
toulouse,0,10000000,24,8224,0.0029182879377431907
nantes,0,10000000,24,8224,0.0029182879377431907
toulouse,0,10000000,24,8224,0.0029182879377431907
toulouse,0,10000000,24,8224,0.0029182879377431907
toulouse,0,10000000,24,8224,0.0029182879377431907
toulouse,0,10000000,24,8224,0.0029182879377431907
toulouse,0,10000000,24,8224,0.0029182879377431907
toulouse,0,10000000,24,8224,0.0029182879377431907
toulouse,0,10000000,24,8224,0.0029182879377431907
toulouse,0,10000000,24,8224,0.0029182879377431907
toulouse,0,10000000,24,8224,0.0029182879377431907
toulouse,0,10000000,24,8224,0.0029182879377431907
nantes,0,10000000,24,8224,0.0029182879377431907
toulouse,0,10000000,24,8224,0.0029182879377431907
toulouse,0,10000000,24,8224,0.0029182879377431907
toulouse,0,10000000,24,8224,0.0029182879377431907
toulouse,0,10000000,24,8224,0.0029182879377431907
toulouse,0,10000000,24,8224,0.0029182879377431907
toulouse,0,10000000,24,8224,0.0029182879377431907
toulouse,0,10000000,24,8224,0.0029182879377431907
toulouse,0,10000000,24,8224,0.0029182879377431907
toulouse,0,10000000,24,8224,0.0029182879377431907
toulouse,0,10000000,24,8224,0.0029182879377431907
nantes,0,10000000,24,8224,0.0029182879377431907
toulouse,0,10000000,24,8224,0.0029182879377431907
toulouse,0,10000000,24,8224,0.0029182879377431907
toulouse,0,10000000,24,8224,0.0029182879377431907
toulouse,0,10000000,24,8224,0.0029182879377431907
toulouse,0,10000000,24,8224,0.0029182879377431907
toulouse,0,10000000,24,8224,0.0029182879377431907
toulouse,0,10000000,24,8224,0.0029182879377431907
toulouse,0,10000000,24,8224,0.0029182879377431907
toulouse,0,10000000,24,8224,0.0029182879377431907
toulouse,0,10000000,24,8224,0.0029182879377431907
rennes,0,10000000,24,8224,0.0029182879377431907
toulouse,0,10000000,24,8224,0.0029182879377431907
toulouse,0,10000000,24,8224,0.0029182879377431907
toulouse,0,10000000,24,8224,0.0029182879377431907
toulouse,0,10000000,24,8224,0.0029182879377431907
toulouse,0,10000000,24,8224,0.0029182879377431907
toulouse,0,10000000,24,8224,0.0029182879377431907
nancy,0,10000000,44,8224,0.005350194552529183
nancy,0,10000000,45,8224,0.005471789883268482
nancy,0,10000000,44,8224,0.005350194552529183
nancy,0,10000000,44,8224,0.005350194552529183
rennes,0,10000000,24,8224,0.0029182879377431907
nancy,0,10000000,44,8224,0.005350194552529183
nancy,0,10000000,44,8224,0.005350194552529183
nancy,0,10000000,44,8224,0.005350194552529183
nancy,0,10000000,44,8224,0.005350194552529183
nancy,0,10000000,45,8224,0.005471789883268482
nancy,0,10000000,44,8224,0.005350194552529183
nancy,0,10000000,45,8224,0.005471789883268482
nancy,0,10000000,44,8224,0.005350194552529183
nancy,0,10000000,44,8224,0.005350194552529183
nancy,0,10000000,44,8224,0.005350194552529183
rennes,0,10000000,24,8224,0.0029182879377431907
nancy,0,10000000,44,8224,0.005350194552529183
nantes,0,10000000,24,8224,0.0029182879377431907
nantes,0,10000000,24,8224,0.0029182879377431907
nantes,0,10000000,24,8224,0.0029182879377431907
nantes,0,10000000,24,8224,0.0029182879377431907
nantes,0,10000000,24,8224,0.0029182879377431907
nantes,0,10000000,24,8224,0.0029182879377431907
nantes,0,10000000,24,8224,0.0029182879377431907
nantes,0,10000000,24,8224,0.0029182879377431907
nantes,0,10000000,24,8224,0.0029182879377431907
rennes,0,10000000,24,8224,0.0029182879377431907
nantes,0,10000000,24,8224,0.0029182879377431907
nantes,0,10000000,24,8224,0.0029182879377431907
nantes,0,10000000,24,8224,0.0029182879377431907
nantes,0,10000000,24,8224,0.0029182879377431907
nantes,0,10000000,24,8224,0.0029182879377431907
nantes,0,10000000,24,8224,0.0029182879377431907
rennes,0,10000000,24,8224,0.0029182879377431907
rennes,0,10000000,24,8224,0.0029182879377431907
rennes,0,10000000,24,8224,0.0029182879377431907
rennes,0,10000000,24,8224,0.0029182879377431907
nantes,0,10000000,24,8224,0.0029182879377431907
rennes,0,10000000,24,8224,0.0029182879377431907
rennes,0,10000000,24,8224,0.0029182879377431907
rennes,0,10000000,24,8224,0.0029182879377431907
rennes,0,10000000,24,8224,0.0029182879377431907
rennes,0,10000000,24,8224,0.0029182879377431907
rennes,0,10000000,24,8224,0.0029182879377431907
rennes,0,10000000,24,8224,0.0029182879377431907
rennes,0,10000000,24,8224,0.0029182879377431907
rennes,0,10000000,24,8224,0.0029182879377431907
rennes,0,10000000,24,8224,0.0029182879377431907
rennes,0,10000000,24,8224,0.0029182879377431907
rennes,0,10000000,24,8224,0.0029182879377431907
rennes,0,10000000,24,8224,0.0029182879377431907
toulouse,0,10000000,24,8224,0.0029182879377431907
toulouse,0,10000000,24,8224,0.0029182879377431907
toulouse,0,10000000,24,8224,0.0029182879377431907
toulouse,0,10000000,24,8224,0.0029182879377431907
toulouse,0,10000000,24,8224,0.0029182879377431907
toulouse,0,10000000,24,8224,0.0029182879377431907
toulouse,0,10000000,24,8224,0.0029182879377431907
toulouse,0,10000000,24,8224,0.0029182879377431907
toulouse,0,10000000,24,8224,0.0029182879377431907
rennes,0,10000000,24,8224,0.0029182879377431907
toulouse,0,10000000,24,8224,0.0029182879377431907
toulouse,0,10000000,24,8224,0.0029182879377431907
toulouse,0,10000000,24,8224,0.0029182879377431907
toulouse,0,10000000,24,8224,0.0029182879377431907
toulouse,0,10000000,24,8224,0.0029182879377431907
toulouse,0,10000000,24,8224,0.0029182879377431907
nancy,0,10000000,24,8224,0.0029182879377431907
nancy,0,10000000,24,8224,0.0029182879377431907
nancy,0,10000000,24,8224,0.0029182879377431907
nancy,0,10000000,24,8224,0.0029182879377431907
rennes,0,10000000,24,8224,0.0029182879377431907
nancy,0,10000000,24,8224,0.0029182879377431907
nancy,0,10000000,24,8224,0.0029182879377431907
nancy,0,10000000,24,8224,0.0029182879377431907
nancy,0,10000000,24,8224,0.0029182879377431907
nancy,0,10000000,24,8224,0.0029182879377431907
nancy,0,10000000,24,8224,0.0029182879377431907
nancy,0,10000000,24,8224,0.0029182879377431907
nancy,0,10000000,24,8224,0.0029182879377431907
nancy,0,10000000,24,8224,0.0029182879377431907
nancy,0,10000000,24,8224,0.0029182879377431907
rennes,0,10000000,24,8224,0.0029182879377431907
nancy,0,10000000,24,8224,0.0029182879377431907
rennes,0,10000000,24,8224,0.0029182879377431907
rennes,0,10000000,24,8224,0.0029182879377431907
rennes,0,10000000,24,8224,0.0029182879377431907
rennes,0,10000000,24,8224,0.0029182879377431907
rennes,0,10000000,24,8224,0.0029182879377431907
rennes,0,10000000,24,8224,0.0029182879377431907
rennes,0,10000000,24,8224,0.0029182879377431907
rennes,0,10000000,24,8224,0.0029182879377431907
rennes,0,10000000,24,8224,0.0029182879377431907
rennes,0,10000000,24,8224,0.0029182879377431907
rennes,0,10000000,24,8224,0.0029182879377431907
rennes,0,10000000,24,8224,0.0029182879377431907
rennes,0,10000000,24,8224,0.0029182879377431907
rennes,0,10000000,24,8224,0.0029182879377431907
rennes,0,10000000,24,8224,0.0029182879377431907
rennes,0,10000000,24,8224,0.0029182879377431907
rennes,0,10000000,24,8224,0.0029182879377431907
rennes,0,10000000,24,8224,0.0029182879377431907
rennes,0,10000000,24,8224,0.0029182879377431907
rennes,0,10000000,24,8224,0.0029182879377431907
rennes,0,10000000,24,8224,0.0029182879377431907
rennes,0,10000000,24,8224,0.0029182879377431907
rennes,0,10000000,24,8224,0.0029182879377431907
rennes,0,10000000,24,8224,0.0029182879377431907
rennes,0,10000000,24,8224,0.0029182879377431907
rennes,0,10000000,24,8224,0.0029182879377431907
rennes,0,10000000,24,8224,0.0029182879377431907
rennes,0,10000000,24,8224,0.0029182879377431907
rennes,0,10000000,24,8224,0.0029182879377431907
rennes,0,10000000,24,8224,0.0029182879377431907
rennes,0,10000000,24,8224,0.0029182879377431907
rennes,0,10000000,24,8224,0.0029182879377431907
rennes,0,10000000,24,8224,0.0029182879377431907
rennes,0,10000000,24,8224,0.0029182879377431907
rennes,0,10000000,24,8224,0.0029182879377431907
rennes,0,10000000,24,8224,0.0029182879377431907
rennes,0,10000000,24,8224,0.0029182879377431907
rennes,0,10000000,24,8224,0.0029182879377431907
rennes,0,10000000,24,8224,0.0029182879377431907
rennes,0,10000000,24,8224,0.0029182879377431907
rennes,0,10000000,24,8224,0.0029182879377431907
rennes,0,10000000,24,8224,0.0029182879377431907
rennes,0,10000000,24,8224,0.0029182879377431907
rennes,0,10000000,24,8224,0.0029182879377431907
rennes,0,10000000,24,8224,0.0029182879377431907
rennes,0,10000000,24,8224,0.0029182879377431907
rennes,0,10000000,24,8224,0.0029182879377431907
rennes,0,10000000,24,8224,0.0029182879377431907
rennes,0,10000000,24,8224,0.0029182879377431907
toulouse,0,10000000,24,8224,0.0029182879377431907
toulouse,0,10000000,24,8224,0.0029182879377431907
toulouse,0,10000000,24,8224,0.0029182879377431907
toulouse,0,10000000,24,8224,0.0029182879377431907
rennes,0,10000000,24,8224,0.0029182879377431907
toulouse,0,10000000,24,8224,0.0029182879377431907
toulouse,0,10000000,24,8224,0.0029182879377431907
toulouse,0,10000000,24,8224,0.0029182879377431907
toulouse,0,10000000,24,8224,0.0029182879377431907
toulouse,0,10000000,24,8224,0.0029182879377431907
toulouse,0,10000000,24,8224,0.0029182879377431907
toulouse,0,10000000,24,8224,0.0029182879377431907
toulouse,0,10000000,24,8224,0.0029182879377431907
toulouse,0,10000000,24,8224,0.0029182879377431907
toulouse,0,10000000,24,8224,0.0029182879377431907
nantes,0,10000000,24,8224,0.0029182879377431907
rennes,0,10000000,24,8224,0.0029182879377431907
toulouse,0,10000000,24,8224,0.0029182879377431907
nantes,0,10000000,24,8224,0.0029182879377431907
nantes,0,10000000,24,8224,0.0029182879377431907
nantes,0,10000000,24,8224,0.0029182879377431907
nantes,0,10000000,24,8224,0.0029182879377431907
nantes,0,10000000,24,8224,0.0029182879377431907
nantes,0,10000000,24,8224,0.0029182879377431907
nantes,0,10000000,24,8224,0.0029182879377431907
nantes,0,10000000,24,8224,0.0029182879377431907
nantes,0,10000000,24,8224,0.0029182879377431907
nantes,0,10000000,24,8224,0.0029182879377431907
nantes,0,10000000,24,8224,0.0029182879377431907
nantes,0,10000000,24,8224,0.0029182879377431907
nantes,0,10000000,24,8224,0.0029182879377431907
nantes,0,10000000,24,8224,0.0029182879377431907
nantes,0,10000000,24,8224,0.0029182879377431907
nantes,0,10000000,24,8224,0.0029182879377431907
nancy,0,10000000,24,8224,0.0029182879377431907
nancy,0,10000000,24,8224,0.0029182879377431907
nancy,0,10000000,24,8224,0.0029182879377431907
nancy,0,10000000,24,8224,0.0029182879377431907
nantes,0,10000000,24,8224,0.0029182879377431907
nancy,0,10000000,24,8224,0.0029182879377431907
nancy,0,10000000,24,8224,0.0029182879377431907
nancy,0,10000000,24,8224,0.0029182879377431907
nancy,0,10000000,24,8224,0.0029182879377431907
nancy,0,10000000,24,8224,0.0029182879377431907
nancy,0,10000000,24,8224,0.0029182879377431907
nancy,0,10000000,24,8224,0.0029182879377431907
nancy,0,10000000,24,8224,0.0029182879377431907
nancy,0,10000000,24,8224,0.0029182879377431907
nancy,0,10000000,24,8224,0.0029182879377431907
nantes,0,10000000,24,8224,0.0029182879377431907
nancy,0,10000000,24,8224,0.0029182879377431907
nancy,0,10000000,24,8224,0.0029182879377431907
nancy,0,10000000,24,8224,0.0029182879377431907
nancy,0,10000000,24,8224,0.0029182879377431907
nancy,0,10000000,24,8224,0.0029182879377431907
nancy,0,10000000,24,8224,0.0029182879377431907
nancy,0,10000000,24,8224,0.0029182879377431907
nancy,0,10000000,24,8224,0.0029182879377431907
nancy,0,10000000,24,8224,0.0029182879377431907
nancy,0,10000000,24,8224,0.0029182879377431907
nantes,0,10000000,24,8224,0.0029182879377431907
nancy,0,10000000,24,8224,0.0029182879377431907
nancy,0,10000000,24,8224,0.0029182879377431907
nancy,0,10000000,24,8224,0.0029182879377431907
nancy,0,10000000,24,8224,0.0029182879377431907
nancy,0,10000000,24,8224,0.0029182879377431907
nancy,0,10000000,24,8224,0.0029182879377431907
nancy,0,10000000,24,8224,0.0029182879377431907
nancy,0,10000000,24,8224,0.0029182879377431907
nancy,0,10000000,24,8224,0.0029182879377431907
nancy,0,10000000,24,8224,0.0029182879377431907
nantes,0,10000000,24,8224,0.0029182879377431907
nancy,0,10000000,24,8224,0.0029182879377431907
nancy,0,10000000,24,8224,0.0029182879377431907
nancy,0,10000000,24,8224,0.0029182879377431907
nancy,0,10000000,24,8224,0.0029182879377431907
nancy,0,10000000,24,8224,0.0029182879377431907
nancy,0,10000000,24,8224,0.0029182879377431907
nancy,0,10000000,24,8224,0.0029182879377431907
nancy,0,10000000,24,8224,0.0029182879377431907
nancy,0,10000000,24,8224,0.0029182879377431907
nancy,0,10000000,24,8224,0.0029182879377431907
nantes,0,10000000,24,8224,0.0029182879377431907
nancy,0,10000000,24,8224,0.0029182879377431907
nantes,0,10000000,24,8224,0.0029182879377431907
nantes,0,10000000,24,8224,0.0029182879377431907
nantes,0,10000000,24,8224,0.0029182879377431907
nantes,0,10000000,24,8224,0.0029182879377431907
nantes,0,10000000,24,8224,0.0029182879377431907
nantes,0,10000000,24,8224,0.0029182879377431907
nantes,0,10000000,24,8224,0.0029182879377431907
nantes,0,10000000,24,8224,0.0029182879377431907
nantes,0,10000000,24,8224,0.0029182879377431907
toulouse,1,10000000,8,8196,0.0009760858955588092
toulouse,1,10000000,8,8196,0.0009760858955588092
toulouse,1,10000000,9,8196,0.0010980966325036604
toulouse,1,10000000,8,8196,0.0009760858955588092
toulouse,1,10000000,9,8196,0.0010980966325036604
toulouse,1,10000000,9,8196,0.0010980966325036604
toulouse,1,10000000,8,8196,0.0009760858955588092
toulouse,1,10000000,8,8196,0.0009760858955588092
toulouse,1,10000000,8,8196,0.0009760858955588092
toulouse,1,10000000,9,8196,0.0010980966325036604
toulouse,1,10000000,8,8196,0.0009760858955588092
toulouse,1,10000000,8,8196,0.0009760858955588092
toulouse,1,10000000,8,8196,0.0009760858955588092
toulouse,1,10000000,8,8196,0.0009760858955588092
toulouse,1,10000000,8,8196,0.0009760858955588092
nancy,1,10000000,1,8196,0.00012201073694485115
nancy,1,10000000,1,8196,0.00012201073694485115
nancy,1,10000000,1,8196,0.00012201073694485115
nancy,1,10000000,1,8196,0.00012201073694485115
nancy,1,10000000,1,8196,0.00012201073694485115
nancy,1,10000000,1,8196,0.00012201073694485115
nancy,1,10000000,1,8196,0.00012201073694485115
nancy,1,10000000,1,8196,0.00012201073694485115
nancy,1,10000000,1,8196,0.00012201073694485115
nancy,1,10000000,1,8196,0.00012201073694485115
nancy,1,10000000,1,8196,0.00012201073694485115
nancy,1,10000000,1,8196,0.00012201073694485115
nantes,3,10000000,24,8213,0.0029221965177158166
nantes,3,10000000,24,8213,0.0029221965177158166
nantes,3,10000000,24,8213,0.0029221965177158166
nantes,3,10000000,24,8213,0.0029221965177158166
nantes,3,10000000,24,8213,0.0029221965177158166
nantes,3,10000000,24,8213,0.0029221965177158166
nantes,3,10000000,24,8213,0.0029221965177158166
nantes,3,10000000,24,8213,0.0029221965177158166
nantes,3,10000000,24,8213,0.0029221965177158166
nantes,3,10000000,24,8213,0.0029221965177158166
nantes,3,10000000,24,8213,0.0029221965177158166
nantes,3,10000000,24,8213,0.0029221965177158166
nantes,3,10000000,24,8213,0.0029221965177158166
nantes,3,10000000,24,8213,0.0029221965177158166
nantes,3,10000000,24,8213,0.0029221965177158166
nantes,3,10000000,24,8213,0.0029221965177158166
nantes,3,10000000,24,8213,0.0029221965177158166
nantes,3,10000000,24,8213,0.0029221965177158166
nantes,3,10000000,24,8213,0.0029221965177158166
nantes,3,10000000,24,8213,0.0029221965177158166
nantes,3,10000000,24,8213,0.0029221965177158166
nantes,3,10000000,24,8213,0.0029221965177158166
nantes,3,10000000,24,8213,0.0029221965177158166
nantes,3,10000000,24,8213,0.0029221965177158166
nantes,3,10000000,24,8213,0.0029221965177158166
toulouse,3,10000000,24,8213,0.0029221965177158166
toulouse,3,10000000,24,8213,0.0029221965177158166
toulouse,3,10000000,24,8213,0.0029221965177158166
toulouse,3,10000000,24,8213,0.0029221965177158166
toulouse,3,10000000,24,8213,0.0029221965177158166
toulouse,3,10000000,24,8213,0.0029221965177158166
toulouse,3,10000000,24,8213,0.0029221965177158166
toulouse,3,10000000,24,8213,0.0029221965177158166
toulouse,3,10000000,24,8213,0.0029221965177158166
nantes,3,10000000,24,8213,0.0029221965177158166
toulouse,3,10000000,24,8213,0.0029221965177158166
toulouse,3,10000000,24,8213,0.0029221965177158166
toulouse,3,10000000,24,8213,0.0029221965177158166
toulouse,3,10000000,24,8213,0.0029221965177158166
toulouse,3,10000000,24,8213,0.0029221965177158166
toulouse,3,10000000,24,8213,0.0029221965177158166
toulouse,3,10000000,24,8213,0.0029221965177158166
toulouse,3,10000000,24,8213,0.0029221965177158166
toulouse,3,10000000,24,8213,0.0029221965177158166
toulouse,3,10000000,24,8213,0.0029221965177158166
nantes,3,10000000,24,8213,0.0029221965177158166
toulouse,3,10000000,24,8213,0.0029221965177158166
toulouse,3,10000000,24,8213,0.0029221965177158166
toulouse,3,10000000,24,8213,0.0029221965177158166
toulouse,3,10000000,24,8213,0.0029221965177158166
toulouse,3,10000000,24,8213,0.0029221965177158166
toulouse,3,10000000,24,8213,0.0029221965177158166
toulouse,3,10000000,24,8213,0.0029221965177158166
toulouse,3,10000000,24,8213,0.0029221965177158166
toulouse,3,10000000,24,8213,0.0029221965177158166
toulouse,3,10000000,24,8213,0.0029221965177158166
nantes,3,10000000,24,8213,0.0029221965177158166
toulouse,3,10000000,24,8213,0.0029221965177158166
toulouse,3,10000000,24,8213,0.0029221965177158166
toulouse,3,10000000,24,8213,0.0029221965177158166
toulouse,3,10000000,24,8213,0.0029221965177158166
toulouse,3,10000000,24,8213,0.0029221965177158166
toulouse,3,10000000,24,8213,0.0029221965177158166
toulouse,3,10000000,24,8213,0.0029221965177158166
toulouse,3,10000000,24,8213,0.0029221965177158166
toulouse,3,10000000,24,8213,0.0029221965177158166
toulouse,3,10000000,24,8213,0.0029221965177158166
rennes,3,10000000,24,8213,0.0029221965177158166
toulouse,3,10000000,24,8213,0.0029221965177158166
toulouse,3,10000000,24,8213,0.0029221965177158166
toulouse,3,10000000,24,8213,0.0029221965177158166
toulouse,3,10000000,24,8213,0.0029221965177158166
toulouse,3,10000000,24,8213,0.0029221965177158166
toulouse,3,10000000,24,8213,0.0029221965177158166
nancy,3,10000000,24,8213,0.0029221965177158166
nancy,3,10000000,24,8213,0.0029221965177158166
nancy,3,10000000,24,8213,0.0029221965177158166
nancy,3,10000000,24,8213,0.0029221965177158166
rennes,3,10000000,24,8213,0.0029221965177158166
nancy,3,10000000,24,8213,0.0029221965177158166
nancy,3,10000000,24,8213,0.0029221965177158166
nancy,3,10000000,24,8213,0.0029221965177158166
nancy,3,10000000,24,8213,0.0029221965177158166
nancy,3,10000000,24,8213,0.0029221965177158166
nancy,3,10000000,24,8213,0.0029221965177158166
nancy,3,10000000,24,8213,0.0029221965177158166
nancy,3,10000000,24,8213,0.0029221965177158166
nancy,3,10000000,24,8213,0.0029221965177158166
nancy,3,10000000,24,8213,0.0029221965177158166
rennes,3,10000000,24,8213,0.0029221965177158166
nancy,3,10000000,24,8213,0.0029221965177158166
nantes,3,10000000,24,8213,0.0029221965177158166
nantes,3,10000000,24,8213,0.0029221965177158166
nantes,3,10000000,24,8213,0.0029221965177158166
nantes,3,10000000,24,8213,0.0029221965177158166
nantes,3,10000000,24,8213,0.0029221965177158166
nantes,3,10000000,24,8213,0.0029221965177158166
nantes,3,10000000,24,8213,0.0029221965177158166
nantes,3,10000000,24,8213,0.0029221965177158166
nantes,3,10000000,24,8213,0.0029221965177158166
rennes,3,10000000,24,8213,0.0029221965177158166
nantes,3,10000000,24,8213,0.0029221965177158166
nantes,3,10000000,24,8213,0.0029221965177158166
nantes,3,10000000,24,8213,0.0029221965177158166
nantes,3,10000000,24,8213,0.0029221965177158166
nantes,3,10000000,24,8213,0.0029221965177158166
nantes,3,10000000,24,8213,0.0029221965177158166
rennes,3,10000000,24,8213,0.0029221965177158166
rennes,3,10000000,24,8213,0.0029221965177158166
rennes,3,10000000,24,8213,0.0029221965177158166
rennes,3,10000000,24,8213,0.0029221965177158166
nantes,3,10000000,24,8213,0.0029221965177158166
rennes,3,10000000,24,8213,0.0029221965177158166
rennes,3,10000000,24,8213,0.0029221965177158166
rennes,3,10000000,24,8213,0.0029221965177158166
rennes,3,10000000,24,8213,0.0029221965177158166
rennes,3,10000000,24,8213,0.0029221965177158166
rennes,3,10000000,24,8213,0.0029221965177158166
rennes,3,10000000,24,8213,0.0029221965177158166
rennes,3,10000000,24,8213,0.0029221965177158166
rennes,3,10000000,24,8213,0.0029221965177158166
rennes,3,10000000,24,8213,0.0029221965177158166
rennes,3,10000000,24,8213,0.0029221965177158166
rennes,3,10000000,24,8213,0.0029221965177158166
rennes,3,10000000,24,8213,0.0029221965177158166
toulouse,3,10000000,24,8213,0.0029221965177158166
toulouse,3,10000000,24,8213,0.0029221965177158166
toulouse,3,10000000,24,8213,0.0029221965177158166
toulouse,3,10000000,24,8213,0.0029221965177158166
toulouse,3,10000000,24,8213,0.0029221965177158166
toulouse,3,10000000,24,8213,0.0029221965177158166
toulouse,3,10000000,24,8213,0.0029221965177158166
toulouse,3,10000000,24,8213,0.0029221965177158166
toulouse,3,10000000,24,8213,0.0029221965177158166
rennes,3,10000000,24,8213,0.0029221965177158166
toulouse,3,10000000,24,8213,0.0029221965177158166
toulouse,3,10000000,24,8213,0.0029221965177158166
toulouse,3,10000000,24,8213,0.0029221965177158166
toulouse,3,10000000,24,8213,0.0029221965177158166
toulouse,3,10000000,24,8213,0.0029221965177158166
toulouse,3,10000000,24,8213,0.0029221965177158166
nancy,3,10000000,24,8213,0.0029221965177158166
nancy,3,10000000,24,8213,0.0029221965177158166
nancy,3,10000000,24,8213,0.0029221965177158166
nancy,3,10000000,24,8213,0.0029221965177158166
rennes,3,10000000,24,8213,0.0029221965177158166
nancy,3,10000000,24,8213,0.0029221965177158166
nancy,3,10000000,24,8213,0.0029221965177158166
nancy,3,10000000,24,8213,0.0029221965177158166
nancy,3,10000000,24,8213,0.0029221965177158166
nancy,3,10000000,24,8213,0.0029221965177158166
nancy,3,10000000,24,8213,0.0029221965177158166
nancy,3,10000000,24,8213,0.0029221965177158166
nancy,3,10000000,24,8213,0.0029221965177158166
nancy,3,10000000,24,8213,0.0029221965177158166
nancy,3,10000000,24,8213,0.0029221965177158166
rennes,3,10000000,24,8213,0.0029221965177158166
nancy,3,10000000,24,8213,0.0029221965177158166
rennes,3,10000000,24,8213,0.0029221965177158166
rennes,3,10000000,24,8213,0.0029221965177158166
rennes,3,10000000,24,8213,0.0029221965177158166
rennes,3,10000000,24,8213,0.0029221965177158166
rennes,3,10000000,24,8213,0.0029221965177158166
rennes,3,10000000,24,8213,0.0029221965177158166
rennes,3,10000000,24,8213,0.0029221965177158166
rennes,3,10000000,24,8213,0.0029221965177158166
rennes,3,10000000,24,8213,0.0029221965177158166
rennes,3,10000000,24,8213,0.0029221965177158166
rennes,3,10000000,24,8213,0.0029221965177158166
rennes,3,10000000,24,8213,0.0029221965177158166
rennes,3,10000000,24,8213,0.0029221965177158166
rennes,3,10000000,24,8213,0.0029221965177158166
rennes,3,10000000,24,8213,0.0029221965177158166
rennes,3,10000000,24,8213,0.0029221965177158166
rennes,3,10000000,24,8213,0.0029221965177158166
rennes,3,10000000,24,8213,0.0029221965177158166
rennes,3,10000000,24,8213,0.0029221965177158166
rennes,3,10000000,24,8213,0.0029221965177158166
rennes,3,10000000,24,8213,0.0029221965177158166
rennes,3,10000000,24,8213,0.0029221965177158166
rennes,3,10000000,24,8213,0.0029221965177158166
rennes,3,10000000,24,8213,0.0029221965177158166
rennes,3,10000000,24,8213,0.0029221965177158166
rennes,3,10000000,24,8213,0.0029221965177158166
rennes,3,10000000,24,8213,0.0029221965177158166
rennes,3,10000000,24,8213,0.0029221965177158166
rennes,3,10000000,24,8213,0.0029221965177158166
rennes,3,10000000,24,8213,0.0029221965177158166
rennes,3,10000000,24,8213,0.0029221965177158166
rennes,3,10000000,24,8213,0.0029221965177158166
rennes,3,10000000,24,8213,0.0029221965177158166
rennes,3,10000000,24,8213,0.0029221965177158166
rennes,3,10000000,24,8213,0.0029221965177158166
rennes,3,10000000,24,8213,0.0029221965177158166
rennes,3,10000000,24,8213,0.0029221965177158166
rennes,3,10000000,24,8213,0.0029221965177158166
rennes,3,10000000,24,8213,0.0029221965177158166
rennes,3,10000000,24,8213,0.0029221965177158166
rennes,3,10000000,24,8213,0.0029221965177158166
rennes,3,10000000,24,8213,0.0029221965177158166
rennes,3,10000000,24,8213,0.0029221965177158166
rennes,3,10000000,24,8213,0.0029221965177158166
rennes,3,10000000,24,8213,0.0029221965177158166
rennes,3,10000000,24,8213,0.0029221965177158166
rennes,3,10000000,24,8213,0.0029221965177158166
rennes,3,10000000,24,8213,0.0029221965177158166
rennes,3,10000000,24,8213,0.0029221965177158166
toulouse,3,10000000,24,8213,0.0029221965177158166
toulouse,3,10000000,24,8213,0.0029221965177158166
toulouse,3,10000000,24,8213,0.0029221965177158166
toulouse,3,10000000,24,8213,0.0029221965177158166
rennes,3,10000000,24,8213,0.0029221965177158166
toulouse,3,10000000,24,8213,0.0029221965177158166
toulouse,3,10000000,24,8213,0.0029221965177158166
toulouse,3,10000000,24,8213,0.0029221965177158166
toulouse,3,10000000,24,8213,0.0029221965177158166
toulouse,3,10000000,24,8213,0.0029221965177158166
toulouse,3,10000000,24,8213,0.0029221965177158166
toulouse,3,10000000,24,8213,0.0029221965177158166
toulouse,3,10000000,24,8213,0.0029221965177158166
toulouse,3,10000000,24,8213,0.0029221965177158166
toulouse,3,10000000,24,8213,0.0029221965177158166
nantes,3,10000000,24,8213,0.0029221965177158166
rennes,3,10000000,24,8213,0.0029221965177158166
toulouse,3,10000000,24,8213,0.0029221965177158166
nantes,3,10000000,24,8213,0.0029221965177158166
nantes,3,10000000,24,8213,0.0029221965177158166
nantes,3,10000000,24,8213,0.0029221965177158166
nantes,3,10000000,24,8213,0.0029221965177158166
nantes,3,10000000,24,8213,0.0029221965177158166
nantes,3,10000000,24,8213,0.0029221965177158166
nantes,3,10000000,24,8213,0.0029221965177158166
nantes,3,10000000,24,8213,0.0029221965177158166
nantes,3,10000000,24,8213,0.0029221965177158166
nantes,3,10000000,24,8213,0.0029221965177158166
nantes,3,10000000,24,8213,0.0029221965177158166
nantes,3,10000000,24,8213,0.0029221965177158166
nantes,3,10000000,24,8213,0.0029221965177158166
nantes,3,10000000,24,8213,0.0029221965177158166
nantes,3,10000000,24,8213,0.0029221965177158166
nantes,3,10000000,24,8213,0.0029221965177158166
nancy,3,10000000,24,8213,0.0029221965177158166
nancy,3,10000000,24,8213,0.0029221965177158166
nancy,3,10000000,24,8213,0.0029221965177158166
nancy,3,10000000,24,8213,0.0029221965177158166
nantes,3,10000000,24,8213,0.0029221965177158166
nancy,3,10000000,24,8213,0.0029221965177158166
nancy,3,10000000,24,8213,0.0029221965177158166
nancy,3,10000000,24,8213,0.0029221965177158166
nancy,3,10000000,24,8213,0.0029221965177158166
nancy,3,10000000,24,8213,0.0029221965177158166
nancy,3,10000000,24,8213,0.0029221965177158166
nancy,3,10000000,24,8213,0.0029221965177158166
nancy,3,10000000,24,8213,0.0029221965177158166
nancy,3,10000000,24,8213,0.0029221965177158166
nancy,3,10000000,24,8213,0.0029221965177158166
nantes,3,10000000,24,8213,0.0029221965177158166
nancy,3,10000000,24,8213,0.0029221965177158166
nancy,3,10000000,24,8213,0.0029221965177158166
nancy,3,10000000,24,8213,0.0029221965177158166
nancy,3,10000000,24,8213,0.0029221965177158166
nancy,3,10000000,24,8213,0.0029221965177158166
nancy,3,10000000,24,8213,0.0029221965177158166
nancy,3,10000000,24,8213,0.0029221965177158166
nancy,3,10000000,24,8213,0.0029221965177158166
nancy,3,10000000,24,8213,0.0029221965177158166
nancy,3,10000000,24,8213,0.0029221965177158166
nantes,3,10000000,24,8213,0.0029221965177158166
nancy,3,10000000,24,8213,0.0029221965177158166
nancy,3,10000000,24,8213,0.0029221965177158166
nancy,3,10000000,24,8213,0.0029221965177158166
nancy,3,10000000,24,8213,0.0029221965177158166
nancy,3,10000000,24,8213,0.0029221965177158166
nancy,3,10000000,24,8213,0.0029221965177158166
nancy,3,10000000,24,8213,0.0029221965177158166
nancy,3,10000000,24,8213,0.0029221965177158166
nancy,3,10000000,24,8213,0.0029221965177158166
nancy,3,10000000,24,8213,0.0029221965177158166
nantes,3,10000000,24,8213,0.0029221965177158166
nancy,3,10000000,24,8213,0.0029221965177158166
nancy,3,10000000,24,8213,0.0029221965177158166
nancy,3,10000000,24,8213,0.0029221965177158166
nancy,3,10000000,24,8213,0.0029221965177158166
nancy,3,10000000,24,8213,0.0029221965177158166
nancy,3,10000000,24,8213,0.0029221965177158166
nancy,3,10000000,24,8213,0.0029221965177158166
nancy,3,10000000,24,8213,0.0029221965177158166
nancy,3,10000000,24,8213,0.0029221965177158166
nancy,3,10000000,24,8213,0.0029221965177158166
nantes,3,10000000,24,8213,0.0029221965177158166
nancy,3,10000000,24,8213,0.0029221965177158166
nantes,3,10000000,24,8213,0.0029221965177158166
nantes,3,10000000,24,8213,0.0029221965177158166
nantes,3,10000000,24,8213,0.0029221965177158166
nantes,3,10000000,24,8213,0.0029221965177158166
nantes,3,10000000,24,8213,0.0029221965177158166
nantes,3,10000000,24,8213,0.0029221965177158166
nantes,3,10000000,24,8213,0.0029221965177158166
nantes,3,10000000,24,8213,0.0029221965177158166
nantes,3,10000000,24,8213,0.0029221965177158166
nantes,4,10000000,24,8255,0.00290732889158086
nantes,4,10000000,24,8255,0.00290732889158086
nantes,4,10000000,24,8255,0.00290732889158086
nantes,4,10000000,24,8255,0.00290732889158086
nantes,4,10000000,24,8255,0.00290732889158086
nantes,4,10000000,24,8255,0.00290732889158086
nantes,4,10000000,24,8255,0.00290732889158086
nantes,4,10000000,24,8255,0.00290732889158086
nantes,4,10000000,31,8255,0.0037552998182919443
nantes,4,10000000,32,8255,0.0038764385221078134
nantes,4,10000000,31,8255,0.0037552998182919443
nantes,4,10000000,31,8255,0.0037552998182919443
nantes,4,10000000,24,8255,0.00290732889158086
nantes,4,10000000,31,8255,0.0037552998182919443
nantes,4,10000000,31,8255,0.0037552998182919443
nantes,4,10000000,32,8255,0.0038764385221078134
nantes,4,10000000,32,8255,0.0038764385221078134
nantes,4,10000000,32,8255,0.0038764385221078134
nantes,4,10000000,32,8255,0.0038764385221078134
nantes,4,10000000,31,8255,0.0037552998182919443
nantes,4,10000000,31,8255,0.0037552998182919443
nantes,4,10000000,31,8255,0.0037552998182919443
nantes,4,10000000,32,8255,0.0038764385221078134
nantes,4,10000000,24,8255,0.00290732889158086
nantes,4,10000000,31,8255,0.0037552998182919443
toulouse,4,10000000,24,8255,0.00290732889158086
toulouse,4,10000000,24,8255,0.00290732889158086
toulouse,4,10000000,24,8255,0.00290732889158086
toulouse,4,10000000,24,8255,0.00290732889158086
toulouse,4,10000000,24,8255,0.00290732889158086
toulouse,4,10000000,24,8255,0.00290732889158086
toulouse,4,10000000,24,8255,0.00290732889158086
toulouse,4,10000000,24,8255,0.00290732889158086
toulouse,4,10000000,24,8255,0.00290732889158086
nantes,4,10000000,24,8255,0.00290732889158086
toulouse,4,10000000,24,8255,0.00290732889158086
toulouse,4,10000000,24,8255,0.00290732889158086
toulouse,4,10000000,24,8255,0.00290732889158086
toulouse,4,10000000,24,8255,0.00290732889158086
toulouse,4,10000000,24,8255,0.00290732889158086
toulouse,4,10000000,24,8255,0.00290732889158086
toulouse,4,10000000,24,8255,0.00290732889158086
toulouse,4,10000000,24,8255,0.00290732889158086
toulouse,4,10000000,24,8255,0.00290732889158086
toulouse,4,10000000,24,8255,0.00290732889158086
nantes,4,10000000,24,8255,0.00290732889158086
toulouse,4,10000000,24,8255,0.00290732889158086
toulouse,4,10000000,24,8255,0.00290732889158086
toulouse,4,10000000,24,8255,0.00290732889158086
toulouse,4,10000000,24,8255,0.00290732889158086
toulouse,4,10000000,24,8255,0.00290732889158086
toulouse,4,10000000,24,8255,0.00290732889158086
toulouse,4,10000000,24,8255,0.00290732889158086
toulouse,4,10000000,24,8255,0.00290732889158086
toulouse,4,10000000,24,8255,0.00290732889158086
toulouse,4,10000000,24,8255,0.00290732889158086
nantes,4,10000000,24,8255,0.00290732889158086
toulouse,4,10000000,24,8255,0.00290732889158086
toulouse,4,10000000,24,8255,0.00290732889158086
toulouse,4,10000000,24,8255,0.00290732889158086
toulouse,4,10000000,24,8255,0.00290732889158086
toulouse,4,10000000,24,8255,0.00290732889158086
toulouse,4,10000000,24,8255,0.00290732889158086
toulouse,4,10000000,24,8255,0.00290732889158086
toulouse,4,10000000,24,8255,0.00290732889158086
toulouse,4,10000000,24,8255,0.00290732889158086
toulouse,4,10000000,24,8255,0.00290732889158086
rennes,4,10000000,24,8255,0.00290732889158086
toulouse,4,10000000,24,8255,0.00290732889158086
toulouse,4,10000000,24,8255,0.00290732889158086
toulouse,4,10000000,24,8255,0.00290732889158086
toulouse,4,10000000,24,8255,0.00290732889158086
toulouse,4,10000000,24,8255,0.00290732889158086
toulouse,4,10000000,24,8255,0.00290732889158086
nancy,4,10000000,24,8255,0.00290732889158086
nancy,4,10000000,24,8255,0.00290732889158086
nancy,4,10000000,24,8255,0.00290732889158086
nancy,4,10000000,24,8255,0.00290732889158086
rennes,4,10000000,24,8255,0.00290732889158086
nancy,4,10000000,24,8255,0.00290732889158086
nancy,4,10000000,24,8255,0.00290732889158086
nancy,4,10000000,24,8255,0.00290732889158086
nancy,4,10000000,24,8255,0.00290732889158086
nancy,4,10000000,24,8255,0.00290732889158086
nancy,4,10000000,24,8255,0.00290732889158086
nancy,4,10000000,24,8255,0.00290732889158086
nancy,4,10000000,24,8255,0.00290732889158086
nancy,4,10000000,24,8255,0.00290732889158086
nancy,4,10000000,24,8255,0.00290732889158086
rennes,4,10000000,24,8255,0.00290732889158086
nancy,4,10000000,24,8255,0.00290732889158086
nantes,4,10000000,24,8255,0.00290732889158086
nantes,4,10000000,24,8255,0.00290732889158086
nantes,4,10000000,24,8255,0.00290732889158086
nantes,4,10000000,24,8255,0.00290732889158086
nantes,4,10000000,24,8255,0.00290732889158086
nantes,4,10000000,24,8255,0.00290732889158086
nantes,4,10000000,24,8255,0.00290732889158086
nantes,4,10000000,24,8255,0.00290732889158086
nantes,4,10000000,24,8255,0.00290732889158086
rennes,4,10000000,24,8255,0.00290732889158086
nantes,4,10000000,24,8255,0.00290732889158086
nantes,4,10000000,24,8255,0.00290732889158086
nantes,4,10000000,24,8255,0.00290732889158086
nantes,4,10000000,24,8255,0.00290732889158086
nantes,4,10000000,24,8255,0.00290732889158086
nantes,4,10000000,24,8255,0.00290732889158086
rennes,4,10000000,24,8255,0.00290732889158086
rennes,4,10000000,24,8255,0.00290732889158086
rennes,4,10000000,24,8255,0.00290732889158086
rennes,4,10000000,24,8255,0.00290732889158086
nantes,4,10000000,24,8255,0.00290732889158086
rennes,4,10000000,24,8255,0.00290732889158086
rennes,4,10000000,24,8255,0.00290732889158086
rennes,4,10000000,24,8255,0.00290732889158086
rennes,4,10000000,24,8255,0.00290732889158086
rennes,4,10000000,24,8255,0.00290732889158086
rennes,4,10000000,24,8255,0.00290732889158086
rennes,4,10000000,24,8255,0.00290732889158086
rennes,4,10000000,24,8255,0.00290732889158086
rennes,4,10000000,24,8255,0.00290732889158086
rennes,4,10000000,24,8255,0.00290732889158086
rennes,4,10000000,24,8255,0.00290732889158086
rennes,4,10000000,24,8255,0.00290732889158086
rennes,4,10000000,24,8255,0.00290732889158086
toulouse,4,10000000,24,8255,0.00290732889158086
toulouse,4,10000000,24,8255,0.00290732889158086
toulouse,4,10000000,24,8255,0.00290732889158086
toulouse,4,10000000,24,8255,0.00290732889158086
toulouse,4,10000000,24,8255,0.00290732889158086
toulouse,4,10000000,24,8255,0.00290732889158086
toulouse,4,10000000,24,8255,0.00290732889158086
toulouse,4,10000000,24,8255,0.00290732889158086
toulouse,4,10000000,24,8255,0.00290732889158086
rennes,4,10000000,24,8255,0.00290732889158086
toulouse,4,10000000,24,8255,0.00290732889158086
toulouse,4,10000000,24,8255,0.00290732889158086
toulouse,4,10000000,24,8255,0.00290732889158086
toulouse,4,10000000,24,8255,0.00290732889158086
toulouse,4,10000000,24,8255,0.00290732889158086
toulouse,4,10000000,24,8255,0.00290732889158086
nancy,4,10000000,24,8255,0.00290732889158086
nancy,4,10000000,24,8255,0.00290732889158086
nancy,4,10000000,24,8255,0.00290732889158086
nancy,4,10000000,24,8255,0.00290732889158086
rennes,4,10000000,24,8255,0.00290732889158086
nancy,4,10000000,24,8255,0.00290732889158086
nancy,4,10000000,24,8255,0.00290732889158086
nancy,4,10000000,24,8255,0.00290732889158086
nancy,4,10000000,24,8255,0.00290732889158086
nancy,4,10000000,24,8255,0.00290732889158086
nancy,4,10000000,24,8255,0.00290732889158086
nancy,4,10000000,24,8255,0.00290732889158086
nancy,4,10000000,24,8255,0.00290732889158086
nancy,4,10000000,24,8255,0.00290732889158086
nancy,4,10000000,24,8255,0.00290732889158086
rennes,4,10000000,24,8255,0.00290732889158086
nancy,4,10000000,24,8255,0.00290732889158086
rennes,4,10000000,24,8255,0.00290732889158086
rennes,4,10000000,24,8255,0.00290732889158086
rennes,4,10000000,24,8255,0.00290732889158086
rennes,4,10000000,24,8255,0.00290732889158086
rennes,4,10000000,24,8255,0.00290732889158086
rennes,4,10000000,24,8255,0.00290732889158086
rennes,4,10000000,24,8255,0.00290732889158086
rennes,4,10000000,24,8255,0.00290732889158086
rennes,4,10000000,24,8255,0.00290732889158086
rennes,4,10000000,24,8255,0.00290732889158086
rennes,4,10000000,24,8255,0.00290732889158086
rennes,4,10000000,24,8255,0.00290732889158086
rennes,4,10000000,24,8255,0.00290732889158086
rennes,4,10000000,24,8255,0.00290732889158086
rennes,4,10000000,24,8255,0.00290732889158086
rennes,4,10000000,24,8255,0.00290732889158086
rennes,4,10000000,24,8255,0.00290732889158086
rennes,4,10000000,24,8255,0.00290732889158086
rennes,4,10000000,24,8255,0.00290732889158086
rennes,4,10000000,24,8255,0.00290732889158086
rennes,4,10000000,24,8255,0.00290732889158086
rennes,4,10000000,24,8255,0.00290732889158086
rennes,4,10000000,24,8255,0.00290732889158086
rennes,4,10000000,24,8255,0.00290732889158086
rennes,4,10000000,24,8255,0.00290732889158086
rennes,4,10000000,24,8255,0.00290732889158086
rennes,4,10000000,24,8255,0.00290732889158086
rennes,4,10000000,24,8255,0.00290732889158086
rennes,4,10000000,24,8255,0.00290732889158086
rennes,4,10000000,24,8255,0.00290732889158086
rennes,4,10000000,24,8255,0.00290732889158086
rennes,4,10000000,24,8255,0.00290732889158086
rennes,4,10000000,24,8255,0.00290732889158086
rennes,4,10000000,24,8255,0.00290732889158086
rennes,4,10000000,24,8255,0.00290732889158086
rennes,4,10000000,24,8255,0.00290732889158086
rennes,4,10000000,24,8255,0.00290732889158086
rennes,4,10000000,24,8255,0.00290732889158086
rennes,4,10000000,24,8255,0.00290732889158086
rennes,4,10000000,24,8255,0.00290732889158086
rennes,4,10000000,24,8255,0.00290732889158086
rennes,4,10000000,24,8255,0.00290732889158086
rennes,4,10000000,24,8255,0.00290732889158086
rennes,4,10000000,24,8255,0.00290732889158086
rennes,4,10000000,24,8255,0.00290732889158086
rennes,4,10000000,24,8255,0.00290732889158086
rennes,4,10000000,24,8255,0.00290732889158086
rennes,4,10000000,24,8255,0.00290732889158086
rennes,4,10000000,24,8255,0.00290732889158086
toulouse,4,10000000,24,8255,0.00290732889158086
toulouse,4,10000000,24,8255,0.00290732889158086
toulouse,4,10000000,24,8255,0.00290732889158086
toulouse,4,10000000,24,8255,0.00290732889158086
rennes,4,10000000,24,8255,0.00290732889158086
toulouse,4,10000000,24,8255,0.00290732889158086
toulouse,4,10000000,24,8255,0.00290732889158086
toulouse,4,10000000,24,8255,0.00290732889158086
toulouse,4,10000000,24,8255,0.00290732889158086
toulouse,4,10000000,24,8255,0.00290732889158086
toulouse,4,10000000,24,8255,0.00290732889158086
toulouse,4,10000000,24,8255,0.00290732889158086
toulouse,4,10000000,24,8255,0.00290732889158086
toulouse,4,10000000,24,8255,0.00290732889158086
toulouse,4,10000000,24,8255,0.00290732889158086
nantes,4,10000000,24,8255,0.00290732889158086
rennes,4,10000000,24,8255,0.00290732889158086
toulouse,4,10000000,24,8255,0.00290732889158086
nantes,4,10000000,24,8255,0.00290732889158086
nantes,4,10000000,24,8255,0.00290732889158086
nantes,4,10000000,24,8255,0.00290732889158086
nantes,4,10000000,24,8255,0.00290732889158086
nantes,4,10000000,24,8255,0.00290732889158086
nantes,4,10000000,24,8255,0.00290732889158086
nantes,4,10000000,24,8255,0.00290732889158086
nantes,4,10000000,24,8255,0.00290732889158086
nantes,4,10000000,24,8255,0.00290732889158086
nantes,4,10000000,24,8255,0.00290732889158086
nantes,4,10000000,24,8255,0.00290732889158086
nantes,4,10000000,24,8255,0.00290732889158086
nantes,4,10000000,24,8255,0.00290732889158086
nantes,4,10000000,24,8255,0.00290732889158086
nantes,4,10000000,24,8255,0.00290732889158086
nantes,4,10000000,24,8255,0.00290732889158086
nancy,4,10000000,24,8255,0.00290732889158086
nancy,4,10000000,24,8255,0.00290732889158086
nancy,4,10000000,24,8255,0.00290732889158086
nancy,4,10000000,24,8255,0.00290732889158086
nantes,4,10000000,24,8255,0.00290732889158086
nancy,4,10000000,24,8255,0.00290732889158086
nancy,4,10000000,24,8255,0.00290732889158086
nancy,4,10000000,24,8255,0.00290732889158086
nancy,4,10000000,24,8255,0.00290732889158086
nancy,4,10000000,24,8255,0.00290732889158086
nancy,4,10000000,24,8255,0.00290732889158086
nancy,4,10000000,24,8255,0.00290732889158086
nancy,4,10000000,24,8255,0.00290732889158086
nancy,4,10000000,24,8255,0.00290732889158086
nancy,4,10000000,24,8255,0.00290732889158086
nantes,4,10000000,24,8255,0.00290732889158086
nancy,4,10000000,24,8255,0.00290732889158086
nancy,4,10000000,24,8255,0.00290732889158086
nancy,4,10000000,24,8255,0.00290732889158086
nancy,4,10000000,24,8255,0.00290732889158086
nancy,4,10000000,24,8255,0.00290732889158086
nancy,4,10000000,24,8255,0.00290732889158086
nancy,4,10000000,24,8255,0.00290732889158086
nancy,4,10000000,24,8255,0.00290732889158086
nancy,4,10000000,24,8255,0.00290732889158086
nancy,4,10000000,24,8255,0.00290732889158086
nantes,4,10000000,24,8255,0.00290732889158086
nancy,4,10000000,24,8255,0.00290732889158086
nancy,4,10000000,24,8255,0.00290732889158086
nancy,4,10000000,24,8255,0.00290732889158086
nancy,4,10000000,24,8255,0.00290732889158086
nancy,4,10000000,24,8255,0.00290732889158086
nancy,4,10000000,24,8255,0.00290732889158086
nancy,4,10000000,24,8255,0.00290732889158086
nancy,4,10000000,24,8255,0.00290732889158086
nancy,4,10000000,24,8255,0.00290732889158086
nancy,4,10000000,24,8255,0.00290732889158086
nantes,4,10000000,24,8255,0.00290732889158086
nancy,4,10000000,24,8255,0.00290732889158086
nancy,4,10000000,24,8255,0.00290732889158086
nancy,4,10000000,24,8255,0.00290732889158086
nancy,4,10000000,24,8255,0.00290732889158086
nancy,4,10000000,24,8255,0.00290732889158086
nancy,4,10000000,24,8255,0.00290732889158086
nancy,4,10000000,24,8255,0.00290732889158086
nancy,4,10000000,24,8255,0.00290732889158086
nancy,4,10000000,24,8255,0.00290732889158086
nancy,4,10000000,24,8255,0.00290732889158086
nantes,4,10000000,24,8255,0.00290732889158086
nancy,4,10000000,24,8255,0.00290732889158086
nantes,4,10000000,24,8255,0.00290732889158086
nantes,4,10000000,24,8255,0.00290732889158086
nantes,4,10000000,24,8255,0.00290732889158086
nantes,4,10000000,24,8255,0.00290732889158086
nantes,4,10000000,24,8255,0.00290732889158086
nantes,4,10000000,24,8255,0.00290732889158086
nantes,4,10000000,24,8255,0.00290732889158086
nantes,4,10000000,24,8255,0.00290732889158086
nantes,4,10000000,24,8255,0.00290732889158086
nantes,5,10000000,24,8214,0.0029218407596785976
nantes,5,10000000,24,8214,0.0029218407596785976
nantes,5,10000000,24,8214,0.0029218407596785976
nantes,5,10000000,24,8214,0.0029218407596785976
nantes,5,10000000,24,8214,0.0029218407596785976
nantes,5,10000000,24,8214,0.0029218407596785976
nantes,5,10000000,24,8214,0.0029218407596785976
nantes,5,10000000,24,8214,0.0029218407596785976
nantes,5,10000000,24,8214,0.0029218407596785976
nantes,5,10000000,24,8214,0.0029218407596785976
nantes,5,10000000,24,8214,0.0029218407596785976
nantes,5,10000000,24,8214,0.0029218407596785976
nantes,5,10000000,24,8214,0.0029218407596785976
nantes,5,10000000,24,8214,0.0029218407596785976
nantes,5,10000000,24,8214,0.0029218407596785976
nantes,5,10000000,24,8214,0.0029218407596785976
nantes,5,10000000,24,8214,0.0029218407596785976
nantes,5,10000000,24,8214,0.0029218407596785976
nantes,5,10000000,24,8214,0.0029218407596785976
nantes,5,10000000,24,8214,0.0029218407596785976
nantes,5,10000000,24,8214,0.0029218407596785976
nantes,5,10000000,24,8214,0.0029218407596785976
nantes,5,10000000,24,8214,0.0029218407596785976
nantes,5,10000000,24,8214,0.0029218407596785976
nantes,5,10000000,24,8214,0.0029218407596785976
toulouse,5,10000000,24,8214,0.0029218407596785976
toulouse,5,10000000,24,8214,0.0029218407596785976
toulouse,5,10000000,24,8214,0.0029218407596785976
toulouse,5,10000000,24,8214,0.0029218407596785976
toulouse,5,10000000,24,8214,0.0029218407596785976
toulouse,5,10000000,24,8214,0.0029218407596785976
toulouse,5,10000000,24,8214,0.0029218407596785976
toulouse,5,10000000,24,8214,0.0029218407596785976
toulouse,5,10000000,24,8214,0.0029218407596785976
nantes,5,10000000,24,8214,0.0029218407596785976
toulouse,5,10000000,24,8214,0.0029218407596785976
toulouse,5,10000000,24,8214,0.0029218407596785976
toulouse,5,10000000,24,8214,0.0029218407596785976
toulouse,5,10000000,24,8214,0.0029218407596785976
toulouse,5,10000000,24,8214,0.0029218407596785976
toulouse,5,10000000,24,8214,0.0029218407596785976
toulouse,5,10000000,24,8214,0.0029218407596785976
toulouse,5,10000000,24,8214,0.0029218407596785976
toulouse,5,10000000,24,8214,0.0029218407596785976
toulouse,5,10000000,24,8214,0.0029218407596785976
nantes,5,10000000,24,8214,0.0029218407596785976
toulouse,5,10000000,24,8214,0.0029218407596785976
toulouse,5,10000000,24,8214,0.0029218407596785976
toulouse,5,10000000,24,8214,0.0029218407596785976
toulouse,5,10000000,24,8214,0.0029218407596785976
toulouse,5,10000000,24,8214,0.0029218407596785976
toulouse,5,10000000,24,8214,0.0029218407596785976
toulouse,5,10000000,24,8214,0.0029218407596785976
toulouse,5,10000000,24,8214,0.0029218407596785976
toulouse,5,10000000,24,8214,0.0029218407596785976
toulouse,5,10000000,24,8214,0.0029218407596785976
nantes,5,10000000,24,8214,0.0029218407596785976
toulouse,5,10000000,24,8214,0.0029218407596785976
toulouse,5,10000000,24,8214,0.0029218407596785976
toulouse,5,10000000,24,8214,0.0029218407596785976
toulouse,5,10000000,24,8214,0.0029218407596785976
toulouse,5,10000000,24,8214,0.0029218407596785976
toulouse,5,10000000,24,8214,0.0029218407596785976
toulouse,5,10000000,24,8214,0.0029218407596785976
toulouse,5,10000000,24,8214,0.0029218407596785976
toulouse,5,10000000,24,8214,0.0029218407596785976
toulouse,5,10000000,24,8214,0.0029218407596785976
rennes,5,10000000,24,8214,0.0029218407596785976
toulouse,5,10000000,24,8214,0.0029218407596785976
toulouse,5,10000000,24,8214,0.0029218407596785976
toulouse,5,10000000,24,8214,0.0029218407596785976
toulouse,5,10000000,24,8214,0.0029218407596785976
toulouse,5,10000000,24,8214,0.0029218407596785976
toulouse,5,10000000,24,8214,0.0029218407596785976
nancy,5,10000000,24,8214,0.0029218407596785976
nancy,5,10000000,24,8214,0.0029218407596785976
nancy,5,10000000,24,8214,0.0029218407596785976
nancy,5,10000000,24,8214,0.0029218407596785976
rennes,5,10000000,24,8214,0.0029218407596785976
nancy,5,10000000,24,8214,0.0029218407596785976
nancy,5,10000000,24,8214,0.0029218407596785976
nancy,5,10000000,24,8214,0.0029218407596785976
nancy,5,10000000,24,8214,0.0029218407596785976
nancy,5,10000000,24,8214,0.0029218407596785976
nancy,5,10000000,24,8214,0.0029218407596785976
nancy,5,10000000,24,8214,0.0029218407596785976
nancy,5,10000000,24,8214,0.0029218407596785976
nancy,5,10000000,24,8214,0.0029218407596785976
nancy,5,10000000,24,8214,0.0029218407596785976
rennes,5,10000000,24,8214,0.0029218407596785976
nancy,5,10000000,24,8214,0.0029218407596785976
nantes,5,10000000,24,8214,0.0029218407596785976
nantes,5,10000000,24,8214,0.0029218407596785976
nantes,5,10000000,24,8214,0.0029218407596785976
nantes,5,10000000,24,8214,0.0029218407596785976
nantes,5,10000000,24,8214,0.0029218407596785976
nantes,5,10000000,24,8214,0.0029218407596785976
nantes,5,10000000,24,8214,0.0029218407596785976
nantes,5,10000000,24,8214,0.0029218407596785976
nantes,5,10000000,24,8214,0.0029218407596785976
rennes,5,10000000,24,8214,0.0029218407596785976
nantes,5,10000000,24,8214,0.0029218407596785976
nantes,5,10000000,24,8214,0.0029218407596785976
nantes,5,10000000,24,8214,0.0029218407596785976
nantes,5,10000000,24,8214,0.0029218407596785976
nantes,5,10000000,24,8214,0.0029218407596785976
nantes,5,10000000,24,8214,0.0029218407596785976
rennes,5,10000000,24,8214,0.0029218407596785976
rennes,5,10000000,24,8214,0.0029218407596785976
rennes,5,10000000,24,8214,0.0029218407596785976
rennes,5,10000000,24,8214,0.0029218407596785976
nantes,5,10000000,24,8214,0.0029218407596785976
rennes,5,10000000,24,8214,0.0029218407596785976
rennes,5,10000000,24,8214,0.0029218407596785976
rennes,5,10000000,24,8214,0.0029218407596785976
rennes,5,10000000,24,8214,0.0029218407596785976
rennes,5,10000000,24,8214,0.0029218407596785976
rennes,5,10000000,24,8214,0.0029218407596785976
rennes,5,10000000,24,8214,0.0029218407596785976
rennes,5,10000000,24,8214,0.0029218407596785976
rennes,5,10000000,24,8214,0.0029218407596785976
rennes,5,10000000,24,8214,0.0029218407596785976
rennes,5,10000000,24,8214,0.0029218407596785976
rennes,5,10000000,24,8214,0.0029218407596785976
rennes,5,10000000,24,8214,0.0029218407596785976
toulouse,5,10000000,24,8214,0.0029218407596785976
toulouse,5,10000000,24,8214,0.0029218407596785976
toulouse,5,10000000,24,8214,0.0029218407596785976
toulouse,5,10000000,24,8214,0.0029218407596785976
toulouse,5,10000000,24,8214,0.0029218407596785976
toulouse,5,10000000,24,8214,0.0029218407596785976
toulouse,5,10000000,24,8214,0.0029218407596785976
toulouse,5,10000000,24,8214,0.0029218407596785976
toulouse,5,10000000,24,8214,0.0029218407596785976
rennes,5,10000000,24,8214,0.0029218407596785976
toulouse,5,10000000,24,8214,0.0029218407596785976
toulouse,5,10000000,24,8214,0.0029218407596785976
toulouse,5,10000000,24,8214,0.0029218407596785976
toulouse,5,10000000,24,8214,0.0029218407596785976
toulouse,5,10000000,24,8214,0.0029218407596785976
toulouse,5,10000000,24,8214,0.0029218407596785976
nancy,5,10000000,24,8214,0.0029218407596785976
nancy,5,10000000,24,8214,0.0029218407596785976
nancy,5,10000000,24,8214,0.0029218407596785976
nancy,5,10000000,24,8214,0.0029218407596785976
rennes,5,10000000,24,8214,0.0029218407596785976
nancy,5,10000000,24,8214,0.0029218407596785976
nancy,5,10000000,24,8214,0.0029218407596785976
nancy,5,10000000,24,8214,0.0029218407596785976
nancy,5,10000000,24,8214,0.0029218407596785976
nancy,5,10000000,24,8214,0.0029218407596785976
nancy,5,10000000,24,8214,0.0029218407596785976
nancy,5,10000000,24,8214,0.0029218407596785976
nancy,5,10000000,24,8214,0.0029218407596785976
nancy,5,10000000,24,8214,0.0029218407596785976
nancy,5,10000000,24,8214,0.0029218407596785976
rennes,5,10000000,24,8214,0.0029218407596785976
nancy,5,10000000,24,8214,0.0029218407596785976
rennes,5,10000000,24,8214,0.0029218407596785976
rennes,5,10000000,24,8214,0.0029218407596785976
rennes,5,10000000,24,8214,0.0029218407596785976
rennes,5,10000000,24,8214,0.0029218407596785976
rennes,5,10000000,24,8214,0.0029218407596785976
rennes,5,10000000,24,8214,0.0029218407596785976
rennes,5,10000000,24,8214,0.0029218407596785976
rennes,5,10000000,24,8214,0.0029218407596785976
rennes,5,10000000,24,8214,0.0029218407596785976
rennes,5,10000000,24,8214,0.0029218407596785976
rennes,5,10000000,24,8214,0.0029218407596785976
rennes,5,10000000,24,8214,0.0029218407596785976
rennes,5,10000000,24,8214,0.0029218407596785976
rennes,5,10000000,24,8214,0.0029218407596785976
rennes,5,10000000,24,8214,0.0029218407596785976
rennes,5,10000000,24,8214,0.0029218407596785976
rennes,5,10000000,24,8214,0.0029218407596785976
rennes,5,10000000,24,8214,0.0029218407596785976
rennes,5,10000000,24,8214,0.0029218407596785976
rennes,5,10000000,24,8214,0.0029218407596785976
rennes,5,10000000,24,8214,0.0029218407596785976
rennes,5,10000000,24,8214,0.0029218407596785976
rennes,5,10000000,24,8214,0.0029218407596785976
rennes,5,10000000,24,8214,0.0029218407596785976
rennes,5,10000000,24,8214,0.0029218407596785976
rennes,5,10000000,24,8214,0.0029218407596785976
rennes,5,10000000,24,8214,0.0029218407596785976
rennes,5,10000000,24,8214,0.0029218407596785976
rennes,5,10000000,24,8214,0.0029218407596785976
rennes,5,10000000,24,8214,0.0029218407596785976
rennes,5,10000000,24,8214,0.0029218407596785976
rennes,5,10000000,24,8214,0.0029218407596785976
rennes,5,10000000,24,8214,0.0029218407596785976
rennes,5,10000000,24,8214,0.0029218407596785976
rennes,5,10000000,24,8214,0.0029218407596785976
rennes,5,10000000,24,8214,0.0029218407596785976
rennes,5,10000000,24,8214,0.0029218407596785976
rennes,5,10000000,24,8214,0.0029218407596785976
rennes,5,10000000,24,8214,0.0029218407596785976
rennes,5,10000000,24,8214,0.0029218407596785976
rennes,5,10000000,24,8214,0.0029218407596785976
rennes,5,10000000,24,8214,0.0029218407596785976
rennes,5,10000000,24,8214,0.0029218407596785976
rennes,5,10000000,24,8214,0.0029218407596785976
rennes,5,10000000,24,8214,0.0029218407596785976
rennes,5,10000000,24,8214,0.0029218407596785976
rennes,5,10000000,24,8214,0.0029218407596785976
rennes,5,10000000,24,8214,0.0029218407596785976
rennes,5,10000000,24,8214,0.0029218407596785976
toulouse,5,10000000,24,8214,0.0029218407596785976
toulouse,5,10000000,24,8214,0.0029218407596785976
toulouse,5,10000000,24,8214,0.0029218407596785976
toulouse,5,10000000,24,8214,0.0029218407596785976
rennes,5,10000000,24,8214,0.0029218407596785976
toulouse,5,10000000,24,8214,0.0029218407596785976
toulouse,5,10000000,24,8214,0.0029218407596785976
toulouse,5,10000000,24,8214,0.0029218407596785976
toulouse,5,10000000,24,8214,0.0029218407596785976
toulouse,5,10000000,24,8214,0.0029218407596785976
toulouse,5,10000000,24,8214,0.0029218407596785976
toulouse,5,10000000,24,8214,0.0029218407596785976
toulouse,5,10000000,24,8214,0.0029218407596785976
toulouse,5,10000000,24,8214,0.0029218407596785976
toulouse,5,10000000,24,8214,0.0029218407596785976
nantes,5,10000000,24,8214,0.0029218407596785976
rennes,5,10000000,24,8214,0.0029218407596785976
toulouse,5,10000000,24,8214,0.0029218407596785976
nantes,5,10000000,24,8214,0.0029218407596785976
nantes,5,10000000,24,8214,0.0029218407596785976
nantes,5,10000000,24,8214,0.0029218407596785976
nantes,5,10000000,24,8214,0.0029218407596785976
nantes,5,10000000,24,8214,0.0029218407596785976
nantes,5,10000000,24,8214,0.0029218407596785976
nantes,5,10000000,24,8214,0.0029218407596785976
nantes,5,10000000,24,8214,0.0029218407596785976
nantes,5,10000000,24,8214,0.0029218407596785976
nantes,5,10000000,24,8214,0.0029218407596785976
nantes,5,10000000,24,8214,0.0029218407596785976
nantes,5,10000000,24,8214,0.0029218407596785976
nantes,5,10000000,24,8214,0.0029218407596785976
nantes,5,10000000,24,8214,0.0029218407596785976
nantes,5,10000000,24,8214,0.0029218407596785976
nantes,5,10000000,24,8214,0.0029218407596785976
nancy,5,10000000,24,8214,0.0029218407596785976
nancy,5,10000000,24,8214,0.0029218407596785976
nancy,5,10000000,24,8214,0.0029218407596785976
nancy,5,10000000,24,8214,0.0029218407596785976
nantes,5,10000000,24,8214,0.0029218407596785976
nancy,5,10000000,24,8214,0.0029218407596785976
nancy,5,10000000,24,8214,0.0029218407596785976
nancy,5,10000000,24,8214,0.0029218407596785976
nancy,5,10000000,24,8214,0.0029218407596785976
nancy,5,10000000,24,8214,0.0029218407596785976
nancy,5,10000000,24,8214,0.0029218407596785976
nancy,5,10000000,24,8214,0.0029218407596785976
nancy,5,10000000,24,8214,0.0029218407596785976
nancy,5,10000000,24,8214,0.0029218407596785976
nancy,5,10000000,24,8214,0.0029218407596785976
nantes,5,10000000,24,8214,0.0029218407596785976
nancy,5,10000000,24,8214,0.0029218407596785976
nancy,5,10000000,24,8214,0.0029218407596785976
nancy,5,10000000,24,8214,0.0029218407596785976
nancy,5,10000000,24,8214,0.0029218407596785976
nancy,5,10000000,24,8214,0.0029218407596785976
nancy,5,10000000,24,8214,0.0029218407596785976
nancy,5,10000000,24,8214,0.0029218407596785976
nancy,5,10000000,24,8214,0.0029218407596785976
nancy,5,10000000,24,8214,0.0029218407596785976
nancy,5,10000000,24,8214,0.0029218407596785976
nantes,5,10000000,24,8214,0.0029218407596785976
nancy,5,10000000,24,8214,0.0029218407596785976
nancy,5,10000000,24,8214,0.0029218407596785976
nancy,5,10000000,24,8214,0.0029218407596785976
nancy,5,10000000,24,8214,0.0029218407596785976
nancy,5,10000000,24,8214,0.0029218407596785976
nancy,5,10000000,24,8214,0.0029218407596785976
nancy,5,10000000,24,8214,0.0029218407596785976
nancy,5,10000000,24,8214,0.0029218407596785976
nancy,5,10000000,24,8214,0.0029218407596785976
nancy,5,10000000,24,8214,0.0029218407596785976
nantes,5,10000000,24,8214,0.0029218407596785976
nancy,5,10000000,24,8214,0.0029218407596785976
nancy,5,10000000,24,8214,0.0029218407596785976
nancy,5,10000000,24,8214,0.0029218407596785976
nancy,5,10000000,24,8214,0.0029218407596785976
nancy,5,10000000,24,8214,0.0029218407596785976
nancy,5,10000000,24,8214,0.0029218407596785976
nancy,5,10000000,24,8214,0.0029218407596785976
nancy,5,10000000,24,8214,0.0029218407596785976
nancy,5,10000000,24,8214,0.0029218407596785976
nancy,5,10000000,24,8214,0.0029218407596785976
nantes,5,10000000,24,8214,0.0029218407596785976
nancy,5,10000000,24,8214,0.0029218407596785976
nantes,5,10000000,24,8214,0.0029218407596785976
nantes,5,10000000,24,8214,0.0029218407596785976
nantes,5,10000000,24,8214,0.0029218407596785976
nantes,5,10000000,24,8214,0.0029218407596785976
nantes,5,10000000,24,8214,0.0029218407596785976
nantes,5,10000000,24,8214,0.0029218407596785976
nantes,5,10000000,24,8214,0.0029218407596785976
nantes,5,10000000,24,8214,0.0029218407596785976
nantes,5,10000000,24,8214,0.0029218407596785976
nantes,6,10000000,24,8211,0.0029229082937522835
nantes,6,10000000,24,8211,0.0029229082937522835
nantes,6,10000000,24,8211,0.0029229082937522835
nantes,6,10000000,24,8211,0.0029229082937522835
nantes,6,10000000,24,8211,0.0029229082937522835
nantes,6,10000000,24,8211,0.0029229082937522835
nantes,6,10000000,24,8211,0.0029229082937522835
nantes,6,10000000,24,8211,0.0029229082937522835
nantes,6,10000000,24,8211,0.0029229082937522835
nantes,6,10000000,24,8211,0.0029229082937522835
nantes,6,10000000,24,8211,0.0029229082937522835
nantes,6,10000000,24,8211,0.0029229082937522835
nantes,6,10000000,24,8211,0.0029229082937522835
nantes,6,10000000,24,8211,0.0029229082937522835
nantes,6,10000000,24,8211,0.0029229082937522835
nantes,6,10000000,24,8211,0.0029229082937522835
nantes,6,10000000,24,8211,0.0029229082937522835
nantes,6,10000000,24,8211,0.0029229082937522835
nantes,6,10000000,24,8211,0.0029229082937522835
nantes,6,10000000,24,8211,0.0029229082937522835
nantes,6,10000000,24,8211,0.0029229082937522835
nantes,6,10000000,24,8211,0.0029229082937522835
nantes,6,10000000,24,8211,0.0029229082937522835
nantes,6,10000000,24,8211,0.0029229082937522835
nantes,6,10000000,24,8211,0.0029229082937522835
toulouse,6,10000000,24,8211,0.0029229082937522835
toulouse,6,10000000,24,8211,0.0029229082937522835
toulouse,6,10000000,24,8211,0.0029229082937522835
toulouse,6,10000000,24,8211,0.0029229082937522835
toulouse,6,10000000,24,8211,0.0029229082937522835
toulouse,6,10000000,24,8211,0.0029229082937522835
toulouse,6,10000000,24,8211,0.0029229082937522835
toulouse,6,10000000,24,8211,0.0029229082937522835
toulouse,6,10000000,24,8211,0.0029229082937522835
nantes,6,10000000,24,8211,0.0029229082937522835
toulouse,6,10000000,24,8211,0.0029229082937522835
toulouse,6,10000000,24,8211,0.0029229082937522835
toulouse,6,10000000,24,8211,0.0029229082937522835
toulouse,6,10000000,24,8211,0.0029229082937522835
toulouse,6,10000000,24,8211,0.0029229082937522835
toulouse,6,10000000,24,8211,0.0029229082937522835
toulouse,6,10000000,24,8211,0.0029229082937522835
toulouse,6,10000000,24,8211,0.0029229082937522835
toulouse,6,10000000,24,8211,0.0029229082937522835
toulouse,6,10000000,24,8211,0.0029229082937522835
nantes,6,10000000,24,8211,0.0029229082937522835
toulouse,6,10000000,24,8211,0.0029229082937522835
toulouse,6,10000000,24,8211,0.0029229082937522835
toulouse,6,10000000,24,8211,0.0029229082937522835
toulouse,6,10000000,24,8211,0.0029229082937522835
toulouse,6,10000000,24,8211,0.0029229082937522835
toulouse,6,10000000,24,8211,0.0029229082937522835
toulouse,6,10000000,24,8211,0.0029229082937522835
toulouse,6,10000000,24,8211,0.0029229082937522835
toulouse,6,10000000,24,8211,0.0029229082937522835
toulouse,6,10000000,24,8211,0.0029229082937522835
nantes,6,10000000,24,8211,0.0029229082937522835
toulouse,6,10000000,24,8211,0.0029229082937522835
toulouse,6,10000000,24,8211,0.0029229082937522835
toulouse,6,10000000,24,8211,0.0029229082937522835
toulouse,6,10000000,24,8211,0.0029229082937522835
toulouse,6,10000000,24,8211,0.0029229082937522835
toulouse,6,10000000,24,8211,0.0029229082937522835
toulouse,6,10000000,24,8211,0.0029229082937522835
toulouse,6,10000000,24,8211,0.0029229082937522835
toulouse,6,10000000,24,8211,0.0029229082937522835
toulouse,6,10000000,24,8211,0.0029229082937522835
rennes,6,10000000,24,8211,0.0029229082937522835
toulouse,6,10000000,24,8211,0.0029229082937522835
toulouse,6,10000000,24,8211,0.0029229082937522835
toulouse,6,10000000,24,8211,0.0029229082937522835
toulouse,6,10000000,24,8211,0.0029229082937522835
toulouse,6,10000000,24,8211,0.0029229082937522835
toulouse,6,10000000,24,8211,0.0029229082937522835
nancy,6,10000000,24,8211,0.0029229082937522835
nancy,6,10000000,24,8211,0.0029229082937522835
nancy,6,10000000,24,8211,0.0029229082937522835
nancy,6,10000000,24,8211,0.0029229082937522835
rennes,6,10000000,24,8211,0.0029229082937522835
nancy,6,10000000,24,8211,0.0029229082937522835
nancy,6,10000000,24,8211,0.0029229082937522835
nancy,6,10000000,24,8211,0.0029229082937522835
nancy,6,10000000,24,8211,0.0029229082937522835
nancy,6,10000000,24,8211,0.0029229082937522835
nancy,6,10000000,24,8211,0.0029229082937522835
nancy,6,10000000,24,8211,0.0029229082937522835
nancy,6,10000000,24,8211,0.0029229082937522835
nancy,6,10000000,24,8211,0.0029229082937522835
nancy,6,10000000,24,8211,0.0029229082937522835
rennes,6,10000000,24,8211,0.0029229082937522835
nancy,6,10000000,24,8211,0.0029229082937522835
nantes,6,10000000,24,8211,0.0029229082937522835
nantes,6,10000000,24,8211,0.0029229082937522835
nantes,6,10000000,24,8211,0.0029229082937522835
nantes,6,10000000,24,8211,0.0029229082937522835
nantes,6,10000000,24,8211,0.0029229082937522835
nantes,6,10000000,24,8211,0.0029229082937522835
nantes,6,10000000,24,8211,0.0029229082937522835
nantes,6,10000000,24,8211,0.0029229082937522835
nantes,6,10000000,24,8211,0.0029229082937522835
rennes,6,10000000,24,8211,0.0029229082937522835
nantes,6,10000000,24,8211,0.0029229082937522835
nantes,6,10000000,24,8211,0.0029229082937522835
nantes,6,10000000,24,8211,0.0029229082937522835
nantes,6,10000000,24,8211,0.0029229082937522835
nantes,6,10000000,24,8211,0.0029229082937522835
nantes,6,10000000,24,8211,0.0029229082937522835
rennes,6,10000000,24,8211,0.0029229082937522835
rennes,6,10000000,24,8211,0.0029229082937522835
rennes,6,10000000,24,8211,0.0029229082937522835
rennes,6,10000000,24,8211,0.0029229082937522835
nantes,6,10000000,24,8211,0.0029229082937522835
rennes,6,10000000,24,8211,0.0029229082937522835
rennes,6,10000000,24,8211,0.0029229082937522835
rennes,6,10000000,24,8211,0.0029229082937522835
rennes,6,10000000,24,8211,0.0029229082937522835
rennes,6,10000000,24,8211,0.0029229082937522835
rennes,6,10000000,24,8211,0.0029229082937522835
rennes,6,10000000,24,8211,0.0029229082937522835
rennes,6,10000000,24,8211,0.0029229082937522835
rennes,6,10000000,24,8211,0.0029229082937522835
rennes,6,10000000,24,8211,0.0029229082937522835
rennes,6,10000000,24,8211,0.0029229082937522835
rennes,6,10000000,24,8211,0.0029229082937522835
toulouse,6,10000000,24,8211,0.0029229082937522835
toulouse,6,10000000,24,8211,0.0029229082937522835
toulouse,6,10000000,24,8211,0.0029229082937522835
toulouse,6,10000000,24,8211,0.0029229082937522835
toulouse,6,10000000,24,8211,0.0029229082937522835
toulouse,6,10000000,24,8211,0.0029229082937522835
toulouse,6,10000000,24,8211,0.0029229082937522835
toulouse,6,10000000,24,8211,0.0029229082937522835
toulouse,6,10000000,24,8211,0.0029229082937522835
rennes,6,10000000,24,8211,0.0029229082937522835
toulouse,6,10000000,24,8211,0.0029229082937522835
toulouse,6,10000000,24,8211,0.0029229082937522835
toulouse,6,10000000,24,8211,0.0029229082937522835
toulouse,6,10000000,24,8211,0.0029229082937522835
toulouse,6,10000000,24,8211,0.0029229082937522835
toulouse,6,10000000,24,8211,0.0029229082937522835
nancy,6,10000000,24,8211,0.0029229082937522835
nancy,6,10000000,24,8211,0.0029229082937522835
nancy,6,10000000,24,8211,0.0029229082937522835
nancy,6,10000000,24,8211,0.0029229082937522835
rennes,6,10000000,24,8211,0.0029229082937522835
nancy,6,10000000,24,8211,0.0029229082937522835
nancy,6,10000000,24,8211,0.0029229082937522835
nancy,6,10000000,24,8211,0.0029229082937522835
nancy,6,10000000,24,8211,0.0029229082937522835
nancy,6,10000000,24,8211,0.0029229082937522835
nancy,6,10000000,24,8211,0.0029229082937522835
nancy,6,10000000,24,8211,0.0029229082937522835
nancy,6,10000000,24,8211,0.0029229082937522835
nancy,6,10000000,24,8211,0.0029229082937522835
nancy,6,10000000,24,8211,0.0029229082937522835
rennes,6,10000000,24,8211,0.0029229082937522835
nancy,6,10000000,24,8211,0.0029229082937522835
rennes,6,10000000,24,8211,0.0029229082937522835
rennes,6,10000000,24,8211,0.0029229082937522835
rennes,6,10000000,24,8211,0.0029229082937522835
rennes,6,10000000,24,8211,0.0029229082937522835
rennes,6,10000000,24,8211,0.0029229082937522835
rennes,6,10000000,24,8211,0.0029229082937522835
rennes,6,10000000,24,8211,0.0029229082937522835
rennes,6,10000000,24,8211,0.0029229082937522835
rennes,6,10000000,24,8211,0.0029229082937522835
rennes,6,10000000,24,8211,0.0029229082937522835
rennes,6,10000000,24,8211,0.0029229082937522835
rennes,6,10000000,24,8211,0.0029229082937522835
rennes,6,10000000,24,8211,0.0029229082937522835
rennes,6,10000000,24,8211,0.0029229082937522835
rennes,6,10000000,24,8211,0.0029229082937522835
rennes,6,10000000,24,8211,0.0029229082937522835
rennes,6,10000000,24,8211,0.0029229082937522835
rennes,6,10000000,24,8211,0.0029229082937522835
rennes,6,10000000,24,8211,0.0029229082937522835
rennes,6,10000000,24,8211,0.0029229082937522835
rennes,6,10000000,24,8211,0.0029229082937522835
rennes,6,10000000,24,8211,0.0029229082937522835
rennes,6,10000000,24,8211,0.0029229082937522835
rennes,6,10000000,24,8211,0.0029229082937522835
rennes,6,10000000,24,8211,0.0029229082937522835
rennes,6,10000000,24,8211,0.0029229082937522835
rennes,6,10000000,24,8211,0.0029229082937522835
rennes,6,10000000,24,8211,0.0029229082937522835
rennes,6,10000000,24,8211,0.0029229082937522835
rennes,6,10000000,24,8211,0.0029229082937522835
rennes,6,10000000,24,8211,0.0029229082937522835
rennes,6,10000000,24,8211,0.0029229082937522835
rennes,6,10000000,24,8211,0.0029229082937522835
rennes,6,10000000,24,8211,0.0029229082937522835
rennes,6,10000000,24,8211,0.0029229082937522835
rennes,6,10000000,24,8211,0.0029229082937522835
rennes,6,10000000,24,8211,0.0029229082937522835
rennes,6,10000000,24,8211,0.0029229082937522835
rennes,6,10000000,24,8211,0.0029229082937522835
rennes,6,10000000,24,8211,0.0029229082937522835
rennes,6,10000000,24,8211,0.0029229082937522835
rennes,6,10000000,24,8211,0.0029229082937522835
rennes,6,10000000,24,8211,0.0029229082937522835
rennes,6,10000000,24,8211,0.0029229082937522835
rennes,6,10000000,24,8211,0.0029229082937522835
rennes,6,10000000,24,8211,0.0029229082937522835
rennes,6,10000000,24,8211,0.0029229082937522835
rennes,6,10000000,24,8211,0.0029229082937522835
rennes,6,10000000,24,8211,0.0029229082937522835
toulouse,6,10000000,24,8211,0.0029229082937522835
toulouse,6,10000000,24,8211,0.0029229082937522835
toulouse,6,10000000,24,8211,0.0029229082937522835
toulouse,6,10000000,24,8211,0.0029229082937522835
rennes,6,10000000,24,8211,0.0029229082937522835
toulouse,6,10000000,24,8211,0.0029229082937522835
toulouse,6,10000000,24,8211,0.0029229082937522835
toulouse,6,10000000,24,8211,0.0029229082937522835
toulouse,6,10000000,24,8211,0.0029229082937522835
toulouse,6,10000000,24,8211,0.0029229082937522835
toulouse,6,10000000,24,8211,0.0029229082937522835
toulouse,6,10000000,24,8211,0.0029229082937522835
toulouse,6,10000000,24,8211,0.0029229082937522835
toulouse,6,10000000,24,8211,0.0029229082937522835
toulouse,6,10000000,24,8211,0.0029229082937522835
nantes,6,10000000,24,8211,0.0029229082937522835
rennes,6,10000000,24,8211,0.0029229082937522835
toulouse,6,10000000,24,8211,0.0029229082937522835
nantes,6,10000000,24,8211,0.0029229082937522835
nantes,6,10000000,24,8211,0.0029229082937522835
nantes,6,10000000,24,8211,0.0029229082937522835
nantes,6,10000000,24,8211,0.0029229082937522835
nantes,6,10000000,24,8211,0.0029229082937522835
nantes,6,10000000,24,8211,0.0029229082937522835
nantes,6,10000000,24,8211,0.0029229082937522835
nantes,6,10000000,24,8211,0.0029229082937522835
nantes,6,10000000,24,8211,0.0029229082937522835
nantes,6,10000000,24,8211,0.0029229082937522835
nantes,6,10000000,24,8211,0.0029229082937522835
nantes,6,10000000,24,8211,0.0029229082937522835
nantes,6,10000000,24,8211,0.0029229082937522835
nantes,6,10000000,24,8211,0.0029229082937522835
nantes,6,10000000,24,8211,0.0029229082937522835
nantes,6,10000000,24,8211,0.0029229082937522835
nancy,6,10000000,24,8211,0.0029229082937522835
nancy,6,10000000,24,8211,0.0029229082937522835
nancy,6,10000000,24,8211,0.0029229082937522835
nancy,6,10000000,24,8211,0.0029229082937522835
nantes,6,10000000,24,8211,0.0029229082937522835
nancy,6,10000000,24,8211,0.0029229082937522835
nancy,6,10000000,24,8211,0.0029229082937522835
nancy,6,10000000,24,8211,0.0029229082937522835
nancy,6,10000000,24,8211,0.0029229082937522835
nancy,6,10000000,24,8211,0.0029229082937522835
nancy,6,10000000,24,8211,0.0029229082937522835
nancy,6,10000000,24,8211,0.0029229082937522835
nancy,6,10000000,24,8211,0.0029229082937522835
nancy,6,10000000,24,8211,0.0029229082937522835
nancy,6,10000000,24,8211,0.0029229082937522835
nantes,6,10000000,24,8211,0.0029229082937522835
nancy,6,10000000,24,8211,0.0029229082937522835
nancy,6,10000000,24,8211,0.0029229082937522835
nancy,6,10000000,24,8211,0.0029229082937522835
nancy,6,10000000,24,8211,0.0029229082937522835
nancy,6,10000000,24,8211,0.0029229082937522835
nancy,6,10000000,24,8211,0.0029229082937522835
nancy,6,10000000,24,8211,0.0029229082937522835
nancy,6,10000000,24,8211,0.0029229082937522835
nancy,6,10000000,24,8211,0.0029229082937522835
nancy,6,10000000,24,8211,0.0029229082937522835
nantes,6,10000000,24,8211,0.0029229082937522835
nancy,6,10000000,24,8211,0.0029229082937522835
nancy,6,10000000,24,8211,0.0029229082937522835
nancy,6,10000000,24,8211,0.0029229082937522835
nancy,6,10000000,24,8211,0.0029229082937522835
nancy,6,10000000,24,8211,0.0029229082937522835
nancy,6,10000000,24,8211,0.0029229082937522835
nancy,6,10000000,24,8211,0.0029229082937522835
nancy,6,10000000,24,8211,0.0029229082937522835
nancy,6,10000000,24,8211,0.0029229082937522835
nancy,6,10000000,24,8211,0.0029229082937522835
nantes,6,10000000,24,8211,0.0029229082937522835
nancy,6,10000000,24,8211,0.0029229082937522835
nancy,6,10000000,24,8211,0.0029229082937522835
nancy,6,10000000,24,8211,0.0029229082937522835
nancy,6,10000000,24,8211,0.0029229082937522835
nancy,6,10000000,24,8211,0.0029229082937522835
nancy,6,10000000,24,8211,0.0029229082937522835
nancy,6,10000000,24,8211,0.0029229082937522835
nancy,6,10000000,24,8211,0.0029229082937522835
nancy,6,10000000,24,8211,0.0029229082937522835
nancy,6,10000000,24,8211,0.0029229082937522835
nantes,6,10000000,24,8211,0.0029229082937522835
nancy,6,10000000,24,8211,0.0029229082937522835
nantes,6,10000000,24,8211,0.0029229082937522835
nantes,6,10000000,24,8211,0.0029229082937522835
nantes,6,10000000,24,8211,0.0029229082937522835
nantes,6,10000000,24,8211,0.0029229082937522835
nantes,6,10000000,24,8211,0.0029229082937522835
nantes,6,10000000,24,8211,0.0029229082937522835
nantes,6,10000000,24,8211,0.0029229082937522835
nantes,6,10000000,24,8211,0.0029229082937522835
nantes,6,10000000,24,8211,0.0029229082937522835
nantes,7,10000000,24,8211,0.0029229082937522835
nantes,7,10000000,24,8211,0.0029229082937522835
nantes,7,10000000,24,8211,0.0029229082937522835
nantes,7,10000000,24,8211,0.0029229082937522835
nantes,7,10000000,24,8211,0.0029229082937522835
nantes,7,10000000,24,8211,0.0029229082937522835
nantes,7,10000000,24,8211,0.0029229082937522835
nantes,7,10000000,24,8211,0.0029229082937522835
nantes,7,10000000,24,8211,0.0029229082937522835
nantes,7,10000000,24,8211,0.0029229082937522835
nantes,7,10000000,24,8211,0.0029229082937522835
nantes,7,10000000,24,8211,0.0029229082937522835
nantes,7,10000000,24,8211,0.0029229082937522835
nantes,7,10000000,24,8211,0.0029229082937522835
nantes,7,10000000,24,8211,0.0029229082937522835
nantes,7,10000000,24,8211,0.0029229082937522835
nantes,7,10000000,24,8211,0.0029229082937522835
nantes,7,10000000,24,8211,0.0029229082937522835
nantes,7,10000000,24,8211,0.0029229082937522835
nantes,7,10000000,24,8211,0.0029229082937522835
nantes,7,10000000,24,8211,0.0029229082937522835
nantes,7,10000000,24,8211,0.0029229082937522835
nantes,7,10000000,24,8211,0.0029229082937522835
nantes,7,10000000,24,8211,0.0029229082937522835
nantes,7,10000000,24,8211,0.0029229082937522835
toulouse,7,10000000,24,8211,0.0029229082937522835
toulouse,7,10000000,24,8211,0.0029229082937522835
toulouse,7,10000000,24,8211,0.0029229082937522835
toulouse,7,10000000,24,8211,0.0029229082937522835
toulouse,7,10000000,24,8211,0.0029229082937522835
toulouse,7,10000000,24,8211,0.0029229082937522835
toulouse,7,10000000,24,8211,0.0029229082937522835
toulouse,7,10000000,24,8211,0.0029229082937522835
toulouse,7,10000000,24,8211,0.0029229082937522835
nantes,7,10000000,24,8211,0.0029229082937522835
toulouse,7,10000000,24,8211,0.0029229082937522835
toulouse,7,10000000,24,8211,0.0029229082937522835
toulouse,7,10000000,24,8211,0.0029229082937522835
toulouse,7,10000000,24,8211,0.0029229082937522835
toulouse,7,10000000,24,8211,0.0029229082937522835
toulouse,7,10000000,24,8211,0.0029229082937522835
toulouse,7,10000000,24,8211,0.0029229082937522835
toulouse,7,10000000,24,8211,0.0029229082937522835
toulouse,7,10000000,24,8211,0.0029229082937522835
toulouse,7,10000000,24,8211,0.0029229082937522835
nantes,7,10000000,24,8211,0.0029229082937522835
toulouse,7,10000000,24,8211,0.0029229082937522835
toulouse,7,10000000,24,8211,0.0029229082937522835
toulouse,7,10000000,24,8211,0.0029229082937522835
toulouse,7,10000000,24,8211,0.0029229082937522835
toulouse,7,10000000,24,8211,0.0029229082937522835
toulouse,7,10000000,24,8211,0.0029229082937522835
toulouse,7,10000000,24,8211,0.0029229082937522835
toulouse,7,10000000,24,8211,0.0029229082937522835
toulouse,7,10000000,24,8211,0.0029229082937522835
toulouse,7,10000000,24,8211,0.0029229082937522835
nantes,7,10000000,24,8211,0.0029229082937522835
toulouse,7,10000000,24,8211,0.0029229082937522835
toulouse,7,10000000,24,8211,0.0029229082937522835
toulouse,7,10000000,24,8211,0.0029229082937522835
toulouse,7,10000000,24,8211,0.0029229082937522835
toulouse,7,10000000,24,8211,0.0029229082937522835
toulouse,7,10000000,24,8211,0.0029229082937522835
toulouse,7,10000000,24,8211,0.0029229082937522835
toulouse,7,10000000,24,8211,0.0029229082937522835
toulouse,7,10000000,24,8211,0.0029229082937522835
toulouse,7,10000000,24,8211,0.0029229082937522835
rennes,7,10000000,24,8211,0.0029229082937522835
toulouse,7,10000000,24,8211,0.0029229082937522835
toulouse,7,10000000,24,8211,0.0029229082937522835
toulouse,7,10000000,24,8211,0.0029229082937522835
toulouse,7,10000000,24,8211,0.0029229082937522835
toulouse,7,10000000,24,8211,0.0029229082937522835
toulouse,7,10000000,24,8211,0.0029229082937522835
nancy,7,10000000,24,8211,0.0029229082937522835
nancy,7,10000000,24,8211,0.0029229082937522835
nancy,7,10000000,24,8211,0.0029229082937522835
nancy,7,10000000,24,8211,0.0029229082937522835
rennes,7,10000000,24,8211,0.0029229082937522835
nancy,7,10000000,24,8211,0.0029229082937522835
nancy,7,10000000,24,8211,0.0029229082937522835
nancy,7,10000000,24,8211,0.0029229082937522835
nancy,7,10000000,24,8211,0.0029229082937522835
nancy,7,10000000,24,8211,0.0029229082937522835
nancy,7,10000000,24,8211,0.0029229082937522835
nancy,7,10000000,24,8211,0.0029229082937522835
nancy,7,10000000,24,8211,0.0029229082937522835
nancy,7,10000000,24,8211,0.0029229082937522835
nancy,7,10000000,24,8211,0.0029229082937522835
rennes,7,10000000,24,8211,0.0029229082937522835
nancy,7,10000000,24,8211,0.0029229082937522835
nantes,7,10000000,24,8211,0.0029229082937522835
nantes,7,10000000,24,8211,0.0029229082937522835
nantes,7,10000000,24,8211,0.0029229082937522835
nantes,7,10000000,24,8211,0.0029229082937522835
nantes,7,10000000,24,8211,0.0029229082937522835
nantes,7,10000000,24,8211,0.0029229082937522835
nantes,7,10000000,24,8211,0.0029229082937522835
nantes,7,10000000,24,8211,0.0029229082937522835
nantes,7,10000000,24,8211,0.0029229082937522835
rennes,7,10000000,24,8211,0.0029229082937522835
nantes,7,10000000,24,8211,0.0029229082937522835
nantes,7,10000000,24,8211,0.0029229082937522835
nantes,7,10000000,24,8211,0.0029229082937522835
nantes,7,10000000,24,8211,0.0029229082937522835
nantes,7,10000000,24,8211,0.0029229082937522835
nantes,7,10000000,24,8211,0.0029229082937522835
rennes,7,10000000,24,8211,0.0029229082937522835
rennes,7,10000000,24,8211,0.0029229082937522835
rennes,7,10000000,24,8211,0.0029229082937522835
rennes,7,10000000,24,8211,0.0029229082937522835
nantes,7,10000000,24,8211,0.0029229082937522835
rennes,7,10000000,24,8211,0.0029229082937522835
rennes,7,10000000,24,8211,0.0029229082937522835
rennes,7,10000000,24,8211,0.0029229082937522835
rennes,7,10000000,24,8211,0.0029229082937522835
rennes,7,10000000,24,8211,0.0029229082937522835
rennes,7,10000000,24,8211,0.0029229082937522835
rennes,7,10000000,24,8211,0.0029229082937522835
rennes,7,10000000,24,8211,0.0029229082937522835
rennes,7,10000000,24,8211,0.0029229082937522835
rennes,7,10000000,24,8211,0.0029229082937522835
rennes,7,10000000,24,8211,0.0029229082937522835
rennes,7,10000000,24,8211,0.0029229082937522835
rennes,7,10000000,24,8211,0.0029229082937522835
toulouse,7,10000000,24,8211,0.0029229082937522835
toulouse,7,10000000,24,8211,0.0029229082937522835
toulouse,7,10000000,24,8211,0.0029229082937522835
toulouse,7,10000000,24,8211,0.0029229082937522835
toulouse,7,10000000,24,8211,0.0029229082937522835
toulouse,7,10000000,24,8211,0.0029229082937522835
toulouse,7,10000000,24,8211,0.0029229082937522835
toulouse,7,10000000,24,8211,0.0029229082937522835
toulouse,7,10000000,24,8211,0.0029229082937522835
rennes,7,10000000,24,8211,0.0029229082937522835
toulouse,7,10000000,24,8211,0.0029229082937522835
toulouse,7,10000000,24,8211,0.0029229082937522835
toulouse,7,10000000,24,8211,0.0029229082937522835
toulouse,7,10000000,24,8211,0.0029229082937522835
toulouse,7,10000000,24,8211,0.0029229082937522835
toulouse,7,10000000,24,8211,0.0029229082937522835
nancy,7,10000000,24,8211,0.0029229082937522835
nancy,7,10000000,24,8211,0.0029229082937522835
nancy,7,10000000,24,8211,0.0029229082937522835
nancy,7,10000000,24,8211,0.0029229082937522835
rennes,7,10000000,24,8211,0.0029229082937522835
nancy,7,10000000,24,8211,0.0029229082937522835
nancy,7,10000000,24,8211,0.0029229082937522835
nancy,7,10000000,24,8211,0.0029229082937522835
nancy,7,10000000,24,8211,0.0029229082937522835
nancy,7,10000000,24,8211,0.0029229082937522835
nancy,7,10000000,24,8211,0.0029229082937522835
nancy,7,10000000,24,8211,0.0029229082937522835
nancy,7,10000000,24,8211,0.0029229082937522835
nancy,7,10000000,24,8211,0.0029229082937522835
nancy,7,10000000,24,8211,0.0029229082937522835
rennes,7,10000000,24,8211,0.0029229082937522835
nancy,7,10000000,24,8211,0.0029229082937522835
rennes,7,10000000,24,8211,0.0029229082937522835
rennes,7,10000000,24,8211,0.0029229082937522835
rennes,7,10000000,24,8211,0.0029229082937522835
rennes,7,10000000,24,8211,0.0029229082937522835
rennes,7,10000000,24,8211,0.0029229082937522835
rennes,7,10000000,24,8211,0.0029229082937522835
rennes,7,10000000,24,8211,0.0029229082937522835
rennes,7,10000000,24,8211,0.0029229082937522835
rennes,7,10000000,24,8211,0.0029229082937522835
rennes,7,10000000,24,8211,0.0029229082937522835
rennes,7,10000000,24,8211,0.0029229082937522835
rennes,7,10000000,24,8211,0.0029229082937522835
rennes,7,10000000,24,8211,0.0029229082937522835
rennes,7,10000000,24,8211,0.0029229082937522835
rennes,7,10000000,24,8211,0.0029229082937522835
rennes,7,10000000,24,8211,0.0029229082937522835
rennes,7,10000000,24,8211,0.0029229082937522835
rennes,7,10000000,24,8211,0.0029229082937522835
rennes,7,10000000,24,8211,0.0029229082937522835
rennes,7,10000000,24,8211,0.0029229082937522835
rennes,7,10000000,24,8211,0.0029229082937522835
rennes,7,10000000,24,8211,0.0029229082937522835
rennes,7,10000000,24,8211,0.0029229082937522835
rennes,7,10000000,24,8211,0.0029229082937522835
rennes,7,10000000,24,8211,0.0029229082937522835
rennes,7,10000000,24,8211,0.0029229082937522835
rennes,7,10000000,24,8211,0.0029229082937522835
rennes,7,10000000,24,8211,0.0029229082937522835
rennes,7,10000000,24,8211,0.0029229082937522835
rennes,7,10000000,24,8211,0.0029229082937522835
rennes,7,10000000,24,8211,0.0029229082937522835
rennes,7,10000000,24,8211,0.0029229082937522835
rennes,7,10000000,24,8211,0.0029229082937522835
rennes,7,10000000,24,8211,0.0029229082937522835
rennes,7,10000000,24,8211,0.0029229082937522835
rennes,7,10000000,24,8211,0.0029229082937522835
rennes,7,10000000,24,8211,0.0029229082937522835
rennes,7,10000000,24,8211,0.0029229082937522835
rennes,7,10000000,24,8211,0.0029229082937522835
rennes,7,10000000,24,8211,0.0029229082937522835
rennes,7,10000000,24,8211,0.0029229082937522835
rennes,7,10000000,24,8211,0.0029229082937522835
rennes,7,10000000,24,8211,0.0029229082937522835
rennes,7,10000000,24,8211,0.0029229082937522835
rennes,7,10000000,24,8211,0.0029229082937522835
rennes,7,10000000,24,8211,0.0029229082937522835
rennes,7,10000000,24,8211,0.0029229082937522835
rennes,7,10000000,24,8211,0.0029229082937522835
rennes,7,10000000,24,8211,0.0029229082937522835
toulouse,7,10000000,24,8211,0.0029229082937522835
toulouse,7,10000000,24,8211,0.0029229082937522835
toulouse,7,10000000,24,8211,0.0029229082937522835
toulouse,7,10000000,24,8211,0.0029229082937522835
rennes,7,10000000,24,8211,0.0029229082937522835
toulouse,7,10000000,24,8211,0.0029229082937522835
toulouse,7,10000000,24,8211,0.0029229082937522835
toulouse,7,10000000,24,8211,0.0029229082937522835
toulouse,7,10000000,24,8211,0.0029229082937522835
toulouse,7,10000000,24,8211,0.0029229082937522835
toulouse,7,10000000,24,8211,0.0029229082937522835
toulouse,7,10000000,24,8211,0.0029229082937522835
toulouse,7,10000000,24,8211,0.0029229082937522835
toulouse,7,10000000,24,8211,0.0029229082937522835
toulouse,7,10000000,24,8211,0.0029229082937522835
nantes,7,10000000,24,8211,0.0029229082937522835
rennes,7,10000000,24,8211,0.0029229082937522835
toulouse,7,10000000,24,8211,0.0029229082937522835
nantes,7,10000000,24,8211,0.0029229082937522835
nantes,7,10000000,24,8211,0.0029229082937522835
nantes,7,10000000,24,8211,0.0029229082937522835
nantes,7,10000000,24,8211,0.0029229082937522835
nantes,7,10000000,24,8211,0.0029229082937522835
nantes,7,10000000,24,8211,0.0029229082937522835
nantes,7,10000000,24,8211,0.0029229082937522835
nantes,7,10000000,24,8211,0.0029229082937522835
nantes,7,10000000,24,8211,0.0029229082937522835
nantes,7,10000000,24,8211,0.0029229082937522835
nantes,7,10000000,24,8211,0.0029229082937522835
nantes,7,10000000,24,8211,0.0029229082937522835
nantes,7,10000000,24,8211,0.0029229082937522835
nantes,7,10000000,24,8211,0.0029229082937522835
nantes,7,10000000,24,8211,0.0029229082937522835
nantes,7,10000000,24,8211,0.0029229082937522835
nancy,7,10000000,24,8211,0.0029229082937522835
nancy,7,10000000,24,8211,0.0029229082937522835
nancy,7,10000000,24,8211,0.0029229082937522835
nancy,7,10000000,24,8211,0.0029229082937522835
nantes,7,10000000,24,8211,0.0029229082937522835
nancy,7,10000000,24,8211,0.0029229082937522835
nancy,7,10000000,24,8211,0.0029229082937522835
nancy,7,10000000,24,8211,0.0029229082937522835
nancy,7,10000000,24,8211,0.0029229082937522835
nancy,7,10000000,24,8211,0.0029229082937522835
nancy,7,10000000,24,8211,0.0029229082937522835
nancy,7,10000000,24,8211,0.0029229082937522835
nancy,7,10000000,24,8211,0.0029229082937522835
nancy,7,10000000,24,8211,0.0029229082937522835
nancy,7,10000000,24,8211,0.0029229082937522835
nantes,7,10000000,24,8211,0.0029229082937522835
nancy,7,10000000,24,8211,0.0029229082937522835
nancy,7,10000000,24,8211,0.0029229082937522835
nancy,7,10000000,24,8211,0.0029229082937522835
nancy,7,10000000,24,8211,0.0029229082937522835
nancy,7,10000000,24,8211,0.0029229082937522835
nancy,7,10000000,24,8211,0.0029229082937522835
nancy,7,10000000,24,8211,0.0029229082937522835
nancy,7,10000000,24,8211,0.0029229082937522835
nancy,7,10000000,24,8211,0.0029229082937522835
nancy,7,10000000,24,8211,0.0029229082937522835
nantes,7,10000000,24,8211,0.0029229082937522835
nancy,7,10000000,24,8211,0.0029229082937522835
nancy,7,10000000,24,8211,0.0029229082937522835
nancy,7,10000000,24,8211,0.0029229082937522835
nancy,7,10000000,24,8211,0.0029229082937522835
nancy,7,10000000,24,8211,0.0029229082937522835
nancy,7,10000000,24,8211,0.0029229082937522835
nancy,7,10000000,24,8211,0.0029229082937522835
nancy,7,10000000,24,8211,0.0029229082937522835
nancy,7,10000000,24,8211,0.0029229082937522835
nancy,7,10000000,24,8211,0.0029229082937522835
nantes,7,10000000,24,8211,0.0029229082937522835
nancy,7,10000000,24,8211,0.0029229082937522835
nancy,7,10000000,24,8211,0.0029229082937522835
nancy,7,10000000,24,8211,0.0029229082937522835
nancy,7,10000000,24,8211,0.0029229082937522835
nancy,7,10000000,24,8211,0.0029229082937522835
nancy,7,10000000,24,8211,0.0029229082937522835
nancy,7,10000000,24,8211,0.0029229082937522835
nancy,7,10000000,24,8211,0.0029229082937522835
nancy,7,10000000,24,8211,0.0029229082937522835
nancy,7,10000000,24,8211,0.0029229082937522835
nantes,7,10000000,24,8211,0.0029229082937522835
nancy,7,10000000,24,8211,0.0029229082937522835
nantes,7,10000000,24,8211,0.0029229082937522835
nantes,7,10000000,24,8211,0.0029229082937522835
nantes,7,10000000,24,8211,0.0029229082937522835
nantes,7,10000000,24,8211,0.0029229082937522835
nantes,7,10000000,24,8211,0.0029229082937522835
nantes,7,10000000,24,8211,0.0029229082937522835
nantes,7,10000000,24,8211,0.0029229082937522835
nantes,7,10000000,24,8211,0.0029229082937522835
nantes,7,10000000,24,8211,0.0029229082937522835
nantes,8,10000000,48,8249,0.005818887137834889
nantes,8,10000000,48,8249,0.005818887137834889
nantes,8,10000000,48,8249,0.005818887137834889
nantes,8,10000000,48,8249,0.005818887137834889
nantes,8,10000000,48,8249,0.005818887137834889
nantes,8,10000000,48,8249,0.005818887137834889
nantes,8,10000000,48,8249,0.005818887137834889
nantes,8,10000000,48,8249,0.005818887137834889
nantes,8,10000000,48,8249,0.005818887137834889
nantes,8,10000000,48,8249,0.005818887137834889
nantes,8,10000000,48,8249,0.005818887137834889
nantes,8,10000000,48,8249,0.005818887137834889
nantes,8,10000000,48,8249,0.005818887137834889
nantes,8,10000000,48,8249,0.005818887137834889
nantes,8,10000000,48,8249,0.005818887137834889
nantes,8,10000000,48,8249,0.005818887137834889
nantes,8,10000000,48,8249,0.005818887137834889
nantes,8,10000000,48,8249,0.005818887137834889
nantes,8,10000000,48,8249,0.005818887137834889
nantes,8,10000000,48,8249,0.005818887137834889
nantes,8,10000000,48,8249,0.005818887137834889
nantes,8,10000000,48,8249,0.005818887137834889
nantes,8,10000000,48,8249,0.005818887137834889
nantes,8,10000000,48,8249,0.005818887137834889
nantes,8,10000000,48,8249,0.005818887137834889
toulouse,8,10000000,48,8249,0.005818887137834889
toulouse,8,10000000,48,8249,0.005818887137834889
toulouse,8,10000000,48,8249,0.005818887137834889
toulouse,8,10000000,48,8249,0.005818887137834889
toulouse,8,10000000,48,8249,0.005818887137834889
toulouse,8,10000000,48,8249,0.005818887137834889
toulouse,8,10000000,48,8249,0.005818887137834889
toulouse,8,10000000,48,8249,0.005818887137834889
toulouse,8,10000000,48,8249,0.005818887137834889
nantes,8,10000000,48,8249,0.005818887137834889
toulouse,8,10000000,48,8249,0.005818887137834889
toulouse,8,10000000,48,8249,0.005818887137834889
toulouse,8,10000000,48,8249,0.005818887137834889
toulouse,8,10000000,48,8249,0.005818887137834889
toulouse,8,10000000,48,8249,0.005818887137834889
toulouse,8,10000000,48,8249,0.005818887137834889
toulouse,8,10000000,48,8249,0.005818887137834889
toulouse,8,10000000,48,8249,0.005818887137834889
toulouse,8,10000000,48,8249,0.005818887137834889
toulouse,8,10000000,48,8249,0.005818887137834889
nantes,8,10000000,48,8249,0.005818887137834889
toulouse,8,10000000,48,8249,0.005818887137834889
toulouse,8,10000000,48,8249,0.005818887137834889
toulouse,8,10000000,48,8249,0.005818887137834889
toulouse,8,10000000,48,8249,0.005818887137834889
toulouse,8,10000000,48,8249,0.005818887137834889
toulouse,8,10000000,48,8249,0.005818887137834889
toulouse,8,10000000,48,8249,0.005818887137834889
toulouse,8,10000000,48,8249,0.005818887137834889
toulouse,8,10000000,48,8249,0.005818887137834889
toulouse,8,10000000,48,8249,0.005818887137834889
nantes,8,10000000,48,8249,0.005818887137834889
toulouse,8,10000000,48,8249,0.005818887137834889
toulouse,8,10000000,48,8249,0.005818887137834889
toulouse,8,10000000,48,8249,0.005818887137834889
toulouse,8,10000000,48,8249,0.005818887137834889
toulouse,8,10000000,48,8249,0.005818887137834889
toulouse,8,10000000,48,8249,0.005818887137834889
toulouse,8,10000000,48,8249,0.005818887137834889
toulouse,8,10000000,48,8249,0.005818887137834889
toulouse,8,10000000,48,8249,0.005818887137834889
toulouse,8,10000000,48,8249,0.005818887137834889
rennes,8,10000000,48,8249,0.005818887137834889
toulouse,8,10000000,48,8249,0.005818887137834889
toulouse,8,10000000,48,8249,0.005818887137834889
toulouse,8,10000000,48,8249,0.005818887137834889
toulouse,8,10000000,48,8249,0.005818887137834889
toulouse,8,10000000,48,8249,0.005818887137834889
toulouse,8,10000000,48,8249,0.005818887137834889
nancy,8,10000000,48,8249,0.005818887137834889
nancy,8,10000000,48,8249,0.005818887137834889
nancy,8,10000000,48,8249,0.005818887137834889
nancy,8,10000000,48,8249,0.005818887137834889
rennes,8,10000000,48,8249,0.005818887137834889
nancy,8,10000000,48,8249,0.005818887137834889
nancy,8,10000000,48,8249,0.005818887137834889
nancy,8,10000000,48,8249,0.005818887137834889
nancy,8,10000000,48,8249,0.005818887137834889
nancy,8,10000000,48,8249,0.005818887137834889
nancy,8,10000000,48,8249,0.005818887137834889
nancy,8,10000000,48,8249,0.005818887137834889
nancy,8,10000000,48,8249,0.005818887137834889
nancy,8,10000000,48,8249,0.005818887137834889
nancy,8,10000000,48,8249,0.005818887137834889
rennes,8,10000000,48,8249,0.005818887137834889
nancy,8,10000000,48,8249,0.005818887137834889
nantes,8,10000000,48,8249,0.005818887137834889
nantes,8,10000000,48,8249,0.005818887137834889
nantes,8,10000000,48,8249,0.005818887137834889
nantes,8,10000000,48,8249,0.005818887137834889
nantes,8,10000000,48,8249,0.005818887137834889
nantes,8,10000000,48,8249,0.005818887137834889
nantes,8,10000000,48,8249,0.005818887137834889
nantes,8,10000000,48,8249,0.005818887137834889
nantes,8,10000000,48,8249,0.005818887137834889
rennes,8,10000000,48,8249,0.005818887137834889
nantes,8,10000000,48,8249,0.005818887137834889
nantes,8,10000000,48,8249,0.005818887137834889
nantes,8,10000000,48,8249,0.005818887137834889
nantes,8,10000000,48,8249,0.005818887137834889
nantes,8,10000000,48,8249,0.005818887137834889
nantes,8,10000000,48,8249,0.005818887137834889
rennes,8,10000000,48,8249,0.005818887137834889
rennes,8,10000000,48,8249,0.005818887137834889
rennes,8,10000000,48,8249,0.005818887137834889
rennes,8,10000000,48,8249,0.005818887137834889
nantes,8,10000000,48,8249,0.005818887137834889
rennes,8,10000000,48,8249,0.005818887137834889
rennes,8,10000000,48,8249,0.005818887137834889
rennes,8,10000000,48,8249,0.005818887137834889
rennes,8,10000000,48,8249,0.005818887137834889
rennes,8,10000000,48,8249,0.005818887137834889
rennes,8,10000000,48,8249,0.005818887137834889
rennes,8,10000000,48,8249,0.005818887137834889
rennes,8,10000000,48,8249,0.005818887137834889
rennes,8,10000000,48,8249,0.005818887137834889
rennes,8,10000000,48,8249,0.005818887137834889
rennes,8,10000000,48,8249,0.005818887137834889
rennes,8,10000000,48,8249,0.005818887137834889
rennes,8,10000000,48,8249,0.005818887137834889
toulouse,8,10000000,48,8249,0.005818887137834889
toulouse,8,10000000,48,8249,0.005818887137834889
toulouse,8,10000000,48,8249,0.005818887137834889
toulouse,8,10000000,48,8249,0.005818887137834889
toulouse,8,10000000,48,8249,0.005818887137834889
toulouse,8,10000000,48,8249,0.005818887137834889
toulouse,8,10000000,48,8249,0.005818887137834889
toulouse,8,10000000,48,8249,0.005818887137834889
toulouse,8,10000000,48,8249,0.005818887137834889
rennes,8,10000000,48,8249,0.005818887137834889
toulouse,8,10000000,48,8249,0.005818887137834889
toulouse,8,10000000,48,8249,0.005818887137834889
toulouse,8,10000000,48,8249,0.005818887137834889
toulouse,8,10000000,48,8249,0.005818887137834889
toulouse,8,10000000,48,8249,0.005818887137834889
toulouse,8,10000000,48,8249,0.005818887137834889
nancy,8,10000000,48,8249,0.005818887137834889
nancy,8,10000000,48,8249,0.005818887137834889
nancy,8,10000000,48,8249,0.005818887137834889
nancy,8,10000000,48,8249,0.005818887137834889
rennes,8,10000000,48,8249,0.005818887137834889
nancy,8,10000000,48,8249,0.005818887137834889
nancy,8,10000000,48,8249,0.005818887137834889
nancy,8,10000000,48,8249,0.005818887137834889
nancy,8,10000000,48,8249,0.005818887137834889
nancy,8,10000000,48,8249,0.005818887137834889
nancy,8,10000000,48,8249,0.005818887137834889
nancy,8,10000000,48,8249,0.005818887137834889
nancy,8,10000000,48,8249,0.005818887137834889
nancy,8,10000000,48,8249,0.005818887137834889
nancy,8,10000000,48,8249,0.005818887137834889
rennes,8,10000000,48,8249,0.005818887137834889
nancy,8,10000000,48,8249,0.005818887137834889
rennes,8,10000000,48,8249,0.005818887137834889
rennes,8,10000000,48,8249,0.005818887137834889
rennes,8,10000000,48,8249,0.005818887137834889
rennes,8,10000000,48,8249,0.005818887137834889
rennes,8,10000000,48,8249,0.005818887137834889
rennes,8,10000000,48,8249,0.005818887137834889
rennes,8,10000000,48,8249,0.005818887137834889
rennes,8,10000000,48,8249,0.005818887137834889
rennes,8,10000000,48,8249,0.005818887137834889
rennes,8,10000000,48,8249,0.005818887137834889
rennes,8,10000000,48,8249,0.005818887137834889
rennes,8,10000000,48,8249,0.005818887137834889
rennes,8,10000000,48,8249,0.005818887137834889
rennes,8,10000000,48,8249,0.005818887137834889
rennes,8,10000000,48,8249,0.005818887137834889
rennes,8,10000000,48,8249,0.005818887137834889
rennes,8,10000000,48,8249,0.005818887137834889
rennes,8,10000000,48,8249,0.005818887137834889
rennes,8,10000000,48,8249,0.005818887137834889
rennes,8,10000000,48,8249,0.005818887137834889
rennes,8,10000000,48,8249,0.005818887137834889
rennes,8,10000000,48,8249,0.005818887137834889
rennes,8,10000000,48,8249,0.005818887137834889
rennes,8,10000000,48,8249,0.005818887137834889
rennes,8,10000000,48,8249,0.005818887137834889
rennes,8,10000000,48,8249,0.005818887137834889
rennes,8,10000000,48,8249,0.005818887137834889
rennes,8,10000000,48,8249,0.005818887137834889
rennes,8,10000000,48,8249,0.005818887137834889
rennes,8,10000000,48,8249,0.005818887137834889
rennes,8,10000000,48,8249,0.005818887137834889
rennes,8,10000000,48,8249,0.005818887137834889
rennes,8,10000000,48,8249,0.005818887137834889
rennes,8,10000000,48,8249,0.005818887137834889
rennes,8,10000000,48,8249,0.005818887137834889
rennes,8,10000000,48,8249,0.005818887137834889
rennes,8,10000000,48,8249,0.005818887137834889
rennes,8,10000000,48,8249,0.005818887137834889
rennes,8,10000000,48,8249,0.005818887137834889
rennes,8,10000000,48,8249,0.005818887137834889
rennes,8,10000000,48,8249,0.005818887137834889
rennes,8,10000000,48,8249,0.005818887137834889
rennes,8,10000000,48,8249,0.005818887137834889
rennes,8,10000000,48,8249,0.005818887137834889
rennes,8,10000000,48,8249,0.005818887137834889
rennes,8,10000000,48,8249,0.005818887137834889
rennes,8,10000000,48,8249,0.005818887137834889
rennes,8,10000000,48,8249,0.005818887137834889
rennes,8,10000000,48,8249,0.005818887137834889
toulouse,8,10000000,48,8249,0.005818887137834889
toulouse,8,10000000,48,8249,0.005818887137834889
toulouse,8,10000000,48,8249,0.005818887137834889
toulouse,8,10000000,48,8249,0.005818887137834889
rennes,8,10000000,48,8249,0.005818887137834889
toulouse,8,10000000,48,8249,0.005818887137834889
toulouse,8,10000000,48,8249,0.005818887137834889
toulouse,8,10000000,48,8249,0.005818887137834889
toulouse,8,10000000,48,8249,0.005818887137834889
toulouse,8,10000000,48,8249,0.005818887137834889
toulouse,8,10000000,48,8249,0.005818887137834889
toulouse,8,10000000,48,8249,0.005818887137834889
toulouse,8,10000000,48,8249,0.005818887137834889
toulouse,8,10000000,48,8249,0.005818887137834889
toulouse,8,10000000,48,8249,0.005818887137834889
nantes,8,10000000,48,8249,0.005818887137834889
rennes,8,10000000,48,8249,0.005818887137834889
toulouse,8,10000000,48,8249,0.005818887137834889
nantes,8,10000000,48,8249,0.005818887137834889
nantes,8,10000000,48,8249,0.005818887137834889
nantes,8,10000000,48,8249,0.005818887137834889
nantes,8,10000000,48,8249,0.005818887137834889
nantes,8,10000000,48,8249,0.005818887137834889
nantes,8,10000000,48,8249,0.005818887137834889
nantes,8,10000000,48,8249,0.005818887137834889
nantes,8,10000000,48,8249,0.005818887137834889
nantes,8,10000000,48,8249,0.005818887137834889
nantes,8,10000000,48,8249,0.005818887137834889
nantes,8,10000000,48,8249,0.005818887137834889
nantes,8,10000000,48,8249,0.005818887137834889
nantes,8,10000000,48,8249,0.005818887137834889
nantes,8,10000000,48,8249,0.005818887137834889
nantes,8,10000000,48,8249,0.005818887137834889
nantes,8,10000000,48,8249,0.005818887137834889
nancy,8,10000000,48,8249,0.005818887137834889
nancy,8,10000000,48,8249,0.005818887137834889
nancy,8,10000000,48,8249,0.005818887137834889
nancy,8,10000000,48,8249,0.005818887137834889
nantes,8,10000000,48,8249,0.005818887137834889
nancy,8,10000000,48,8249,0.005818887137834889
nancy,8,10000000,48,8249,0.005818887137834889
nancy,8,10000000,48,8249,0.005818887137834889
nancy,8,10000000,48,8249,0.005818887137834889
nancy,8,10000000,48,8249,0.005818887137834889
nancy,8,10000000,48,8249,0.005818887137834889
nancy,8,10000000,48,8249,0.005818887137834889
nancy,8,10000000,48,8249,0.005818887137834889
nancy,8,10000000,48,8249,0.005818887137834889
nancy,8,10000000,48,8249,0.005818887137834889
nantes,8,10000000,48,8249,0.005818887137834889
nancy,8,10000000,48,8249,0.005818887137834889
nancy,8,10000000,48,8249,0.005818887137834889
nancy,8,10000000,48,8249,0.005818887137834889
nancy,8,10000000,48,8249,0.005818887137834889
nancy,8,10000000,48,8249,0.005818887137834889
nancy,8,10000000,48,8249,0.005818887137834889
nancy,8,10000000,48,8249,0.005818887137834889
nancy,8,10000000,48,8249,0.005818887137834889
nancy,8,10000000,48,8249,0.005818887137834889
nancy,8,10000000,48,8249,0.005818887137834889
nantes,8,10000000,48,8249,0.005818887137834889
nancy,8,10000000,48,8249,0.005818887137834889
nancy,8,10000000,48,8249,0.005818887137834889
nancy,8,10000000,48,8249,0.005818887137834889
nancy,8,10000000,48,8249,0.005818887137834889
nancy,8,10000000,48,8249,0.005818887137834889
nancy,8,10000000,48,8249,0.005818887137834889
nancy,8,10000000,49,8249,0.005940113953206449
nancy,8,10000000,48,8249,0.005818887137834889
nancy,8,10000000,48,8249,0.005818887137834889
nancy,8,10000000,48,8249,0.005818887137834889
nantes,8,10000000,48,8249,0.005818887137834889
nancy,8,10000000,48,8249,0.005818887137834889
nancy,8,10000000,48,8249,0.005818887137834889
nancy,8,10000000,48,8249,0.005818887137834889
nancy,8,10000000,48,8249,0.005818887137834889
nancy,8,10000000,49,8249,0.005940113953206449
nancy,8,10000000,48,8249,0.005818887137834889
nancy,8,10000000,48,8249,0.005818887137834889
nancy,8,10000000,48,8249,0.005818887137834889
nancy,8,10000000,48,8249,0.005818887137834889
nancy,8,10000000,49,8249,0.005940113953206449
nantes,8,10000000,48,8249,0.005818887137834889
nancy,8,10000000,49,8249,0.005940113953206449
nantes,8,10000000,48,8249,0.005818887137834889
nantes,8,10000000,48,8249,0.005818887137834889
nantes,8,10000000,48,8249,0.005818887137834889
nantes,8,10000000,48,8249,0.005818887137834889
nantes,8,10000000,48,8249,0.005818887137834889
nantes,8,10000000,48,8249,0.005818887137834889
nantes,8,10000000,48,8249,0.005818887137834889
nantes,8,10000000,48,8249,0.005818887137834889
nantes,8,10000000,48,8249,0.005818887137834889
rennes,9,10000000,17,8195,0.0020744356314826113
rennes,9,10000000,17,8195,0.0020744356314826113
rennes,9,10000000,17,8195,0.0020744356314826113
rennes,9,10000000,16,8195,0.0019524100061012813
rennes,9,10000000,17,8195,0.0020744356314826113
rennes,9,10000000,17,8195,0.0020744356314826113
rennes,9,10000000,17,8195,0.0020744356314826113
rennes,9,10000000,17,8195,0.0020744356314826113
rennes,9,10000000,17,8195,0.0020744356314826113
rennes,9,10000000,17,8195,0.0020744356314826113
rennes,9,10000000,16,8195,0.0019524100061012813
rennes,9,10000000,17,8195,0.0020744356314826113
rennes,9,10000000,17,8195,0.0020744356314826113
rennes,9,10000000,17,8195,0.0020744356314826113
rennes,9,10000000,17,8195,0.0020744356314826113
