"index","ADDITIONAL_DATA_SIZE","y_LATENCY","run_index"
0,1000,8837.0,0
1,1000,8904.0,0
2,1000,8763.0,0
3,1000,8774.0,0
4,1000,8809.0,0
5,1000,5603.0,0
6,1000,5605.0,0
7,1000,5629.0,0
8,1000,5603.0,0
9,1000,5598.0,0
10,1000,12343.0,0
11,1000,12496.0,0
12,1000,12343.0,0
13,1000,12343.0,0
14,1000,12363.0,0
15,1000,12330.0,0
16,1000,12361.0,0
17,1000,12376.0,0
18,1000,12325.0,0
19,1000,12343.0,0
20,1000,12268.0,0
21,1000,12226.0,0
22,1000,12261.0,0
23,1000,12225.0,0
24,1000,12250.0,0
25,1000,5594.0,0
26,1000,5563.0,0
27,1000,5658.0,0
28,1000,5593.0,0
29,1000,5593.0,0
30,1000,10875.0,0
31,1000,10875.0,0
32,1000,10946.0,0
33,1000,10900.0,0
34,1000,10928.0,0
35,1000,10925.0,0
36,1000,10899.0,0
37,1000,10854.0,0
38,1000,10878.0,0
39,1000,10925.0,0
40,1000,11737.0,0
41,1000,11705.0,0
42,1000,11682.0,0
43,1000,11755.0,0
44,1000,11662.0,0
45,1000,12772.0,0
46,1000,12827.0,0
47,1000,12793.0,0
48,1000,12835.0,0
49,1000,12743.0,0
50,1000,12628.0,0
51,1000,12594.0,0
52,1000,12628.0,0
53,1000,12593.0,0
54,1000,12645.0,0
55,1000,10480.0,0
56,1000,10433.0,0
57,1000,10479.0,0
58,1000,10616.0,0
59,1000,10437.0,0
60,1000,5753.0,0
61,1000,5735.0,0
62,1000,5752.0,0
63,1000,5752.0,0
64,1000,5791.0,0
65,1000,5205.0,0
66,1000,5194.0,0
67,1000,5210.0,0
68,1000,5191.0,0
69,1000,5179.0,0
70,1000,9558.0,0
71,1000,9599.0,0
72,1000,9532.0,0
73,1000,9700.0,0
74,1000,9532.0,0
75,1000,10437.0,0
76,1000,10436.0,0
77,1000,10461.0,0
78,1000,10421.0,0
79,1000,10536.0,0
80,1000,12184.0,0
81,1000,12232.0,0
82,1000,12184.0,0
83,1000,12184.0,0
84,1000,12251.0,0
85,1000,11642.0,0
86,1000,11616.0,0
87,1000,11710.0,0
88,1000,11679.0,0
89,1000,11702.0,0
90,1000,4901.0,0
91,1000,4921.0,0
92,1000,4922.0,0
93,1000,4922.0,0
94,1000,4923.0,0
95,1000,11427.0,0
96,1000,11444.0,0
97,1000,11517.0,0
98,1000,11445.0,0
99,1000,11388.0,0
100,1000,8821.0,1
101,1000,8820.0,1
102,1000,8833.0,1
103,1000,8863.0,1
104,1000,8893.0,1
105,1000,5585.0,1
106,1000,5584.0,1
107,1000,5582.0,1
108,1000,5581.0,1
109,1000,5543.0,1
110,1000,12340.0,1
111,1000,12377.0,1
112,1000,12343.0,1
113,1000,12382.0,1
114,1000,12308.0,1
115,1000,12293.0,1
116,1000,12221.0,1
117,1000,12253.0,1
118,1000,12292.0,1
119,1000,12256.0,1
120,1000,12218.0,1
121,1000,12297.0,1
122,1000,12218.0,1
123,1000,12307.0,1
124,1000,12302.0,1
125,1000,5511.0,1
126,1000,5488.0,1
127,1000,5511.0,1
128,1000,5515.0,1
129,1000,5516.0,1
130,1000,10864.0,1
131,1000,10876.0,1
132,1000,10819.0,1
133,1000,10837.0,1
134,1000,10837.0,1
135,1000,10814.0,1
136,1000,10903.0,1
137,1000,10826.0,1
138,1000,10905.0,1
139,1000,10832.0,1
140,1000,11772.0,1
141,1000,11913.0,1
142,1000,11685.0,1
143,1000,11697.0,1
144,1000,11697.0,1
145,1000,12842.0,1
146,1000,12674.0,1
147,1000,12657.0,1
148,1000,12674.0,1
149,1000,12740.0,1
150,1000,12733.0,1
151,1000,12651.0,1
152,1000,12730.0,1
153,1000,12676.0,1
154,1000,12675.0,1
155,1000,10679.0,1
156,1000,10509.0,1
157,1000,10466.0,1
158,1000,10454.0,1
159,1000,10486.0,1
160,1000,5692.0,1
161,1000,5675.0,1
162,1000,5657.0,1
163,1000,5694.0,1
164,1000,5692.0,1
165,1000,5262.0,1
166,1000,5223.0,1
167,1000,5277.0,1
168,1000,5277.0,1
169,1000,5247.0,1
170,1000,9652.0,1
171,1000,9554.0,1
172,1000,9626.0,1
173,1000,9553.0,1
174,1000,9623.0,1
175,1000,10453.0,1
176,1000,10427.0,1
177,1000,10504.0,1
178,1000,10427.0,1
179,1000,10641.0,1
180,1000,12270.0,1
181,1000,12225.0,1
182,1000,12225.0,1
183,1000,12226.0,1
184,1000,12248.0,1
185,1000,11657.0,1
186,1000,11601.0,1
187,1000,11627.0,1
188,1000,11669.0,1
189,1000,11626.0,1
190,1000,4949.0,1
191,1000,4952.0,1
192,1000,4954.0,1
193,1000,4969.0,1
194,1000,4951.0,1
195,1000,11386.0,1
196,1000,11391.0,1
197,1000,11328.0,1
198,1000,11328.0,1
199,1000,11312.0,1
200,1000,8734.0,2
201,1000,8762.0,2
202,1000,8762.0,2
203,1000,8765.0,2
204,1000,8810.0,2
205,1000,5564.0,2
206,1000,5559.0,2
207,1000,5563.0,2
208,1000,5566.0,2
209,1000,5536.0,2
210,1000,12300.0,2
211,1000,12383.0,2
212,1000,12398.0,2
213,1000,12330.0,2
214,1000,12375.0,2
215,1000,12370.0,2
216,1000,12293.0,2
217,1000,12498.0,2
218,1000,12339.0,2
219,1000,12267.0,2
220,1000,12237.0,2
221,1000,12289.0,2
222,1000,12264.0,2
223,1000,12299.0,2
224,1000,12304.0,2
225,1000,5547.0,2
226,1000,5533.0,2
227,1000,5549.0,2
228,1000,5547.0,2
229,1000,5549.0,2
230,1000,10767.0,2
231,1000,10905.0,2
232,1000,10859.0,2
233,1000,10814.0,2
234,1000,10815.0,2
235,1000,10775.0,2
236,1000,10807.0,2
237,1000,10766.0,2
238,1000,10807.0,2
239,1000,10807.0,2
240,1000,11734.0,2
241,1000,11726.0,2
242,1000,11665.0,2
243,1000,11726.0,2
244,1000,11665.0,2
245,1000,12745.0,2
246,1000,12836.0,2
247,1000,12789.0,2
248,1000,12799.0,2
249,1000,12746.0,2
250,1000,12696.0,2
251,1000,12690.0,2
252,1000,12694.0,2
253,1000,12769.0,2
254,1000,12690.0,2
255,1000,10421.0,2
256,1000,10389.0,2
257,1000,10419.0,2
258,1000,10454.0,2
259,1000,10429.0,2
260,1000,5762.0,2
261,1000,5716.0,2
262,1000,5766.0,2
263,1000,5762.0,2
264,1000,5769.0,2
265,1000,5254.0,2
266,1000,5267.0,2
267,1000,5288.0,2
268,1000,5240.0,2
269,1000,5293.0,2
270,1000,9570.0,2
271,1000,9617.0,2
272,1000,9567.0,2
273,1000,9646.0,2
274,1000,9575.0,2
275,1000,10341.0,2
276,1000,10519.0,2
277,1000,10366.0,2
278,1000,10408.0,2
279,1000,10361.0,2
280,1000,12220.0,2
281,1000,12303.0,2
282,1000,12226.0,2
283,1000,12209.0,2
284,1000,12240.0,2
285,1000,11618.0,2
286,1000,11636.0,2
287,1000,11696.0,2
288,1000,11649.0,2
289,1000,11712.0,2
290,1000,4928.0,2
291,1000,4972.0,2
292,1000,4971.0,2
293,1000,4971.0,2
294,1000,4971.0,2
295,1000,11331.0,2
296,1000,11516.0,2
297,1000,11315.0,2
298,1000,11337.0,2
299,1000,11368.0,2
300,1000,8782.0,3
301,1000,8782.0,3
302,1000,8814.0,3
303,1000,8822.0,3
304,1000,8851.0,3
305,1000,5525.0,3
306,1000,5559.0,3
307,1000,5534.0,3
308,1000,5498.0,3
309,1000,5448.0,3
310,1000,12334.0,3
311,1000,12423.0,3
312,1000,12322.0,3
313,1000,12498.0,3
314,1000,12319.0,3
315,1000,12376.0,3
316,1000,12380.0,3
317,1000,12419.0,3
318,1000,12380.0,3
319,1000,12325.0,3
320,1000,12241.0,3
321,1000,12351.0,3
322,1000,12350.0,3
323,1000,12341.0,3
324,1000,12363.0,3
325,1000,5564.0,3
326,1000,5521.0,3
327,1000,5562.0,3
328,1000,5561.0,3
329,1000,5563.0,3
330,1000,10952.0,3
331,1000,10947.0,3
332,1000,10866.0,3
333,1000,10888.0,3
334,1000,10928.0,3
335,1000,10910.0,3
336,1000,10878.0,3
337,1000,11070.0,3
338,1000,10886.0,3
339,1000,10830.0,3
340,1000,11740.0,3
341,1000,11751.0,3
342,1000,11819.0,3
343,1000,11757.0,3
344,1000,11722.0,3
345,1000,12785.0,3
346,1000,12749.0,3
347,1000,12724.0,3
348,1000,12761.0,3
349,1000,12784.0,3
350,1000,12700.0,3
351,1000,12796.0,3
352,1000,12755.0,3
353,1000,12819.0,3
354,1000,12687.0,3
355,1000,10494.0,3
356,1000,10454.0,3
357,1000,10587.0,3
358,1000,10454.0,3
359,1000,10448.0,3
360,1000,5716.0,3
361,1000,5677.0,3
362,1000,5721.0,3
363,1000,5716.0,3
364,1000,5718.0,3
365,1000,5179.0,3
366,1000,5211.0,3
367,1000,5225.0,3
368,1000,5242.0,3
369,1000,5209.0,3
370,1000,9620.0,3
371,1000,9625.0,3
372,1000,9642.0,3
373,1000,14936.0,3
374,1000,9612.0,3
375,1000,10414.0,3
376,1000,10452.0,3
377,1000,10448.0,3
378,1000,10417.0,3
379,1000,10482.0,3
380,1000,12255.0,3
381,1000,12208.0,3
382,1000,12136.0,3
383,1000,12215.0,3
384,1000,12255.0,3
385,1000,11686.0,3
386,1000,11644.0,3
387,1000,11844.0,3
388,1000,11679.0,3
389,1000,11845.0,3
390,1000,4975.0,3
391,1000,4913.0,3
392,1000,4974.0,3
393,1000,5012.0,3
394,1000,4992.0,3
395,1000,11420.0,3
396,1000,11417.0,3
397,1000,11440.0,3
398,1000,11418.0,3
399,1000,11383.0,3
400,1000,8897.0,4
401,1000,9035.0,4
402,1000,8826.0,4
403,1000,8825.0,4
404,1000,8825.0,4
405,1000,5585.0,4
406,1000,5527.0,4
407,1000,5571.0,4
408,1000,5568.0,4
409,1000,5540.0,4
410,1000,12440.0,4
411,1000,12393.0,4
412,1000,12393.0,4
413,1000,12448.0,4
414,1000,12433.0,4
415,1000,12496.0,4
416,1000,12363.0,4
417,1000,12376.0,4
418,1000,12472.0,4
419,1000,12331.0,4
420,1000,12304.0,4
421,1000,12258.0,4
422,1000,12361.0,4
423,1000,12299.0,4
424,1000,12258.0,4
425,1000,5614.0,4
426,1000,5552.0,4
427,1000,5613.0,4
428,1000,5516.0,4
429,1000,5610.0,4
430,1000,10922.0,4
431,1000,11006.0,4
432,1000,11006.0,4
433,1000,10946.0,4
434,1000,10991.0,4
435,1000,10928.0,4
436,1000,10878.0,4
437,1000,10850.0,4
438,1000,10917.0,4
439,1000,11028.0,4
440,1000,11814.0,4
441,1000,11796.0,4
442,1000,11735.0,4
443,1000,11770.0,4
444,1000,11735.0,4
445,1000,12740.0,4
446,1000,12855.0,4
447,1000,12776.0,4
448,1000,12859.0,4
449,1000,12740.0,4
450,1000,12788.0,4
451,1000,13060.0,4
452,1000,12788.0,4
453,1000,12801.0,4
454,1000,12788.0,4
455,1000,10483.0,4
456,1000,10483.0,4
457,1000,10512.0,4
458,1000,10551.0,4
459,1000,10556.0,4
460,1000,5733.0,4
461,1000,5728.0,4
462,1000,5733.0,4
463,1000,5737.0,4
464,1000,5734.0,4
465,1000,5373.0,4
466,1000,5339.0,4
467,1000,5367.0,4
468,1000,5367.0,4
469,1000,5403.0,4
470,1000,9734.0,4
471,1000,9735.0,4
472,1000,9671.0,4
473,1000,9752.0,4
474,1000,9662.0,4
475,1000,10443.0,4
476,1000,10536.0,4
477,1000,10558.0,4
478,1000,10464.0,4
479,1000,10563.0,4
480,1000,12211.0,4
481,1000,12211.0,4
482,1000,12199.0,4
483,1000,12194.0,4
484,1000,12188.0,4
485,1000,11726.0,4
486,1000,11713.0,4
487,1000,11672.0,4
488,1000,11672.0,4
489,1000,11676.0,4
490,1000,4991.0,4
491,1000,5032.0,4
492,1000,5033.0,4
493,1000,5043.0,4
494,1000,5031.0,4
495,1000,11579.0,4
496,1000,11425.0,4
497,1000,11423.0,4
498,1000,11475.0,4
499,1000,11424.0,4
500,1000,8858.0,5
501,1000,8852.0,5
502,1000,8883.0,5
503,1000,8989.0,5
504,1000,16228.0,5
505,1000,5510.0,5
506,1000,5515.0,5
507,1000,5522.0,5
508,1000,5515.0,5
509,1000,5481.0,5
510,1000,12301.0,5
511,1000,12377.0,5
512,1000,12329.0,5
513,1000,12281.0,5
514,1000,12265.0,5
515,1000,12483.0,5
516,1000,12360.0,5
517,1000,12358.0,5
518,1000,12424.0,5
519,1000,12356.0,5
520,1000,12338.0,5
521,1000,12344.0,5
522,1000,12396.0,5
523,1000,12410.0,5
524,1000,12507.0,5
525,1000,5581.0,5
526,1000,5576.0,5
527,1000,5584.0,5
528,1000,5577.0,5
529,1000,5577.0,5
530,1000,10949.0,5
531,1000,10937.0,5
532,1000,10944.0,5
533,1000,10937.0,5
534,1000,10982.0,5
535,1000,10867.0,5
536,1000,10875.0,5
537,1000,10851.0,5
538,1000,10844.0,5
539,1000,10963.0,5
540,1000,11752.0,5
541,1000,11710.0,5
542,1000,11737.0,5
543,1000,11774.0,5
544,1000,11698.0,5
545,1000,12798.0,5
546,1000,12774.0,5
547,1000,12713.0,5
548,1000,12713.0,5
549,1000,12823.0,5
550,1000,12797.0,5
551,1000,12795.0,5
552,1000,12847.0,5
553,1000,12795.0,5
554,1000,13176.0,5
555,1000,10579.0,5
556,1000,10529.0,5
557,1000,10586.0,5
558,1000,10529.0,5
559,1000,10512.0,5
560,1000,5654.0,5
561,1000,5662.0,5
562,1000,5727.0,5
563,1000,5719.0,5
564,1000,5724.0,5
565,1000,5406.0,5
566,1000,5324.0,5
567,1000,5404.0,5
568,1000,5303.0,5
569,1000,5297.0,5
570,1000,9689.0,5
571,1000,9701.0,5
572,1000,9697.0,5
573,1000,9739.0,5
574,1000,9692.0,5
575,1000,10472.0,5
576,1000,10502.0,5
577,1000,10477.0,5
578,1000,10503.0,5
579,1000,10478.0,5
580,1000,12098.0,5
581,1000,12158.0,5
582,1000,12100.0,5
583,1000,12098.0,5
584,1000,12165.0,5
585,1000,11770.0,5
586,1000,11744.0,5
587,1000,11743.0,5
588,1000,11807.0,5
589,1000,11766.0,5
590,1000,5003.0,5
591,1000,5020.0,5
592,1000,5019.0,5
593,1000,5021.0,5
594,1000,5020.0,5
595,1000,11398.0,5
596,1000,11396.0,5
597,1000,11427.0,5
598,1000,11391.0,5
599,1000,11372.0,5
600,1000,9050.0,6
601,1000,8844.0,6
602,1000,8849.0,6
603,1000,8990.0,6
604,1000,8985.0,6
605,1000,5494.0,6
606,1000,5489.0,6
607,1000,5491.0,6
608,1000,5485.0,6
609,1000,5480.0,6
610,1000,12338.0,6
611,1000,12292.0,6
612,1000,12268.0,6
613,1000,12316.0,6
614,1000,12231.0,6
615,1000,12447.0,6
616,1000,12394.0,6
617,1000,12388.0,6
618,1000,12473.0,6
619,1000,12378.0,6
620,1000,12369.0,6
621,1000,12418.0,6
622,1000,12441.0,6
623,1000,12385.0,6
624,1000,12333.0,6
625,1000,5558.0,6
626,1000,5537.0,6
627,1000,5576.0,6
628,1000,5557.0,6
629,1000,5557.0,6
630,1000,11013.0,6
631,1000,10896.0,6
632,1000,10895.0,6
633,1000,10972.0,6
634,1000,11034.0,6
635,1000,10861.0,6
636,1000,11049.0,6
637,1000,10920.0,6
638,1000,10952.0,6
639,1000,10861.0,6
640,1000,11728.0,6
641,1000,11762.0,6
642,1000,11762.0,6
643,1000,11749.0,6
644,1000,11747.0,6
645,1000,12871.0,6
646,1000,12815.0,6
647,1000,12842.0,6
648,1000,12815.0,6
649,1000,12878.0,6
650,1000,12780.0,6
651,1000,12889.0,6
652,1000,12792.0,6
653,1000,12900.0,6
654,1000,12791.0,6
655,1000,10641.0,6
656,1000,10550.0,6
657,1000,10622.0,6
658,1000,10554.0,6
659,1000,10556.0,6
660,1000,5788.0,6
661,1000,5763.0,6
662,1000,5790.0,6
663,1000,5790.0,6
664,1000,5786.0,6
665,1000,5391.0,6
666,1000,5379.0,6
667,1000,5388.0,6
668,1000,5394.0,6
669,1000,5389.0,6
670,1000,9759.0,6
671,1000,9699.0,6
672,1000,9719.0,6
673,1000,9675.0,6
674,1000,9677.0,6
675,1000,10515.0,6
676,1000,10487.0,6
677,1000,17377.0,6
678,1000,10486.0,6
679,1000,10514.0,6
680,1000,12118.0,6
681,1000,12042.0,6
682,1000,12036.0,6
683,1000,12085.0,6
684,1000,12046.0,6
685,1000,11872.0,6
686,1000,11808.0,6
687,1000,11755.0,6
688,1000,11755.0,6
689,1000,11807.0,6
690,1000,5033.0,6
691,1000,5061.0,6
692,1000,5058.0,6
693,1000,5056.0,6
694,1000,5054.0,6
695,1000,19121.0,6
696,1000,11481.0,6
697,1000,11473.0,6
698,1000,11506.0,6
699,1000,11506.0,6
700,1000,8858.0,7
701,1000,8859.0,7
702,1000,8833.0,7
703,1000,8808.0,7
704,1000,8841.0,7
705,1000,5492.0,7
706,1000,5488.0,7
707,1000,5488.0,7
708,1000,5486.0,7
709,1000,5474.0,7
710,1000,12274.0,7
711,1000,12261.0,7
712,1000,21283.0,7
713,1000,12262.0,7
714,1000,12261.0,7
715,1000,12358.0,7
716,1000,12466.0,7
717,1000,12499.0,7
718,1000,12358.0,7
719,1000,12358.0,7
720,1000,12405.0,7
721,1000,12360.0,7
722,1000,12360.0,7
723,1000,12360.0,7
724,1000,12366.0,7
725,1000,5370.0,7
726,1000,5372.0,7
727,1000,5395.0,7
728,1000,5394.0,7
729,1000,5396.0,7
730,1000,10898.0,7
731,1000,11118.0,7
732,1000,10958.0,7
733,1000,10934.0,7
734,1000,10892.0,7
735,1000,10882.0,7
736,1000,10815.0,7
737,1000,10819.0,7
738,1000,10805.0,7
739,1000,10845.0,7
740,1000,11753.0,7
741,1000,11761.0,7
742,1000,11710.0,7
743,1000,11755.0,7
744,1000,11710.0,7
745,1000,12688.0,7
746,1000,12825.0,7
747,1000,12723.0,7
748,1000,12750.0,7
749,1000,12688.0,7
750,1000,12816.0,7
751,1000,12780.0,7
752,1000,12829.0,7
753,1000,12766.0,7
754,1000,12886.0,7
755,1000,39090.0,7
756,1000,39079.0,7
757,1000,39074.0,7
758,1000,39077.0,7
759,1000,39090.0,7
760,1000,5717.0,7
761,1000,5684.0,7
762,1000,5718.0,7
763,1000,5715.0,7
764,1000,5715.0,7
765,1000,5383.0,7
766,1000,5344.0,7
767,1000,5378.0,7
768,1000,5379.0,7
769,1000,5389.0,7
770,1000,9762.0,7
771,1000,9717.0,7
772,1000,9709.0,7
773,1000,9760.0,7
774,1000,9715.0,7
775,1000,10387.0,7
776,1000,10465.0,7
777,1000,10472.0,7
778,1000,10447.0,7
779,1000,10391.0,7
780,1000,12014.0,7
781,1000,12071.0,7
782,1000,12027.0,7
783,1000,12011.0,7
784,1000,12092.0,7
785,1000,11787.0,7
786,1000,11745.0,7
787,1000,11736.0,7
788,1000,11767.0,7
789,1000,11772.0,7
790,1000,5009.0,7
791,1000,5072.0,7
792,1000,5110.0,7
793,1000,5072.0,7
794,1000,5075.0,7
795,1000,11450.0,7
796,1000,11415.0,7
797,1000,11455.0,7
798,1000,11481.0,7
799,1000,11388.0,7
800,1000,8803.0,8
801,1000,8803.0,8
802,1000,8843.0,8
803,1000,8834.0,8
804,1000,8881.0,8
805,1000,5436.0,8
806,1000,5440.0,8
807,1000,5438.0,8
808,1000,5445.0,8
809,1000,5422.0,8
810,1000,12203.0,8
811,1000,12225.0,8
812,1000,12223.0,8
813,1000,12175.0,8
814,1000,12175.0,8
815,1000,12403.0,8
816,1000,12356.0,8
817,1000,12349.0,8
818,1000,12390.0,8
819,1000,12348.0,8
820,1000,12346.0,8
821,1000,12396.0,8
822,1000,12397.0,8
823,1000,12435.0,8
824,1000,12343.0,8
825,1000,5335.0,8
826,1000,5333.0,8
827,1000,5338.0,8
828,1000,5333.0,8
829,1000,5334.0,8
830,1000,10809.0,8
831,1000,10896.0,8
832,1000,10971.0,8
833,1000,10870.0,8
834,1000,10812.0,8
835,1000,10842.0,8
836,1000,10881.0,8
837,1000,10859.0,8
838,1000,10854.0,8
839,1000,10842.0,8
840,1000,11593.0,8
841,1000,11594.0,8
842,1000,11612.0,8
843,1000,11591.0,8
844,1000,11550.0,8
845,1000,12760.0,8
846,1000,12753.0,8
847,1000,12795.0,8
848,1000,12760.0,8
849,1000,12755.0,8
850,1000,12774.0,8
851,1000,12822.0,8
852,1000,12726.0,8
853,1000,12794.0,8
854,1000,12726.0,8
855,1000,10507.0,8
856,1000,10495.0,8
857,1000,10482.0,8
858,1000,10514.0,8
859,1000,10548.0,8
860,1000,5648.0,8
861,1000,5629.0,8
862,1000,5648.0,8
863,1000,5648.0,8
864,1000,5650.0,8
865,1000,5239.0,8
866,1000,5154.0,8
867,1000,5154.0,8
868,1000,5239.0,8
869,1000,5171.0,8
870,1000,9775.0,8
871,1000,9744.0,8
872,1000,9709.0,8
873,1000,9752.0,8
874,1000,9750.0,8
875,1000,10452.0,8
876,1000,10430.0,8
877,1000,10429.0,8
878,1000,10624.0,8
879,1000,10424.0,8
880,1000,12055.0,8
881,1000,12041.0,8
882,1000,12041.0,8
883,1000,12045.0,8
884,1000,12073.0,8
885,1000,11724.0,8
886,1000,11700.0,8
887,1000,11752.0,8
888,1000,11815.0,8
889,1000,11790.0,8
890,1000,4862.0,8
891,1000,4883.0,8
892,1000,4869.0,8
893,1000,4874.0,8
894,1000,4879.0,8
895,1000,11445.0,8
896,1000,11479.0,8
897,1000,11586.0,8
898,1000,11425.0,8
899,1000,11423.0,8
900,1000,8924.0,9
901,1000,8922.0,9
902,1000,8801.0,9
903,1000,8901.0,9
904,1000,8907.0,9
905,1000,5503.0,9
906,1000,5560.0,9
907,1000,5561.0,9
908,1000,5531.0,9
909,1000,5490.0,9
910,1000,12284.0,9
911,1000,12237.0,9
912,1000,12228.0,9
913,1000,12275.0,9
914,1000,12190.0,9
915,1000,12424.0,9
916,1000,12366.0,9
917,1000,12337.0,9
918,1000,12365.0,9
919,1000,12337.0,9
920,1000,12387.0,9
921,1000,12429.0,9
922,1000,12460.0,9
923,1000,12706.0,9
924,1000,12383.0,9
925,1000,5481.0,9
926,1000,5449.0,9
927,1000,5480.0,9
928,1000,5483.0,9
929,1000,5479.0,9
930,1000,10931.0,9
931,1000,10989.0,9
932,1000,10962.0,9
933,1000,10952.0,9
934,1000,10961.0,9
935,1000,25901.0,9
936,1000,25963.0,9
937,1000,26002.0,9
938,1000,25917.0,9
939,1000,25921.0,9
940,1000,11737.0,9
941,1000,11730.0,9
942,1000,11729.0,9
943,1000,11715.0,9
944,1000,11682.0,9
945,1000,12779.0,9
946,1000,12824.0,9
947,1000,12810.0,9
948,1000,12832.0,9
949,1000,12779.0,9
950,1000,12883.0,9
951,1000,12789.0,9
952,1000,12845.0,9
953,1000,12789.0,9
954,1000,12850.0,9
955,1000,10514.0,9
956,1000,10520.0,9
957,1000,10519.0,9
958,1000,10575.0,9
959,1000,10569.0,9
960,1000,5711.0,9
961,1000,5698.0,9
962,1000,5713.0,9
963,1000,5711.0,9
964,1000,5714.0,9
965,1000,5346.0,9
966,1000,5347.0,9
967,1000,5344.0,9
968,1000,5346.0,9
969,1000,5344.0,9
970,1000,9859.0,9
971,1000,9787.0,9
972,1000,9814.0,9
973,1000,9784.0,9
974,1000,9876.0,9
975,1000,10453.0,9
976,1000,10437.0,9
977,1000,10470.0,9
978,1000,10437.0,9
979,1000,10468.0,9
980,1000,12051.0,9
981,1000,12092.0,9
982,1000,12059.0,9
983,1000,12054.0,9
984,1000,12105.0,9
985,1000,11785.0,9
986,1000,11786.0,9
987,1000,11957.0,9
988,1000,11785.0,9
989,1000,11884.0,9
990,1000,4966.0,9
991,1000,4968.0,9
992,1000,4978.0,9
993,1000,4979.0,9
994,1000,4968.0,9
995,1000,11528.0,9
996,1000,11478.0,9
997,1000,11474.0,9
998,1000,11483.0,9
999,1000,11466.0,9
1000,10000,8975.0,0
1001,10000,8990.0,0
1002,10000,8988.0,0
1003,10000,9014.0,0
1004,10000,8993.0,0
1005,10000,5650.0,0
1006,10000,5648.0,0
1007,10000,5648.0,0
1008,10000,5647.0,0
1009,10000,5625.0,0
1010,10000,12457.0,0
1011,10000,12410.0,0
1012,10000,12436.0,0
1013,10000,12500.0,0
1014,10000,12374.0,0
1015,10000,12565.0,0
1016,10000,12638.0,0
1017,10000,12646.0,0
1018,10000,12588.0,0
1019,10000,12566.0,0
1020,10000,12571.0,0
1021,10000,12689.0,0
1022,10000,12689.0,0
1023,10000,12771.0,0
1024,10000,12658.0,0
1025,10000,5640.0,0
1026,10000,5735.0,0
1027,10000,5589.0,0
1028,10000,5637.0,0
1029,10000,5735.0,0
1030,10000,11050.0,0
1031,10000,11309.0,0
1032,10000,11048.0,0
1033,10000,11159.0,0
1034,10000,11188.0,0
1035,10000,11024.0,0
1036,10000,11024.0,0
1037,10000,11056.0,0
1038,10000,16533.0,0
1039,10000,11024.0,0
1040,10000,11910.0,0
1041,10000,11760.0,0
1042,10000,11743.0,0
1043,10000,11832.0,0
1044,10000,11854.0,0
1045,10000,12945.0,0
1046,10000,12920.0,0
1047,10000,12988.0,0
1048,10000,12887.0,0
1049,10000,12988.0,0
1050,10000,12923.0,0
1051,10000,13061.0,0
1052,10000,12925.0,0
1053,10000,13022.0,0
1054,10000,12921.0,0
1055,10000,10817.0,0
1056,10000,10747.0,0
1057,10000,10842.0,0
1058,10000,10873.0,0
1059,10000,10747.0,0
1060,10000,5820.0,0
1061,10000,5818.0,0
1062,10000,5832.0,0
1063,10000,5823.0,0
1064,10000,5830.0,0
1065,10000,5573.0,0
1066,10000,5510.0,0
1067,10000,5567.0,0
1068,10000,5480.0,0
1069,10000,5571.0,0
1070,10000,9990.0,0
1071,10000,9943.0,0
1072,10000,9962.0,0
1073,10000,9943.0,0
1074,10000,9994.0,0
1075,10000,10535.0,0
1076,10000,10654.0,0
1077,10000,10586.0,0
1078,10000,10626.0,0
1079,10000,10568.0,0
1080,10000,12279.0,0
1081,10000,12226.0,0
1082,10000,12246.0,0
1083,10000,12358.0,0
1084,10000,12358.0,0
1085,10000,12049.0,0
1086,10000,12017.0,0
1087,10000,11881.0,0
1088,10000,12017.0,0
1089,10000,11881.0,0
1090,10000,5113.0,0
1091,10000,5105.0,0
1092,10000,5111.0,0
1093,10000,5106.0,0
1094,10000,5115.0,0
1095,10000,11621.0,0
1096,10000,11541.0,0
1097,10000,11516.0,0
1098,10000,11534.0,0
1099,10000,11633.0,0
1100,10000,8955.0,1
1101,10000,9028.0,1
1102,10000,8885.0,1
1103,10000,8884.0,1
1104,10000,16423.0,1
1105,10000,5726.0,1
1106,10000,5728.0,1
1107,10000,5769.0,1
1108,10000,5727.0,1
1109,10000,5678.0,1
1110,10000,12524.0,1
1111,10000,12416.0,1
1112,10000,12419.0,1
1113,10000,12524.0,1
1114,10000,12440.0,1
1115,10000,12685.0,1
1116,10000,12647.0,1
1117,10000,12662.0,1
1118,10000,12730.0,1
1119,10000,12640.0,1
1120,10000,12619.0,1
1121,10000,12544.0,1
1122,10000,12627.0,1
1123,10000,12661.0,1
1124,10000,12574.0,1
1125,10000,5653.0,1
1126,10000,5643.0,1
1127,10000,5655.0,1
1128,10000,5656.0,1
1129,10000,5652.0,1
1130,10000,11014.0,1
1131,10000,11067.0,1
1132,10000,11014.0,1
1133,10000,11017.0,1
1134,10000,11021.0,1
1135,10000,11005.0,1
1136,10000,10974.0,1
1137,10000,10947.0,1
1138,10000,10981.0,1
1139,10000,11055.0,1
1140,10000,11856.0,1
1141,10000,11839.0,1
1142,10000,11810.0,1
1143,10000,11815.0,1
1144,10000,11751.0,1
1145,10000,13093.0,1
1146,10000,13058.0,1
1147,10000,12951.0,1
1148,10000,12981.0,1
1149,10000,13033.0,1
1150,10000,12896.0,1
1151,10000,13092.0,1
1152,10000,13069.0,1
1153,10000,12977.0,1
1154,10000,12899.0,1
1155,10000,10811.0,1
1156,10000,10770.0,1
1157,10000,10733.0,1
1158,10000,10833.0,1
1159,10000,10746.0,1
1160,10000,5940.0,1
1161,10000,5901.0,1
1162,10000,5935.0,1
1163,10000,5939.0,1
1164,10000,5940.0,1
1165,10000,5420.0,1
1166,10000,5411.0,1
1167,10000,5430.0,1
1168,10000,5430.0,1
1169,10000,5417.0,1
1170,10000,10046.0,1
1171,10000,10245.0,1
1172,10000,10050.0,1
1173,10000,10071.0,1
1174,10000,10158.0,1
1175,10000,10575.0,1
1176,10000,10548.0,1
1177,10000,10582.0,1
1178,10000,10518.0,1
1179,10000,10578.0,1
1180,10000,12193.0,1
1181,10000,12218.0,1
1182,10000,12193.0,1
1183,10000,12192.0,1
1184,10000,12219.0,1
1185,10000,11942.0,1
1186,10000,11944.0,1
1187,10000,12174.0,1
1188,10000,11943.0,1
1189,10000,12048.0,1
1190,10000,5214.0,1
1191,10000,5214.0,1
1192,10000,5161.0,1
1193,10000,5215.0,1
1194,10000,5254.0,1
1195,10000,11696.0,1
1196,10000,11703.0,1
1197,10000,11942.0,1
1198,10000,11695.0,1
1199,10000,11682.0,1
1200,10000,8978.0,2
1201,10000,9082.0,2
1202,10000,8991.0,2
1203,10000,9082.0,2
1204,10000,9017.0,2
1205,10000,5693.0,2
1206,10000,5694.0,2
1207,10000,5676.0,2
1208,10000,5692.0,2
1209,10000,5647.0,2
1210,10000,12202.0,2
1211,10000,12267.0,2
1212,10000,12262.0,2
1213,10000,12207.0,2
1214,10000,12179.0,2
1215,10000,12637.0,2
1216,10000,12646.0,2
1217,10000,12641.0,2
1218,10000,12953.0,2
1219,10000,12624.0,2
1220,10000,12556.0,2
1221,10000,12669.0,2
1222,10000,12600.0,2
1223,10000,12661.0,2
1224,10000,12679.0,2
1225,10000,5618.0,2
1226,10000,5551.0,2
1227,10000,5640.0,2
1228,10000,5617.0,2
1229,10000,5640.0,2
1230,10000,11095.0,2
1231,10000,11095.0,2
1232,10000,11095.0,2
1233,10000,11120.0,2
1234,10000,18775.0,2
1235,10000,10997.0,2
1236,10000,11048.0,2
1237,10000,11024.0,2
1238,10000,11088.0,2
1239,10000,10942.0,2
1240,10000,11715.0,2
1241,10000,11717.0,2
1242,10000,11736.0,2
1243,10000,11679.0,2
1244,10000,11784.0,2
1245,10000,12882.0,2
1246,10000,12958.0,2
1247,10000,12885.0,2
1248,10000,13024.0,2
1249,10000,12882.0,2
1250,10000,13017.0,2
1251,10000,13095.0,2
1252,10000,13022.0,2
1253,10000,13078.0,2
1254,10000,13018.0,2
1255,10000,10815.0,2
1256,10000,10731.0,2
1257,10000,10749.0,2
1258,10000,10735.0,2
1259,10000,10815.0,2
1260,10000,5729.0,2
1261,10000,5701.0,2
1262,10000,5747.0,2
1263,10000,5742.0,2
1264,10000,5719.0,2
1265,10000,5366.0,2
1266,10000,5378.0,2
1267,10000,5363.0,2
1268,10000,5377.0,2
1269,10000,5382.0,2
1270,10000,10012.0,2
1271,10000,9978.0,2
1272,10000,10014.0,2
1273,10000,9979.0,2
1274,10000,10018.0,2
1275,10000,10536.0,2
1276,10000,10580.0,2
1277,10000,10582.0,2
1278,10000,10516.0,2
1279,10000,10631.0,2
1280,10000,12120.0,2
1281,10000,12124.0,2
1282,10000,12100.0,2
1283,10000,12112.0,2
1284,10000,12103.0,2
1285,10000,12085.0,2
1286,10000,12102.0,2
1287,10000,12002.0,2
1288,10000,12061.0,2
1289,10000,12004.0,2
1290,10000,5078.0,2
1291,10000,5110.0,2
1292,10000,5072.0,2
1293,10000,5114.0,2
1294,10000,5126.0,2
1295,10000,11500.0,2
1296,10000,11544.0,2
1297,10000,11584.0,2
1298,10000,11493.0,2
1299,10000,11584.0,2
1300,10000,8913.0,3
1301,10000,8848.0,3
1302,10000,8850.0,3
1303,10000,8877.0,3
1304,10000,8875.0,3
1305,10000,5627.0,3
1306,10000,5631.0,3
1307,10000,5626.0,3
1308,10000,5627.0,3
1309,10000,5588.0,3
1310,10000,12341.0,3
1311,10000,12395.0,3
1312,10000,12279.0,3
1313,10000,20634.0,3
1314,10000,12395.0,3
1315,10000,12627.0,3
1316,10000,12658.0,3
1317,10000,12634.0,3
1318,10000,12628.0,3
1319,10000,12649.0,3
1320,10000,12613.0,3
1321,10000,12585.0,3
1322,10000,12631.0,3
1323,10000,12583.0,3
1324,10000,12583.0,3
1325,10000,5406.0,3
1326,10000,5399.0,3
1327,10000,5405.0,3
1328,10000,5415.0,3
1329,10000,5413.0,3
1330,10000,11028.0,3
1331,10000,11121.0,3
1332,10000,11122.0,3
1333,10000,11054.0,3
1334,10000,11052.0,3
1335,10000,10936.0,3
1336,10000,10985.0,3
1337,10000,10884.0,3
1338,10000,10989.0,3
1339,10000,10859.0,3
1340,10000,11801.0,3
1341,10000,11814.0,3
1342,10000,11735.0,3
1343,10000,11798.0,3
1344,10000,12006.0,3
1345,10000,12905.0,3
1346,10000,12978.0,3
1347,10000,12901.0,3
1348,10000,12901.0,3
1349,10000,12974.0,3
1350,10000,12988.0,3
1351,10000,13025.0,3
1352,10000,12934.0,3
1353,10000,12994.0,3
1354,10000,12928.0,3
1355,10000,10709.0,3
1356,10000,10699.0,3
1357,10000,10687.0,3
1358,10000,10571.0,3
1359,10000,10692.0,3
1360,10000,5903.0,3
1361,10000,5875.0,3
1362,10000,5896.0,3
1363,10000,5897.0,3
1364,10000,5897.0,3
1365,10000,5313.0,3
1366,10000,5327.0,3
1367,10000,5352.0,3
1368,10000,5336.0,3
1369,10000,5349.0,3
1370,10000,10095.0,3
1371,10000,9999.0,3
1372,10000,10095.0,3
1373,10000,10008.0,3
1374,10000,10036.0,3
1375,10000,10493.0,3
1376,10000,10598.0,3
1377,10000,10533.0,3
1378,10000,10559.0,3
1379,10000,10533.0,3
1380,10000,12165.0,3
1381,10000,12155.0,3
1382,10000,12150.0,3
1383,10000,12145.0,3
1384,10000,12210.0,3
1385,10000,11927.0,3
1386,10000,12000.0,3
1387,10000,11959.0,3
1388,10000,11927.0,3
1389,10000,12059.0,3
1390,10000,5217.0,3
1391,10000,5244.0,3
1392,10000,5237.0,3
1393,10000,5236.0,3
1394,10000,5247.0,3
1395,10000,11609.0,3
1396,10000,11530.0,3
1397,10000,11549.0,3
1398,10000,11520.0,3
1399,10000,11520.0,3
1400,10000,8934.0,4
1401,10000,8913.0,4
1402,10000,9053.0,4
1403,10000,8853.0,4
1404,10000,9090.0,4
1405,10000,5637.0,4
1406,10000,5644.0,4
1407,10000,5643.0,4
1408,10000,5652.0,4
1409,10000,5616.0,4
1410,10000,12232.0,4
1411,10000,12255.0,4
1412,10000,12319.0,4
1413,10000,12299.0,4
1414,10000,12435.0,4
1415,10000,12527.0,4
1416,10000,12522.0,4
1417,10000,12526.0,4
1418,10000,12959.0,4
1419,10000,12499.0,4
1420,10000,12609.0,4
1421,10000,12558.0,4
1422,10000,12558.0,4
1423,10000,13704.0,4
1424,10000,12648.0,4
1425,10000,5583.0,4
1426,10000,5550.0,4
1427,10000,5584.0,4
1428,10000,5577.0,4
1429,10000,5577.0,4
1430,10000,23482.0,4
1431,10000,23475.0,4
1432,10000,23456.0,4
1433,10000,23517.0,4
1434,10000,23482.0,4
1435,10000,10892.0,4
1436,10000,11014.0,4
1437,10000,10922.0,4
1438,10000,10922.0,4
1439,10000,10881.0,4
1440,10000,11949.0,4
1441,10000,11721.0,4
1442,10000,11668.0,4
1443,10000,11720.0,4
1444,10000,11662.0,4
1445,10000,13104.0,4
1446,10000,13182.0,4
1447,10000,13184.0,4
1448,10000,13076.0,4
1449,10000,13149.0,4
1450,10000,12916.0,4
1451,10000,12989.0,4
1452,10000,12916.0,4
1453,10000,12952.0,4
1454,10000,12916.0,4
1455,10000,10761.0,4
1456,10000,10769.0,4
1457,10000,10768.0,4
1458,10000,10660.0,4
1459,10000,10700.0,4
1460,10000,5706.0,4
1461,10000,5690.0,4
1462,10000,5721.0,4
1463,10000,5730.0,4
1464,10000,5719.0,4
1465,10000,5450.0,4
1466,10000,5412.0,4
1467,10000,5432.0,4
1468,10000,5410.0,4
1469,10000,5442.0,4
1470,10000,10102.0,4
1471,10000,10110.0,4
1472,10000,10145.0,4
1473,10000,10144.0,4
1474,10000,10106.0,4
1475,10000,10450.0,4
1476,10000,10502.0,4
1477,10000,10514.0,4
1478,10000,10453.0,4
1479,10000,10749.0,4
1480,10000,12034.0,4
1481,10000,12069.0,4
1482,10000,12091.0,4
1483,10000,12034.0,4
1484,10000,12156.0,4
1485,10000,11985.0,4
1486,10000,11958.0,4
1487,10000,12042.0,4
1488,10000,12211.0,4
1489,10000,12039.0,4
1490,10000,5056.0,4
1491,10000,5054.0,4
1492,10000,5065.0,4
1493,10000,5083.0,4
1494,10000,5082.0,4
1495,10000,11691.0,4
1496,10000,11608.0,4
1497,10000,11647.0,4
1498,10000,11681.0,4
1499,10000,11596.0,4
1500,10000,9110.0,5
1501,10000,9070.0,5
1502,10000,9016.0,5
1503,10000,9061.0,5
1504,10000,9093.0,5
1505,10000,5639.0,5
1506,10000,5672.0,5
1507,10000,5671.0,5
1508,10000,5600.0,5
1509,10000,5531.0,5
1510,10000,12156.0,5
1511,10000,12232.0,5
1512,10000,12210.0,5
1513,10000,12230.0,5
1514,10000,12230.0,5
1515,10000,12508.0,5
1516,10000,12539.0,5
1517,10000,12463.0,5
1518,10000,12570.0,5
1519,10000,12508.0,5
1520,10000,12632.0,5
1521,10000,12530.0,5
1522,10000,12632.0,5
1523,10000,12555.0,5
1524,10000,12607.0,5
1525,10000,5512.0,5
1526,10000,5456.0,5
1527,10000,5519.0,5
1528,10000,5528.0,5
1529,10000,5529.0,5
1530,10000,11109.0,5
1531,10000,18061.0,5
1532,10000,11123.0,5
1533,10000,11115.0,5
1534,10000,11150.0,5
1535,10000,11032.0,5
1536,10000,11027.0,5
1537,10000,10912.0,5
1538,10000,10900.0,5
1539,10000,10913.0,5
1540,10000,11874.0,5
1541,10000,11873.0,5
1542,10000,11787.0,5
1543,10000,11874.0,5
1544,10000,11895.0,5
1545,10000,12967.0,5
1546,10000,13036.0,5
1547,10000,12989.0,5
1548,10000,13055.0,5
1549,10000,12966.0,5
1550,10000,12906.0,5
1551,10000,12946.0,5
1552,10000,12867.0,5
1553,10000,12938.0,5
1554,10000,12867.0,5
1555,10000,10760.0,5
1556,10000,10668.0,5
1557,10000,10728.0,5
1558,10000,10644.0,5
1559,10000,10760.0,5
1560,10000,5907.0,5
1561,10000,5843.0,5
1562,10000,5917.0,5
1563,10000,5933.0,5
1564,10000,5910.0,5
1565,10000,5330.0,5
1566,10000,5293.0,5
1567,10000,5312.0,5
1568,10000,5287.0,5
1569,10000,5333.0,5
1570,10000,10129.0,5
1571,10000,10128.0,5
1572,10000,10157.0,5
1573,10000,10232.0,5
1574,10000,10128.0,5
1575,10000,10570.0,5
1576,10000,10581.0,5
1577,10000,10647.0,5
1578,10000,10544.0,5
1579,10000,10813.0,5
1580,10000,12023.0,5
1581,10000,11980.0,5
1582,10000,11982.0,5
1583,10000,11964.0,5
1584,10000,12004.0,5
1585,10000,11999.0,5
1586,10000,11987.0,5
1587,10000,11951.0,5
1588,10000,12002.0,5
1589,10000,11924.0,5
1590,10000,5217.0,5
1591,10000,5252.0,5
1592,10000,5251.0,5
1593,10000,5252.0,5
1594,10000,5255.0,5
1595,10000,11666.0,5
1596,10000,11763.0,5
1597,10000,11666.0,5
1598,10000,11667.0,5
1599,10000,11674.0,5
1600,10000,9044.0,6
1601,10000,9047.0,6
1602,10000,9075.0,6
1603,10000,9197.0,6
1604,10000,9172.0,6
1605,10000,5592.0,6
1606,10000,5584.0,6
1607,10000,5588.0,6
1608,10000,5578.0,6
1609,10000,5542.0,6
1610,10000,11980.0,6
1611,10000,12074.0,6
1612,10000,12074.0,6
1613,10000,11960.0,6
1614,10000,11939.0,6
1615,10000,12452.0,6
1616,10000,12524.0,6
1617,10000,12519.0,6
1618,10000,12452.0,6
1619,10000,12475.0,6
1620,10000,12504.0,6
1621,10000,12506.0,6
1622,10000,12551.0,6
1623,10000,12535.0,6
1624,10000,12508.0,6
1625,10000,5378.0,6
1626,10000,5368.0,6
1627,10000,5386.0,6
1628,10000,5395.0,6
1629,10000,5391.0,6
1630,10000,11012.0,6
1631,10000,11180.0,6
1632,10000,11075.0,6
1633,10000,11013.0,6
1634,10000,11135.0,6
1635,10000,10893.0,6
1636,10000,10953.0,6
1637,10000,10951.0,6
1638,10000,11260.0,6
1639,10000,10893.0,6
1640,10000,11774.0,6
1641,10000,11763.0,6
1642,10000,11836.0,6
1643,10000,11836.0,6
1644,10000,11695.0,6
1645,10000,13058.0,6
1646,10000,13056.0,6
1647,10000,12989.0,6
1648,10000,12992.0,6
1649,10000,13078.0,6
1650,10000,13059.0,6
1651,10000,12979.0,6
1652,10000,13034.0,6
1653,10000,12941.0,6
1654,10000,13006.0,6
1655,10000,10667.0,6
1656,10000,10634.0,6
1657,10000,10657.0,6
1658,10000,10595.0,6
1659,10000,10594.0,6
1660,10000,5701.0,6
1661,10000,5652.0,6
1662,10000,5668.0,6
1663,10000,5703.0,6
1664,10000,5689.0,6
1665,10000,5537.0,6
1666,10000,5482.0,6
1667,10000,5537.0,6
1668,10000,5537.0,6
1669,10000,5536.0,6
1670,10000,10102.0,6
1671,10000,10127.0,6
1672,10000,10080.0,6
1673,10000,10105.0,6
1674,10000,10080.0,6
1675,10000,10494.0,6
1676,10000,10550.0,6
1677,10000,10503.0,6
1678,10000,10626.0,6
1679,10000,10591.0,6
1680,10000,12045.0,6
1681,10000,11992.0,6
1682,10000,11975.0,6
1683,10000,12041.0,6
1684,10000,11990.0,6
1685,10000,11860.0,6
1686,10000,11913.0,6
1687,10000,11913.0,6
1688,10000,12096.0,6
1689,10000,11872.0,6
1690,10000,5043.0,6
1691,10000,5055.0,6
1692,10000,5075.0,6
1693,10000,5080.0,6
1694,10000,5064.0,6
1695,10000,11565.0,6
1696,10000,11596.0,6
1697,10000,11546.0,6
1698,10000,11780.0,6
1699,10000,11837.0,6
1700,10000,9074.0,7
1701,10000,9052.0,7
1702,10000,8991.0,7
1703,10000,8998.0,7
1704,10000,9019.0,7
1705,10000,5578.0,7
1706,10000,5575.0,7
1707,10000,5577.0,7
1708,10000,5570.0,7
1709,10000,5541.0,7
1710,10000,12064.0,7
1711,10000,12002.0,7
1712,10000,12002.0,7
1713,10000,12046.0,7
1714,10000,12083.0,7
1715,10000,12540.0,7
1716,10000,12588.0,7
1717,10000,12591.0,7
1718,10000,12540.0,7
1719,10000,12573.0,7
1720,10000,12507.0,7
1721,10000,12455.0,7
1722,10000,12619.0,7
1723,10000,12554.0,7
1724,10000,12455.0,7
1725,10000,5515.0,7
1726,10000,5501.0,7
1727,10000,5523.0,7
1728,10000,5467.0,7
1729,10000,5523.0,7
1730,10000,10998.0,7
1731,10000,11025.0,7
1732,10000,10991.0,7
1733,10000,11088.0,7
1734,10000,11140.0,7
1735,10000,10834.0,7
1736,10000,10895.0,7
1737,10000,11135.0,7
1738,10000,10936.0,7
1739,10000,10840.0,7
1740,10000,22153.0,7
1741,10000,11800.0,7
1742,10000,11791.0,7
1743,10000,11791.0,7
1744,10000,11797.0,7
1745,10000,12986.0,7
1746,10000,13086.0,7
1747,10000,12962.0,7
1748,10000,12992.0,7
1749,10000,13020.0,7
1750,10000,13128.0,7
1751,10000,12938.0,7
1752,10000,13006.0,7
1753,10000,12913.0,7
1754,10000,12871.0,7
1755,10000,10588.0,7
1756,10000,10585.0,7
1757,10000,10732.0,7
1758,10000,10947.0,7
1759,10000,10626.0,7
1760,10000,5857.0,7
1761,10000,5829.0,7
1762,10000,5859.0,7
1763,10000,5861.0,7
1764,10000,5858.0,7
1765,10000,5509.0,7
1766,10000,5472.0,7
1767,10000,5509.0,7
1768,10000,5514.0,7
1769,10000,5521.0,7
1770,10000,10054.0,7
1771,10000,10146.0,7
1772,10000,10119.0,7
1773,10000,10119.0,7
1774,10000,10054.0,7
1775,10000,10527.0,7
1776,10000,10634.0,7
1777,10000,10634.0,7
1778,10000,10499.0,7
1779,10000,10538.0,7
1780,10000,12012.0,7
1781,10000,12095.0,7
1782,10000,12012.0,7
1783,10000,12012.0,7
1784,10000,12125.0,7
1785,10000,11927.0,7
1786,10000,11933.0,7
1787,10000,11940.0,7
1788,10000,11921.0,7
1789,10000,12284.0,7
1790,10000,5057.0,7
1791,10000,5073.0,7
1792,10000,5107.0,7
1793,10000,5101.0,7
1794,10000,5097.0,7
1795,10000,11584.0,7
1796,10000,16527.0,7
1797,10000,11585.0,7
1798,10000,11584.0,7
1799,10000,11635.0,7
1800,10000,9046.0,8
1801,10000,9046.0,8
1802,10000,9372.0,8
1803,10000,9123.0,8
1804,10000,9080.0,8
1805,10000,5409.0,8
1806,10000,5418.0,8
1807,10000,5419.0,8
1808,10000,5411.0,8
1809,10000,5401.0,8
1810,10000,11992.0,8
1811,10000,11966.0,8
1812,10000,11971.0,8
1813,10000,11993.0,8
1814,10000,12261.0,8
1815,10000,12483.0,8
1816,10000,12421.0,8
1817,10000,12399.0,8
1818,10000,12517.0,8
1819,10000,12399.0,8
1820,10000,12509.0,8
1821,10000,12478.0,8
1822,10000,12531.0,8
1823,10000,12483.0,8
1824,10000,12506.0,8
1825,10000,5360.0,8
1826,10000,5331.0,8
1827,10000,5360.0,8
1828,10000,5349.0,8
1829,10000,5369.0,8
1830,10000,11060.0,8
1831,10000,11116.0,8
1832,10000,11091.0,8
1833,10000,11040.0,8
1834,10000,11035.0,8
1835,10000,10966.0,8
1836,10000,10934.0,8
1837,10000,10896.0,8
1838,10000,10929.0,8
1839,10000,10899.0,8
1840,10000,11618.0,8
1841,10000,11626.0,8
1842,10000,11560.0,8
1843,10000,11563.0,8
1844,10000,11560.0,8
1845,10000,12979.0,8
1846,10000,12923.0,8
1847,10000,12896.0,8
1848,10000,12898.0,8
1849,10000,12984.0,8
1850,10000,12816.0,8
1851,10000,12848.0,8
1852,10000,12810.0,8
1853,10000,12855.0,8
1854,10000,12861.0,8
1855,10000,10668.0,8
1856,10000,10605.0,8
1857,10000,10659.0,8
1858,10000,10716.0,8
1859,10000,10674.0,8
1860,10000,5828.0,8
1861,10000,5863.0,8
1862,10000,5823.0,8
1863,10000,5823.0,8
1864,10000,5766.0,8
1865,10000,5471.0,8
1866,10000,5432.0,8
1867,10000,5476.0,8
1868,10000,5472.0,8
1869,10000,5471.0,8
1870,10000,10238.0,8
1871,10000,10006.0,8
1872,10000,9988.0,8
1873,10000,10015.0,8
1874,10000,10038.0,8
1875,10000,10365.0,8
1876,10000,10490.0,8
1877,10000,10366.0,8
1878,10000,10430.0,8
1879,10000,10365.0,8
1880,10000,12023.0,8
1881,10000,12080.0,8
1882,10000,12036.0,8
1883,10000,11994.0,8
1884,10000,12083.0,8
1885,10000,11845.0,8
1886,10000,11824.0,8
1887,10000,11821.0,8
1888,10000,11848.0,8
1889,10000,11934.0,8
1890,10000,5212.0,8
1891,10000,5258.0,8
1892,10000,5261.0,8
1893,10000,5263.0,8
1894,10000,5192.0,8
1895,10000,11635.0,8
1896,10000,11589.0,8
1897,10000,11609.0,8
1898,10000,11611.0,8
1899,10000,11539.0,8
1900,10000,9114.0,9
1901,10000,9093.0,9
1902,10000,9092.0,9
1903,10000,9068.0,9
1904,10000,9090.0,9
1905,10000,5336.0,9
1906,10000,5336.0,9
1907,10000,5333.0,9
1908,10000,5334.0,9
1909,10000,5334.0,9
1910,10000,11922.0,9
1911,10000,11872.0,9
1912,10000,11873.0,9
1913,10000,11923.0,9
1914,10000,11893.0,9
1915,10000,12345.0,9
1916,10000,12427.0,9
1917,10000,12626.0,9
1918,10000,12390.0,9
1919,10000,12400.0,9
1920,10000,12376.0,9
1921,10000,12395.0,9
1922,10000,12414.0,9
1923,10000,12446.0,9
1924,10000,12373.0,9
1925,10000,5223.0,9
1926,10000,5224.0,9
1927,10000,5218.0,9
1928,10000,5212.0,9
1929,10000,5218.0,9
1930,10000,10869.0,9
1931,10000,10840.0,9
1932,10000,10826.0,9
1933,10000,10880.0,9
1934,10000,10828.0,9
1935,10000,10758.0,9
1936,10000,10750.0,9
1937,10000,10711.0,9
1938,10000,10722.0,9
1939,10000,10836.0,9
1940,10000,11536.0,9
1941,10000,11557.0,9
1942,10000,11651.0,9
1943,10000,11560.0,9
1944,10000,11651.0,9
1945,10000,13015.0,9
1946,10000,12942.0,9
1947,10000,12938.0,9
1948,10000,12964.0,9
1949,10000,13041.0,9
1950,10000,12905.0,9
1951,10000,12903.0,9
1952,10000,12869.0,9
1953,10000,12818.0,9
1954,10000,12865.0,9
1955,10000,10512.0,9
1956,10000,10547.0,9
1957,10000,10513.0,9
1958,10000,10610.0,9
1959,10000,10575.0,9
1960,10000,5785.0,9
1961,10000,5766.0,9
1962,10000,5774.0,9
1963,10000,5787.0,9
1964,10000,5774.0,9
1965,10000,5296.0,9
1966,10000,5268.0,9
1967,10000,5292.0,9
1968,10000,5294.0,9
1969,10000,5308.0,9
1970,10000,10075.0,9
1971,10000,10052.0,9
1972,10000,10030.0,9
1973,10000,10083.0,9
1974,10000,10152.0,9
1975,10000,10351.0,9
1976,10000,10406.0,9
1977,10000,10434.0,9
1978,10000,10342.0,9
1979,10000,10432.0,9
1980,10000,11970.0,9
1981,10000,12027.0,9
1982,10000,11980.0,9
1983,10000,11968.0,9
1984,10000,12027.0,9
1985,10000,11882.0,9
1986,10000,11882.0,9
1987,10000,12017.0,9
1988,10000,11938.0,9
1989,10000,11929.0,9
1990,10000,4982.0,9
1991,10000,5020.0,9
1992,10000,5023.0,9
1993,10000,5028.0,9
1994,10000,5029.0,9
1995,10000,11630.0,9
1996,10000,11634.0,9
1997,10000,11670.0,9
1998,10000,11631.0,9
1999,10000,11627.0,9
2000,100000,250359.0,0
2001,100000,250354.0,0
2002,100000,250314.0,0
2003,100000,250313.0,0
2004,100000,250378.0,0
2005,100000,246629.0,0
2006,100000,246650.0,0
2007,100000,246612.0,0
2008,100000,246628.0,0
2009,100000,246609.0,0
2010,100000,253017.0,0
2011,100000,253052.0,0
2012,100000,253040.0,0
2013,100000,253044.0,0
2014,100000,253017.0,0
2015,100000,253568.0,0
2016,100000,253501.0,0
2017,100000,253503.0,0
2018,100000,253561.0,0
2019,100000,253501.0,0
2020,100000,253421.0,0
2021,100000,253439.0,0
2022,100000,253420.0,0
2023,100000,253429.0,0
2024,100000,253410.0,0
2025,100000,246632.0,0
2026,100000,246559.0,0
2027,100000,246606.0,0
2028,100000,246632.0,0
2029,100000,246593.0,0
2030,100000,252123.0,0
2031,100000,252130.0,0
2032,100000,252129.0,0
2033,100000,252128.0,0
2034,100000,252156.0,0
2035,100000,252024.0,0
2036,100000,252035.0,0
2037,100000,252145.0,0
2038,100000,252144.0,0
2039,100000,252024.0,0
2040,100000,252759.0,0
2041,100000,252781.0,0
2042,100000,252778.0,0
2043,100000,252785.0,0
2044,100000,252758.0,0
2045,100000,254052.0,0
2046,100000,254065.0,0
2047,100000,254055.0,0
2048,100000,254051.0,0
2049,100000,254025.0,0
2050,100000,254140.0,0
2051,100000,254182.0,0
2052,100000,254465.0,0
2053,100000,254064.0,0
2054,100000,254184.0,0
2055,100000,251719.0,0
2056,100000,251759.0,0
2057,100000,251786.0,0
2058,100000,251764.0,0
2059,100000,251787.0,0
2060,100000,246999.0,0
2061,100000,247038.0,0
2062,100000,247068.0,0
2063,100000,247065.0,0
2064,100000,247069.0,0
2065,100000,246700.0,0
2066,100000,246671.0,0
2067,100000,246701.0,0
2068,100000,246714.0,0
2069,100000,246694.0,0
2070,100000,251166.0,0
2071,100000,251169.0,0
2072,100000,251164.0,0
2073,100000,251175.0,0
2074,100000,251169.0,0
2075,100000,251610.0,0
2076,100000,251660.0,0
2077,100000,251752.0,0
2078,100000,251752.0,0
2079,100000,251614.0,0
2080,100000,253337.0,0
2081,100000,253335.0,0
2082,100000,253170.0,0
2083,100000,253167.0,0
2084,100000,253172.0,0
2085,100000,252992.0,0
2086,100000,253015.0,0
2087,100000,253166.0,0
2088,100000,253045.0,0
2089,100000,253039.0,0
2090,100000,246419.0,0
2091,100000,246441.0,0
2092,100000,246467.0,0
2093,100000,246406.0,0
2094,100000,246460.0,0
2095,100000,252774.0,0
2096,100000,252654.0,0
2097,100000,252678.0,0
2098,100000,252676.0,0
2099,100000,252774.0,0
2100,100000,243141.0,1
2101,100000,243143.0,1
2102,100000,243110.0,1
2103,100000,243091.0,1
2104,100000,243137.0,1
2105,100000,239402.0,1
2106,100000,239463.0,1
2107,100000,239441.0,1
2108,100000,239428.0,1
2109,100000,239409.0,1
2110,100000,245858.0,1
2111,100000,245888.0,1
2112,100000,245815.0,1
2113,100000,245855.0,1
2114,100000,245852.0,1
2115,100000,246184.0,1
2116,100000,246176.0,1
2117,100000,246184.0,1
2118,100000,246182.0,1
2119,100000,246159.0,1
2120,100000,246268.0,1
2121,100000,246276.0,1
2122,100000,246246.0,1
2123,100000,246313.0,1
2124,100000,246281.0,1
2125,100000,239353.0,1
2126,100000,239325.0,1
2127,100000,239349.0,1
2128,100000,239344.0,1
2129,100000,239336.0,1
2130,100000,244792.0,1
2131,100000,244963.0,1
2132,100000,244963.0,1
2133,100000,244828.0,1
2134,100000,244828.0,1
2135,100000,244740.0,1
2136,100000,244881.0,1
2137,100000,244865.0,1
2138,100000,244743.0,1
2139,100000,244865.0,1
2140,100000,245574.0,1
2141,100000,245570.0,1
2142,100000,245594.0,1
2143,100000,245520.0,1
2144,100000,245538.0,1
2145,100000,246987.0,1
2146,100000,246986.0,1
2147,100000,246849.0,1
2148,100000,246884.0,1
2149,100000,246882.0,1
2150,100000,246746.0,1
2151,100000,246749.0,1
2152,100000,246751.0,1
2153,100000,246702.0,1
2154,100000,246738.0,1
2155,100000,244564.0,1
2156,100000,244556.0,1
2157,100000,244562.0,1
2158,100000,244521.0,1
2159,100000,244559.0,1
2160,100000,239718.0,1
2161,100000,239685.0,1
2162,100000,239711.0,1
2163,100000,239697.0,1
2164,100000,239710.0,1
2165,100000,239352.0,1
2166,100000,239318.0,1
2167,100000,239353.0,1
2168,100000,239341.0,1
2169,100000,239343.0,1
2170,100000,243973.0,1
2171,100000,243978.0,1
2172,100000,243968.0,1
2173,100000,243978.0,1
2174,100000,243984.0,1
2175,100000,244365.0,1
2176,100000,244366.0,1
2177,100000,244420.0,1
2178,100000,244368.0,1
2179,100000,244388.0,1
2180,100000,245896.0,1
2181,100000,245919.0,1
2182,100000,245915.0,1
2183,100000,245912.0,1
2184,100000,245917.0,1
2185,100000,245637.0,1
2186,100000,245631.0,1
2187,100000,245641.0,1
2188,100000,245616.0,1
2189,100000,245655.0,1
2190,100000,239081.0,1
2191,100000,239126.0,1
2192,100000,239127.0,1
2193,100000,239120.0,1
2194,100000,239053.0,1
2195,100000,245522.0,1
2196,100000,245524.0,1
2197,100000,245508.0,1
2198,100000,245524.0,1
2199,100000,245484.0,1
2200,100000,243952.0,2
2201,100000,244015.0,2
2202,100000,243987.0,2
2203,100000,243984.0,2
2204,100000,243987.0,2
2205,100000,240021.0,2
2206,100000,240015.0,2
2207,100000,240020.0,2
2208,100000,240009.0,2
2209,100000,240005.0,2
2210,100000,246791.0,2
2211,100000,246791.0,2
2212,100000,246616.0,2
2213,100000,246610.0,2
2214,100000,246580.0,2
2215,100000,247104.0,2
2216,100000,247101.0,2
2217,100000,247099.0,2
2218,100000,247097.0,2
2219,100000,247097.0,2
2220,100000,247086.0,2
2221,100000,247112.0,2
2222,100000,247094.0,2
2223,100000,247104.0,2
2224,100000,247024.0,2
2225,100000,239957.0,2
2226,100000,239928.0,2
2227,100000,239923.0,2
2228,100000,239946.0,2
2229,100000,239950.0,2
2230,100000,245524.0,2
2231,100000,245518.0,2
2232,100000,245549.0,2
2233,100000,245522.0,2
2234,100000,245545.0,2
2235,100000,245617.0,2
2236,100000,245555.0,2
2237,100000,245614.0,2
2238,100000,245621.0,2
2239,100000,245592.0,2
2240,100000,246295.0,2
2241,100000,246293.0,2
2242,100000,246266.0,2
2243,100000,246256.0,2
2244,100000,246256.0,2
2245,100000,247605.0,2
2246,100000,247600.0,2
2247,100000,247599.0,2
2248,100000,247626.0,2
2249,100000,247598.0,2
2250,100000,247425.0,2
2251,100000,247443.0,2
2252,100000,247429.0,2
2253,100000,247387.0,2
2254,100000,247426.0,2
2255,100000,245229.0,2
2256,100000,245224.0,2
2257,100000,245298.0,2
2258,100000,245227.0,2
2259,100000,245255.0,2
2260,100000,240429.0,2
2261,100000,240406.0,2
2262,100000,240438.0,2
2263,100000,240436.0,2
2264,100000,240427.0,2
2265,100000,240140.0,2
2266,100000,240105.0,2
2267,100000,240150.0,2
2268,100000,240145.0,2
2269,100000,240136.0,2
2270,100000,244848.0,2
2271,100000,244823.0,2
2272,100000,244805.0,2
2273,100000,244848.0,2
2274,100000,244826.0,2
2275,100000,245091.0,2
2276,100000,245114.0,2
2277,100000,245099.0,2
2278,100000,245077.0,2
2279,100000,245098.0,2
2280,100000,246654.0,2
2281,100000,246638.0,2
2282,100000,246680.0,2
2283,100000,246652.0,2
2284,100000,246664.0,2
2285,100000,246601.0,2
2286,100000,246553.0,2
2287,100000,246541.0,2
2288,100000,246521.0,2
2289,100000,246570.0,2
2290,100000,239835.0,2
2291,100000,239831.0,2
2292,100000,239843.0,2
2293,100000,239839.0,2
2294,100000,239833.0,2
2295,100000,246438.0,2
2296,100000,246440.0,2
2297,100000,246441.0,2
2298,100000,246582.0,2
2299,100000,246582.0,2
2300,100000,243391.0,3
2301,100000,243413.0,3
2302,100000,243393.0,3
2303,100000,243394.0,3
2304,100000,243364.0,3
2305,100000,239864.0,3
2306,100000,239866.0,3
2307,100000,239855.0,3
2308,100000,239861.0,3
2309,100000,239846.0,3
2310,100000,246196.0,3
2311,100000,246160.0,3
2312,100000,246196.0,3
2313,100000,246189.0,3
2314,100000,246159.0,3
2315,100000,246584.0,3
2316,100000,246574.0,3
2317,100000,246572.0,3
2318,100000,246577.0,3
2319,100000,246575.0,3
2320,100000,246598.0,3
2321,100000,246623.0,3
2322,100000,246591.0,3
2323,100000,246598.0,3
2324,100000,246623.0,3
2325,100000,239551.0,3
2326,100000,239542.0,3
2327,100000,239494.0,3
2328,100000,239531.0,3
2329,100000,239584.0,3
2330,100000,245246.0,3
2331,100000,245252.0,3
2332,100000,245253.0,3
2333,100000,245224.0,3
2334,100000,245257.0,3
2335,100000,245109.0,3
2336,100000,245109.0,3
2337,100000,245108.0,3
2338,100000,245136.0,3
2339,100000,245130.0,3
2340,100000,245864.0,3
2341,100000,246026.0,3
2342,100000,245881.0,3
2343,100000,246026.0,3
2344,100000,245883.0,3
2345,100000,247264.0,3
2346,100000,247198.0,3
2347,100000,247265.0,3
2348,100000,247266.0,3
2349,100000,247229.0,3
2350,100000,247104.0,3
2351,100000,247080.0,3
2352,100000,247102.0,3
2353,100000,247102.0,3
2354,100000,247040.0,3
2355,100000,244988.0,3
2356,100000,244935.0,3
2357,100000,245016.0,3
2358,100000,244986.0,3
2359,100000,244966.0,3
2360,100000,239911.0,3
2361,100000,239889.0,3
2362,100000,239928.0,3
2363,100000,239894.0,3
2364,100000,239899.0,3
2365,100000,239648.0,3
2366,100000,239642.0,3
2367,100000,239653.0,3
2368,100000,239641.0,3
2369,100000,239641.0,3
2370,100000,244583.0,3
2371,100000,244583.0,3
2372,100000,244409.0,3
2373,100000,244417.0,3
2374,100000,244412.0,3
2375,100000,244795.0,3
2376,100000,244791.0,3
2377,100000,244846.0,3
2378,100000,244824.0,3
2379,100000,244785.0,3
2380,100000,246359.0,3
2381,100000,246349.0,3
2382,100000,246348.0,3
2383,100000,246346.0,3
2384,100000,246344.0,3
2385,100000,246250.0,3
2386,100000,246229.0,3
2387,100000,246208.0,3
2388,100000,246240.0,3
2389,100000,246264.0,3
2390,100000,239333.0,3
2391,100000,239337.0,3
2392,100000,239350.0,3
2393,100000,239357.0,3
2394,100000,239345.0,3
2395,100000,246000.0,3
2396,100000,246056.0,3
2397,100000,246029.0,3
2398,100000,246049.0,3
2399,100000,246020.0,3
2400,100000,249089.0,4
2401,100000,249051.0,4
2402,100000,249059.0,4
2403,100000,249081.0,4
2404,100000,249088.0,4
2405,100000,245377.0,4
2406,100000,245358.0,4
2407,100000,245377.0,4
2408,100000,245337.0,4
2409,100000,245340.0,4
2410,100000,251718.0,4
2411,100000,251736.0,4
2412,100000,251716.0,4
2413,100000,251714.0,4
2414,100000,251718.0,4
2415,100000,252022.0,4
2416,100000,252031.0,4
2417,100000,252034.0,4
2418,100000,252041.0,4
2419,100000,252094.0,4
2420,100000,252105.0,4
2421,100000,252138.0,4
2422,100000,252081.0,4
2423,100000,252149.0,4
2424,100000,252166.0,4
2425,100000,245264.0,4
2426,100000,245259.0,4
2427,100000,245276.0,4
2428,100000,245281.0,4
2429,100000,245269.0,4
2430,100000,250798.0,4
2431,100000,250987.0,4
2432,100000,250830.0,4
2433,100000,250987.0,4
2434,100000,250801.0,4
2435,100000,250581.0,4
2436,100000,250680.0,4
2437,100000,250679.0,4
2438,100000,250572.0,4
2439,100000,250557.0,4
2440,100000,251427.0,4
2441,100000,251426.0,4
2442,100000,251393.0,4
2443,100000,251455.0,4
2444,100000,251393.0,4
2445,100000,252773.0,4
2446,100000,252823.0,4
2447,100000,252739.0,4
2448,100000,252821.0,4
2449,100000,252827.0,4
2450,100000,252656.0,4
2451,100000,252772.0,4
2452,100000,252772.0,4
2453,100000,252647.0,4
2454,100000,252654.0,4
2455,100000,250414.0,4
2456,100000,250407.0,4
2457,100000,250432.0,4
2458,100000,250411.0,4
2459,100000,250407.0,4
2460,100000,245640.0,4
2461,100000,245616.0,4
2462,100000,245634.0,4
2463,100000,245629.0,4
2464,100000,245640.0,4
2465,100000,245021.0,4
2466,100000,245007.0,4
2467,100000,245043.0,4
2468,100000,245021.0,4
2469,100000,245019.0,4
2470,100000,249972.0,4
2471,100000,249937.0,4
2472,100000,249908.0,4
2473,100000,249974.0,4
2474,100000,249947.0,4
2475,100000,250207.0,4
2476,100000,250211.0,4
2477,100000,250212.0,4
2478,100000,250184.0,4
2479,100000,250157.0,4
2480,100000,251704.0,4
2481,100000,251804.0,4
2482,100000,251703.0,4
2483,100000,251804.0,4
2484,100000,251699.0,4
2485,100000,251703.0,4
2486,100000,251707.0,4
2487,100000,251706.0,4
2488,100000,251682.0,4
2489,100000,251712.0,4
2490,100000,244986.0,4
2491,100000,245030.0,4
2492,100000,245037.0,4
2493,100000,245025.0,4
2494,100000,245040.0,4
2495,100000,251510.0,4
2496,100000,251518.0,4
2497,100000,251472.0,4
2498,100000,251493.0,4
2499,100000,251487.0,4
2500,100000,244614.0,5
2501,100000,244517.0,5
2502,100000,244500.0,5
2503,100000,244499.0,5
2504,100000,244613.0,5
2505,100000,240715.0,5
2506,100000,240764.0,5
2507,100000,240768.0,5
2508,100000,240758.0,5
2509,100000,240754.0,5
2510,100000,247027.0,5
2511,100000,247082.0,5
2512,100000,247013.0,5
2513,100000,247010.0,5
2514,100000,247027.0,5
2515,100000,247623.0,5
2516,100000,247515.0,5
2517,100000,247507.0,5
2518,100000,247623.0,5
2519,100000,247491.0,5
2520,100000,247419.0,5
2521,100000,247443.0,5
2522,100000,247421.0,5
2523,100000,247457.0,5
2524,100000,247441.0,5
2525,100000,240530.0,5
2526,100000,240503.0,5
2527,100000,240560.0,5
2528,100000,240535.0,5
2529,100000,240560.0,5
2530,100000,246103.0,5
2531,100000,246140.0,5
2532,100000,246135.0,5
2533,100000,246138.0,5
2534,100000,246110.0,5
2535,100000,246176.0,5
2536,100000,246206.0,5
2537,100000,246160.0,5
2538,100000,246185.0,5
2539,100000,246217.0,5
2540,100000,246984.0,5
2541,100000,246980.0,5
2542,100000,246944.0,5
2543,100000,246968.0,5
2544,100000,246901.0,5
2545,100000,248357.0,5
2546,100000,248207.0,5
2547,100000,248357.0,5
2548,100000,248223.0,5
2549,100000,248207.0,5
2550,100000,247947.0,5
2551,100000,247990.0,5
2552,100000,247946.0,5
2553,100000,247910.0,5
2554,100000,247946.0,5
2555,100000,245703.0,5
2556,100000,245669.0,5
2557,100000,245700.0,5
2558,100000,245666.0,5
2559,100000,245704.0,5
2560,100000,241047.0,5
2561,100000,241039.0,5
2562,100000,241057.0,5
2563,100000,241042.0,5
2564,100000,241123.0,5
2565,100000,240671.0,5
2566,100000,240663.0,5
2567,100000,240672.0,5
2568,100000,240672.0,5
2569,100000,240662.0,5
2570,100000,245463.0,5
2571,100000,245464.0,5
2572,100000,245460.0,5
2573,100000,245485.0,5
2574,100000,245464.0,5
2575,100000,245747.0,5
2576,100000,245626.0,5
2577,100000,245633.0,5
2578,100000,245645.0,5
2579,100000,245747.0,5
2580,100000,247221.0,5
2581,100000,247322.0,5
2582,100000,247215.0,5
2583,100000,247322.0,5
2584,100000,247215.0,5
2585,100000,247184.0,5
2586,100000,247177.0,5
2587,100000,247182.0,5
2588,100000,246997.0,5
2589,100000,247167.0,5
2590,100000,240416.0,5
2591,100000,240428.0,5
2592,100000,240431.0,5
2593,100000,240427.0,5
2594,100000,240423.0,5
2595,100000,246954.0,5
2596,100000,247072.0,5
2597,100000,247072.0,5
2598,100000,246917.0,5
2599,100000,246917.0,5
2600,100000,243894.0,6
2601,100000,243894.0,6
2602,100000,243789.0,6
2603,100000,243797.0,6
2604,100000,243763.0,6
2605,100000,240056.0,6
2606,100000,240056.0,6
2607,100000,240066.0,6
2608,100000,240057.0,6
2609,100000,240055.0,6
2610,100000,246391.0,6
2611,100000,246372.0,6
2612,100000,246374.0,6
2613,100000,246401.0,6
2614,100000,246366.0,6
2615,100000,246886.0,6
2616,100000,246849.0,6
2617,100000,246847.0,6
2618,100000,246872.0,6
2619,100000,246849.0,6
2620,100000,246847.0,6
2621,100000,246816.0,6
2622,100000,246849.0,6
2623,100000,247117.0,6
2624,100000,246873.0,6
2625,100000,239822.0,6
2626,100000,239793.0,6
2627,100000,239798.0,6
2628,100000,239798.0,6
2629,100000,239802.0,6
2630,100000,245498.0,6
2631,100000,245498.0,6
2632,100000,245520.0,6
2633,100000,245498.0,6
2634,100000,245534.0,6
2635,100000,245335.0,6
2636,100000,245372.0,6
2637,100000,245324.0,6
2638,100000,245348.0,6
2639,100000,245301.0,6
2640,100000,246062.0,6
2641,100000,246039.0,6
2642,100000,246064.0,6
2643,100000,246065.0,6
2644,100000,246019.0,6
2645,100000,247554.0,6
2646,100000,247421.0,6
2647,100000,247420.0,6
2648,100000,247554.0,6
2649,100000,247419.0,6
2650,100000,247287.0,6
2651,100000,247276.0,6
2652,100000,247294.0,6
2653,100000,247281.0,6
2654,100000,247282.0,6
2655,100000,245031.0,6
2656,100000,245036.0,6
2657,100000,245095.0,6
2658,100000,245044.0,6
2659,100000,245046.0,6
2660,100000,240354.0,6
2661,100000,240349.0,6
2662,100000,240359.0,6
2663,100000,240322.0,6
2664,100000,240369.0,6
2665,100000,239965.0,6
2666,100000,239959.0,6
2667,100000,239920.0,6
2668,100000,239989.0,6
2669,100000,239988.0,6
2670,100000,244631.0,6
2671,100000,244626.0,6
2672,100000,244741.0,6
2673,100000,244627.0,6
2674,100000,244741.0,6
2675,100000,244870.0,6
2676,100000,244877.0,6
2677,100000,244872.0,6
2678,100000,244859.0,6
2679,100000,244850.0,6
2680,100000,246380.0,6
2681,100000,246369.0,6
2682,100000,246374.0,6
2683,100000,246364.0,6
2684,100000,246385.0,6
2685,100000,246421.0,6
2686,100000,246419.0,6
2687,100000,246398.0,6
2688,100000,246425.0,6
2689,100000,246429.0,6
2690,100000,239708.0,6
2691,100000,239727.0,6
2692,100000,239722.0,6
2693,100000,239732.0,6
2694,100000,239732.0,6
2695,100000,246328.0,6
2696,100000,246358.0,6
2697,100000,246285.0,6
2698,100000,246321.0,6
2699,100000,246326.0,6
2700,100000,243726.0,7
2701,100000,243577.0,7
2702,100000,243583.0,7
2703,100000,243726.0,7
2704,100000,243598.0,7
2705,100000,239939.0,7
2706,100000,239943.0,7
2707,100000,239928.0,7
2708,100000,239933.0,7
2709,100000,239901.0,7
2710,100000,246223.0,7
2711,100000,246108.0,7
2712,100000,246223.0,7
2713,100000,246097.0,7
2714,100000,246077.0,7
2715,100000,246608.0,7
2716,100000,246610.0,7
2717,100000,246585.0,7
2718,100000,246611.0,7
2719,100000,246612.0,7
2720,100000,246541.0,7
2721,100000,246569.0,7
2722,100000,246572.0,7
2723,100000,246584.0,7
2724,100000,246573.0,7
2725,100000,239844.0,7
2726,100000,239819.0,7
2727,100000,239851.0,7
2728,100000,239856.0,7
2729,100000,239840.0,7
2730,100000,245262.0,7
2731,100000,245288.0,7
2732,100000,245255.0,7
2733,100000,245268.0,7
2734,100000,245287.0,7
2735,100000,245221.0,7
2736,100000,245249.0,7
2737,100000,245210.0,7
2738,100000,245190.0,7
2739,100000,245212.0,7
2740,100000,246013.0,7
2741,100000,246013.0,7
2742,100000,246141.0,7
2743,100000,246035.0,7
2744,100000,246142.0,7
2745,100000,247296.0,7
2746,100000,247308.0,7
2747,100000,247298.0,7
2748,100000,247272.0,7
2749,100000,247306.0,7
2750,100000,247135.0,7
2751,100000,247148.0,7
2752,100000,247173.0,7
2753,100000,247130.0,7
2754,100000,247133.0,7
2755,100000,245058.0,7
2756,100000,245055.0,7
2757,100000,245071.0,7
2758,100000,245189.0,7
2759,100000,245189.0,7
2760,100000,240206.0,7
2761,100000,240127.0,7
2762,100000,240171.0,7
2763,100000,240205.0,7
2764,100000,240201.0,7
2765,100000,239591.0,7
2766,100000,239547.0,7
2767,100000,239587.0,7
2768,100000,239531.0,7
2769,100000,239592.0,7
2770,100000,244588.0,7
2771,100000,244590.0,7
2772,100000,244523.0,7
2773,100000,244585.0,7
2774,100000,244558.0,7
2775,100000,244834.0,7
2776,100000,244896.0,7
2777,100000,244926.0,7
2778,100000,244891.0,7
2779,100000,244898.0,7
2780,100000,246271.0,7
2781,100000,246333.0,7
2782,100000,246276.0,7
2783,100000,246269.0,7
2784,100000,246273.0,7
2785,100000,246124.0,7
2786,100000,246146.0,7
2787,100000,246147.0,7
2788,100000,246150.0,7
2789,100000,246143.0,7
2790,100000,239360.0,7
2791,100000,239346.0,7
2792,100000,239337.0,7
2793,100000,239341.0,7
2794,100000,239348.0,7
2795,100000,246289.0,7
2796,100000,246287.0,7
2797,100000,246136.0,7
2798,100000,246171.0,7
2799,100000,246161.0,7
2800,100000,243624.0,8
2801,100000,243488.0,8
2802,100000,243447.0,8
2803,100000,243623.0,8
2804,100000,243516.0,8
2805,100000,239599.0,8
2806,100000,239619.0,8
2807,100000,239622.0,8
2808,100000,239613.0,8
2809,100000,239603.0,8
2810,100000,245959.0,8
2811,100000,245962.0,8
2812,100000,245985.0,8
2813,100000,245965.0,8
2814,100000,245948.0,8
2815,100000,246503.0,8
2816,100000,246445.0,8
2817,100000,246444.0,8
2818,100000,246472.0,8
2819,100000,246502.0,8
2820,100000,246380.0,8
2821,100000,246421.0,8
2822,100000,246424.0,8
2823,100000,246418.0,8
2824,100000,246396.0,8
2825,100000,239541.0,8
2826,100000,239525.0,8
2827,100000,239540.0,8
2828,100000,239552.0,8
2829,100000,239536.0,8
2830,100000,245132.0,8
2831,100000,245175.0,8
2832,100000,245203.0,8
2833,100000,245343.0,8
2834,100000,245343.0,8
2835,100000,245247.0,8
2836,100000,245087.0,8
2837,100000,245246.0,8
2838,100000,245221.0,8
2839,100000,245246.0,8
2840,100000,245975.0,8
2841,100000,245967.0,8
2842,100000,245950.0,8
2843,100000,246026.0,8
2844,100000,245948.0,8
2845,100000,247175.0,8
2846,100000,247183.0,8
2847,100000,247297.0,8
2848,100000,247191.0,8
2849,100000,247295.0,8
2850,100000,247036.0,8
2851,100000,247046.0,8
2852,100000,247039.0,8
2853,100000,247033.0,8
2854,100000,247000.0,8
2855,100000,244864.0,8
2856,100000,244839.0,8
2857,100000,244996.0,8
2858,100000,244873.0,8
2859,100000,244995.0,8
2860,100000,239973.0,8
2861,100000,239947.0,8
2862,100000,239982.0,8
2863,100000,239959.0,8
2864,100000,239959.0,8
2865,100000,239661.0,8
2866,100000,239630.0,8
2867,100000,239659.0,8
2868,100000,239665.0,8
2869,100000,239648.0,8
2870,100000,244373.0,8
2871,100000,244393.0,8
2872,100000,244373.0,8
2873,100000,244406.0,8
2874,100000,244398.0,8
2875,100000,244725.0,8
2876,100000,244725.0,8
2877,100000,244607.0,8
2878,100000,244583.0,8
2879,100000,244582.0,8
2880,100000,246181.0,8
2881,100000,246309.0,8
2882,100000,246310.0,8
2883,100000,246157.0,8
2884,100000,246157.0,8
2885,100000,245992.0,8
2886,100000,246040.0,8
2887,100000,246044.0,8
2888,100000,246063.0,8
2889,100000,246013.0,8
2890,100000,239345.0,8
2891,100000,239341.0,8
2892,100000,239343.0,8
2893,100000,239351.0,8
2894,100000,239326.0,8
2895,100000,246049.0,8
2896,100000,246055.0,8
2897,100000,246058.0,8
2898,100000,246046.0,8
2899,100000,246023.0,8
2900,100000,243988.0,9
2901,100000,243990.0,9
2902,100000,243904.0,9
2903,100000,243872.0,9
2904,100000,243961.0,9
2905,100000,240192.0,9
2906,100000,240191.0,9
2907,100000,240202.0,9
2908,100000,240191.0,9
2909,100000,240180.0,9
2910,100000,246385.0,9
2911,100000,246385.0,9
2912,100000,246369.0,9
2913,100000,246369.0,9
2914,100000,246381.0,9
2915,100000,246879.0,9
2916,100000,246893.0,9
2917,100000,246858.0,9
2918,100000,246894.0,9
2919,100000,246858.0,9
2920,100000,246812.0,9
2921,100000,246844.0,9
2922,100000,246963.0,9
2923,100000,246788.0,9
2924,100000,246963.0,9
2925,100000,240124.0,9
2926,100000,240061.0,9
2927,100000,240122.0,9
2928,100000,240134.0,9
2929,100000,240081.0,9
2930,100000,245698.0,9
2931,100000,245696.0,9
2932,100000,245575.0,9
2933,100000,245562.0,9
2934,100000,245568.0,9
2935,100000,245593.0,9
2936,100000,245627.0,9
2937,100000,245618.0,9
2938,100000,245624.0,9
2939,100000,245623.0,9
2940,100000,246334.0,9
2941,100000,246339.0,9
2942,100000,246437.0,9
2943,100000,246436.0,9
2944,100000,246333.0,9
2945,100000,247663.0,9
2946,100000,247658.0,9
2947,100000,247601.0,9
2948,100000,247656.0,9
2949,100000,247588.0,9
2950,100000,247338.0,9
2951,100000,247342.0,9
2952,100000,247329.0,9
2953,100000,247333.0,9
2954,100000,247341.0,9
2955,100000,245194.0,9
2956,100000,245158.0,9
2957,100000,245197.0,9
2958,100000,245191.0,9
2959,100000,245190.0,9
2960,100000,240335.0,9
2961,100000,240314.0,9
2962,100000,240314.0,9
2963,100000,240354.0,9
2964,100000,240342.0,9
2965,100000,239849.0,9
2966,100000,239829.0,9
2967,100000,239827.0,9
2968,100000,239846.0,9
2969,100000,239826.0,9
2970,100000,244703.0,9
2971,100000,244870.0,9
2972,100000,244696.0,9
2973,100000,244710.0,9
2974,100000,244870.0,9
2975,100000,245049.0,9
2976,100000,245233.0,9
2977,100000,245232.0,9
2978,100000,245011.0,9
2979,100000,245050.0,9
2980,100000,246556.0,9
2981,100000,246667.0,9
2982,100000,246667.0,9
2983,100000,246554.0,9
2984,100000,246554.0,9
2985,100000,246487.0,9
2986,100000,246466.0,9
2987,100000,246501.0,9
2988,100000,246487.0,9
2989,100000,246467.0,9
2990,100000,239793.0,9
2991,100000,239814.0,9
2992,100000,239814.0,9
2993,100000,239818.0,9
2994,100000,239821.0,9
2995,100000,246225.0,9
2996,100000,246222.0,9
2997,100000,246219.0,9
2998,100000,246256.0,9
2999,100000,246205.0,9
3000,1000000,2349980.0,0
3001,1000000,2350042.0,0
3002,1000000,2350001.0,0
3003,1000000,2350025.0,0
3004,1000000,2350033.0,0
3005,1000000,2345362.0,0
3006,1000000,2345383.0,0
3007,1000000,2345419.0,0
3008,1000000,2345330.0,0
3009,1000000,2345397.0,0
3010,1000000,2352278.0,0
3011,1000000,2352264.0,0
3012,1000000,2352270.0,0
3013,1000000,2352200.0,0
3014,1000000,2352239.0,0
3015,1000000,2353055.0,0
3016,1000000,2353082.0,0
3017,1000000,2353076.0,0
3018,1000000,2353079.0,0
3019,1000000,2352995.0,0
3020,1000000,2352913.0,0
3021,1000000,2352898.0,0
3022,1000000,2352910.0,0
3023,1000000,2352904.0,0
3024,1000000,2352876.0,0
3025,1000000,2345756.0,0
3026,1000000,2345712.0,0
3027,1000000,2345820.0,0
3028,1000000,2345815.0,0
3029,1000000,2345770.0,0
3030,1000000,2351596.0,0
3031,1000000,2351601.0,0
3032,1000000,2351529.0,0
3033,1000000,2351482.0,0
3034,1000000,2351547.0,0
3035,1000000,2351466.0,0
3036,1000000,2351444.0,0
3037,1000000,2351469.0,0
3038,1000000,2351445.0,0
3039,1000000,2351466.0,0
3040,1000000,2352181.0,0
3041,1000000,2352201.0,0
3042,1000000,2352180.0,0
3043,1000000,2352105.0,0
3044,1000000,2352166.0,0
3045,1000000,2353613.0,0
3046,1000000,2353653.0,0
3047,1000000,2353660.0,0
3048,1000000,2353644.0,0
3049,1000000,2353598.0,0
3050,1000000,2353297.0,0
3051,1000000,2353320.0,0
3052,1000000,2353971.0,0
3053,1000000,2353327.0,0
3054,1000000,2354224.0,0
3055,1000000,2351284.0,0
3056,1000000,2351198.0,0
3057,1000000,2351287.0,0
3058,1000000,2351293.0,0
3059,1000000,2351304.0,0
3060,1000000,2346034.0,0
3061,1000000,2346035.0,0
3062,1000000,2346044.0,0
3063,1000000,2346073.0,0
3064,1000000,2346069.0,0
3065,1000000,2345354.0,0
3066,1000000,2345332.0,0
3067,1000000,2345367.0,0
3068,1000000,2345296.0,0
3069,1000000,2345309.0,0
3070,1000000,2350685.0,0
3071,1000000,2350668.0,0
3072,1000000,2350683.0,0
3073,1000000,2350644.0,0
3074,1000000,2350660.0,0
3075,1000000,2350939.0,0
3076,1000000,2350974.0,0
3077,1000000,2350905.0,0
3078,1000000,2350986.0,0
3079,1000000,2350963.0,0
3080,1000000,2352500.0,0
3081,1000000,2352507.0,0
3082,1000000,2352483.0,0
3083,1000000,2352477.0,0
3084,1000000,2352435.0,0
3085,1000000,2352389.0,0
3086,1000000,2352409.0,0
3087,1000000,2352399.0,0
3088,1000000,2352410.0,0
3089,1000000,2352326.0,0
3090,1000000,2345172.0,0
3091,1000000,2345107.0,0
3092,1000000,2345143.0,0
3093,1000000,2345186.0,0
3094,1000000,2345152.0,0
3095,1000000,2352921.0,0
3096,1000000,2352202.0,0
3097,1000000,2352195.0,0
3098,1000000,2352921.0,0
3099,1000000,2352189.0,0
3100,1000000,2349124.0,1
3101,1000000,2349147.0,1
3102,1000000,2349173.0,1
3103,1000000,2349169.0,1
3104,1000000,2349153.0,1
3105,1000000,2344723.0,1
3106,1000000,2344751.0,1
3107,1000000,2344734.0,1
3108,1000000,2344764.0,1
3109,1000000,2344707.0,1
3110,1000000,2351560.0,1
3111,1000000,2351557.0,1
3112,1000000,2351559.0,1
3113,1000000,2351544.0,1
3114,1000000,2351529.0,1
3115,1000000,2352186.0,1
3116,1000000,2352225.0,1
3117,1000000,2352200.0,1
3118,1000000,2352176.0,1
3119,1000000,2352112.0,1
3120,1000000,2351834.0,1
3121,1000000,2351873.0,1
3122,1000000,2351861.0,1
3123,1000000,2351867.0,1
3124,1000000,2351811.0,1
3125,1000000,2344569.0,1
3126,1000000,2344455.0,1
3127,1000000,2344508.0,1
3128,1000000,2344511.0,1
3129,1000000,2344527.0,1
3130,1000000,2350799.0,1
3131,1000000,2350752.0,1
3132,1000000,2350777.0,1
3133,1000000,2350800.0,1
3134,1000000,2350682.0,1
3135,1000000,2350749.0,1
3136,1000000,2350761.0,1
3137,1000000,2350756.0,1
3138,1000000,2350783.0,1
3139,1000000,2350786.0,1
3140,1000000,2351523.0,1
3141,1000000,2351519.0,1
3142,1000000,2351518.0,1
3143,1000000,2351459.0,1
3144,1000000,2351474.0,1
3145,1000000,2352733.0,1
3146,1000000,2352729.0,1
3147,1000000,2352726.0,1
3148,1000000,2352719.0,1
3149,1000000,2352651.0,1
3150,1000000,2352595.0,1
3151,1000000,2352621.0,1
3152,1000000,2352622.0,1
3153,1000000,2352630.0,1
3154,1000000,2352570.0,1
3155,1000000,2350545.0,1
3156,1000000,2350514.0,1
3157,1000000,2350573.0,1
3158,1000000,2350531.0,1
3159,1000000,2350541.0,1
3160,1000000,2345613.0,1
3161,1000000,2345588.0,1
3162,1000000,2345616.0,1
3163,1000000,2345614.0,1
3164,1000000,2345603.0,1
3165,1000000,2344429.0,1
3166,1000000,2344332.0,1
3167,1000000,2344364.0,1
3168,1000000,2344387.0,1
3169,1000000,2344433.0,1
3170,1000000,2349985.0,1
3171,1000000,2350029.0,1
3172,1000000,2349983.0,1
3173,1000000,2350000.0,1
3174,1000000,2349898.0,1
3175,1000000,2350879.0,1
3176,1000000,2350031.0,1
3177,1000000,2350090.0,1
3178,1000000,2350879.0,1
3179,1000000,2350070.0,1
3180,1000000,2351605.0,1
3181,1000000,2351621.0,1
3182,1000000,2351662.0,1
3183,1000000,2352159.0,1
3184,1000000,2352053.0,1
3185,1000000,2351668.0,1
3186,1000000,2351619.0,1
3187,1000000,2351699.0,1
3188,1000000,2351594.0,1
3189,1000000,2351659.0,1
3190,1000000,2344352.0,1
3191,1000000,2344349.0,1
3192,1000000,2344291.0,1
3193,1000000,2344284.0,1
3194,1000000,2344295.0,1
3195,1000000,2351430.0,1
3196,1000000,2351432.0,1
3197,1000000,2351342.0,1
3198,1000000,2351357.0,1
3199,1000000,2351311.0,1
3200,1000000,2349811.0,2
3201,1000000,2349825.0,2
3202,1000000,2349833.0,2
3203,1000000,2349834.0,2
3204,1000000,2349804.0,2
3205,1000000,2345155.0,2
3206,1000000,2345216.0,2
3207,1000000,2345192.0,2
3208,1000000,2345211.0,2
3209,1000000,2345212.0,2
3210,1000000,2352645.0,2
3211,1000000,2352236.0,2
3212,1000000,2352221.0,2
3213,1000000,2352243.0,2
3214,1000000,2352208.0,2
3215,1000000,2352773.0,2
3216,1000000,2352781.0,2
3217,1000000,2352791.0,2
3218,1000000,2352771.0,2
3219,1000000,2352763.0,2
3220,1000000,2352691.0,2
3221,1000000,2352687.0,2
3222,1000000,2352642.0,2
3223,1000000,2352663.0,2
3224,1000000,2352681.0,2
3225,1000000,2345504.0,2
3226,1000000,2345465.0,2
3227,1000000,2345555.0,2
3228,1000000,2345552.0,2
3229,1000000,2345478.0,2
3230,1000000,2351397.0,2
3231,1000000,2351487.0,2
3232,1000000,2351465.0,2
3233,1000000,2351480.0,2
3234,1000000,2351471.0,2
3235,1000000,2351408.0,2
3236,1000000,2351413.0,2
3237,1000000,2351394.0,2
3238,1000000,2351406.0,2
3239,1000000,2351317.0,2
3240,1000000,2352126.0,2
3241,1000000,2352109.0,2
3242,1000000,2352125.0,2
3243,1000000,2352093.0,2
3244,1000000,2352041.0,2
3245,1000000,2353384.0,2
3246,1000000,2353424.0,2
3247,1000000,2353329.0,2
3248,1000000,2353435.0,2
3249,1000000,2353376.0,2
3250,1000000,2353254.0,2
3251,1000000,2353320.0,2
3252,1000000,2353303.0,2
3253,1000000,2353327.0,2
3254,1000000,2353201.0,2
3255,1000000,2351096.0,2
3256,1000000,2351061.0,2
3257,1000000,2351067.0,2
3258,1000000,2351091.0,2
3259,1000000,2351095.0,2
3260,1000000,2345969.0,2
3261,1000000,2345988.0,2
3262,1000000,2345951.0,2
3263,1000000,2345946.0,2
3264,1000000,2345989.0,2
3265,1000000,2345249.0,2
3266,1000000,2345219.0,2
3267,1000000,2345250.0,2
3268,1000000,2345222.0,2
3269,1000000,2345244.0,2
3270,1000000,2350446.0,2
3271,1000000,2351173.0,2
3272,1000000,2350442.0,2
3273,1000000,2350467.0,2
3274,1000000,2351172.0,2
3275,1000000,2350773.0,2
3276,1000000,2350837.0,2
3277,1000000,2350851.0,2
3278,1000000,2350851.0,2
3279,1000000,2350849.0,2
3280,1000000,2352521.0,2
3281,1000000,2352523.0,2
3282,1000000,2352500.0,2
3283,1000000,2352495.0,2
3284,1000000,2352520.0,2
3285,1000000,2352372.0,2
3286,1000000,2352330.0,2
3287,1000000,2352354.0,2
3288,1000000,2352353.0,2
3289,1000000,2352359.0,2
3290,1000000,2345146.0,2
3291,1000000,2345246.0,2
3292,1000000,2345174.0,2
3293,1000000,2345224.0,2
3294,1000000,2345210.0,2
3295,1000000,2352126.0,2
3296,1000000,2352015.0,2
3297,1000000,2352101.0,2
3298,1000000,2352106.0,2
3299,1000000,2352082.0,2
3300,1000000,2349468.0,3
3301,1000000,2349472.0,3
3302,1000000,2349431.0,3
3303,1000000,2349488.0,3
3304,1000000,2349421.0,3
3305,1000000,2344874.0,3
3306,1000000,2344867.0,3
3307,1000000,2344920.0,3
3308,1000000,2344915.0,3
3309,1000000,2344963.0,3
3310,1000000,2351760.0,3
3311,1000000,2351776.0,3
3312,1000000,2351751.0,3
3313,1000000,2351716.0,3
3314,1000000,2351758.0,3
3315,1000000,2352893.0,3
3316,1000000,2352562.0,3
3317,1000000,2352556.0,3
3318,1000000,2352596.0,3
3319,1000000,2352483.0,3
3320,1000000,2352262.0,3
3321,1000000,2353165.0,3
3322,1000000,2353156.0,3
3323,1000000,2352319.0,3
3324,1000000,2352359.0,3
3325,1000000,2344860.0,3
3326,1000000,2344769.0,3
3327,1000000,2344835.0,3
3328,1000000,2344875.0,3
3329,1000000,2344884.0,3
3330,1000000,2351019.0,3
3331,1000000,2350989.0,3
3332,1000000,2351017.0,3
3333,1000000,2350940.0,3
3334,1000000,2351008.0,3
3335,1000000,2351077.0,3
3336,1000000,2351101.0,3
3337,1000000,2351032.0,3
3338,1000000,2351061.0,3
3339,1000000,2351035.0,3
3340,1000000,2351766.0,3
3341,1000000,2351753.0,3
3342,1000000,2351735.0,3
3343,1000000,2351685.0,3
3344,1000000,2351741.0,3
3345,1000000,2353102.0,3
3346,1000000,2353135.0,3
3347,1000000,2353051.0,3
3348,1000000,2353145.0,3
3349,1000000,2353154.0,3
3350,1000000,2353131.0,3
3351,1000000,2353197.0,3
3352,1000000,2353152.0,3
3353,1000000,2353166.0,3
3354,1000000,2353154.0,3
3355,1000000,2350895.0,3
3356,1000000,2350858.0,3
3357,1000000,2350920.0,3
3358,1000000,2350908.0,3
3359,1000000,2350917.0,3
3360,1000000,2345406.0,3
3361,1000000,2345303.0,3
3362,1000000,2345360.0,3
3363,1000000,2345348.0,3
3364,1000000,2345411.0,3
3365,1000000,2345038.0,3
3366,1000000,2345050.0,3
3367,1000000,2345035.0,3
3368,1000000,2345051.0,3
3369,1000000,2345027.0,3
3370,1000000,2351018.0,3
3371,1000000,2351000.0,3
3372,1000000,2350216.0,3
3373,1000000,2350211.0,3
3374,1000000,2350151.0,3
3375,1000000,2350530.0,3
3376,1000000,2350567.0,3
3377,1000000,2350529.0,3
3378,1000000,2350456.0,3
3379,1000000,2350547.0,3
3380,1000000,2352008.0,3
3381,1000000,2351997.0,3
3382,1000000,2352022.0,3
3383,1000000,2352034.0,3
3384,1000000,2352437.0,3
3385,1000000,2352041.0,3
3386,1000000,2352016.0,3
3387,1000000,2352023.0,3
3388,1000000,2351974.0,3
3389,1000000,2352036.0,3
3390,1000000,2344878.0,3
3391,1000000,2344930.0,3
3392,1000000,2344891.0,3
3393,1000000,2344923.0,3
3394,1000000,2344840.0,3
3395,1000000,2352482.0,3
3396,1000000,2352481.0,3
3397,1000000,2351737.0,3
3398,1000000,2351713.0,3
3399,1000000,2351707.0,3
3400,1000000,2347811.0,4
3401,1000000,2347807.0,4
3402,1000000,2347775.0,4
3403,1000000,2347724.0,4
3404,1000000,2347791.0,4
3405,1000000,2343584.0,4
3406,1000000,2343561.0,4
3407,1000000,2343575.0,4
3408,1000000,2343530.0,4
3409,1000000,2343494.0,4
3410,1000000,2350134.0,4
3411,1000000,2350111.0,4
3412,1000000,2350073.0,4
3413,1000000,2350103.0,4
3414,1000000,2350089.0,4
3415,1000000,2350705.0,4
3416,1000000,2350714.0,4
3417,1000000,2350638.0,4
3418,1000000,2350714.0,4
3419,1000000,2350680.0,4
3420,1000000,2350390.0,4
3421,1000000,2350457.0,4
3422,1000000,2350482.0,4
3423,1000000,2350486.0,4
3424,1000000,2350439.0,4
3425,1000000,2343185.0,4
3426,1000000,2343246.0,4
3427,1000000,2343266.0,4
3428,1000000,2343147.0,4
3429,1000000,2343265.0,4
3430,1000000,2349378.0,4
3431,1000000,2349406.0,4
3432,1000000,2349398.0,4
3433,1000000,2349416.0,4
3434,1000000,2349412.0,4
3435,1000000,2349410.0,4
3436,1000000,2349427.0,4
3437,1000000,2349412.0,4
3438,1000000,2349434.0,4
3439,1000000,2349442.0,4
3440,1000000,2350127.0,4
3441,1000000,2350152.0,4
3442,1000000,2350108.0,4
3443,1000000,2350125.0,4
3444,1000000,2350096.0,4
3445,1000000,2351265.0,4
3446,1000000,2352037.0,4
3447,1000000,2351299.0,4
3448,1000000,2351242.0,4
3449,1000000,2352038.0,4
3450,1000000,2351347.0,4
3451,1000000,2351341.0,4
3452,1000000,2351280.0,4
3453,1000000,2351333.0,4
3454,1000000,2351248.0,4
3455,1000000,2349042.0,4
3456,1000000,2349047.0,4
3457,1000000,2349040.0,4
3458,1000000,2349079.0,4
3459,1000000,2349061.0,4
3460,1000000,2343620.0,4
3461,1000000,2343592.0,4
3462,1000000,2343677.0,4
3463,1000000,2343622.0,4
3464,1000000,2343662.0,4
3465,1000000,2343066.0,4
3466,1000000,2342986.0,4
3467,1000000,2343056.0,4
3468,1000000,2343060.0,4
3469,1000000,2342982.0,4
3470,1000000,2348507.0,4
3471,1000000,2348529.0,4
3472,1000000,2348488.0,4
3473,1000000,2348522.0,4
3474,1000000,2348552.0,4
3475,1000000,2348796.0,4
3476,1000000,2348837.0,4
3477,1000000,2348827.0,4
3478,1000000,2348846.0,4
3479,1000000,2348743.0,4
3480,1000000,2350332.0,4
3481,1000000,2350444.0,4
3482,1000000,2350412.0,4
3483,1000000,2350405.0,4
3484,1000000,2350449.0,4
3485,1000000,2350272.0,4
3486,1000000,2350283.0,4
3487,1000000,2350254.0,4
3488,1000000,2350253.0,4
3489,1000000,2350294.0,4
3490,1000000,2343049.0,4
3491,1000000,2343169.0,4
3492,1000000,2343157.0,4
3493,1000000,2343143.0,4
3494,1000000,2343177.0,4
3495,1000000,2350089.0,4
3496,1000000,2350100.0,4
3497,1000000,2350087.0,4
3498,1000000,2350061.0,4
3499,1000000,2350071.0,4
3500,1000000,2352835.0,5
3501,1000000,2352079.0,5
3502,1000000,2352834.0,5
3503,1000000,2352057.0,5
3504,1000000,2352069.0,5
3505,1000000,2348029.0,5
3506,1000000,2348031.0,5
3507,1000000,2348010.0,5
3508,1000000,2347995.0,5
3509,1000000,2347930.0,5
3510,1000000,2354451.0,5
3511,1000000,2354467.0,5
3512,1000000,2355213.0,5
3513,1000000,2355208.0,5
3514,1000000,2354440.0,5
3515,1000000,2355169.0,5
3516,1000000,2355177.0,5
3517,1000000,2355170.0,5
3518,1000000,2355150.0,5
3519,1000000,2355085.0,5
3520,1000000,2354921.0,5
3521,1000000,2354974.0,5
3522,1000000,2354978.0,5
3523,1000000,2354977.0,5
3524,1000000,2354947.0,5
3525,1000000,2347773.0,5
3526,1000000,2347664.0,5
3527,1000000,2347770.0,5
3528,1000000,2347760.0,5
3529,1000000,2347741.0,5
3530,1000000,2353876.0,5
3531,1000000,2354007.0,5
3532,1000000,2353896.0,5
3533,1000000,2353874.0,5
3534,1000000,2353894.0,5
3535,1000000,2353972.0,5
3536,1000000,2353945.0,5
3537,1000000,2353926.0,5
3538,1000000,2353884.0,5
3539,1000000,2353940.0,5
3540,1000000,2354516.0,5
3541,1000000,2354478.0,5
3542,1000000,2354538.0,5
3543,1000000,2354521.0,5
3544,1000000,2354508.0,5
3545,1000000,2355676.0,5
3546,1000000,2355683.0,5
3547,1000000,2355661.0,5
3548,1000000,2355669.0,5
3549,1000000,2355596.0,5
3550,1000000,2355744.0,5
3551,1000000,2355712.0,5
3552,1000000,2355738.0,5
3553,1000000,2355737.0,5
3554,1000000,2355733.0,5
3555,1000000,2353570.0,5
3556,1000000,2353480.0,5
3557,1000000,2353551.0,5
3558,1000000,2353576.0,5
3559,1000000,2353554.0,5
3560,1000000,2347991.0,5
3561,1000000,2347882.0,5
3562,1000000,2347916.0,5
3563,1000000,2347995.0,5
3564,1000000,2347938.0,5
3565,1000000,2348016.0,5
3566,1000000,2347963.0,5
3567,1000000,2348052.0,5
3568,1000000,2348029.0,5
3569,1000000,2347994.0,5
3570,1000000,2353050.0,5
3571,1000000,2353009.0,5
3572,1000000,2353033.0,5
3573,1000000,2353012.0,5
3574,1000000,2353014.0,5
3575,1000000,2353262.0,5
3576,1000000,2353280.0,5
3577,1000000,2353254.0,5
3578,1000000,2353258.0,5
3579,1000000,2353280.0,5
3580,1000000,2355172.0,5
3581,1000000,2354808.0,5
3582,1000000,2354846.0,5
3583,1000000,2354833.0,5
3584,1000000,2354856.0,5
3585,1000000,2354573.0,5
3586,1000000,2355317.0,5
3587,1000000,2355316.0,5
3588,1000000,2354481.0,5
3589,1000000,2354559.0,5
3590,1000000,2347263.0,5
3591,1000000,2347245.0,5
3592,1000000,2347261.0,5
3593,1000000,2347314.0,5
3594,1000000,2347309.0,5
3595,1000000,2354425.0,5
3596,1000000,2354419.0,5
3597,1000000,2354433.0,5
3598,1000000,2354437.0,5
3599,1000000,2354811.0,5
3600,1000000,2348008.0,6
3601,1000000,2347246.0,6
3602,1000000,2348005.0,6
3603,1000000,2347214.0,6
3604,1000000,2347265.0,6
3605,1000000,2342904.0,6
3606,1000000,2342960.0,6
3607,1000000,2342953.0,6
3608,1000000,2342909.0,6
3609,1000000,2342907.0,6
3610,1000000,2349779.0,6
3611,1000000,2349743.0,6
3612,1000000,2349778.0,6
3613,1000000,2349767.0,6
3614,1000000,2349750.0,6
3615,1000000,2350417.0,6
3616,1000000,2350422.0,6
3617,1000000,2350388.0,6
3618,1000000,2350414.0,6
3619,1000000,2350319.0,6
3620,1000000,2350168.0,6
3621,1000000,2350271.0,6
3622,1000000,2350267.0,6
3623,1000000,2350257.0,6
3624,1000000,2350264.0,6
3625,1000000,2343201.0,6
3626,1000000,2343163.0,6
3627,1000000,2343266.0,6
3628,1000000,2343253.0,6
3629,1000000,2343231.0,6
3630,1000000,2349025.0,6
3631,1000000,2349038.0,6
3632,1000000,2349004.0,6
3633,1000000,2348971.0,6
3634,1000000,2348986.0,6
3635,1000000,2349213.0,6
3636,1000000,2349220.0,6
3637,1000000,2349277.0,6
3638,1000000,2349160.0,6
3639,1000000,2349216.0,6
3640,1000000,2349705.0,6
3641,1000000,2349798.0,6
3642,1000000,2349801.0,6
3643,1000000,2349773.0,6
3644,1000000,2349814.0,6
3645,1000000,2351006.0,6
3646,1000000,2350950.0,6
3647,1000000,2350920.0,6
3648,1000000,2350966.0,6
3649,1000000,2350951.0,6
3650,1000000,2350955.0,6
3651,1000000,2350944.0,6
3652,1000000,2350941.0,6
3653,1000000,2350945.0,6
3654,1000000,2350893.0,6
3655,1000000,2348711.0,6
3656,1000000,2348692.0,6
3657,1000000,2348722.0,6
3658,1000000,2348703.0,6
3659,1000000,2348619.0,6
3660,1000000,2343240.0,6
3661,1000000,2343214.0,6
3662,1000000,2343253.0,6
3663,1000000,2343243.0,6
3664,1000000,2343241.0,6
3665,1000000,2342698.0,6
3666,1000000,2342717.0,6
3667,1000000,2342720.0,6
3668,1000000,2342772.0,6
3669,1000000,2342763.0,6
3670,1000000,2348315.0,6
3671,1000000,2348318.0,6
3672,1000000,2348268.0,6
3673,1000000,2348320.0,6
3674,1000000,2348295.0,6
3675,1000000,2348413.0,6
3676,1000000,2348327.0,6
3677,1000000,2348377.0,6
3678,1000000,2348412.0,6
3679,1000000,2348407.0,6
3680,1000000,2350025.0,6
3681,1000000,2349974.0,6
3682,1000000,2350017.0,6
3683,1000000,2349935.0,6
3684,1000000,2350023.0,6
3685,1000000,2349810.0,6
3686,1000000,2349774.0,6
3687,1000000,2349785.0,6
3688,1000000,2349825.0,6
3689,1000000,2349743.0,6
3690,1000000,2342840.0,6
3691,1000000,2342933.0,6
3692,1000000,2342888.0,6
3693,1000000,2342936.0,6
3694,1000000,2342877.0,6
3695,1000000,2349720.0,6
3696,1000000,2349726.0,6
3697,1000000,2349694.0,6
3698,1000000,2349718.0,6
3699,1000000,2349653.0,6
3700,1000000,2349668.0,7
3701,1000000,2349702.0,7
3702,1000000,2349742.0,7
3703,1000000,2349761.0,7
3704,1000000,2349773.0,7
3705,1000000,2345832.0,7
3706,1000000,2345760.0,7
3707,1000000,2345827.0,7
3708,1000000,2345854.0,7
3709,1000000,2345789.0,7
3710,1000000,2352350.0,7
3711,1000000,2352330.0,7
3712,1000000,2352352.0,7
3713,1000000,2352332.0,7
3714,1000000,2352258.0,7
3715,1000000,2352736.0,7
3716,1000000,2352793.0,7
3717,1000000,2352785.0,7
3718,1000000,2352790.0,7
3719,1000000,2352734.0,7
3720,1000000,2352537.0,7
3721,1000000,2352518.0,7
3722,1000000,2352542.0,7
3723,1000000,2352544.0,7
3724,1000000,2352513.0,7
3725,1000000,2345634.0,7
3726,1000000,2345543.0,7
3727,1000000,2345638.0,7
3728,1000000,2345651.0,7
3729,1000000,2345595.0,7
3730,1000000,2351358.0,7
3731,1000000,2351409.0,7
3732,1000000,2351399.0,7
3733,1000000,2351393.0,7
3734,1000000,2351393.0,7
3735,1000000,2351466.0,7
3736,1000000,2351384.0,7
3737,1000000,2351429.0,7
3738,1000000,2352179.0,7
3739,1000000,2352185.0,7
3740,1000000,2352332.0,7
3741,1000000,2352289.0,7
3742,1000000,2352303.0,7
3743,1000000,2352288.0,7
3744,1000000,2352269.0,7
3745,1000000,2353387.0,7
3746,1000000,2353396.0,7
3747,1000000,2353373.0,7
3748,1000000,2353397.0,7
3749,1000000,2353360.0,7
3750,1000000,2353217.0,7
3751,1000000,2353229.0,7
3752,1000000,2353218.0,7
3753,1000000,2353257.0,7
3754,1000000,2353140.0,7
3755,1000000,2351090.0,7
3756,1000000,2351070.0,7
3757,1000000,2351784.0,7
3758,1000000,2351085.0,7
3759,1000000,2352005.0,7
3760,1000000,2345689.0,7
3761,1000000,2345617.0,7
3762,1000000,2345646.0,7
3763,1000000,2345665.0,7
3764,1000000,2345657.0,7
3765,1000000,2345069.0,7
3766,1000000,2345043.0,7
3767,1000000,2345092.0,7
3768,1000000,2345078.0,7
3769,1000000,2345113.0,7
3770,1000000,2350663.0,7
3771,1000000,2350668.0,7
3772,1000000,2350608.0,7
3773,1000000,2350655.0,7
3774,1000000,2350670.0,7
3775,1000000,2350924.0,7
3776,1000000,2350965.0,7
3777,1000000,2350965.0,7
3778,1000000,2350950.0,7
3779,1000000,2350918.0,7
3780,1000000,2352511.0,7
3781,1000000,2352526.0,7
3782,1000000,2352435.0,7
3783,1000000,2352508.0,7
3784,1000000,2352528.0,7
3785,1000000,2352344.0,7
3786,1000000,2352334.0,7
3787,1000000,2352358.0,7
3788,1000000,2352339.0,7
3789,1000000,2352357.0,7
3790,1000000,2344805.0,7
3791,1000000,2344836.0,7
3792,1000000,2344840.0,7
3793,1000000,2344819.0,7
3794,1000000,2344877.0,7
3795,1000000,2352154.0,7
3796,1000000,2352146.0,7
3797,1000000,2352133.0,7
3798,1000000,2352153.0,7
3799,1000000,2352061.0,7
3800,1000000,2350009.0,8
3801,1000000,2350756.0,8
3802,1000000,2350759.0,8
3803,1000000,2349997.0,8
3804,1000000,2349986.0,8
3805,1000000,2345803.0,8
3806,1000000,2345765.0,8
3807,1000000,2345745.0,8
3808,1000000,2345755.0,8
3809,1000000,2345794.0,8
3810,1000000,2352622.0,8
3811,1000000,2352619.0,8
3812,1000000,2353321.0,8
3813,1000000,2352604.0,8
3814,1000000,2353320.0,8
3815,1000000,2353084.0,8
3816,1000000,2353151.0,8
3817,1000000,2353092.0,8
3818,1000000,2353083.0,8
3819,1000000,2353037.0,8
3820,1000000,2352721.0,8
3821,1000000,2352816.0,8
3822,1000000,2352790.0,8
3823,1000000,2352808.0,8
3824,1000000,2352818.0,8
3825,1000000,2345484.0,8
3826,1000000,2345530.0,8
3827,1000000,2345556.0,8
3828,1000000,2345595.0,8
3829,1000000,2345597.0,8
3830,1000000,2351755.0,8
3831,1000000,2351725.0,8
3832,1000000,2351747.0,8
3833,1000000,2351744.0,8
3834,1000000,2351753.0,8
3835,1000000,2351747.0,8
3836,1000000,2351753.0,8
3837,1000000,2351741.0,8
3838,1000000,2351764.0,8
3839,1000000,2351767.0,8
3840,1000000,2352692.0,8
3841,1000000,2352654.0,8
3842,1000000,2352721.0,8
3843,1000000,2352741.0,8
3844,1000000,2352716.0,8
3845,1000000,2353730.0,8
3846,1000000,2353644.0,8
3847,1000000,2353698.0,8
3848,1000000,2353728.0,8
3849,1000000,2353707.0,8
3850,1000000,2353704.0,8
3851,1000000,2353716.0,8
3852,1000000,2353697.0,8
3853,1000000,2353714.0,8
3854,1000000,2353704.0,8
3855,1000000,2351441.0,8
3856,1000000,2351419.0,8
3857,1000000,2351448.0,8
3858,1000000,2351366.0,8
3859,1000000,2351449.0,8
3860,1000000,2346271.0,8
3861,1000000,2346218.0,8
3862,1000000,2346304.0,8
3863,1000000,2346284.0,8
3864,1000000,2346314.0,8
3865,1000000,2345727.0,8
3866,1000000,2345815.0,8
3867,1000000,2345782.0,8
3868,1000000,2345826.0,8
3869,1000000,2345779.0,8
3870,1000000,2350935.0,8
3871,1000000,2351641.0,8
3872,1000000,2351640.0,8
3873,1000000,2350927.0,8
3874,1000000,2350919.0,8
3875,1000000,2351225.0,8
3876,1000000,2351237.0,8
3877,1000000,2351203.0,8
3878,1000000,2351231.0,8
3879,1000000,2351219.0,8
3880,1000000,2352748.0,8
3881,1000000,2352825.0,8
3882,1000000,2352835.0,8
3883,1000000,2352828.0,8
3884,1000000,2352845.0,8
3885,1000000,2352566.0,8
3886,1000000,2352594.0,8
3887,1000000,2352653.0,8
3888,1000000,2352643.0,8
3889,1000000,2352639.0,8
3890,1000000,2345170.0,8
3891,1000000,2345226.0,8
3892,1000000,2345187.0,8
3893,1000000,2345241.0,8
3894,1000000,2345297.0,8
3895,1000000,2352613.0,8
3896,1000000,2352609.0,8
3897,1000000,2352518.0,8
3898,1000000,2352544.0,8
3899,1000000,2352614.0,8
3900,1000000,2350683.0,9
3901,1000000,2350682.0,9
3902,1000000,2350608.0,9
3903,1000000,2350666.0,9
3904,1000000,2350688.0,9
3905,1000000,2346242.0,9
3906,1000000,2346264.0,9
3907,1000000,2346272.0,9
3908,1000000,2346279.0,9
3909,1000000,2346288.0,9
3910,1000000,2353171.0,9
3911,1000000,2353219.0,9
3912,1000000,2353216.0,9
3913,1000000,2353197.0,9
3914,1000000,2353219.0,9
3915,1000000,2353602.0,9
3916,1000000,2353667.0,9
3917,1000000,2353657.0,9
3918,1000000,2353652.0,9
3919,1000000,2353635.0,9
3920,1000000,2353358.0,9
3921,1000000,2353386.0,9
3922,1000000,2353385.0,9
3923,1000000,2353299.0,9
3924,1000000,2353382.0,9
3925,1000000,2346515.0,9
3926,1000000,2346428.0,9
3927,1000000,2346527.0,9
3928,1000000,2346479.0,9
3929,1000000,2346484.0,9
3930,1000000,2352443.0,9
3931,1000000,2352432.0,9
3932,1000000,2352417.0,9
3933,1000000,2352343.0,9
3934,1000000,2352404.0,9
3935,1000000,2352460.0,9
3936,1000000,2352471.0,9
3937,1000000,2352414.0,9
3938,1000000,2352452.0,9
3939,1000000,2352451.0,9
3940,1000000,2353966.0,9
3941,1000000,2353128.0,9
3942,1000000,2353966.0,9
3943,1000000,2353084.0,9
3944,1000000,2353156.0,9
3945,1000000,2354244.0,9
3946,1000000,2354209.0,9
3947,1000000,2354954.0,9
3948,1000000,2354951.0,9
3949,1000000,2354237.0,9
3950,1000000,2354355.0,9
3951,1000000,2354282.0,9
3952,1000000,2354351.0,9
3953,1000000,2354362.0,9
3954,1000000,2354348.0,9
3955,1000000,2352164.0,9
3956,1000000,2352112.0,9
3957,1000000,2352134.0,9
3958,1000000,2352163.0,9
3959,1000000,2352148.0,9
3960,1000000,2346702.0,9
3961,1000000,2346655.0,9
3962,1000000,2346687.0,9
3963,1000000,2346723.0,9
3964,1000000,2346726.0,9
3965,1000000,2345965.0,9
3966,1000000,2345933.0,9
3967,1000000,2346042.0,9
3968,1000000,2346035.0,9
3969,1000000,2346015.0,9
3970,1000000,2351706.0,9
3971,1000000,2351700.0,9
3972,1000000,2351629.0,9
3973,1000000,2351663.0,9
3974,1000000,2351707.0,9
3975,1000000,2351803.0,9
3976,1000000,2351857.0,9
3977,1000000,2351804.0,9
3978,1000000,2351839.0,9
3979,1000000,2351844.0,9
3980,1000000,2354171.0,9
3981,1000000,2353476.0,9
3982,1000000,2353472.0,9
3983,1000000,2353459.0,9
3984,1000000,2354175.0,9
3985,1000000,2353151.0,9
3986,1000000,2353128.0,9
3987,1000000,2353226.0,9
3988,1000000,2353212.0,9
3989,1000000,2353222.0,9
3990,1000000,2345654.0,9
3991,1000000,2345682.0,9
3992,1000000,2345727.0,9
3993,1000000,2345683.0,9
3994,1000000,2345664.0,9
3995,1000000,2353042.0,9
3996,1000000,2353140.0,9
3997,1000000,2353123.0,9
3998,1000000,2353107.0,9
3999,1000000,2353130.0,9
4000,10000000,15049430.0,0
4001,10000000,15050147.0,0
4002,10000000,15050351.0,0
4003,10000000,15050303.0,0
4004,10000000,15049803.0,0
4005,10000000,15040933.0,0
4006,10000000,15040096.0,0
4007,10000000,15040195.0,0
4008,10000000,15040675.0,0
4009,10000000,15040311.0,0
4010,10000000,15049477.0,0
4011,10000000,15049718.0,0
4012,10000000,15049788.0,0
4013,10000000,15050424.0,0
4014,10000000,15049334.0,0
4015,10000000,15051110.0,0
4016,10000000,15049646.0,0
4017,10000000,15050315.0,0
4018,10000000,15050960.0,0
4019,10000000,15050117.0,0
4020,10000000,15049915.0,0
4021,10000000,15052947.0,0
4022,10000000,15049880.0,0
4023,10000000,15050636.0,0
4024,10000000,15050035.0,0
4025,10000000,15040621.0,0
4026,10000000,15040339.0,0
4027,10000000,15039976.0,0
4028,10000000,15040414.0,0
4029,10000000,15040395.0,0
4030,10000000,15051607.0,0
4031,10000000,15051995.0,0
4032,10000000,15052313.0,0
4033,10000000,15051841.0,0
4034,10000000,15051784.0,0
4035,10000000,15050707.0,0
4036,10000000,15050356.0,0
4037,10000000,15050595.0,0
4038,10000000,15050540.0,0
4039,10000000,15050653.0,0
4040,10000000,15048877.0,0
4041,10000000,15048850.0,0
4042,10000000,15048492.0,0
4043,10000000,15048548.0,0
4044,10000000,15048388.0,0
4045,10000000,15050037.0,0
4046,10000000,15049496.0,0
4047,10000000,15048676.0,0
4048,10000000,15049309.0,0
4049,10000000,15048884.0,0
4050,10000000,15051010.0,0
4051,10000000,15051287.0,0
4052,10000000,15051100.0,0
4053,10000000,15051449.0,0
4054,10000000,15051490.0,0
4055,10000000,15049280.0,0
4056,10000000,15050155.0,0
4057,10000000,15049261.0,0
4058,10000000,15048971.0,0
4059,10000000,15049016.0,0
4060,10000000,15036693.0,0
4061,10000000,15036720.0,0
4062,10000000,15036547.0,0
4063,10000000,15036591.0,0
4064,10000000,15036787.0,0
4065,10000000,15040775.0,0
4066,10000000,15040528.0,0
4067,10000000,15040576.0,0
4068,10000000,15040877.0,0
4069,10000000,15040614.0,0
4070,10000000,15047438.0,0
4071,10000000,15047793.0,0
4072,10000000,15047209.0,0
4073,10000000,15047704.0,0
4074,10000000,15048024.0,0
4075,10000000,15049968.0,0
4076,10000000,15049050.0,0
4077,10000000,15049683.0,0
4078,10000000,15049375.0,0
4079,10000000,15049555.0,0
4080,10000000,15049405.0,0
4081,10000000,15049174.0,0
4082,10000000,15048653.0,0
4083,10000000,15049831.0,0
4084,10000000,15049272.0,0
4085,10000000,15050340.0,0
4086,10000000,15050212.0,0
4087,10000000,15049737.0,0
4088,10000000,15052779.0,0
4089,10000000,15050574.0,0
4090,10000000,15045519.0,0
4091,10000000,15046178.0,0
4092,10000000,15039601.0,0
4093,10000000,15040354.0,0
4094,10000000,15039533.0,0
4095,10000000,15049586.0,0
4096,10000000,15049342.0,0
4097,10000000,15049372.0,0
4098,10000000,15049752.0,0
4099,10000000,15049120.0,0
4100,10000000,14232086.0,1
4101,10000000,14231014.0,1
4102,10000000,14230696.0,1
4103,10000000,14231931.0,1
4104,10000000,14231127.0,1
4105,10000000,14220657.0,1
4106,10000000,14220722.0,1
4107,10000000,14220496.0,1
4108,10000000,14220983.0,1
4109,10000000,14220749.0,1
4110,10000000,14230758.0,1
4111,10000000,14231797.0,1
4112,10000000,14231705.0,1
4113,10000000,14230632.0,1
4114,10000000,14230576.0,1
4115,10000000,14232237.0,1
4116,10000000,14232670.0,1
4117,10000000,14232689.0,1
4118,10000000,14233142.0,1
4119,10000000,14232336.0,1
4120,10000000,14234953.0,1
4121,10000000,14236264.0,1
4122,10000000,14232627.0,1
4123,10000000,14233109.0,1
4124,10000000,14233193.0,1
4125,10000000,14221702.0,1
4126,10000000,14221235.0,1
4127,10000000,14220974.0,1
4128,10000000,14221317.0,1
4129,10000000,14221684.0,1
4130,10000000,14234403.0,1
4131,10000000,14234399.0,1
4132,10000000,14234542.0,1
4133,10000000,14234770.0,1
4134,10000000,14233635.0,1
4135,10000000,14233856.0,1
4136,10000000,14233851.0,1
4137,10000000,14234467.0,1
4138,10000000,14233279.0,1
4139,10000000,14233676.0,1
4140,10000000,14233817.0,1
4141,10000000,14233866.0,1
4142,10000000,14234122.0,1
4143,10000000,14234269.0,1
4144,10000000,14234054.0,1
4145,10000000,14232892.0,1
4146,10000000,14232991.0,1
4147,10000000,14233884.0,1
4148,10000000,14233355.0,1
4149,10000000,14233000.0,1
4150,10000000,14233491.0,1
4151,10000000,14233680.0,1
4152,10000000,14233876.0,1
4153,10000000,14233604.0,1
4154,10000000,14234191.0,1
4155,10000000,14232664.0,1
4156,10000000,14232659.0,1
4157,10000000,14233365.0,1
4158,10000000,14232879.0,1
4159,10000000,14234110.0,1
4160,10000000,14223688.0,1
4161,10000000,14223290.0,1
4162,10000000,14223563.0,1
4163,10000000,14223040.0,1
4164,10000000,14223813.0,1
4165,10000000,14223346.0,1
4166,10000000,14223120.0,1
4167,10000000,14224122.0,1
4168,10000000,14223454.0,1
4169,10000000,14223851.0,1
4170,10000000,14228472.0,1
4171,10000000,14228497.0,1
4172,10000000,14228973.0,1
4173,10000000,14228922.0,1
4174,10000000,14228955.0,1
4175,10000000,14233144.0,1
4176,10000000,14235002.0,1
4177,10000000,14234549.0,1
4178,10000000,14235038.0,1
4179,10000000,14234878.0,1
4180,10000000,14229859.0,1
4181,10000000,14230248.0,1
4182,10000000,14229831.0,1
4183,10000000,14229847.0,1
4184,10000000,14229371.0,1
4185,10000000,14233304.0,1
4186,10000000,14232791.0,1
4187,10000000,14233129.0,1
4188,10000000,14233754.0,1
4189,10000000,14232975.0,1
4190,10000000,14220931.0,1
4191,10000000,14221290.0,1
4192,10000000,14221659.0,1
4193,10000000,14220799.0,1
4194,10000000,14220455.0,1
4195,10000000,14231850.0,1
4196,10000000,14232353.0,1
4197,10000000,14232039.0,1
4198,10000000,14231589.0,1
4199,10000000,14232279.0,1
4200,10000000,17091430.0,2
4201,10000000,17090918.0,2
4202,10000000,17090812.0,2
4203,10000000,17090314.0,2
4204,10000000,17090816.0,2
4205,10000000,17082365.0,2
4206,10000000,17082716.0,2
4207,10000000,17083270.0,2
4208,10000000,17082235.0,2
4209,10000000,17083569.0,2
4210,10000000,17091035.0,2
4211,10000000,17091866.0,2
4212,10000000,17091416.0,2
4213,10000000,17090821.0,2
4214,10000000,17090799.0,2
4215,10000000,17092461.0,2
4216,10000000,17092195.0,2
4217,10000000,17095049.0,2
4218,10000000,17092078.0,2
4219,10000000,17092336.0,2
4220,10000000,17091061.0,2
4221,10000000,17089708.0,2
4222,10000000,17089856.0,2
4223,10000000,17089878.0,2
4224,10000000,17089970.0,2
4225,10000000,17083077.0,2
4226,10000000,17082866.0,2
4227,10000000,17083059.0,2
4228,10000000,17083268.0,2
4229,10000000,17083184.0,2
4230,10000000,17092306.0,2
4231,10000000,17091585.0,2
4232,10000000,17091809.0,2
4233,10000000,17093092.0,2
4234,10000000,17091907.0,2
4235,10000000,17092175.0,2
4236,10000000,17093089.0,2
4237,10000000,17092856.0,2
4238,10000000,17093260.0,2
4239,10000000,17094214.0,2
4240,10000000,17091156.0,2
4241,10000000,17092120.0,2
4242,10000000,17091614.0,2
4243,10000000,17092142.0,2
4244,10000000,17091256.0,2
4245,10000000,17092948.0,2
4246,10000000,17093472.0,2
4247,10000000,17092931.0,2
4248,10000000,17093495.0,2
4249,10000000,17092764.0,2
4250,10000000,17092453.0,2
4251,10000000,17092899.0,2
4252,10000000,17092433.0,2
4253,10000000,17093297.0,2
4254,10000000,17093580.0,2
4255,10000000,17091691.0,2
4256,10000000,17091996.0,2
4257,10000000,17092069.0,2
4258,10000000,17092095.0,2
4259,10000000,17091749.0,2
4260,10000000,17082567.0,2
4261,10000000,17082026.0,2
4262,10000000,17082767.0,2
4263,10000000,17083192.0,2
4264,10000000,17082644.0,2
4265,10000000,17083099.0,2
4266,10000000,17082595.0,2
4267,10000000,17082916.0,2
4268,10000000,17082867.0,2
4269,10000000,17082998.0,2
4270,10000000,17089051.0,2
4271,10000000,17089821.0,2
4272,10000000,17089088.0,2
4273,10000000,17089168.0,2
4274,10000000,17090935.0,2
4275,10000000,17091729.0,2
4276,10000000,17091855.0,2
4277,10000000,17092008.0,2
4278,10000000,17092188.0,2
4279,10000000,17092235.0,2
4280,10000000,17092022.0,2
4281,10000000,17091979.0,2
4282,10000000,17092222.0,2
4283,10000000,17092855.0,2
4284,10000000,17092310.0,2
4285,10000000,17092101.0,2
4286,10000000,17092775.0,2
4287,10000000,17091559.0,2
4288,10000000,17092630.0,2
4289,10000000,17091663.0,2
4290,10000000,17082993.0,2
4291,10000000,17083259.0,2
4292,10000000,17082768.0,2
4293,10000000,17083436.0,2
4294,10000000,17083369.0,2
4295,10000000,17090858.0,2
4296,10000000,17091141.0,2
4297,10000000,17091433.0,2
4298,10000000,17092091.0,2
4299,10000000,17091172.0,2
4300,10000000,16449803.0,3
4301,10000000,16449298.0,3
4302,10000000,16450844.0,3
4303,10000000,16449514.0,3
4304,10000000,16449479.0,3
4305,10000000,16441390.0,3
4306,10000000,16441792.0,3
4307,10000000,16441718.0,3
4308,10000000,16441993.0,3
4309,10000000,16442199.0,3
4310,10000000,16452058.0,3
4311,10000000,16450967.0,3
4312,10000000,16450978.0,3
4313,10000000,16450975.0,3
4314,10000000,16450918.0,3
4315,10000000,16449265.0,3
4316,10000000,16449980.0,3
4317,10000000,16450147.0,3
4318,10000000,16449999.0,3
4319,10000000,16452208.0,3
4320,10000000,16450710.0,3
4321,10000000,16450863.0,3
4322,10000000,16450887.0,3
4323,10000000,16450825.0,3
4324,10000000,16451856.0,3
4325,10000000,16441773.0,3
4326,10000000,16442327.0,3
4327,10000000,16441527.0,3
4328,10000000,16447170.0,3
4329,10000000,16447560.0,3
4330,10000000,16452161.0,3
4331,10000000,16452563.0,3
4332,10000000,16452821.0,3
4333,10000000,16452309.0,3
4334,10000000,16452579.0,3
4335,10000000,16452452.0,3
4336,10000000,16451528.0,3
4337,10000000,16452283.0,3
4338,10000000,16452539.0,3
4339,10000000,16452254.0,3
4340,10000000,16448178.0,3
4341,10000000,16448298.0,3
4342,10000000,16448419.0,3
4343,10000000,16448541.0,3
4344,10000000,16448146.0,3
4345,10000000,16453322.0,3
4346,10000000,16454738.0,3
4347,10000000,16452820.0,3
4348,10000000,16453501.0,3
4349,10000000,16451872.0,3
4350,10000000,16452263.0,3
4351,10000000,16451947.0,3
4352,10000000,16452855.0,3
4353,10000000,16451677.0,3
4354,10000000,16453053.0,3
4355,10000000,16451101.0,3
4356,10000000,16450569.0,3
4357,10000000,16451718.0,3
4358,10000000,16452154.0,3
4359,10000000,16450963.0,3
4360,10000000,16439111.0,3
4361,10000000,16439355.0,3
4362,10000000,16439045.0,3
4363,10000000,16438929.0,3
4364,10000000,16439181.0,3
4365,10000000,16442005.0,3
4366,10000000,16440981.0,3
4367,10000000,16441795.0,3
4368,10000000,16440995.0,3
4369,10000000,16441522.0,3
4370,10000000,16448020.0,3
4371,10000000,16448442.0,3
4372,10000000,16447986.0,3
4373,10000000,16448416.0,3
4374,10000000,16447958.0,3
4375,10000000,16452230.0,3
4376,10000000,16452882.0,3
4377,10000000,16452567.0,3
4378,10000000,16451591.0,3
4379,10000000,16451813.0,3
4380,10000000,16450853.0,3
4381,10000000,16450982.0,3
4382,10000000,16450565.0,3
4383,10000000,16451478.0,3
4384,10000000,16450274.0,3
4385,10000000,16450104.0,3
4386,10000000,16451115.0,3
4387,10000000,16452088.0,3
4388,10000000,16451234.0,3
4389,10000000,16451151.0,3
4390,10000000,16440987.0,3
4391,10000000,16441344.0,3
4392,10000000,16440439.0,3
4393,10000000,16440936.0,3
4394,10000000,16441598.0,3
4395,10000000,16459091.0,3
4396,10000000,16459101.0,3
4397,10000000,16452269.0,3
4398,10000000,16451088.0,3
4399,10000000,16451247.0,3
4400,10000000,14684057.0,4
4401,10000000,14683620.0,4
4402,10000000,14683061.0,4
4403,10000000,14683320.0,4
4404,10000000,14684742.0,4
4405,10000000,14675304.0,4
4406,10000000,14675294.0,4
4407,10000000,14676138.0,4
4408,10000000,14675848.0,4
4409,10000000,14675518.0,4
4410,10000000,14682543.0,4
4411,10000000,14682266.0,4
4412,10000000,14682518.0,4
4413,10000000,14682808.0,4
4414,10000000,14682350.0,4
4415,10000000,14686228.0,4
4416,10000000,14686071.0,4
4417,10000000,14686069.0,4
4418,10000000,14686163.0,4
4419,10000000,14686066.0,4
4420,10000000,14684961.0,4
4421,10000000,14685224.0,4
4422,10000000,14685797.0,4
4423,10000000,14685531.0,4
4424,10000000,14685459.0,4
4425,10000000,14675918.0,4
4426,10000000,14675713.0,4
4427,10000000,14675692.0,4
4428,10000000,14675663.0,4
4429,10000000,14675774.0,4
4430,10000000,14685445.0,4
4431,10000000,14685150.0,4
4432,10000000,14685618.0,4
4433,10000000,14684755.0,4
4434,10000000,14687950.0,4
4435,10000000,14686550.0,4
4436,10000000,14687545.0,4
4437,10000000,14686529.0,4
4438,10000000,14686273.0,4
4439,10000000,14686488.0,4
4440,10000000,14683677.0,4
4441,10000000,14683545.0,4
4442,10000000,14683973.0,4
4443,10000000,14683523.0,4
4444,10000000,14683282.0,4
4445,10000000,14686474.0,4
4446,10000000,14685927.0,4
4447,10000000,14687017.0,4
4448,10000000,14689393.0,4
4449,10000000,14687337.0,4
4450,10000000,14684794.0,4
4451,10000000,14685073.0,4
4452,10000000,14685392.0,4
4453,10000000,14685356.0,4
4454,10000000,14685795.0,4
4455,10000000,14685457.0,4
4456,10000000,14684847.0,4
4457,10000000,14685808.0,4
4458,10000000,14684825.0,4
4459,10000000,14684782.0,4
4460,10000000,14675899.0,4
4461,10000000,14676278.0,4
4462,10000000,14676098.0,4
4463,10000000,14676424.0,4
4464,10000000,14676291.0,4
4465,10000000,14675773.0,4
4466,10000000,14676107.0,4
4467,10000000,14675878.0,4
4468,10000000,14676330.0,4
4469,10000000,14675724.0,4
4470,10000000,14682437.0,4
4471,10000000,14682603.0,4
4472,10000000,14682147.0,4
4473,10000000,14683098.0,4
4474,10000000,14682925.0,4
4475,10000000,14685642.0,4
4476,10000000,14685013.0,4
4477,10000000,14685033.0,4
4478,10000000,14685698.0,4
4479,10000000,14684879.0,4
4480,10000000,14683070.0,4
4481,10000000,14683173.0,4
4482,10000000,14682892.0,4
4483,10000000,14682921.0,4
4484,10000000,14683143.0,4
4485,10000000,14683184.0,4
4486,10000000,14683725.0,4
4487,10000000,14683321.0,4
4488,10000000,14683298.0,4
4489,10000000,14683196.0,4
4490,10000000,14674677.0,4
4491,10000000,14675414.0,4
4492,10000000,14675179.0,4
4493,10000000,14675042.0,4
4494,10000000,14675352.0,4
4495,10000000,14681192.0,4
4496,10000000,14681198.0,4
4497,10000000,14681395.0,4
4498,10000000,14681208.0,4
4499,10000000,14681805.0,4
4500,10000000,15138511.0,5
4501,10000000,15138077.0,5
4502,10000000,15137539.0,5
4503,10000000,15137972.0,5
4504,10000000,15137931.0,5
4505,10000000,15129154.0,5
4506,10000000,15128559.0,5
4507,10000000,15128978.0,5
4508,10000000,15128865.0,5
4509,10000000,15128838.0,5
4510,10000000,15136675.0,5
4511,10000000,15136806.0,5
4512,10000000,15137680.0,5
4513,10000000,15137366.0,5
4514,10000000,15137294.0,5
4515,10000000,15139002.0,5
4516,10000000,15138578.0,5
4517,10000000,15139154.0,5
4518,10000000,15139048.0,5
4519,10000000,15139000.0,5
4520,10000000,15138828.0,5
4521,10000000,15138131.0,5
4522,10000000,15138479.0,5
4523,10000000,15139157.0,5
4524,10000000,15138337.0,5
4525,10000000,15127680.0,5
4526,10000000,15127761.0,5
4527,10000000,15127689.0,5
4528,10000000,15128166.0,5
4529,10000000,15127980.0,5
4530,10000000,15140626.0,5
4531,10000000,15140340.0,5
4532,10000000,15139482.0,5
4533,10000000,15140282.0,5
4534,10000000,15140406.0,5
4535,10000000,15139332.0,5
4536,10000000,15138849.0,5
4537,10000000,15138765.0,5
4538,10000000,15138860.0,5
4539,10000000,15139994.0,5
4540,10000000,15136231.0,5
4541,10000000,15136858.0,5
4542,10000000,15136787.0,5
4543,10000000,15138340.0,5
4544,10000000,15137427.0,5
4545,10000000,15140046.0,5
4546,10000000,15140726.0,5
4547,10000000,15142155.0,5
4548,10000000,15139633.0,5
4549,10000000,15138520.0,5
4550,10000000,15139491.0,5
4551,10000000,15139398.0,5
4552,10000000,15139339.0,5
4553,10000000,15139195.0,5
4554,10000000,15139280.0,5
4555,10000000,15138747.0,5
4556,10000000,15138779.0,5
4557,10000000,15139123.0,5
4558,10000000,15138815.0,5
4559,10000000,15138664.0,5
4560,10000000,15129845.0,5
4561,10000000,15130282.0,5
4562,10000000,15129703.0,5
4563,10000000,15130092.0,5
4564,10000000,15129657.0,5
4565,10000000,15125735.0,5
4566,10000000,15125445.0,5
4567,10000000,15126259.0,5
4568,10000000,15125605.0,5
4569,10000000,15126121.0,5
4570,10000000,15136451.0,5
4571,10000000,15136989.0,5
4572,10000000,15136752.0,5
4573,10000000,15137018.0,5
4574,10000000,15136758.0,5
4575,10000000,15142941.0,5
4576,10000000,15137429.0,5
4577,10000000,15141955.0,5
4578,10000000,15137311.0,5
4579,10000000,15138074.0,5
4580,10000000,15138780.0,5
4581,10000000,15138604.0,5
4582,10000000,15139346.0,5
4583,10000000,15138906.0,5
4584,10000000,15138931.0,5
4585,10000000,15136929.0,5
4586,10000000,15137638.0,5
4587,10000000,15138422.0,5
4588,10000000,15137513.0,5
4589,10000000,15136475.0,5
4590,10000000,15129740.0,5
4591,10000000,15129148.0,5
4592,10000000,15128323.0,5
4593,10000000,15128949.0,5
4594,10000000,15128613.0,5
4595,10000000,15137664.0,5
4596,10000000,15138664.0,5
4597,10000000,15137507.0,5
4598,10000000,15137871.0,5
4599,10000000,15137602.0,5
4600,10000000,15057880.0,6
4601,10000000,15057566.0,6
4602,10000000,15058025.0,6
4603,10000000,15058352.0,6
4604,10000000,15058691.0,6
4605,10000000,15050242.0,6
4606,10000000,15050679.0,6
4607,10000000,15049729.0,6
4608,10000000,15050902.0,6
4609,10000000,15049629.0,6
4610,10000000,15059039.0,6
4611,10000000,15058648.0,6
4612,10000000,15059456.0,6
4613,10000000,15058720.0,6
4614,10000000,15058930.0,6
4615,10000000,15060337.0,6
4616,10000000,15060207.0,6
4617,10000000,15060607.0,6
4618,10000000,15060323.0,6
4619,10000000,15060298.0,6
4620,10000000,15059791.0,6
4621,10000000,15060464.0,6
4622,10000000,15059440.0,6
4623,10000000,15059807.0,6
4624,10000000,15060373.0,6
4625,10000000,15046994.0,6
4626,10000000,15046680.0,6
4627,10000000,15047161.0,6
4628,10000000,15046717.0,6
4629,10000000,15047079.0,6
4630,10000000,15058903.0,6
4631,10000000,15059612.0,6
4632,10000000,15059148.0,6
4633,10000000,15059535.0,6
4634,10000000,15058935.0,6
4635,10000000,15059957.0,6
4636,10000000,15059780.0,6
4637,10000000,15059753.0,6
4638,10000000,15059648.0,6
4639,10000000,15060300.0,6
4640,10000000,15056554.0,6
4641,10000000,15055666.0,6
4642,10000000,15055460.0,6
4643,10000000,15055726.0,6
4644,10000000,15055666.0,6
4645,10000000,15061053.0,6
4646,10000000,15061585.0,6
4647,10000000,15061310.0,6
4648,10000000,15061441.0,6
4649,10000000,15060578.0,6
4650,10000000,15061973.0,6
4651,10000000,15061177.0,6
4652,10000000,15060820.0,6
4653,10000000,15060854.0,6
4654,10000000,15060521.0,6
4655,10000000,15059017.0,6
4656,10000000,15059020.0,6
4657,10000000,15060302.0,6
4658,10000000,15059412.0,6
4659,10000000,15058881.0,6
4660,10000000,15050938.0,6
4661,10000000,15051260.0,6
4662,10000000,15051220.0,6
4663,10000000,15051094.0,6
4664,10000000,15050776.0,6
4665,10000000,15050080.0,6
4666,10000000,15050010.0,6
4667,10000000,15050439.0,6
4668,10000000,15049613.0,6
4669,10000000,15049980.0,6
4670,10000000,15056823.0,6
4671,10000000,15056500.0,6
4672,10000000,15057372.0,6
4673,10000000,15057687.0,6
4674,10000000,15056852.0,6
4675,10000000,15061055.0,6
4676,10000000,15059750.0,6
4677,10000000,15060848.0,6
4678,10000000,15059069.0,6
4679,10000000,15059210.0,6
4680,10000000,15056458.0,6
4681,10000000,15056303.0,6
4682,10000000,15056996.0,6
4683,10000000,15055682.0,6
4684,10000000,15055831.0,6
4685,10000000,15059219.0,6
4686,10000000,15062046.0,6
4687,10000000,15059116.0,6
4688,10000000,15060521.0,6
4689,10000000,15059105.0,6
4690,10000000,15049006.0,6
4691,10000000,15048334.0,6
4692,10000000,15048614.0,6
4693,10000000,15048894.0,6
4694,10000000,15048661.0,6
4695,10000000,15056778.0,6
4696,10000000,15056657.0,6
4697,10000000,15056711.0,6
4698,10000000,15056909.0,6
4699,10000000,15057080.0,6
4700,10000000,16505187.0,7
4701,10000000,16504919.0,7
4702,10000000,16504877.0,7
4703,10000000,16505142.0,7
4704,10000000,16504553.0,7
4705,10000000,16495163.0,7
4706,10000000,16494842.0,7
4707,10000000,16495368.0,7
4708,10000000,16494896.0,7
4709,10000000,16495079.0,7
4710,10000000,16504998.0,7
4711,10000000,16505273.0,7
4712,10000000,16504955.0,7
4713,10000000,16504986.0,7
4714,10000000,16504794.0,7
4715,10000000,16504353.0,7
4716,10000000,16504407.0,7
4717,10000000,16504501.0,7
4718,10000000,16504808.0,7
4719,10000000,16504035.0,7
4720,10000000,16506552.0,7
4721,10000000,16506633.0,7
4722,10000000,16505961.0,7
4723,10000000,16505963.0,7
4724,10000000,16505504.0,7
4725,10000000,16492868.0,7
4726,10000000,16492892.0,7
4727,10000000,16492512.0,7
4728,10000000,16492712.0,7
4729,10000000,16493016.0,7
4730,10000000,16506605.0,7
4731,10000000,16507024.0,7
4732,10000000,16507230.0,7
4733,10000000,16507629.0,7
4734,10000000,16507067.0,7
4735,10000000,16506710.0,7
4736,10000000,16506021.0,7
4737,10000000,16505657.0,7
4738,10000000,16505621.0,7
4739,10000000,16506483.0,7
4740,10000000,16504861.0,7
4741,10000000,16504998.0,7
4742,10000000,16504980.0,7
4743,10000000,16505027.0,7
4744,10000000,16505133.0,7
4745,10000000,16506196.0,7
4746,10000000,16506880.0,7
4747,10000000,16506734.0,7
4748,10000000,16506561.0,7
4749,10000000,16506713.0,7
4750,10000000,16506683.0,7
4751,10000000,16506974.0,7
4752,10000000,16507600.0,7
4753,10000000,16506672.0,7
4754,10000000,16506672.0,7
4755,10000000,16509130.0,7
4756,10000000,16508287.0,7
4757,10000000,16507918.0,7
4758,10000000,16507827.0,7
4759,10000000,16507580.0,7
4760,10000000,16496735.0,7
4761,10000000,16496242.0,7
4762,10000000,16496379.0,7
4763,10000000,16496239.0,7
4764,10000000,16496869.0,7
4765,10000000,16494884.0,7
4766,10000000,16494708.0,7
4767,10000000,16494663.0,7
4768,10000000,16494522.0,7
4769,10000000,16494929.0,7
4770,10000000,16503144.0,7
4771,10000000,16503243.0,7
4772,10000000,16502779.0,7
4773,10000000,16503044.0,7
4774,10000000,16503231.0,7
4775,10000000,16505328.0,7
4776,10000000,16506108.0,7
4777,10000000,16506515.0,7
4778,10000000,16506025.0,7
4779,10000000,16505750.0,7
4780,10000000,16505388.0,7
4781,10000000,16504742.0,7
4782,10000000,16504863.0,7
4783,10000000,16504959.0,7
4784,10000000,16504740.0,7
4785,10000000,16505361.0,7
4786,10000000,16505245.0,7
4787,10000000,16505072.0,7
4788,10000000,16505209.0,7
4789,10000000,16505044.0,7
4790,10000000,16496282.0,7
4791,10000000,16496185.0,7
4792,10000000,16496384.0,7
4793,10000000,16496157.0,7
4794,10000000,16495725.0,7
4795,10000000,16503526.0,7
4796,10000000,16503717.0,7
4797,10000000,16504762.0,7
4798,10000000,16503454.0,7
4799,10000000,16503993.0,7
4800,10000000,10489851.0,8
4801,10000000,10489739.0,8
4802,10000000,10490108.0,8
4803,10000000,10490445.0,8
4804,10000000,10489593.0,8
4805,10000000,10479314.0,8
4806,10000000,10479539.0,8
4807,10000000,10479290.0,8
4808,10000000,10479066.0,8
4809,10000000,10479374.0,8
4810,10000000,10487826.0,8
4811,10000000,10488757.0,8
4812,10000000,10487626.0,8
4813,10000000,10488139.0,8
4814,10000000,10488094.0,8
4815,10000000,10491016.0,8
4816,10000000,10491382.0,8
4817,10000000,10490870.0,8
4818,10000000,10490605.0,8
4819,10000000,10491060.0,8
4820,10000000,10490622.0,8
4821,10000000,10491628.0,8
4822,10000000,10493129.0,8
4823,10000000,10491900.0,8
4824,10000000,10491405.0,8
4825,10000000,10481029.0,8
4826,10000000,10480661.0,8
4827,10000000,10481424.0,8
4828,10000000,10480352.0,8
4829,10000000,10480447.0,8
4830,10000000,10491227.0,8
4831,10000000,10490930.0,8
4832,10000000,10490993.0,8
4833,10000000,10490916.0,8
4834,10000000,10490950.0,8
4835,10000000,10492334.0,8
4836,10000000,10491838.0,8
4837,10000000,10492599.0,8
4838,10000000,10491435.0,8
4839,10000000,10491872.0,8
4840,10000000,10487265.0,8
4841,10000000,10492286.0,8
4842,10000000,10486602.0,8
4843,10000000,10492531.0,8
4844,10000000,10486551.0,8
4845,10000000,10495196.0,8
4846,10000000,10493110.0,8
4847,10000000,10491861.0,8
4848,10000000,10492314.0,8
4849,10000000,10491795.0,8
4850,10000000,10493573.0,8
4851,10000000,10493096.0,8
4852,10000000,10493515.0,8
4853,10000000,10492590.0,8
4854,10000000,10492924.0,8
4855,10000000,10490726.0,8
4856,10000000,10490924.0,8
4857,10000000,10491179.0,8
4858,10000000,10491474.0,8
4859,10000000,10491637.0,8
4860,10000000,10480699.0,8
4861,10000000,10480112.0,8
4862,10000000,10480716.0,8
4863,10000000,10480450.0,8
4864,10000000,10480725.0,8
4865,10000000,10479678.0,8
4866,10000000,10479524.0,8
4867,10000000,10479378.0,8
4868,10000000,10479480.0,8
4869,10000000,10479665.0,8
4870,10000000,10487785.0,8
4871,10000000,10488308.0,8
4872,10000000,10487921.0,8
4873,10000000,10487650.0,8
4874,10000000,10487806.0,8
4875,10000000,10490786.0,8
4876,10000000,10490679.0,8
4877,10000000,10497031.0,8
4878,10000000,10489661.0,8
4879,10000000,10496968.0,8
4880,10000000,10490537.0,8
4881,10000000,10490439.0,8
4882,10000000,10490640.0,8
4883,10000000,10490627.0,8
4884,10000000,10490487.0,8
4885,10000000,10491156.0,8
4886,10000000,10491158.0,8
4887,10000000,10491452.0,8
4888,10000000,10490724.0,8
4889,10000000,10490601.0,8
4890,10000000,10481483.0,8
4891,10000000,10481319.0,8
4892,10000000,10481198.0,8
4893,10000000,10480521.0,8
4894,10000000,10480738.0,8
4895,10000000,10489758.0,8
4896,10000000,10489536.0,8
4897,10000000,10489836.0,8
4898,10000000,10489561.0,8
4899,10000000,10489688.0,8
4900,10000000,14070320.0,9
4901,10000000,14070988.0,9
4902,10000000,14069448.0,9
4903,10000000,14070993.0,9
4904,10000000,14070188.0,9
4905,10000000,14061307.0,9
4906,10000000,14061056.0,9
4907,10000000,14061694.0,9
4908,10000000,14060905.0,9
4909,10000000,14061456.0,9
4910,10000000,14069887.0,9
4911,10000000,14069661.0,9
4912,10000000,14069485.0,9
4913,10000000,14069882.0,9
4914,10000000,14069293.0,9
4915,10000000,14069993.0,9
4916,10000000,14069371.0,9
4917,10000000,14069299.0,9
4918,10000000,14068995.0,9
4919,10000000,14070171.0,9
4920,10000000,14070405.0,9
4921,10000000,14069185.0,9
4922,10000000,14069864.0,9
4923,10000000,14069688.0,9
4924,10000000,14069594.0,9
4925,10000000,14061528.0,9
4926,10000000,14061184.0,9
4927,10000000,14061672.0,9
4928,10000000,14060732.0,9
4929,10000000,14061104.0,9
4930,10000000,14071308.0,9
4931,10000000,14069965.0,9
4932,10000000,14071274.0,9
4933,10000000,14071506.0,9
4934,10000000,14070748.0,9
4935,10000000,14070593.0,9
4936,10000000,14071129.0,9
4937,10000000,14071034.0,9
4938,10000000,14072291.0,9
4939,10000000,14071819.0,9
4940,10000000,14070395.0,9
4941,10000000,14070119.0,9
4942,10000000,14069685.0,9
4943,10000000,14070031.0,9
4944,10000000,14069791.0,9
4945,10000000,14072588.0,9
4946,10000000,14072144.0,9
4947,10000000,14072586.0,9
4948,10000000,14071931.0,9
4949,10000000,14072326.0,9
4950,10000000,14072156.0,9
4951,10000000,14071952.0,9
4952,10000000,14071609.0,9
4953,10000000,14071693.0,9
4954,10000000,14071936.0,9
4955,10000000,14072091.0,9
4956,10000000,14071131.0,9
4957,10000000,14072299.0,9
4958,10000000,14071209.0,9
4959,10000000,14071480.0,9
4960,10000000,14060093.0,9
4961,10000000,14065586.0,9
4962,10000000,14065537.0,9
4963,10000000,14060754.0,9
4964,10000000,14059993.0,9
4965,10000000,14061489.0,9
4966,10000000,14061325.0,9
4967,10000000,14061565.0,9
4968,10000000,14060947.0,9
4969,10000000,14061450.0,9
4970,10000000,14069528.0,9
4971,10000000,14069568.0,9
4972,10000000,14069083.0,9
4973,10000000,14068942.0,9
4974,10000000,14069122.0,9
4975,10000000,14070901.0,9
4976,10000000,14076086.0,9
4977,10000000,14075813.0,9
4978,10000000,14070027.0,9
4979,10000000,14070165.0,9
4980,10000000,14071254.0,9
4981,10000000,14070298.0,9
4982,10000000,14070829.0,9
4983,10000000,14070554.0,9
4984,10000000,14070098.0,9
4985,10000000,14071588.0,9
4986,10000000,14071244.0,9
4987,10000000,14070797.0,9
4988,10000000,14071645.0,9
4989,10000000,14070821.0,9
4990,10000000,14061165.0,9
4991,10000000,14061659.0,9
4992,10000000,14061675.0,9
4993,10000000,14061685.0,9
4994,10000000,14060572.0,9
4995,10000000,14069034.0,9
4996,10000000,14074542.0,9
4997,10000000,14074432.0,9
4998,10000000,14068490.0,9
4999,10000000,14068373.0,9
