"index","ADDITIONAL_DATA_SIZE","y_LATENCY","run_index"
0,10000,11229.0,0
1,10000,11388.0,0
2,10000,11209.0,0
3,10000,11212.0,0
4,10000,11206.0,0
5,10000,11211.0,0
6,10000,11212.0,0
7,10000,11237.0,0
8,10000,11229.0,0
9,10000,11203.0,0
10,10000,11236.0,0
11,10000,11235.0,0
12,10000,11241.0,0
13,10000,11191.0,0
14,10000,11414.0,0
15,10000,11147.0,0
16,10000,11130.0,0
17,10000,11144.0,0
18,10000,11147.0,0
19,10000,11145.0,0
20,10000,11152.0,0
21,10000,11160.0,0
22,10000,11184.0,0
23,10000,11325.0,0
24,10000,11173.0,0
25,10000,11218.0,0
26,10000,11301.0,0
27,10000,11175.0,0
28,10000,11135.0,0
29,10000,11135.0,0
30,10000,11429.0,0
31,10000,11576.0,0
32,10000,11437.0,0
33,10000,11409.0,0
34,10000,11446.0,0
35,10000,11704.0,0
36,10000,11608.0,0
37,10000,11401.0,0
38,10000,11374.0,0
39,10000,11429.0,0
40,10000,11396.0,0
41,10000,11478.0,0
42,10000,11370.0,0
43,10000,11347.0,0
44,10000,11447.0,0
45,10000,2204.0,0
46,10000,2192.0,0
47,10000,2108.0,0
48,10000,2103.0,0
49,10000,2128.0,0
50,10000,2080.0,0
51,10000,2103.0,0
52,10000,2101.0,0
53,10000,2117.0,0
54,10000,2111.0,0
55,10000,2101.0,0
56,10000,2105.0,0
57,10000,2192.0,0
58,10000,2111.0,0
59,10000,2102.0,0
60,10000,4071.0,0
61,10000,4057.0,0
62,10000,4072.0,0
63,10000,4057.0,0
64,10000,4068.0,0
65,10000,4063.0,0
66,10000,4076.0,0
67,10000,4202.0,0
68,10000,4078.0,0
69,10000,4061.0,0
70,10000,4072.0,0
71,10000,4061.0,0
72,10000,4041.0,0
73,10000,4066.0,0
74,10000,4061.0,0
75,10000,4512.0,0
76,10000,4551.0,0
77,10000,4512.0,0
78,10000,4427.0,0
79,10000,4473.0,0
80,10000,4488.0,0
81,10000,4484.0,0
82,10000,4481.0,0
83,10000,4445.0,0
84,10000,4534.0,0
85,10000,4474.0,0
86,10000,4462.0,0
87,10000,4471.0,0
88,10000,4495.0,0
89,10000,4484.0,0
90,10000,11471.0,0
91,10000,11507.0,0
92,10000,11685.0,0
93,10000,11459.0,0
94,10000,11450.0,0
95,10000,11461.0,0
96,10000,11510.0,0
97,10000,11518.0,0
98,10000,11479.0,0
99,10000,11692.0,0
100,10000,11651.0,0
101,10000,11518.0,0
102,10000,11484.0,0
103,10000,11739.0,0
104,10000,11759.0,0
105,10000,11734.0,0
106,10000,11759.0,0
107,10000,11754.0,0
108,10000,11723.0,0
109,10000,11758.0,0
110,10000,11755.0,0
111,10000,11755.0,0
112,10000,11776.0,0
113,10000,11957.0,0
114,10000,11739.0,0
115,10000,12021.0,0
116,10000,14319.0,0
117,10000,14362.0,0
118,10000,14362.0,0
119,10000,14355.0,0
120,10000,14335.0,0
121,10000,14381.0,0
122,10000,14381.0,0
123,10000,14307.0,0
124,10000,14631.0,0
125,10000,14279.0,0
126,10000,14322.0,0
127,10000,14319.0,0
128,10000,14325.0,0
129,10000,14673.0,0
130,10000,14322.0,0
131,10000,13252.0,0
132,10000,13543.0,0
133,10000,13279.0,0
134,10000,13219.0,0
135,10000,13237.0,0
136,10000,13238.0,0
137,10000,13203.0,0
138,10000,13279.0,0
139,10000,13204.0,0
140,10000,13279.0,0
141,10000,13219.0,0
142,10000,13283.0,0
143,10000,13230.0,0
144,10000,12752.0,0
145,10000,12624.0,0
146,10000,12599.0,0
147,10000,12647.0,0
148,10000,12598.0,0
149,10000,12760.0,0
150,10000,12676.0,0
151,10000,12600.0,0
152,10000,12594.0,0
153,10000,12652.0,0
154,10000,12676.0,0
155,10000,12626.0,0
156,10000,12728.0,0
157,10000,1975.0,0
158,10000,2020.0,0
159,10000,2021.0,0
160,10000,2017.0,0
161,10000,2009.0,0
162,10000,2008.0,0
163,10000,2006.0,0
164,10000,2028.0,0
165,10000,2003.0,0
166,10000,2019.0,0
167,10000,2014.0,0
168,10000,2017.0,0
169,10000,2009.0,0
170,10000,11470.0,0
171,10000,11506.0,0
172,10000,11505.0,0
173,10000,11456.0,0
174,10000,11436.0,0
175,10000,11446.0,0
176,10000,11634.0,0
177,10000,11754.0,0
178,10000,11426.0,0
179,10000,11426.0,0
180,10000,11457.0,0
181,10000,11700.0,0
182,10000,11481.0,0
183,10000,11463.0,0
184,10000,11505.0,0
185,10000,11755.0,0
186,10000,11804.0,0
187,10000,11919.0,0
188,10000,11804.0,0
189,10000,11882.0,0
190,10000,11795.0,0
191,10000,11795.0,0
192,10000,11905.0,0
193,10000,11971.0,0
194,10000,11986.0,0
195,10000,11730.0,0
196,10000,11754.0,0
197,10000,11749.0,0
198,10000,11811.0,0
199,10000,11757.0,0
200,10000,13978.0,0
201,10000,13917.0,0
202,10000,13981.0,0
203,10000,13970.0,0
204,10000,14071.0,0
205,10000,14070.0,0
206,10000,14010.0,0
207,10000,13966.0,0
208,10000,13930.0,0
209,10000,13963.0,0
210,10000,13965.0,0
211,10000,13980.0,0
212,10000,13996.0,0
213,10000,13962.0,0
214,10000,13936.0,0
215,10000,1143.0,0
216,10000,1175.0,0
217,10000,1236.0,0
218,10000,1220.0,0
219,10000,1163.0,0
220,10000,1147.0,0
221,10000,1167.0,0
222,10000,1213.0,0
223,10000,1176.0,0
224,10000,1143.0,0
225,10000,1204.0,0
226,10000,1211.0,0
227,10000,1145.0,0
228,10000,1207.0,0
229,10000,1264.0,0
230,10000,10622.0,0
231,10000,10771.0,0
232,10000,10645.0,0
233,10000,10651.0,0
234,10000,10648.0,0
235,10000,10596.0,0
236,10000,10633.0,0
237,10000,10644.0,0
238,10000,10591.0,0
239,10000,10633.0,0
240,10000,10588.0,0
241,10000,10615.0,0
242,10000,10605.0,0
243,10000,10600.0,0
244,10000,10773.0,0
245,10000,11737.0,0
246,10000,11741.0,0
247,10000,11907.0,0
248,10000,11722.0,0
249,10000,11714.0,0
250,10000,11902.0,0
251,10000,11691.0,0
252,10000,11739.0,0
253,10000,11723.0,0
254,10000,11714.0,0
255,10000,11846.0,0
256,10000,11754.0,0
257,10000,11710.0,0
258,10000,11737.0,0
259,10000,11684.0,0
260,10000,10326.0,0
261,10000,10545.0,0
262,10000,10364.0,0
263,10000,10353.0,0
264,10000,10417.0,0
265,10000,10356.0,0
266,10000,10538.0,0
267,10000,10349.0,0
268,10000,10372.0,0
269,10000,10333.0,0
270,10000,10484.0,0
271,10000,10362.0,0
272,10000,10352.0,0
273,10000,10343.0,0
274,10000,10395.0,0
275,10000,12924.0,0
276,10000,10013638.0,0
277,10000,12904.0,0
278,10000,12913.0,0
279,10000,12831.0,0
280,10000,12896.0,0
281,10000,12923.0,0
282,10000,12909.0,0
283,10000,12926.0,0
284,10000,12889.0,0
285,10000,12864.0,0
286,10000,12909.0,0
287,10000,12865.0,0
288,10000,12832.0,0
289,10000,12887.0,0
290,10000,11099.0,1
291,10000,11096.0,1
292,10000,11093.0,1
293,10000,11045.0,1
294,10000,11018.0,1
295,10000,11096.0,1
296,10000,11163.0,1
297,10000,11018.0,1
298,10000,11034.0,1
299,10000,11150.0,1
300,10000,11153.0,1
301,10000,11075.0,1
302,10000,11099.0,1
303,10000,11095.0,1
304,10000,11055.0,1
305,10000,11295.0,1
306,10000,11569.0,1
307,10000,11317.0,1
308,10000,11350.0,1
309,10000,11345.0,1
310,10000,11323.0,1
311,10000,11279.0,1
312,10000,11359.0,1
313,10000,11327.0,1
314,10000,11564.0,1
315,10000,11326.0,1
316,10000,11282.0,1
317,10000,11319.0,1
318,10000,11606.0,1
319,10000,11285.0,1
320,10000,11441.0,1
321,10000,11423.0,1
322,10000,11398.0,1
323,10000,11641.0,1
324,10000,11485.0,1
325,10000,11424.0,1
326,10000,11425.0,1
327,10000,11436.0,1
328,10000,11453.0,1
329,10000,11634.0,1
330,10000,11434.0,1
331,10000,11474.0,1
332,10000,11448.0,1
333,10000,11414.0,1
334,10000,11412.0,1
335,10000,2210.0,1
336,10000,2179.0,1
337,10000,2122.0,1
338,10000,2274.0,1
339,10000,2135.0,1
340,10000,2128.0,1
341,10000,2171.0,1
342,10000,2149.0,1
343,10000,2128.0,1
344,10000,2210.0,1
345,10000,2164.0,1
346,10000,2274.0,1
347,10000,2185.0,1
348,10000,2125.0,1
349,10000,2181.0,1
350,10000,4052.0,1
351,10000,4037.0,1
352,10000,4039.0,1
353,10000,4035.0,1
354,10000,4041.0,1
355,10000,4041.0,1
356,10000,4043.0,1
357,10000,4046.0,1
358,10000,4036.0,1
359,10000,4063.0,1
360,10000,4029.0,1
361,10000,4034.0,1
362,10000,4032.0,1
363,10000,4030.0,1
364,10000,4035.0,1
365,10000,4463.0,1
366,10000,4474.0,1
367,10000,4400.0,1
368,10000,4475.0,1
369,10000,4433.0,1
370,10000,4471.0,1
371,10000,4514.0,1
372,10000,4548.0,1
373,10000,4473.0,1
374,10000,4548.0,1
375,10000,4430.0,1
376,10000,4430.0,1
377,10000,4442.0,1
378,10000,4478.0,1
379,10000,4475.0,1
380,10000,11430.0,1
381,10000,11318.0,1
382,10000,11318.0,1
383,10000,11361.0,1
384,10000,11361.0,1
385,10000,11430.0,1
386,10000,11432.0,1
387,10000,11430.0,1
388,10000,11713.0,1
389,10000,11458.0,1
390,10000,11384.0,1
391,10000,11385.0,1
392,10000,11489.0,1
393,10000,11330.0,1
394,10000,11413.0,1
395,10000,11879.0,1
396,10000,11868.0,1
397,10000,11935.0,1
398,10000,11854.0,1
399,10000,11885.0,1
400,10000,11806.0,1
401,10000,11853.0,1
402,10000,11842.0,1
403,10000,11874.0,1
404,10000,11842.0,1
405,10000,11862.0,1
406,10000,11925.0,1
407,10000,11937.0,1
408,10000,11845.0,1
409,10000,11816.0,1
410,10000,14072.0,1
411,10000,14090.0,1
412,10000,14091.0,1
413,10000,14070.0,1
414,10000,14114.0,1
415,10000,14116.0,1
416,10000,14074.0,1
417,10000,14154.0,1
418,10000,14115.0,1
419,10000,14033.0,1
420,10000,14112.0,1
421,10000,14126.0,1
422,10000,14057.0,1
423,10000,14128.0,1
424,10000,14074.0,1
425,10000,12959.0,1
426,10000,12890.0,1
427,10000,12943.0,1
428,10000,12926.0,1
429,10000,12954.0,1
430,10000,12931.0,1
431,10000,12936.0,1
432,10000,12936.0,1
433,10000,12962.0,1
434,10000,12931.0,1
435,10000,12893.0,1
436,10000,12967.0,1
437,10000,12974.0,1
438,10000,12899.0,1
439,10000,12692.0,1
440,10000,12685.0,1
441,10000,12706.0,1
442,10000,12753.0,1
443,10000,12723.0,1
444,10000,12768.0,1
445,10000,12678.0,1
446,10000,12648.0,1
447,10000,12629.0,1
448,10000,12620.0,1
449,10000,12650.0,1
450,10000,12768.0,1
451,10000,12869.0,1
452,10000,12704.0,1
453,10000,12708.0,1
454,10000,2042.0,1
455,10000,2052.0,1
456,10000,2065.0,1
457,10000,1987.0,1
458,10000,2052.0,1
459,10000,2053.0,1
460,10000,2047.0,1
461,10000,2054.0,1
462,10000,2043.0,1
463,10000,2046.0,1
464,10000,2028.0,1
465,10000,2045.0,1
466,10000,2051.0,1
467,10000,2065.0,1
468,10000,2051.0,1
469,10000,11415.0,1
470,10000,11329.0,1
471,10000,11591.0,1
472,10000,11661.0,1
473,10000,11356.0,1
474,10000,11429.0,1
475,10000,11357.0,1
476,10000,11432.0,1
477,10000,11291.0,1
478,10000,11344.0,1
479,10000,11379.0,1
480,10000,11579.0,1
481,10000,11612.0,1
482,10000,11440.0,1
483,10000,11334.0,1
484,10000,11779.0,1
485,10000,11774.0,1
486,10000,11756.0,1
487,10000,12115.0,1
488,10000,11774.0,1
489,10000,11792.0,1
490,10000,11835.0,1
491,10000,11888.0,1
492,10000,11789.0,1
493,10000,11944.0,1
494,10000,12197.0,1
495,10000,12008.0,1
496,10000,11744.0,1
497,10000,11782.0,1
498,10000,11963.0,1
499,10000,13982.0,1
500,10000,14245.0,1
501,10000,13977.0,1
502,10000,13952.0,1
503,10000,14013.0,1
504,10000,13929.0,1
505,10000,13950.0,1
506,10000,13948.0,1
507,10000,14013.0,1
508,10000,13973.0,1
509,10000,13953.0,1
510,10000,13948.0,1
511,10000,13947.0,1
512,10000,14006.0,1
513,10000,13990.0,1
514,10000,970.0,1
515,10000,970.0,1
516,10000,937.0,1
517,10000,935.0,1
518,10000,953.0,1
519,10000,937.0,1
520,10000,971.0,1
521,10000,1021.0,1
522,10000,971.0,1
523,10000,932.0,1
524,10000,947.0,1
525,10000,992.0,1
526,10000,955.0,1
527,10000,992.0,1
528,10000,961.0,1
529,10000,10817.0,1
530,10000,10789.0,1
531,10000,10798.0,1
532,10000,10813.0,1
533,10000,10841.0,1
534,10000,10769.0,1
535,10000,10804.0,1
536,10000,10806.0,1
537,10000,10802.0,1
538,10000,10760.0,1
539,10000,10820.0,1
540,10000,10778.0,1
541,10000,10758.0,1
542,10000,10810.0,1
543,10000,10810.0,1
544,10000,11708.0,1
545,10000,11765.0,1
546,10000,11793.0,1
547,10000,11996.0,1
548,10000,11745.0,1
549,10000,11749.0,1
550,10000,11753.0,1
551,10000,11745.0,1
552,10000,11979.0,1
553,10000,11793.0,1
554,10000,11722.0,1
555,10000,11773.0,1
556,10000,11765.0,1
557,10000,11716.0,1
558,10000,11745.0,1
559,10000,10480.0,1
560,10000,10492.0,1
561,10000,10437.0,1
562,10000,10506.0,1
563,10000,10454.0,1
564,10000,10507.0,1
565,10000,10413.0,1
566,10000,10492.0,1
567,10000,10644.0,1
568,10000,10622.0,1
569,10000,10437.0,1
570,10000,10430.0,1
571,10000,10427.0,1
572,10000,10480.0,1
573,10000,10633.0,1
574,10000,13245.0,1
575,10000,13160.0,1
576,10000,13136.0,1
577,10000,13079.0,1
578,10000,13134.0,1
579,10000,13268.0,1
580,10000,13099.0,1
581,10000,13172.0,1
582,10000,13673.0,1
583,10000,13126.0,1
584,10000,13076.0,1
585,10000,13153.0,1
586,10000,13165.0,1
587,10000,13640.0,1
588,10000,13138.0,1
589,10000,11181.0,2
590,10000,11146.0,2
591,10000,11194.0,2
592,10000,11141.0,2
593,10000,11141.0,2
594,10000,11161.0,2
595,10000,11197.0,2
596,10000,11160.0,2
597,10000,11150.0,2
598,10000,11158.0,2
599,10000,11185.0,2
600,10000,11441.0,2
601,10000,11216.0,2
602,10000,11122.0,2
603,10000,11521.0,2
604,10000,11367.0,2
605,10000,11341.0,2
606,10000,11358.0,2
607,10000,11171.0,2
608,10000,11158.0,2
609,10000,11130.0,2
610,10000,11127.0,2
611,10000,11495.0,2
612,10000,11165.0,2
613,10000,11127.0,2
614,10000,11171.0,2
615,10000,11160.0,2
616,10000,11125.0,2
617,10000,11207.0,2
618,10000,11133.0,2
619,10000,11493.0,2
620,10000,11520.0,2
621,10000,11572.0,2
622,10000,11569.0,2
623,10000,11534.0,2
624,10000,11530.0,2
625,10000,11568.0,2
626,10000,11508.0,2
627,10000,11510.0,2
628,10000,11583.0,2
629,10000,11533.0,2
630,10000,11741.0,2
631,10000,11524.0,2
632,10000,11534.0,2
633,10000,11483.0,2
634,10000,2043.0,2
635,10000,2017.0,2
636,10000,2036.0,2
637,10000,2015.0,2
638,10000,2113.0,2
639,10000,2001.0,2
640,10000,2012.0,2
641,10000,2036.0,2
642,10000,2026.0,2
643,10000,1989.0,2
644,10000,2014.0,2
645,10000,2024.0,2
646,10000,2030.0,2
647,10000,2050.0,2
648,10000,2017.0,2
649,10000,4087.0,2
650,10000,4114.0,2
651,10000,4077.0,2
652,10000,4147.0,2
653,10000,4117.0,2
654,10000,4078.0,2
655,10000,4049.0,2
656,10000,4074.0,2
657,10000,4052.0,2
658,10000,4091.0,2
659,10000,4103.0,2
660,10000,4121.0,2
661,10000,4122.0,2
662,10000,4147.0,2
663,10000,4079.0,2
664,10000,4300.0,2
665,10000,4298.0,2
666,10000,4287.0,2
667,10000,4293.0,2
668,10000,4281.0,2
669,10000,4292.0,2
670,10000,4289.0,2
671,10000,4286.0,2
672,10000,4297.0,2
673,10000,4335.0,2
674,10000,4321.0,2
675,10000,4281.0,2
676,10000,4274.0,2
677,10000,4403.0,2
678,10000,4300.0,2
679,10000,11485.0,2
680,10000,11510.0,2
681,10000,11485.0,2
682,10000,11503.0,2
683,10000,11485.0,2
684,10000,11502.0,2
685,10000,11659.0,2
686,10000,11478.0,2
687,10000,11503.0,2
688,10000,11530.0,2
689,10000,11470.0,2
690,10000,11502.0,2
691,10000,11472.0,2
692,10000,11503.0,2
693,10000,11536.0,2
694,10000,11782.0,2
695,10000,11727.0,2
696,10000,11800.0,2
697,10000,11746.0,2
698,10000,11931.0,2
699,10000,11792.0,2
700,10000,12084.0,2
701,10000,11821.0,2
702,10000,11775.0,2
703,10000,11724.0,2
704,10000,11792.0,2
705,10000,12084.0,2
706,10000,11779.0,2
707,10000,11729.0,2
708,10000,11821.0,2
709,10000,14322.0,2
710,10000,14294.0,2
711,10000,14336.0,2
712,10000,14322.0,2
713,10000,14276.0,2
714,10000,14322.0,2
715,10000,14280.0,2
716,10000,14307.0,2
717,10000,14279.0,2
718,10000,14293.0,2
719,10000,14294.0,2
720,10000,14417.0,2
721,10000,14299.0,2
722,10000,14417.0,2
723,10000,14315.0,2
724,10000,13307.0,2
725,10000,13223.0,2
726,10000,13243.0,2
727,10000,13218.0,2
728,10000,13256.0,2
729,10000,13281.0,2
730,10000,13250.0,2
731,10000,13249.0,2
732,10000,13216.0,2
733,10000,13310.0,2
734,10000,13216.0,2
735,10000,13204.0,2
736,10000,13254.0,2
737,10000,13228.0,2
738,10000,13218.0,2
739,10000,12648.0,2
740,10000,12664.0,2
741,10000,12640.0,2
742,10000,12698.0,2
743,10000,12715.0,2
744,10000,12630.0,2
745,10000,12698.0,2
746,10000,12717.0,2
747,10000,12659.0,2
748,10000,12658.0,2
749,10000,12662.0,2
750,10000,12678.0,2
751,10000,12666.0,2
752,10000,12936.0,2
753,10000,13008.0,2
754,10000,1795.0,2
755,10000,1809.0,2
756,10000,1800.0,2
757,10000,1806.0,2
758,10000,1816.0,2
759,10000,1783.0,2
760,10000,1795.0,2
761,10000,1835.0,2
762,10000,1835.0,2
763,10000,1842.0,2
764,10000,1789.0,2
765,10000,1784.0,2
766,10000,1796.0,2
767,10000,1823.0,2
768,10000,1842.0,2
769,10000,11496.0,2
770,10000,11477.0,2
771,10000,11463.0,2
772,10000,11462.0,2
773,10000,11457.0,2
774,10000,11497.0,2
775,10000,11503.0,2
776,10000,11480.0,2
777,10000,11441.0,2
778,10000,11498.0,2
779,10000,11451.0,2
780,10000,11655.0,2
781,10000,11718.0,2
782,10000,11478.0,2
783,10000,11497.0,2
784,10000,11913.0,2
785,10000,12089.0,2
786,10000,12123.0,2
787,10000,11894.0,2
788,10000,11968.0,2
789,10000,11936.0,2
790,10000,11913.0,2
791,10000,12098.0,2
792,10000,11927.0,2
793,10000,11924.0,2
794,10000,11895.0,2
795,10000,11913.0,2
796,10000,11895.0,2
797,10000,11929.0,2
798,10000,11913.0,2
799,10000,14028.0,2
800,10000,14132.0,2
801,10000,14007.0,2
802,10000,13952.0,2
803,10000,13995.0,2
804,10000,14386.0,2
805,10000,13966.0,2
806,10000,14019.0,2
807,10000,14018.0,2
808,10000,13996.0,2
809,10000,13978.0,2
810,10000,13997.0,2
811,10000,14000.0,2
812,10000,13984.0,2
813,10000,14011.0,2
814,10000,878.0,2
815,10000,896.0,2
816,10000,927.0,2
817,10000,927.0,2
818,10000,898.0,2
819,10000,896.0,2
820,10000,873.0,2
821,10000,905.0,2
822,10000,910.0,2
823,10000,906.0,2
824,10000,892.0,2
825,10000,943.0,2
826,10000,892.0,2
827,10000,938.0,2
828,10000,931.0,2
829,10000,10634.0,2
830,10000,10633.0,2
831,10000,10847.0,2
832,10000,10633.0,2
833,10000,10690.0,2
834,10000,10836.0,2
835,10000,10636.0,2
836,10000,10618.0,2
837,10000,10609.0,2
838,10000,10609.0,2
839,10000,10627.0,2
840,10000,10618.0,2
841,10000,10582.0,2
842,10000,10585.0,2
843,10000,10795.0,2
844,10000,11779.0,2
845,10000,11748.0,2
846,10000,11719.0,2
847,10000,11696.0,2
848,10000,11722.0,2
849,10000,11967.0,2
850,10000,11748.0,2
851,10000,11748.0,2
852,10000,11719.0,2
853,10000,11722.0,2
854,10000,11696.0,2
855,10000,11962.0,2
856,10000,11677.0,2
857,10000,11713.0,2
858,10000,11943.0,2
859,10000,10480.0,2
860,10000,10535.0,2
861,10000,10737.0,2
862,10000,10460.0,2
863,10000,10541.0,2
864,10000,10520.0,2
865,10000,10511.0,2
866,10000,10503.0,2
867,10000,10499.0,2
868,10000,10538.0,2
869,10000,10495.0,2
870,10000,10476.0,2
871,10000,10504.0,2
872,10000,10524.0,2
873,10000,10698.0,2
874,10000,13110.0,2
875,10000,13400.0,2
876,10000,13349.0,2
877,10000,13093.0,2
878,10000,13073.0,2
879,10000,13120.0,2
880,10000,13058.0,2
881,10000,13027.0,2
882,10000,13386.0,2
883,10000,13085.0,2
884,10000,13085.0,2
885,10000,13088.0,2
886,10000,13064.0,2
887,10000,13031.0,2
888,10000,13031.0,2
889,10000,10945.0,3
890,10000,11243.0,3
891,10000,11027.0,3
892,10000,10970.0,3
893,10000,10932.0,3
894,10000,10976.0,3
895,10000,10969.0,3
896,10000,10917.0,3
897,10000,10956.0,3
898,10000,11233.0,3
899,10000,11151.0,3
900,10000,10956.0,3
901,10000,11164.0,3
902,10000,11027.0,3
903,10000,10996.0,3
904,10000,11155.0,3
905,10000,11147.0,3
906,10000,11138.0,3
907,10000,11147.0,3
908,10000,11138.0,3
909,10000,11134.0,3
910,10000,11360.0,3
911,10000,11356.0,3
912,10000,11153.0,3
913,10000,11128.0,3
914,10000,11380.0,3
915,10000,11106.0,3
916,10000,11134.0,3
917,10000,11111.0,3
918,10000,11097.0,3
919,10000,11455.0,3
920,10000,11519.0,3
921,10000,11454.0,3
922,10000,11466.0,3
923,10000,11526.0,3
924,10000,11532.0,3
925,10000,11683.0,3
926,10000,11528.0,3
927,10000,11472.0,3
928,10000,11451.0,3
929,10000,11482.0,3
930,10000,11532.0,3
931,10000,11520.0,3
932,10000,11754.0,3
933,10000,11869.0,3
934,10000,1836.0,3
935,10000,1816.0,3
936,10000,1796.0,3
937,10000,1809.0,3
938,10000,1816.0,3
939,10000,1752.0,3
940,10000,1800.0,3
941,10000,1809.0,3
942,10000,1836.0,3
943,10000,1799.0,3
944,10000,1821.0,3
945,10000,1800.0,3
946,10000,1816.0,3
947,10000,1811.0,3
948,10000,1813.0,3
949,10000,3886.0,3
950,10000,3886.0,3
951,10000,3858.0,3
952,10000,3849.0,3
953,10000,3851.0,3
954,10000,3823.0,3
955,10000,3837.0,3
956,10000,3866.0,3
957,10000,3980.0,3
958,10000,3855.0,3
959,10000,3823.0,3
960,10000,3845.0,3
961,10000,3840.0,3
962,10000,3844.0,3
963,10000,3838.0,3
964,10000,4286.0,3
965,10000,4345.0,3
966,10000,4339.0,3
967,10000,4261.0,3
968,10000,4356.0,3
969,10000,4341.0,3
970,10000,4314.0,3
971,10000,4315.0,3
972,10000,4225.0,3
973,10000,4308.0,3
974,10000,4297.0,3
975,10000,4321.0,3
976,10000,4308.0,3
977,10000,4356.0,3
978,10000,4336.0,3
979,10000,11261.0,3
980,10000,11220.0,3
981,10000,11334.0,3
982,10000,11280.0,3
983,10000,11227.0,3
984,10000,11227.0,3
985,10000,11254.0,3
986,10000,11210.0,3
987,10000,11286.0,3
988,10000,11278.0,3
989,10000,11213.0,3
990,10000,11273.0,3
991,10000,11217.0,3
992,10000,11350.0,3
993,10000,11237.0,3
994,10000,11620.0,3
995,10000,11656.0,3
996,10000,11904.0,3
997,10000,11623.0,3
998,10000,11850.0,3
999,10000,11943.0,3
1000,10000,11687.0,3
1001,10000,11623.0,3
1002,10000,11656.0,3
1003,10000,11698.0,3
1004,10000,11670.0,3
1005,10000,11634.0,3
1006,10000,11642.0,3
1007,10000,11619.0,3
1008,10000,11920.0,3
1009,10000,13943.0,3
1010,10000,13944.0,3
1011,10000,13936.0,3
1012,10000,13906.0,3
1013,10000,13952.0,3
1014,10000,13939.0,3
1015,10000,13902.0,3
1016,10000,13935.0,3
1017,10000,13935.0,3
1018,10000,13906.0,3
1019,10000,13938.0,3
1020,10000,13941.0,3
1021,10000,13902.0,3
1022,10000,13957.0,3
1023,10000,13938.0,3
1024,10000,12993.0,3
1025,10000,13272.0,3
1026,10000,13069.0,3
1027,10000,13007.0,3
1028,10000,13005.0,3
1029,10000,13062.0,3
1030,10000,12948.0,3
1031,10000,12976.0,3
1032,10000,12954.0,3
1033,10000,12944.0,3
1034,10000,13004.0,3
1035,10000,13015.0,3
1036,10000,12985.0,3
1037,10000,12966.0,3
1038,10000,12993.0,3
1039,10000,12670.0,3
1040,10000,12681.0,3
1041,10000,12602.0,3
1042,10000,12681.0,3
1043,10000,12676.0,3
1044,10000,12678.0,3
1045,10000,12651.0,3
1046,10000,12684.0,3
1047,10000,12602.0,3
1048,10000,12602.0,3
1049,10000,12660.0,3
1050,10000,12706.0,3
1051,10000,12651.0,3
1052,10000,12644.0,3
1053,10000,12698.0,3
1054,10000,1671.0,3
1055,10000,1633.0,3
1056,10000,1640.0,3
1057,10000,1630.0,3
1058,10000,1632.0,3
1059,10000,1664.0,3
1060,10000,1649.0,3
1061,10000,1647.0,3
1062,10000,1668.0,3
1063,10000,1789.0,3
1064,10000,1612.0,3
1065,10000,1645.0,3
1066,10000,1710.0,3
1067,10000,1627.0,3
1068,10000,1642.0,3
1069,10000,11358.0,3
1070,10000,11305.0,3
1071,10000,11397.0,3
1072,10000,11605.0,3
1073,10000,11326.0,3
1074,10000,11376.0,3
1075,10000,11527.0,3
1076,10000,11358.0,3
1077,10000,11277.0,3
1078,10000,11531.0,3
1079,10000,11311.0,3
1080,10000,11565.0,3
1081,10000,11346.0,3
1082,10000,11405.0,3
1083,10000,11290.0,3
1084,10000,12058.0,3
1085,10000,11897.0,3
1086,10000,11846.0,3
1087,10000,11845.0,3
1088,10000,11863.0,3
1089,10000,11990.0,3
1090,10000,11867.0,3
1091,10000,11812.0,3
1092,10000,11946.0,3
1093,10000,11817.0,3
1094,10000,11863.0,3
1095,10000,11827.0,3
1096,10000,11820.0,3
1097,10000,12069.0,3
1098,10000,11811.0,3
1099,10000,13889.0,3
1100,10000,13821.0,3
1101,10000,13870.0,3
1102,10000,13793.0,3
1103,10000,13825.0,3
1104,10000,13785.0,3
1105,10000,13845.0,3
1106,10000,13832.0,3
1107,10000,14044.0,3
1108,10000,13831.0,3
1109,10000,14165.0,3
1110,10000,13841.0,3
1111,10000,13833.0,3
1112,10000,13827.0,3
1113,10000,13845.0,3
1114,10000,1095.0,3
1115,10000,1114.0,3
1116,10000,1109.0,3
1117,10000,1098.0,3
1118,10000,1107.0,3
1119,10000,1090.0,3
1120,10000,1108.0,3
1121,10000,1138.0,3
1122,10000,1108.0,3
1123,10000,1093.0,3
1124,10000,1111.0,3
1125,10000,1133.0,3
1126,10000,1091.0,3
1127,10000,1135.0,3
1128,10000,1145.0,3
1129,10000,10722.0,3
1130,10000,10665.0,3
1131,10000,10848.0,3
1132,10000,10901.0,3
1133,10000,10699.0,3
1134,10000,10923.0,3
1135,10000,10672.0,3
1136,10000,10717.0,3
1137,10000,10917.0,3
1138,10000,10672.0,3
1139,10000,10737.0,3
1140,10000,10737.0,3
1141,10000,10736.0,3
1142,10000,10672.0,3
1143,10000,10700.0,3
1144,10000,11932.0,3
1145,10000,12151.0,3
1146,10000,11908.0,3
1147,10000,11917.0,3
1148,10000,12098.0,3
1149,10000,11917.0,3
1150,10000,11884.0,3
1151,10000,11925.0,3
1152,10000,11929.0,3
1153,10000,11897.0,3
1154,10000,11886.0,3
1155,10000,12054.0,3
1156,10000,11931.0,3
1157,10000,11881.0,3
1158,10000,12137.0,3
1159,10000,10595.0,3
1160,10000,10532.0,3
1161,10000,10744.0,3
1162,10000,10526.0,3
1163,10000,10562.0,3
1164,10000,10610.0,3
1165,10000,10546.0,3
1166,10000,10672.0,3
1167,10000,10599.0,3
1168,10000,10529.0,3
1169,10000,10602.0,3
1170,10000,10505.0,3
1171,10000,10572.0,3
1172,10000,10546.0,3
1173,10000,10754.0,3
1174,10000,13048.0,3
1175,10000,13310.0,3
1176,10000,12982.0,3
1177,10000,13014.0,3
1178,10000,13014.0,3
1179,10000,13007.0,3
1180,10000,13021.0,3
1181,10000,13035.0,3
1182,10000,12991.0,3
1183,10000,12965.0,3
1184,10000,13020.0,3
1185,10000,13027.0,3
1186,10000,12956.0,3
1187,10000,12962.0,3
1188,10000,12987.0,3
1189,10000,10923.0,4
1190,10000,10911.0,4
1191,10000,10930.0,4
1192,10000,11158.0,4
1193,10000,10907.0,4
1194,10000,10938.0,4
1195,10000,10922.0,4
1196,10000,11161.0,4
1197,10000,10963.0,4
1198,10000,10929.0,4
1199,10000,10907.0,4
1200,10000,10951.0,4
1201,10000,10959.0,4
1202,10000,10967.0,4
1203,10000,10897.0,4
1204,10000,11122.0,4
1205,10000,11084.0,4
1206,10000,11274.0,4
1207,10000,11274.0,4
1208,10000,11064.0,4
1209,10000,11056.0,4
1210,10000,11395.0,4
1211,10000,11129.0,4
1212,10000,11148.0,4
1213,10000,11186.0,4
1214,10000,11173.0,4
1215,10000,11112.0,4
1216,10000,11063.0,4
1217,10000,11137.0,4
1218,10000,11112.0,4
1219,10000,11388.0,4
1220,10000,11440.0,4
1221,10000,11388.0,4
1222,10000,11482.0,4
1223,10000,11489.0,4
1224,10000,11468.0,4
1225,10000,11457.0,4
1226,10000,11482.0,4
1227,10000,11648.0,4
1228,10000,11386.0,4
1229,10000,11593.0,4
1230,10000,11457.0,4
1231,10000,11412.0,4
1232,10000,11423.0,4
1233,10000,11646.0,4
1234,10000,2023.0,4
1235,10000,2074.0,4
1236,10000,2077.0,4
1237,10000,2034.0,4
1238,10000,2039.0,4
1239,10000,2074.0,4
1240,10000,2004.0,4
1241,10000,1996.0,4
1242,10000,2111.0,4
1243,10000,1973.0,4
1244,10000,2111.0,4
1245,10000,2007.0,4
1246,10000,2077.0,4
1247,10000,2022.0,4
1248,10000,2074.0,4
1249,10000,3990.0,4
1250,10000,3979.0,4
1251,10000,3971.0,4
1252,10000,3968.0,4
1253,10000,3974.0,4
1254,10000,3988.0,4
1255,10000,3964.0,4
1256,10000,3988.0,4
1257,10000,3978.0,4
1258,10000,3978.0,4
1259,10000,3956.0,4
1260,10000,3974.0,4
1261,10000,3968.0,4
1262,10000,3968.0,4
1263,10000,3976.0,4
1264,10000,4109.0,4
1265,10000,4109.0,4
1266,10000,4139.0,4
1267,10000,4137.0,4
1268,10000,4163.0,4
1269,10000,4138.0,4
1270,10000,4189.0,4
1271,10000,4175.0,4
1272,10000,4110.0,4
1273,10000,4189.0,4
1274,10000,4149.0,4
1275,10000,4164.0,4
1276,10000,4159.0,4
1277,10000,4126.0,4
1278,10000,4159.0,4
1279,10000,11124.0,4
1280,10000,11232.0,4
1281,10000,11176.0,4
1282,10000,11115.0,4
1283,10000,11221.0,4
1284,10000,11173.0,4
1285,10000,11225.0,4
1286,10000,11191.0,4
1287,10000,11228.0,4
1288,10000,11191.0,4
1289,10000,11232.0,4
1290,10000,11519.0,4
1291,10000,11217.0,4
1292,10000,11242.0,4
1293,10000,11182.0,4
1294,10000,11633.0,4
1295,10000,11570.0,4
1296,10000,11648.0,4
1297,10000,11844.0,4
1298,10000,11622.0,4
1299,10000,11651.0,4
1300,10000,11611.0,4
1301,10000,11565.0,4
1302,10000,11601.0,4
1303,10000,11748.0,4
1304,10000,12049.0,4
1305,10000,11752.0,4
1306,10000,11765.0,4
1307,10000,11604.0,4
1308,10000,11589.0,4
1309,10000,14255.0,4
1310,10000,14266.0,4
1311,10000,14236.0,4
1312,10000,14318.0,4
1313,10000,14266.0,4
1314,10000,14613.0,4
1315,10000,14272.0,4
1316,10000,14224.0,4
1317,10000,14298.0,4
1318,10000,14305.0,4
1319,10000,14308.0,4
1320,10000,14289.0,4
1321,10000,14254.0,4
1322,10000,14286.0,4
1323,10000,14254.0,4
1324,10000,13077.0,4
1325,10000,13063.0,4
1326,10000,13050.0,4
1327,10000,13018.0,4
1328,10000,13118.0,4
1329,10000,13118.0,4
1330,10000,13063.0,4
1331,10000,13037.0,4
1332,10000,12994.0,4
1333,10000,12994.0,4
1334,10000,13043.0,4
1335,10000,13091.0,4
1336,10000,13051.0,4
1337,10000,13011.0,4
1338,10000,13014.0,4
1339,10000,12685.0,4
1340,10000,12667.0,4
1341,10000,12628.0,4
1342,10000,12652.0,4
1343,10000,12676.0,4
1344,10000,12740.0,4
1345,10000,12708.0,4
1346,10000,12783.0,4
1347,10000,12738.0,4
1348,10000,12619.0,4
1349,10000,12637.0,4
1350,10000,12637.0,4
1351,10000,12649.0,4
1352,10000,12752.0,4
1353,10000,12656.0,4
1354,10000,1678.0,4
1355,10000,1666.0,4
1356,10000,1679.0,4
1357,10000,1688.0,4
1358,10000,1665.0,4
1359,10000,1674.0,4
1360,10000,1681.0,4
1361,10000,1736.0,4
1362,10000,1700.0,4
1363,10000,1684.0,4
1364,10000,1691.0,4
1365,10000,1696.0,4
1366,10000,1702.0,4
1367,10000,1675.0,4
1368,10000,1736.0,4
1369,10000,11409.0,4
1370,10000,11366.0,4
1371,10000,11610.0,4
1372,10000,11375.0,4
1373,10000,11350.0,4
1374,10000,11617.0,4
1375,10000,11377.0,4
1376,10000,11374.0,4
1377,10000,11407.0,4
1378,10000,11581.0,4
1379,10000,11409.0,4
1380,10000,11590.0,4
1381,10000,11381.0,4
1382,10000,11360.0,4
1383,10000,11407.0,4
1384,10000,11761.0,4
1385,10000,12023.0,4
1386,10000,11807.0,4
1387,10000,11801.0,4
1388,10000,11811.0,4
1389,10000,11801.0,4
1390,10000,11816.0,4
1391,10000,11801.0,4
1392,10000,11876.0,4
1393,10000,11815.0,4
1394,10000,11994.0,4
1395,10000,11805.0,4
1396,10000,11761.0,4
1397,10000,11946.0,4
1398,10000,11803.0,4
1399,10000,13658.0,4
1400,10000,13679.0,4
1401,10000,13655.0,4
1402,10000,13671.0,4
1403,10000,13660.0,4
1404,10000,13573.0,4
1405,10000,13662.0,4
1406,10000,13672.0,4
1407,10000,13617.0,4
1408,10000,13621.0,4
1409,10000,13621.0,4
1410,10000,13616.0,4
1411,10000,13652.0,4
1412,10000,13659.0,4
1413,10000,13618.0,4
1414,10000,934.0,4
1415,10000,936.0,4
1416,10000,934.0,4
1417,10000,935.0,4
1418,10000,946.0,4
1419,10000,928.0,4
1420,10000,913.0,4
1421,10000,946.0,4
1422,10000,932.0,4
1423,10000,912.0,4
1424,10000,943.0,4
1425,10000,1044.0,4
1426,10000,917.0,4
1427,10000,996.0,4
1428,10000,953.0,4
1429,10000,10690.0,4
1430,10000,10705.0,4
1431,10000,10705.0,4
1432,10000,10849.0,4
1433,10000,10688.0,4
1434,10000,10700.0,4
1435,10000,10716.0,4
1436,10000,10688.0,4
1437,10000,10908.0,4
1438,10000,10690.0,4
1439,10000,10882.0,4
1440,10000,10678.0,4
1441,10000,10694.0,4
1442,10000,10659.0,4
1443,10000,10908.0,4
1444,10000,12170.0,4
1445,10000,11975.0,4
1446,10000,12207.0,4
1447,10000,12021.0,4
1448,10000,12011.0,4
1449,10000,12011.0,4
1450,10000,11963.0,4
1451,10000,12023.0,4
1452,10000,12069.0,4
1453,10000,12025.0,4
1454,10000,11988.0,4
1455,10000,11998.0,4
1456,10000,11966.0,4
1457,10000,12212.0,4
1458,10000,12236.0,4
1459,10000,10301.0,4
1460,10000,10315.0,4
1461,10000,10576.0,4
1462,10000,10311.0,4
1463,10000,10387.0,4
1464,10000,10360.0,4
1465,10000,10368.0,4
1466,10000,10585.0,4
1467,10000,10334.0,4
1468,10000,10554.0,4
1469,10000,10379.0,4
1470,10000,10360.0,4
1471,10000,10361.0,4
1472,10000,10336.0,4
1473,10000,10334.0,4
1474,10000,12972.0,4
1475,10000,12902.0,4
1476,10000,12931.0,4
1477,10000,12868.0,4
1478,10000,12862.0,4
1479,10000,12857.0,4
1480,10000,12885.0,4
1481,10000,12844.0,4
1482,10000,12972.0,4
1483,10000,12891.0,4
1484,10000,13086.0,4
1485,10000,12925.0,4
1486,10000,12894.0,4
1487,10000,12856.0,4
1488,10000,12910.0,4
1489,10000,10872.0,5
1490,10000,10883.0,5
1491,10000,10858.0,5
1492,10000,10893.0,5
1493,10000,10900.0,5
1494,10000,10848.0,5
1495,10000,10867.0,5
1496,10000,10912.0,5
1497,10000,10932.0,5
1498,10000,10887.0,5
1499,10000,10831.0,5
1500,10000,11000.0,5
1501,10000,10918.0,5
1502,10000,10851.0,5
1503,10000,10872.0,5
1504,10000,11204.0,5
1505,10000,11197.0,5
1506,10000,11161.0,5
1507,10000,11193.0,5
1508,10000,11157.0,5
1509,10000,11204.0,5
1510,10000,11184.0,5
1511,10000,11385.0,5
1512,10000,11185.0,5
1513,10000,11154.0,5
1514,10000,11192.0,5
1515,10000,11154.0,5
1516,10000,11161.0,5
1517,10000,11197.0,5
1518,10000,11339.0,5
1519,10000,11484.0,5
1520,10000,11518.0,5
1521,10000,11512.0,5
1522,10000,11524.0,5
1523,10000,11716.0,5
1524,10000,11502.0,5
1525,10000,11562.0,5
1526,10000,11807.0,5
1527,10000,11524.0,5
1528,10000,11522.0,5
1529,10000,11834.0,5
1530,10000,11562.0,5
1531,10000,11510.0,5
1532,10000,11834.0,5
1533,10000,11500.0,5
1534,10000,2017.0,5
1535,10000,2111.0,5
1536,10000,2057.0,5
1537,10000,2015.0,5
1538,10000,2039.0,5
1539,10000,2063.0,5
1540,10000,2047.0,5
1541,10000,2033.0,5
1542,10000,2055.0,5
1543,10000,1976.0,5
1544,10000,1999.0,5
1545,10000,2111.0,5
1546,10000,2042.0,5
1547,10000,2045.0,5
1548,10000,2010.0,5
1549,10000,3908.0,5
1550,10000,3867.0,5
1551,10000,3870.0,5
1552,10000,3882.0,5
1553,10000,3890.0,5
1554,10000,3920.0,5
1555,10000,3867.0,5
1556,10000,3882.0,5
1557,10000,3881.0,5
1558,10000,3923.0,5
1559,10000,3844.0,5
1560,10000,3885.0,5
1561,10000,3864.0,5
1562,10000,3881.0,5
1563,10000,3872.0,5
1564,10000,4363.0,5
1565,10000,4299.0,5
1566,10000,4319.0,5
1567,10000,4297.0,5
1568,10000,4369.0,5
1569,10000,4314.0,5
1570,10000,4365.0,5
1571,10000,4355.0,5
1572,10000,4308.0,5
1573,10000,4369.0,5
1574,10000,4350.0,5
1575,10000,4330.0,5
1576,10000,4352.0,5
1577,10000,4322.0,5
1578,10000,4344.0,5
1579,10000,11160.0,5
1580,10000,11175.0,5
1581,10000,11158.0,5
1582,10000,11173.0,5
1583,10000,11354.0,5
1584,10000,11120.0,5
1585,10000,11180.0,5
1586,10000,11198.0,5
1587,10000,11205.0,5
1588,10000,11204.0,5
1589,10000,11151.0,5
1590,10000,11188.0,5
1591,10000,11168.0,5
1592,10000,11200.0,5
1593,10000,11152.0,5
1594,10000,11640.0,5
1595,10000,11650.0,5
1596,10000,11676.0,5
1597,10000,11631.0,5
1598,10000,11889.0,5
1599,10000,11685.0,5
1600,10000,11680.0,5
1601,10000,11693.0,5
1602,10000,11676.0,5
1603,10000,11649.0,5
1604,10000,11699.0,5
1605,10000,11710.0,5
1606,10000,11693.0,5
1607,10000,11689.0,5
1608,10000,11697.0,5
1609,10000,14165.0,5
1610,10000,14206.0,5
1611,10000,14194.0,5
1612,10000,14188.0,5
1613,10000,14166.0,5
1614,10000,14165.0,5
1615,10000,14193.0,5
1616,10000,14214.0,5
1617,10000,14197.0,5
1618,10000,14220.0,5
1619,10000,14182.0,5
1620,10000,14157.0,5
1621,10000,14174.0,5
1622,10000,14207.0,5
1623,10000,14221.0,5
1624,10000,12945.0,5
1625,10000,12880.0,5
1626,10000,12959.0,5
1627,10000,12855.0,5
1628,10000,12852.0,5
1629,10000,12827.0,5
1630,10000,12849.0,5
1631,10000,12883.0,5
1632,10000,12859.0,5
1633,10000,12945.0,5
1634,10000,12842.0,5
1635,10000,12849.0,5
1636,10000,12875.0,5
1637,10000,12854.0,5
1638,10000,12826.0,5
1639,10000,12578.0,5
1640,10000,12525.0,5
1641,10000,12472.0,5
1642,10000,12537.0,5
1643,10000,12603.0,5
1644,10000,12579.0,5
1645,10000,12552.0,5
1646,10000,12497.0,5
1647,10000,12513.0,5
1648,10000,12541.0,5
1649,10000,12522.0,5
1650,10000,12512.0,5
1651,10000,12520.0,5
1652,10000,12603.0,5
1653,10000,12508.0,5
1654,10000,1520.0,5
1655,10000,1519.0,5
1656,10000,1452.0,5
1657,10000,1494.0,5
1658,10000,1474.0,5
1659,10000,1518.0,5
1660,10000,1513.0,5
1661,10000,1509.0,5
1662,10000,1558.0,5
1663,10000,1474.0,5
1664,10000,1469.0,5
1665,10000,1516.0,5
1666,10000,1508.0,5
1667,10000,1503.0,5
1668,10000,1489.0,5
1669,10000,11342.0,5
1670,10000,11341.0,5
1671,10000,11307.0,5
1672,10000,11261.0,5
1673,10000,11659.0,5
1674,10000,11404.0,5
1675,10000,11279.0,5
1676,10000,11281.0,5
1677,10000,11311.0,5
1678,10000,11354.0,5
1679,10000,11641.0,5
1680,10000,11631.0,5
1681,10000,11265.0,5
1682,10000,11354.0,5
1683,10000,11333.0,5
1684,10000,11741.0,5
1685,10000,11753.0,5
1686,10000,11777.0,5
1687,10000,11775.0,5
1688,10000,11881.0,5
1689,10000,11906.0,5
1690,10000,11787.0,5
1691,10000,11806.0,5
1692,10000,11796.0,5
1693,10000,11787.0,5
1694,10000,11893.0,5
1695,10000,11881.0,5
1696,10000,11801.0,5
1697,10000,11806.0,5
1698,10000,11789.0,5
1699,10000,13854.0,5
1700,10000,13976.0,5
1701,10000,13986.0,5
1702,10000,13859.0,5
1703,10000,13875.0,5
1704,10000,13799.0,5
1705,10000,13905.0,5
1706,10000,13955.0,5
1707,10000,13835.0,5
1708,10000,13844.0,5
1709,10000,13875.0,5
1710,10000,13870.0,5
1711,10000,13812.0,5
1712,10000,13860.0,5
1713,10000,13815.0,5
1714,10000,1132.0,5
1715,10000,1236.0,5
1716,10000,1127.0,5
1717,10000,1135.0,5
1718,10000,1180.0,5
1719,10000,1236.0,5
1720,10000,1126.0,5
1721,10000,1181.0,5
1722,10000,1166.0,5
1723,10000,1141.0,5
1724,10000,1169.0,5
1725,10000,1177.0,5
1726,10000,1101.0,5
1727,10000,1172.0,5
1728,10000,1187.0,5
1729,10000,10643.0,5
1730,10000,10643.0,5
1731,10000,10736.0,5
1732,10000,10697.0,5
1733,10000,10709.0,5
1734,10000,10922.0,5
1735,10000,10684.0,5
1736,10000,10676.0,5
1737,10000,10949.0,5
1738,10000,10677.0,5
1739,10000,10657.0,5
1740,10000,10698.0,5
1741,10000,10673.0,5
1742,10000,10673.0,5
1743,10000,10900.0,5
1744,10000,11808.0,5
1745,10000,11812.0,5
1746,10000,11874.0,5
1747,10000,12001.0,5
1748,10000,12015.0,5
1749,10000,11812.0,5
1750,10000,12006.0,5
1751,10000,11824.0,5
1752,10000,11814.0,5
1753,10000,11802.0,5
1754,10000,11824.0,5
1755,10000,11845.0,5
1756,10000,11820.0,5
1757,10000,11810.0,5
1758,10000,12002.0,5
1759,10000,10544.0,5
1760,10000,10712.0,5
1761,10000,10492.0,5
1762,10000,10469.0,5
1763,10000,10489.0,5
1764,10000,10505.0,5
1765,10000,10703.0,5
1766,10000,10505.0,5
1767,10000,10575.0,5
1768,10000,10541.0,5
1769,10000,10519.0,5
1770,10000,10539.0,5
1771,10000,10487.0,5
1772,10000,10553.0,5
1773,10000,10541.0,5
1774,10000,12836.0,5
1775,10000,12864.0,5
1776,10000,12848.0,5
1777,10000,12817.0,5
1778,10000,12868.0,5
1779,10000,12843.0,5
1780,10000,12867.0,5
1781,10000,12827.0,5
1782,10000,12947.0,5
1783,10000,12921.0,5
1784,10000,12898.0,5
1785,10000,12842.0,5
1786,10000,12818.0,5
1787,10000,12874.0,5
1788,10000,12828.0,5
1789,10000,11245.0,6
1790,10000,11189.0,6
1791,10000,10917.0,6
1792,10000,10895.0,6
1793,10000,10863.0,6
1794,10000,10889.0,6
1795,10000,10927.0,6
1796,10000,10927.0,6
1797,10000,10948.0,6
1798,10000,10908.0,6
1799,10000,10864.0,6
1800,10000,11213.0,6
1801,10000,10883.0,6
1802,10000,10897.0,6
1803,10000,10869.0,6
1804,10000,11101.0,6
1805,10000,10949.0,6
1806,10000,11168.0,6
1807,10000,10932.0,6
1808,10000,10933.0,6
1809,10000,10942.0,6
1810,10000,11196.0,6
1811,10000,11005.0,6
1812,10000,10995.0,6
1813,10000,10982.0,6
1814,10000,10939.0,6
1815,10000,11166.0,6
1816,10000,10957.0,6
1817,10000,10995.0,6
1818,10000,10943.0,6
1819,10000,11518.0,6
1820,10000,11243.0,6
1821,10000,11236.0,6
1822,10000,11236.0,6
1823,10000,11254.0,6
1824,10000,11226.0,6
1825,10000,11229.0,6
1826,10000,11226.0,6
1827,10000,11254.0,6
1828,10000,11245.0,6
1829,10000,11239.0,6
1830,10000,11301.0,6
1831,10000,11245.0,6
1832,10000,11478.0,6
1833,10000,11249.0,6
1834,10000,1932.0,6
1835,10000,1895.0,6
1836,10000,1861.0,6
1837,10000,1895.0,6
1838,10000,1837.0,6
1839,10000,1825.0,6
1840,10000,1867.0,6
1841,10000,1969.0,6
1842,10000,1853.0,6
1843,10000,1837.0,6
1844,10000,1894.0,6
1845,10000,1958.0,6
1846,10000,1895.0,6
1847,10000,1863.0,6
1848,10000,1848.0,6
1849,10000,4083.0,6
1850,10000,4074.0,6
1851,10000,4055.0,6
1852,10000,4028.0,6
1853,10000,4047.0,6
1854,10000,4073.0,6
1855,10000,4061.0,6
1856,10000,4059.0,6
1857,10000,4304.0,6
1858,10000,4043.0,6
1859,10000,4043.0,6
1860,10000,4034.0,6
1861,10000,4050.0,6
1862,10000,4046.0,6
1863,10000,4060.0,6
1864,10000,4089.0,6
1865,10000,4085.0,6
1866,10000,4082.0,6
1867,10000,4076.0,6
1868,10000,4084.0,6
1869,10000,4110.0,6
1870,10000,4079.0,6
1871,10000,4075.0,6
1872,10000,4089.0,6
1873,10000,4105.0,6
1874,10000,4091.0,6
1875,10000,4078.0,6
1876,10000,4072.0,6
1877,10000,4079.0,6
1878,10000,4047.0,6
1879,10000,11021.0,6
1880,10000,11319.0,6
1881,10000,11037.0,6
1882,10000,11027.0,6
1883,10000,11046.0,6
1884,10000,11099.0,6
1885,10000,11021.0,6
1886,10000,11047.0,6
1887,10000,11069.0,6
1888,10000,11324.0,6
1889,10000,11069.0,6
1890,10000,11106.0,6
1891,10000,11053.0,6
1892,10000,11079.0,6
1893,10000,11037.0,6
1894,10000,11545.0,6
1895,10000,11614.0,6
1896,10000,11830.0,6
1897,10000,11786.0,6
1898,10000,11546.0,6
1899,10000,11567.0,6
1900,10000,11559.0,6
1901,10000,11569.0,6
1902,10000,11588.0,6
1903,10000,11568.0,6
1904,10000,11575.0,6
1905,10000,11556.0,6
1906,10000,11792.0,6
1907,10000,11543.0,6
1908,10000,11588.0,6
1909,10000,13940.0,6
1910,10000,13960.0,6
1911,10000,13901.0,6
1912,10000,13926.0,6
1913,10000,13925.0,6
1914,10000,13956.0,6
1915,10000,13928.0,6
1916,10000,13926.0,6
1917,10000,13955.0,6
1918,10000,13914.0,6
1919,10000,13942.0,6
1920,10000,13981.0,6
1921,10000,13918.0,6
1922,10000,13940.0,6
1923,10000,13904.0,6
1924,10000,12948.0,6
1925,10000,12903.0,6
1926,10000,12961.0,6
1927,10000,12906.0,6
1928,10000,12943.0,6
1929,10000,12951.0,6
1930,10000,12889.0,6
1931,10000,12893.0,6
1932,10000,12902.0,6
1933,10000,12979.0,6
1934,10000,12922.0,6
1935,10000,12890.0,6
1936,10000,12979.0,6
1937,10000,12945.0,6
1938,10000,12934.0,6
1939,10000,12253.0,6
1940,10000,12250.0,6
1941,10000,12193.0,6
1942,10000,12193.0,6
1943,10000,12248.0,6
1944,10000,12248.0,6
1945,10000,12252.0,6
1946,10000,12259.0,6
1947,10000,12292.0,6
1948,10000,12217.0,6
1949,10000,12218.0,6
1950,10000,12217.0,6
1951,10000,12227.0,6
1952,10000,12214.0,6
1953,10000,12266.0,6
1954,10000,1657.0,6
1955,10000,1678.0,6
1956,10000,1675.0,6
1957,10000,1614.0,6
1958,10000,1667.0,6
1959,10000,1644.0,6
1960,10000,1663.0,6
1961,10000,1713.0,6
1962,10000,1706.0,6
1963,10000,1651.0,6
1964,10000,1637.0,6
1965,10000,1648.0,6
1966,10000,1757.0,6
1967,10000,1675.0,6
1968,10000,1757.0,6
1969,10000,11310.0,6
1970,10000,11158.0,6
1971,10000,11197.0,6
1972,10000,11187.0,6
1973,10000,11183.0,6
1974,10000,11526.0,6
1975,10000,11167.0,6
1976,10000,11230.0,6
1977,10000,11165.0,6
1978,10000,11151.0,6
1979,10000,11503.0,6
1980,10000,11156.0,6
1981,10000,11230.0,6
1982,10000,11148.0,6
1983,10000,11169.0,6
1984,10000,11636.0,6
1985,10000,11658.0,6
1986,10000,11816.0,6
1987,10000,11644.0,6
1988,10000,11666.0,6
1989,10000,11643.0,6
1990,10000,11642.0,6
1991,10000,11644.0,6
1992,10000,11658.0,6
1993,10000,11600.0,6
1994,10000,11639.0,6
1995,10000,11731.0,6
1996,10000,11636.0,6
1997,10000,11661.0,6
1998,10000,11834.0,6
1999,10000,13914.0,6
2000,10000,13997.0,6
2001,10000,14043.0,6
2002,10000,13852.0,6
2003,10000,14027.0,6
2004,10000,13816.0,6
2005,10000,13886.0,6
2006,10000,13940.0,6
2007,10000,13884.0,6
2008,10000,13941.0,6
2009,10000,14049.0,6
2010,10000,13898.0,6
2011,10000,13852.0,6
2012,10000,13898.0,6
2013,10000,13878.0,6
2014,10000,1200.0,6
2015,10000,1242.0,6
2016,10000,1234.0,6
2017,10000,1190.0,6
2018,10000,1246.0,6
2019,10000,1215.0,6
2020,10000,1195.0,6
2021,10000,1252.0,6
2022,10000,1248.0,6
2023,10000,1170.0,6
2024,10000,1224.0,6
2025,10000,1278.0,6
2026,10000,1194.0,6
2027,10000,1257.0,6
2028,10000,1250.0,6
2029,10000,10645.0,6
2030,10000,10618.0,6
2031,10000,10598.0,6
2032,10000,10611.0,6
2033,10000,10683.0,6
2034,10000,10598.0,6
2035,10000,10611.0,6
2036,10000,10598.0,6
2037,10000,10851.0,6
2038,10000,10645.0,6
2039,10000,10648.0,6
2040,10000,10633.0,6
2041,10000,10815.0,6
2042,10000,10664.0,6
2043,10000,10793.0,6
2044,10000,11806.0,6
2045,10000,11781.0,6
2046,10000,11828.0,6
2047,10000,11795.0,6
2048,10000,11828.0,6
2049,10000,11786.0,6
2050,10000,11818.0,6
2051,10000,11837.0,6
2052,10000,11813.0,6
2053,10000,12075.0,6
2054,10000,11842.0,6
2055,10000,12073.0,6
2056,10000,11845.0,6
2057,10000,11837.0,6
2058,10000,12043.0,6
2059,10000,10479.0,6
2060,10000,10688.0,6
2061,10000,10504.0,6
2062,10000,10539.0,6
2063,10000,10516.0,6
2064,10000,10453.0,6
2065,10000,10469.0,6
2066,10000,10496.0,6
2067,10000,10509.0,6
2068,10000,10704.0,6
2069,10000,10504.0,6
2070,10000,10479.0,6
2071,10000,10475.0,6
2072,10000,10496.0,6
2073,10000,10677.0,6
2074,10000,13063.0,6
2075,10000,12719.0,6
2076,10000,12877.0,6
2077,10000,12731.0,6
2078,10000,12713.0,6
2079,10000,12755.0,6
2080,10000,12751.0,6
2081,10000,12696.0,6
2082,10000,12720.0,6
2083,10000,12767.0,6
2084,10000,12738.0,6
2085,10000,12725.0,6
2086,10000,12732.0,6
2087,10000,12753.0,6
2088,10000,12720.0,6
2089,10000,11157.0,7
2090,10000,10956.0,7
2091,10000,11028.0,7
2092,10000,11006.0,7
2093,10000,10983.0,7
2094,10000,11023.0,7
2095,10000,10986.0,7
2096,10000,10999.0,7
2097,10000,11185.0,7
2098,10000,10963.0,7
2099,10000,10986.0,7
2100,10000,10984.0,7
2101,10000,10974.0,7
2102,10000,10956.0,7
2103,10000,11188.0,7
2104,10000,11127.0,7
2105,10000,11022.0,7
2106,10000,11008.0,7
2107,10000,11149.0,7
2108,10000,11040.0,7
2109,10000,11012.0,7
2110,10000,10956.0,7
2111,10000,11056.0,7
2112,10000,11155.0,7
2113,10000,11013.0,7
2114,10000,11148.0,7
2115,10000,11042.0,7
2116,10000,11011.0,7
2117,10000,11009.0,7
2118,10000,10984.0,7
2119,10000,11366.0,7
2120,10000,11457.0,7
2121,10000,11449.0,7
2122,10000,11778.0,7
2123,10000,11452.0,7
2124,10000,11798.0,7
2125,10000,11495.0,7
2126,10000,11402.0,7
2127,10000,11457.0,7
2128,10000,11386.0,7
2129,10000,11382.0,7
2130,10000,11458.0,7
2131,10000,11451.0,7
2132,10000,11443.0,7
2133,10000,11477.0,7
2134,10000,1890.0,7
2135,10000,1890.0,7
2136,10000,1864.0,7
2137,10000,1845.0,7
2138,10000,1838.0,7
2139,10000,1863.0,7
2140,10000,1825.0,7
2141,10000,1853.0,7
2142,10000,1823.0,7
2143,10000,1819.0,7
2144,10000,1854.0,7
2145,10000,1860.0,7
2146,10000,1832.0,7
2147,10000,1868.0,7
2148,10000,1863.0,7
2149,10000,3866.0,7
2150,10000,3855.0,7
2151,10000,3851.0,7
2152,10000,3875.0,7
2153,10000,3851.0,7
2154,10000,3859.0,7
2155,10000,3889.0,7
2156,10000,3943.0,7
2157,10000,3880.0,7
2158,10000,3884.0,7
2159,10000,3893.0,7
2160,10000,3844.0,7
2161,10000,3971.0,7
2162,10000,3852.0,7
2163,10000,3856.0,7
2164,10000,4186.0,7
2165,10000,4187.0,7
2166,10000,4188.0,7
2167,10000,4124.0,7
2168,10000,4187.0,7
2169,10000,4123.0,7
2170,10000,4204.0,7
2171,10000,4192.0,7
2172,10000,4126.0,7
2173,10000,4206.0,7
2174,10000,4145.0,7
2175,10000,4163.0,7
2176,10000,4145.0,7
2177,10000,4186.0,7
2178,10000,4204.0,7
2179,10000,11223.0,7
2180,10000,11232.0,7
2181,10000,11242.0,7
2182,10000,11319.0,7
2183,10000,11253.0,7
2184,10000,11253.0,7
2185,10000,11247.0,7
2186,10000,11247.0,7
2187,10000,11306.0,7
2188,10000,11353.0,7
2189,10000,11229.0,7
2190,10000,11705.0,7
2191,10000,11319.0,7
2192,10000,11253.0,7
2193,10000,11441.0,7
2194,10000,11509.0,7
2195,10000,11822.0,7
2196,10000,11518.0,7
2197,10000,11433.0,7
2198,10000,11517.0,7
2199,10000,11534.0,7
2200,10000,11588.0,7
2201,10000,11462.0,7
2202,10000,11482.0,7
2203,10000,11493.0,7
2204,10000,11470.0,7
2205,10000,11784.0,7
2206,10000,11873.0,7
2207,10000,11429.0,7
2208,10000,11468.0,7
2209,10000,13928.0,7
2210,10000,13989.0,7
2211,10000,13927.0,7
2212,10000,13926.0,7
2213,10000,13965.0,7
2214,10000,13926.0,7
2215,10000,13923.0,7
2216,10000,13947.0,7
2217,10000,13974.0,7
2218,10000,13888.0,7
2219,10000,13967.0,7
2220,10000,13925.0,7
2221,10000,13925.0,7
2222,10000,13970.0,7
2223,10000,13929.0,7
2224,10000,12960.0,7
2225,10000,12973.0,7
2226,10000,12996.0,7
2227,10000,13036.0,7
2228,10000,13315.0,7
2229,10000,12986.0,7
2230,10000,12956.0,7
2231,10000,13006.0,7
2232,10000,13025.0,7
2233,10000,13061.0,7
2234,10000,12967.0,7
2235,10000,12969.0,7
2236,10000,13019.0,7
2237,10000,13255.0,7
2238,10000,13040.0,7
2239,10000,12835.0,7
2240,10000,12735.0,7
2241,10000,12701.0,7
2242,10000,12726.0,7
2243,10000,12733.0,7
2244,10000,12735.0,7
2245,10000,12710.0,7
2246,10000,12729.0,7
2247,10000,12788.0,7
2248,10000,12718.0,7
2249,10000,12743.0,7
2250,10000,12701.0,7
2251,10000,12698.0,7
2252,10000,12747.0,7
2253,10000,12719.0,7
2254,10000,1485.0,7
2255,10000,1494.0,7
2256,10000,1502.0,7
2257,10000,1486.0,7
2258,10000,1496.0,7
2259,10000,1543.0,7
2260,10000,1492.0,7
2261,10000,1514.0,7
2262,10000,1524.0,7
2263,10000,1542.0,7
2264,10000,1468.0,7
2265,10000,1496.0,7
2266,10000,1513.0,7
2267,10000,1505.0,7
2268,10000,1518.0,7
2269,10000,11289.0,7
2270,10000,11317.0,7
2271,10000,11328.0,7
2272,10000,11293.0,7
2273,10000,11317.0,7
2274,10000,11328.0,7
2275,10000,11277.0,7
2276,10000,11328.0,7
2277,10000,11264.0,7
2278,10000,11258.0,7
2279,10000,11273.0,7
2280,10000,11514.0,7
2281,10000,11482.0,7
2282,10000,11253.0,7
2283,10000,11322.0,7
2284,10000,11556.0,7
2285,10000,11570.0,7
2286,10000,11939.0,7
2287,10000,11924.0,7
2288,10000,11599.0,7
2289,10000,11747.0,7
2290,10000,11619.0,7
2291,10000,11556.0,7
2292,10000,11570.0,7
2293,10000,11812.0,7
2294,10000,11604.0,7
2295,10000,11649.0,7
2296,10000,11561.0,7
2297,10000,11604.0,7
2298,10000,11616.0,7
2299,10000,13657.0,7
2300,10000,13649.0,7
2301,10000,13659.0,7
2302,10000,13611.0,7
2303,10000,13680.0,7
2304,10000,13575.0,7
2305,10000,13716.0,7
2306,10000,13652.0,7
2307,10000,13588.0,7
2308,10000,13610.0,7
2309,10000,13648.0,7
2310,10000,13608.0,7
2311,10000,13648.0,7
2312,10000,13675.0,7
2313,10000,13623.0,7
2314,10000,1202.0,7
2315,10000,1136.0,7
2316,10000,1234.0,7
2317,10000,1110.0,7
2318,10000,1129.0,7
2319,10000,1202.0,7
2320,10000,1104.0,7
2321,10000,1145.0,7
2322,10000,1152.0,7
2323,10000,1112.0,7
2324,10000,1138.0,7
2325,10000,1142.0,7
2326,10000,1151.0,7
2327,10000,1166.0,7
2328,10000,1189.0,7
2329,10000,10716.0,7
2330,10000,10741.0,7
2331,10000,10710.0,7
2332,10000,10933.0,7
2333,10000,10897.0,7
2334,10000,10722.0,7
2335,10000,10701.0,7
2336,10000,10718.0,7
2337,10000,10885.0,7
2338,10000,10701.0,7
2339,10000,10710.0,7
2340,10000,10720.0,7
2341,10000,10700.0,7
2342,10000,10719.0,7
2343,10000,10727.0,7
2344,10000,11887.0,7
2345,10000,11818.0,7
2346,10000,11909.0,7
2347,10000,11964.0,7
2348,10000,11840.0,7
2349,10000,11852.0,7
2350,10000,11834.0,7
2351,10000,12048.0,7
2352,10000,12079.0,7
2353,10000,11921.0,7
2354,10000,11900.0,7
2355,10000,11920.0,7
2356,10000,11851.0,7
2357,10000,11859.0,7
2358,10000,11906.0,7
2359,10000,10436.0,7
2360,10000,10422.0,7
2361,10000,10380.0,7
2362,10000,10423.0,7
2363,10000,10618.0,7
2364,10000,10398.0,7
2365,10000,10408.0,7
2366,10000,10332.0,7
2367,10000,10390.0,7
2368,10000,10554.0,7
2369,10000,10375.0,7
2370,10000,10380.0,7
2371,10000,10375.0,7
2372,10000,10380.0,7
2373,10000,10568.0,7
2374,10000,12709.0,7
2375,10000,12749.0,7
2376,10000,12705.0,7
2377,10000,12711.0,7
2378,10000,12683.0,7
2379,10000,12731.0,7
2380,10000,13005.0,7
2381,10000,12696.0,7
2382,10000,12727.0,7
2383,10000,12707.0,7
2384,10000,12711.0,7
2385,10000,12799.0,7
2386,10000,12739.0,7
2387,10000,13037.0,7
2388,10000,12802.0,7
2389,10000,10967.0,8
2390,10000,10974.0,8
2391,10000,10991.0,8
2392,10000,10967.0,8
2393,10000,10979.0,8
2394,10000,11028.0,8
2395,10000,10969.0,8
2396,10000,10943.0,8
2397,10000,10952.0,8
2398,10000,10959.0,8
2399,10000,11007.0,8
2400,10000,11284.0,8
2401,10000,10944.0,8
2402,10000,10992.0,8
2403,10000,11265.0,8
2404,10000,10859.0,8
2405,10000,10904.0,8
2406,10000,11073.0,8
2407,10000,10883.0,8
2408,10000,10883.0,8
2409,10000,10907.0,8
2410,10000,10885.0,8
2411,10000,10904.0,8
2412,10000,11095.0,8
2413,10000,10963.0,8
2414,10000,10951.0,8
2415,10000,11115.0,8
2416,10000,10913.0,8
2417,10000,11119.0,8
2418,10000,10876.0,8
2419,10000,11388.0,8
2420,10000,11469.0,8
2421,10000,11551.0,8
2422,10000,11458.0,8
2423,10000,11455.0,8
2424,10000,11362.0,8
2425,10000,11603.0,8
2426,10000,11349.0,8
2427,10000,11406.0,8
2428,10000,11383.0,8
2429,10000,11620.0,8
2430,10000,11419.0,8
2431,10000,11359.0,8
2432,10000,11372.0,8
2433,10000,11596.0,8
2434,10000,1905.0,8
2435,10000,1865.0,8
2436,10000,1852.0,8
2437,10000,1878.0,8
2438,10000,1843.0,8
2439,10000,1872.0,8
2440,10000,1839.0,8
2441,10000,1848.0,8
2442,10000,1896.0,8
2443,10000,1844.0,8
2444,10000,1874.0,8
2445,10000,1874.0,8
2446,10000,1847.0,8
2447,10000,1876.0,8
2448,10000,1896.0,8
2449,10000,3748.0,8
2450,10000,3748.0,8
2451,10000,3726.0,8
2452,10000,3710.0,8
2453,10000,3718.0,8
2454,10000,3732.0,8
2455,10000,3694.0,8
2456,10000,3735.0,8
2457,10000,3687.0,8
2458,10000,3744.0,8
2459,10000,3699.0,8
2460,10000,3725.0,8
2461,10000,3713.0,8
2462,10000,3712.0,8
2463,10000,3686.0,8
2464,10000,4162.0,8
2465,10000,4249.0,8
2466,10000,4160.0,8
2467,10000,4154.0,8
2468,10000,4146.0,8
2469,10000,4172.0,8
2470,10000,4195.0,8
2471,10000,4249.0,8
2472,10000,4169.0,8
2473,10000,4266.0,8
2474,10000,4184.0,8
2475,10000,4186.0,8
2476,10000,4178.0,8
2477,10000,4184.0,8
2478,10000,4147.0,8
2479,10000,11088.0,8
2480,10000,11145.0,8
2481,10000,11379.0,8
2482,10000,11098.0,8
2483,10000,11124.0,8
2484,10000,11088.0,8
2485,10000,11094.0,8
2486,10000,11129.0,8
2487,10000,11127.0,8
2488,10000,11181.0,8
2489,10000,11122.0,8
2490,10000,11289.0,8
2491,10000,11195.0,8
2492,10000,11158.0,8
2493,10000,11278.0,8
2494,10000,11511.0,8
2495,10000,11720.0,8
2496,10000,11542.0,8
2497,10000,11437.0,8
2498,10000,11684.0,8
2499,10000,11525.0,8
2500,10000,11490.0,8
2501,10000,11450.0,8
2502,10000,11508.0,8
2503,10000,11445.0,8
2504,10000,11434.0,8
2505,10000,11502.0,8
2506,10000,11514.0,8
2507,10000,11512.0,8
2508,10000,11480.0,8
2509,10000,14334.0,8
2510,10000,14234.0,8
2511,10000,14237.0,8
2512,10000,14224.0,8
2513,10000,14232.0,8
2514,10000,14221.0,8
2515,10000,14253.0,8
2516,10000,14223.0,8
2517,10000,14215.0,8
2518,10000,14358.0,8
2519,10000,14261.0,8
2520,10000,14246.0,8
2521,10000,14431.0,8
2522,10000,14266.0,8
2523,10000,14217.0,8
2524,10000,13049.0,8
2525,10000,12971.0,8
2526,10000,13296.0,8
2527,10000,12961.0,8
2528,10000,13030.0,8
2529,10000,12981.0,8
2530,10000,12959.0,8
2531,10000,13285.0,8
2532,10000,12979.0,8
2533,10000,12983.0,8
2534,10000,12950.0,8
2535,10000,12963.0,8
2536,10000,13013.0,8
2537,10000,12991.0,8
2538,10000,12961.0,8
2539,10000,12624.0,8
2540,10000,12663.0,8
2541,10000,12624.0,8
2542,10000,12657.0,8
2543,10000,12641.0,8
2544,10000,12654.0,8
2545,10000,12635.0,8
2546,10000,12701.0,8
2547,10000,12650.0,8
2548,10000,12624.0,8
2549,10000,12670.0,8
2550,10000,12626.0,8
2551,10000,12656.0,8
2552,10000,12632.0,8
2553,10000,12657.0,8
2554,10000,1586.0,8
2555,10000,1559.0,8
2556,10000,1551.0,8
2557,10000,1558.0,8
2558,10000,1563.0,8
2559,10000,1568.0,8
2560,10000,1550.0,8
2561,10000,1590.0,8
2562,10000,1588.0,8
2563,10000,1583.0,8
2564,10000,1533.0,8
2565,10000,1621.0,8
2566,10000,1593.0,8
2567,10000,1532.0,8
2568,10000,1575.0,8
2569,10000,11333.0,8
2570,10000,11381.0,8
2571,10000,11373.0,8
2572,10000,11350.0,8
2573,10000,11311.0,8
2574,10000,11358.0,8
2575,10000,11356.0,8
2576,10000,11311.0,8
2577,10000,11317.0,8
2578,10000,11381.0,8
2579,10000,11358.0,8
2580,10000,11356.0,8
2581,10000,11449.0,8
2582,10000,11334.0,8
2583,10000,11333.0,8
2584,10000,11426.0,8
2585,10000,11651.0,8
2586,10000,11596.0,8
2587,10000,11461.0,8
2588,10000,11672.0,8
2589,10000,11606.0,8
2590,10000,11426.0,8
2591,10000,11418.0,8
2592,10000,11436.0,8
2593,10000,11431.0,8
2594,10000,11381.0,8
2595,10000,11423.0,8
2596,10000,11630.0,8
2597,10000,11618.0,8
2598,10000,11412.0,8
2599,10000,13878.0,8
2600,10000,13924.0,8
2601,10000,13857.0,8
2602,10000,13844.0,8
2603,10000,13857.0,8
2604,10000,13825.0,8
2605,10000,13842.0,8
2606,10000,13868.0,8
2607,10000,13834.0,8
2608,10000,13866.0,8
2609,10000,13854.0,8
2610,10000,13812.0,8
2611,10000,13924.0,8
2612,10000,13854.0,8
2613,10000,13946.0,8
2614,10000,1097.0,8
2615,10000,1104.0,8
2616,10000,1095.0,8
2617,10000,1100.0,8
2618,10000,1146.0,8
2619,10000,1094.0,8
2620,10000,1203.0,8
2621,10000,1134.0,8
2622,10000,1094.0,8
2623,10000,1098.0,8
2624,10000,1138.0,8
2625,10000,1236.0,8
2626,10000,1071.0,8
2627,10000,1203.0,8
2628,10000,1236.0,8
2629,10000,10576.0,8
2630,10000,10790.0,8
2631,10000,10604.0,8
2632,10000,10799.0,8
2633,10000,10613.0,8
2634,10000,10637.0,8
2635,10000,10653.0,8
2636,10000,10588.0,8
2637,10000,10600.0,8
2638,10000,10569.0,8
2639,10000,10598.0,8
2640,10000,10831.0,8
2641,10000,10637.0,8
2642,10000,10613.0,8
2643,10000,10605.0,8
2644,10000,11704.0,8
2645,10000,11680.0,8
2646,10000,11720.0,8
2647,10000,11699.0,8
2648,10000,11851.0,8
2649,10000,11881.0,8
2650,10000,11697.0,8
2651,10000,11689.0,8
2652,10000,11668.0,8
2653,10000,11704.0,8
2654,10000,11684.0,8
2655,10000,11708.0,8
2656,10000,11834.0,8
2657,10000,11680.0,8
2658,10000,11687.0,8
2659,10000,10286.0,8
2660,10000,10526.0,8
2661,10000,10305.0,8
2662,10000,10278.0,8
2663,10000,10310.0,8
2664,10000,10484.0,8
2665,10000,10329.0,8
2666,10000,10354.0,8
2667,10000,10365.0,8
2668,10000,10304.0,8
2669,10000,10314.0,8
2670,10000,10462.0,8
2671,10000,10346.0,8
2672,10000,10308.0,8
2673,10000,10346.0,8
2674,10000,12405.0,8
2675,10000,12394.0,8
2676,10000,12398.0,8
2677,10000,12352.0,8
2678,10000,12356.0,8
2679,10000,12404.0,8
2680,10000,12397.0,8
2681,10000,12395.0,8
2682,10000,12461.0,8
2683,10000,12394.0,8
2684,10000,12355.0,8
2685,10000,12355.0,8
2686,10000,12353.0,8
2687,10000,12332.0,8
2688,10000,12420.0,8
2689,10000,10937.0,9
2690,10000,11194.0,9
2691,10000,11189.0,9
2692,10000,10964.0,9
2693,10000,10915.0,9
2694,10000,10969.0,9
2695,10000,10956.0,9
2696,10000,10970.0,9
2697,10000,11179.0,9
2698,10000,10974.0,9
2699,10000,10919.0,9
2700,10000,10941.0,9
2701,10000,10941.0,9
2702,10000,11016.0,9
2703,10000,10976.0,9
2704,10000,11006.0,9
2705,10000,11243.0,9
2706,10000,11012.0,9
2707,10000,11033.0,9
2708,10000,11107.0,9
2709,10000,11082.0,9
2710,10000,11017.0,9
2711,10000,11094.0,9
2712,10000,11298.0,9
2713,10000,11218.0,9
2714,10000,11261.0,9
2715,10000,11015.0,9
2716,10000,11104.0,9
2717,10000,11061.0,9
2718,10000,11062.0,9
2719,10000,11405.0,9
2720,10000,11458.0,9
2721,10000,11493.0,9
2722,10000,11572.0,9
2723,10000,11477.0,9
2724,10000,11478.0,9
2725,10000,11436.0,9
2726,10000,11389.0,9
2727,10000,11458.0,9
2728,10000,11545.0,9
2729,10000,11532.0,9
2730,10000,11524.0,9
2731,10000,11443.0,9
2732,10000,11342.0,9
2733,10000,11341.0,9
2734,10000,1960.0,9
2735,10000,1961.0,9
2736,10000,2003.0,9
2737,10000,2001.0,9
2738,10000,1960.0,9
2739,10000,1936.0,9
2740,10000,1972.0,9
2741,10000,2003.0,9
2742,10000,1961.0,9
2743,10000,2002.0,9
2744,10000,1967.0,9
2745,10000,2017.0,9
2746,10000,1966.0,9
2747,10000,2015.0,9
2748,10000,1964.0,9
2749,10000,3744.0,9
2750,10000,3720.0,9
2751,10000,3745.0,9
2752,10000,3729.0,9
2753,10000,3729.0,9
2754,10000,3754.0,9
2755,10000,3733.0,9
2756,10000,3720.0,9
2757,10000,3735.0,9
2758,10000,3739.0,9
2759,10000,3721.0,9
2760,10000,3734.0,9
2761,10000,3739.0,9
2762,10000,3731.0,9
2763,10000,3716.0,9
2764,10000,4087.0,9
2765,10000,4124.0,9
2766,10000,4130.0,9
2767,10000,4129.0,9
2768,10000,4169.0,9
2769,10000,4150.0,9
2770,10000,4182.0,9
2771,10000,4165.0,9
2772,10000,4123.0,9
2773,10000,4178.0,9
2774,10000,4164.0,9
2775,10000,4186.0,9
2776,10000,4171.0,9
2777,10000,4141.0,9
2778,10000,4145.0,9
2779,10000,11156.0,9
2780,10000,11186.0,9
2781,10000,11441.0,9
2782,10000,11227.0,9
2783,10000,11210.0,9
2784,10000,11170.0,9
2785,10000,11226.0,9
2786,10000,11208.0,9
2787,10000,11184.0,9
2788,10000,11245.0,9
2789,10000,11470.0,9
2790,10000,11207.0,9
2791,10000,11206.0,9
2792,10000,11152.0,9
2793,10000,11240.0,9
2794,10000,11518.0,9
2795,10000,11515.0,9
2796,10000,11577.0,9
2797,10000,11512.0,9
2798,10000,11522.0,9
2799,10000,11482.0,9
2800,10000,11556.0,9
2801,10000,11518.0,9
2802,10000,11563.0,9
2803,10000,11530.0,9
2804,10000,11531.0,9
2805,10000,11467.0,9
2806,10000,11528.0,9
2807,10000,11467.0,9
2808,10000,11476.0,9
2809,10000,13871.0,9
2810,10000,13903.0,9
2811,10000,13807.0,9
2812,10000,13864.0,9
2813,10000,13916.0,9
2814,10000,13905.0,9
2815,10000,13861.0,9
2816,10000,13861.0,9
2817,10000,13903.0,9
2818,10000,13808.0,9
2819,10000,13896.0,9
2820,10000,13897.0,9
2821,10000,13865.0,9
2822,10000,13894.0,9
2823,10000,13862.0,9
2824,10000,12780.0,9
2825,10000,12650.0,9
2826,10000,12745.0,9
2827,10000,12705.0,9
2828,10000,12740.0,9
2829,10000,12681.0,9
2830,10000,12683.0,9
2831,10000,12679.0,9
2832,10000,12712.0,9
2833,10000,12741.0,9
2834,10000,12719.0,9
2835,10000,12681.0,9
2836,10000,12716.0,9
2837,10000,12698.0,9
2838,10000,12681.0,9
2839,10000,12741.0,9
2840,10000,12723.0,9
2841,10000,12677.0,9
2842,10000,12720.0,9
2843,10000,12752.0,9
2844,10000,12813.0,9
2845,10000,12738.0,9
2846,10000,12732.0,9
2847,10000,12728.0,9
2848,10000,12706.0,9
2849,10000,12770.0,9
2850,10000,12691.0,9
2851,10000,12957.0,9
2852,10000,12850.0,9
2853,10000,12741.0,9
2854,10000,1785.0,9
2855,10000,1787.0,9
2856,10000,1795.0,9
2857,10000,1865.0,9
2858,10000,1785.0,9
2859,10000,1840.0,9
2860,10000,1798.0,9
2861,10000,1943.0,9
2862,10000,1806.0,9
2863,10000,1820.0,9
2864,10000,1758.0,9
2865,10000,1857.0,9
2866,10000,1829.0,9
2867,10000,1790.0,9
2868,10000,1816.0,9
2869,10000,11138.0,9
2870,10000,11099.0,9
2871,10000,11187.0,9
2872,10000,11085.0,9
2873,10000,11136.0,9
2874,10000,11098.0,9
2875,10000,11113.0,9
2876,10000,11187.0,9
2877,10000,11144.0,9
2878,10000,11065.0,9
2879,10000,11122.0,9
2880,10000,11144.0,9
2881,10000,11388.0,9
2882,10000,11418.0,9
2883,10000,11062.0,9
2884,10000,11382.0,9
2885,10000,11399.0,9
2886,10000,11363.0,9
2887,10000,11455.0,9
2888,10000,11603.0,9
2889,10000,11448.0,9
2890,10000,11404.0,9
2891,10000,11575.0,9
2892,10000,11389.0,9
2893,10000,11613.0,9
2894,10000,11372.0,9
2895,10000,11382.0,9
2896,10000,11727.0,9
2897,10000,11639.0,9
2898,10000,11386.0,9
2899,10000,13959.0,9
2900,10000,14157.0,9
2901,10000,13965.0,9
2902,10000,13904.0,9
2903,10000,13927.0,9
2904,10000,13904.0,9
2905,10000,13927.0,9
2906,10000,13900.0,9
2907,10000,13777.0,9
2908,10000,13833.0,9
2909,10000,13988.0,9
2910,10000,13880.0,9
2911,10000,13923.0,9
2912,10000,13947.0,9
2913,10000,13987.0,9
2914,10000,1148.0,9
2915,10000,1195.0,9
2916,10000,1095.0,9
2917,10000,1102.0,9
2918,10000,1107.0,9
2919,10000,1097.0,9
2920,10000,1195.0,9
2921,10000,1101.0,9
2922,10000,1098.0,9
2923,10000,1091.0,9
2924,10000,1143.0,9
2925,10000,1160.0,9
2926,10000,1148.0,9
2927,10000,1143.0,9
2928,10000,1141.0,9
2929,10000,10752.0,9
2930,10000,10744.0,9
2931,10000,10787.0,9
2932,10000,10763.0,9
2933,10000,10766.0,9
2934,10000,10793.0,9
2935,10000,10731.0,9
2936,10000,10707.0,9
2937,10000,10702.0,9
2938,10000,10701.0,9
2939,10000,10763.0,9
2940,10000,10998.0,9
2941,10000,10972.0,9
2942,10000,10752.0,9
2943,10000,10731.0,9
2944,10000,11685.0,9
2945,10000,11978.0,9
2946,10000,11721.0,9
2947,10000,11914.0,9
2948,10000,11661.0,9
2949,10000,11716.0,9
2950,10000,11666.0,9
2951,10000,11704.0,9
2952,10000,11704.0,9
2953,10000,11661.0,9
2954,10000,11940.0,9
2955,10000,11714.0,9
2956,10000,11723.0,9
2957,10000,11909.0,9
2958,10000,11645.0,9
2959,10000,10643.0,9
2960,10000,10579.0,9
2961,10000,10754.0,9
2962,10000,10572.0,9
2963,10000,10575.0,9
2964,10000,10621.0,9
2965,10000,10576.0,9
2966,10000,10591.0,9
2967,10000,10602.0,9
2968,10000,10603.0,9
2969,10000,10584.0,9
2970,10000,10621.0,9
2971,10000,10633.0,9
2972,10000,10596.0,9
2973,10000,10708.0,9
2974,10000,12667.0,9
2975,10000,12675.0,9
2976,10000,12664.0,9
2977,10000,12666.0,9
2978,10000,12645.0,9
2979,10000,12675.0,9
2980,10000,12669.0,9
2981,10000,12640.0,9
2982,10000,12673.0,9
2983,10000,12662.0,9
2984,10000,12636.0,9
2985,10000,12653.0,9
2986,10000,12637.0,9
2987,10000,12657.0,9
2988,10000,12671.0,9
2989,100000,221074.0,0
2990,100000,220974.0,0
2991,100000,221021.0,0
2992,100000,220926.0,0
2993,100000,220940.0,0
2994,100000,220974.0,0
2995,100000,220958.0,0
2996,100000,220972.0,0
2997,100000,220961.0,0
2998,100000,220967.0,0
2999,100000,220924.0,0
3000,100000,220973.0,0
3001,100000,220973.0,0
3002,100000,220974.0,0
3003,100000,221042.0,0
3004,100000,221062.0,0
3005,100000,220989.0,0
3006,100000,221040.0,0
3007,100000,220958.0,0
3008,100000,221055.0,0
3009,100000,220993.0,0
3010,100000,221114.0,0
3011,100000,221117.0,0
3012,100000,221038.0,0
3013,100000,221068.0,0
3014,100000,221040.0,0
3015,100000,220993.0,0
3016,100000,221056.0,0
3017,100000,221068.0,0
3018,100000,220981.0,0
3019,100000,221774.0,0
3020,100000,221622.0,0
3021,100000,221636.0,0
3022,100000,221513.0,0
3023,100000,221657.0,0
3024,100000,221750.0,0
3025,100000,221751.0,0
3026,100000,221613.0,0
3027,100000,221746.0,0
3028,100000,221625.0,0
3029,100000,221603.0,0
3030,100000,221692.0,0
3031,100000,221529.0,0
3032,100000,221496.0,0
3033,100000,221571.0,0
3034,100000,212117.0,0
3035,100000,212150.0,0
3036,100000,212056.0,0
3037,100000,212121.0,0
3038,100000,212067.0,0
3039,100000,212135.0,0
3040,100000,212085.0,0
3041,100000,212091.0,0
3042,100000,212103.0,0
3043,100000,212139.0,0
3044,100000,212138.0,0
3045,100000,212066.0,0
3046,100000,212164.0,0
3047,100000,212146.0,0
3048,100000,212135.0,0
3049,100000,213988.0,0
3050,100000,213947.0,0
3051,100000,213987.0,0
3052,100000,214117.0,0
3053,100000,213997.0,0
3054,100000,213956.0,0
3055,100000,214095.0,0
3056,100000,213978.0,0
3057,100000,214119.0,0
3058,100000,214001.0,0
3059,100000,214001.0,0
3060,100000,214115.0,0
3061,100000,214100.0,0
3062,100000,214002.0,0
3063,100000,213999.0,0
3064,100000,214255.0,0
3065,100000,214187.0,0
3066,100000,214200.0,0
3067,100000,214223.0,0
3068,100000,214217.0,0
3069,100000,214220.0,0
3070,100000,214260.0,0
3071,100000,214268.0,0
3072,100000,214419.0,0
3073,100000,214531.0,0
3074,100000,214260.0,0
3075,100000,214130.0,0
3076,100000,214262.0,0
3077,100000,214355.0,0
3078,100000,214459.0,0
3079,100000,221227.0,0
3080,100000,221286.0,0
3081,100000,221083.0,0
3082,100000,221135.0,0
3083,100000,221165.0,0
3084,100000,221162.0,0
3085,100000,221174.0,0
3086,100000,221270.0,0
3087,100000,221073.0,0
3088,100000,221202.0,0
3089,100000,221051.0,0
3090,100000,221164.0,0
3091,100000,221164.0,0
3092,100000,221316.0,0
3093,100000,221166.0,0
3094,100000,221645.0,0
3095,100000,221582.0,0
3096,100000,221758.0,0
3097,100000,221583.0,0
3098,100000,221614.0,0
3099,100000,221629.0,0
3100,100000,221625.0,0
3101,100000,221577.0,0
3102,100000,221604.0,0
3103,100000,221661.0,0
3104,100000,221660.0,0
3105,100000,221572.0,0
3106,100000,221592.0,0
3107,100000,221517.0,0
3108,100000,221630.0,0
3109,100000,224266.0,0
3110,100000,224269.0,0
3111,100000,224379.0,0
3112,100000,224247.0,0
3113,100000,224260.0,0
3114,100000,224413.0,0
3115,100000,224268.0,0
3116,100000,224226.0,0
3117,100000,224252.0,0
3118,100000,224254.0,0
3119,100000,224292.0,0
3120,100000,224283.0,0
3121,100000,224235.0,0
3122,100000,224440.0,0
3123,100000,224426.0,0
3124,100000,222722.0,0
3125,100000,222722.0,0
3126,100000,222779.0,0
3127,100000,222768.0,0
3128,100000,222788.0,0
3129,100000,222782.0,0
3130,100000,222736.0,0
3131,100000,222777.0,0
3132,100000,222780.0,0
3133,100000,222784.0,0
3134,100000,222741.0,0
3135,100000,222778.0,0
3136,100000,222778.0,0
3137,100000,222724.0,0
3138,100000,222776.0,0
3139,100000,222882.0,0
3140,100000,222882.0,0
3141,100000,222809.0,0
3142,100000,222841.0,0
3143,100000,222861.0,0
3144,100000,222847.0,0
3145,100000,222884.0,0
3146,100000,222874.0,0
3147,100000,222822.0,0
3148,100000,222833.0,0
3149,100000,222865.0,0
3150,100000,222841.0,0
3151,100000,222838.0,0
3152,100000,222882.0,0
3153,100000,222888.0,0
3154,100000,211787.0,0
3155,100000,211798.0,0
3156,100000,211727.0,0
3157,100000,211804.0,0
3158,100000,211790.0,0
3159,100000,211754.0,0
3160,100000,211711.0,0
3161,100000,211774.0,0
3162,100000,211755.0,0
3163,100000,211788.0,0
3164,100000,211737.0,0
3165,100000,211758.0,0
3166,100000,211730.0,0
3167,100000,211796.0,0
3168,100000,211755.0,0
3169,100000,221325.0,0
3170,100000,221342.0,0
3171,100000,221329.0,0
3172,100000,221202.0,0
3173,100000,221359.0,0
3174,100000,221325.0,0
3175,100000,221239.0,0
3176,100000,221332.0,0
3177,100000,221322.0,0
3178,100000,221322.0,0
3179,100000,221244.0,0
3180,100000,221424.0,0
3181,100000,221355.0,0
3182,100000,221330.0,0
3183,100000,221347.0,0
3184,100000,221524.0,0
3185,100000,221555.0,0
3186,100000,221629.0,0
3187,100000,221799.0,0
3188,100000,221476.0,0
3189,100000,221534.0,0
3190,100000,221510.0,0
3191,100000,221511.0,0
3192,100000,221554.0,0
3193,100000,221553.0,0
3194,100000,221431.0,0
3195,100000,221482.0,0
3196,100000,221643.0,0
3197,100000,221520.0,0
3198,100000,221528.0,0
3199,100000,224001.0,0
3200,100000,223979.0,0
3201,100000,224260.0,0
3202,100000,223954.0,0
3203,100000,224313.0,0
3204,100000,224029.0,0
3205,100000,224114.0,0
3206,100000,224084.0,0
3207,100000,224031.0,0
3208,100000,224278.0,0
3209,100000,224075.0,0
3210,100000,223992.0,0
3211,100000,224256.0,0
3212,100000,223982.0,0
3213,100000,224017.0,0
3214,100000,211092.0,0
3215,100000,211016.0,0
3216,100000,211090.0,0
3217,100000,211049.0,0
3218,100000,211095.0,0
3219,100000,211094.0,0
3220,100000,211048.0,0
3221,100000,211115.0,0
3222,100000,211097.0,0
3223,100000,211083.0,0
3224,100000,211081.0,0
3225,100000,211118.0,0
3226,100000,211119.0,0
3227,100000,211120.0,0
3228,100000,211043.0,0
3229,100000,220730.0,0
3230,100000,220820.0,0
3231,100000,220864.0,0
3232,100000,220795.0,0
3233,100000,221099.0,0
3234,100000,220714.0,0
3235,100000,220794.0,0
3236,100000,220893.0,0
3237,100000,220708.0,0
3238,100000,220795.0,0
3239,100000,220793.0,0
3240,100000,220836.0,0
3241,100000,220713.0,0
3242,100000,220720.0,0
3243,100000,220783.0,0
3244,100000,221808.0,0
3245,100000,221771.0,0
3246,100000,222047.0,0
3247,100000,221808.0,0
3248,100000,221751.0,0
3249,100000,221799.0,0
3250,100000,221795.0,0
3251,100000,221762.0,0
3252,100000,221787.0,0
3253,100000,221961.0,0
3254,100000,221803.0,0
3255,100000,221710.0,0
3256,100000,221914.0,0
3257,100000,221781.0,0
3258,100000,221674.0,0
3259,100000,220590.0,0
3260,100000,220696.0,0
3261,100000,220594.0,0
3262,100000,220646.0,0
3263,100000,220671.0,0
3264,100000,220671.0,0
3265,100000,220585.0,0
3266,100000,220607.0,0
3267,100000,220619.0,0
3268,100000,220818.0,0
3269,100000,220667.0,0
3270,100000,220724.0,0
3271,100000,220649.0,0
3272,100000,220671.0,0
3273,100000,220702.0,0
3274,100000,222782.0,0
3275,100000,222671.0,0
3276,100000,222653.0,0
3277,100000,222769.0,0
3278,100000,222756.0,0
3279,100000,222766.0,0
3280,100000,222643.0,0
3281,100000,222823.0,0
3282,100000,222636.0,0
3283,100000,222770.0,0
3284,100000,222770.0,0
3285,100000,222755.0,0
3286,100000,222778.0,0
3287,100000,222670.0,0
3288,100000,222651.0,0
3289,100000,247153.0,1
3290,100000,247296.0,1
3291,100000,247135.0,1
3292,100000,247152.0,1
3293,100000,247143.0,1
3294,100000,247079.0,1
3295,100000,247189.0,1
3296,100000,247245.0,1
3297,100000,247122.0,1
3298,100000,247147.0,1
3299,100000,247083.0,1
3300,100000,247193.0,1
3301,100000,247079.0,1
3302,100000,247173.0,1
3303,100000,247101.0,1
3304,100000,247167.0,1
3305,100000,247170.0,1
3306,100000,247166.0,1
3307,100000,247138.0,1
3308,100000,247243.0,1
3309,100000,247324.0,1
3310,100000,247254.0,1
3311,100000,247225.0,1
3312,100000,247258.0,1
3313,100000,247211.0,1
3314,100000,247171.0,1
3315,100000,247175.0,1
3316,100000,247211.0,1
3317,100000,247227.0,1
3318,100000,247181.0,1
3319,100000,247764.0,1
3320,100000,247870.0,1
3321,100000,247712.0,1
3322,100000,247687.0,1
3323,100000,247765.0,1
3324,100000,247679.0,1
3325,100000,247766.0,1
3326,100000,247710.0,1
3327,100000,247637.0,1
3328,100000,247707.0,1
3329,100000,247673.0,1
3330,100000,247835.0,1
3331,100000,247733.0,1
3332,100000,247681.0,1
3333,100000,247719.0,1
3334,100000,238034.0,1
3335,100000,238039.0,1
3336,100000,238040.0,1
3337,100000,238102.0,1
3338,100000,238036.0,1
3339,100000,237982.0,1
3340,100000,238040.0,1
3341,100000,238022.0,1
3342,100000,238004.0,1
3343,100000,238007.0,1
3344,100000,238040.0,1
3345,100000,238044.0,1
3346,100000,238037.0,1
3347,100000,238023.0,1
3348,100000,237928.0,1
3349,100000,240107.0,1
3350,100000,240190.0,1
3351,100000,240098.0,1
3352,100000,240103.0,1
3353,100000,240107.0,1
3354,100000,240154.0,1
3355,100000,240123.0,1
3356,100000,240110.0,1
3357,100000,240089.0,1
3358,100000,240154.0,1
3359,100000,239971.0,1
3360,100000,240097.0,1
3361,100000,240070.0,1
3362,100000,240114.0,1
3363,100000,240123.0,1
3364,100000,240291.0,1
3365,100000,240293.0,1
3366,100000,240268.0,1
3367,100000,240260.0,1
3368,100000,240289.0,1
3369,100000,240262.0,1
3370,100000,240304.0,1
3371,100000,240337.0,1
3372,100000,240257.0,1
3373,100000,240351.0,1
3374,100000,240304.0,1
3375,100000,240282.0,1
3376,100000,240279.0,1
3377,100000,240280.0,1
3378,100000,240340.0,1
3379,100000,247327.0,1
3380,100000,247509.0,1
3381,100000,247299.0,1
3382,100000,247445.0,1
3383,100000,247333.0,1
3384,100000,247338.0,1
3385,100000,247250.0,1
3386,100000,247325.0,1
3387,100000,247289.0,1
3388,100000,247394.0,1
3389,100000,247282.0,1
3390,100000,247510.0,1
3391,100000,247344.0,1
3392,100000,247353.0,1
3393,100000,247482.0,1
3394,100000,247698.0,1
3395,100000,247834.0,1
3396,100000,247773.0,1
3397,100000,247757.0,1
3398,100000,247731.0,1
3399,100000,247687.0,1
3400,100000,247727.0,1
3401,100000,247624.0,1
3402,100000,247681.0,1
3403,100000,247727.0,1
3404,100000,247720.0,1
3405,100000,247747.0,1
3406,100000,247718.0,1
3407,100000,247754.0,1
3408,100000,247772.0,1
3409,100000,249982.0,1
3410,100000,249954.0,1
3411,100000,249994.0,1
3412,100000,249965.0,1
3413,100000,249988.0,1
3414,100000,249866.0,1
3415,100000,250003.0,1
3416,100000,249884.0,1
3417,100000,249999.0,1
3418,100000,249873.0,1
3419,100000,249945.0,1
3420,100000,249963.0,1
3421,100000,249964.0,1
3422,100000,249993.0,1
3423,100000,249837.0,1
3424,100000,248857.0,1
3425,100000,248800.0,1
3426,100000,248843.0,1
3427,100000,248843.0,1
3428,100000,248867.0,1
3429,100000,248859.0,1
3430,100000,248853.0,1
3431,100000,248853.0,1
3432,100000,248849.0,1
3433,100000,248856.0,1
3434,100000,248853.0,1
3435,100000,248845.0,1
3436,100000,248853.0,1
3437,100000,248850.0,1
3438,100000,248848.0,1
3439,100000,249025.0,1
3440,100000,249083.0,1
3441,100000,249061.0,1
3442,100000,248975.0,1
3443,100000,249131.0,1
3444,100000,249022.0,1
3445,100000,249067.0,1
3446,100000,248975.0,1
3447,100000,249114.0,1
3448,100000,249114.0,1
3449,100000,249035.0,1
3450,100000,249094.0,1
3451,100000,249017.0,1
3452,100000,249154.0,1
3453,100000,249177.0,1
3454,100000,238087.0,1
3455,100000,238043.0,1
3456,100000,238075.0,1
3457,100000,238023.0,1
3458,100000,238016.0,1
3459,100000,238029.0,1
3460,100000,238084.0,1
3461,100000,238037.0,1
3462,100000,238032.0,1
3463,100000,238012.0,1
3464,100000,238018.0,1
3465,100000,238029.0,1
3466,100000,238041.0,1
3467,100000,238020.0,1
3468,100000,238021.0,1
3469,100000,247387.0,1
3470,100000,247362.0,1
3471,100000,247378.0,1
3472,100000,247304.0,1
3473,100000,247362.0,1
3474,100000,247373.0,1
3475,100000,247362.0,1
3476,100000,247337.0,1
3477,100000,247435.0,1
3478,100000,247382.0,1
3479,100000,247386.0,1
3480,100000,247362.0,1
3481,100000,247380.0,1
3482,100000,247359.0,1
3483,100000,247314.0,1
3484,100000,247621.0,1
3485,100000,247658.0,1
3486,100000,247689.0,1
3487,100000,247756.0,1
3488,100000,247676.0,1
3489,100000,247737.0,1
3490,100000,247667.0,1
3491,100000,247771.0,1
3492,100000,247809.0,1
3493,100000,247688.0,1
3494,100000,247676.0,1
3495,100000,247686.0,1
3496,100000,247645.0,1
3497,100000,247693.0,1
3498,100000,247739.0,1
3499,100000,249701.0,1
3500,100000,249644.0,1
3501,100000,249690.0,1
3502,100000,249630.0,1
3503,100000,249667.0,1
3504,100000,249679.0,1
3505,100000,249628.0,1
3506,100000,249643.0,1
3507,100000,249559.0,1
3508,100000,249635.0,1
3509,100000,249685.0,1
3510,100000,249633.0,1
3511,100000,249685.0,1
3512,100000,249683.0,1
3513,100000,249626.0,1
3514,100000,237505.0,1
3515,100000,237684.0,1
3516,100000,237442.0,1
3517,100000,237456.0,1
3518,100000,237569.0,1
3519,100000,237477.0,1
3520,100000,237423.0,1
3521,100000,237688.0,1
3522,100000,237427.0,1
3523,100000,237443.0,1
3524,100000,237446.0,1
3525,100000,237687.0,1
3526,100000,237504.0,1
3527,100000,237479.0,1
3528,100000,237649.0,1
3529,100000,247305.0,1
3530,100000,246988.0,1
3531,100000,247054.0,1
3532,100000,246993.0,1
3533,100000,247058.0,1
3534,100000,246996.0,1
3535,100000,247143.0,1
3536,100000,247046.0,1
3537,100000,247041.0,1
3538,100000,247053.0,1
3539,100000,247012.0,1
3540,100000,247019.0,1
3541,100000,247005.0,1
3542,100000,246943.0,1
3543,100000,247013.0,1
3544,100000,248069.0,1
3545,100000,248014.0,1
3546,100000,247953.0,1
3547,100000,247971.0,1
3548,100000,247975.0,1
3549,100000,247929.0,1
3550,100000,247902.0,1
3551,100000,247888.0,1
3552,100000,247963.0,1
3553,100000,247971.0,1
3554,100000,247977.0,1
3555,100000,247933.0,1
3556,100000,247890.0,1
3557,100000,247881.0,1
3558,100000,247874.0,1
3559,100000,246964.0,1
3560,100000,247007.0,1
3561,100000,247019.0,1
3562,100000,246944.0,1
3563,100000,247195.0,1
3564,100000,247095.0,1
3565,100000,246937.0,1
3566,100000,246927.0,1
3567,100000,247005.0,1
3568,100000,246947.0,1
3569,100000,246896.0,1
3570,100000,246949.0,1
3571,100000,246931.0,1
3572,100000,246909.0,1
3573,100000,246937.0,1
3574,100000,248638.0,1
3575,100000,248645.0,1
3576,100000,248629.0,1
3577,100000,248624.0,1
3578,100000,248580.0,1
3579,100000,248631.0,1
3580,100000,248654.0,1
3581,100000,248598.0,1
3582,100000,248628.0,1
3583,100000,248604.0,1
3584,100000,248615.0,1
3585,100000,248629.0,1
3586,100000,248691.0,1
3587,100000,248591.0,1
3588,100000,248612.0,1
3589,100000,220307.0,2
3590,100000,220366.0,2
3591,100000,220358.0,2
3592,100000,220442.0,2
3593,100000,220540.0,2
3594,100000,220310.0,2
3595,100000,220396.0,2
3596,100000,220500.0,2
3597,100000,220385.0,2
3598,100000,220330.0,2
3599,100000,220306.0,2
3600,100000,220567.0,2
3601,100000,220403.0,2
3602,100000,220462.0,2
3603,100000,220540.0,2
3604,100000,220556.0,2
3605,100000,220551.0,2
3606,100000,220644.0,2
3607,100000,220540.0,2
3608,100000,220589.0,2
3609,100000,220567.0,2
3610,100000,220519.0,2
3611,100000,220527.0,2
3612,100000,220829.0,2
3613,100000,220562.0,2
3614,100000,220560.0,2
3615,100000,220550.0,2
3616,100000,220551.0,2
3617,100000,220583.0,2
3618,100000,220582.0,2
3619,100000,221106.0,2
3620,100000,221055.0,2
3621,100000,221170.0,2
3622,100000,221141.0,2
3623,100000,221317.0,2
3624,100000,221240.0,2
3625,100000,221072.0,2
3626,100000,221152.0,2
3627,100000,221152.0,2
3628,100000,221069.0,2
3629,100000,221145.0,2
3630,100000,221220.0,2
3631,100000,221116.0,2
3632,100000,221058.0,2
3633,100000,221055.0,2
3634,100000,211380.0,2
3635,100000,211335.0,2
3636,100000,211393.0,2
3637,100000,211393.0,2
3638,100000,211264.0,2
3639,100000,211244.0,2
3640,100000,211341.0,2
3641,100000,211364.0,2
3642,100000,211373.0,2
3643,100000,211314.0,2
3644,100000,211381.0,2
3645,100000,211357.0,2
3646,100000,211320.0,2
3647,100000,211329.0,2
3648,100000,211393.0,2
3649,100000,213326.0,2
3650,100000,213279.0,2
3651,100000,213295.0,2
3652,100000,213288.0,2
3653,100000,213307.0,2
3654,100000,213307.0,2
3655,100000,213283.0,2
3656,100000,213301.0,2
3657,100000,213203.0,2
3658,100000,213225.0,2
3659,100000,213315.0,2
3660,100000,213247.0,2
3661,100000,213248.0,2
3662,100000,213253.0,2
3663,100000,213241.0,2
3664,100000,213722.0,2
3665,100000,213748.0,2
3666,100000,213746.0,2
3667,100000,213719.0,2
3668,100000,213651.0,2
3669,100000,213581.0,2
3670,100000,213751.0,2
3671,100000,213766.0,2
3672,100000,213719.0,2
3673,100000,213554.0,2
3674,100000,213748.0,2
3675,100000,213747.0,2
3676,100000,213749.0,2
3677,100000,213589.0,2
3678,100000,213702.0,2
3679,100000,220686.0,2
3680,100000,220609.0,2
3681,100000,220627.0,2
3682,100000,220622.0,2
3683,100000,220583.0,2
3684,100000,220649.0,2
3685,100000,220640.0,2
3686,100000,220605.0,2
3687,100000,220659.0,2
3688,100000,220590.0,2
3689,100000,220596.0,2
3690,100000,220753.0,2
3691,100000,220583.0,2
3692,100000,220601.0,2
3693,100000,220517.0,2
3694,100000,220950.0,2
3695,100000,221066.0,2
3696,100000,221062.0,2
3697,100000,220932.0,2
3698,100000,220953.0,2
3699,100000,220989.0,2
3700,100000,221027.0,2
3701,100000,221058.0,2
3702,100000,221071.0,2
3703,100000,220987.0,2
3704,100000,220957.0,2
3705,100000,220988.0,2
3706,100000,220984.0,2
3707,100000,221060.0,2
3708,100000,220996.0,2
3709,100000,223769.0,2
3710,100000,223910.0,2
3711,100000,223841.0,2
3712,100000,223837.0,2
3713,100000,223871.0,2
3714,100000,223753.0,2
3715,100000,223758.0,2
3716,100000,223767.0,2
3717,100000,223910.0,2
3718,100000,223802.0,2
3719,100000,224070.0,2
3720,100000,224073.0,2
3721,100000,223725.0,2
3722,100000,223903.0,2
3723,100000,223747.0,2
3724,100000,222536.0,2
3725,100000,222430.0,2
3726,100000,222526.0,2
3727,100000,222483.0,2
3728,100000,222509.0,2
3729,100000,222472.0,2
3730,100000,222489.0,2
3731,100000,222520.0,2
3732,100000,222494.0,2
3733,100000,222493.0,2
3734,100000,222464.0,2
3735,100000,222464.0,2
3736,100000,222501.0,2
3737,100000,222458.0,2
3738,100000,222484.0,2
3739,100000,222669.0,2
3740,100000,222460.0,2
3741,100000,222690.0,2
3742,100000,222500.0,2
3743,100000,222508.0,2
3744,100000,222437.0,2
3745,100000,222493.0,2
3746,100000,222626.0,2
3747,100000,222515.0,2
3748,100000,222466.0,2
3749,100000,222615.0,2
3750,100000,222478.0,2
3751,100000,222483.0,2
3752,100000,222610.0,2
3753,100000,222654.0,2
3754,100000,211370.0,2
3755,100000,211351.0,2
3756,100000,211370.0,2
3757,100000,211361.0,2
3758,100000,211360.0,2
3759,100000,211348.0,2
3760,100000,211402.0,2
3761,100000,211362.0,2
3762,100000,211350.0,2
3763,100000,211356.0,2
3764,100000,211341.0,2
3765,100000,211359.0,2
3766,100000,211381.0,2
3767,100000,211349.0,2
3768,100000,211343.0,2
3769,100000,220921.0,2
3770,100000,220948.0,2
3771,100000,220788.0,2
3772,100000,220869.0,2
3773,100000,220714.0,2
3774,100000,220734.0,2
3775,100000,220830.0,2
3776,100000,220929.0,2
3777,100000,220742.0,2
3778,100000,220730.0,2
3779,100000,220767.0,2
3780,100000,220813.0,2
3781,100000,220784.0,2
3782,100000,220721.0,2
3783,100000,220801.0,2
3784,100000,221032.0,2
3785,100000,220896.0,2
3786,100000,220862.0,2
3787,100000,220918.0,2
3788,100000,220891.0,2
3789,100000,220935.0,2
3790,100000,220926.0,2
3791,100000,220851.0,2
3792,100000,220953.0,2
3793,100000,220879.0,2
3794,100000,220928.0,2
3795,100000,221200.0,2
3796,100000,220966.0,2
3797,100000,220946.0,2
3798,100000,220877.0,2
3799,100000,223439.0,2
3800,100000,223411.0,2
3801,100000,223424.0,2
3802,100000,223440.0,2
3803,100000,223482.0,2
3804,100000,223359.0,2
3805,100000,223409.0,2
3806,100000,223408.0,2
3807,100000,223449.0,2
3808,100000,223460.0,2
3809,100000,223379.0,2
3810,100000,223382.0,2
3811,100000,223457.0,2
3812,100000,223421.0,2
3813,100000,223482.0,2
3814,100000,210867.0,2
3815,100000,210981.0,2
3816,100000,210894.0,2
3817,100000,210905.0,2
3818,100000,210990.0,2
3819,100000,210851.0,2
3820,100000,210906.0,2
3821,100000,210950.0,2
3822,100000,210901.0,2
3823,100000,210941.0,2
3824,100000,211110.0,2
3825,100000,211000.0,2
3826,100000,210912.0,2
3827,100000,210852.0,2
3828,100000,210822.0,2
3829,100000,220202.0,2
3830,100000,220354.0,2
3831,100000,220205.0,2
3832,100000,220278.0,2
3833,100000,220266.0,2
3834,100000,220276.0,2
3835,100000,220286.0,2
3836,100000,220322.0,2
3837,100000,220365.0,2
3838,100000,220250.0,2
3839,100000,220265.0,2
3840,100000,220296.0,2
3841,100000,220262.0,2
3842,100000,220312.0,2
3843,100000,220365.0,2
3844,100000,221221.0,2
3845,100000,221218.0,2
3846,100000,221153.0,2
3847,100000,221254.0,2
3848,100000,221284.0,2
3849,100000,221213.0,2
3850,100000,221209.0,2
3851,100000,221285.0,2
3852,100000,221243.0,2
3853,100000,221194.0,2
3854,100000,221356.0,2
3855,100000,221233.0,2
3856,100000,221278.0,2
3857,100000,221151.0,2
3858,100000,221196.0,2
3859,100000,220197.0,2
3860,100000,220199.0,2
3861,100000,220214.0,2
3862,100000,220198.0,2
3863,100000,220269.0,2
3864,100000,220220.0,2
3865,100000,220197.0,2
3866,100000,220215.0,2
3867,100000,220519.0,2
3868,100000,220081.0,2
3869,100000,220243.0,2
3870,100000,220328.0,2
3871,100000,220248.0,2
3872,100000,220178.0,2
3873,100000,220140.0,2
3874,100000,221824.0,2
3875,100000,221813.0,2
3876,100000,221828.0,2
3877,100000,221816.0,2
3878,100000,221799.0,2
3879,100000,221842.0,2
3880,100000,221804.0,2
3881,100000,221820.0,2
3882,100000,221802.0,2
3883,100000,221808.0,2
3884,100000,221814.0,2
3885,100000,221842.0,2
3886,100000,221817.0,2
3887,100000,221767.0,2
3888,100000,221809.0,2
3889,100000,239258.0,3
3890,100000,239269.0,3
3891,100000,239446.0,3
3892,100000,239247.0,3
3893,100000,239260.0,3
3894,100000,239279.0,3
3895,100000,239298.0,3
3896,100000,239264.0,3
3897,100000,239257.0,3
3898,100000,239449.0,3
3899,100000,239159.0,3
3900,100000,239189.0,3
3901,100000,239188.0,3
3902,100000,239269.0,3
3903,100000,239450.0,3
3904,100000,239340.0,3
3905,100000,239304.0,3
3906,100000,239357.0,3
3907,100000,239355.0,3
3908,100000,239314.0,3
3909,100000,239362.0,3
3910,100000,239378.0,3
3911,100000,239378.0,3
3912,100000,239739.0,3
3913,100000,239379.0,3
3914,100000,239401.0,3
3915,100000,239357.0,3
3916,100000,239282.0,3
3917,100000,239364.0,3
3918,100000,239438.0,3
3919,100000,240035.0,3
3920,100000,240011.0,3
3921,100000,239983.0,3
3922,100000,239958.0,3
3923,100000,239960.0,3
3924,100000,239954.0,3
3925,100000,239964.0,3
3926,100000,239962.0,3
3927,100000,240011.0,3
3928,100000,239920.0,3
3929,100000,240020.0,3
3930,100000,239983.0,3
3931,100000,240087.0,3
3932,100000,240016.0,3
3933,100000,239928.0,3
3934,100000,230408.0,3
3935,100000,230405.0,3
3936,100000,230395.0,3
3937,100000,230407.0,3
3938,100000,230387.0,3
3939,100000,230347.0,3
3940,100000,230421.0,3
3941,100000,230356.0,3
3942,100000,230394.0,3
3943,100000,230321.0,3
3944,100000,230400.0,3
3945,100000,230410.0,3
3946,100000,230357.0,3
3947,100000,230381.0,3
3948,100000,230371.0,3
3949,100000,232049.0,3
3950,100000,232102.0,3
3951,100000,232013.0,3
3952,100000,232038.0,3
3953,100000,232032.0,3
3954,100000,232070.0,3
3955,100000,232088.0,3
3956,100000,231984.0,3
3957,100000,232071.0,3
3958,100000,232035.0,3
3959,100000,232069.0,3
3960,100000,232037.0,3
3961,100000,232111.0,3
3962,100000,232113.0,3
3963,100000,232012.0,3
3964,100000,232260.0,3
3965,100000,232232.0,3
3966,100000,232168.0,3
3967,100000,232256.0,3
3968,100000,232170.0,3
3969,100000,232255.0,3
3970,100000,232205.0,3
3971,100000,232201.0,3
3972,100000,232146.0,3
3973,100000,232206.0,3
3974,100000,232166.0,3
3975,100000,232192.0,3
3976,100000,232172.0,3
3977,100000,232229.0,3
3978,100000,232242.0,3
3979,100000,239530.0,3
3980,100000,239449.0,3
3981,100000,239670.0,3
3982,100000,239456.0,3
3983,100000,239467.0,3
3984,100000,239671.0,3
3985,100000,239354.0,3
3986,100000,239473.0,3
3987,100000,239400.0,3
3988,100000,239602.0,3
3989,100000,239435.0,3
3990,100000,239405.0,3
3991,100000,239459.0,3
3992,100000,239528.0,3
3993,100000,239383.0,3
3994,100000,239821.0,3
3995,100000,239758.0,3
3996,100000,239829.0,3
3997,100000,239758.0,3
3998,100000,239805.0,3
3999,100000,239825.0,3
4000,100000,239712.0,3
4001,100000,239753.0,3
4002,100000,239784.0,3
4003,100000,239764.0,3
4004,100000,239701.0,3
4005,100000,239729.0,3
4006,100000,239820.0,3
4007,100000,239744.0,3
4008,100000,239672.0,3
4009,100000,242705.0,3
4010,100000,242622.0,3
4011,100000,242611.0,3
4012,100000,242645.0,3
4013,100000,242714.0,3
4014,100000,242550.0,3
4015,100000,242903.0,3
4016,100000,242686.0,3
4017,100000,242621.0,3
4018,100000,242912.0,3
4019,100000,242574.0,3
4020,100000,242563.0,3
4021,100000,242698.0,3
4022,100000,242770.0,3
4023,100000,242585.0,3
4024,100000,241136.0,3
4025,100000,241002.0,3
4026,100000,241090.0,3
4027,100000,241048.0,3
4028,100000,241049.0,3
4029,100000,241089.0,3
4030,100000,241048.0,3
4031,100000,241077.0,3
4032,100000,241047.0,3
4033,100000,241094.0,3
4034,100000,241100.0,3
4035,100000,241083.0,3
4036,100000,241095.0,3
4037,100000,241099.0,3
4038,100000,241080.0,3
4039,100000,241067.0,3
4040,100000,241127.0,3
4041,100000,241013.0,3
4042,100000,241069.0,3
4043,100000,241077.0,3
4044,100000,241057.0,3
4045,100000,241065.0,3
4046,100000,241071.0,3
4047,100000,241095.0,3
4048,100000,241066.0,3
4049,100000,241076.0,3
4050,100000,241058.0,3
4051,100000,241060.0,3
4052,100000,241068.0,3
4053,100000,241061.0,3
4054,100000,230354.0,3
4055,100000,230150.0,3
4056,100000,230376.0,3
4057,100000,230314.0,3
4058,100000,230178.0,3
4059,100000,230372.0,3
4060,100000,230332.0,3
4061,100000,230282.0,3
4062,100000,230422.0,3
4063,100000,230486.0,3
4064,100000,230186.0,3
4065,100000,230364.0,3
4066,100000,230333.0,3
4067,100000,230186.0,3
4068,100000,230211.0,3
4069,100000,239650.0,3
4070,100000,239710.0,3
4071,100000,239565.0,3
4072,100000,239651.0,3
4073,100000,239757.0,3
4074,100000,239531.0,3
4075,100000,239662.0,3
4076,100000,239674.0,3
4077,100000,239675.0,3
4078,100000,239764.0,3
4079,100000,239515.0,3
4080,100000,239630.0,3
4081,100000,239534.0,3
4082,100000,239691.0,3
4083,100000,239762.0,3
4084,100000,239676.0,3
4085,100000,239673.0,3
4086,100000,239725.0,3
4087,100000,239676.0,3
4088,100000,239673.0,3
4089,100000,239645.0,3
4090,100000,239690.0,3
4091,100000,239615.0,3
4092,100000,239725.0,3
4093,100000,239739.0,3
4094,100000,239832.0,3
4095,100000,239686.0,3
4096,100000,239673.0,3
4097,100000,239739.0,3
4098,100000,239672.0,3
4099,100000,242270.0,3
4100,100000,242260.0,3
4101,100000,242423.0,3
4102,100000,242250.0,3
4103,100000,242252.0,3
4104,100000,242171.0,3
4105,100000,242383.0,3
4106,100000,242323.0,3
4107,100000,242353.0,3
4108,100000,242386.0,3
4109,100000,242369.0,3
4110,100000,242390.0,3
4111,100000,242390.0,3
4112,100000,242393.0,3
4113,100000,242353.0,3
4114,100000,229937.0,3
4115,100000,229754.0,3
4116,100000,229885.0,3
4117,100000,229935.0,3
4118,100000,229828.0,3
4119,100000,229959.0,3
4120,100000,229808.0,3
4121,100000,229801.0,3
4122,100000,229806.0,3
4123,100000,229828.0,3
4124,100000,229781.0,3
4125,100000,229798.0,3
4126,100000,229812.0,3
4127,100000,229896.0,3
4128,100000,229859.0,3
4129,100000,239385.0,3
4130,100000,239288.0,3
4131,100000,239257.0,3
4132,100000,239286.0,3
4133,100000,239245.0,3
4134,100000,239365.0,3
4135,100000,239389.0,3
4136,100000,239350.0,3
4137,100000,239299.0,3
4138,100000,239270.0,3
4139,100000,239304.0,3
4140,100000,239282.0,3
4141,100000,239245.0,3
4142,100000,239244.0,3
4143,100000,239285.0,3
4144,100000,240195.0,3
4145,100000,240118.0,3
4146,100000,240344.0,3
4147,100000,240167.0,3
4148,100000,240029.0,3
4149,100000,239967.0,3
4150,100000,240158.0,3
4151,100000,240109.0,3
4152,100000,240049.0,3
4153,100000,240217.0,3
4154,100000,240124.0,3
4155,100000,240100.0,3
4156,100000,240049.0,3
4157,100000,240124.0,3
4158,100000,239983.0,3
4159,100000,239183.0,3
4160,100000,239170.0,3
4161,100000,239184.0,3
4162,100000,239181.0,3
4163,100000,239147.0,3
4164,100000,239169.0,3
4165,100000,239132.0,3
4166,100000,239181.0,3
4167,100000,239158.0,3
4168,100000,239169.0,3
4169,100000,239234.0,3
4170,100000,239162.0,3
4171,100000,239137.0,3
4172,100000,239155.0,3
4173,100000,239192.0,3
4174,100000,240663.0,3
4175,100000,240667.0,3
4176,100000,240663.0,3
4177,100000,240707.0,3
4178,100000,240710.0,3
4179,100000,240699.0,3
4180,100000,240754.0,3
4181,100000,240697.0,3
4182,100000,240667.0,3
4183,100000,240704.0,3
4184,100000,240657.0,3
4185,100000,240705.0,3
4186,100000,240666.0,3
4187,100000,240631.0,3
4188,100000,240670.0,3
4189,100000,222895.0,4
4190,100000,222949.0,4
4191,100000,223041.0,4
4192,100000,222896.0,4
4193,100000,223002.0,4
4194,100000,222867.0,4
4195,100000,223002.0,4
4196,100000,222876.0,4
4197,100000,222984.0,4
4198,100000,222986.0,4
4199,100000,222995.0,4
4200,100000,222949.0,4
4201,100000,222870.0,4
4202,100000,222980.0,4
4203,100000,222961.0,4
4204,100000,223062.0,4
4205,100000,223035.0,4
4206,100000,223077.0,4
4207,100000,223007.0,4
4208,100000,223054.0,4
4209,100000,223037.0,4
4210,100000,223035.0,4
4211,100000,223076.0,4
4212,100000,223104.0,4
4213,100000,223052.0,4
4214,100000,223042.0,4
4215,100000,223062.0,4
4216,100000,223138.0,4
4217,100000,223104.0,4
4218,100000,223057.0,4
4219,100000,223669.0,4
4220,100000,223751.0,4
4221,100000,223733.0,4
4222,100000,223642.0,4
4223,100000,223652.0,4
4224,100000,223664.0,4
4225,100000,223657.0,4
4226,100000,223626.0,4
4227,100000,223639.0,4
4228,100000,223723.0,4
4229,100000,223577.0,4
4230,100000,223728.0,4
4231,100000,223694.0,4
4232,100000,223732.0,4
4233,100000,223596.0,4
4234,100000,214209.0,4
4235,100000,214250.0,4
4236,100000,214225.0,4
4237,100000,214223.0,4
4238,100000,214214.0,4
4239,100000,214103.0,4
4240,100000,214223.0,4
4241,100000,214204.0,4
4242,100000,214209.0,4
4243,100000,214241.0,4
4244,100000,214205.0,4
4245,100000,214336.0,4
4246,100000,214233.0,4
4247,100000,214189.0,4
4248,100000,214314.0,4
4249,100000,215825.0,4
4250,100000,215848.0,4
4251,100000,215818.0,4
4252,100000,215822.0,4
4253,100000,215801.0,4
4254,100000,215779.0,4
4255,100000,215838.0,4
4256,100000,215795.0,4
4257,100000,215763.0,4
4258,100000,215848.0,4
4259,100000,215879.0,4
4260,100000,215802.0,4
4261,100000,215831.0,4
4262,100000,215860.0,4
4263,100000,215796.0,4
4264,100000,215962.0,4
4265,100000,215917.0,4
4266,100000,215904.0,4
4267,100000,215899.0,4
4268,100000,215971.0,4
4269,100000,215914.0,4
4270,100000,215895.0,4
4271,100000,215970.0,4
4272,100000,215942.0,4
4273,100000,215944.0,4
4274,100000,215916.0,4
4275,100000,215953.0,4
4276,100000,215966.0,4
4277,100000,215905.0,4
4278,100000,215901.0,4
4279,100000,223116.0,4
4280,100000,223125.0,4
4281,100000,223263.0,4
4282,100000,223139.0,4
4283,100000,223033.0,4
4284,100000,223273.0,4
4285,100000,223077.0,4
4286,100000,223139.0,4
4287,100000,223183.0,4
4288,100000,223320.0,4
4289,100000,223111.0,4
4290,100000,223225.0,4
4291,100000,223187.0,4
4292,100000,223126.0,4
4293,100000,223056.0,4
4294,100000,223541.0,4
4295,100000,223473.0,4
4296,100000,223513.0,4
4297,100000,223554.0,4
4298,100000,223436.0,4
4299,100000,223534.0,4
4300,100000,223537.0,4
4301,100000,223535.0,4
4302,100000,223445.0,4
4303,100000,223463.0,4
4304,100000,223540.0,4
4305,100000,223561.0,4
4306,100000,223546.0,4
4307,100000,223534.0,4
4308,100000,223514.0,4
4309,100000,225800.0,4
4310,100000,225929.0,4
4311,100000,225880.0,4
4312,100000,225887.0,4
4313,100000,225888.0,4
4314,100000,225973.0,4
4315,100000,225906.0,4
4316,100000,225900.0,4
4317,100000,225931.0,4
4318,100000,225850.0,4
4319,100000,225889.0,4
4320,100000,225948.0,4
4321,100000,225901.0,4
4322,100000,225943.0,4
4323,100000,225877.0,4
4324,100000,224753.0,4
4325,100000,224654.0,4
4326,100000,224681.0,4
4327,100000,224699.0,4
4328,100000,224805.0,4
4329,100000,224730.0,4
4330,100000,224688.0,4
4331,100000,224684.0,4
4332,100000,224694.0,4
4333,100000,224719.0,4
4334,100000,224745.0,4
4335,100000,224744.0,4
4336,100000,224696.0,4
4337,100000,224688.0,4
4338,100000,224616.0,4
4339,100000,225195.0,4
4340,100000,225186.0,4
4341,100000,224968.0,4
4342,100000,225013.0,4
4343,100000,225180.0,4
4344,100000,225152.0,4
4345,100000,225182.0,4
4346,100000,225019.0,4
4347,100000,225029.0,4
4348,100000,225029.0,4
4349,100000,225061.0,4
4350,100000,225085.0,4
4351,100000,225049.0,4
4352,100000,224979.0,4
4353,100000,225043.0,4
4354,100000,213873.0,4
4355,100000,213949.0,4
4356,100000,213896.0,4
4357,100000,213942.0,4
4358,100000,213865.0,4
4359,100000,213916.0,4
4360,100000,213863.0,4
4361,100000,213950.0,4
4362,100000,213959.0,4
4363,100000,214047.0,4
4364,100000,213948.0,4
4365,100000,214113.0,4
4366,100000,213933.0,4
4367,100000,213866.0,4
4368,100000,213903.0,4
4369,100000,223101.0,4
4370,100000,223055.0,4
4371,100000,223254.0,4
4372,100000,223110.0,4
4373,100000,223025.0,4
4374,100000,223132.0,4
4375,100000,223098.0,4
4376,100000,223130.0,4
4377,100000,223173.0,4
4378,100000,223087.0,4
4379,100000,223159.0,4
4380,100000,223110.0,4
4381,100000,223141.0,4
4382,100000,223088.0,4
4383,100000,223190.0,4
4384,100000,223377.0,4
4385,100000,223451.0,4
4386,100000,223291.0,4
4387,100000,223379.0,4
4388,100000,223312.0,4
4389,100000,223392.0,4
4390,100000,223422.0,4
4391,100000,223441.0,4
4392,100000,223411.0,4
4393,100000,223336.0,4
4394,100000,223338.0,4
4395,100000,223303.0,4
4396,100000,223419.0,4
4397,100000,223363.0,4
4398,100000,223407.0,4
4399,100000,225875.0,4
4400,100000,225842.0,4
4401,100000,225920.0,4
4402,100000,225920.0,4
4403,100000,225904.0,4
4404,100000,225895.0,4
4405,100000,225840.0,4
4406,100000,226049.0,4
4407,100000,225904.0,4
4408,100000,226005.0,4
4409,100000,226019.0,4
4410,100000,226000.0,4
4411,100000,225969.0,4
4412,100000,225911.0,4
4413,100000,226027.0,4
4414,100000,213710.0,4
4415,100000,213847.0,4
4416,100000,213517.0,4
4417,100000,213593.0,4
4418,100000,213609.0,4
4419,100000,213621.0,4
4420,100000,213845.0,4
4421,100000,213538.0,4
4422,100000,213552.0,4
4423,100000,213715.0,4
4424,100000,213576.0,4
4425,100000,213562.0,4
4426,100000,213617.0,4
4427,100000,213580.0,4
4428,100000,213569.0,4
4429,100000,222850.0,4
4430,100000,222946.0,4
4431,100000,222922.0,4
4432,100000,222905.0,4
4433,100000,222922.0,4
4434,100000,222866.0,4
4435,100000,222901.0,4
4436,100000,222914.0,4
4437,100000,222871.0,4
4438,100000,222851.0,4
4439,100000,222927.0,4
4440,100000,222858.0,4
4441,100000,222840.0,4
4442,100000,222943.0,4
4443,100000,222900.0,4
4444,100000,223686.0,4
4445,100000,223606.0,4
4446,100000,223710.0,4
4447,100000,223708.0,4
4448,100000,223695.0,4
4449,100000,223755.0,4
4450,100000,223633.0,4
4451,100000,223668.0,4
4452,100000,223718.0,4
4453,100000,223739.0,4
4454,100000,223661.0,4
4455,100000,223859.0,4
4456,100000,223725.0,4
4457,100000,223756.0,4
4458,100000,223731.0,4
4459,100000,222953.0,4
4460,100000,222830.0,4
4461,100000,222820.0,4
4462,100000,222883.0,4
4463,100000,223060.0,4
4464,100000,222820.0,4
4465,100000,222816.0,4
4466,100000,222817.0,4
4467,100000,222906.0,4
4468,100000,222803.0,4
4469,100000,222839.0,4
4470,100000,222815.0,4
4471,100000,222781.0,4
4472,100000,222956.0,4
4473,100000,222823.0,4
4474,100000,224676.0,4
4475,100000,224723.0,4
4476,100000,224683.0,4
4477,100000,224592.0,4
4478,100000,224703.0,4
4479,100000,224716.0,4
4480,100000,224726.0,4
4481,100000,224645.0,4
4482,100000,224681.0,4
4483,100000,224710.0,4
4484,100000,224650.0,4
4485,100000,224706.0,4
4486,100000,224637.0,4
4487,100000,224741.0,4
4488,100000,224623.0,4
4489,100000,235509.0,5
4490,100000,235571.0,5
4491,100000,235666.0,5
4492,100000,235542.0,5
4493,100000,235573.0,5
4494,100000,235615.0,5
4495,100000,235624.0,5
4496,100000,235630.0,5
4497,100000,235586.0,5
4498,100000,235627.0,5
4499,100000,235591.0,5
4500,100000,235631.0,5
4501,100000,235575.0,5
4502,100000,235632.0,5
4503,100000,235511.0,5
4504,100000,235776.0,5
4505,100000,235807.0,5
4506,100000,235761.0,5
4507,100000,235802.0,5
4508,100000,235798.0,5
4509,100000,235793.0,5
4510,100000,236044.0,5
4511,100000,235807.0,5
4512,100000,235791.0,5
4513,100000,235802.0,5
4514,100000,235795.0,5
4515,100000,235766.0,5
4516,100000,235744.0,5
4517,100000,235737.0,5
4518,100000,235766.0,5
4519,100000,236280.0,5
4520,100000,236384.0,5
4521,100000,236378.0,5
4522,100000,236370.0,5
4523,100000,236369.0,5
4524,100000,236378.0,5
4525,100000,236364.0,5
4526,100000,236300.0,5
4527,100000,236214.0,5
4528,100000,236364.0,5
4529,100000,236371.0,5
4530,100000,236291.0,5
4531,100000,236270.0,5
4532,100000,236300.0,5
4533,100000,236198.0,5
4534,100000,226932.0,5
4535,100000,227034.0,5
4536,100000,227063.0,5
4537,100000,227089.0,5
4538,100000,227038.0,5
4539,100000,226969.0,5
4540,100000,227037.0,5
4541,100000,227032.0,5
4542,100000,227063.0,5
4543,100000,227058.0,5
4544,100000,226972.0,5
4545,100000,227045.0,5
4546,100000,226983.0,5
4547,100000,227062.0,5
4548,100000,227047.0,5
4549,100000,228482.0,5
4550,100000,228457.0,5
4551,100000,228473.0,5
4552,100000,228503.0,5
4553,100000,228451.0,5
4554,100000,228520.0,5
4555,100000,228495.0,5
4556,100000,228446.0,5
4557,100000,228492.0,5
4558,100000,228520.0,5
4559,100000,228427.0,5
4560,100000,228501.0,5
4561,100000,228397.0,5
4562,100000,228460.0,5
4563,100000,228436.0,5
4564,100000,228680.0,5
4565,100000,228678.0,5
4566,100000,228695.0,5
4567,100000,228721.0,5
4568,100000,228640.0,5
4569,100000,228682.0,5
4570,100000,228780.0,5
4571,100000,228701.0,5
4572,100000,228563.0,5
4573,100000,228713.0,5
4574,100000,228562.0,5
4575,100000,228659.0,5
4576,100000,228720.0,5
4577,100000,228703.0,5
4578,100000,228700.0,5
4579,100000,235687.0,5
4580,100000,235801.0,5
4581,100000,235752.0,5
4582,100000,235723.0,5
4583,100000,235765.0,5
4584,100000,235713.0,5
4585,100000,235728.0,5
4586,100000,235769.0,5
4587,100000,235793.0,5
4588,100000,235768.0,5
4589,100000,235789.0,5
4590,100000,235769.0,5
4591,100000,235733.0,5
4592,100000,235777.0,5
4593,100000,235798.0,5
4594,100000,236169.0,5
4595,100000,236143.0,5
4596,100000,236144.0,5
4597,100000,236066.0,5
4598,100000,236178.0,5
4599,100000,236166.0,5
4600,100000,236195.0,5
4601,100000,236197.0,5
4602,100000,236192.0,5
4603,100000,236196.0,5
4604,100000,236146.0,5
4605,100000,236107.0,5
4606,100000,236169.0,5
4607,100000,236035.0,5
4608,100000,236194.0,5
4609,100000,238957.0,5
4610,100000,238942.0,5
4611,100000,238943.0,5
4612,100000,238967.0,5
4613,100000,239016.0,5
4614,100000,238929.0,5
4615,100000,238928.0,5
4616,100000,238883.0,5
4617,100000,238892.0,5
4618,100000,238841.0,5
4619,100000,238895.0,5
4620,100000,238888.0,5
4621,100000,238875.0,5
4622,100000,238907.0,5
4623,100000,238893.0,5
4624,100000,237688.0,5
4625,100000,237693.0,5
4626,100000,237699.0,5
4627,100000,237648.0,5
4628,100000,237708.0,5
4629,100000,237698.0,5
4630,100000,237645.0,5
4631,100000,237679.0,5
4632,100000,237654.0,5
4633,100000,237732.0,5
4634,100000,237710.0,5
4635,100000,237596.0,5
4636,100000,237776.0,5
4637,100000,237770.0,5
4638,100000,237668.0,5
4639,100000,237780.0,5
4640,100000,237766.0,5
4641,100000,237674.0,5
4642,100000,237731.0,5
4643,100000,237719.0,5
4644,100000,237855.0,5
4645,100000,237740.0,5
4646,100000,237778.0,5
4647,100000,237748.0,5
4648,100000,237777.0,5
4649,100000,237882.0,5
4650,100000,237779.0,5
4651,100000,237841.0,5
4652,100000,237729.0,5
4653,100000,237943.0,5
4654,100000,226566.0,5
4655,100000,226598.0,5
4656,100000,226604.0,5
4657,100000,226584.0,5
4658,100000,226591.0,5
4659,100000,226599.0,5
4660,100000,226643.0,5
4661,100000,226614.0,5
4662,100000,226652.0,5
4663,100000,226666.0,5
4664,100000,226469.0,5
4665,100000,226574.0,5
4666,100000,226616.0,5
4667,100000,226619.0,5
4668,100000,226621.0,5
4669,100000,235899.0,5
4670,100000,235856.0,5
4671,100000,235888.0,5
4672,100000,235790.0,5
4673,100000,235873.0,5
4674,100000,235786.0,5
4675,100000,235847.0,5
4676,100000,235878.0,5
4677,100000,235812.0,5
4678,100000,235857.0,5
4679,100000,235878.0,5
4680,100000,235792.0,5
4681,100000,235881.0,5
4682,100000,235831.0,5
4683,100000,235883.0,5
4684,100000,236021.0,5
4685,100000,236010.0,5
4686,100000,236010.0,5
4687,100000,235995.0,5
4688,100000,236019.0,5
4689,100000,235929.0,5
4690,100000,236016.0,5
4691,100000,236016.0,5
4692,100000,236021.0,5
4693,100000,236004.0,5
4694,100000,235972.0,5
4695,100000,236010.0,5
4696,100000,235972.0,5
4697,100000,236013.0,5
4698,100000,236019.0,5
4699,100000,238384.0,5
4700,100000,238407.0,5
4701,100000,238361.0,5
4702,100000,238372.0,5
4703,100000,238392.0,5
4704,100000,238333.0,5
4705,100000,238416.0,5
4706,100000,238392.0,5
4707,100000,238370.0,5
4708,100000,238372.0,5
4709,100000,238390.0,5
4710,100000,238392.0,5
4711,100000,238368.0,5
4712,100000,238372.0,5
4713,100000,238368.0,5
4714,100000,226430.0,5
4715,100000,226395.0,5
4716,100000,226423.0,5
4717,100000,226461.0,5
4718,100000,226354.0,5
4719,100000,226447.0,5
4720,100000,226374.0,5
4721,100000,226382.0,5
4722,100000,226420.0,5
4723,100000,226407.0,5
4724,100000,226509.0,5
4725,100000,226514.0,5
4726,100000,226307.0,5
4727,100000,226509.0,5
4728,100000,226544.0,5
4729,100000,235457.0,5
4730,100000,235437.0,5
4731,100000,235435.0,5
4732,100000,235440.0,5
4733,100000,235433.0,5
4734,100000,235447.0,5
4735,100000,235427.0,5
4736,100000,235436.0,5
4737,100000,235443.0,5
4738,100000,235449.0,5
4739,100000,235465.0,5
4740,100000,235455.0,5
4741,100000,235467.0,5
4742,100000,235471.0,5
4743,100000,235460.0,5
4744,100000,236290.0,5
4745,100000,236260.0,5
4746,100000,236216.0,5
4747,100000,236295.0,5
4748,100000,236286.0,5
4749,100000,236280.0,5
4750,100000,236285.0,5
4751,100000,236308.0,5
4752,100000,236302.0,5
4753,100000,236294.0,5
4754,100000,236279.0,5
4755,100000,236295.0,5
4756,100000,236297.0,5
4757,100000,236292.0,5
4758,100000,236242.0,5
4759,100000,235629.0,5
4760,100000,235480.0,5
4761,100000,235592.0,5
4762,100000,235602.0,5
4763,100000,235545.0,5
4764,100000,235600.0,5
4765,100000,235531.0,5
4766,100000,235579.0,5
4767,100000,235553.0,5
4768,100000,235621.0,5
4769,100000,235624.0,5
4770,100000,235611.0,5
4771,100000,235601.0,5
4772,100000,235579.0,5
4773,100000,235592.0,5
4774,100000,237129.0,5
4775,100000,237133.0,5
4776,100000,237132.0,5
4777,100000,237141.0,5
4778,100000,237135.0,5
4779,100000,237131.0,5
4780,100000,237138.0,5
4781,100000,237126.0,5
4782,100000,237128.0,5
4783,100000,237138.0,5
4784,100000,237127.0,5
4785,100000,237128.0,5
4786,100000,237119.0,5
4787,100000,237080.0,5
4788,100000,237125.0,5
4789,100000,220376.0,6
4790,100000,220644.0,6
4791,100000,220443.0,6
4792,100000,220486.0,6
4793,100000,220447.0,6
4794,100000,220497.0,6
4795,100000,220512.0,6
4796,100000,220427.0,6
4797,100000,220379.0,6
4798,100000,220421.0,6
4799,100000,220602.0,6
4800,100000,220428.0,6
4801,100000,220519.0,6
4802,100000,220434.0,6
4803,100000,220576.0,6
4804,100000,220503.0,6
4805,100000,220415.0,6
4806,100000,220489.0,6
4807,100000,220486.0,6
4808,100000,220491.0,6
4809,100000,220501.0,6
4810,100000,220400.0,6
4811,100000,220762.0,6
4812,100000,220483.0,6
4813,100000,220413.0,6
4814,100000,220485.0,6
4815,100000,220457.0,6
4816,100000,220412.0,6
4817,100000,220479.0,6
4818,100000,220440.0,6
4819,100000,221018.0,6
4820,100000,221190.0,6
4821,100000,221038.0,6
4822,100000,221003.0,6
4823,100000,221040.0,6
4824,100000,220973.0,6
4825,100000,221043.0,6
4826,100000,220985.0,6
4827,100000,221088.0,6
4828,100000,221027.0,6
4829,100000,220970.0,6
4830,100000,221034.0,6
4831,100000,221190.0,6
4832,100000,220932.0,6
4833,100000,221043.0,6
4834,100000,211857.0,6
4835,100000,211895.0,6
4836,100000,211851.0,6
4837,100000,211855.0,6
4838,100000,211714.0,6
4839,100000,211834.0,6
4840,100000,211735.0,6
4841,100000,211846.0,6
4842,100000,211838.0,6
4843,100000,211741.0,6
4844,100000,211844.0,6
4845,100000,211734.0,6
4846,100000,211829.0,6
4847,100000,211710.0,6
4848,100000,211847.0,6
4849,100000,213161.0,6
4850,100000,213123.0,6
4851,100000,213147.0,6
4852,100000,213234.0,6
4853,100000,213131.0,6
4854,100000,213173.0,6
4855,100000,213185.0,6
4856,100000,213168.0,6
4857,100000,213136.0,6
4858,100000,213267.0,6
4859,100000,213057.0,6
4860,100000,213188.0,6
4861,100000,213173.0,6
4862,100000,213185.0,6
4863,100000,213159.0,6
4864,100000,213446.0,6
4865,100000,213416.0,6
4866,100000,213189.0,6
4867,100000,213460.0,6
4868,100000,213467.0,6
4869,100000,213443.0,6
4870,100000,213328.0,6
4871,100000,213467.0,6
4872,100000,213327.0,6
4873,100000,213464.0,6
4874,100000,213282.0,6
4875,100000,213324.0,6
4876,100000,213493.0,6
4877,100000,213470.0,6
4878,100000,213429.0,6
4879,100000,220461.0,6
4880,100000,220607.0,6
4881,100000,220486.0,6
4882,100000,220599.0,6
4883,100000,220411.0,6
4884,100000,220591.0,6
4885,100000,220641.0,6
4886,100000,220505.0,6
4887,100000,220598.0,6
4888,100000,220521.0,6
4889,100000,220599.0,6
4890,100000,220499.0,6
4891,100000,220528.0,6
4892,100000,220620.0,6
4893,100000,220534.0,6
4894,100000,220746.0,6
4895,100000,220918.0,6
4896,100000,220993.0,6
4897,100000,220911.0,6
4898,100000,220923.0,6
4899,100000,221012.0,6
4900,100000,220839.0,6
4901,100000,221005.0,6
4902,100000,220992.0,6
4903,100000,221007.0,6
4904,100000,221005.0,6
4905,100000,220762.0,6
4906,100000,220899.0,6
4907,100000,220823.0,6
4908,100000,220981.0,6
4909,100000,223284.0,6
4910,100000,223360.0,6
4911,100000,223273.0,6
4912,100000,223265.0,6
4913,100000,223388.0,6
4914,100000,223388.0,6
4915,100000,223314.0,6
4916,100000,223282.0,6
4917,100000,223409.0,6
4918,100000,223273.0,6
4919,100000,223318.0,6
4920,100000,223361.0,6
4921,100000,223281.0,6
4922,100000,223280.0,6
4923,100000,223272.0,6
4924,100000,222538.0,6
4925,100000,222620.0,6
4926,100000,222686.0,6
4927,100000,222380.0,6
4928,100000,222377.0,6
4929,100000,222684.0,6
4930,100000,222479.0,6
4931,100000,222345.0,6
4932,100000,222492.0,6
4933,100000,222505.0,6
4934,100000,222463.0,6
4935,100000,222352.0,6
4936,100000,222504.0,6
4937,100000,222305.0,6
4938,100000,222475.0,6
4939,100000,222484.0,6
4940,100000,222492.0,6
4941,100000,222425.0,6
4942,100000,222444.0,6
4943,100000,222474.0,6
4944,100000,222494.0,6
4945,100000,222500.0,6
4946,100000,222481.0,6
4947,100000,222452.0,6
4948,100000,222466.0,6
4949,100000,222487.0,6
4950,100000,222451.0,6
4951,100000,222454.0,6
4952,100000,222487.0,6
4953,100000,222503.0,6
4954,100000,211265.0,6
4955,100000,211169.0,6
4956,100000,211164.0,6
4957,100000,211274.0,6
4958,100000,211254.0,6
4959,100000,211243.0,6
4960,100000,211374.0,6
4961,100000,211300.0,6
4962,100000,211226.0,6
4963,100000,211247.0,6
4964,100000,211204.0,6
4965,100000,211293.0,6
4966,100000,211279.0,6
4967,100000,211245.0,6
4968,100000,211198.0,6
4969,100000,220730.0,6
4970,100000,220642.0,6
4971,100000,220767.0,6
4972,100000,220677.0,6
4973,100000,220807.0,6
4974,100000,220750.0,6
4975,100000,220742.0,6
4976,100000,220683.0,6
4977,100000,220703.0,6
4978,100000,220607.0,6
4979,100000,220653.0,6
4980,100000,220642.0,6
4981,100000,220662.0,6
4982,100000,220697.0,6
4983,100000,220740.0,6
4984,100000,220866.0,6
4985,100000,220926.0,6
4986,100000,220992.0,6
4987,100000,220988.0,6
4988,100000,220967.0,6
4989,100000,220978.0,6
4990,100000,220986.0,6
4991,100000,220885.0,6
4992,100000,220947.0,6
4993,100000,220935.0,6
4994,100000,220911.0,6
4995,100000,220956.0,6
4996,100000,220901.0,6
4997,100000,220956.0,6
4998,100000,220976.0,6
4999,100000,223313.0,6
5000,100000,223286.0,6
5001,100000,223311.0,6
5002,100000,223268.0,6
5003,100000,223290.0,6
5004,100000,223225.0,6
5005,100000,223288.0,6
5006,100000,223277.0,6
5007,100000,223249.0,6
5008,100000,223281.0,6
5009,100000,223254.0,6
5010,100000,223269.0,6
5011,100000,223287.0,6
5012,100000,223290.0,6
5013,100000,223252.0,6
5014,100000,211092.0,6
5015,100000,211165.0,6
5016,100000,211115.0,6
5017,100000,211138.0,6
5018,100000,211085.0,6
5019,100000,211139.0,6
5020,100000,211074.0,6
5021,100000,211085.0,6
5022,100000,211115.0,6
5023,100000,211149.0,6
5024,100000,211071.0,6
5025,100000,211074.0,6
5026,100000,211058.0,6
5027,100000,211080.0,6
5028,100000,211077.0,6
5029,100000,220346.0,6
5030,100000,220245.0,6
5031,100000,220330.0,6
5032,100000,220282.0,6
5033,100000,220330.0,6
5034,100000,220236.0,6
5035,100000,220262.0,6
5036,100000,220269.0,6
5037,100000,220236.0,6
5038,100000,220315.0,6
5039,100000,220344.0,6
5040,100000,220290.0,6
5041,100000,220262.0,6
5042,100000,220322.0,6
5043,100000,220269.0,6
5044,100000,221169.0,6
5045,100000,221183.0,6
5046,100000,221287.0,6
5047,100000,221215.0,6
5048,100000,221128.0,6
5049,100000,221259.0,6
5050,100000,221151.0,6
5051,100000,221303.0,6
5052,100000,221230.0,6
5053,100000,221182.0,6
5054,100000,221342.0,6
5055,100000,221293.0,6
5056,100000,221188.0,6
5057,100000,221244.0,6
5058,100000,221189.0,6
5059,100000,220252.0,6
5060,100000,220308.0,6
5061,100000,220276.0,6
5062,100000,220269.0,6
5063,100000,220288.0,6
5064,100000,220224.0,6
5065,100000,220263.0,6
5066,100000,220229.0,6
5067,100000,220292.0,6
5068,100000,220396.0,6
5069,100000,220243.0,6
5070,100000,220379.0,6
5071,100000,220262.0,6
5072,100000,220165.0,6
5073,100000,220558.0,6
5074,100000,221795.0,6
5075,100000,221790.0,6
5076,100000,221781.0,6
5077,100000,221807.0,6
5078,100000,221753.0,6
5079,100000,221793.0,6
5080,100000,221796.0,6
5081,100000,221793.0,6
5082,100000,221742.0,6
5083,100000,221794.0,6
5084,100000,221804.0,6
5085,100000,221755.0,6
5086,100000,221788.0,6
5087,100000,221699.0,6
5088,100000,221747.0,6
5089,100000,243351.0,7
5090,100000,243298.0,7
5091,100000,243308.0,7
5092,100000,243300.0,7
5093,100000,243308.0,7
5094,100000,243345.0,7
5095,100000,243261.0,7
5096,100000,243280.0,7
5097,100000,243320.0,7
5098,100000,243274.0,7
5099,100000,243320.0,7
5100,100000,243359.0,7
5101,100000,243244.0,7
5102,100000,243287.0,7
5103,100000,243267.0,7
5104,100000,243363.0,7
5105,100000,243347.0,7
5106,100000,243363.0,7
5107,100000,243349.0,7
5108,100000,243357.0,7
5109,100000,243358.0,7
5110,100000,243347.0,7
5111,100000,243363.0,7
5112,100000,243351.0,7
5113,100000,243283.0,7
5114,100000,243344.0,7
5115,100000,243342.0,7
5116,100000,243341.0,7
5117,100000,243406.0,7
5118,100000,243338.0,7
5119,100000,243857.0,7
5120,100000,243898.0,7
5121,100000,243855.0,7
5122,100000,243950.0,7
5123,100000,243913.0,7
5124,100000,243949.0,7
5125,100000,243919.0,7
5126,100000,243903.0,7
5127,100000,243907.0,7
5128,100000,243944.0,7
5129,100000,243993.0,7
5130,100000,243848.0,7
5131,100000,243862.0,7
5132,100000,243849.0,7
5133,100000,243929.0,7
5134,100000,234787.0,7
5135,100000,234810.0,7
5136,100000,234808.0,7
5137,100000,234790.0,7
5138,100000,234770.0,7
5139,100000,234737.0,7
5140,100000,234777.0,7
5141,100000,234725.0,7
5142,100000,234774.0,7
5143,100000,234764.0,7
5144,100000,234774.0,7
5145,100000,234802.0,7
5146,100000,234775.0,7
5147,100000,234781.0,7
5148,100000,234780.0,7
5149,100000,235977.0,7
5150,100000,236007.0,7
5151,100000,236004.0,7
5152,100000,236007.0,7
5153,100000,236015.0,7
5154,100000,236017.0,7
5155,100000,236011.0,7
5156,100000,236017.0,7
5157,100000,236003.0,7
5158,100000,236000.0,7
5159,100000,235999.0,7
5160,100000,236022.0,7
5161,100000,236030.0,7
5162,100000,236011.0,7
5163,100000,236024.0,7
5164,100000,236317.0,7
5165,100000,236310.0,7
5166,100000,236366.0,7
5167,100000,236381.0,7
5168,100000,236225.0,7
5169,100000,236309.0,7
5170,100000,236228.0,7
5171,100000,236332.0,7
5172,100000,236273.0,7
5173,100000,236374.0,7
5174,100000,236317.0,7
5175,100000,236314.0,7
5176,100000,236370.0,7
5177,100000,236331.0,7
5178,100000,236415.0,7
5179,100000,243452.0,7
5180,100000,243428.0,7
5181,100000,243362.0,7
5182,100000,243423.0,7
5183,100000,243441.0,7
5184,100000,243388.0,7
5185,100000,243430.0,7
5186,100000,243433.0,7
5187,100000,243395.0,7
5188,100000,243379.0,7
5189,100000,243419.0,7
5190,100000,243430.0,7
5191,100000,243462.0,7
5192,100000,243435.0,7
5193,100000,243409.0,7
5194,100000,243881.0,7
5195,100000,243845.0,7
5196,100000,243809.0,7
5197,100000,243915.0,7
5198,100000,243924.0,7
5199,100000,243850.0,7
5200,100000,243926.0,7
5201,100000,243921.0,7
5202,100000,243881.0,7
5203,100000,243920.0,7
5204,100000,243921.0,7
5205,100000,243883.0,7
5206,100000,243924.0,7
5207,100000,243801.0,7
5208,100000,243915.0,7
5209,100000,246602.0,7
5210,100000,246544.0,7
5211,100000,246631.0,7
5212,100000,246548.0,7
5213,100000,246547.0,7
5214,100000,246565.0,7
5215,100000,246591.0,7
5216,100000,246538.0,7
5217,100000,246555.0,7
5218,100000,246494.0,7
5219,100000,246654.0,7
5220,100000,246560.0,7
5221,100000,246517.0,7
5222,100000,246686.0,7
5223,100000,246533.0,7
5224,100000,245413.0,7
5225,100000,245476.0,7
5226,100000,245421.0,7
5227,100000,245425.0,7
5228,100000,245426.0,7
5229,100000,245491.0,7
5230,100000,245467.0,7
5231,100000,245373.0,7
5232,100000,245426.0,7
5233,100000,245399.0,7
5234,100000,245440.0,7
5235,100000,245392.0,7
5236,100000,245389.0,7
5237,100000,245493.0,7
5238,100000,245385.0,7
5239,100000,245478.0,7
5240,100000,245475.0,7
5241,100000,245422.0,7
5242,100000,245437.0,7
5243,100000,245560.0,7
5244,100000,245462.0,7
5245,100000,245476.0,7
5246,100000,245484.0,7
5247,100000,245448.0,7
5248,100000,245437.0,7
5249,100000,245553.0,7
5250,100000,245440.0,7
5251,100000,245436.0,7
5252,100000,245479.0,7
5253,100000,245524.0,7
5254,100000,234129.0,7
5255,100000,234132.0,7
5256,100000,234150.0,7
5257,100000,234184.0,7
5258,100000,234139.0,7
5259,100000,234134.0,7
5260,100000,234185.0,7
5261,100000,234148.0,7
5262,100000,234157.0,7
5263,100000,234151.0,7
5264,100000,234090.0,7
5265,100000,234119.0,7
5266,100000,234154.0,7
5267,100000,234128.0,7
5268,100000,234145.0,7
5269,100000,243515.0,7
5270,100000,243423.0,7
5271,100000,243504.0,7
5272,100000,243504.0,7
5273,100000,243497.0,7
5274,100000,243415.0,7
5275,100000,243495.0,7
5276,100000,243493.0,7
5277,100000,243401.0,7
5278,100000,243495.0,7
5279,100000,243427.0,7
5280,100000,243518.0,7
5281,100000,243495.0,7
5282,100000,243427.0,7
5283,100000,243493.0,7
5284,100000,243699.0,7
5285,100000,243692.0,7
5286,100000,243711.0,7
5287,100000,243716.0,7
5288,100000,243721.0,7
5289,100000,243675.0,7
5290,100000,243718.0,7
5291,100000,243715.0,7
5292,100000,243700.0,7
5293,100000,243677.0,7
5294,100000,243689.0,7
5295,100000,243632.0,7
5296,100000,243810.0,7
5297,100000,243666.0,7
5298,100000,243711.0,7
5299,100000,246296.0,7
5300,100000,246216.0,7
5301,100000,246338.0,7
5302,100000,246240.0,7
5303,100000,246295.0,7
5304,100000,246219.0,7
5305,100000,246202.0,7
5306,100000,246259.0,7
5307,100000,246200.0,7
5308,100000,246343.0,7
5309,100000,246205.0,7
5310,100000,246227.0,7
5311,100000,246262.0,7
5312,100000,246308.0,7
5313,100000,246209.0,7
5314,100000,234159.0,7
5315,100000,234151.0,7
5316,100000,234184.0,7
5317,100000,234159.0,7
5318,100000,234168.0,7
5319,100000,234155.0,7
5320,100000,234147.0,7
5321,100000,234147.0,7
5322,100000,234157.0,7
5323,100000,234153.0,7
5324,100000,234207.0,7
5325,100000,234207.0,7
5326,100000,234156.0,7
5327,100000,234196.0,7
5328,100000,234203.0,7
5329,100000,243185.0,7
5330,100000,243206.0,7
5331,100000,243159.0,7
5332,100000,243160.0,7
5333,100000,243208.0,7
5334,100000,243207.0,7
5335,100000,243193.0,7
5336,100000,243184.0,7
5337,100000,243196.0,7
5338,100000,243176.0,7
5339,100000,243194.0,7
5340,100000,243195.0,7
5341,100000,243130.0,7
5342,100000,243158.0,7
5343,100000,243195.0,7
5344,100000,244086.0,7
5345,100000,244242.0,7
5346,100000,244171.0,7
5347,100000,244186.0,7
5348,100000,244160.0,7
5349,100000,244377.0,7
5350,100000,244190.0,7
5351,100000,244092.0,7
5352,100000,244138.0,7
5353,100000,244183.0,7
5354,100000,244193.0,7
5355,100000,244158.0,7
5356,100000,244157.0,7
5357,100000,244190.0,7
5358,100000,244171.0,7
5359,100000,243187.0,7
5360,100000,243181.0,7
5361,100000,243195.0,7
5362,100000,243144.0,7
5363,100000,243165.0,7
5364,100000,243188.0,7
5365,100000,243186.0,7
5366,100000,243178.0,7
5367,100000,243194.0,7
5368,100000,243195.0,7
5369,100000,243147.0,7
5370,100000,243122.0,7
5371,100000,243094.0,7
5372,100000,243153.0,7
5373,100000,243461.0,7
5374,100000,244805.0,7
5375,100000,244915.0,7
5376,100000,244780.0,7
5377,100000,244825.0,7
5378,100000,244800.0,7
5379,100000,244816.0,7
5380,100000,244957.0,7
5381,100000,244813.0,7
5382,100000,244759.0,7
5383,100000,244821.0,7
5384,100000,244799.0,7
5385,100000,244805.0,7
5386,100000,244801.0,7
5387,100000,244784.0,7
5388,100000,244797.0,7
5389,100000,207439.0,8
5390,100000,207380.0,8
5391,100000,207413.0,8
5392,100000,207420.0,8
5393,100000,207339.0,8
5394,100000,207441.0,8
5395,100000,207430.0,8
5396,100000,207473.0,8
5397,100000,207373.0,8
5398,100000,207446.0,8
5399,100000,207513.0,8
5400,100000,207473.0,8
5401,100000,207488.0,8
5402,100000,207374.0,8
5403,100000,207432.0,8
5404,100000,207469.0,8
5405,100000,207455.0,8
5406,100000,207400.0,8
5407,100000,207445.0,8
5408,100000,207423.0,8
5409,100000,207462.0,8
5410,100000,207454.0,8
5411,100000,207661.0,8
5412,100000,207433.0,8
5413,100000,207448.0,8
5414,100000,207469.0,8
5415,100000,207462.0,8
5416,100000,207454.0,8
5417,100000,207379.0,8
5418,100000,207438.0,8
5419,100000,208016.0,8
5420,100000,207921.0,8
5421,100000,207972.0,8
5422,100000,208056.0,8
5423,100000,208067.0,8
5424,100000,208193.0,8
5425,100000,208056.0,8
5426,100000,208049.0,8
5427,100000,207919.0,8
5428,100000,208010.0,8
5429,100000,208003.0,8
5430,100000,208057.0,8
5431,100000,207939.0,8
5432,100000,208003.0,8
5433,100000,207997.0,8
5434,100000,199116.0,8
5435,100000,199082.0,8
5436,100000,199074.0,8
5437,100000,199083.0,8
5438,100000,199065.0,8
5439,100000,198998.0,8
5440,100000,199002.0,8
5441,100000,199025.0,8
5442,100000,199075.0,8
5443,100000,198881.0,8
5444,100000,199055.0,8
5445,100000,199077.0,8
5446,100000,199010.0,8
5447,100000,199064.0,8
5448,100000,199002.0,8
5449,100000,200061.0,8
5450,100000,200106.0,8
5451,100000,200069.0,8
5452,100000,200069.0,8
5453,100000,200045.0,8
5454,100000,200148.0,8
5455,100000,200112.0,8
5456,100000,200057.0,8
5457,100000,200120.0,8
5458,100000,200151.0,8
5459,100000,200004.0,8
5460,100000,200088.0,8
5461,100000,199966.0,8
5462,100000,200095.0,8
5463,100000,200085.0,8
5464,100000,200187.0,8
5465,100000,200167.0,8
5466,100000,200152.0,8
5467,100000,200179.0,8
5468,100000,200172.0,8
5469,100000,200182.0,8
5470,100000,200127.0,8
5471,100000,200136.0,8
5472,100000,200127.0,8
5473,100000,200214.0,8
5474,100000,200191.0,8
5475,100000,200215.0,8
5476,100000,200174.0,8
5477,100000,200170.0,8
5478,100000,200176.0,8
5479,100000,207412.0,8
5480,100000,207464.0,8
5481,100000,207535.0,8
5482,100000,207490.0,8
5483,100000,207486.0,8
5484,100000,207431.0,8
5485,100000,207458.0,8
5486,100000,207652.0,8
5487,100000,207507.0,8
5488,100000,207479.0,8
5489,100000,207481.0,8
5490,100000,207492.0,8
5491,100000,207626.0,8
5492,100000,207439.0,8
5493,100000,207458.0,8
5494,100000,207962.0,8
5495,100000,207931.0,8
5496,100000,207967.0,8
5497,100000,207870.0,8
5498,100000,207952.0,8
5499,100000,207972.0,8
5500,100000,207968.0,8
5501,100000,207962.0,8
5502,100000,207957.0,8
5503,100000,207973.0,8
5504,100000,207973.0,8
5505,100000,207917.0,8
5506,100000,207973.0,8
5507,100000,207964.0,8
5508,100000,207915.0,8
5509,100000,210555.0,8
5510,100000,210630.0,8
5511,100000,210714.0,8
5512,100000,210600.0,8
5513,100000,210560.0,8
5514,100000,210574.0,8
5515,100000,210604.0,8
5516,100000,210722.0,8
5517,100000,210587.0,8
5518,100000,210510.0,8
5519,100000,210590.0,8
5520,100000,210553.0,8
5521,100000,210584.0,8
5522,100000,210564.0,8
5523,100000,210602.0,8
5524,100000,209460.0,8
5525,100000,209437.0,8
5526,100000,209526.0,8
5527,100000,209463.0,8
5528,100000,209470.0,8
5529,100000,209427.0,8
5530,100000,209567.0,8
5531,100000,209471.0,8
5532,100000,209477.0,8
5533,100000,209385.0,8
5534,100000,209444.0,8
5535,100000,209580.0,8
5536,100000,209429.0,8
5537,100000,209384.0,8
5538,100000,209435.0,8
5539,100000,209195.0,8
5540,100000,209185.0,8
5541,100000,209169.0,8
5542,100000,209213.0,8
5543,100000,209105.0,8
5544,100000,209212.0,8
5545,100000,209212.0,8
5546,100000,209188.0,8
5547,100000,209216.0,8
5548,100000,209186.0,8
5549,100000,209190.0,8
5550,100000,209187.0,8
5551,100000,209211.0,8
5552,100000,209185.0,8
5553,100000,209183.0,8
5554,100000,198098.0,8
5555,100000,198089.0,8
5556,100000,198075.0,8
5557,100000,198041.0,8
5558,100000,198099.0,8
5559,100000,198106.0,8
5560,100000,198081.0,8
5561,100000,198122.0,8
5562,100000,198121.0,8
5563,100000,198097.0,8
5564,100000,198063.0,8
5565,100000,198067.0,8
5566,100000,198113.0,8
5567,100000,198081.0,8
5568,100000,198112.0,8
5569,100000,207638.0,8
5570,100000,207600.0,8
5571,100000,207664.0,8
5572,100000,207586.0,8
5573,100000,207602.0,8
5574,100000,207656.0,8
5575,100000,207655.0,8
5576,100000,207638.0,8
5577,100000,207703.0,8
5578,100000,207746.0,8
5579,100000,207575.0,8
5580,100000,207617.0,8
5581,100000,207645.0,8
5582,100000,207633.0,8
5583,100000,207649.0,8
5584,100000,207773.0,8
5585,100000,207825.0,8
5586,100000,207804.0,8
5587,100000,207825.0,8
5588,100000,207815.0,8
5589,100000,207789.0,8
5590,100000,207754.0,8
5591,100000,207809.0,8
5592,100000,207829.0,8
5593,100000,207912.0,8
5594,100000,207803.0,8
5595,100000,207811.0,8
5596,100000,207807.0,8
5597,100000,207828.0,8
5598,100000,207854.0,8
5599,100000,209948.0,8
5600,100000,209946.0,8
5601,100000,209970.0,8
5602,100000,209926.0,8
5603,100000,209949.0,8
5604,100000,209920.0,8
5605,100000,209962.0,8
5606,100000,209955.0,8
5607,100000,209920.0,8
5608,100000,209975.0,8
5609,100000,209839.0,8
5610,100000,209955.0,8
5611,100000,209977.0,8
5612,100000,209951.0,8
5613,100000,209968.0,8
5614,100000,198358.0,8
5615,100000,198467.0,8
5616,100000,198341.0,8
5617,100000,198360.0,8
5618,100000,198350.0,8
5619,100000,198238.0,8
5620,100000,198321.0,8
5621,100000,198314.0,8
5622,100000,198471.0,8
5623,100000,198313.0,8
5624,100000,198331.0,8
5625,100000,198355.0,8
5626,100000,198296.0,8
5627,100000,198351.0,8
5628,100000,198369.0,8
5629,100000,207120.0,8
5630,100000,207166.0,8
5631,100000,207144.0,8
5632,100000,207112.0,8
5633,100000,207139.0,8
5634,100000,207168.0,8
5635,100000,207151.0,8
5636,100000,207157.0,8
5637,100000,207135.0,8
5638,100000,207139.0,8
5639,100000,207148.0,8
5640,100000,207144.0,8
5641,100000,207126.0,8
5642,100000,207126.0,8
5643,100000,207141.0,8
5644,100000,208155.0,8
5645,100000,208154.0,8
5646,100000,208153.0,8
5647,100000,208148.0,8
5648,100000,208166.0,8
5649,100000,208080.0,8
5650,100000,208155.0,8
5651,100000,208137.0,8
5652,100000,208166.0,8
5653,100000,208155.0,8
5654,100000,208173.0,8
5655,100000,208137.0,8
5656,100000,208142.0,8
5657,100000,208179.0,8
5658,100000,208143.0,8
5659,100000,207269.0,8
5660,100000,207269.0,8
5661,100000,207244.0,8
5662,100000,207257.0,8
5663,100000,207196.0,8
5664,100000,207257.0,8
5665,100000,207265.0,8
5666,100000,207266.0,8
5667,100000,207277.0,8
5668,100000,207246.0,8
5669,100000,207347.0,8
5670,100000,207261.0,8
5671,100000,207275.0,8
5672,100000,207271.0,8
5673,100000,207274.0,8
5674,100000,209059.0,8
5675,100000,209130.0,8
5676,100000,209187.0,8
5677,100000,209080.0,8
5678,100000,209084.0,8
5679,100000,209078.0,8
5680,100000,209019.0,8
5681,100000,209101.0,8
5682,100000,209069.0,8
5683,100000,209059.0,8
5684,100000,209070.0,8
5685,100000,209023.0,8
5686,100000,209072.0,8
5687,100000,209003.0,8
5688,100000,209048.0,8
5689,100000,218127.0,9
5690,100000,218131.0,9
5691,100000,218223.0,9
5692,100000,218321.0,9
5693,100000,218306.0,9
5694,100000,218233.0,9
5695,100000,218186.0,9
5696,100000,218293.0,9
5697,100000,218126.0,9
5698,100000,218198.0,9
5699,100000,218233.0,9
5700,100000,218243.0,9
5701,100000,218227.0,9
5702,100000,218215.0,9
5703,100000,218354.0,9
5704,100000,218128.0,9
5705,100000,218225.0,9
5706,100000,218124.0,9
5707,100000,218129.0,9
5708,100000,218203.0,9
5709,100000,218224.0,9
5710,100000,218122.0,9
5711,100000,218202.0,9
5712,100000,218196.0,9
5713,100000,218197.0,9
5714,100000,218214.0,9
5715,100000,218241.0,9
5716,100000,218209.0,9
5717,100000,218134.0,9
5718,100000,218121.0,9
5719,100000,218584.0,9
5720,100000,218839.0,9
5721,100000,218710.0,9
5722,100000,218605.0,9
5723,100000,218783.0,9
5724,100000,218725.0,9
5725,100000,218782.0,9
5726,100000,218582.0,9
5727,100000,218676.0,9
5728,100000,218613.0,9
5729,100000,218678.0,9
5730,100000,218725.0,9
5731,100000,218645.0,9
5732,100000,218694.0,9
5733,100000,218752.0,9
5734,100000,209973.0,9
5735,100000,209821.0,9
5736,100000,209937.0,9
5737,100000,209915.0,9
5738,100000,209892.0,9
5739,100000,209802.0,9
5740,100000,209822.0,9
5741,100000,209860.0,9
5742,100000,209898.0,9
5743,100000,209868.0,9
5744,100000,209724.0,9
5745,100000,209782.0,9
5746,100000,209900.0,9
5747,100000,209852.0,9
5748,100000,209765.0,9
5749,100000,210758.0,9
5750,100000,210682.0,9
5751,100000,210804.0,9
5752,100000,210670.0,9
5753,100000,210572.0,9
5754,100000,210836.0,9
5755,100000,210940.0,9
5756,100000,210831.0,9
5757,100000,210679.0,9
5758,100000,210838.0,9
5759,100000,210778.0,9
5760,100000,210677.0,9
5761,100000,210723.0,9
5762,100000,210832.0,9
5763,100000,210795.0,9
5764,100000,211078.0,9
5765,100000,210980.0,9
5766,100000,211123.0,9
5767,100000,211071.0,9
5768,100000,211022.0,9
5769,100000,211037.0,9
5770,100000,211118.0,9
5771,100000,210975.0,9
5772,100000,211153.0,9
5773,100000,211090.0,9
5774,100000,211025.0,9
5775,100000,211047.0,9
5776,100000,211078.0,9
5777,100000,211104.0,9
5778,100000,211057.0,9
5779,100000,218272.0,9
5780,100000,218186.0,9
5781,100000,218248.0,9
5782,100000,218322.0,9
5783,100000,218217.0,9
5784,100000,218324.0,9
5785,100000,218185.0,9
5786,100000,218186.0,9
5787,100000,218358.0,9
5788,100000,218226.0,9
5789,100000,218246.0,9
5790,100000,218119.0,9
5791,100000,218219.0,9
5792,100000,218360.0,9
5793,100000,218241.0,9
5794,100000,218723.0,9
5795,100000,218576.0,9
5796,100000,218751.0,9
5797,100000,218581.0,9
5798,100000,218654.0,9
5799,100000,218625.0,9
5800,100000,218625.0,9
5801,100000,218630.0,9
5802,100000,218626.0,9
5803,100000,218725.0,9
5804,100000,218717.0,9
5805,100000,218733.0,9
5806,100000,218482.0,9
5807,100000,218698.0,9
5808,100000,218612.0,9
5809,100000,221315.0,9
5810,100000,221325.0,9
5811,100000,221330.0,9
5812,100000,221381.0,9
5813,100000,221329.0,9
5814,100000,221314.0,9
5815,100000,221321.0,9
5816,100000,221295.0,9
5817,100000,221334.0,9
5818,100000,221268.0,9
5819,100000,221347.0,9
5820,100000,221333.0,9
5821,100000,221287.0,9
5822,100000,221326.0,9
5823,100000,221293.0,9
5824,100000,220560.0,9
5825,100000,220201.0,9
5826,100000,220362.0,9
5827,100000,220481.0,9
5828,100000,220228.0,9
5829,100000,220328.0,9
5830,100000,220361.0,9
5831,100000,220270.0,9
5832,100000,220226.0,9
5833,100000,220395.0,9
5834,100000,220213.0,9
5835,100000,220362.0,9
5836,100000,220187.0,9
5837,100000,220186.0,9
5838,100000,220235.0,9
5839,100000,220029.0,9
5840,100000,219969.0,9
5841,100000,219966.0,9
5842,100000,219993.0,9
5843,100000,220034.0,9
5844,100000,219921.0,9
5845,100000,219963.0,9
5846,100000,220028.0,9
5847,100000,219961.0,9
5848,100000,220033.0,9
5849,100000,220015.0,9
5850,100000,220000.0,9
5851,100000,219978.0,9
5852,100000,219964.0,9
5853,100000,219978.0,9
5854,100000,208820.0,9
5855,100000,208823.0,9
5856,100000,208927.0,9
5857,100000,208935.0,9
5858,100000,208943.0,9
5859,100000,208770.0,9
5860,100000,208932.0,9
5861,100000,208801.0,9
5862,100000,208806.0,9
5863,100000,208875.0,9
5864,100000,208723.0,9
5865,100000,208802.0,9
5866,100000,208802.0,9
5867,100000,208970.0,9
5868,100000,208804.0,9
5869,100000,218485.0,9
5870,100000,218236.0,9
5871,100000,218352.0,9
5872,100000,218224.0,9
5873,100000,218323.0,9
5874,100000,218235.0,9
5875,100000,218442.0,9
5876,100000,218323.0,9
5877,100000,218331.0,9
5878,100000,218460.0,9
5879,100000,218353.0,9
5880,100000,218353.0,9
5881,100000,218385.0,9
5882,100000,218326.0,9
5883,100000,218331.0,9
5884,100000,218379.0,9
5885,100000,218362.0,9
5886,100000,218430.0,9
5887,100000,218390.0,9
5888,100000,218383.0,9
5889,100000,218467.0,9
5890,100000,218450.0,9
5891,100000,218499.0,9
5892,100000,218402.0,9
5893,100000,218368.0,9
5894,100000,218412.0,9
5895,100000,218437.0,9
5896,100000,218401.0,9
5897,100000,218407.0,9
5898,100000,218465.0,9
5899,100000,220991.0,9
5900,100000,220961.0,9
5901,100000,220987.0,9
5902,100000,220927.0,9
5903,100000,220991.0,9
5904,100000,220905.0,9
5905,100000,220965.0,9
5906,100000,220963.0,9
5907,100000,220938.0,9
5908,100000,220979.0,9
5909,100000,220948.0,9
5910,100000,220943.0,9
5911,100000,220988.0,9
5912,100000,220958.0,9
5913,100000,220945.0,9
5914,100000,208853.0,9
5915,100000,208866.0,9
5916,100000,208740.0,9
5917,100000,208851.0,9
5918,100000,208836.0,9
5919,100000,208836.0,9
5920,100000,208869.0,9
5921,100000,208740.0,9
5922,100000,208798.0,9
5923,100000,208831.0,9
5924,100000,208786.0,9
5925,100000,208795.0,9
5926,100000,208812.0,9
5927,100000,208785.0,9
5928,100000,208813.0,9
5929,100000,218088.0,9
5930,100000,218002.0,9
5931,100000,217966.0,9
5932,100000,218017.0,9
5933,100000,218043.0,9
5934,100000,218006.0,9
5935,100000,217967.0,9
5936,100000,217995.0,9
5937,100000,217989.0,9
5938,100000,218087.0,9
5939,100000,217997.0,9
5940,100000,217944.0,9
5941,100000,217972.0,9
5942,100000,217982.0,9
5943,100000,217953.0,9
5944,100000,218830.0,9
5945,100000,218906.0,9
5946,100000,218916.0,9
5947,100000,218865.0,9
5948,100000,218901.0,9
5949,100000,218785.0,9
5950,100000,218956.0,9
5951,100000,218910.0,9
5952,100000,219008.0,9
5953,100000,218838.0,9
5954,100000,218908.0,9
5955,100000,218858.0,9
5956,100000,218867.0,9
5957,100000,218909.0,9
5958,100000,218791.0,9
5959,100000,217927.0,9
5960,100000,217961.0,9
5961,100000,217914.0,9
5962,100000,217928.0,9
5963,100000,217986.0,9
5964,100000,218038.0,9
5965,100000,218029.0,9
5966,100000,217975.0,9
5967,100000,217944.0,9
5968,100000,218093.0,9
5969,100000,217986.0,9
5970,100000,217901.0,9
5971,100000,217905.0,9
5972,100000,217920.0,9
5973,100000,217996.0,9
5974,100000,219994.0,9
5975,100000,220009.0,9
5976,100000,219921.0,9
5977,100000,219934.0,9
5978,100000,219842.0,9
5979,100000,219895.0,9
5980,100000,220059.0,9
5981,100000,219849.0,9
5982,100000,220037.0,9
5983,100000,220008.0,9
5984,100000,219850.0,9
5985,100000,219839.0,9
5986,100000,219946.0,9
5987,100000,219826.0,9
5988,100000,219901.0,9
5989,1000000,1100803.0,0
5990,1000000,1100606.0,0
5991,1000000,1100808.0,0
5992,1000000,1099681.0,0
5993,1000000,1099640.0,0
5994,1000000,1099590.0,0
5995,1000000,1099658.0,0
5996,1000000,1100798.0,0
5997,1000000,1100879.0,0
5998,1000000,1100799.0,0
5999,1000000,1100847.0,0
6000,1000000,1099508.0,0
6001,1000000,1100742.0,0
6002,1000000,1100935.0,0
6003,1000000,1100723.0,0
6004,1000000,1100088.0,0
6005,1000000,1100270.0,0
6006,1000000,1100230.0,0
6007,1000000,1099249.0,0
6008,1000000,1100311.0,0
6009,1000000,1099809.0,0
6010,1000000,1099987.0,0
6011,1000000,1100324.0,0
6012,1000000,1100299.0,0
6013,1000000,1100282.0,0
6014,1000000,1100266.0,0
6015,1000000,1100252.0,0
6016,1000000,1100261.0,0
6017,1000000,1100754.0,0
6018,1000000,1100187.0,0
6019,1000000,1101136.0,0
6020,1000000,1099737.0,0
6021,1000000,1101107.0,0
6022,1000000,1101143.0,0
6023,1000000,1101061.0,0
6024,1000000,1099789.0,0
6025,1000000,1101053.0,0
6026,1000000,1101144.0,0
6027,1000000,1101132.0,0
6028,1000000,1101123.0,0
6029,1000000,1101125.0,0
6030,1000000,1100765.0,0
6031,1000000,1099753.0,0
6032,1000000,1100981.0,0
6033,1000000,1101134.0,0
6034,1000000,1090141.0,0
6035,1000000,1090174.0,0
6036,1000000,1090195.0,0
6037,1000000,1090132.0,0
6038,1000000,1090455.0,0
6039,1000000,1090177.0,0
6040,1000000,1089984.0,0
6041,1000000,1090149.0,0
6042,1000000,1090176.0,0
6043,1000000,1090164.0,0
6044,1000000,1090208.0,0
6045,1000000,1090420.0,0
6046,1000000,1090138.0,0
6047,1000000,1090195.0,0
6048,1000000,1090103.0,0
6049,1000000,1090929.0,0
6050,1000000,1090951.0,0
6051,1000000,1090826.0,0
6052,1000000,1090903.0,0
6053,1000000,1090931.0,0
6054,1000000,1090894.0,0
6055,1000000,1090921.0,0
6056,1000000,1090975.0,0
6057,1000000,1090918.0,0
6058,1000000,1090840.0,0
6059,1000000,1090787.0,0
6060,1000000,1090866.0,0
6061,1000000,1090800.0,0
6062,1000000,1090940.0,0
6063,1000000,1090947.0,0
6064,1000000,1091216.0,0
6065,1000000,1091315.0,0
6066,1000000,1091318.0,0
6067,1000000,1091302.0,0
6068,1000000,1091288.0,0
6069,1000000,1091342.0,0
6070,1000000,1091298.0,0
6071,1000000,1091332.0,0
6072,1000000,1091176.0,0
6073,1000000,1091329.0,0
6074,1000000,1091603.0,0
6075,1000000,1091320.0,0
6076,1000000,1091302.0,0
6077,1000000,1091600.0,0
6078,1000000,1091193.0,0
6079,1000000,1099249.0,0
6080,1000000,1099228.0,0
6081,1000000,1100446.0,0
6082,1000000,1100410.0,0
6083,1000000,1100057.0,0
6084,1000000,1100326.0,0
6085,1000000,1100394.0,0
6086,1000000,1099327.0,0
6087,1000000,1099304.0,0
6088,1000000,1100332.0,0
6089,1000000,1100459.0,0
6090,1000000,1100426.0,0
6091,1000000,1099258.0,0
6092,1000000,1100353.0,0
6093,1000000,1100492.0,0
6094,1000000,1100820.0,0
6095,1000000,1100689.0,0
6096,1000000,1101090.0,0
6097,1000000,1101024.0,0
6098,1000000,1101109.0,0
6099,1000000,1101029.0,0
6100,1000000,1100820.0,0
6101,1000000,1101055.0,0
6102,1000000,1099864.0,0
6103,1000000,1100947.0,0
6104,1000000,1099743.0,0
6105,1000000,1100847.0,0
6106,1000000,1101107.0,0
6107,1000000,1101089.0,0
6108,1000000,1099809.0,0
6109,1000000,1101286.0,0
6110,1000000,1101244.0,0
6111,1000000,1101281.0,0
6112,1000000,1101261.0,0
6113,1000000,1101274.0,0
6114,1000000,1101262.0,0
6115,1000000,1101217.0,0
6116,1000000,1101172.0,0
6117,1000000,1101395.0,0
6118,1000000,1101214.0,0
6119,1000000,1101259.0,0
6120,1000000,1101294.0,0
6121,1000000,1101180.0,0
6122,1000000,1101232.0,0
6123,1000000,1101218.0,0
6124,1000000,1100232.0,0
6125,1000000,1100237.0,0
6126,1000000,1100228.0,0
6127,1000000,1100224.0,0
6128,1000000,1100204.0,0
6129,1000000,1100210.0,0
6130,1000000,1100165.0,0
6131,1000000,1100174.0,0
6132,1000000,1100200.0,0
6133,1000000,1100204.0,0
6134,1000000,1100221.0,0
6135,1000000,1100251.0,0
6136,1000000,1100138.0,0
6137,1000000,1100118.0,0
6138,1000000,1100106.0,0
6139,1000000,1100012.0,0
6140,1000000,1100334.0,0
6141,1000000,1099997.0,0
6142,1000000,1099984.0,0
6143,1000000,1099987.0,0
6144,1000000,1099972.0,0
6145,1000000,1099996.0,0
6146,1000000,1099978.0,0
6147,1000000,1100009.0,0
6148,1000000,1100277.0,0
6149,1000000,1100008.0,0
6150,1000000,1099979.0,0
6151,1000000,1100281.0,0
6152,1000000,1099998.0,0
6153,1000000,1100312.0,0
6154,1000000,1089554.0,0
6155,1000000,1089080.0,0
6156,1000000,1089170.0,0
6157,1000000,1089200.0,0
6158,1000000,1089162.0,0
6159,1000000,1089158.0,0
6160,1000000,1089498.0,0
6161,1000000,1089176.0,0
6162,1000000,1089146.0,0
6163,1000000,1089129.0,0
6164,1000000,1089509.0,0
6165,1000000,1089120.0,0
6166,1000000,1089184.0,0
6167,1000000,1089433.0,0
6168,1000000,1089144.0,0
6169,1000000,1100612.0,0
6170,1000000,1100474.0,0
6171,1000000,1100430.0,0
6172,1000000,1099528.0,0
6173,1000000,1099536.0,0
6174,1000000,1100626.0,0
6175,1000000,1100521.0,0
6176,1000000,1100617.0,0
6177,1000000,1100532.0,0
6178,1000000,1099483.0,0
6179,1000000,1100539.0,0
6180,1000000,1100330.0,0
6181,1000000,1100532.0,0
6182,1000000,1099473.0,0
6183,1000000,1099522.0,0
6184,1000000,1100180.0,0
6185,1000000,1100227.0,0
6186,1000000,1100339.0,0
6187,1000000,1100325.0,0
6188,1000000,1100288.0,0
6189,1000000,1099301.0,0
6190,1000000,1100333.0,0
6191,1000000,1100419.0,0
6192,1000000,1100357.0,0
6193,1000000,1100312.0,0
6194,1000000,1100281.0,0
6195,1000000,1100257.0,0
6196,1000000,1100321.0,0
6197,1000000,1100291.0,0
6198,1000000,1100311.0,0
6199,1000000,1100611.0,0
6200,1000000,1100586.0,0
6201,1000000,1100954.0,0
6202,1000000,1100623.0,0
6203,1000000,1100584.0,0
6204,1000000,1100952.0,0
6205,1000000,1100632.0,0
6206,1000000,1100612.0,0
6207,1000000,1100968.0,0
6208,1000000,1100621.0,0
6209,1000000,1100934.0,0
6210,1000000,1100523.0,0
6211,1000000,1100505.0,0
6212,1000000,1100595.0,0
6213,1000000,1100505.0,0
6214,1000000,1089397.0,0
6215,1000000,1089367.0,0
6216,1000000,1089379.0,0
6217,1000000,1089372.0,0
6218,1000000,1089798.0,0
6219,1000000,1089363.0,0
6220,1000000,1089444.0,0
6221,1000000,1089406.0,0
6222,1000000,1089413.0,0
6223,1000000,1089434.0,0
6224,1000000,1089410.0,0
6225,1000000,1089419.0,0
6226,1000000,1089263.0,0
6227,1000000,1089417.0,0
6228,1000000,1089761.0,0
6229,1000000,1099856.0,0
6230,1000000,1099984.0,0
6231,1000000,1099994.0,0
6232,1000000,1099931.0,0
6233,1000000,1099949.0,0
6234,1000000,1099947.0,0
6235,1000000,1099975.0,0
6236,1000000,1099945.0,0
6237,1000000,1100005.0,0
6238,1000000,1099913.0,0
6239,1000000,1099651.0,0
6240,1000000,1099775.0,0
6241,1000000,1099983.0,0
6242,1000000,1099850.0,0
6243,1000000,1098874.0,0
6244,1000000,1101361.0,0
6245,1000000,1101762.0,0
6246,1000000,1101677.0,0
6247,1000000,1101574.0,0
6248,1000000,1100539.0,0
6249,1000000,1101660.0,0
6250,1000000,1101603.0,0
6251,1000000,1101684.0,0
6252,1000000,1101706.0,0
6253,1000000,1101559.0,0
6254,1000000,1101670.0,0
6255,1000000,1101778.0,0
6256,1000000,1101749.0,0
6257,1000000,1101666.0,0
6258,1000000,1101702.0,0
6259,1000000,1100619.0,0
6260,1000000,1099535.0,0
6261,1000000,1100787.0,0
6262,1000000,1100660.0,0
6263,1000000,1100778.0,0
6264,1000000,1100691.0,0
6265,1000000,1100653.0,0
6266,1000000,1100699.0,0
6267,1000000,1100735.0,0
6268,1000000,1100563.0,0
6269,1000000,1100710.0,0
6270,1000000,1100895.0,0
6271,1000000,1100700.0,0
6272,1000000,1100817.0,0
6273,1000000,1100602.0,0
6274,1000000,1100215.0,0
6275,1000000,1100196.0,0
6276,1000000,1100212.0,0
6277,1000000,1100195.0,0
6278,1000000,1100205.0,0
6279,1000000,1100124.0,0
6280,1000000,1100210.0,0
6281,1000000,1100176.0,0
6282,1000000,1100228.0,0
6283,1000000,1100216.0,0
6284,1000000,1100205.0,0
6285,1000000,1100136.0,0
6286,1000000,1100206.0,0
6287,1000000,1100158.0,0
6288,1000000,1100125.0,0
6289,1000000,1159951.0,1
6290,1000000,1159938.0,1
6291,1000000,1159855.0,1
6292,1000000,1158752.0,1
6293,1000000,1159920.0,1
6294,1000000,1159893.0,1
6295,1000000,1159927.0,1
6296,1000000,1159801.0,1
6297,1000000,1158778.0,1
6298,1000000,1159949.0,1
6299,1000000,1159700.0,1
6300,1000000,1158769.0,1
6301,1000000,1159996.0,1
6302,1000000,1159938.0,1
6303,1000000,1159931.0,1
6304,1000000,1160552.0,1
6305,1000000,1160559.0,1
6306,1000000,1159308.0,1
6307,1000000,1160542.0,1
6308,1000000,1160537.0,1
6309,1000000,1160385.0,1
6310,1000000,1160478.0,1
6311,1000000,1159482.0,1
6312,1000000,1160512.0,1
6313,1000000,1160475.0,1
6314,1000000,1160226.0,1
6315,1000000,1160384.0,1
6316,1000000,1160373.0,1
6317,1000000,1159861.0,1
6318,1000000,1160521.0,1
6319,1000000,1160750.0,1
6320,1000000,1160826.0,1
6321,1000000,1160842.0,1
6322,1000000,1159681.0,1
6323,1000000,1160843.0,1
6324,1000000,1160825.0,1
6325,1000000,1160843.0,1
6326,1000000,1159693.0,1
6327,1000000,1159639.0,1
6328,1000000,1159622.0,1
6329,1000000,1160835.0,1
6330,1000000,1160758.0,1
6331,1000000,1159730.0,1
6332,1000000,1160895.0,1
6333,1000000,1160620.0,1
6334,1000000,1149502.0,1
6335,1000000,1149508.0,1
6336,1000000,1149491.0,1
6337,1000000,1149496.0,1
6338,1000000,1149518.0,1
6339,1000000,1149522.0,1
6340,1000000,1149778.0,1
6341,1000000,1149749.0,1
6342,1000000,1149502.0,1
6343,1000000,1149494.0,1
6344,1000000,1149474.0,1
6345,1000000,1149501.0,1
6346,1000000,1149399.0,1
6347,1000000,1149440.0,1
6348,1000000,1149525.0,1
6349,1000000,1150229.0,1
6350,1000000,1150213.0,1
6351,1000000,1150188.0,1
6352,1000000,1150224.0,1
6353,1000000,1150223.0,1
6354,1000000,1150230.0,1
6355,1000000,1150213.0,1
6356,1000000,1150210.0,1
6357,1000000,1150164.0,1
6358,1000000,1150546.0,1
6359,1000000,1150061.0,1
6360,1000000,1150526.0,1
6361,1000000,1150467.0,1
6362,1000000,1150242.0,1
6363,1000000,1150524.0,1
6364,1000000,1150456.0,1
6365,1000000,1150596.0,1
6366,1000000,1150616.0,1
6367,1000000,1150573.0,1
6368,1000000,1150553.0,1
6369,1000000,1150989.0,1
6370,1000000,1150533.0,1
6371,1000000,1150602.0,1
6372,1000000,1150495.0,1
6373,1000000,1150886.0,1
6374,1000000,1150946.0,1
6375,1000000,1150983.0,1
6376,1000000,1150792.0,1
6377,1000000,1150873.0,1
6378,1000000,1150583.0,1
6379,1000000,1160544.0,1
6380,1000000,1160571.0,1
6381,1000000,1160366.0,1
6382,1000000,1160550.0,1
6383,1000000,1160576.0,1
6384,1000000,1159445.0,1
6385,1000000,1160580.0,1
6386,1000000,1160408.0,1
6387,1000000,1160573.0,1
6388,1000000,1159928.0,1
6389,1000000,1159400.0,1
6390,1000000,1159391.0,1
6391,1000000,1160590.0,1
6392,1000000,1160578.0,1
6393,1000000,1159384.0,1
6394,1000000,1159675.0,1
6395,1000000,1160629.0,1
6396,1000000,1160817.0,1
6397,1000000,1160737.0,1
6398,1000000,1160744.0,1
6399,1000000,1160774.0,1
6400,1000000,1160753.0,1
6401,1000000,1160786.0,1
6402,1000000,1160764.0,1
6403,1000000,1159680.0,1
6404,1000000,1160731.0,1
6405,1000000,1159743.0,1
6406,1000000,1159703.0,1
6407,1000000,1160781.0,1
6408,1000000,1159657.0,1
6409,1000000,1160963.0,1
6410,1000000,1160977.0,1
6411,1000000,1160963.0,1
6412,1000000,1161209.0,1
6413,1000000,1160917.0,1
6414,1000000,1160898.0,1
6415,1000000,1160990.0,1
6416,1000000,1160848.0,1
6417,1000000,1160963.0,1
6418,1000000,1160855.0,1
6419,1000000,1160968.0,1
6420,1000000,1160979.0,1
6421,1000000,1160950.0,1
6422,1000000,1161233.0,1
6423,1000000,1160975.0,1
6424,1000000,1160027.0,1
6425,1000000,1160052.0,1
6426,1000000,1159970.0,1
6427,1000000,1160042.0,1
6428,1000000,1160048.0,1
6429,1000000,1160080.0,1
6430,1000000,1160294.0,1
6431,1000000,1160403.0,1
6432,1000000,1160023.0,1
6433,1000000,1160053.0,1
6434,1000000,1160073.0,1
6435,1000000,1160394.0,1
6436,1000000,1160059.0,1
6437,1000000,1159971.0,1
6438,1000000,1160422.0,1
6439,1000000,1159957.0,1
6440,1000000,1160013.0,1
6441,1000000,1160323.0,1
6442,1000000,1160325.0,1
6443,1000000,1160000.0,1
6444,1000000,1159978.0,1
6445,1000000,1159905.0,1
6446,1000000,1160353.0,1
6447,1000000,1159988.0,1
6448,1000000,1160345.0,1
6449,1000000,1159971.0,1
6450,1000000,1159944.0,1
6451,1000000,1160274.0,1
6452,1000000,1160358.0,1
6453,1000000,1159953.0,1
6454,1000000,1148050.0,1
6455,1000000,1148000.0,1
6456,1000000,1148024.0,1
6457,1000000,1147984.0,1
6458,1000000,1148023.0,1
6459,1000000,1148042.0,1
6460,1000000,1148052.0,1
6461,1000000,1148282.0,1
6462,1000000,1147977.0,1
6463,1000000,1148039.0,1
6464,1000000,1147921.0,1
6465,1000000,1148067.0,1
6466,1000000,1148045.0,1
6467,1000000,1148064.0,1
6468,1000000,1148327.0,1
6469,1000000,1159527.0,1
6470,1000000,1160603.0,1
6471,1000000,1160667.0,1
6472,1000000,1160476.0,1
6473,1000000,1160591.0,1
6474,1000000,1160613.0,1
6475,1000000,1159503.0,1
6476,1000000,1160637.0,1
6477,1000000,1160279.0,1
6478,1000000,1160589.0,1
6479,1000000,1159438.0,1
6480,1000000,1159469.0,1
6481,1000000,1160534.0,1
6482,1000000,1160399.0,1
6483,1000000,1159468.0,1
6484,1000000,1160597.0,1
6485,1000000,1160590.0,1
6486,1000000,1160829.0,1
6487,1000000,1160522.0,1
6488,1000000,1160735.0,1
6489,1000000,1160436.0,1
6490,1000000,1160753.0,1
6491,1000000,1159574.0,1
6492,1000000,1160715.0,1
6493,1000000,1160700.0,1
6494,1000000,1160746.0,1
6495,1000000,1160842.0,1
6496,1000000,1160550.0,1
6497,1000000,1160727.0,1
6498,1000000,1160632.0,1
6499,1000000,1160896.0,1
6500,1000000,1160878.0,1
6501,1000000,1160867.0,1
6502,1000000,1160785.0,1
6503,1000000,1160879.0,1
6504,1000000,1160731.0,1
6505,1000000,1160810.0,1
6506,1000000,1160836.0,1
6507,1000000,1160916.0,1
6508,1000000,1160805.0,1
6509,1000000,1160833.0,1
6510,1000000,1160858.0,1
6511,1000000,1160872.0,1
6512,1000000,1160867.0,1
6513,1000000,1160906.0,1
6514,1000000,1148735.0,1
6515,1000000,1148837.0,1
6516,1000000,1148736.0,1
6517,1000000,1148839.0,1
6518,1000000,1148766.0,1
6519,1000000,1148825.0,1
6520,1000000,1148830.0,1
6521,1000000,1148828.0,1
6522,1000000,1148708.0,1
6523,1000000,1148619.0,1
6524,1000000,1148839.0,1
6525,1000000,1148785.0,1
6526,1000000,1148776.0,1
6527,1000000,1148826.0,1
6528,1000000,1148826.0,1
6529,1000000,1159166.0,1
6530,1000000,1159536.0,1
6531,1000000,1159633.0,1
6532,1000000,1159516.0,1
6533,1000000,1159466.0,1
6534,1000000,1159545.0,1
6535,1000000,1159487.0,1
6536,1000000,1159381.0,1
6537,1000000,1159651.0,1
6538,1000000,1159496.0,1
6539,1000000,1159570.0,1
6540,1000000,1158412.0,1
6541,1000000,1159524.0,1
6542,1000000,1159525.0,1
6543,1000000,1159559.0,1
6544,1000000,1160490.0,1
6545,1000000,1160991.0,1
6546,1000000,1160505.0,1
6547,1000000,1160401.0,1
6548,1000000,1160491.0,1
6549,1000000,1160580.0,1
6550,1000000,1159469.0,1
6551,1000000,1160454.0,1
6552,1000000,1160480.0,1
6553,1000000,1160446.0,1
6554,1000000,1160596.0,1
6555,1000000,1160502.0,1
6556,1000000,1160556.0,1
6557,1000000,1160050.0,1
6558,1000000,1160349.0,1
6559,1000000,1160370.0,1
6560,1000000,1160408.0,1
6561,1000000,1160303.0,1
6562,1000000,1160389.0,1
6563,1000000,1160341.0,1
6564,1000000,1160399.0,1
6565,1000000,1160316.0,1
6566,1000000,1160331.0,1
6567,1000000,1159348.0,1
6568,1000000,1160388.0,1
6569,1000000,1160415.0,1
6570,1000000,1160448.0,1
6571,1000000,1160416.0,1
6572,1000000,1160404.0,1
6573,1000000,1160168.0,1
6574,1000000,1159050.0,1
6575,1000000,1159046.0,1
6576,1000000,1158996.0,1
6577,1000000,1159025.0,1
6578,1000000,1158972.0,1
6579,1000000,1158980.0,1
6580,1000000,1159004.0,1
6581,1000000,1159021.0,1
6582,1000000,1159045.0,1
6583,1000000,1159038.0,1
6584,1000000,1159019.0,1
6585,1000000,1158995.0,1
6586,1000000,1159006.0,1
6587,1000000,1159002.0,1
6588,1000000,1158898.0,1
6589,1000000,1139420.0,2
6590,1000000,1139436.0,2
6591,1000000,1139491.0,2
6592,1000000,1139487.0,2
6593,1000000,1139325.0,2
6594,1000000,1138297.0,2
6595,1000000,1139511.0,2
6596,1000000,1138284.0,2
6597,1000000,1138311.0,2
6598,1000000,1139515.0,2
6599,1000000,1139483.0,2
6600,1000000,1138279.0,2
6601,1000000,1139396.0,2
6602,1000000,1139333.0,2
6603,1000000,1138169.0,2
6604,1000000,1139610.0,2
6605,1000000,1139569.0,2
6606,1000000,1139638.0,2
6607,1000000,1139670.0,2
6608,1000000,1139483.0,2
6609,1000000,1139675.0,2
6610,1000000,1139428.0,2
6611,1000000,1139358.0,2
6612,1000000,1139573.0,2
6613,1000000,1139580.0,2
6614,1000000,1139626.0,2
6615,1000000,1139585.0,2
6616,1000000,1139572.0,2
6617,1000000,1139617.0,2
6618,1000000,1138399.0,2
6619,1000000,1138812.0,2
6620,1000000,1139912.0,2
6621,1000000,1138782.0,2
6622,1000000,1140028.0,2
6623,1000000,1139964.0,2
6624,1000000,1138762.0,2
6625,1000000,1138795.0,2
6626,1000000,1140038.0,2
6627,1000000,1139824.0,2
6628,1000000,1139882.0,2
6629,1000000,1139928.0,2
6630,1000000,1140023.0,2
6631,1000000,1138821.0,2
6632,1000000,1139741.0,2
6633,1000000,1139890.0,2
6634,1000000,1128677.0,2
6635,1000000,1128990.0,2
6636,1000000,1128679.0,2
6637,1000000,1128673.0,2
6638,1000000,1128623.0,2
6639,1000000,1128685.0,2
6640,1000000,1128693.0,2
6641,1000000,1128695.0,2
6642,1000000,1128675.0,2
6643,1000000,1128993.0,2
6644,1000000,1128976.0,2
6645,1000000,1128679.0,2
6646,1000000,1128985.0,2
6647,1000000,1128550.0,2
6648,1000000,1128697.0,2
6649,1000000,1129543.0,2
6650,1000000,1129556.0,2
6651,1000000,1129457.0,2
6652,1000000,1129599.0,2
6653,1000000,1129602.0,2
6654,1000000,1129909.0,2
6655,1000000,1129472.0,2
6656,1000000,1129542.0,2
6657,1000000,1129438.0,2
6658,1000000,1129651.0,2
6659,1000000,1129479.0,2
6660,1000000,1129594.0,2
6661,1000000,1129571.0,2
6662,1000000,1129604.0,2
6663,1000000,1129879.0,2
6664,1000000,1129727.0,2
6665,1000000,1130020.0,2
6666,1000000,1129735.0,2
6667,1000000,1129669.0,2
6668,1000000,1129719.0,2
6669,1000000,1130033.0,2
6670,1000000,1130134.0,2
6671,1000000,1129694.0,2
6672,1000000,1129641.0,2
6673,1000000,1130098.0,2
6674,1000000,1129724.0,2
6675,1000000,1129727.0,2
6676,1000000,1129740.0,2
6677,1000000,1129685.0,2
6678,1000000,1129712.0,2
6679,1000000,1139451.0,2
6680,1000000,1139268.0,2
6681,1000000,1139508.0,2
6682,1000000,1138334.0,2
6683,1000000,1139515.0,2
6684,1000000,1138281.0,2
6685,1000000,1138357.0,2
6686,1000000,1139510.0,2
6687,1000000,1139532.0,2
6688,1000000,1139451.0,2
6689,1000000,1138315.0,2
6690,1000000,1138324.0,2
6691,1000000,1139541.0,2
6692,1000000,1139510.0,2
6693,1000000,1139574.0,2
6694,1000000,1139868.0,2
6695,1000000,1139858.0,2
6696,1000000,1139975.0,2
6697,1000000,1139959.0,2
6698,1000000,1138791.0,2
6699,1000000,1138851.0,2
6700,1000000,1139906.0,2
6701,1000000,1138734.0,2
6702,1000000,1139915.0,2
6703,1000000,1138818.0,2
6704,1000000,1139866.0,2
6705,1000000,1138798.0,2
6706,1000000,1139774.0,2
6707,1000000,1139891.0,2
6708,1000000,1139856.0,2
6709,1000000,1140356.0,2
6710,1000000,1140110.0,2
6711,1000000,1140408.0,2
6712,1000000,1140094.0,2
6713,1000000,1140031.0,2
6714,1000000,1140038.0,2
6715,1000000,1140060.0,2
6716,1000000,1140004.0,2
6717,1000000,1140075.0,2
6718,1000000,1140088.0,2
6719,1000000,1140045.0,2
6720,1000000,1140358.0,2
6721,1000000,1140084.0,2
6722,1000000,1140394.0,2
6723,1000000,1140038.0,2
6724,1000000,1138926.0,2
6725,1000000,1138903.0,2
6726,1000000,1138933.0,2
6727,1000000,1138872.0,2
6728,1000000,1138925.0,2
6729,1000000,1139214.0,2
6730,1000000,1138887.0,2
6731,1000000,1138939.0,2
6732,1000000,1139225.0,2
6733,1000000,1138935.0,2
6734,1000000,1138937.0,2
6735,1000000,1138947.0,2
6736,1000000,1138927.0,2
6737,1000000,1138863.0,2
6738,1000000,1138936.0,2
6739,1000000,1139556.0,2
6740,1000000,1139592.0,2
6741,1000000,1139484.0,2
6742,1000000,1139480.0,2
6743,1000000,1139561.0,2
6744,1000000,1139566.0,2
6745,1000000,1139555.0,2
6746,1000000,1139565.0,2
6747,1000000,1139559.0,2
6748,1000000,1139566.0,2
6749,1000000,1139479.0,2
6750,1000000,1139566.0,2
6751,1000000,1139553.0,2
6752,1000000,1139560.0,2
6753,1000000,1139571.0,2
6754,1000000,1127202.0,2
6755,1000000,1127195.0,2
6756,1000000,1127217.0,2
6757,1000000,1127181.0,2
6758,1000000,1127178.0,2
6759,1000000,1127203.0,2
6760,1000000,1127163.0,2
6761,1000000,1127191.0,2
6762,1000000,1127213.0,2
6763,1000000,1127158.0,2
6764,1000000,1127540.0,2
6765,1000000,1127048.0,2
6766,1000000,1127220.0,2
6767,1000000,1127534.0,2
6768,1000000,1127205.0,2
6769,1000000,1139388.0,2
6770,1000000,1138018.0,2
6771,1000000,1139349.0,2
6772,1000000,1139161.0,2
6773,1000000,1139363.0,2
6774,1000000,1139376.0,2
6775,1000000,1139359.0,2
6776,1000000,1139369.0,2
6777,1000000,1139258.0,2
6778,1000000,1139397.0,2
6779,1000000,1137983.0,2
6780,1000000,1139399.0,2
6781,1000000,1139375.0,2
6782,1000000,1139346.0,2
6783,1000000,1138038.0,2
6784,1000000,1139538.0,2
6785,1000000,1138502.0,2
6786,1000000,1139637.0,2
6787,1000000,1139598.0,2
6788,1000000,1139593.0,2
6789,1000000,1139676.0,2
6790,1000000,1139624.0,2
6791,1000000,1140224.0,2
6792,1000000,1139742.0,2
6793,1000000,1139519.0,2
6794,1000000,1139355.0,2
6795,1000000,1139713.0,2
6796,1000000,1139633.0,2
6797,1000000,1138929.0,2
6798,1000000,1139331.0,2
6799,1000000,1140347.0,2
6800,1000000,1139980.0,2
6801,1000000,1139989.0,2
6802,1000000,1140021.0,2
6803,1000000,1139988.0,2
6804,1000000,1140382.0,2
6805,1000000,1140016.0,2
6806,1000000,1140001.0,2
6807,1000000,1140019.0,2
6808,1000000,1139990.0,2
6809,1000000,1140013.0,2
6810,1000000,1139926.0,2
6811,1000000,1139982.0,2
6812,1000000,1139985.0,2
6813,1000000,1139959.0,2
6814,1000000,1128214.0,2
6815,1000000,1128195.0,2
6816,1000000,1128076.0,2
6817,1000000,1128173.0,2
6818,1000000,1128212.0,2
6819,1000000,1128198.0,2
6820,1000000,1128517.0,2
6821,1000000,1128091.0,2
6822,1000000,1128213.0,2
6823,1000000,1128188.0,2
6824,1000000,1128191.0,2
6825,1000000,1128207.0,2
6826,1000000,1128025.0,2
6827,1000000,1128515.0,2
6828,1000000,1128201.0,2
6829,1000000,1139577.0,2
6830,1000000,1139541.0,2
6831,1000000,1139488.0,2
6832,1000000,1139487.0,2
6833,1000000,1139441.0,2
6834,1000000,1139495.0,2
6835,1000000,1139660.0,2
6836,1000000,1139462.0,2
6837,1000000,1139506.0,2
6838,1000000,1138333.0,2
6839,1000000,1139539.0,2
6840,1000000,1139507.0,2
6841,1000000,1139267.0,2
6842,1000000,1139505.0,2
6843,1000000,1139518.0,2
6844,1000000,1140213.0,2
6845,1000000,1139005.0,2
6846,1000000,1140117.0,2
6847,1000000,1140089.0,2
6848,1000000,1140161.0,2
6849,1000000,1140173.0,2
6850,1000000,1140106.0,2
6851,1000000,1140197.0,2
6852,1000000,1140191.0,2
6853,1000000,1140005.0,2
6854,1000000,1140276.0,2
6855,1000000,1140170.0,2
6856,1000000,1139814.0,2
6857,1000000,1140271.0,2
6858,1000000,1140142.0,2
6859,1000000,1139165.0,2
6860,1000000,1139201.0,2
6861,1000000,1139223.0,2
6862,1000000,1139196.0,2
6863,1000000,1139361.0,2
6864,1000000,1139235.0,2
6865,1000000,1139038.0,2
6866,1000000,1139208.0,2
6867,1000000,1137974.0,2
6868,1000000,1139190.0,2
6869,1000000,1139195.0,2
6870,1000000,1139160.0,2
6871,1000000,1138942.0,2
6872,1000000,1139285.0,2
6873,1000000,1139062.0,2
6874,1000000,1138664.0,2
6875,1000000,1138652.0,2
6876,1000000,1138694.0,2
6877,1000000,1138672.0,2
6878,1000000,1139046.0,2
6879,1000000,1138974.0,2
6880,1000000,1138662.0,2
6881,1000000,1138661.0,2
6882,1000000,1138686.0,2
6883,1000000,1139050.0,2
6884,1000000,1138632.0,2
6885,1000000,1139034.0,2
6886,1000000,1138658.0,2
6887,1000000,1138596.0,2
6888,1000000,1138670.0,2
6889,1000000,1112326.0,3
6890,1000000,1112567.0,3
6891,1000000,1112566.0,3
6892,1000000,1111487.0,3
6893,1000000,1112553.0,3
6894,1000000,1111435.0,3
6895,1000000,1112601.0,3
6896,1000000,1112565.0,3
6897,1000000,1111506.0,3
6898,1000000,1112573.0,3
6899,1000000,1112507.0,3
6900,1000000,1111509.0,3
6901,1000000,1112358.0,3
6902,1000000,1112587.0,3
6903,1000000,1111476.0,3
6904,1000000,1112951.0,3
6905,1000000,1112998.0,3
6906,1000000,1111956.0,3
6907,1000000,1112933.0,3
6908,1000000,1112938.0,3
6909,1000000,1112901.0,3
6910,1000000,1112881.0,3
6911,1000000,1113018.0,3
6912,1000000,1112955.0,3
6913,1000000,1112889.0,3
6914,1000000,1112980.0,3
6915,1000000,1113013.0,3
6916,1000000,1112940.0,3
6917,1000000,1112962.0,3
6918,1000000,1112937.0,3
6919,1000000,1112094.0,3
6920,1000000,1112112.0,3
6921,1000000,1113301.0,3
6922,1000000,1113427.0,3
6923,1000000,1113284.0,3
6924,1000000,1112833.0,3
6925,1000000,1113172.0,3
6926,1000000,1113336.0,3
6927,1000000,1113254.0,3
6928,1000000,1112048.0,3
6929,1000000,1113160.0,3
6930,1000000,1113380.0,3
6931,1000000,1113332.0,3
6932,1000000,1113408.0,3
6933,1000000,1113371.0,3
6934,1000000,1102210.0,3
6935,1000000,1102214.0,3
6936,1000000,1102244.0,3
6937,1000000,1102178.0,3
6938,1000000,1102196.0,3
6939,1000000,1102283.0,3
6940,1000000,1102228.0,3
6941,1000000,1102251.0,3
6942,1000000,1102226.0,3
6943,1000000,1102060.0,3
6944,1000000,1102509.0,3
6945,1000000,1102178.0,3
6946,1000000,1102243.0,3
6947,1000000,1102194.0,3
6948,1000000,1102517.0,3
6949,1000000,1102516.0,3
6950,1000000,1102498.0,3
6951,1000000,1102507.0,3
6952,1000000,1102466.0,3
6953,1000000,1102587.0,3
6954,1000000,1102532.0,3
6955,1000000,1102438.0,3
6956,1000000,1102521.0,3
6957,1000000,1102568.0,3
6958,1000000,1102519.0,3
6959,1000000,1102526.0,3
6960,1000000,1102478.0,3
6961,1000000,1102443.0,3
6962,1000000,1102459.0,3
6963,1000000,1102520.0,3
6964,1000000,1103005.0,3
6965,1000000,1103186.0,3
6966,1000000,1103137.0,3
6967,1000000,1103085.0,3
6968,1000000,1103214.0,3
6969,1000000,1103175.0,3
6970,1000000,1103202.0,3
6971,1000000,1103186.0,3
6972,1000000,1103140.0,3
6973,1000000,1103195.0,3
6974,1000000,1103223.0,3
6975,1000000,1103219.0,3
6976,1000000,1103189.0,3
6977,1000000,1103180.0,3
6978,1000000,1103167.0,3
6979,1000000,1112442.0,3
6980,1000000,1112197.0,3
6981,1000000,1112389.0,3
6982,1000000,1112283.0,3
6983,1000000,1112428.0,3
6984,1000000,1111116.0,3
6985,1000000,1111127.0,3
6986,1000000,1112292.0,3
6987,1000000,1112506.0,3
6988,1000000,1112391.0,3
6989,1000000,1111080.0,3
6990,1000000,1112444.0,3
6991,1000000,1112362.0,3
6992,1000000,1112457.0,3
6993,1000000,1112438.0,3
6994,1000000,1112032.0,3
6995,1000000,1113263.0,3
6996,1000000,1113197.0,3
6997,1000000,1113024.0,3
6998,1000000,1113233.0,3
6999,1000000,1113245.0,3
7000,1000000,1113264.0,3
7001,1000000,1113243.0,3
7002,1000000,1113303.0,3
7003,1000000,1113252.0,3
7004,1000000,1113177.0,3
7005,1000000,1112033.0,3
7006,1000000,1112016.0,3
7007,1000000,1112936.0,3
7008,1000000,1113243.0,3
7009,1000000,1112824.0,3
7010,1000000,1112815.0,3
7011,1000000,1112736.0,3
7012,1000000,1112780.0,3
7013,1000000,1113165.0,3
7014,1000000,1113080.0,3
7015,1000000,1112741.0,3
7016,1000000,1113171.0,3
7017,1000000,1112830.0,3
7018,1000000,1113092.0,3
7019,1000000,1113142.0,3
7020,1000000,1112824.0,3
7021,1000000,1112710.0,3
7022,1000000,1113167.0,3
7023,1000000,1112821.0,3
7024,1000000,1112248.0,3
7025,1000000,1112219.0,3
7026,1000000,1112263.0,3
7027,1000000,1112580.0,3
7028,1000000,1112244.0,3
7029,1000000,1112257.0,3
7030,1000000,1112273.0,3
7031,1000000,1112592.0,3
7032,1000000,1112243.0,3
7033,1000000,1112284.0,3
7034,1000000,1112243.0,3
7035,1000000,1112272.0,3
7036,1000000,1112275.0,3
7037,1000000,1112163.0,3
7038,1000000,1112239.0,3
7039,1000000,1112706.0,3
7040,1000000,1112657.0,3
7041,1000000,1112625.0,3
7042,1000000,1112992.0,3
7043,1000000,1112707.0,3
7044,1000000,1112728.0,3
7045,1000000,1112698.0,3
7046,1000000,1112713.0,3
7047,1000000,1113020.0,3
7048,1000000,1112719.0,3
7049,1000000,1112716.0,3
7050,1000000,1112630.0,3
7051,1000000,1112707.0,3
7052,1000000,1112706.0,3
7053,1000000,1112725.0,3
7054,1000000,1100608.0,3
7055,1000000,1100631.0,3
7056,1000000,1100589.0,3
7057,1000000,1100624.0,3
7058,1000000,1100503.0,3
7059,1000000,1100597.0,3
7060,1000000,1100929.0,3
7061,1000000,1100569.0,3
7062,1000000,1100930.0,3
7063,1000000,1100643.0,3
7064,1000000,1100620.0,3
7065,1000000,1100856.0,3
7066,1000000,1100631.0,3
7067,1000000,1100617.0,3
7068,1000000,1100955.0,3
7069,1000000,1112982.0,3
7070,1000000,1112862.0,3
7071,1000000,1111791.0,3
7072,1000000,1112915.0,3
7073,1000000,1113013.0,3
7074,1000000,1111812.0,3
7075,1000000,1111761.0,3
7076,1000000,1112988.0,3
7077,1000000,1112965.0,3
7078,1000000,1112923.0,3
7079,1000000,1112972.0,3
7080,1000000,1112927.0,3
7081,1000000,1112907.0,3
7082,1000000,1112561.0,3
7083,1000000,1112752.0,3
7084,1000000,1112808.0,3
7085,1000000,1111295.0,3
7086,1000000,1113079.0,3
7087,1000000,1113030.0,3
7088,1000000,1111885.0,3
7089,1000000,1113006.0,3
7090,1000000,1111981.0,3
7091,1000000,1112907.0,3
7092,1000000,1112958.0,3
7093,1000000,1112904.0,3
7094,1000000,1112928.0,3
7095,1000000,1112839.0,3
7096,1000000,1112954.0,3
7097,1000000,1113053.0,3
7098,1000000,1112973.0,3
7099,1000000,1112835.0,3
7100,1000000,1112814.0,3
7101,1000000,1112828.0,3
7102,1000000,1112834.0,3
7103,1000000,1112807.0,3
7104,1000000,1112724.0,3
7105,1000000,1112838.0,3
7106,1000000,1112855.0,3
7107,1000000,1112821.0,3
7108,1000000,1112859.0,3
7109,1000000,1113176.0,3
7110,1000000,1112855.0,3
7111,1000000,1112827.0,3
7112,1000000,1113173.0,3
7113,1000000,1112822.0,3
7114,1000000,1102046.0,3
7115,1000000,1101721.0,3
7116,1000000,1101642.0,3
7117,1000000,1101685.0,3
7118,1000000,1101728.0,3
7119,1000000,1102003.0,3
7120,1000000,1101707.0,3
7121,1000000,1102095.0,3
7122,1000000,1102044.0,3
7123,1000000,1101739.0,3
7124,1000000,1101700.0,3
7125,1000000,1101714.0,3
7126,1000000,1101713.0,3
7127,1000000,1101706.0,3
7128,1000000,1101664.0,3
7129,1000000,1111945.0,3
7130,1000000,1112071.0,3
7131,1000000,1112218.0,3
7132,1000000,1112129.0,3
7133,1000000,1112170.0,3
7134,1000000,1112075.0,3
7135,1000000,1111062.0,3
7136,1000000,1112039.0,3
7137,1000000,1111861.0,3
7138,1000000,1112060.0,3
7139,1000000,1112130.0,3
7140,1000000,1112063.0,3
7141,1000000,1112059.0,3
7142,1000000,1112136.0,3
7143,1000000,1111993.0,3
7144,1000000,1113666.0,3
7145,1000000,1113654.0,3
7146,1000000,1113618.0,3
7147,1000000,1113550.0,3
7148,1000000,1112591.0,3
7149,1000000,1113628.0,3
7150,1000000,1113747.0,3
7151,1000000,1113532.0,3
7152,1000000,1113810.0,3
7153,1000000,1113700.0,3
7154,1000000,1113496.0,3
7155,1000000,1113216.0,3
7156,1000000,1113595.0,3
7157,1000000,1113655.0,3
7158,1000000,1113634.0,3
7159,1000000,1112445.0,3
7160,1000000,1112401.0,3
7161,1000000,1112119.0,3
7162,1000000,1112467.0,3
7163,1000000,1110705.0,3
7164,1000000,1112456.0,3
7165,1000000,1112536.0,3
7166,1000000,1112402.0,3
7167,1000000,1112501.0,3
7168,1000000,1112442.0,3
7169,1000000,1111416.0,3
7170,1000000,1111497.0,3
7171,1000000,1112510.0,3
7172,1000000,1112395.0,3
7173,1000000,1112286.0,3
7174,1000000,1112110.0,3
7175,1000000,1111782.0,3
7176,1000000,1111780.0,3
7177,1000000,1111769.0,3
7178,1000000,1111750.0,3
7179,1000000,1111764.0,3
7180,1000000,1111775.0,3
7181,1000000,1111688.0,3
7182,1000000,1111706.0,3
7183,1000000,1111755.0,3
7184,1000000,1111769.0,3
7185,1000000,1112099.0,3
7186,1000000,1111766.0,3
7187,1000000,1112099.0,3
7188,1000000,1112119.0,3
7189,1000000,1152669.0,4
7190,1000000,1153799.0,4
7191,1000000,1153871.0,4
7192,1000000,1153818.0,4
7193,1000000,1152724.0,4
7194,1000000,1152701.0,4
7195,1000000,1153916.0,4
7196,1000000,1153932.0,4
7197,1000000,1153882.0,4
7198,1000000,1153876.0,4
7199,1000000,1153569.0,4
7200,1000000,1152720.0,4
7201,1000000,1153789.0,4
7202,1000000,1153817.0,4
7203,1000000,1152704.0,4
7204,1000000,1153774.0,4
7205,1000000,1153958.0,4
7206,1000000,1153793.0,4
7207,1000000,1153448.0,4
7208,1000000,1153761.0,4
7209,1000000,1152814.0,4
7210,1000000,1153868.0,4
7211,1000000,1153927.0,4
7212,1000000,1153805.0,4
7213,1000000,1153742.0,4
7214,1000000,1153879.0,4
7215,1000000,1153838.0,4
7216,1000000,1153785.0,4
7217,1000000,1153851.0,4
7218,1000000,1153845.0,4
7219,1000000,1154383.0,4
7220,1000000,1153182.0,4
7221,1000000,1154382.0,4
7222,1000000,1154471.0,4
7223,1000000,1154369.0,4
7224,1000000,1153222.0,4
7225,1000000,1154226.0,4
7226,1000000,1153227.0,4
7227,1000000,1153075.0,4
7228,1000000,1154335.0,4
7229,1000000,1153208.0,4
7230,1000000,1154385.0,4
7231,1000000,1154377.0,4
7232,1000000,1154042.0,4
7233,1000000,1154357.0,4
7234,1000000,1143085.0,4
7235,1000000,1143084.0,4
7236,1000000,1143050.0,4
7237,1000000,1143064.0,4
7238,1000000,1143003.0,4
7239,1000000,1143094.0,4
7240,1000000,1143070.0,4
7241,1000000,1143054.0,4
7242,1000000,1142992.0,4
7243,1000000,1143064.0,4
7244,1000000,1143087.0,4
7245,1000000,1143021.0,4
7246,1000000,1142977.0,4
7247,1000000,1143040.0,4
7248,1000000,1143057.0,4
7249,1000000,1143639.0,4
7250,1000000,1143617.0,4
7251,1000000,1143649.0,4
7252,1000000,1143585.0,4
7253,1000000,1143656.0,4
7254,1000000,1143592.0,4
7255,1000000,1143528.0,4
7256,1000000,1143661.0,4
7257,1000000,1143630.0,4
7258,1000000,1143669.0,4
7259,1000000,1143623.0,4
7260,1000000,1143471.0,4
7261,1000000,1143622.0,4
7262,1000000,1143613.0,4
7263,1000000,1143653.0,4
7264,1000000,1144217.0,4
7265,1000000,1143817.0,4
7266,1000000,1143899.0,4
7267,1000000,1143766.0,4
7268,1000000,1143886.0,4
7269,1000000,1143910.0,4
7270,1000000,1144238.0,4
7271,1000000,1144226.0,4
7272,1000000,1144143.0,4
7273,1000000,1143918.0,4
7274,1000000,1143887.0,4
7275,1000000,1143908.0,4
7276,1000000,1143899.0,4
7277,1000000,1143910.0,4
7278,1000000,1143860.0,4
7279,1000000,1153656.0,4
7280,1000000,1153706.0,4
7281,1000000,1153916.0,4
7282,1000000,1153480.0,4
7283,1000000,1153802.0,4
7284,1000000,1152583.0,4
7285,1000000,1152514.0,4
7286,1000000,1153899.0,4
7287,1000000,1153739.0,4
7288,1000000,1153883.0,4
7289,1000000,1152639.0,4
7290,1000000,1153921.0,4
7291,1000000,1152652.0,4
7292,1000000,1152622.0,4
7293,1000000,1153724.0,4
7294,1000000,1154323.0,4
7295,1000000,1154351.0,4
7296,1000000,1154236.0,4
7297,1000000,1154219.0,4
7298,1000000,1154195.0,4
7299,1000000,1153076.0,4
7300,1000000,1154217.0,4
7301,1000000,1154130.0,4
7302,1000000,1153083.0,4
7303,1000000,1154236.0,4
7304,1000000,1154040.0,4
7305,1000000,1152954.0,4
7306,1000000,1153025.0,4
7307,1000000,1153022.0,4
7308,1000000,1154244.0,4
7309,1000000,1153974.0,4
7310,1000000,1153953.0,4
7311,1000000,1153931.0,4
7312,1000000,1153949.0,4
7313,1000000,1153958.0,4
7314,1000000,1153905.0,4
7315,1000000,1153941.0,4
7316,1000000,1153966.0,4
7317,1000000,1153863.0,4
7318,1000000,1153832.0,4
7319,1000000,1153934.0,4
7320,1000000,1153956.0,4
7321,1000000,1153937.0,4
7322,1000000,1153947.0,4
7323,1000000,1153939.0,4
7324,1000000,1153210.0,4
7325,1000000,1153140.0,4
7326,1000000,1153201.0,4
7327,1000000,1153193.0,4
7328,1000000,1153215.0,4
7329,1000000,1153240.0,4
7330,1000000,1153242.0,4
7331,1000000,1153217.0,4
7332,1000000,1153209.0,4
7333,1000000,1153212.0,4
7334,1000000,1153178.0,4
7335,1000000,1153131.0,4
7336,1000000,1153202.0,4
7337,1000000,1153204.0,4
7338,1000000,1153170.0,4
7339,1000000,1153227.0,4
7340,1000000,1153237.0,4
7341,1000000,1153543.0,4
7342,1000000,1153244.0,4
7343,1000000,1153223.0,4
7344,1000000,1153155.0,4
7345,1000000,1153220.0,4
7346,1000000,1153228.0,4
7347,1000000,1153243.0,4
7348,1000000,1153239.0,4
7349,1000000,1153215.0,4
7350,1000000,1153244.0,4
7351,1000000,1153579.0,4
7352,1000000,1153234.0,4
7353,1000000,1153220.0,4
7354,1000000,1141690.0,4
7355,1000000,1141579.0,4
7356,1000000,1141671.0,4
7357,1000000,1141610.0,4
7358,1000000,1141485.0,4
7359,1000000,1141635.0,4
7360,1000000,1141816.0,4
7361,1000000,1141683.0,4
7362,1000000,1141663.0,4
7363,1000000,1141647.0,4
7364,1000000,1141614.0,4
7365,1000000,1141668.0,4
7366,1000000,1141656.0,4
7367,1000000,1141651.0,4
7368,1000000,1141651.0,4
7369,1000000,1153649.0,4
7370,1000000,1153568.0,4
7371,1000000,1153694.0,4
7372,1000000,1153600.0,4
7373,1000000,1153653.0,4
7374,1000000,1152283.0,4
7375,1000000,1153671.0,4
7376,1000000,1153705.0,4
7377,1000000,1153540.0,4
7378,1000000,1152281.0,4
7379,1000000,1153730.0,4
7380,1000000,1153433.0,4
7381,1000000,1152278.0,4
7382,1000000,1153726.0,4
7383,1000000,1153398.0,4
7384,1000000,1154003.0,4
7385,1000000,1154217.0,4
7386,1000000,1154249.0,4
7387,1000000,1154194.0,4
7388,1000000,1154209.0,4
7389,1000000,1153079.0,4
7390,1000000,1154217.0,4
7391,1000000,1154302.0,4
7392,1000000,1154219.0,4
7393,1000000,1153918.0,4
7394,1000000,1153843.0,4
7395,1000000,1154100.0,4
7396,1000000,1154248.0,4
7397,1000000,1154196.0,4
7398,1000000,1154118.0,4
7399,1000000,1153257.0,4
7400,1000000,1153285.0,4
7401,1000000,1153726.0,4
7402,1000000,1153371.0,4
7403,1000000,1153327.0,4
7404,1000000,1153177.0,4
7405,1000000,1153385.0,4
7406,1000000,1153374.0,4
7407,1000000,1153290.0,4
7408,1000000,1153371.0,4
7409,1000000,1153369.0,4
7410,1000000,1153351.0,4
7411,1000000,1153705.0,4
7412,1000000,1153364.0,4
7413,1000000,1153397.0,4
7414,1000000,1142266.0,4
7415,1000000,1141876.0,4
7416,1000000,1141983.0,4
7417,1000000,1142281.0,4
7418,1000000,1141988.0,4
7419,1000000,1142283.0,4
7420,1000000,1141944.0,4
7421,1000000,1141895.0,4
7422,1000000,1141974.0,4
7423,1000000,1141960.0,4
7424,1000000,1141987.0,4
7425,1000000,1142179.0,4
7426,1000000,1142296.0,4
7427,1000000,1142289.0,4
7428,1000000,1141968.0,4
7429,1000000,1153588.0,4
7430,1000000,1153456.0,4
7431,1000000,1152242.0,4
7432,1000000,1153483.0,4
7433,1000000,1153489.0,4
7434,1000000,1153397.0,4
7435,1000000,1153386.0,4
7436,1000000,1153417.0,4
7437,1000000,1153379.0,4
7438,1000000,1153326.0,4
7439,1000000,1153282.0,4
7440,1000000,1153423.0,4
7441,1000000,1153534.0,4
7442,1000000,1153488.0,4
7443,1000000,1153483.0,4
7444,1000000,1154587.0,4
7445,1000000,1153445.0,4
7446,1000000,1154381.0,4
7447,1000000,1154561.0,4
7448,1000000,1154546.0,4
7449,1000000,1154584.0,4
7450,1000000,1154541.0,4
7451,1000000,1154590.0,4
7452,1000000,1153577.0,4
7453,1000000,1154575.0,4
7454,1000000,1154512.0,4
7455,1000000,1154539.0,4
7456,1000000,1154548.0,4
7457,1000000,1155945.0,4
7458,1000000,1154525.0,4
7459,1000000,1153352.0,4
7460,1000000,1153466.0,4
7461,1000000,1152278.0,4
7462,1000000,1153141.0,4
7463,1000000,1153570.0,4
7464,1000000,1153393.0,4
7465,1000000,1153505.0,4
7466,1000000,1153284.0,4
7467,1000000,1153447.0,4
7468,1000000,1153297.0,4
7469,1000000,1153312.0,4
7470,1000000,1153462.0,4
7471,1000000,1153405.0,4
7472,1000000,1153478.0,4
7473,1000000,1153488.0,4
7474,1000000,1152296.0,4
7475,1000000,1152387.0,4
7476,1000000,1152397.0,4
7477,1000000,1152708.0,4
7478,1000000,1152668.0,4
7479,1000000,1152399.0,4
7480,1000000,1152386.0,4
7481,1000000,1152416.0,4
7482,1000000,1152409.0,4
7483,1000000,1152392.0,4
7484,1000000,1152721.0,4
7485,1000000,1152378.0,4
7486,1000000,1152399.0,4
7487,1000000,1152395.0,4
7488,1000000,1152721.0,4
7489,1000000,1158393.0,5
7490,1000000,1160345.0,5
7491,1000000,1158317.0,5
7492,1000000,1159463.0,5
7493,1000000,1159446.0,5
7494,1000000,1158258.0,5
7495,1000000,1158323.0,5
7496,1000000,1158279.0,5
7497,1000000,1159471.0,5
7498,1000000,1159347.0,5
7499,1000000,1159451.0,5
7500,1000000,1159455.0,5
7501,1000000,1159448.0,5
7502,1000000,1158417.0,5
7503,1000000,1159507.0,5
7504,1000000,1159444.0,5
7505,1000000,1159522.0,5
7506,1000000,1159591.0,5
7507,1000000,1159239.0,5
7508,1000000,1159651.0,5
7509,1000000,1158967.0,5
7510,1000000,1158349.0,5
7511,1000000,1159639.0,5
7512,1000000,1159839.0,5
7513,1000000,1159527.0,5
7514,1000000,1159327.0,5
7515,1000000,1159454.0,5
7516,1000000,1159481.0,5
7517,1000000,1159548.0,5
7518,1000000,1159494.0,5
7519,1000000,1160018.0,5
7520,1000000,1160182.0,5
7521,1000000,1158999.0,5
7522,1000000,1160168.0,5
7523,1000000,1160228.0,5
7524,1000000,1159969.0,5
7525,1000000,1160247.0,5
7526,1000000,1160106.0,5
7527,1000000,1160248.0,5
7528,1000000,1160249.0,5
7529,1000000,1160278.0,5
7530,1000000,1160260.0,5
7531,1000000,1158947.0,5
7532,1000000,1158923.0,5
7533,1000000,1160155.0,5
7534,1000000,1148838.0,5
7535,1000000,1148712.0,5
7536,1000000,1148773.0,5
7537,1000000,1148707.0,5
7538,1000000,1148788.0,5
7539,1000000,1148797.0,5
7540,1000000,1149092.0,5
7541,1000000,1148788.0,5
7542,1000000,1149097.0,5
7543,1000000,1148770.0,5
7544,1000000,1148802.0,5
7545,1000000,1148791.0,5
7546,1000000,1148660.0,5
7547,1000000,1148809.0,5
7548,1000000,1148796.0,5
7549,1000000,1149625.0,5
7550,1000000,1149999.0,5
7551,1000000,1149639.0,5
7552,1000000,1150015.0,5
7553,1000000,1149956.0,5
7554,1000000,1149624.0,5
7555,1000000,1149934.0,5
7556,1000000,1149632.0,5
7557,1000000,1150021.0,5
7558,1000000,1149630.0,5
7559,1000000,1149638.0,5
7560,1000000,1149444.0,5
7561,1000000,1149545.0,5
7562,1000000,1149612.0,5
7563,1000000,1149997.0,5
7564,1000000,1149779.0,5
7565,1000000,1149886.0,5
7566,1000000,1149894.0,5
7567,1000000,1149807.0,5
7568,1000000,1149821.0,5
7569,1000000,1149833.0,5
7570,1000000,1149879.0,5
7571,1000000,1149855.0,5
7572,1000000,1149836.0,5
7573,1000000,1149849.0,5
7574,1000000,1149882.0,5
7575,1000000,1150123.0,5
7576,1000000,1149899.0,5
7577,1000000,1150123.0,5
7578,1000000,1149717.0,5
7579,1000000,1159491.0,5
7580,1000000,1159397.0,5
7581,1000000,1158485.0,5
7582,1000000,1158494.0,5
7583,1000000,1158403.0,5
7584,1000000,1159562.0,5
7585,1000000,1159727.0,5
7586,1000000,1159640.0,5
7587,1000000,1158474.0,5
7588,1000000,1159585.0,5
7589,1000000,1158511.0,5
7590,1000000,1159599.0,5
7591,1000000,1159662.0,5
7592,1000000,1159597.0,5
7593,1000000,1159729.0,5
7594,1000000,1159910.0,5
7595,1000000,1158892.0,5
7596,1000000,1159952.0,5
7597,1000000,1159778.0,5
7598,1000000,1159933.0,5
7599,1000000,1159949.0,5
7600,1000000,1160013.0,5
7601,1000000,1160043.0,5
7602,1000000,1158809.0,5
7603,1000000,1158824.0,5
7604,1000000,1159602.0,5
7605,1000000,1158765.0,5
7606,1000000,1159946.0,5
7607,1000000,1159969.0,5
7608,1000000,1158670.0,5
7609,1000000,1160587.0,5
7610,1000000,1160554.0,5
7611,1000000,1160545.0,5
7612,1000000,1160546.0,5
7613,1000000,1160549.0,5
7614,1000000,1160557.0,5
7615,1000000,1160523.0,5
7616,1000000,1160544.0,5
7617,1000000,1160563.0,5
7618,1000000,1160981.0,5
7619,1000000,1160556.0,5
7620,1000000,1160549.0,5
7621,1000000,1160560.0,5
7622,1000000,1160930.0,5
7623,1000000,1160566.0,5
7624,1000000,1158517.0,5
7625,1000000,1158505.0,5
7626,1000000,1158832.0,5
7627,1000000,1158523.0,5
7628,1000000,1158540.0,5
7629,1000000,1158436.0,5
7630,1000000,1158524.0,5
7631,1000000,1158529.0,5
7632,1000000,1158397.0,5
7633,1000000,1158448.0,5
7634,1000000,1158494.0,5
7635,1000000,1158856.0,5
7636,1000000,1158512.0,5
7637,1000000,1158499.0,5
7638,1000000,1158509.0,5
7639,1000000,1159193.0,5
7640,1000000,1159189.0,5
7641,1000000,1159153.0,5
7642,1000000,1159095.0,5
7643,1000000,1159479.0,5
7644,1000000,1159175.0,5
7645,1000000,1159202.0,5
7646,1000000,1159511.0,5
7647,1000000,1159177.0,5
7648,1000000,1159198.0,5
7649,1000000,1159204.0,5
7650,1000000,1159493.0,5
7651,1000000,1159094.0,5
7652,1000000,1159498.0,5
7653,1000000,1159210.0,5
7654,1000000,1147364.0,5
7655,1000000,1147378.0,5
7656,1000000,1147434.0,5
7657,1000000,1147460.0,5
7658,1000000,1147262.0,5
7659,1000000,1147406.0,5
7660,1000000,1147429.0,5
7661,1000000,1147444.0,5
7662,1000000,1147450.0,5
7663,1000000,1147480.0,5
7664,1000000,1147352.0,5
7665,1000000,1147426.0,5
7666,1000000,1147435.0,5
7667,1000000,1147459.0,5
7668,1000000,1147446.0,5
7669,1000000,1159805.0,5
7670,1000000,1159880.0,5
7671,1000000,1159885.0,5
7672,1000000,1159883.0,5
7673,1000000,1158621.0,5
7674,1000000,1159898.0,5
7675,1000000,1158636.0,5
7676,1000000,1159947.0,5
7677,1000000,1159932.0,5
7678,1000000,1159761.0,5
7679,1000000,1159916.0,5
7680,1000000,1158663.0,5
7681,1000000,1158663.0,5
7682,1000000,1158630.0,5
7683,1000000,1159878.0,5
7684,1000000,1159980.0,5
7685,1000000,1160189.0,5
7686,1000000,1160033.0,5
7687,1000000,1160070.0,5
7688,1000000,1159996.0,5
7689,1000000,1160029.0,5
7690,1000000,1160168.0,5
7691,1000000,1159739.0,5
7692,1000000,1160059.0,5
7693,1000000,1159823.0,5
7694,1000000,1159939.0,5
7695,1000000,1160077.0,5
7696,1000000,1158847.0,5
7697,1000000,1160061.0,5
7698,1000000,1159951.0,5
7699,1000000,1159464.0,5
7700,1000000,1159458.0,5
7701,1000000,1159453.0,5
7702,1000000,1159461.0,5
7703,1000000,1159448.0,5
7704,1000000,1159378.0,5
7705,1000000,1159446.0,5
7706,1000000,1159386.0,5
7707,1000000,1159454.0,5
7708,1000000,1159443.0,5
7709,1000000,1159449.0,5
7710,1000000,1159471.0,5
7711,1000000,1159442.0,5
7712,1000000,1159466.0,5
7713,1000000,1159421.0,5
7714,1000000,1148020.0,5
7715,1000000,1148054.0,5
7716,1000000,1148135.0,5
7717,1000000,1148116.0,5
7718,1000000,1148085.0,5
7719,1000000,1148139.0,5
7720,1000000,1148083.0,5
7721,1000000,1148413.0,5
7722,1000000,1148480.0,5
7723,1000000,1148025.0,5
7724,1000000,1148492.0,5
7725,1000000,1148118.0,5
7726,1000000,1148031.0,5
7727,1000000,1148085.0,5
7728,1000000,1148355.0,5
7729,1000000,1159530.0,5
7730,1000000,1159138.0,5
7731,1000000,1159408.0,5
7732,1000000,1159550.0,5
7733,1000000,1159547.0,5
7734,1000000,1159472.0,5
7735,1000000,1159499.0,5
7736,1000000,1159286.0,5
7737,1000000,1159476.0,5
7738,1000000,1159375.0,5
7739,1000000,1159510.0,5
7740,1000000,1158271.0,5
7741,1000000,1159509.0,5
7742,1000000,1159396.0,5
7743,1000000,1159625.0,5
7744,1000000,1159387.0,5
7745,1000000,1159389.0,5
7746,1000000,1159485.0,5
7747,1000000,1159399.0,5
7748,1000000,1159471.0,5
7749,1000000,1158464.0,5
7750,1000000,1159347.0,5
7751,1000000,1159439.0,5
7752,1000000,1159370.0,5
7753,1000000,1159377.0,5
7754,1000000,1159321.0,5
7755,1000000,1159465.0,5
7756,1000000,1159384.0,5
7757,1000000,1159184.0,5
7758,1000000,1159274.0,5
7759,1000000,1159186.0,5
7760,1000000,1159213.0,5
7761,1000000,1159183.0,5
7762,1000000,1159143.0,5
7763,1000000,1159201.0,5
7764,1000000,1159341.0,5
7765,1000000,1159151.0,5
7766,1000000,1157973.0,5
7767,1000000,1159405.0,5
7768,1000000,1159208.0,5
7769,1000000,1159110.0,5
7770,1000000,1158857.0,5
7771,1000000,1159152.0,5
7772,1000000,1159132.0,5
7773,1000000,1159257.0,5
7774,1000000,1158329.0,5
7775,1000000,1158279.0,5
7776,1000000,1157933.0,5
7777,1000000,1158365.0,5
7778,1000000,1158312.0,5
7779,1000000,1157956.0,5
7780,1000000,1157959.0,5
7781,1000000,1157971.0,5
7782,1000000,1157949.0,5
7783,1000000,1157849.0,5
7784,1000000,1157908.0,5
7785,1000000,1157893.0,5
7786,1000000,1157938.0,5
7787,1000000,1158319.0,5
7788,1000000,1158334.0,5
7789,1000000,1127043.0,6
7790,1000000,1128314.0,6
7791,1000000,1128167.0,6
7792,1000000,1126992.0,6
7793,1000000,1128255.0,6
7794,1000000,1128242.0,6
7795,1000000,1128287.0,6
7796,1000000,1128224.0,6
7797,1000000,1128380.0,6
7798,1000000,1126903.0,6
7799,1000000,1128100.0,6
7800,1000000,1128226.0,6
7801,1000000,1127995.0,6
7802,1000000,1128238.0,6
7803,1000000,1128249.0,6
7804,1000000,1128638.0,6
7805,1000000,1128408.0,6
7806,1000000,1128410.0,6
7807,1000000,1127111.0,6
7808,1000000,1128264.0,6
7809,1000000,1128399.0,6
7810,1000000,1128342.0,6
7811,1000000,1128373.0,6
7812,1000000,1128527.0,6
7813,1000000,1128422.0,6
7814,1000000,1128411.0,6
7815,1000000,1128410.0,6
7816,1000000,1127996.0,6
7817,1000000,1128359.0,6
7818,1000000,1128232.0,6
7819,1000000,1127151.0,6
7820,1000000,1127986.0,6
7821,1000000,1128306.0,6
7822,1000000,1128288.0,6
7823,1000000,1128439.0,6
7824,1000000,1128375.0,6
7825,1000000,1128369.0,6
7826,1000000,1127129.0,6
7827,1000000,1128230.0,6
7828,1000000,1128295.0,6
7829,1000000,1127198.0,6
7830,1000000,1128444.0,6
7831,1000000,1128342.0,6
7832,1000000,1128287.0,6
7833,1000000,1128337.0,6
7834,1000000,1118040.0,6
7835,1000000,1117765.0,6
7836,1000000,1117648.0,6
7837,1000000,1117738.0,6
7838,1000000,1117699.0,6
7839,1000000,1117743.0,6
7840,1000000,1117770.0,6
7841,1000000,1117731.0,6
7842,1000000,1117730.0,6
7843,1000000,1117690.0,6
7844,1000000,1117784.0,6
7845,1000000,1117761.0,6
7846,1000000,1117757.0,6
7847,1000000,1117775.0,6
7848,1000000,1118045.0,6
7849,1000000,1117843.0,6
7850,1000000,1117847.0,6
7851,1000000,1117852.0,6
7852,1000000,1117864.0,6
7853,1000000,1118182.0,6
7854,1000000,1118167.0,6
7855,1000000,1118128.0,6
7856,1000000,1117901.0,6
7857,1000000,1118162.0,6
7858,1000000,1117874.0,6
7859,1000000,1117793.0,6
7860,1000000,1117847.0,6
7861,1000000,1117714.0,6
7862,1000000,1117884.0,6
7863,1000000,1117854.0,6
7864,1000000,1118564.0,6
7865,1000000,1118598.0,6
7866,1000000,1118559.0,6
7867,1000000,1118410.0,6
7868,1000000,1118519.0,6
7869,1000000,1118576.0,6
7870,1000000,1118564.0,6
7871,1000000,1118585.0,6
7872,1000000,1118468.0,6
7873,1000000,1118539.0,6
7874,1000000,1118558.0,6
7875,1000000,1118657.0,6
7876,1000000,1118553.0,6
7877,1000000,1118504.0,6
7878,1000000,1118515.0,6
7879,1000000,1127988.0,6
7880,1000000,1127881.0,6
7881,1000000,1127862.0,6
7882,1000000,1126734.0,6
7883,1000000,1127660.0,6
7884,1000000,1126689.0,6
7885,1000000,1127777.0,6
7886,1000000,1127786.0,6
7887,1000000,1127871.0,6
7888,1000000,1127896.0,6
7889,1000000,1126798.0,6
7890,1000000,1127891.0,6
7891,1000000,1126815.0,6
7892,1000000,1126779.0,6
7893,1000000,1127788.0,6
7894,1000000,1127364.0,6
7895,1000000,1128589.0,6
7896,1000000,1128600.0,6
7897,1000000,1127441.0,6
7898,1000000,1128610.0,6
7899,1000000,1128567.0,6
7900,1000000,1128523.0,6
7901,1000000,1128646.0,6
7902,1000000,1127505.0,6
7903,1000000,1128609.0,6
7904,1000000,1127446.0,6
7905,1000000,1127500.0,6
7906,1000000,1128473.0,6
7907,1000000,1128624.0,6
7908,1000000,1128604.0,6
7909,1000000,1128949.0,6
7910,1000000,1128556.0,6
7911,1000000,1128649.0,6
7912,1000000,1128672.0,6
7913,1000000,1128662.0,6
7914,1000000,1128632.0,6
7915,1000000,1128625.0,6
7916,1000000,1128680.0,6
7917,1000000,1128648.0,6
7918,1000000,1129032.0,6
7919,1000000,1128650.0,6
7920,1000000,1128648.0,6
7921,1000000,1128619.0,6
7922,1000000,1128623.0,6
7923,1000000,1128640.0,6
7924,1000000,1127721.0,6
7925,1000000,1128090.0,6
7926,1000000,1128110.0,6
7927,1000000,1127738.0,6
7928,1000000,1128111.0,6
7929,1000000,1127758.0,6
7930,1000000,1127772.0,6
7931,1000000,1127750.0,6
7932,1000000,1128135.0,6
7933,1000000,1128126.0,6
7934,1000000,1128142.0,6
7935,1000000,1127746.0,6
7936,1000000,1127746.0,6
7937,1000000,1127717.0,6
7938,1000000,1127743.0,6
7939,1000000,1128097.0,6
7940,1000000,1128096.0,6
7941,1000000,1127990.0,6
7942,1000000,1128047.0,6
7943,1000000,1128098.0,6
7944,1000000,1128065.0,6
7945,1000000,1128079.0,6
7946,1000000,1128084.0,6
7947,1000000,1128080.0,6
7948,1000000,1128004.0,6
7949,1000000,1128090.0,6
7950,1000000,1128103.0,6
7951,1000000,1128095.0,6
7952,1000000,1128089.0,6
7953,1000000,1128088.0,6
7954,1000000,1115941.0,6
7955,1000000,1115888.0,6
7956,1000000,1115823.0,6
7957,1000000,1115937.0,6
7958,1000000,1115953.0,6
7959,1000000,1115920.0,6
7960,1000000,1115901.0,6
7961,1000000,1115893.0,6
7962,1000000,1115947.0,6
7963,1000000,1115924.0,6
7964,1000000,1115782.0,6
7965,1000000,1115938.0,6
7966,1000000,1115944.0,6
7967,1000000,1115944.0,6
7968,1000000,1115909.0,6
7969,1000000,1127236.0,6
7970,1000000,1128421.0,6
7971,1000000,1127198.0,6
7972,1000000,1128036.0,6
7973,1000000,1127207.0,6
7974,1000000,1128437.0,6
7975,1000000,1127256.0,6
7976,1000000,1128333.0,6
7977,1000000,1128346.0,6
7978,1000000,1127225.0,6
7979,1000000,1128379.0,6
7980,1000000,1128305.0,6
7981,1000000,1128345.0,6
7982,1000000,1128347.0,6
7983,1000000,1128422.0,6
7984,1000000,1129049.0,6
7985,1000000,1128856.0,6
7986,1000000,1128430.0,6
7987,1000000,1128973.0,6
7988,1000000,1128900.0,6
7989,1000000,1128987.0,6
7990,1000000,1129132.0,6
7991,1000000,1128879.0,6
7992,1000000,1128834.0,6
7993,1000000,1128539.0,6
7994,1000000,1128754.0,6
7995,1000000,1128999.0,6
7996,1000000,1128919.0,6
7997,1000000,1127671.0,6
7998,1000000,1128794.0,6
7999,1000000,1128688.0,6
8000,1000000,1128694.0,6
8001,1000000,1128683.0,6
8002,1000000,1128658.0,6
8003,1000000,1128675.0,6
8004,1000000,1128681.0,6
8005,1000000,1128676.0,6
8006,1000000,1128688.0,6
8007,1000000,1128612.0,6
8008,1000000,1128667.0,6
8009,1000000,1128704.0,6
8010,1000000,1128622.0,6
8011,1000000,1128670.0,6
8012,1000000,1128688.0,6
8013,1000000,1128574.0,6
8014,1000000,1116684.0,6
8015,1000000,1116688.0,6
8016,1000000,1116547.0,6
8017,1000000,1116678.0,6
8018,1000000,1116688.0,6
8019,1000000,1116671.0,6
8020,1000000,1116673.0,6
8021,1000000,1116952.0,6
8022,1000000,1116687.0,6
8023,1000000,1116660.0,6
8024,1000000,1116683.0,6
8025,1000000,1116927.0,6
8026,1000000,1116631.0,6
8027,1000000,1116713.0,6
8028,1000000,1116672.0,6
8029,1000000,1128258.0,6
8030,1000000,1128221.0,6
8031,1000000,1128336.0,6
8032,1000000,1128302.0,6
8033,1000000,1128272.0,6
8034,1000000,1128275.0,6
8035,1000000,1128379.0,6
8036,1000000,1127100.0,6
8037,1000000,1127977.0,6
8038,1000000,1128044.0,6
8039,1000000,1128204.0,6
8040,1000000,1128281.0,6
8041,1000000,1128372.0,6
8042,1000000,1128271.0,6
8043,1000000,1128265.0,6
8044,1000000,1128928.0,6
8045,1000000,1128961.0,6
8046,1000000,1129046.0,6
8047,1000000,1128996.0,6
8048,1000000,1128905.0,6
8049,1000000,1129064.0,6
8050,1000000,1129021.0,6
8051,1000000,1128925.0,6
8052,1000000,1128979.0,6
8053,1000000,1128699.0,6
8054,1000000,1128967.0,6
8055,1000000,1129011.0,6
8056,1000000,1128619.0,6
8057,1000000,1129096.0,6
8058,1000000,1127820.0,6
8059,1000000,1128075.0,6
8060,1000000,1128092.0,6
8061,1000000,1128165.0,6
8062,1000000,1128131.0,6
8063,1000000,1128140.0,6
8064,1000000,1128096.0,6
8065,1000000,1128150.0,6
8066,1000000,1127934.0,6
8067,1000000,1127072.0,6
8068,1000000,1128148.0,6
8069,1000000,1128163.0,6
8070,1000000,1127975.0,6
8071,1000000,1127929.0,6
8072,1000000,1128066.0,6
8073,1000000,1128042.0,6
8074,1000000,1127060.0,6
8075,1000000,1126758.0,6
8076,1000000,1126761.0,6
8077,1000000,1126679.0,6
8078,1000000,1126660.0,6
8079,1000000,1126805.0,6
8080,1000000,1126740.0,6
8081,1000000,1126773.0,6
8082,1000000,1126717.0,6
8083,1000000,1126777.0,6
8084,1000000,1127050.0,6
8085,1000000,1126751.0,6
8086,1000000,1126692.0,6
8087,1000000,1126739.0,6
8088,1000000,1126781.0,6
8089,1000000,1152007.0,7
8090,1000000,1153082.0,7
8091,1000000,1153046.0,7
8092,1000000,1151941.0,7
8093,1000000,1153095.0,7
8094,1000000,1151917.0,7
8095,1000000,1151897.0,7
8096,1000000,1153072.0,7
8097,1000000,1152996.0,7
8098,1000000,1152988.0,7
8099,1000000,1153007.0,7
8100,1000000,1151978.0,7
8101,1000000,1153062.0,7
8102,1000000,1152880.0,7
8103,1000000,1153062.0,7
8104,1000000,1152719.0,7
8105,1000000,1152762.0,7
8106,1000000,1152801.0,7
8107,1000000,1152745.0,7
8108,1000000,1152706.0,7
8109,1000000,1152675.0,7
8110,1000000,1152490.0,7
8111,1000000,1151346.0,7
8112,1000000,1151859.0,7
8113,1000000,1152706.0,7
8114,1000000,1152754.0,7
8115,1000000,1152635.0,7
8116,1000000,1152827.0,7
8117,1000000,1151765.0,7
8118,1000000,1152725.0,7
8119,1000000,1152213.0,7
8120,1000000,1153383.0,7
8121,1000000,1152398.0,7
8122,1000000,1153424.0,7
8123,1000000,1153398.0,7
8124,1000000,1152389.0,7
8125,1000000,1153431.0,7
8126,1000000,1153438.0,7
8127,1000000,1152387.0,7
8128,1000000,1153295.0,7
8129,1000000,1153377.0,7
8130,1000000,1152375.0,7
8131,1000000,1153433.0,7
8132,1000000,1153365.0,7
8133,1000000,1153436.0,7
8134,1000000,1142528.0,7
8135,1000000,1142244.0,7
8136,1000000,1142224.0,7
8137,1000000,1142222.0,7
8138,1000000,1142087.0,7
8139,1000000,1142518.0,7
8140,1000000,1142218.0,7
8141,1000000,1142250.0,7
8142,1000000,1142430.0,7
8143,1000000,1142163.0,7
8144,1000000,1142239.0,7
8145,1000000,1142217.0,7
8146,1000000,1142241.0,7
8147,1000000,1142481.0,7
8148,1000000,1142185.0,7
8149,1000000,1142719.0,7
8150,1000000,1142733.0,7
8151,1000000,1142721.0,7
8152,1000000,1142725.0,7
8153,1000000,1142677.0,7
8154,1000000,1142704.0,7
8155,1000000,1142659.0,7
8156,1000000,1142695.0,7
8157,1000000,1142612.0,7
8158,1000000,1142705.0,7
8159,1000000,1142604.0,7
8160,1000000,1142696.0,7
8161,1000000,1142691.0,7
8162,1000000,1142761.0,7
8163,1000000,1142728.0,7
8164,1000000,1142956.0,7
8165,1000000,1142987.0,7
8166,1000000,1142917.0,7
8167,1000000,1142864.0,7
8168,1000000,1142842.0,7
8169,1000000,1142902.0,7
8170,1000000,1142961.0,7
8171,1000000,1142949.0,7
8172,1000000,1142963.0,7
8173,1000000,1142947.0,7
8174,1000000,1142941.0,7
8175,1000000,1142941.0,7
8176,1000000,1142951.0,7
8177,1000000,1142916.0,7
8178,1000000,1142872.0,7
8179,1000000,1152564.0,7
8180,1000000,1152677.0,7
8181,1000000,1152729.0,7
8182,1000000,1152686.0,7
8183,1000000,1152674.0,7
8184,1000000,1152515.0,7
8185,1000000,1152706.0,7
8186,1000000,1151612.0,7
8187,1000000,1152664.0,7
8188,1000000,1152702.0,7
8189,1000000,1151574.0,7
8190,1000000,1152656.0,7
8191,1000000,1152701.0,7
8192,1000000,1151614.0,7
8193,1000000,1152721.0,7
8194,1000000,1153217.0,7
8195,1000000,1152271.0,7
8196,1000000,1153529.0,7
8197,1000000,1152362.0,7
8198,1000000,1152405.0,7
8199,1000000,1152400.0,7
8200,1000000,1152318.0,7
8201,1000000,1153385.0,7
8202,1000000,1153425.0,7
8203,1000000,1153389.0,7
8204,1000000,1153586.0,7
8205,1000000,1153475.0,7
8206,1000000,1153386.0,7
8207,1000000,1153461.0,7
8208,1000000,1153538.0,7
8209,1000000,1153533.0,7
8210,1000000,1153511.0,7
8211,1000000,1153507.0,7
8212,1000000,1153518.0,7
8213,1000000,1153848.0,7
8214,1000000,1153546.0,7
8215,1000000,1153532.0,7
8216,1000000,1153879.0,7
8217,1000000,1153516.0,7
8218,1000000,1153882.0,7
8219,1000000,1153557.0,7
8220,1000000,1153877.0,7
8221,1000000,1153521.0,7
8222,1000000,1153527.0,7
8223,1000000,1153503.0,7
8224,1000000,1152787.0,7
8225,1000000,1152667.0,7
8226,1000000,1152774.0,7
8227,1000000,1152719.0,7
8228,1000000,1152793.0,7
8229,1000000,1152824.0,7
8230,1000000,1152807.0,7
8231,1000000,1152819.0,7
8232,1000000,1152802.0,7
8233,1000000,1152798.0,7
8234,1000000,1152829.0,7
8235,1000000,1152833.0,7
8236,1000000,1152805.0,7
8237,1000000,1152801.0,7
8238,1000000,1152723.0,7
8239,1000000,1152917.0,7
8240,1000000,1152550.0,7
8241,1000000,1152534.0,7
8242,1000000,1152931.0,7
8243,1000000,1152875.0,7
8244,1000000,1152912.0,7
8245,1000000,1152541.0,7
8246,1000000,1152530.0,7
8247,1000000,1152494.0,7
8248,1000000,1152908.0,7
8249,1000000,1152534.0,7
8250,1000000,1152539.0,7
8251,1000000,1152469.0,7
8252,1000000,1152551.0,7
8253,1000000,1152950.0,7
8254,1000000,1140818.0,7
8255,1000000,1140835.0,7
8256,1000000,1140842.0,7
8257,1000000,1140850.0,7
8258,1000000,1140836.0,7
8259,1000000,1140818.0,7
8260,1000000,1140833.0,7
8261,1000000,1140838.0,7
8262,1000000,1140857.0,7
8263,1000000,1140850.0,7
8264,1000000,1140775.0,7
8265,1000000,1140750.0,7
8266,1000000,1140834.0,7
8267,1000000,1140699.0,7
8268,1000000,1140802.0,7
8269,1000000,1152253.0,7
8270,1000000,1153289.0,7
8271,1000000,1153383.0,7
8272,1000000,1153174.0,7
8273,1000000,1152270.0,7
8274,1000000,1153367.0,7
8275,1000000,1153392.0,7
8276,1000000,1152288.0,7
8277,1000000,1152231.0,7
8278,1000000,1153173.0,7
8279,1000000,1153363.0,7
8280,1000000,1153261.0,7
8281,1000000,1153360.0,7
8282,1000000,1152249.0,7
8283,1000000,1153338.0,7
8284,1000000,1152264.0,7
8285,1000000,1153341.0,7
8286,1000000,1153175.0,7
8287,1000000,1153473.0,7
8288,1000000,1153351.0,7
8289,1000000,1153356.0,7
8290,1000000,1153391.0,7
8291,1000000,1153405.0,7
8292,1000000,1153594.0,7
8293,1000000,1153397.0,7
8294,1000000,1153342.0,7
8295,1000000,1153367.0,7
8296,1000000,1153305.0,7
8297,1000000,1153375.0,7
8298,1000000,1153528.0,7
8299,1000000,1153303.0,7
8300,1000000,1153290.0,7
8301,1000000,1153726.0,7
8302,1000000,1153273.0,7
8303,1000000,1153358.0,7
8304,1000000,1153296.0,7
8305,1000000,1153377.0,7
8306,1000000,1153350.0,7
8307,1000000,1153724.0,7
8308,1000000,1153367.0,7
8309,1000000,1153360.0,7
8310,1000000,1153369.0,7
8311,1000000,1153319.0,7
8312,1000000,1153344.0,7
8313,1000000,1153309.0,7
8314,1000000,1141378.0,7
8315,1000000,1141331.0,7
8316,1000000,1141598.0,7
8317,1000000,1141286.0,7
8318,1000000,1141379.0,7
8319,1000000,1141370.0,7
8320,1000000,1141349.0,7
8321,1000000,1141323.0,7
8322,1000000,1141695.0,7
8323,1000000,1141656.0,7
8324,1000000,1141361.0,7
8325,1000000,1141386.0,7
8326,1000000,1141339.0,7
8327,1000000,1141685.0,7
8328,1000000,1141372.0,7
8329,1000000,1152623.0,7
8330,1000000,1152894.0,7
8331,1000000,1152733.0,7
8332,1000000,1152920.0,7
8333,1000000,1152915.0,7
8334,1000000,1153609.0,7
8335,1000000,1152271.0,7
8336,1000000,1152971.0,7
8337,1000000,1152890.0,7
8338,1000000,1152730.0,7
8339,1000000,1153058.0,7
8340,1000000,1152736.0,7
8341,1000000,1152623.0,7
8342,1000000,1152991.0,7
8343,1000000,1151752.0,7
8344,1000000,1153853.0,7
8345,1000000,1153795.0,7
8346,1000000,1152716.0,7
8347,1000000,1153850.0,7
8348,1000000,1153759.0,7
8349,1000000,1153820.0,7
8350,1000000,1153852.0,7
8351,1000000,1154043.0,7
8352,1000000,1153925.0,7
8353,1000000,1153775.0,7
8354,1000000,1153910.0,7
8355,1000000,1153831.0,7
8356,1000000,1153822.0,7
8357,1000000,1153654.0,7
8358,1000000,1154044.0,7
8359,1000000,1152317.0,7
8360,1000000,1152481.0,7
8361,1000000,1152503.0,7
8362,1000000,1152183.0,7
8363,1000000,1152478.0,7
8364,1000000,1152462.0,7
8365,1000000,1152460.0,7
8366,1000000,1152553.0,7
8367,1000000,1152342.0,7
8368,1000000,1152525.0,7
8369,1000000,1152404.0,7
8370,1000000,1152494.0,7
8371,1000000,1151381.0,7
8372,1000000,1152524.0,7
8373,1000000,1152609.0,7
8374,1000000,1152288.0,7
8375,1000000,1151963.0,7
8376,1000000,1151931.0,7
8377,1000000,1151818.0,7
8378,1000000,1151922.0,7
8379,1000000,1152256.0,7
8380,1000000,1151943.0,7
8381,1000000,1151948.0,7
8382,1000000,1151916.0,7
8383,1000000,1152223.0,7
8384,1000000,1151933.0,7
8385,1000000,1151942.0,7
8386,1000000,1151938.0,7
8387,1000000,1152260.0,7
8388,1000000,1151928.0,7
8389,1000000,1136283.0,8
8390,1000000,1135167.0,8
8391,1000000,1135226.0,8
8392,1000000,1135102.0,8
8393,1000000,1136346.0,8
8394,1000000,1136308.0,8
8395,1000000,1136313.0,8
8396,1000000,1136391.0,8
8397,1000000,1136337.0,8
8398,1000000,1136041.0,8
8399,1000000,1136346.0,8
8400,1000000,1135110.0,8
8401,1000000,1136254.0,8
8402,1000000,1135173.0,8
8403,1000000,1136340.0,8
8404,1000000,1134806.0,8
8405,1000000,1135742.0,8
8406,1000000,1135728.0,8
8407,1000000,1135795.0,8
8408,1000000,1135771.0,8
8409,1000000,1135740.0,8
8410,1000000,1135744.0,8
8411,1000000,1137417.0,8
8412,1000000,1135809.0,8
8413,1000000,1135721.0,8
8414,1000000,1134881.0,8
8415,1000000,1135712.0,8
8416,1000000,1135780.0,8
8417,1000000,1135648.0,8
8418,1000000,1135654.0,8
8419,1000000,1135637.0,8
8420,1000000,1135667.0,8
8421,1000000,1135664.0,8
8422,1000000,1136865.0,8
8423,1000000,1135675.0,8
8424,1000000,1136762.0,8
8425,1000000,1136743.0,8
8426,1000000,1135653.0,8
8427,1000000,1136724.0,8
8428,1000000,1136799.0,8
8429,1000000,1136763.0,8
8430,1000000,1136794.0,8
8431,1000000,1136796.0,8
8432,1000000,1136766.0,8
8433,1000000,1136734.0,8
8434,1000000,1125670.0,8
8435,1000000,1125681.0,8
8436,1000000,1126020.0,8
8437,1000000,1125661.0,8
8438,1000000,1125671.0,8
8439,1000000,1125568.0,8
8440,1000000,1125656.0,8
8441,1000000,1125916.0,8
8442,1000000,1125676.0,8
8443,1000000,1125621.0,8
8444,1000000,1126001.0,8
8445,1000000,1126013.0,8
8446,1000000,1125619.0,8
8447,1000000,1125582.0,8
8448,1000000,1125677.0,8
8449,1000000,1126019.0,8
8450,1000000,1126040.0,8
8451,1000000,1126003.0,8
8452,1000000,1125996.0,8
8453,1000000,1126315.0,8
8454,1000000,1126293.0,8
8455,1000000,1125983.0,8
8456,1000000,1126005.0,8
8457,1000000,1125997.0,8
8458,1000000,1126044.0,8
8459,1000000,1125992.0,8
8460,1000000,1125894.0,8
8461,1000000,1125972.0,8
8462,1000000,1126317.0,8
8463,1000000,1126237.0,8
8464,1000000,1126147.0,8
8465,1000000,1126337.0,8
8466,1000000,1126318.0,8
8467,1000000,1126292.0,8
8468,1000000,1126348.0,8
8469,1000000,1126323.0,8
8470,1000000,1126208.0,8
8471,1000000,1126340.0,8
8472,1000000,1126262.0,8
8473,1000000,1126329.0,8
8474,1000000,1126340.0,8
8475,1000000,1126219.0,8
8476,1000000,1126342.0,8
8477,1000000,1126335.0,8
8478,1000000,1126379.0,8
8479,1000000,1136106.0,8
8480,1000000,1135720.0,8
8481,1000000,1134758.0,8
8482,1000000,1136046.0,8
8483,1000000,1135968.0,8
8484,1000000,1134867.0,8
8485,1000000,1136068.0,8
8486,1000000,1136098.0,8
8487,1000000,1136097.0,8
8488,1000000,1136087.0,8
8489,1000000,1136100.0,8
8490,1000000,1136133.0,8
8491,1000000,1136093.0,8
8492,1000000,1136106.0,8
8493,1000000,1134870.0,8
8494,1000000,1136786.0,8
8495,1000000,1135691.0,8
8496,1000000,1136906.0,8
8497,1000000,1136694.0,8
8498,1000000,1135703.0,8
8499,1000000,1136868.0,8
8500,1000000,1136772.0,8
8501,1000000,1135726.0,8
8502,1000000,1136867.0,8
8503,1000000,1136826.0,8
8504,1000000,1135688.0,8
8505,1000000,1136704.0,8
8506,1000000,1136838.0,8
8507,1000000,1136651.0,8
8508,1000000,1135685.0,8
8509,1000000,1136444.0,8
8510,1000000,1136418.0,8
8511,1000000,1136461.0,8
8512,1000000,1136380.0,8
8513,1000000,1136422.0,8
8514,1000000,1136377.0,8
8515,1000000,1136454.0,8
8516,1000000,1136366.0,8
8517,1000000,1136716.0,8
8518,1000000,1136365.0,8
8519,1000000,1136719.0,8
8520,1000000,1136422.0,8
8521,1000000,1136296.0,8
8522,1000000,1136483.0,8
8523,1000000,1136331.0,8
8524,1000000,1135170.0,8
8525,1000000,1135158.0,8
8526,1000000,1135149.0,8
8527,1000000,1135167.0,8
8528,1000000,1135160.0,8
8529,1000000,1135110.0,8
8530,1000000,1135112.0,8
8531,1000000,1135182.0,8
8532,1000000,1135174.0,8
8533,1000000,1135536.0,8
8534,1000000,1135130.0,8
8535,1000000,1135169.0,8
8536,1000000,1135531.0,8
8537,1000000,1135163.0,8
8538,1000000,1135120.0,8
8539,1000000,1135525.0,8
8540,1000000,1135515.0,8
8541,1000000,1135523.0,8
8542,1000000,1135518.0,8
8543,1000000,1135508.0,8
8544,1000000,1135472.0,8
8545,1000000,1135890.0,8
8546,1000000,1135857.0,8
8547,1000000,1135899.0,8
8548,1000000,1135539.0,8
8549,1000000,1135860.0,8
8550,1000000,1135849.0,8
8551,1000000,1135526.0,8
8552,1000000,1135888.0,8
8553,1000000,1135814.0,8
8554,1000000,1124083.0,8
8555,1000000,1123999.0,8
8556,1000000,1124009.0,8
8557,1000000,1124112.0,8
8558,1000000,1124063.0,8
8559,1000000,1124057.0,8
8560,1000000,1124086.0,8
8561,1000000,1124063.0,8
8562,1000000,1124144.0,8
8563,1000000,1124371.0,8
8564,1000000,1123990.0,8
8565,1000000,1124085.0,8
8566,1000000,1124389.0,8
8567,1000000,1123924.0,8
8568,1000000,1124098.0,8
8569,1000000,1136253.0,8
8570,1000000,1136113.0,8
8571,1000000,1136218.0,8
8572,1000000,1135043.0,8
8573,1000000,1136195.0,8
8574,1000000,1136317.0,8
8575,1000000,1136270.0,8
8576,1000000,1136230.0,8
8577,1000000,1136252.0,8
8578,1000000,1136249.0,8
8579,1000000,1135940.0,8
8580,1000000,1136240.0,8
8581,1000000,1134973.0,8
8582,1000000,1136240.0,8
8583,1000000,1135045.0,8
8584,1000000,1136566.0,8
8585,1000000,1135437.0,8
8586,1000000,1136384.0,8
8587,1000000,1136691.0,8
8588,1000000,1136466.0,8
8589,1000000,1136669.0,8
8590,1000000,1136805.0,8
8591,1000000,1136615.0,8
8592,1000000,1136652.0,8
8593,1000000,1136659.0,8
8594,1000000,1136762.0,8
8595,1000000,1136722.0,8
8596,1000000,1136536.0,8
8597,1000000,1136303.0,8
8598,1000000,1136683.0,8
8599,1000000,1136326.0,8
8600,1000000,1136339.0,8
8601,1000000,1136306.0,8
8602,1000000,1136537.0,8
8603,1000000,1136320.0,8
8604,1000000,1136308.0,8
8605,1000000,1136339.0,8
8606,1000000,1136321.0,8
8607,1000000,1136313.0,8
8608,1000000,1136326.0,8
8609,1000000,1136174.0,8
8610,1000000,1136271.0,8
8611,1000000,1136294.0,8
8612,1000000,1136596.0,8
8613,1000000,1136319.0,8
8614,1000000,1124853.0,8
8615,1000000,1124778.0,8
8616,1000000,1124913.0,8
8617,1000000,1124887.0,8
8618,1000000,1124869.0,8
8619,1000000,1124839.0,8
8620,1000000,1124728.0,8
8621,1000000,1124694.0,8
8622,1000000,1124873.0,8
8623,1000000,1124830.0,8
8624,1000000,1124896.0,8
8625,1000000,1124881.0,8
8626,1000000,1125139.0,8
8627,1000000,1124845.0,8
8628,1000000,1125099.0,8
8629,1000000,1135212.0,8
8630,1000000,1136238.0,8
8631,1000000,1136367.0,8
8632,1000000,1136412.0,8
8633,1000000,1136344.0,8
8634,1000000,1136366.0,8
8635,1000000,1136254.0,8
8636,1000000,1136463.0,8
8637,1000000,1136336.0,8
8638,1000000,1136307.0,8
8639,1000000,1136359.0,8
8640,1000000,1136275.0,8
8641,1000000,1136486.0,8
8642,1000000,1136324.0,8
8643,1000000,1136442.0,8
8644,1000000,1136501.0,8
8645,1000000,1136533.0,8
8646,1000000,1136554.0,8
8647,1000000,1136540.0,8
8648,1000000,1136350.0,8
8649,1000000,1136526.0,8
8650,1000000,1136431.0,8
8651,1000000,1136564.0,8
8652,1000000,1136572.0,8
8653,1000000,1136505.0,8
8654,1000000,1136454.0,8
8655,1000000,1136567.0,8
8656,1000000,1135445.0,8
8657,1000000,1136464.0,8
8658,1000000,1136545.0,8
8659,1000000,1135545.0,8
8660,1000000,1135640.0,8
8661,1000000,1135500.0,8
8662,1000000,1134494.0,8
8663,1000000,1135597.0,8
8664,1000000,1135652.0,8
8665,1000000,1135442.0,8
8666,1000000,1135539.0,8
8667,1000000,1135654.0,8
8668,1000000,1135566.0,8
8669,1000000,1135604.0,8
8670,1000000,1135574.0,8
8671,1000000,1135542.0,8
8672,1000000,1135392.0,8
8673,1000000,1135529.0,8
8674,1000000,1135326.0,8
8675,1000000,1135348.0,8
8676,1000000,1135325.0,8
8677,1000000,1135209.0,8
8678,1000000,1135258.0,8
8679,1000000,1135316.0,8
8680,1000000,1135630.0,8
8681,1000000,1135638.0,8
8682,1000000,1135309.0,8
8683,1000000,1135627.0,8
8684,1000000,1135335.0,8
8685,1000000,1135294.0,8
8686,1000000,1135294.0,8
8687,1000000,1135320.0,8
8688,1000000,1135585.0,8
8689,1000000,1183989.0,9
8690,1000000,1184116.0,9
8691,1000000,1183906.0,9
8692,1000000,1182930.0,9
8693,1000000,1184020.0,9
8694,1000000,1183961.0,9
8695,1000000,1183993.0,9
8696,1000000,1182851.0,9
8697,1000000,1182881.0,9
8698,1000000,1184012.0,9
8699,1000000,1183980.0,9
8700,1000000,1183876.0,9
8701,1000000,1182830.0,9
8702,1000000,1184013.0,9
8703,1000000,1182885.0,9
8704,1000000,1183791.0,9
8705,1000000,1183931.0,9
8706,1000000,1183808.0,9
8707,1000000,1183853.0,9
8708,1000000,1183904.0,9
8709,1000000,1184009.0,9
8710,1000000,1183522.0,9
8711,1000000,1182778.0,9
8712,1000000,1183828.0,9
8713,1000000,1183956.0,9
8714,1000000,1183922.0,9
8715,1000000,1184036.0,9
8716,1000000,1183773.0,9
8717,1000000,1184025.0,9
8718,1000000,1183835.0,9
8719,1000000,1183235.0,9
8720,1000000,1184451.0,9
8721,1000000,1184382.0,9
8722,1000000,1184344.0,9
8723,1000000,1184445.0,9
8724,1000000,1184400.0,9
8725,1000000,1184432.0,9
8726,1000000,1184212.0,9
8727,1000000,1184447.0,9
8728,1000000,1183302.0,9
8729,1000000,1184526.0,9
8730,1000000,1183270.0,9
8731,1000000,1184512.0,9
8732,1000000,1183330.0,9
8733,1000000,1183185.0,9
8734,1000000,1173266.0,9
8735,1000000,1173263.0,9
8736,1000000,1173232.0,9
8737,1000000,1173281.0,9
8738,1000000,1173244.0,9
8739,1000000,1173157.0,9
8740,1000000,1173308.0,9
8741,1000000,1173267.0,9
8742,1000000,1173258.0,9
8743,1000000,1173241.0,9
8744,1000000,1173185.0,9
8745,1000000,1173235.0,9
8746,1000000,1173595.0,9
8747,1000000,1173584.0,9
8748,1000000,1173266.0,9
8749,1000000,1173479.0,9
8750,1000000,1173223.0,9
8751,1000000,1173216.0,9
8752,1000000,1173245.0,9
8753,1000000,1173183.0,9
8754,1000000,1173266.0,9
8755,1000000,1173265.0,9
8756,1000000,1173236.0,9
8757,1000000,1173234.0,9
8758,1000000,1173486.0,9
8759,1000000,1173217.0,9
8760,1000000,1173142.0,9
8761,1000000,1173236.0,9
8762,1000000,1173241.0,9
8763,1000000,1173208.0,9
8764,1000000,1173933.0,9
8765,1000000,1173912.0,9
8766,1000000,1173836.0,9
8767,1000000,1173928.0,9
8768,1000000,1173908.0,9
8769,1000000,1173868.0,9
8770,1000000,1174288.0,9
8771,1000000,1173975.0,9
8772,1000000,1174254.0,9
8773,1000000,1173921.0,9
8774,1000000,1173892.0,9
8775,1000000,1173906.0,9
8776,1000000,1173956.0,9
8777,1000000,1173747.0,9
8778,1000000,1173935.0,9
8779,1000000,1183790.0,9
8780,1000000,1182796.0,9
8781,1000000,1182817.0,9
8782,1000000,1183831.0,9
8783,1000000,1183552.0,9
8784,1000000,1183800.0,9
8785,1000000,1182802.0,9
8786,1000000,1183864.0,9
8787,1000000,1183796.0,9
8788,1000000,1183715.0,9
8789,1000000,1183754.0,9
8790,1000000,1182759.0,9
8791,1000000,1183755.0,9
8792,1000000,1182698.0,9
8793,1000000,1183793.0,9
8794,1000000,1183304.0,9
8795,1000000,1183284.0,9
8796,1000000,1183366.0,9
8797,1000000,1183356.0,9
8798,1000000,1184389.0,9
8799,1000000,1184317.0,9
8800,1000000,1184256.0,9
8801,1000000,1184443.0,9
8802,1000000,1184429.0,9
8803,1000000,1184389.0,9
8804,1000000,1184375.0,9
8805,1000000,1184438.0,9
8806,1000000,1183334.0,9
8807,1000000,1184426.0,9
8808,1000000,1184417.0,9
8809,1000000,1183911.0,9
8810,1000000,1183917.0,9
8811,1000000,1183889.0,9
8812,1000000,1183897.0,9
8813,1000000,1183930.0,9
8814,1000000,1184052.0,9
8815,1000000,1183907.0,9
8816,1000000,1183884.0,9
8817,1000000,1183895.0,9
8818,1000000,1184223.0,9
8819,1000000,1183848.0,9
8820,1000000,1184228.0,9
8821,1000000,1183900.0,9
8822,1000000,1183837.0,9
8823,1000000,1183914.0,9
8824,1000000,1182933.0,9
8825,1000000,1183325.0,9
8826,1000000,1183331.0,9
8827,1000000,1183343.0,9
8828,1000000,1182935.0,9
8829,1000000,1182846.0,9
8830,1000000,1182949.0,9
8831,1000000,1182960.0,9
8832,1000000,1182961.0,9
8833,1000000,1182945.0,9
8834,1000000,1182945.0,9
8835,1000000,1183373.0,9
8836,1000000,1183338.0,9
8837,1000000,1183341.0,9
8838,1000000,1182881.0,9
8839,1000000,1183466.0,9
8840,1000000,1183493.0,9
8841,1000000,1183464.0,9
8842,1000000,1183388.0,9
8843,1000000,1183779.0,9
8844,1000000,1183425.0,9
8845,1000000,1183773.0,9
8846,1000000,1183497.0,9
8847,1000000,1183472.0,9
8848,1000000,1183772.0,9
8849,1000000,1183750.0,9
8850,1000000,1183481.0,9
8851,1000000,1183481.0,9
8852,1000000,1183443.0,9
8853,1000000,1183473.0,9
8854,1000000,1171664.0,9
8855,1000000,1171375.0,9
8856,1000000,1171716.0,9
8857,1000000,1171392.0,9
8858,1000000,1171678.0,9
8859,1000000,1171279.0,9
8860,1000000,1171349.0,9
8861,1000000,1171400.0,9
8862,1000000,1171737.0,9
8863,1000000,1171321.0,9
8864,1000000,1171295.0,9
8865,1000000,1171395.0,9
8866,1000000,1171386.0,9
8867,1000000,1171381.0,9
8868,1000000,1171378.0,9
8869,1000000,1183978.0,9
8870,1000000,1183835.0,9
8871,1000000,1183622.0,9
8872,1000000,1183992.0,9
8873,1000000,1184027.0,9
8874,1000000,1184000.0,9
8875,1000000,1184035.0,9
8876,1000000,1183929.0,9
8877,1000000,1183970.0,9
8878,1000000,1182626.0,9
8879,1000000,1184003.0,9
8880,1000000,1183936.0,9
8881,1000000,1183859.0,9
8882,1000000,1182765.0,9
8883,1000000,1182706.0,9
8884,1000000,1184381.0,9
8885,1000000,1184337.0,9
8886,1000000,1184293.0,9
8887,1000000,1184374.0,9
8888,1000000,1184371.0,9
8889,1000000,1184466.0,9
8890,1000000,1184482.0,9
8891,1000000,1184383.0,9
8892,1000000,1183260.0,9
8893,1000000,1184182.0,9
8894,1000000,1184090.0,9
8895,1000000,1184349.0,9
8896,1000000,1184298.0,9
8897,1000000,1184389.0,9
8898,1000000,1184162.0,9
8899,1000000,1184589.0,9
8900,1000000,1184578.0,9
8901,1000000,1184583.0,9
8902,1000000,1184559.0,9
8903,1000000,1184586.0,9
8904,1000000,1184514.0,9
8905,1000000,1184588.0,9
8906,1000000,1184568.0,9
8907,1000000,1184531.0,9
8908,1000000,1184607.0,9
8909,1000000,1184861.0,9
8910,1000000,1184569.0,9
8911,1000000,1184865.0,9
8912,1000000,1184603.0,9
8913,1000000,1184595.0,9
8914,1000000,1172166.0,9
8915,1000000,1172226.0,9
8916,1000000,1172134.0,9
8917,1000000,1172164.0,9
8918,1000000,1172308.0,9
8919,1000000,1172184.0,9
8920,1000000,1172236.0,9
8921,1000000,1172226.0,9
8922,1000000,1172240.0,9
8923,1000000,1172246.0,9
8924,1000000,1172263.0,9
8925,1000000,1172195.0,9
8926,1000000,1172089.0,9
8927,1000000,1172251.0,9
8928,1000000,1172243.0,9
8929,1000000,1183977.0,9
8930,1000000,1184015.0,9
8931,1000000,1183893.0,9
8932,1000000,1184113.0,9
8933,1000000,1183964.0,9
8934,1000000,1183995.0,9
8935,1000000,1183958.0,9
8936,1000000,1183786.0,9
8937,1000000,1183875.0,9
8938,1000000,1183954.0,9
8939,1000000,1184003.0,9
8940,1000000,1182810.0,9
8941,1000000,1183944.0,9
8942,1000000,1183984.0,9
8943,1000000,1183932.0,9
8944,1000000,1184515.0,9
8945,1000000,1184271.0,9
8946,1000000,1184539.0,9
8947,1000000,1184476.0,9
8948,1000000,1184477.0,9
8949,1000000,1184267.0,9
8950,1000000,1184476.0,9
8951,1000000,1183374.0,9
8952,1000000,1184511.0,9
8953,1000000,1184449.0,9
8954,1000000,1184488.0,9
8955,1000000,1185466.0,9
8956,1000000,1184533.0,9
8957,1000000,1183449.0,9
8958,1000000,1184318.0,9
8959,1000000,1183687.0,9
8960,1000000,1183748.0,9
8961,1000000,1183648.0,9
8962,1000000,1183747.0,9
8963,1000000,1182540.0,9
8964,1000000,1183640.0,9
8965,1000000,1183741.0,9
8966,1000000,1183842.0,9
8967,1000000,1183782.0,9
8968,1000000,1183442.0,9
8969,1000000,1183764.0,9
8970,1000000,1183854.0,9
8971,1000000,1183666.0,9
8972,1000000,1183735.0,9
8973,1000000,1183753.0,9
8974,1000000,1182892.0,9
8975,1000000,1182882.0,9
8976,1000000,1182905.0,9
8977,1000000,1183228.0,9
8978,1000000,1182819.0,9
8979,1000000,1182894.0,9
8980,1000000,1182854.0,9
8981,1000000,1183178.0,9
8982,1000000,1182916.0,9
8983,1000000,1182894.0,9
8984,1000000,1182902.0,9
8985,1000000,1182910.0,9
8986,1000000,1182881.0,9
8987,1000000,1182839.0,9
8988,1000000,1182850.0,9
8989,10000000,18343457.0,0
8990,10000000,18335899.0,0
8991,10000000,18336275.0,0
8992,10000000,18343952.0,0
8993,10000000,18344144.0,0
8994,10000000,18343363.0,0
8995,10000000,18337307.0,0
8996,10000000,18343602.0,0
8997,10000000,18343611.0,0
8998,10000000,18336133.0,0
8999,10000000,18343756.0,0
9000,10000000,18336700.0,0
9001,10000000,18343947.0,0
9002,10000000,18336649.0,0
9003,10000000,18336434.0,0
9004,10000000,18351857.0,0
9005,10000000,18352332.0,0
9006,10000000,18352671.0,0
9007,10000000,18351398.0,0
9008,10000000,18351422.0,0
9009,10000000,18353576.0,0
9010,10000000,18352727.0,0
9011,10000000,18354177.0,0
9012,10000000,18354169.0,0
9013,10000000,18353128.0,0
9014,10000000,18353613.0,0
9015,10000000,18339616.0,0
9016,10000000,18353166.0,0
9017,10000000,18351376.0,0
9018,10000000,18353272.0,0
9019,10000000,18337679.0,0
9020,10000000,18345741.0,0
9021,10000000,18346543.0,0
9022,10000000,18347055.0,0
9023,10000000,18345485.0,0
9024,10000000,18337107.0,0
9025,10000000,18346836.0,0
9026,10000000,18347076.0,0
9027,10000000,18346602.0,0
9028,10000000,18346291.0,0
9029,10000000,18345774.0,0
9030,10000000,18345676.0,0
9031,10000000,18346553.0,0
9032,10000000,18346176.0,0
9033,10000000,18337891.0,0
9034,10000000,18321807.0,0
9035,10000000,18322908.0,0
9036,10000000,18322212.0,0
9037,10000000,18322336.0,0
9038,10000000,18321641.0,0
9039,10000000,18321978.0,0
9040,10000000,18322450.0,0
9041,10000000,18321903.0,0
9042,10000000,18322264.0,0
9043,10000000,18322395.0,0
9044,10000000,18321537.0,0
9045,10000000,18322252.0,0
9046,10000000,18321684.0,0
9047,10000000,18322299.0,0
9048,10000000,18321911.0,0
9049,10000000,18322359.0,0
9050,10000000,18322049.0,0
9051,10000000,18321795.0,0
9052,10000000,18322007.0,0
9053,10000000,18322309.0,0
9054,10000000,18321377.0,0
9055,10000000,18322727.0,0
9056,10000000,18322673.0,0
9057,10000000,18322578.0,0
9058,10000000,18322202.0,0
9059,10000000,18322577.0,0
9060,10000000,18322475.0,0
9061,10000000,18322036.0,0
9062,10000000,18321401.0,0
9063,10000000,18323200.0,0
9064,10000000,18320570.0,0
9065,10000000,18325065.0,0
9066,10000000,18325542.0,0
9067,10000000,18322122.0,0
9068,10000000,18321468.0,0
9069,10000000,18321102.0,0
9070,10000000,18321525.0,0
9071,10000000,18321032.0,0
9072,10000000,18321721.0,0
9073,10000000,18324618.0,0
9074,10000000,18321092.0,0
9075,10000000,18321332.0,0
9076,10000000,18321657.0,0
9077,10000000,18325078.0,0
9078,10000000,18320947.0,0
9079,10000000,18343739.0,0
9080,10000000,18344517.0,0
9081,10000000,18344877.0,0
9082,10000000,18344315.0,0
9083,10000000,18344900.0,0
9084,10000000,18336348.0,0
9085,10000000,18335511.0,0
9086,10000000,18336379.0,0
9087,10000000,18341861.0,0
9088,10000000,18344690.0,0
9089,10000000,18343532.0,0
9090,10000000,18335210.0,0
9091,10000000,18345107.0,0
9092,10000000,18335695.0,0
9093,10000000,18344462.0,0
9094,10000000,18346893.0,0
9095,10000000,18345783.0,0
9096,10000000,18347810.0,0
9097,10000000,18337326.0,0
9098,10000000,18347095.0,0
9099,10000000,18346771.0,0
9100,10000000,18347487.0,0
9101,10000000,18337339.0,0
9102,10000000,18338263.0,0
9103,10000000,18346543.0,0
9104,10000000,18347167.0,0
9105,10000000,18345437.0,0
9106,10000000,18346769.0,0
9107,10000000,18345787.0,0
9108,10000000,18347176.0,0
9109,10000000,18333007.0,0
9110,10000000,18340545.0,0
9111,10000000,18339381.0,0
9112,10000000,18340624.0,0
9113,10000000,18340847.0,0
9114,10000000,18338810.0,0
9115,10000000,18339277.0,0
9116,10000000,18340689.0,0
9117,10000000,18343398.0,0
9118,10000000,18338737.0,0
9119,10000000,18340703.0,0
9120,10000000,18340344.0,0
9121,10000000,18340286.0,0
9122,10000000,18343298.0,0
9123,10000000,18340400.0,0
9124,10000000,18338846.0,0
9125,10000000,18339609.0,0
9126,10000000,18337265.0,0
9127,10000000,18339256.0,0
9128,10000000,18339680.0,0
9129,10000000,18336827.0,0
9130,10000000,18338855.0,0
9131,10000000,18338718.0,0
9132,10000000,18338659.0,0
9133,10000000,18339556.0,0
9134,10000000,18339644.0,0
9135,10000000,18339594.0,0
9136,10000000,18339208.0,0
9137,10000000,18339209.0,0
9138,10000000,18337740.0,0
9139,10000000,18338364.0,0
9140,10000000,18339489.0,0
9141,10000000,18340251.0,0
9142,10000000,18340116.0,0
9143,10000000,18339037.0,0
9144,10000000,18339698.0,0
9145,10000000,18339830.0,0
9146,10000000,18338031.0,0
9147,10000000,18342363.0,0
9148,10000000,18338812.0,0
9149,10000000,18339507.0,0
9150,10000000,18336806.0,0
9151,10000000,18341860.0,0
9152,10000000,18338028.0,0
9153,10000000,18339744.0,0
9154,10000000,18319555.0,0
9155,10000000,18321191.0,0
9156,10000000,18319174.0,0
9157,10000000,18320601.0,0
9158,10000000,18320189.0,0
9159,10000000,18320281.0,0
9160,10000000,18320233.0,0
9161,10000000,18319965.0,0
9162,10000000,18320603.0,0
9163,10000000,18320310.0,0
9164,10000000,18320172.0,0
9165,10000000,18320762.0,0
9166,10000000,18320890.0,0
9167,10000000,18320653.0,0
9168,10000000,18319934.0,0
9169,10000000,18345653.0,0
9170,10000000,18345537.0,0
9171,10000000,18344672.0,0
9172,10000000,18343251.0,0
9173,10000000,18336392.0,0
9174,10000000,18336120.0,0
9175,10000000,18337760.0,0
9176,10000000,18345186.0,0
9177,10000000,18344457.0,0
9178,10000000,18345194.0,0
9179,10000000,18344717.0,0
9180,10000000,18345534.0,0
9181,10000000,18336269.0,0
9182,10000000,18337736.0,0
9183,10000000,18345072.0,0
9184,10000000,18349673.0,0
9185,10000000,18352664.0,0
9186,10000000,18349352.0,0
9187,10000000,18348955.0,0
9188,10000000,18347846.0,0
9189,10000000,18338573.0,0
9190,10000000,18346891.0,0
9191,10000000,18350268.0,0
9192,10000000,18355896.0,0
9193,10000000,18349470.0,0
9194,10000000,18349905.0,0
9195,10000000,18350568.0,0
9196,10000000,18349452.0,0
9197,10000000,18338452.0,0
9198,10000000,18348116.0,0
9199,10000000,18340009.0,0
9200,10000000,18338644.0,0
9201,10000000,18339430.0,0
9202,10000000,18337212.0,0
9203,10000000,18339619.0,0
9204,10000000,18340429.0,0
9205,10000000,18340687.0,0
9206,10000000,18340517.0,0
9207,10000000,18340397.0,0
9208,10000000,18339490.0,0
9209,10000000,18339209.0,0
9210,10000000,18339435.0,0
9211,10000000,18339781.0,0
9212,10000000,18340604.0,0
9213,10000000,18340588.0,0
9214,10000000,18320295.0,0
9215,10000000,18320097.0,0
9216,10000000,18323590.0,0
9217,10000000,18320673.0,0
9218,10000000,18321542.0,0
9219,10000000,18320220.0,0
9220,10000000,18320256.0,0
9221,10000000,18320349.0,0
9222,10000000,18320736.0,0
9223,10000000,18319615.0,0
9224,10000000,18320567.0,0
9225,10000000,18323947.0,0
9226,10000000,18320415.0,0
9227,10000000,18320650.0,0
9228,10000000,18320594.0,0
9229,10000000,18348883.0,0
9230,10000000,18348216.0,0
9231,10000000,18332804.0,0
9232,10000000,18347952.0,0
9233,10000000,18348438.0,0
9234,10000000,18347943.0,0
9235,10000000,18338448.0,0
9236,10000000,18337609.0,0
9237,10000000,18349506.0,0
9238,10000000,18350039.0,0
9239,10000000,18350259.0,0
9240,10000000,18346924.0,0
9241,10000000,18348092.0,0
9242,10000000,18349078.0,0
9243,10000000,18348564.0,0
9244,10000000,18351090.0,0
9245,10000000,18351659.0,0
9246,10000000,18350954.0,0
9247,10000000,18352034.0,0
9248,10000000,18352324.0,0
9249,10000000,18353193.0,0
9250,10000000,18352128.0,0
9251,10000000,18351998.0,0
9252,10000000,18351356.0,0
9253,10000000,18352527.0,0
9254,10000000,18353137.0,0
9255,10000000,18352058.0,0
9256,10000000,18352614.0,0
9257,10000000,18349942.0,0
9258,10000000,18338986.0,0
9259,10000000,18354386.0,0
9260,10000000,18355361.0,0
9261,10000000,18353973.0,0
9262,10000000,18353522.0,0
9263,10000000,18353736.0,0
9264,10000000,18355528.0,0
9265,10000000,18352562.0,0
9266,10000000,18353441.0,0
9267,10000000,18341322.0,0
9268,10000000,18353325.0,0
9269,10000000,18354652.0,0
9270,10000000,18354489.0,0
9271,10000000,18354421.0,0
9272,10000000,18354254.0,0
9273,10000000,18354151.0,0
9274,10000000,18341687.0,0
9275,10000000,18341692.0,0
9276,10000000,18337562.0,0
9277,10000000,18337047.0,0
9278,10000000,18336890.0,0
9279,10000000,18336560.0,0
9280,10000000,18342217.0,0
9281,10000000,18342047.0,0
9282,10000000,18341003.0,0
9283,10000000,18337473.0,0
9284,10000000,18336416.0,0
9285,10000000,18337127.0,0
9286,10000000,18337479.0,0
9287,10000000,18341968.0,0
9288,10000000,18337200.0,0
9289,10000000,14494058.0,1
9290,10000000,14492754.0,1
9291,10000000,14494079.0,1
9292,10000000,14492102.0,1
9293,10000000,14492098.0,1
9294,10000000,14494018.0,1
9295,10000000,14484011.0,1
9296,10000000,14494466.0,1
9297,10000000,14493960.0,1
9298,10000000,14493723.0,1
9299,10000000,14493701.0,1
9300,10000000,14494908.0,1
9301,10000000,14494920.0,1
9302,10000000,14483945.0,1
9303,10000000,14484082.0,1
9304,10000000,14500977.0,1
9305,10000000,14500651.0,1
9306,10000000,14501244.0,1
9307,10000000,14500233.0,1
9308,10000000,14501334.0,1
9309,10000000,14487576.0,1
9310,10000000,14500250.0,1
9311,10000000,14499269.0,1
9312,10000000,14499112.0,1
9313,10000000,14501566.0,1
9314,10000000,14501741.0,1
9315,10000000,14501075.0,1
9316,10000000,14501115.0,1
9317,10000000,14501079.0,1
9318,10000000,14499696.0,1
9319,10000000,14484146.0,1
9320,10000000,14495402.0,1
9321,10000000,14494107.0,1
9322,10000000,14494649.0,1
9323,10000000,14493570.0,1
9324,10000000,14494772.0,1
9325,10000000,14494492.0,1
9326,10000000,14484290.0,1
9327,10000000,14495329.0,1
9328,10000000,14493676.0,1
9329,10000000,14494479.0,1
9330,10000000,14494047.0,1
9331,10000000,14496018.0,1
9332,10000000,14484548.0,1
9333,10000000,14495281.0,1
9334,10000000,14470279.0,1
9335,10000000,14470317.0,1
9336,10000000,14473773.0,1
9337,10000000,14470652.0,1
9338,10000000,14470444.0,1
9339,10000000,14470022.0,1
9340,10000000,14470521.0,1
9341,10000000,14471116.0,1
9342,10000000,14473680.0,1
9343,10000000,14469739.0,1
9344,10000000,14469389.0,1
9345,10000000,14470204.0,1
9346,10000000,14470926.0,1
9347,10000000,14470371.0,1
9348,10000000,14469925.0,1
9349,10000000,14469450.0,1
9350,10000000,14468979.0,1
9351,10000000,14471996.0,1
9352,10000000,14468577.0,1
9353,10000000,14472697.0,1
9354,10000000,14469717.0,1
9355,10000000,14469516.0,1
9356,10000000,14469063.0,1
9357,10000000,14472548.0,1
9358,10000000,14469394.0,1
9359,10000000,14469000.0,1
9360,10000000,14469195.0,1
9361,10000000,14473197.0,1
9362,10000000,14468703.0,1
9363,10000000,14468415.0,1
9364,10000000,14470640.0,1
9365,10000000,14470555.0,1
9366,10000000,14469815.0,1
9367,10000000,14470007.0,1
9368,10000000,14470290.0,1
9369,10000000,14470792.0,1
9370,10000000,14471578.0,1
9371,10000000,14470789.0,1
9372,10000000,14470770.0,1
9373,10000000,14470653.0,1
9374,10000000,14473928.0,1
9375,10000000,14470327.0,1
9376,10000000,14473296.0,1
9377,10000000,14470070.0,1
9378,10000000,14470571.0,1
9379,10000000,14494224.0,1
9380,10000000,14493383.0,1
9381,10000000,14484634.0,1
9382,10000000,14494395.0,1
9383,10000000,14485073.0,1
9384,10000000,14493524.0,1
9385,10000000,14493148.0,1
9386,10000000,14485784.0,1
9387,10000000,14493916.0,1
9388,10000000,14493372.0,1
9389,10000000,14485915.0,1
9390,10000000,14494132.0,1
9391,10000000,14484802.0,1
9392,10000000,14493763.0,1
9393,10000000,14494037.0,1
9394,10000000,14486647.0,1
9395,10000000,14485692.0,1
9396,10000000,14495269.0,1
9397,10000000,14495460.0,1
9398,10000000,14495266.0,1
9399,10000000,14485915.0,1
9400,10000000,14495858.0,1
9401,10000000,14485829.0,1
9402,10000000,14495039.0,1
9403,10000000,14495741.0,1
9404,10000000,14494409.0,1
9405,10000000,14494755.0,1
9406,10000000,14494697.0,1
9407,10000000,14495896.0,1
9408,10000000,14485845.0,1
9409,10000000,14487703.0,1
9410,10000000,14487344.0,1
9411,10000000,14487298.0,1
9412,10000000,14488147.0,1
9413,10000000,14488845.0,1
9414,10000000,14489241.0,1
9415,10000000,14489328.0,1
9416,10000000,14487057.0,1
9417,10000000,14491409.0,1
9418,10000000,14488856.0,1
9419,10000000,14488857.0,1
9420,10000000,14491247.0,1
9421,10000000,14488443.0,1
9422,10000000,14488984.0,1
9423,10000000,14487788.0,1
9424,10000000,14490350.0,1
9425,10000000,14487328.0,1
9426,10000000,14488615.0,1
9427,10000000,14487771.0,1
9428,10000000,14491049.0,1
9429,10000000,14486819.0,1
9430,10000000,14488075.0,1
9431,10000000,14487852.0,1
9432,10000000,14488114.0,1
9433,10000000,14487083.0,1
9434,10000000,14488371.0,1
9435,10000000,14488027.0,1
9436,10000000,14488305.0,1
9437,10000000,14486663.0,1
9438,10000000,14488173.0,1
9439,10000000,14487738.0,1
9440,10000000,14490462.0,1
9441,10000000,14487632.0,1
9442,10000000,14486328.0,1
9443,10000000,14486388.0,1
9444,10000000,14487397.0,1
9445,10000000,14487576.0,1
9446,10000000,14485295.0,1
9447,10000000,14486039.0,1
9448,10000000,14487106.0,1
9449,10000000,14487877.0,1
9450,10000000,14487423.0,1
9451,10000000,14487889.0,1
9452,10000000,14486882.0,1
9453,10000000,14490149.0,1
9454,10000000,14466939.0,1
9455,10000000,14468200.0,1
9456,10000000,14467243.0,1
9457,10000000,14470753.0,1
9458,10000000,14470686.0,1
9459,10000000,14467816.0,1
9460,10000000,14467652.0,1
9461,10000000,14467043.0,1
9462,10000000,14467775.0,1
9463,10000000,14467408.0,1
9464,10000000,14468380.0,1
9465,10000000,14467640.0,1
9466,10000000,14468586.0,1
9467,10000000,14467405.0,1
9468,10000000,14467898.0,1
9469,10000000,14492454.0,1
9470,10000000,14485709.0,1
9471,10000000,14485353.0,1
9472,10000000,14485267.0,1
9473,10000000,14492607.0,1
9474,10000000,14485228.0,1
9475,10000000,14493934.0,1
9476,10000000,14493025.0,1
9477,10000000,14494071.0,1
9478,10000000,14492302.0,1
9479,10000000,14485032.0,1
9480,10000000,14492729.0,1
9481,10000000,14493545.0,1
9482,10000000,14493056.0,1
9483,10000000,14493252.0,1
9484,10000000,14502483.0,1
9485,10000000,14503284.0,1
9486,10000000,14502981.0,1
9487,10000000,14502650.0,1
9488,10000000,14503547.0,1
9489,10000000,14502277.0,1
9490,10000000,14501935.0,1
9491,10000000,14502339.0,1
9492,10000000,14503460.0,1
9493,10000000,14501858.0,1
9494,10000000,14502610.0,1
9495,10000000,14500906.0,1
9496,10000000,14501582.0,1
9497,10000000,14503238.0,1
9498,10000000,14489192.0,1
9499,10000000,14488069.0,1
9500,10000000,14488499.0,1
9501,10000000,14485335.0,1
9502,10000000,14487263.0,1
9503,10000000,14487405.0,1
9504,10000000,14488427.0,1
9505,10000000,14488217.0,1
9506,10000000,14491388.0,1
9507,10000000,14487311.0,1
9508,10000000,14487711.0,1
9509,10000000,14488223.0,1
9510,10000000,14491616.0,1
9511,10000000,14492052.0,1
9512,10000000,14485437.0,1
9513,10000000,14491836.0,1
9514,10000000,14470197.0,1
9515,10000000,14469664.0,1
9516,10000000,14470060.0,1
9517,10000000,14469777.0,1
9518,10000000,14470170.0,1
9519,10000000,14469534.0,1
9520,10000000,14469839.0,1
9521,10000000,14469991.0,1
9522,10000000,14469031.0,1
9523,10000000,14470120.0,1
9524,10000000,14468644.0,1
9525,10000000,14469805.0,1
9526,10000000,14470118.0,1
9527,10000000,14469771.0,1
9528,10000000,14470584.0,1
9529,10000000,14501618.0,1
9530,10000000,14502656.0,1
9531,10000000,14502482.0,1
9532,10000000,14501137.0,1
9533,10000000,14501384.0,1
9534,10000000,14502030.0,1
9535,10000000,14502723.0,1
9536,10000000,14501165.0,1
9537,10000000,14500978.0,1
9538,10000000,14501486.0,1
9539,10000000,14501054.0,1
9540,10000000,14502611.0,1
9541,10000000,14488548.0,1
9542,10000000,14499489.0,1
9543,10000000,14502058.0,1
9544,10000000,14482558.0,1
9545,10000000,14486543.0,1
9546,10000000,14495837.0,1
9547,10000000,14496243.0,1
9548,10000000,14496252.0,1
9549,10000000,14496801.0,1
9550,10000000,14497110.0,1
9551,10000000,14495853.0,1
9552,10000000,14495787.0,1
9553,10000000,14496930.0,1
9554,10000000,14495938.0,1
9555,10000000,14486177.0,1
9556,10000000,14496589.0,1
9557,10000000,14496955.0,1
9558,10000000,14495563.0,1
9559,10000000,14499193.0,1
9560,10000000,14500470.0,1
9561,10000000,14497132.0,1
9562,10000000,14498163.0,1
9563,10000000,14499100.0,1
9564,10000000,14496858.0,1
9565,10000000,14499037.0,1
9566,10000000,14497689.0,1
9567,10000000,14499622.0,1
9568,10000000,14487049.0,1
9569,10000000,14499279.0,1
9570,10000000,14498670.0,1
9571,10000000,14499049.0,1
9572,10000000,14497954.0,1
9573,10000000,14500479.0,1
9574,10000000,14490883.0,1
9575,10000000,14487739.0,1
9576,10000000,14486049.0,1
9577,10000000,14490468.0,1
9578,10000000,14488213.0,1
9579,10000000,14488026.0,1
9580,10000000,14488041.0,1
9581,10000000,14486623.0,1
9582,10000000,14487970.0,1
9583,10000000,14487940.0,1
9584,10000000,14485978.0,1
9585,10000000,14487756.0,1
9586,10000000,14487850.0,1
9587,10000000,14485058.0,1
9588,10000000,14486575.0,1
9589,10000000,13584245.0,2
9590,10000000,13584131.0,2
9591,10000000,13583088.0,2
9592,10000000,13583693.0,2
9593,10000000,13575657.0,2
9594,10000000,13573904.0,2
9595,10000000,13584576.0,2
9596,10000000,13583029.0,2
9597,10000000,13583393.0,2
9598,10000000,13584719.0,2
9599,10000000,13584569.0,2
9600,10000000,13583936.0,2
9601,10000000,13584731.0,2
9602,10000000,13575708.0,2
9603,10000000,13584887.0,2
9604,10000000,13595151.0,2
9605,10000000,13593742.0,2
9606,10000000,13595046.0,2
9607,10000000,13594763.0,2
9608,10000000,13595257.0,2
9609,10000000,13594687.0,2
9610,10000000,13595237.0,2
9611,10000000,13594635.0,2
9612,10000000,13593433.0,2
9613,10000000,13595400.0,2
9614,10000000,13594188.0,2
9615,10000000,13595182.0,2
9616,10000000,13594585.0,2
9617,10000000,13594735.0,2
9618,10000000,13581499.0,2
9619,10000000,13586047.0,2
9620,10000000,13585520.0,2
9621,10000000,13585337.0,2
9622,10000000,13585162.0,2
9623,10000000,13577371.0,2
9624,10000000,13586411.0,2
9625,10000000,13586002.0,2
9626,10000000,13585747.0,2
9627,10000000,13576457.0,2
9628,10000000,13577052.0,2
9629,10000000,13585983.0,2
9630,10000000,13585026.0,2
9631,10000000,13576198.0,2
9632,10000000,13577121.0,2
9633,10000000,13585521.0,2
9634,10000000,13561095.0,2
9635,10000000,13564433.0,2
9636,10000000,13561471.0,2
9637,10000000,13560938.0,2
9638,10000000,13560905.0,2
9639,10000000,13560337.0,2
9640,10000000,13561197.0,2
9641,10000000,13560944.0,2
9642,10000000,13563847.0,2
9643,10000000,13560637.0,2
9644,10000000,13561567.0,2
9645,10000000,13560076.0,2
9646,10000000,13560704.0,2
9647,10000000,13560978.0,2
9648,10000000,13561720.0,2
9649,10000000,13560967.0,2
9650,10000000,13561130.0,2
9651,10000000,13560683.0,2
9652,10000000,13560627.0,2
9653,10000000,13561362.0,2
9654,10000000,13561180.0,2
9655,10000000,13563899.0,2
9656,10000000,13560572.0,2
9657,10000000,13561511.0,2
9658,10000000,13563994.0,2
9659,10000000,13561140.0,2
9660,10000000,13560807.0,2
9661,10000000,13560477.0,2
9662,10000000,13560691.0,2
9663,10000000,13561280.0,2
9664,10000000,13561768.0,2
9665,10000000,13561544.0,2
9666,10000000,13561612.0,2
9667,10000000,13561375.0,2
9668,10000000,13562181.0,2
9669,10000000,13560687.0,2
9670,10000000,13561392.0,2
9671,10000000,13562461.0,2
9672,10000000,13561302.0,2
9673,10000000,13561895.0,2
9674,10000000,13561458.0,2
9675,10000000,13561723.0,2
9676,10000000,13562031.0,2
9677,10000000,13561961.0,2
9678,10000000,13561604.0,2
9679,10000000,13585764.0,2
9680,10000000,13584577.0,2
9681,10000000,13584091.0,2
9682,10000000,13575454.0,2
9683,10000000,13585415.0,2
9684,10000000,13585615.0,2
9685,10000000,13574640.0,2
9686,10000000,13584806.0,2
9687,10000000,13584486.0,2
9688,10000000,13575814.0,2
9689,10000000,13584547.0,2
9690,10000000,13583848.0,2
9691,10000000,13585001.0,2
9692,10000000,13585137.0,2
9693,10000000,13584543.0,2
9694,10000000,13584575.0,2
9695,10000000,13576213.0,2
9696,10000000,13585394.0,2
9697,10000000,13586328.0,2
9698,10000000,13585746.0,2
9699,10000000,13586258.0,2
9700,10000000,13577194.0,2
9701,10000000,13587202.0,2
9702,10000000,13576465.0,2
9703,10000000,13586126.0,2
9704,10000000,13577782.0,2
9705,10000000,13577294.0,2
9706,10000000,13586261.0,2
9707,10000000,13586297.0,2
9708,10000000,13586482.0,2
9709,10000000,13582355.0,2
9710,10000000,13578834.0,2
9711,10000000,13582284.0,2
9712,10000000,13578666.0,2
9713,10000000,13579195.0,2
9714,10000000,13576761.0,2
9715,10000000,13579057.0,2
9716,10000000,13579007.0,2
9717,10000000,13577595.0,2
9718,10000000,13578965.0,2
9719,10000000,13579158.0,2
9720,10000000,13579470.0,2
9721,10000000,13578321.0,2
9722,10000000,13579220.0,2
9723,10000000,13579224.0,2
9724,10000000,13581531.0,2
9725,10000000,13578694.0,2
9726,10000000,13576733.0,2
9727,10000000,13577647.0,2
9728,10000000,13575649.0,2
9729,10000000,13577922.0,2
9730,10000000,13578099.0,2
9731,10000000,13578444.0,2
9732,10000000,13578637.0,2
9733,10000000,13581207.0,2
9734,10000000,13578427.0,2
9735,10000000,13578704.0,2
9736,10000000,13578864.0,2
9737,10000000,13578326.0,2
9738,10000000,13578265.0,2
9739,10000000,13581394.0,2
9740,10000000,13581817.0,2
9741,10000000,13576953.0,2
9742,10000000,13581449.0,2
9743,10000000,13581212.0,2
9744,10000000,13577644.0,2
9745,10000000,13577769.0,2
9746,10000000,13577087.0,2
9747,10000000,13576748.0,2
9748,10000000,13575820.0,2
9749,10000000,13577973.0,2
9750,10000000,13576294.0,2
9751,10000000,13576504.0,2
9752,10000000,13577758.0,2
9753,10000000,13577855.0,2
9754,10000000,13556450.0,2
9755,10000000,13559101.0,2
9756,10000000,13558677.0,2
9757,10000000,13558988.0,2
9758,10000000,13559015.0,2
9759,10000000,13558856.0,2
9760,10000000,13558809.0,2
9761,10000000,13559341.0,2
9762,10000000,13558728.0,2
9763,10000000,13557657.0,2
9764,10000000,13559119.0,2
9765,10000000,13559281.0,2
9766,10000000,13559222.0,2
9767,10000000,13558257.0,2
9768,10000000,13558952.0,2
9769,10000000,13584802.0,2
9770,10000000,13576824.0,2
9771,10000000,13585616.0,2
9772,10000000,13585556.0,2
9773,10000000,13585597.0,2
9774,10000000,13586420.0,2
9775,10000000,13576542.0,2
9776,10000000,13585636.0,2
9777,10000000,13576688.0,2
9778,10000000,13585729.0,2
9779,10000000,13576541.0,2
9780,10000000,13585277.0,2
9781,10000000,13576635.0,2
9782,10000000,13585643.0,2
9783,10000000,13586537.0,2
9784,10000000,13582743.0,2
9785,10000000,13580534.0,2
9786,10000000,13581503.0,2
9787,10000000,13587440.0,2
9788,10000000,13582001.0,2
9789,10000000,13589702.0,2
9790,10000000,13586262.0,2
9791,10000000,13577338.0,2
9792,10000000,13588250.0,2
9793,10000000,13581021.0,2
9794,10000000,13586495.0,2
9795,10000000,13587091.0,2
9796,10000000,13589069.0,2
9797,10000000,13580992.0,2
9798,10000000,13577382.0,2
9799,10000000,13581557.0,2
9800,10000000,13581954.0,2
9801,10000000,13578968.0,2
9802,10000000,13579004.0,2
9803,10000000,13578911.0,2
9804,10000000,13578761.0,2
9805,10000000,13578051.0,2
9806,10000000,13575482.0,2
9807,10000000,13578687.0,2
9808,10000000,13578518.0,2
9809,10000000,13578963.0,2
9810,10000000,13577278.0,2
9811,10000000,13577814.0,2
9812,10000000,13578266.0,2
9813,10000000,13578942.0,2
9814,10000000,13561122.0,2
9815,10000000,13561203.0,2
9816,10000000,13561063.0,2
9817,10000000,13560660.0,2
9818,10000000,13560916.0,2
9819,10000000,13560512.0,2
9820,10000000,13560668.0,2
9821,10000000,13560198.0,2
9822,10000000,13560904.0,2
9823,10000000,13561712.0,2
9824,10000000,13560973.0,2
9825,10000000,13560943.0,2
9826,10000000,13561144.0,2
9827,10000000,13560698.0,2
9828,10000000,13561260.0,2
9829,10000000,13587587.0,2
9830,10000000,13591522.0,2
9831,10000000,13590023.0,2
9832,10000000,13591036.0,2
9833,10000000,13591962.0,2
9834,10000000,13577563.0,2
9835,10000000,13591273.0,2
9836,10000000,13591349.0,2
9837,10000000,13590519.0,2
9838,10000000,13591770.0,2
9839,10000000,13590064.0,2
9840,10000000,13590341.0,2
9841,10000000,13590694.0,2
9842,10000000,13590699.0,2
9843,10000000,13590891.0,2
9844,10000000,13590347.0,2
9845,10000000,13589640.0,2
9846,10000000,13590035.0,2
9847,10000000,13589056.0,2
9848,10000000,13589957.0,2
9849,10000000,13591456.0,2
9850,10000000,13590593.0,2
9851,10000000,13589428.0,2
9852,10000000,13590427.0,2
9853,10000000,13578634.0,2
9854,10000000,13591143.0,2
9855,10000000,13589948.0,2
9856,10000000,13591164.0,2
9857,10000000,13590736.0,2
9858,10000000,13588256.0,2
9859,10000000,13591210.0,2
9860,10000000,13593530.0,2
9861,10000000,13578596.0,2
9862,10000000,13591732.0,2
9863,10000000,13591488.0,2
9864,10000000,13590876.0,2
9865,10000000,13591167.0,2
9866,10000000,13592529.0,2
9867,10000000,13591188.0,2
9868,10000000,13592121.0,2
9869,10000000,13591547.0,2
9870,10000000,13590714.0,2
9871,10000000,13591733.0,2
9872,10000000,13591133.0,2
9873,10000000,13592927.0,2
9874,10000000,13581835.0,2
9875,10000000,13580974.0,2
9876,10000000,13577564.0,2
9877,10000000,13578147.0,2
9878,10000000,13578099.0,2
9879,10000000,13576484.0,2
9880,10000000,13581576.0,2
9881,10000000,13577862.0,2
9882,10000000,13577817.0,2
9883,10000000,13577820.0,2
9884,10000000,13576847.0,2
9885,10000000,13578190.0,2
9886,10000000,13581676.0,2
9887,10000000,13578143.0,2
9888,10000000,13578039.0,2
9889,10000000,13829362.0,3
9890,10000000,13829222.0,3
9891,10000000,13829252.0,3
9892,10000000,13829250.0,3
9893,10000000,13820348.0,3
9894,10000000,13828455.0,3
9895,10000000,13828915.0,3
9896,10000000,13820167.0,3
9897,10000000,13828175.0,3
9898,10000000,13821640.0,3
9899,10000000,13828882.0,3
9900,10000000,13821175.0,3
9901,10000000,13820141.0,3
9902,10000000,13829571.0,3
9903,10000000,13829051.0,3
9904,10000000,13835636.0,3
9905,10000000,13836420.0,3
9906,10000000,13835660.0,3
9907,10000000,13837001.0,3
9908,10000000,13835485.0,3
9909,10000000,13834705.0,3
9910,10000000,13834762.0,3
9911,10000000,13837029.0,3
9912,10000000,13834154.0,3
9913,10000000,13836311.0,3
9914,10000000,13836067.0,3
9915,10000000,13834744.0,3
9916,10000000,13835381.0,3
9917,10000000,13816021.0,3
9918,10000000,13836216.0,3
9919,10000000,13828333.0,3
9920,10000000,13819675.0,3
9921,10000000,13820937.0,3
9922,10000000,13827224.0,3
9923,10000000,13821543.0,3
9924,10000000,13828716.0,3
9925,10000000,13829528.0,3
9926,10000000,13829508.0,3
9927,10000000,13820753.0,3
9928,10000000,13828337.0,3
9929,10000000,13827546.0,3
9930,10000000,13828946.0,3
9931,10000000,13820652.0,3
9932,10000000,13828186.0,3
9933,10000000,13828704.0,3
9934,10000000,13805163.0,3
9935,10000000,13808510.0,3
9936,10000000,13805744.0,3
9937,10000000,13805366.0,3
9938,10000000,13809167.0,3
9939,10000000,13805211.0,3
9940,10000000,13805504.0,3
9941,10000000,13806062.0,3
9942,10000000,13805623.0,3
9943,10000000,13804794.0,3
9944,10000000,13805605.0,3
9945,10000000,13809353.0,3
9946,10000000,13805243.0,3
9947,10000000,13808948.0,3
9948,10000000,13804940.0,3
9949,10000000,13805507.0,3
9950,10000000,13806134.0,3
9951,10000000,13805987.0,3
9952,10000000,13805753.0,3
9953,10000000,13805806.0,3
9954,10000000,13808730.0,3
9955,10000000,13805808.0,3
9956,10000000,13806131.0,3
9957,10000000,13806131.0,3
9958,10000000,13805531.0,3
9959,10000000,13805305.0,3
9960,10000000,13805961.0,3
9961,10000000,13805657.0,3
9962,10000000,13808443.0,3
9963,10000000,13805667.0,3
9964,10000000,13809631.0,3
9965,10000000,13805570.0,3
9966,10000000,13806362.0,3
9967,10000000,13806245.0,3
9968,10000000,13806737.0,3
9969,10000000,13806032.0,3
9970,10000000,13806203.0,3
9971,10000000,13806959.0,3
9972,10000000,13806011.0,3
9973,10000000,13809836.0,3
9974,10000000,13805140.0,3
9975,10000000,13809492.0,3
9976,10000000,13809328.0,3
9977,10000000,13806590.0,3
9978,10000000,13806062.0,3
9979,10000000,13829431.0,3
9980,10000000,13828459.0,3
9981,10000000,13829303.0,3
9982,10000000,13820884.0,3
9983,10000000,13830200.0,3
9984,10000000,13829880.0,3
9985,10000000,13820608.0,3
9986,10000000,13828906.0,3
9987,10000000,13828357.0,3
9988,10000000,13821262.0,3
9989,10000000,13820893.0,3
9990,10000000,13828940.0,3
9991,10000000,13829566.0,3
9992,10000000,13820524.0,3
9993,10000000,13828246.0,3
9994,10000000,13820561.0,3
9995,10000000,13829902.0,3
9996,10000000,13829659.0,3
9997,10000000,13820738.0,3
9998,10000000,13829459.0,3
9999,10000000,13820805.0,3
10000,10000000,13829582.0,3
10001,10000000,13829834.0,3
10002,10000000,13828639.0,3
10003,10000000,13822142.0,3
10004,10000000,13829268.0,3
10005,10000000,13820326.0,3
10006,10000000,13829869.0,3
10007,10000000,13829582.0,3
10008,10000000,13829593.0,3
10009,10000000,13823791.0,3
10010,10000000,13823959.0,3
10011,10000000,13824925.0,3
10012,10000000,13824504.0,3
10013,10000000,13824443.0,3
10014,10000000,13824438.0,3
10015,10000000,13824812.0,3
10016,10000000,13825109.0,3
10017,10000000,13823352.0,3
10018,10000000,13822570.0,3
10019,10000000,13824963.0,3
10020,10000000,13824266.0,3
10021,10000000,13822478.0,3
10022,10000000,13827781.0,3
10023,10000000,13827415.0,3
10024,10000000,13822453.0,3
10025,10000000,13822934.0,3
10026,10000000,13822818.0,3
10027,10000000,13822788.0,3
10028,10000000,13826293.0,3
10029,10000000,13821918.0,3
10030,10000000,13822854.0,3
10031,10000000,13822686.0,3
10032,10000000,13823347.0,3
10033,10000000,13823108.0,3
10034,10000000,13826484.0,3
10035,10000000,13821609.0,3
10036,10000000,13822004.0,3
10037,10000000,13822268.0,3
10038,10000000,13821954.0,3
10039,10000000,13826687.0,3
10040,10000000,13826147.0,3
10041,10000000,13826515.0,3
10042,10000000,13822248.0,3
10043,10000000,13826706.0,3
10044,10000000,13821960.0,3
10045,10000000,13826138.0,3
10046,10000000,13821794.0,3
10047,10000000,13820417.0,3
10048,10000000,13826034.0,3
10049,10000000,13821907.0,3
10050,10000000,13821581.0,3
10051,10000000,13822125.0,3
10052,10000000,13822142.0,3
10053,10000000,13821009.0,3
10054,10000000,13804282.0,3
10055,10000000,13803411.0,3
10056,10000000,13805217.0,3
10057,10000000,13804063.0,3
10058,10000000,13804884.0,3
10059,10000000,13805369.0,3
10060,10000000,13804069.0,3
10061,10000000,13804803.0,3
10062,10000000,13804713.0,3
10063,10000000,13804953.0,3
10064,10000000,13804022.0,3
10065,10000000,13805138.0,3
10066,10000000,13805210.0,3
10067,10000000,13805044.0,3
10068,10000000,13804610.0,3
10069,10000000,13820582.0,3
10070,10000000,13828481.0,3
10071,10000000,13828556.0,3
10072,10000000,13821394.0,3
10073,10000000,13828438.0,3
10074,10000000,13820818.0,3
10075,10000000,13829559.0,3
10076,10000000,13828972.0,3
10077,10000000,13821688.0,3
10078,10000000,13820132.0,3
10079,10000000,13829663.0,3
10080,10000000,13828245.0,3
10081,10000000,13827918.0,3
10082,10000000,13828903.0,3
10083,10000000,13827589.0,3
10084,10000000,13835010.0,3
10085,10000000,13833487.0,3
10086,10000000,13834565.0,3
10087,10000000,13832959.0,3
10088,10000000,13826619.0,3
10089,10000000,13823425.0,3
10090,10000000,13832746.0,3
10091,10000000,13834350.0,3
10092,10000000,13833974.0,3
10093,10000000,13834050.0,3
10094,10000000,13824197.0,3
10095,10000000,13834268.0,3
10096,10000000,13833721.0,3
10097,10000000,13834448.0,3
10098,10000000,13832303.0,3
10099,10000000,13823637.0,3
10100,10000000,13823818.0,3
10101,10000000,13824688.0,3
10102,10000000,13822817.0,3
10103,10000000,13827078.0,3
10104,10000000,13822284.0,3
10105,10000000,13827549.0,3
10106,10000000,13823943.0,3
10107,10000000,13824064.0,3
10108,10000000,13824840.0,3
10109,10000000,13823643.0,3
10110,10000000,13823162.0,3
10111,10000000,13824432.0,3
10112,10000000,13824503.0,3
10113,10000000,13824732.0,3
10114,10000000,13808064.0,3
10115,10000000,13803897.0,3
10116,10000000,13804330.0,3
10117,10000000,13804245.0,3
10118,10000000,13803800.0,3
10119,10000000,13807820.0,3
10120,10000000,13804930.0,3
10121,10000000,13804392.0,3
10122,10000000,13803768.0,3
10123,10000000,13806697.0,3
10124,10000000,13803661.0,3
10125,10000000,13804602.0,3
10126,10000000,13807675.0,3
10127,10000000,13804379.0,3
10128,10000000,13803903.0,3
10129,10000000,13835645.0,3
10130,10000000,13834820.0,3
10131,10000000,13836078.0,3
10132,10000000,13836279.0,3
10133,10000000,13837668.0,3
10134,10000000,13823588.0,3
10135,10000000,13835179.0,3
10136,10000000,13835359.0,3
10137,10000000,13837240.0,3
10138,10000000,13836243.0,3
10139,10000000,13835774.0,3
10140,10000000,13837343.0,3
10141,10000000,13835945.0,3
10142,10000000,13837109.0,3
10143,10000000,13835931.0,3
10144,10000000,13825017.0,3
10145,10000000,13837546.0,3
10146,10000000,13838410.0,3
10147,10000000,13837323.0,3
10148,10000000,13838563.0,3
10149,10000000,13838451.0,3
10150,10000000,13839091.0,3
10151,10000000,13837707.0,3
10152,10000000,13839581.0,3
10153,10000000,13838886.0,3
10154,10000000,13838531.0,3
10155,10000000,13838435.0,3
10156,10000000,13838492.0,3
10157,10000000,13838360.0,3
10158,10000000,13839760.0,3
10159,10000000,13837748.0,3
10160,10000000,13835238.0,3
10161,10000000,13838294.0,3
10162,10000000,13837829.0,3
10163,10000000,13837552.0,3
10164,10000000,13835676.0,3
10165,10000000,13837007.0,3
10166,10000000,13836566.0,3
10167,10000000,13838367.0,3
10168,10000000,13836616.0,3
10169,10000000,13837724.0,3
10170,10000000,13825147.0,3
10171,10000000,13838444.0,3
10172,10000000,13837298.0,3
10173,10000000,13838414.0,3
10174,10000000,13824395.0,3
10175,10000000,13823554.0,3
10176,10000000,13824124.0,3
10177,10000000,13824387.0,3
10178,10000000,13824534.0,3
10179,10000000,13821766.0,3
10180,10000000,13823959.0,3
10181,10000000,13824258.0,3
10182,10000000,13823846.0,3
10183,10000000,13822857.0,3
10184,10000000,13824253.0,3
10185,10000000,13823981.0,3
10186,10000000,13822603.0,3
10187,10000000,13824014.0,3
10188,10000000,13822515.0,3
10189,10000000,20565779.0,4
10190,10000000,20573823.0,4
10191,10000000,20574750.0,4
10192,10000000,20574739.0,4
10193,10000000,20573618.0,4
10194,10000000,20574831.0,4
10195,10000000,20574637.0,4
10196,10000000,20573381.0,4
10197,10000000,20565783.0,4
10198,10000000,20566640.0,4
10199,10000000,20573477.0,4
10200,10000000,20565736.0,4
10201,10000000,20566122.0,4
10202,10000000,20573684.0,4
10203,10000000,20574951.0,4
10204,10000000,20580592.0,4
10205,10000000,20580869.0,4
10206,10000000,20580925.0,4
10207,10000000,20578069.0,4
10208,10000000,20580380.0,4
10209,10000000,20582594.0,4
10210,10000000,20581211.0,4
10211,10000000,20568181.0,4
10212,10000000,20578916.0,4
10213,10000000,20581551.0,4
10214,10000000,20580485.0,4
10215,10000000,20581516.0,4
10216,10000000,20580941.0,4
10217,10000000,20581336.0,4
10218,10000000,20580616.0,4
10219,10000000,20567135.0,4
10220,10000000,20575269.0,4
10221,10000000,20575132.0,4
10222,10000000,20576038.0,4
10223,10000000,20575205.0,4
10224,10000000,20574921.0,4
10225,10000000,20576252.0,4
10226,10000000,20575524.0,4
10227,10000000,20574819.0,4
10228,10000000,20567162.0,4
10229,10000000,20567344.0,4
10230,10000000,20566390.0,4
10231,10000000,20573711.0,4
10232,10000000,20566249.0,4
10233,10000000,20574704.0,4
10234,10000000,20552148.0,4
10235,10000000,20551687.0,4
10236,10000000,20551738.0,4
10237,10000000,20551069.0,4
10238,10000000,20551680.0,4
10239,10000000,20551205.0,4
10240,10000000,20551859.0,4
10241,10000000,20551398.0,4
10242,10000000,20551392.0,4
10243,10000000,20551097.0,4
10244,10000000,20551561.0,4
10245,10000000,20551474.0,4
10246,10000000,20551862.0,4
10247,10000000,20551687.0,4
10248,10000000,20551645.0,4
10249,10000000,20551509.0,4
10250,10000000,20551365.0,4
10251,10000000,20550497.0,4
10252,10000000,20551129.0,4
10253,10000000,20551290.0,4
10254,10000000,20551058.0,4
10255,10000000,20549221.0,4
10256,10000000,20550966.0,4
10257,10000000,20551258.0,4
10258,10000000,20551900.0,4
10259,10000000,20550972.0,4
10260,10000000,20550974.0,4
10261,10000000,20551660.0,4
10262,10000000,20551329.0,4
10263,10000000,20550978.0,4
10264,10000000,20551350.0,4
10265,10000000,20551568.0,4
10266,10000000,20551970.0,4
10267,10000000,20552075.0,4
10268,10000000,20551769.0,4
10269,10000000,20551451.0,4
10270,10000000,20552012.0,4
10271,10000000,20552326.0,4
10272,10000000,20551508.0,4
10273,10000000,20551206.0,4
10274,10000000,20551625.0,4
10275,10000000,20551123.0,4
10276,10000000,20550736.0,4
10277,10000000,20551399.0,4
10278,10000000,20551306.0,4
10279,10000000,20574735.0,4
10280,10000000,20575381.0,4
10281,10000000,20565826.0,4
10282,10000000,20566253.0,4
10283,10000000,20575649.0,4
10284,10000000,20565880.0,4
10285,10000000,20574398.0,4
10286,10000000,20565386.0,4
10287,10000000,20573822.0,4
10288,10000000,20575180.0,4
10289,10000000,20574923.0,4
10290,10000000,20565765.0,4
10291,10000000,20574866.0,4
10292,10000000,20574353.0,4
10293,10000000,20575161.0,4
10294,10000000,20575227.0,4
10295,10000000,20574124.0,4
10296,10000000,20567747.0,4
10297,10000000,20572504.0,4
10298,10000000,20574647.0,4
10299,10000000,20576118.0,4
10300,10000000,20566791.0,4
10301,10000000,20574662.0,4
10302,10000000,20575753.0,4
10303,10000000,20575666.0,4
10304,10000000,20566796.0,4
10305,10000000,20567264.0,4
10306,10000000,20575113.0,4
10307,10000000,20566441.0,4
10308,10000000,20575609.0,4
10309,10000000,20568700.0,4
10310,10000000,20569016.0,4
10311,10000000,20568909.0,4
10312,10000000,20569195.0,4
10313,10000000,20569899.0,4
10314,10000000,20569631.0,4
10315,10000000,20569563.0,4
10316,10000000,20568894.0,4
10317,10000000,20570019.0,4
10318,10000000,20569970.0,4
10319,10000000,20569662.0,4
10320,10000000,20569985.0,4
10321,10000000,20567895.0,4
10322,10000000,20567152.0,4
10323,10000000,20569556.0,4
10324,10000000,20568376.0,4
10325,10000000,20568573.0,4
10326,10000000,20568368.0,4
10327,10000000,20568510.0,4
10328,10000000,20568358.0,4
10329,10000000,20568423.0,4
10330,10000000,20566303.0,4
10331,10000000,20568368.0,4
10332,10000000,20568877.0,4
10333,10000000,20568107.0,4
10334,10000000,20568584.0,4
10335,10000000,20568098.0,4
10336,10000000,20568119.0,4
10337,10000000,20568265.0,4
10338,10000000,20566377.0,4
10339,10000000,20568316.0,4
10340,10000000,20568152.0,4
10341,10000000,20571020.0,4
10342,10000000,20568702.0,4
10343,10000000,20568581.0,4
10344,10000000,20568258.0,4
10345,10000000,20567857.0,4
10346,10000000,20567456.0,4
10347,10000000,20571493.0,4
10348,10000000,20566684.0,4
10349,10000000,20568749.0,4
10350,10000000,20565308.0,4
10351,10000000,20567078.0,4
10352,10000000,20568916.0,4
10353,10000000,20568918.0,4
10354,10000000,20550409.0,4
10355,10000000,20546770.0,4
10356,10000000,20547205.0,4
10357,10000000,20546474.0,4
10358,10000000,20547554.0,4
10359,10000000,20547212.0,4
10360,10000000,20551309.0,4
10361,10000000,20551251.0,4
10362,10000000,20547159.0,4
10363,10000000,20546596.0,4
10364,10000000,20551025.0,4
10365,10000000,20550742.0,4
10366,10000000,20546279.0,4
10367,10000000,20550618.0,4
10368,10000000,20547000.0,4
10369,10000000,20565674.0,4
10370,10000000,20566651.0,4
10371,10000000,20574827.0,4
10372,10000000,20575436.0,4
10373,10000000,20575490.0,4
10374,10000000,20576212.0,4
10375,10000000,20572890.0,4
10376,10000000,20567364.0,4
10377,10000000,20566900.0,4
10378,10000000,20574492.0,4
10379,10000000,20575584.0,4
10380,10000000,20574840.0,4
10381,10000000,20575498.0,4
10382,10000000,20566626.0,4
10383,10000000,20575422.0,4
10384,10000000,20581399.0,4
10385,10000000,20582230.0,4
10386,10000000,20580626.0,4
10387,10000000,20582422.0,4
10388,10000000,20582902.0,4
10389,10000000,20582674.0,4
10390,10000000,20581504.0,4
10391,10000000,20582601.0,4
10392,10000000,20568696.0,4
10393,10000000,20581952.0,4
10394,10000000,20581618.0,4
10395,10000000,20579624.0,4
10396,10000000,20582005.0,4
10397,10000000,20581572.0,4
10398,10000000,20580979.0,4
10399,10000000,20568952.0,4
10400,10000000,20566385.0,4
10401,10000000,20569210.0,4
10402,10000000,20568871.0,4
10403,10000000,20568605.0,4
10404,10000000,20568704.0,4
10405,10000000,20569735.0,4
10406,10000000,20569162.0,4
10407,10000000,20567543.0,4
10408,10000000,20569243.0,4
10409,10000000,20569170.0,4
10410,10000000,20568209.0,4
10411,10000000,20568944.0,4
10412,10000000,20567574.0,4
10413,10000000,20568258.0,4
10414,10000000,20549660.0,4
10415,10000000,20549955.0,4
10416,10000000,20549160.0,4
10417,10000000,20548706.0,4
10418,10000000,20549776.0,4
10419,10000000,20549421.0,4
10420,10000000,20550363.0,4
10421,10000000,20549024.0,4
10422,10000000,20549437.0,4
10423,10000000,20549161.0,4
10424,10000000,20549365.0,4
10425,10000000,20549665.0,4
10426,10000000,20548914.0,4
10427,10000000,20549818.0,4
10428,10000000,20549572.0,4
10429,10000000,20579523.0,4
10430,10000000,20580444.0,4
10431,10000000,20580145.0,4
10432,10000000,20579967.0,4
10433,10000000,20580485.0,4
10434,10000000,20578537.0,4
10435,10000000,20578138.0,4
10436,10000000,20579099.0,4
10437,10000000,20578949.0,4
10438,10000000,20567976.0,4
10439,10000000,20579347.0,4
10440,10000000,20580623.0,4
10441,10000000,20577983.0,4
10442,10000000,20578861.0,4
10443,10000000,20577751.0,4
10444,10000000,20578464.0,4
10445,10000000,20578105.0,4
10446,10000000,20569209.0,4
10447,10000000,20577934.0,4
10448,10000000,20579349.0,4
10449,10000000,20567817.0,4
10450,10000000,20578187.0,4
10451,10000000,20578187.0,4
10452,10000000,20565479.0,4
10453,10000000,20578625.0,4
10454,10000000,20578453.0,4
10455,10000000,20577736.0,4
10456,10000000,20578111.0,4
10457,10000000,20579138.0,4
10458,10000000,20578736.0,4
10459,10000000,20581973.0,4
10460,10000000,20581174.0,4
10461,10000000,20576831.0,4
10462,10000000,20581887.0,4
10463,10000000,20582719.0,4
10464,10000000,20568503.0,4
10465,10000000,20581578.0,4
10466,10000000,20582308.0,4
10467,10000000,20581132.0,4
10468,10000000,20579122.0,4
10469,10000000,20581369.0,4
10470,10000000,20581695.0,4
10471,10000000,20580140.0,4
10472,10000000,20582603.0,4
10473,10000000,20581336.0,4
10474,10000000,20567767.0,4
10475,10000000,20565960.0,4
10476,10000000,20568107.0,4
10477,10000000,20567930.0,4
10478,10000000,20567288.0,4
10479,10000000,20566780.0,4
10480,10000000,20568132.0,4
10481,10000000,20568030.0,4
10482,10000000,20571763.0,4
10483,10000000,20571264.0,4
10484,10000000,20567425.0,4
10485,10000000,20571733.0,4
10486,10000000,20571609.0,4
10487,10000000,20568138.0,4
10488,10000000,20567405.0,4
10489,10000000,13187512.0,5
10490,10000000,13189551.0,5
10491,10000000,13187847.0,5
10492,10000000,13187053.0,5
10493,10000000,13185967.0,5
10494,10000000,13188490.0,5
10495,10000000,13180208.0,5
10496,10000000,13187099.0,5
10497,10000000,13180335.0,5
10498,10000000,13188104.0,5
10499,10000000,13188033.0,5
10500,10000000,13179632.0,5
10501,10000000,13178880.0,5
10502,10000000,13188039.0,5
10503,10000000,13179305.0,5
10504,10000000,13196363.0,5
10505,10000000,13195519.0,5
10506,10000000,13195988.0,5
10507,10000000,13196689.0,5
10508,10000000,13196286.0,5
10509,10000000,13196167.0,5
10510,10000000,13196475.0,5
10511,10000000,13196090.0,5
10512,10000000,13183492.0,5
10513,10000000,13197095.0,5
10514,10000000,13197411.0,5
10515,10000000,13195338.0,5
10516,10000000,13196321.0,5
10517,10000000,13197379.0,5
10518,10000000,13194972.0,5
10519,10000000,13184604.0,5
10520,10000000,13186600.0,5
10521,10000000,13177254.0,5
10522,10000000,13185348.0,5
10523,10000000,13186847.0,5
10524,10000000,13185118.0,5
10525,10000000,13186489.0,5
10526,10000000,13186160.0,5
10527,10000000,13186567.0,5
10528,10000000,13186513.0,5
10529,10000000,13185022.0,5
10530,10000000,13185758.0,5
10531,10000000,13176574.0,5
10532,10000000,13185923.0,5
10533,10000000,13176936.0,5
10534,10000000,13164069.0,5
10535,10000000,13163987.0,5
10536,10000000,13163410.0,5
10537,10000000,13163144.0,5
10538,10000000,13163916.0,5
10539,10000000,13162727.0,5
10540,10000000,13163497.0,5
10541,10000000,13163438.0,5
10542,10000000,13163084.0,5
10543,10000000,13163169.0,5
10544,10000000,13163135.0,5
10545,10000000,13163428.0,5
10546,10000000,13163143.0,5
10547,10000000,13163223.0,5
10548,10000000,13163630.0,5
10549,10000000,13164733.0,5
10550,10000000,13163681.0,5
10551,10000000,13164402.0,5
10552,10000000,13163727.0,5
10553,10000000,13163956.0,5
10554,10000000,13164563.0,5
10555,10000000,13163743.0,5
10556,10000000,13163443.0,5
10557,10000000,13163312.0,5
10558,10000000,13164140.0,5
10559,10000000,13164813.0,5
10560,10000000,13164561.0,5
10561,10000000,13163299.0,5
10562,10000000,13164261.0,5
10563,10000000,13164182.0,5
10564,10000000,13162014.0,5
10565,10000000,13162065.0,5
10566,10000000,13161777.0,5
10567,10000000,13165366.0,5
10568,10000000,13162298.0,5
10569,10000000,13161743.0,5
10570,10000000,13165331.0,5
10571,10000000,13162153.0,5
10572,10000000,13164878.0,5
10573,10000000,13165711.0,5
10574,10000000,13161806.0,5
10575,10000000,13161642.0,5
10576,10000000,13161837.0,5
10577,10000000,13162237.0,5
10578,10000000,13162291.0,5
10579,10000000,13186990.0,5
10580,10000000,13187205.0,5
10581,10000000,13179157.0,5
10582,10000000,13188405.0,5
10583,10000000,13187470.0,5
10584,10000000,13188192.0,5
10585,10000000,13187522.0,5
10586,10000000,13187228.0,5
10587,10000000,13187497.0,5
10588,10000000,13178800.0,5
10589,10000000,13178764.0,5
10590,10000000,13187691.0,5
10591,10000000,13188249.0,5
10592,10000000,13179047.0,5
10593,10000000,13179694.0,5
10594,10000000,13189382.0,5
10595,10000000,13188924.0,5
10596,10000000,13179071.0,5
10597,10000000,13189762.0,5
10598,10000000,13188600.0,5
10599,10000000,13189723.0,5
10600,10000000,13189264.0,5
10601,10000000,13190052.0,5
10602,10000000,13190003.0,5
10603,10000000,13187137.0,5
10604,10000000,13190256.0,5
10605,10000000,13179263.0,5
10606,10000000,13181010.0,5
10607,10000000,13185621.0,5
10608,10000000,13190234.0,5
10609,10000000,13179446.0,5
10610,10000000,13180442.0,5
10611,10000000,13181164.0,5
10612,10000000,13180962.0,5
10613,10000000,13179682.0,5
10614,10000000,13184163.0,5
10615,10000000,13179310.0,5
10616,10000000,13180115.0,5
10617,10000000,13183965.0,5
10618,10000000,13180373.0,5
10619,10000000,13180753.0,5
10620,10000000,13180702.0,5
10621,10000000,13180014.0,5
10622,10000000,13180613.0,5
10623,10000000,13180821.0,5
10624,10000000,13178429.0,5
10625,10000000,13178031.0,5
10626,10000000,13177942.0,5
10627,10000000,13178056.0,5
10628,10000000,13176416.0,5
10629,10000000,13181698.0,5
10630,10000000,13181861.0,5
10631,10000000,13182249.0,5
10632,10000000,13182615.0,5
10633,10000000,13177754.0,5
10634,10000000,13177683.0,5
10635,10000000,13182661.0,5
10636,10000000,13177982.0,5
10637,10000000,13177886.0,5
10638,10000000,13182359.0,5
10639,10000000,13183589.0,5
10640,10000000,13179477.0,5
10641,10000000,13179182.0,5
10642,10000000,13179890.0,5
10643,10000000,13179988.0,5
10644,10000000,13179061.0,5
10645,10000000,13180356.0,5
10646,10000000,13179663.0,5
10647,10000000,13178263.0,5
10648,10000000,13180167.0,5
10649,10000000,13180097.0,5
10650,10000000,13179206.0,5
10651,10000000,13179313.0,5
10652,10000000,13179980.0,5
10653,10000000,13183564.0,5
10654,10000000,13161495.0,5
10655,10000000,13160468.0,5
10656,10000000,13160770.0,5
10657,10000000,13160717.0,5
10658,10000000,13160903.0,5
10659,10000000,13160623.0,5
10660,10000000,13161063.0,5
10661,10000000,13161117.0,5
10662,10000000,13161668.0,5
10663,10000000,13161522.0,5
10664,10000000,13161230.0,5
10665,10000000,13161261.0,5
10666,10000000,13161485.0,5
10667,10000000,13160910.0,5
10668,10000000,13161439.0,5
10669,10000000,13186687.0,5
10670,10000000,13186600.0,5
10671,10000000,13185902.0,5
10672,10000000,13186580.0,5
10673,10000000,13176645.0,5
10674,10000000,13176855.0,5
10675,10000000,13178276.0,5
10676,10000000,13186769.0,5
10677,10000000,13186678.0,5
10678,10000000,13186469.0,5
10679,10000000,13186816.0,5
10680,10000000,13186610.0,5
10681,10000000,13186622.0,5
10682,10000000,13185976.0,5
10683,10000000,13187484.0,5
10684,10000000,13195950.0,5
10685,10000000,13194393.0,5
10686,10000000,13195500.0,5
10687,10000000,13196166.0,5
10688,10000000,13195172.0,5
10689,10000000,13195081.0,5
10690,10000000,13195824.0,5
10691,10000000,13193569.0,5
10692,10000000,13194015.0,5
10693,10000000,13194798.0,5
10694,10000000,13194156.0,5
10695,10000000,13189833.0,5
10696,10000000,13182314.0,5
10697,10000000,13194070.0,5
10698,10000000,13194801.0,5
10699,10000000,13184002.0,5
10700,10000000,13180622.0,5
10701,10000000,13181017.0,5
10702,10000000,13180481.0,5
10703,10000000,13184421.0,5
10704,10000000,13179070.0,5
10705,10000000,13184427.0,5
10706,10000000,13180536.0,5
10707,10000000,13180548.0,5
10708,10000000,13180558.0,5
10709,10000000,13180543.0,5
10710,10000000,13180220.0,5
10711,10000000,13180151.0,5
10712,10000000,13180373.0,5
10713,10000000,13183640.0,5
10714,10000000,13162179.0,5
10715,10000000,13161847.0,5
10716,10000000,13161581.0,5
10717,10000000,13161873.0,5
10718,10000000,13161440.0,5
10719,10000000,13161115.0,5
10720,10000000,13162555.0,5
10721,10000000,13161482.0,5
10722,10000000,13162180.0,5
10723,10000000,13160721.0,5
10724,10000000,13161907.0,5
10725,10000000,13162083.0,5
10726,10000000,13161984.0,5
10727,10000000,13161396.0,5
10728,10000000,13162613.0,5
10729,10000000,13192293.0,5
10730,10000000,13192673.0,5
10731,10000000,13192005.0,5
10732,10000000,13190618.0,5
10733,10000000,13192092.0,5
10734,10000000,13193813.0,5
10735,10000000,13192464.0,5
10736,10000000,13192762.0,5
10737,10000000,13179684.0,5
10738,10000000,13192684.0,5
10739,10000000,13192026.0,5
10740,10000000,13192578.0,5
10741,10000000,13193162.0,5
10742,10000000,13193715.0,5
10743,10000000,13192971.0,5
10744,10000000,13194772.0,5
10745,10000000,13194685.0,5
10746,10000000,13195630.0,5
10747,10000000,13194945.0,5
10748,10000000,13194189.0,5
10749,10000000,13195317.0,5
10750,10000000,13195938.0,5
10751,10000000,13195520.0,5
10752,10000000,13183243.0,5
10753,10000000,13195865.0,5
10754,10000000,13196910.0,5
10755,10000000,13194497.0,5
10756,10000000,13196354.0,5
10757,10000000,13196937.0,5
10758,10000000,13196126.0,5
10759,10000000,13194747.0,5
10760,10000000,13194881.0,5
10761,10000000,13194778.0,5
10762,10000000,13181708.0,5
10763,10000000,13193589.0,5
10764,10000000,13194591.0,5
10765,10000000,13194398.0,5
10766,10000000,13195710.0,5
10767,10000000,13194384.0,5
10768,10000000,13195426.0,5
10769,10000000,13194993.0,5
10770,10000000,13194700.0,5
10771,10000000,13195157.0,5
10772,10000000,13195398.0,5
10773,10000000,13194627.0,5
10774,10000000,13183062.0,5
10775,10000000,13179001.0,5
10776,10000000,13178998.0,5
10777,10000000,13182260.0,5
10778,10000000,13178659.0,5
10779,10000000,13177719.0,5
10780,10000000,13178812.0,5
10781,10000000,13178716.0,5
10782,10000000,13182809.0,5
10783,10000000,13177575.0,5
10784,10000000,13177856.0,5
10785,10000000,13179013.0,5
10786,10000000,13181560.0,5
10787,10000000,13178553.0,5
10788,10000000,13179016.0,5
10789,10000000,14030254.0,6
10790,10000000,14020706.0,6
10791,10000000,14029171.0,6
10792,10000000,14029532.0,6
10793,10000000,14029369.0,6
10794,10000000,14030143.0,6
10795,10000000,14028917.0,6
10796,10000000,14019860.0,6
10797,10000000,14020726.0,6
10798,10000000,14028925.0,6
10799,10000000,14029447.0,6
10800,10000000,14029657.0,6
10801,10000000,14028935.0,6
10802,10000000,14020347.0,6
10803,10000000,14020443.0,6
10804,10000000,14036964.0,6
10805,10000000,14037863.0,6
10806,10000000,14038040.0,6
10807,10000000,14038482.0,6
10808,10000000,14036015.0,6
10809,10000000,14038601.0,6
10810,10000000,14034724.0,6
10811,10000000,14038159.0,6
10812,10000000,14037054.0,6
10813,10000000,14025011.0,6
10814,10000000,14037771.0,6
10815,10000000,14037954.0,6
10816,10000000,14036818.0,6
10817,10000000,14037368.0,6
10818,10000000,14037876.0,6
10819,10000000,14022253.0,6
10820,10000000,14021021.0,6
10821,10000000,14029481.0,6
10822,10000000,14030393.0,6
10823,10000000,14031190.0,6
10824,10000000,14029543.0,6
10825,10000000,14021549.0,6
10826,10000000,14031157.0,6
10827,10000000,14030201.0,6
10828,10000000,14029282.0,6
10829,10000000,14029866.0,6
10830,10000000,14030536.0,6
10831,10000000,14021503.0,6
10832,10000000,14030143.0,6
10833,10000000,14020769.0,6
10834,10000000,14004546.0,6
10835,10000000,14008582.0,6
10836,10000000,14008714.0,6
10837,10000000,14003579.0,6
10838,10000000,14004153.0,6
10839,10000000,14008267.0,6
10840,10000000,14008284.0,6
10841,10000000,14005065.0,6
10842,10000000,14004302.0,6
10843,10000000,14004627.0,6
10844,10000000,14004788.0,6
10845,10000000,14008003.0,6
10846,10000000,14008028.0,6
10847,10000000,14004828.0,6
10848,10000000,14004894.0,6
10849,10000000,14006718.0,6
10850,10000000,14006259.0,6
10851,10000000,14006482.0,6
10852,10000000,14006335.0,6
10853,10000000,14006264.0,6
10854,10000000,14006657.0,6
10855,10000000,14006921.0,6
10856,10000000,14006917.0,6
10857,10000000,14006361.0,6
10858,10000000,14006678.0,6
10859,10000000,14006729.0,6
10860,10000000,14006710.0,6
10861,10000000,14006953.0,6
10862,10000000,14006634.0,6
10863,10000000,14006679.0,6
10864,10000000,14005237.0,6
10865,10000000,14008483.0,6
10866,10000000,14004882.0,6
10867,10000000,14008234.0,6
10868,10000000,14005062.0,6
10869,10000000,14005072.0,6
10870,10000000,14005455.0,6
10871,10000000,14005714.0,6
10872,10000000,14008928.0,6
10873,10000000,14005505.0,6
10874,10000000,14005168.0,6
10875,10000000,14005224.0,6
10876,10000000,14004261.0,6
10877,10000000,14005248.0,6
10878,10000000,14007335.0,6
10879,10000000,14027917.0,6
10880,10000000,14020327.0,6
10881,10000000,14029427.0,6
10882,10000000,14028800.0,6
10883,10000000,14020890.0,6
10884,10000000,14028573.0,6
10885,10000000,14029446.0,6
10886,10000000,14020238.0,6
10887,10000000,14028533.0,6
10888,10000000,14021399.0,6
10889,10000000,14029317.0,6
10890,10000000,14028856.0,6
10891,10000000,14028116.0,6
10892,10000000,14028520.0,6
10893,10000000,14021229.0,6
10894,10000000,14020424.0,6
10895,10000000,14029175.0,6
10896,10000000,14028513.0,6
10897,10000000,14028404.0,6
10898,10000000,14028715.0,6
10899,10000000,14020351.0,6
10900,10000000,14020200.0,6
10901,10000000,14028824.0,6
10902,10000000,14019422.0,6
10903,10000000,14029039.0,6
10904,10000000,14028439.0,6
10905,10000000,14028518.0,6
10906,10000000,14019787.0,6
10907,10000000,14027178.0,6
10908,10000000,14027866.0,6
10909,10000000,14024744.0,6
10910,10000000,14024993.0,6
10911,10000000,14025175.0,6
10912,10000000,14023391.0,6
10913,10000000,14024227.0,6
10914,10000000,14024619.0,6
10915,10000000,14024419.0,6
10916,10000000,14022639.0,6
10917,10000000,14024208.0,6
10918,10000000,14024589.0,6
10919,10000000,14024283.0,6
10920,10000000,14024123.0,6
10921,10000000,14024246.0,6
10922,10000000,14024944.0,6
10923,10000000,14024615.0,6
10924,10000000,14026398.0,6
10925,10000000,14026247.0,6
10926,10000000,14026182.0,6
10927,10000000,14020908.0,6
10928,10000000,14025907.0,6
10929,10000000,14022104.0,6
10930,10000000,14021811.0,6
10931,10000000,14026229.0,6
10932,10000000,14020786.0,6
10933,10000000,14022116.0,6
10934,10000000,14021462.0,6
10935,10000000,14022062.0,6
10936,10000000,14025716.0,6
10937,10000000,14020329.0,6
10938,10000000,14021209.0,6
10939,10000000,14023670.0,6
10940,10000000,14026935.0,6
10941,10000000,14027188.0,6
10942,10000000,14023052.0,6
10943,10000000,14023807.0,6
10944,10000000,14023851.0,6
10945,10000000,14023014.0,6
10946,10000000,14027012.0,6
10947,10000000,14024036.0,6
10948,10000000,14027313.0,6
10949,10000000,14022589.0,6
10950,10000000,14023315.0,6
10951,10000000,14024338.0,6
10952,10000000,14023547.0,6
10953,10000000,14023052.0,6
10954,10000000,14004674.0,6
10955,10000000,14005110.0,6
10956,10000000,14005877.0,6
10957,10000000,14005755.0,6
10958,10000000,14006185.0,6
10959,10000000,14005389.0,6
10960,10000000,14005297.0,6
10961,10000000,14005348.0,6
10962,10000000,14005667.0,6
10963,10000000,14005572.0,6
10964,10000000,14005145.0,6
10965,10000000,14006086.0,6
10966,10000000,14005032.0,6
10967,10000000,14005744.0,6
10968,10000000,14005356.0,6
10969,10000000,14028824.0,6
10970,10000000,14020949.0,6
10971,10000000,14029335.0,6
10972,10000000,14020783.0,6
10973,10000000,14030112.0,6
10974,10000000,14020967.0,6
10975,10000000,14029849.0,6
10976,10000000,14030707.0,6
10977,10000000,14030099.0,6
10978,10000000,14030432.0,6
10979,10000000,14022303.0,6
10980,10000000,14021207.0,6
10981,10000000,14030148.0,6
10982,10000000,14030143.0,6
10983,10000000,14029201.0,6
10984,10000000,14037370.0,6
10985,10000000,14036764.0,6
10986,10000000,14037214.0,6
10987,10000000,14024448.0,6
10988,10000000,14037797.0,6
10989,10000000,14037253.0,6
10990,10000000,14035003.0,6
10991,10000000,14037639.0,6
10992,10000000,14036489.0,6
10993,10000000,14036990.0,6
10994,10000000,14036954.0,6
10995,10000000,14037440.0,6
10996,10000000,14035800.0,6
10997,10000000,14036786.0,6
10998,10000000,14036981.0,6
10999,10000000,14023628.0,6
11000,10000000,14027111.0,6
11001,10000000,14023380.0,6
11002,10000000,14022752.0,6
11003,10000000,14023096.0,6
11004,10000000,14022963.0,6
11005,10000000,14027352.0,6
11006,10000000,14021413.0,6
11007,10000000,14027028.0,6
11008,10000000,14023273.0,6
11009,10000000,14026710.0,6
11010,10000000,14022701.0,6
11011,10000000,14023217.0,6
11012,10000000,14022743.0,6
11013,10000000,14023359.0,6
11014,10000000,14004220.0,6
11015,10000000,14004580.0,6
11016,10000000,14004210.0,6
11017,10000000,14004959.0,6
11018,10000000,14004857.0,6
11019,10000000,14004538.0,6
11020,10000000,14004560.0,6
11021,10000000,14004576.0,6
11022,10000000,14003500.0,6
11023,10000000,14005510.0,6
11024,10000000,14007685.0,6
11025,10000000,14004937.0,6
11026,10000000,14004915.0,6
11027,10000000,14007696.0,6
11028,10000000,14004899.0,6
11029,10000000,14037426.0,6
11030,10000000,14037682.0,6
11031,10000000,14036339.0,6
11032,10000000,14038883.0,6
11033,10000000,14035380.0,6
11034,10000000,14037132.0,6
11035,10000000,14035789.0,6
11036,10000000,14038111.0,6
11037,10000000,14037465.0,6
11038,10000000,14036865.0,6
11039,10000000,14038910.0,6
11040,10000000,14036452.0,6
11041,10000000,14023427.0,6
11042,10000000,14037943.0,6
11043,10000000,14037526.0,6
11044,10000000,14038440.0,6
11045,10000000,14036284.0,6
11046,10000000,14037723.0,6
11047,10000000,14037789.0,6
11048,10000000,14036962.0,6
11049,10000000,14030859.0,6
11050,10000000,14024324.0,6
11051,10000000,14037941.0,6
11052,10000000,14036608.0,6
11053,10000000,14036045.0,6
11054,10000000,14037083.0,6
11055,10000000,14036946.0,6
11056,10000000,14036879.0,6
11057,10000000,14038428.0,6
11058,10000000,14037616.0,6
11059,10000000,14037821.0,6
11060,10000000,14036459.0,6
11061,10000000,14037356.0,6
11062,10000000,14038050.0,6
11063,10000000,14025047.0,6
11064,10000000,14036543.0,6
11065,10000000,14037509.0,6
11066,10000000,14036574.0,6
11067,10000000,14037272.0,6
11068,10000000,14038054.0,6
11069,10000000,14038036.0,6
11070,10000000,14037570.0,6
11071,10000000,14035781.0,6
11072,10000000,14037434.0,6
11073,10000000,14037268.0,6
11074,10000000,14023101.0,6
11075,10000000,14023561.0,6
11076,10000000,14021671.0,6
11077,10000000,14022208.0,6
11078,10000000,14023335.0,6
11079,10000000,14024110.0,6
11080,10000000,14024048.0,6
11081,10000000,14016799.0,6
11082,10000000,14024196.0,6
11083,10000000,14023748.0,6
11084,10000000,14022088.0,6
11085,10000000,14023981.0,6
11086,10000000,14024007.0,6
11087,10000000,14024028.0,6
11088,10000000,14023682.0,6
11089,10000000,15083674.0,7
11090,10000000,15073792.0,7
11091,10000000,15083591.0,7
11092,10000000,15083024.0,7
11093,10000000,15073725.0,7
11094,10000000,15082389.0,7
11095,10000000,15084066.0,7
11096,10000000,15074294.0,7
11097,10000000,15082297.0,7
11098,10000000,15085291.0,7
11099,10000000,15083396.0,7
11100,10000000,15083782.0,7
11101,10000000,15082423.0,7
11102,10000000,15082581.0,7
11103,10000000,15085084.0,7
11104,10000000,15090523.0,7
11105,10000000,15079879.0,7
11106,10000000,15090171.0,7
11107,10000000,15089804.0,7
11108,10000000,15091320.0,7
11109,10000000,15090307.0,7
11110,10000000,15091076.0,7
11111,10000000,15090252.0,7
11112,10000000,15091030.0,7
11113,10000000,15090523.0,7
11114,10000000,15090757.0,7
11115,10000000,15091257.0,7
11116,10000000,15079545.0,7
11117,10000000,15072671.0,7
11118,10000000,15091022.0,7
11119,10000000,15086344.0,7
11120,10000000,15085124.0,7
11121,10000000,15076923.0,7
11122,10000000,15077122.0,7
11123,10000000,15085726.0,7
11124,10000000,15077091.0,7
11125,10000000,15077054.0,7
11126,10000000,15085387.0,7
11127,10000000,15085061.0,7
11128,10000000,15085901.0,7
11129,10000000,15085941.0,7
11130,10000000,15078354.0,7
11131,10000000,15085526.0,7
11132,10000000,15085678.0,7
11133,10000000,15085916.0,7
11134,10000000,15062838.0,7
11135,10000000,15061963.0,7
11136,10000000,15061954.0,7
11137,10000000,15062140.0,7
11138,10000000,15061719.0,7
11139,10000000,15061696.0,7
11140,10000000,15061721.0,7
11141,10000000,15065212.0,7
11142,10000000,15064585.0,7
11143,10000000,15061685.0,7
11144,10000000,15061643.0,7
11145,10000000,15061698.0,7
11146,10000000,15061219.0,7
11147,10000000,15062336.0,7
11148,10000000,15062100.0,7
11149,10000000,15061238.0,7
11150,10000000,15060713.0,7
11151,10000000,15060260.0,7
11152,10000000,15060642.0,7
11153,10000000,15060526.0,7
11154,10000000,15063897.0,7
11155,10000000,15060934.0,7
11156,10000000,15060570.0,7
11157,10000000,15061212.0,7
11158,10000000,15063660.0,7
11159,10000000,15061335.0,7
11160,10000000,15061228.0,7
11161,10000000,15060791.0,7
11162,10000000,15061429.0,7
11163,10000000,15061404.0,7
11164,10000000,15058992.0,7
11165,10000000,15059324.0,7
11166,10000000,15059165.0,7
11167,10000000,15062472.0,7
11168,10000000,15059401.0,7
11169,10000000,15059374.0,7
11170,10000000,15059208.0,7
11171,10000000,15062803.0,7
11172,10000000,15059263.0,7
11173,10000000,15059037.0,7
11174,10000000,15059135.0,7
11175,10000000,15059283.0,7
11176,10000000,15062549.0,7
11177,10000000,15060092.0,7
11178,10000000,15063224.0,7
11179,10000000,15086960.0,7
11180,10000000,15086871.0,7
11181,10000000,15087505.0,7
11182,10000000,15086950.0,7
11183,10000000,15086540.0,7
11184,10000000,15087407.0,7
11185,10000000,15087423.0,7
11186,10000000,15087604.0,7
11187,10000000,15078662.0,7
11188,10000000,15077973.0,7
11189,10000000,15087583.0,7
11190,10000000,15087775.0,7
11191,10000000,15078119.0,7
11192,10000000,15077760.0,7
11193,10000000,15077560.0,7
11194,10000000,15082743.0,7
11195,10000000,15074124.0,7
11196,10000000,15081898.0,7
11197,10000000,15075275.0,7
11198,10000000,15082868.0,7
11199,10000000,15083442.0,7
11200,10000000,15074376.0,7
11201,10000000,15082484.0,7
11202,10000000,15074407.0,7
11203,10000000,15084069.0,7
11204,10000000,15083012.0,7
11205,10000000,15074524.0,7
11206,10000000,15082004.0,7
11207,10000000,15081844.0,7
11208,10000000,15082689.0,7
11209,10000000,15078703.0,7
11210,10000000,15080229.0,7
11211,10000000,15077850.0,7
11212,10000000,15077138.0,7
11213,10000000,15079400.0,7
11214,10000000,15080059.0,7
11215,10000000,15080066.0,7
11216,10000000,15079046.0,7
11217,10000000,15077204.0,7
11218,10000000,15079796.0,7
11219,10000000,15079755.0,7
11220,10000000,15079053.0,7
11221,10000000,15079855.0,7
11222,10000000,15078924.0,7
11223,10000000,15079302.0,7
11224,10000000,15077447.0,7
11225,10000000,15075306.0,7
11226,10000000,15077535.0,7
11227,10000000,15076884.0,7
11228,10000000,15077469.0,7
11229,10000000,15076660.0,7
11230,10000000,15076640.0,7
11231,10000000,15077627.0,7
11232,10000000,15080361.0,7
11233,10000000,15076184.0,7
11234,10000000,15077526.0,7
11235,10000000,15075881.0,7
11236,10000000,15075605.0,7
11237,10000000,15076910.0,7
11238,10000000,15080646.0,7
11239,10000000,15076491.0,7
11240,10000000,15079203.0,7
11241,10000000,15078826.0,7
11242,10000000,15078555.0,7
11243,10000000,15078168.0,7
11244,10000000,15078944.0,7
11245,10000000,15079013.0,7
11246,10000000,15078759.0,7
11247,10000000,15078249.0,7
11248,10000000,15078082.0,7
11249,10000000,15078912.0,7
11250,10000000,15076861.0,7
11251,10000000,15078603.0,7
11252,10000000,15077053.0,7
11253,10000000,15077510.0,7
11254,10000000,15060186.0,7
11255,10000000,15059688.0,7
11256,10000000,15059686.0,7
11257,10000000,15059642.0,7
11258,10000000,15059855.0,7
11259,10000000,15059906.0,7
11260,10000000,15060308.0,7
11261,10000000,15059273.0,7
11262,10000000,15060088.0,7
11263,10000000,15059503.0,7
11264,10000000,15059782.0,7
11265,10000000,15060500.0,7
11266,10000000,15059574.0,7
11267,10000000,15059077.0,7
11268,10000000,15060085.0,7
11269,10000000,15085506.0,7
11270,10000000,15085673.0,7
11271,10000000,15086064.0,7
11272,10000000,15077026.0,7
11273,10000000,15085615.0,7
11274,10000000,15084629.0,7
11275,10000000,15076873.0,7
11276,10000000,15077093.0,7
11277,10000000,15076638.0,7
11278,10000000,15086873.0,7
11279,10000000,15077130.0,7
11280,10000000,15086544.0,7
11281,10000000,15086296.0,7
11282,10000000,15085509.0,7
11283,10000000,15086224.0,7
11284,10000000,15092783.0,7
11285,10000000,15090928.0,7
11286,10000000,15093350.0,7
11287,10000000,15091125.0,7
11288,10000000,15078852.0,7
11289,10000000,15090586.0,7
11290,10000000,15091742.0,7
11291,10000000,15091357.0,7
11292,10000000,15092665.0,7
11293,10000000,15091798.0,7
11294,10000000,15090920.0,7
11295,10000000,15091385.0,7
11296,10000000,15091010.0,7
11297,10000000,15091589.0,7
11298,10000000,15091359.0,7
11299,10000000,15079885.0,7
11300,10000000,15079244.0,7
11301,10000000,15083633.0,7
11302,10000000,15080267.0,7
11303,10000000,15083432.0,7
11304,10000000,15080024.0,7
11305,10000000,15080013.0,7
11306,10000000,15079372.0,7
11307,10000000,15079348.0,7
11308,10000000,15079472.0,7
11309,10000000,15079062.0,7
11310,10000000,15079423.0,7
11311,10000000,15079639.0,7
11312,10000000,15080206.0,7
11313,10000000,15080411.0,7
11314,10000000,15058048.0,7
11315,10000000,15062145.0,7
11316,10000000,15061764.0,7
11317,10000000,15057940.0,7
11318,10000000,15058405.0,7
11319,10000000,15062517.0,7
11320,10000000,15062313.0,7
11321,10000000,15058255.0,7
11322,10000000,15058184.0,7
11323,10000000,15057659.0,7
11324,10000000,15058040.0,7
11325,10000000,15062266.0,7
11326,10000000,15057747.0,7
11327,10000000,15061956.0,7
11328,10000000,15057546.0,7
11329,10000000,15093672.0,7
11330,10000000,15094234.0,7
11331,10000000,15094224.0,7
11332,10000000,15092666.0,7
11333,10000000,15092938.0,7
11334,10000000,15092816.0,7
11335,10000000,15079469.0,7
11336,10000000,15093667.0,7
11337,10000000,15093266.0,7
11338,10000000,15091991.0,7
11339,10000000,15091937.0,7
11340,10000000,15092358.0,7
11341,10000000,15092534.0,7
11342,10000000,15092775.0,7
11343,10000000,15093307.0,7
11344,10000000,15088917.0,7
11345,10000000,15091051.0,7
11346,10000000,15090947.0,7
11347,10000000,15090190.0,7
11348,10000000,15091283.0,7
11349,10000000,15089977.0,7
11350,10000000,15078018.0,7
11351,10000000,15090766.0,7
11352,10000000,15090832.0,7
11353,10000000,15092273.0,7
11354,10000000,15090460.0,7
11355,10000000,15092013.0,7
11356,10000000,15091807.0,7
11357,10000000,15090288.0,7
11358,10000000,15092554.0,7
11359,10000000,15094405.0,7
11360,10000000,15092638.0,7
11361,10000000,15079795.0,7
11362,10000000,15093122.0,7
11363,10000000,15093884.0,7
11364,10000000,15093568.0,7
11365,10000000,15093491.0,7
11366,10000000,15093236.0,7
11367,10000000,15093405.0,7
11368,10000000,15092649.0,7
11369,10000000,15092009.0,7
11370,10000000,15092903.0,7
11371,10000000,15094070.0,7
11372,10000000,15094090.0,7
11373,10000000,15095017.0,7
11374,10000000,15078406.0,7
11375,10000000,15078312.0,7
11376,10000000,15081160.0,7
11377,10000000,15075404.0,7
11378,10000000,15078746.0,7
11379,10000000,15077715.0,7
11380,10000000,15078138.0,7
11381,10000000,15077855.0,7
11382,10000000,15077698.0,7
11383,10000000,15078222.0,7
11384,10000000,15076877.0,7
11385,10000000,15078200.0,7
11386,10000000,15076961.0,7
11387,10000000,15076568.0,7
11388,10000000,15080994.0,7
11389,10000000,15836845.0,8
11390,10000000,15845050.0,8
11391,10000000,15845395.0,8
11392,10000000,15844947.0,8
11393,10000000,15845563.0,8
11394,10000000,15845142.0,8
11395,10000000,15844981.0,8
11396,10000000,15843869.0,8
11397,10000000,15836645.0,8
11398,10000000,15837253.0,8
11399,10000000,15845244.0,8
11400,10000000,15839584.0,8
11401,10000000,15835912.0,8
11402,10000000,15844738.0,8
11403,10000000,15845916.0,8
11404,10000000,15850110.0,8
11405,10000000,15851852.0,8
11406,10000000,15852262.0,8
11407,10000000,15840954.0,8
11408,10000000,15851697.0,8
11409,10000000,15851753.0,8
11410,10000000,15851156.0,8
11411,10000000,15833522.0,8
11412,10000000,15851838.0,8
11413,10000000,15849846.0,8
11414,10000000,15851985.0,8
11415,10000000,15851833.0,8
11416,10000000,15851129.0,8
11417,10000000,15840679.0,8
11418,10000000,15850989.0,8
11419,10000000,15837999.0,8
11420,10000000,15837960.0,8
11421,10000000,15847654.0,8
11422,10000000,15846127.0,8
11423,10000000,15847275.0,8
11424,10000000,15846305.0,8
11425,10000000,15846489.0,8
11426,10000000,15847489.0,8
11427,10000000,15838438.0,8
11428,10000000,15847011.0,8
11429,10000000,15838572.0,8
11430,10000000,15846302.0,8
11431,10000000,15837992.0,8
11432,10000000,15847271.0,8
11433,10000000,15844695.0,8
11434,10000000,15822535.0,8
11435,10000000,15822929.0,8
11436,10000000,15822498.0,8
11437,10000000,15822894.0,8
11438,10000000,15823235.0,8
11439,10000000,15823364.0,8
11440,10000000,15822264.0,8
11441,10000000,15822990.0,8
11442,10000000,15823168.0,8
11443,10000000,15827102.0,8
11444,10000000,15826161.0,8
11445,10000000,15822722.0,8
11446,10000000,15823381.0,8
11447,10000000,15823138.0,8
11448,10000000,15822951.0,8
11449,10000000,15823765.0,8
11450,10000000,15823649.0,8
11451,10000000,15823843.0,8
11452,10000000,15823708.0,8
11453,10000000,15823680.0,8
11454,10000000,15824035.0,8
11455,10000000,15823867.0,8
11456,10000000,15823882.0,8
11457,10000000,15823169.0,8
11458,10000000,15823674.0,8
11459,10000000,15823440.0,8
11460,10000000,15824435.0,8
11461,10000000,15823762.0,8
11462,10000000,15823712.0,8
11463,10000000,15823856.0,8
11464,10000000,15823640.0,8
11465,10000000,15822996.0,8
11466,10000000,15821941.0,8
11467,10000000,15822773.0,8
11468,10000000,15822874.0,8
11469,10000000,15826922.0,8
11470,10000000,15826128.0,8
11471,10000000,15822724.0,8
11472,10000000,15822395.0,8
11473,10000000,15822349.0,8
11474,10000000,15822493.0,8
11475,10000000,15822920.0,8
11476,10000000,15822392.0,8
11477,10000000,15822674.0,8
11478,10000000,15823238.0,8
11479,10000000,15846861.0,8
11480,10000000,15838196.0,8
11481,10000000,15837657.0,8
11482,10000000,15846712.0,8
11483,10000000,15837500.0,8
11484,10000000,15846715.0,8
11485,10000000,15847331.0,8
11486,10000000,15847698.0,8
11487,10000000,15846560.0,8
11488,10000000,15846276.0,8
11489,10000000,15847221.0,8
11490,10000000,15845679.0,8
11491,10000000,15838539.0,8
11492,10000000,15838026.0,8
11493,10000000,15846557.0,8
11494,10000000,15847765.0,8
11495,10000000,15838746.0,8
11496,10000000,15847524.0,8
11497,10000000,15837966.0,8
11498,10000000,15847812.0,8
11499,10000000,15838731.0,8
11500,10000000,15847497.0,8
11501,10000000,15846856.0,8
11502,10000000,15847783.0,8
11503,10000000,15848090.0,8
11504,10000000,15838443.0,8
11505,10000000,15848694.0,8
11506,10000000,15838319.0,8
11507,10000000,15847635.0,8
11508,10000000,15848107.0,8
11509,10000000,15843611.0,8
11510,10000000,15843779.0,8
11511,10000000,15837846.0,8
11512,10000000,15839437.0,8
11513,10000000,15839607.0,8
11514,10000000,15842824.0,8
11515,10000000,15838340.0,8
11516,10000000,15838795.0,8
11517,10000000,15843403.0,8
11518,10000000,15843301.0,8
11519,10000000,15839275.0,8
11520,10000000,15843545.0,8
11521,10000000,15838693.0,8
11522,10000000,15838342.0,8
11523,10000000,15839738.0,8
11524,10000000,15838606.0,8
11525,10000000,15840384.0,8
11526,10000000,15839483.0,8
11527,10000000,15839989.0,8
11528,10000000,15843031.0,8
11529,10000000,15838591.0,8
11530,10000000,15839903.0,8
11531,10000000,15838460.0,8
11532,10000000,15839860.0,8
11533,10000000,15839947.0,8
11534,10000000,15838432.0,8
11535,10000000,15840176.0,8
11536,10000000,15843359.0,8
11537,10000000,15840013.0,8
11538,10000000,15840456.0,8
11539,10000000,15837466.0,8
11540,10000000,15840245.0,8
11541,10000000,15840748.0,8
11542,10000000,15840464.0,8
11543,10000000,15839763.0,8
11544,10000000,15840192.0,8
11545,10000000,15840945.0,8
11546,10000000,15839461.0,8
11547,10000000,15840924.0,8
11548,10000000,15843663.0,8
11549,10000000,15843737.0,8
11550,10000000,15840875.0,8
11551,10000000,15840093.0,8
11552,10000000,15840169.0,8
11553,10000000,15840209.0,8
11554,10000000,15820962.0,8
11555,10000000,15821795.0,8
11556,10000000,15821677.0,8
11557,10000000,15822203.0,8
11558,10000000,15821980.0,8
11559,10000000,15822045.0,8
11560,10000000,15825050.0,8
11561,10000000,15821748.0,8
11562,10000000,15821933.0,8
11563,10000000,15825163.0,8
11564,10000000,15822757.0,8
11565,10000000,15821508.0,8
11566,10000000,15821563.0,8
11567,10000000,15822441.0,8
11568,10000000,15821188.0,8
11569,10000000,15846470.0,8
11570,10000000,15846884.0,8
11571,10000000,15846180.0,8
11572,10000000,15837937.0,8
11573,10000000,15838002.0,8
11574,10000000,15846589.0,8
11575,10000000,15837523.0,8
11576,10000000,15846613.0,8
11577,10000000,15846567.0,8
11578,10000000,15844894.0,8
11579,10000000,15846721.0,8
11580,10000000,15847124.0,8
11581,10000000,15837984.0,8
11582,10000000,15846991.0,8
11583,10000000,15837474.0,8
11584,10000000,15854763.0,8
11585,10000000,15855308.0,8
11586,10000000,15856160.0,8
11587,10000000,15855357.0,8
11588,10000000,15856649.0,8
11589,10000000,15855505.0,8
11590,10000000,15853924.0,8
11591,10000000,15855371.0,8
11592,10000000,15856786.0,8
11593,10000000,15857154.0,8
11594,10000000,15856211.0,8
11595,10000000,15842736.0,8
11596,10000000,15854915.0,8
11597,10000000,15855871.0,8
11598,10000000,15856287.0,8
11599,10000000,15843065.0,8
11600,10000000,15838772.0,8
11601,10000000,15839352.0,8
11602,10000000,15840193.0,8
11603,10000000,15843555.0,8
11604,10000000,15840066.0,8
11605,10000000,15843417.0,8
11606,10000000,15840021.0,8
11607,10000000,15837148.0,8
11608,10000000,15843760.0,8
11609,10000000,15840159.0,8
11610,10000000,15839982.0,8
11611,10000000,15839655.0,8
11612,10000000,15839417.0,8
11613,10000000,15840289.0,8
11614,10000000,15821338.0,8
11615,10000000,15824710.0,8
11616,10000000,15821251.0,8
11617,10000000,15820970.0,8
11618,10000000,15821925.0,8
11619,10000000,15821057.0,8
11620,10000000,15820982.0,8
11621,10000000,15825019.0,8
11622,10000000,15824954.0,8
11623,10000000,15824528.0,8
11624,10000000,15821727.0,8
11625,10000000,15822235.0,8
11626,10000000,15821133.0,8
11627,10000000,15821346.0,8
11628,10000000,15821335.0,8
11629,10000000,15849963.0,8
11630,10000000,15851457.0,8
11631,10000000,15851144.0,8
11632,10000000,15851075.0,8
11633,10000000,15834795.0,8
11634,10000000,15841206.0,8
11635,10000000,15851612.0,8
11636,10000000,15850510.0,8
11637,10000000,15851023.0,8
11638,10000000,15851038.0,8
11639,10000000,15851092.0,8
11640,10000000,15851234.0,8
11641,10000000,15839977.0,8
11642,10000000,15850836.0,8
11643,10000000,15850473.0,8
11644,10000000,15855537.0,8
11645,10000000,15855061.0,8
11646,10000000,15854741.0,8
11647,10000000,15855041.0,8
11648,10000000,15854941.0,8
11649,10000000,15855874.0,8
11650,10000000,15854842.0,8
11651,10000000,15855986.0,8
11652,10000000,15854824.0,8
11653,10000000,15856132.0,8
11654,10000000,15854405.0,8
11655,10000000,15854202.0,8
11656,10000000,15854821.0,8
11657,10000000,15841596.0,8
11658,10000000,15854177.0,8
11659,10000000,15848928.0,8
11660,10000000,15850068.0,8
11661,10000000,15850522.0,8
11662,10000000,15849175.0,8
11663,10000000,15834602.0,8
11664,10000000,15848238.0,8
11665,10000000,15849517.0,8
11666,10000000,15850015.0,8
11667,10000000,15849893.0,8
11668,10000000,15838457.0,8
11669,10000000,15848579.0,8
11670,10000000,15839888.0,8
11671,10000000,15848654.0,8
11672,10000000,15848911.0,8
11673,10000000,15846502.0,8
11674,10000000,15840724.0,8
11675,10000000,15840647.0,8
11676,10000000,15841068.0,8
11677,10000000,15841503.0,8
11678,10000000,15840394.0,8
11679,10000000,15839884.0,8
11680,10000000,15839836.0,8
11681,10000000,15841118.0,8
11682,10000000,15840925.0,8
11683,10000000,15841224.0,8
11684,10000000,15838262.0,8
11685,10000000,15836143.0,8
11686,10000000,15840573.0,8
11687,10000000,15841198.0,8
11688,10000000,15839243.0,8
11689,10000000,15385456.0,9
11690,10000000,15384758.0,9
11691,10000000,15393555.0,9
11692,10000000,15393958.0,9
11693,10000000,15385127.0,9
11694,10000000,15384754.0,9
11695,10000000,15392827.0,9
11696,10000000,15394506.0,9
11697,10000000,15393401.0,9
11698,10000000,15394271.0,9
11699,10000000,15394015.0,9
11700,10000000,15394173.0,9
11701,10000000,15394093.0,9
11702,10000000,15393902.0,9
11703,10000000,15385703.0,9
11704,10000000,15402465.0,9
11705,10000000,15402688.0,9
11706,10000000,15401189.0,9
11707,10000000,15403432.0,9
11708,10000000,15403895.0,9
11709,10000000,15402734.0,9
11710,10000000,15404162.0,9
11711,10000000,15400570.0,9
11712,10000000,15403928.0,9
11713,10000000,15403771.0,9
11714,10000000,15401399.0,9
11715,10000000,15402401.0,9
11716,10000000,15404216.0,9
11717,10000000,15389904.0,9
11718,10000000,15403084.0,9
11719,10000000,15384790.0,9
11720,10000000,15386117.0,9
11721,10000000,15385428.0,9
11722,10000000,15394914.0,9
11723,10000000,15393029.0,9
11724,10000000,15394246.0,9
11725,10000000,15393058.0,9
11726,10000000,15393627.0,9
11727,10000000,15385050.0,9
11728,10000000,15385598.0,9
11729,10000000,15394711.0,9
11730,10000000,15393494.0,9
11731,10000000,15394753.0,9
11732,10000000,15393853.0,9
11733,10000000,15393510.0,9
11734,10000000,15370689.0,9
11735,10000000,15369958.0,9
11736,10000000,15370246.0,9
11737,10000000,15370724.0,9
11738,10000000,15369735.0,9
11739,10000000,15370414.0,9
11740,10000000,15370367.0,9
11741,10000000,15370164.0,9
11742,10000000,15371365.0,9
11743,10000000,15371422.0,9
11744,10000000,15371431.0,9
11745,10000000,15370340.0,9
11746,10000000,15370160.0,9
11747,10000000,15370844.0,9
11748,10000000,15369994.0,9
11749,10000000,15369529.0,9
11750,10000000,15369732.0,9
11751,10000000,15369526.0,9
11752,10000000,15372672.0,9
11753,10000000,15373088.0,9
11754,10000000,15370455.0,9
11755,10000000,15369748.0,9
11756,10000000,15369508.0,9
11757,10000000,15368849.0,9
11758,10000000,15369719.0,9
11759,10000000,15369995.0,9
11760,10000000,15369786.0,9
11761,10000000,15369196.0,9
11762,10000000,15370034.0,9
11763,10000000,15369562.0,9
11764,10000000,15369889.0,9
11765,10000000,15369474.0,9
11766,10000000,15370890.0,9
11767,10000000,15373658.0,9
11768,10000000,15373170.0,9
11769,10000000,15370095.0,9
11770,10000000,15370274.0,9
11771,10000000,15370090.0,9
11772,10000000,15369876.0,9
11773,10000000,15369668.0,9
11774,10000000,15370084.0,9
11775,10000000,15370468.0,9
11776,10000000,15370234.0,9
11777,10000000,15370852.0,9
11778,10000000,15370007.0,9
11779,10000000,15394312.0,9
11780,10000000,15393974.0,9
11781,10000000,15385063.0,9
11782,10000000,15393565.0,9
11783,10000000,15393138.0,9
11784,10000000,15384627.0,9
11785,10000000,15385288.0,9
11786,10000000,15393731.0,9
11787,10000000,15393603.0,9
11788,10000000,15385505.0,9
11789,10000000,15394367.0,9
11790,10000000,15393676.0,9
11791,10000000,15394233.0,9
11792,10000000,15394408.0,9
11793,10000000,15385268.0,9
11794,10000000,15394914.0,9
11795,10000000,15384598.0,9
11796,10000000,15395124.0,9
11797,10000000,15385113.0,9
11798,10000000,15395751.0,9
11799,10000000,15394648.0,9
11800,10000000,15395133.0,9
11801,10000000,15395818.0,9
11802,10000000,15395771.0,9
11803,10000000,15385629.0,9
11804,10000000,15395031.0,9
11805,10000000,15393888.0,9
11806,10000000,15396786.0,9
11807,10000000,15395056.0,9
11808,10000000,15395799.0,9
11809,10000000,15386711.0,9
11810,10000000,15387317.0,9
11811,10000000,15391151.0,9
11812,10000000,15387388.0,9
11813,10000000,15387405.0,9
11814,10000000,15391266.0,9
11815,10000000,15387780.0,9
11816,10000000,15386909.0,9
11817,10000000,15387594.0,9
11818,10000000,15391067.0,9
11819,10000000,15386401.0,9
11820,10000000,15390696.0,9
11821,10000000,15387195.0,9
11822,10000000,15388070.0,9
11823,10000000,15385557.0,9
11824,10000000,15387064.0,9
11825,10000000,15387789.0,9
11826,10000000,15385747.0,9
11827,10000000,15387554.0,9
11828,10000000,15387660.0,9
11829,10000000,15387099.0,9
11830,10000000,15386319.0,9
11831,10000000,15387630.0,9
11832,10000000,15386781.0,9
11833,10000000,15387411.0,9
11834,10000000,15387143.0,9
11835,10000000,15387749.0,9
11836,10000000,15385677.0,9
11837,10000000,15386804.0,9
11838,10000000,15388120.0,9
11839,10000000,15386330.0,9
11840,10000000,15386900.0,9
11841,10000000,15386483.0,9
11842,10000000,15386465.0,9
11843,10000000,15386774.0,9
11844,10000000,15390469.0,9
11845,10000000,15386925.0,9
11846,10000000,15390326.0,9
11847,10000000,15384353.0,9
11848,10000000,15385693.0,9
11849,10000000,15390640.0,9
11850,10000000,15386819.0,9
11851,10000000,15385070.0,9
11852,10000000,15390721.0,9
11853,10000000,15387186.0,9
11854,10000000,15368544.0,9
11855,10000000,15367828.0,9
11856,10000000,15367860.0,9
11857,10000000,15371773.0,9
11858,10000000,15367414.0,9
11859,10000000,15368319.0,9
11860,10000000,15368330.0,9
11861,10000000,15371776.0,9
11862,10000000,15368540.0,9
11863,10000000,15367858.0,9
11864,10000000,15368272.0,9
11865,10000000,15367849.0,9
11866,10000000,15368669.0,9
11867,10000000,15368632.0,9
11868,10000000,15368172.0,9
11869,10000000,15395257.0,9
11870,10000000,15385968.0,9
11871,10000000,15394863.0,9
11872,10000000,15385967.0,9
11873,10000000,15385910.0,9
11874,10000000,15395426.0,9
11875,10000000,15395631.0,9
11876,10000000,15395255.0,9
11877,10000000,15394453.0,9
11878,10000000,15395292.0,9
11879,10000000,15385926.0,9
11880,10000000,15394005.0,9
11881,10000000,15385564.0,9
11882,10000000,15394392.0,9
11883,10000000,15395077.0,9
11884,10000000,15404401.0,9
11885,10000000,15405638.0,9
11886,10000000,15405091.0,9
11887,10000000,15405987.0,9
11888,10000000,15404625.0,9
11889,10000000,15404837.0,9
11890,10000000,15391434.0,9
11891,10000000,15404742.0,9
11892,10000000,15405292.0,9
11893,10000000,15405118.0,9
11894,10000000,15404202.0,9
11895,10000000,15405244.0,9
11896,10000000,15404318.0,9
11897,10000000,15405982.0,9
11898,10000000,15405699.0,9
11899,10000000,15388412.0,9
11900,10000000,15387726.0,9
11901,10000000,15388701.0,9
11902,10000000,15386633.0,9
11903,10000000,15387980.0,9
11904,10000000,15388250.0,9
11905,10000000,15387665.0,9
11906,10000000,15388467.0,9
11907,10000000,15387472.0,9
11908,10000000,15387869.0,9
11909,10000000,15388637.0,9
11910,10000000,15387388.0,9
11911,10000000,15388072.0,9
11912,10000000,15386637.0,9
11913,10000000,15388712.0,9
11914,10000000,15369508.0,9
11915,10000000,15369132.0,9
11916,10000000,15368928.0,9
11917,10000000,15372565.0,9
11918,10000000,15369819.0,9
11919,10000000,15369223.0,9
11920,10000000,15369571.0,9
11921,10000000,15369243.0,9
11922,10000000,15368946.0,9
11923,10000000,15369177.0,9
11924,10000000,15369259.0,9
11925,10000000,15369061.0,9
11926,10000000,15369618.0,9
11927,10000000,15372593.0,9
11928,10000000,15369373.0,9
11929,10000000,15403112.0,9
11930,10000000,15402833.0,9
11931,10000000,15402993.0,9
11932,10000000,15400987.0,9
11933,10000000,15401772.0,9
11934,10000000,15402506.0,9
11935,10000000,15401767.0,9
11936,10000000,15402833.0,9
11937,10000000,15400995.0,9
11938,10000000,15388331.0,9
11939,10000000,15402938.0,9
11940,10000000,15403762.0,9
11941,10000000,15402689.0,9
11942,10000000,15401404.0,9
11943,10000000,15402516.0,9
11944,10000000,15400894.0,9
11945,10000000,15400009.0,9
11946,10000000,15386637.0,9
11947,10000000,15401283.0,9
11948,10000000,15400266.0,9
11949,10000000,15400900.0,9
11950,10000000,15401483.0,9
11951,10000000,15400915.0,9
11952,10000000,15401251.0,9
11953,10000000,15401291.0,9
11954,10000000,15400203.0,9
11955,10000000,15401087.0,9
11956,10000000,15400281.0,9
11957,10000000,15401034.0,9
11958,10000000,15401052.0,9
11959,10000000,15399208.0,9
11960,10000000,15399818.0,9
11961,10000000,15400561.0,9
11962,10000000,15400055.0,9
11963,10000000,15400344.0,9
11964,10000000,15399151.0,9
11965,10000000,15400464.0,9
11966,10000000,15398645.0,9
11967,10000000,15400219.0,9
11968,10000000,15401157.0,9
11969,10000000,15399289.0,9
11970,10000000,15400460.0,9
11971,10000000,15401157.0,9
11972,10000000,15400009.0,9
11973,10000000,15387416.0,9
11974,10000000,15388148.0,9
11975,10000000,15386487.0,9
11976,10000000,15390436.0,9
11977,10000000,15387459.0,9
11978,10000000,15387809.0,9
11979,10000000,15387017.0,9
11980,10000000,15385178.0,9
11981,10000000,15387593.0,9
11982,10000000,15387369.0,9
11983,10000000,15387484.0,9
11984,10000000,15385440.0,9
11985,10000000,15390146.0,9
11986,10000000,15387405.0,9
11987,10000000,15385802.0,9
11988,10000000,15387315.0,9
