cluster,run_index,msg_size,start,end,duration
lyon,0,10000,5061.78,5061.923,0.1430000000000291
lyon,0,10000,5061.78,5107.939,46.15900000000056
nancy,0,10000,5144.5806,5144.6426,0.06199999999989814
nancy,0,10000,5144.5806,5199.1924,54.611799999999675
nancy,0,10000,4763.0234,4763.1313,0.10789999999997235
nancy,0,10000,4763.0234,4817.977,54.953599999999824
nancy,0,10000,5120.3374,5120.4873,0.14989999999943393
nancy,0,10000,5120.3374,5176.006,55.66859999999997
nancy,0,10000,5123.8125,5123.966,0.15350000000034925
nancy,0,10000,5123.8125,5174.1475,50.335000000000036
nancy,0,10000,5127.8623,5128.0156,0.1532999999999447
nancy,0,10000,5127.8623,5179.9453,52.08300000000054
nancy,0,10000,5132.105,5132.256,0.15100000000074942
nancy,0,10000,5132.105,5185.8975,53.79250000000047
nancy,0,10000,5136.305,5136.457,0.15200000000004366
nancy,0,10000,5136.305,5191.1094,54.80439999999999
rennes,0,10000,4993.065,4993.1416,0.07660000000032596
rennes,0,10000,4993.065,5038.594,45.52900000000045
rennes,0,10000,4997.6206,4997.756,0.13540000000011787
rennes,0,10000,4997.6206,5043.753,46.13239999999951
rennes,0,10000,5002.9727,5003.0454,0.07269999999971333
rennes,0,10000,5002.9727,5051.4053,48.43260000000009
rennes,0,10000,5007.832,5007.9243,0.0922999999993408
rennes,0,10000,5007.832,5053.964,46.13199999999961
lyon,0,10000,5068.4395,5068.6016,0.1620999999995547
lyon,0,10000,5068.4395,5118.682,50.24249999999938
rennes,0,10000,5012.648,5012.7607,0.11269999999967695
rennes,0,10000,5012.648,5060.92,48.271999999999935
nantes,0,10000,4987.9595,4988.0693,0.10980000000017753
nantes,0,10000,4987.9595,5035.16,47.20049999999992
nantes,0,10000,4995.3896,4995.4805,0.09089999999923748
nantes,0,10000,4995.3896,5044.076,48.686399999999594
nantes,0,10000,5001.035,5001.109,0.07400000000052387
nantes,0,10000,5001.035,5051.471,50.435999999999694
nantes,0,10000,5008.6064,5008.701,0.09460000000035507
nantes,0,10000,5008.6064,5054.388,45.78160000000025
nantes,0,10000,5013.6133,5013.688,0.07470000000012078
nantes,0,10000,5013.6133,5064.3105,50.69719999999961
rennes,0,10000,4981.853,4981.961,0.10800000000017462
rennes,0,10000,4981.853,5028.803,46.94999999999982
rennes,0,10000,4986.7163,4986.796,0.07970000000022992
rennes,0,10000,4986.7163,5035.6265,48.91020000000026
rennes,0,10000,4991.9863,4992.0957,0.10940000000027794
rennes,0,10000,4991.9863,5039.02,47.03370000000086
rennes,0,10000,4996.877,4997.004,0.12699999999949796
rennes,0,10000,4996.877,5043.0244,46.147399999999834
lyon,0,10000,5073.701,5073.8555,0.15449999999964348
lyon,0,10000,5073.701,5119.318,45.61700000000019
rennes,0,10000,5001.807,5001.9414,0.13439999999991414
rennes,0,10000,5001.807,5052.3667,50.55969999999979
lyon,0,10000,4914.9585,4915.102,0.14350000000013097
lyon,0,10000,4914.9585,4963.3003,48.34180000000015
lyon,0,10000,4921.11,4921.237,0.12700000000040745
lyon,0,10000,4921.11,4966.2065,45.09650000000056
lyon,0,10000,4927.029,4927.1655,0.13649999999961437
lyon,0,10000,4927.029,4976.291,49.261999999999716
lyon,0,10000,4933.3677,4933.4927,0.125
lyon,0,10000,4933.3677,4981.8013,48.4336000000003
lyon,0,10000,4939.3193,4939.4453,0.12600000000020373
lyon,0,10000,4939.3193,4984.61,45.29069999999956
nancy,0,10000,4994.3276,4994.4067,0.07909999999992579
nancy,0,10000,4994.3276,5049.873,55.54539999999997
nancy,0,10000,4997.9097,4998.051,0.14130000000022847
nancy,0,10000,4997.9097,5052.2876,54.3778999999995
nancy,0,10000,5002.1216,5002.231,0.10939999999936845
nancy,0,10000,5002.1216,5054.977,52.85539999999946
nancy,0,10000,5006.6313,5006.741,0.10969999999997526
nancy,0,10000,5006.6313,5058.7896,52.158300000000054
lyon,0,10000,5080.696,5080.848,0.15200000000004366
lyon,0,10000,5080.696,5128.9326,48.23660000000018
nancy,0,10000,5010.974,5011.069,0.09500000000025466
nancy,0,10000,5010.974,5067.005,56.03099999999995
rennes,0,10000,4829.2188,4829.3115,0.09270000000014988
rennes,0,10000,4829.2188,4879.0215,49.802700000000186
rennes,0,10000,4833.5835,4833.6772,0.09370000000035361
rennes,0,10000,4833.5835,4881.849,48.26550000000043
rennes,0,10000,4838.7993,4838.9795,0.18020000000069558
rennes,0,10000,4838.7993,4888.789,49.989700000000084
rennes,0,10000,4843.512,4843.626,0.11400000000048749
rennes,0,10000,4843.512,4889.0474,45.535400000000664
rennes,0,10000,4849.037,4849.118,0.08100000000013097
rennes,0,10000,4849.037,4895.084,46.04699999999957
rennes,0,10000,4881.1187,4881.276,0.15729999999985012
rennes,0,10000,4881.1187,4931.964,50.84529999999995
rennes,0,10000,4885.5967,4885.737,0.14030000000002474
rennes,0,10000,4885.5967,4935.3984,49.80169999999998
rennes,0,10000,4891.199,4891.357,0.15800000000035652
rennes,0,10000,4891.199,4937.9927,46.79370000000017
rennes,0,10000,4896.3354,4896.483,0.14760000000023865
rennes,0,10000,4896.3354,4943.0312,46.69580000000042
lyon,0,10000,5086.748,5086.8994,0.15140000000064902
lyon,0,10000,5086.748,5136.506,49.75800000000072
rennes,0,10000,4901.679,4901.949,0.26999999999952706
rennes,0,10000,4901.679,4951.22,49.54100000000017
nantes,0,10000,4825.239,4825.3735,0.13450000000011642
nantes,0,10000,4825.239,4876.073,50.83400000000074
nantes,0,10000,4832.3203,4832.455,0.13469999999961146
nantes,0,10000,4832.3203,4880.8936,48.57330000000002
nantes,0,10000,4837.8203,4837.956,0.1356999999998152
nantes,0,10000,4837.8203,4885.5083,47.6880000000001
nantes,0,10000,4845.2954,4845.449,0.15359999999964202
nantes,0,10000,4845.2954,4896.094,50.79860000000008
nantes,0,10000,4850.4077,4850.578,0.17030000000067957
nantes,0,10000,4850.4077,4897.9136,47.50590000000011
lyon,0,10000,4790.2954,4790.478,0.18260000000009313
lyon,0,10000,4790.2954,4839.453,49.15760000000046
lyon,0,10000,4795.6304,4795.7104,0.07999999999992724
lyon,0,10000,4795.6304,4841.165,45.534599999999955
lyon,0,10000,4802.785,4802.9355,0.15049999999973807
lyon,0,10000,4802.785,4847.818,45.03300000000036
lyon,0,10000,4808.781,4808.965,0.18400000000019645
lyon,0,10000,4808.781,4853.674,44.89300000000003
nancy,0,10000,5128.245,5128.3013,0.056300000000192085
nancy,0,10000,5128.245,5180.8027,52.557700000000295
lyon,0,10000,4815.0386,4815.1855,0.14689999999973224
lyon,0,10000,4815.0386,4865.811,50.772399999999834
nantes,0,10000,4795.229,4795.3115,0.08249999999952706
nantes,0,10000,4795.229,4842.267,47.037999999999556
nantes,0,10000,4801.7827,4801.88,0.09730000000035943
nantes,0,10000,4801.7827,4850.8184,49.03570000000036
nantes,0,10000,4807.5273,4807.6274,0.10010000000056607
nantes,0,10000,4807.5273,4855.2476,47.72029999999995
nantes,0,10000,4814.443,4814.5825,0.13950000000022555
nantes,0,10000,4814.443,4862.165,47.72199999999975
nantes,0,10000,4820.324,4820.4033,0.07930000000033033
nantes,0,10000,4820.324,4868.946,48.6220000000003
nantes,0,10000,4767.174,4767.33,0.15599999999994907
nantes,0,10000,4767.174,4817.659,50.48499999999967
nantes,0,10000,4772.1196,4772.3003,0.18069999999988795
nantes,0,10000,4772.1196,4817.3765,45.256900000000314
nantes,0,10000,4778.6597,4778.83,0.17029999999977008
nantes,0,10000,4778.6597,4825.3276,46.66789999999946
nantes,0,10000,4785.679,4785.8315,0.15250000000014552
nantes,0,10000,4785.679,4833.552,47.87299999999959
nancy,0,10000,5131.9683,5132.0293,0.06099999999969441
nancy,0,10000,5131.9683,5186.6167,54.64839999999913
nantes,0,10000,4791.9424,4792.119,0.17659999999978027
nantes,0,10000,4791.9424,4839.0366,47.094200000000455
lyon,0,10000,4748.579,4748.6675,0.08849999999983993
lyon,0,10000,4748.579,4793.4497,44.8707000000004
lyon,0,10000,4753.4756,4753.5527,0.07710000000042783
lyon,0,10000,4753.4756,4804.1357,50.66010000000006
lyon,0,10000,4760.709,4760.832,0.12300000000050204
lyon,0,10000,4760.709,4806.504,45.79500000000007
lyon,0,10000,4765.106,4765.214,0.10800000000017462
lyon,0,10000,4765.106,4812.1255,47.019500000000335
lyon,0,10000,4772.533,4772.628,0.09499999999934516
lyon,0,10000,4772.533,4820.5435,48.01049999999941
nancy,0,10000,4819.5356,4819.636,0.10040000000026339
nancy,0,10000,4819.5356,4874.339,54.80339999999978
nancy,0,10000,4823.216,4823.3154,0.09940000000005966
nancy,0,10000,4823.216,4874.8755,51.65949999999975
nancy,0,10000,4827.3145,4827.4146,0.10009999999965657
nancy,0,10000,4827.3145,4877.8794,50.5648999999994
nancy,0,10000,4831.531,4831.62,0.08899999999994179
nancy,0,10000,4831.531,4886.549,55.01800000000003
nancy,0,10000,5135.806,5135.8696,0.063600000000406
nancy,0,10000,5135.806,5191.541,55.73500000000058
nancy,0,10000,4835.3374,4835.4395,0.10210000000006403
nancy,0,10000,4835.3374,4888.9487,53.611299999999574
rennes,0,10000,4747.003,4747.1494,0.14640000000053988
rennes,0,10000,4747.003,4796.2983,49.29530000000068
rennes,0,10000,4751.747,4751.924,0.17699999999967986
rennes,0,10000,4751.747,4799.4614,47.71439999999984
rennes,0,10000,4757.014,4757.16,0.1459999999997308
rennes,0,10000,4757.014,4807.02,50.00600000000031
rennes,0,10000,4762.125,4762.28,0.15499999999974534
rennes,0,10000,4762.125,4810.859,48.73400000000038
rennes,0,10000,4767.3633,4767.5107,0.1473999999998341
rennes,0,10000,4767.3633,4817.0303,49.66700000000037
nantes,0,10000,4673.653,4673.7363,0.08329999999932625
nantes,0,10000,4673.653,4720.236,46.58299999999963
nantes,0,10000,4679.492,4679.592,0.0999999999994543
nantes,0,10000,4679.492,4729.0273,49.53529999999955
nantes,0,10000,4686.007,4686.1055,0.09850000000005821
nantes,0,10000,4686.007,4736.7065,50.699500000000626
nantes,0,10000,4693.371,4693.4517,0.08069999999952415
nantes,0,10000,4693.371,4744.072,50.70100000000002
nancy,0,10000,5140.141,5140.197,0.056000000000494765
nancy,0,10000,5140.141,5192.735,52.59400000000005
nantes,0,10000,4698.9717,4699.0684,0.0967000000000553
nantes,0,10000,4698.9717,4744.523,45.55130000000008
lyon,0,10000,4647.339,4647.487,0.14800000000013824
lyon,0,10000,4647.339,4694.6724,47.33340000000044
lyon,0,10000,4651.958,4652.098,0.14000000000032742
lyon,0,10000,4651.958,4702.485,50.527000000000044
lyon,0,10000,4659.522,4659.6807,0.15869999999995343
lyon,0,10000,4659.522,4708.655,49.13299999999981
lyon,0,10000,4664.819,4664.963,0.14399999999932334
lyon,0,10000,4664.819,4714.898,50.07899999999972
lyon,0,10000,4671.454,4671.5938,0.13979999999992287
lyon,0,10000,4671.454,4721.6904,50.236400000000685
nancy,0,10000,4747.796,4747.904,0.10800000000017462
nancy,0,10000,4747.796,4800.8457,53.049699999999575
nancy,0,10000,4751.3184,4751.438,0.11959999999999127
nancy,0,10000,4751.3184,4805.4453,54.126900000000205
nancy,0,10000,4755.3286,4755.4375,0.10890000000017608
nancy,0,10000,4755.3286,4810.324,54.99539999999979
nancy,0,10000,4759.0825,4759.189,0.10649999999986903
nancy,0,10000,4759.0825,4815.2656,56.183099999999286
lyon,1,10000,5079.195,5079.3247,0.12970000000041182
lyon,1,10000,5079.195,5124.0244,44.82940000000053
nancy,1,10000,5165.1123,5165.2227,0.11040000000048167
nancy,1,10000,5165.1123,5216.891,51.778699999999844
nancy,1,10000,4877.197,4877.2607,0.06369999999969878
nancy,1,10000,4877.197,4930.7964,53.59940000000006
nancy,1,10000,5113.866,5113.932,0.06599999999980355
nancy,1,10000,5113.866,5167.5254,53.65940000000046
nancy,1,10000,5118.0557,5118.119,0.06329999999979918
nancy,1,10000,5118.0557,5170.343,52.28729999999996
nancy,1,10000,5122.1187,5122.19,0.07129999999961001
nancy,1,10000,5122.1187,5176.7544,54.635699999999815
nancy,1,10000,5126.166,5126.2295,0.06350000000020373
nancy,1,10000,5126.166,5178.5864,52.42039999999997
nancy,1,10000,5130.131,5130.2188,0.08779999999933352
nancy,1,10000,5130.131,5180.2915,50.160499999999956
rennes,1,10000,5032.903,5033.063,0.15999999999985448
rennes,1,10000,5032.903,5081.664,48.76099999999951
rennes,1,10000,5037.5293,5037.683,0.1536999999998443
rennes,1,10000,5037.5293,5085.182,47.65269999999964
rennes,1,10000,5042.5205,5042.6855,0.16499999999996362
rennes,1,10000,5042.5205,5087.7026,45.18209999999999
rennes,1,10000,5047.252,5047.4165,0.16449999999986176
rennes,1,10000,5047.252,5097.0293,49.77729999999974
lyon,1,10000,5085.1206,5085.2373,0.11669999999958236
lyon,1,10000,5085.1206,5132.7754,47.65480000000025
rennes,1,10000,5052.07,5052.2324,0.16240000000016153
rennes,1,10000,5052.07,5096.7075,44.63750000000073
nantes,1,10000,5003.5938,5003.869,0.27520000000004075
nantes,1,10000,5003.5938,5052.316,48.72220000000016
nantes,1,10000,5010.0825,5010.1855,0.10299999999915599
nantes,1,10000,5010.0825,5055.4995,45.41699999999946
nantes,1,10000,5015.5806,5015.684,0.10339999999996508
nantes,1,10000,5015.5806,5064.658,49.077400000000125
nantes,1,10000,5022.523,5022.6016,0.07859999999982392
nantes,1,10000,5022.523,5071.273,48.75
nantes,1,10000,5027.823,5027.93,0.1069999999999709
nantes,1,10000,5027.823,5075.009,47.185999999999694
rennes,1,10000,5026.9062,5027.05,0.1437999999998283
rennes,1,10000,5026.9062,5076.034,49.1277999999993
rennes,1,10000,5031.4126,5031.634,0.22140000000035798
rennes,1,10000,5031.4126,5080.157,48.744400000000496
rennes,1,10000,5036.148,5036.372,0.22400000000016007
rennes,1,10000,5036.148,5083.3223,47.174299999999675
rennes,1,10000,5040.751,5040.9106,0.1595999999999549
rennes,1,10000,5040.751,5087.432,46.680999999999585
lyon,1,10000,5090.712,5090.8013,0.08929999999963911
lyon,1,10000,5090.712,5139.3696,48.65759999999955
rennes,1,10000,5046.217,5046.3613,0.14429999999993015
rennes,1,10000,5046.217,5092.5063,46.28930000000037
lyon,1,10000,4993.1807,4993.264,0.08330000000023574
lyon,1,10000,4993.1807,5037.7993,44.61859999999979
lyon,1,10000,4999.259,4999.3555,0.09649999999965075
lyon,1,10000,4999.259,5049.085,49.82600000000002
lyon,1,10000,5004.332,5004.4624,0.13040000000000873
lyon,1,10000,5004.332,5050.726,46.39399999999932
lyon,1,10000,5010.888,5011.0225,0.13450000000011642
lyon,1,10000,5010.888,5057.0005,46.11250000000018
lyon,1,10000,5016.0005,5016.0845,0.08399999999983265
lyon,1,10000,5016.0005,5061.587,45.58650000000034
nancy,1,10000,5072.878,5073.053,0.1750000000001819
nancy,1,10000,5072.878,5124.342,51.46399999999994
nancy,1,10000,5076.733,5076.909,0.17599999999947613
nancy,1,10000,5076.733,5126.8105,50.07749999999942
nancy,1,10000,5080.6694,5080.8467,0.17730000000028667
nancy,1,10000,5080.6694,5131.324,50.654599999999846
nancy,1,10000,5084.7065,5084.8633,0.15679999999974825
nancy,1,10000,5084.7065,5138.3896,53.683100000000195
lyon,1,10000,5096.694,5096.8105,0.11649999999917782
lyon,1,10000,5096.694,5146.554,49.85999999999967
nancy,1,10000,5088.798,5088.978,0.18000000000029104
nancy,1,10000,5088.798,5142.2417,53.44369999999981
rennes,1,10000,4967.0337,4967.182,0.14829999999983556
rennes,1,10000,4967.0337,5016.5864,49.552700000000186
rennes,1,10000,4971.9644,4972.1436,0.17920000000049185
rennes,1,10000,4971.9644,5018.771,46.80659999999989
rennes,1,10000,4976.4385,4976.6,0.16150000000016007
rennes,1,10000,4976.4385,5025.845,49.40650000000005
rennes,1,10000,4981.4917,4981.6343,0.1426000000001295
rennes,1,10000,4981.4917,5030.15,48.658300000000054
rennes,1,10000,4986.159,4986.3057,0.1467000000002372
rennes,1,10000,4986.159,5035.6074,49.44840000000022
rennes,1,10000,4963.142,4963.232,0.09000000000014552
rennes,1,10000,4963.142,5010.506,47.36400000000049
rennes,1,10000,4967.511,4967.6035,0.09249999999974534
rennes,1,10000,4967.511,5014.3633,46.85229999999956
rennes,1,10000,4972.5815,4972.6714,0.08989999999994325
rennes,1,10000,4972.5815,5020.358,47.77649999999994
rennes,1,10000,4977.3604,4977.451,0.09060000000044965
rennes,1,10000,4977.3604,5024.3516,46.99120000000039
lyon,1,10000,5102.395,5102.523,0.12799999999970169
lyon,1,10000,5102.395,5151.582,49.1869999999999
rennes,1,10000,4982.443,4982.5347,0.09169999999994616
rennes,1,10000,4982.443,5030.2583,47.81530000000021
nantes,1,10000,4885.449,4885.5425,0.09349999999994907
nantes,1,10000,4885.449,4933.9727,48.523700000000645
nantes,1,10000,4891.564,4891.675,0.11099999999987631
nantes,1,10000,4891.564,4941.02,49.45600000000013
nantes,1,10000,4897.4507,4897.5566,0.1058999999995649
nantes,1,10000,4897.4507,4945.599,48.148299999999836
nantes,1,10000,4904.067,4904.2188,0.1517999999996391
nantes,1,10000,4904.067,4952.25,48.18299999999999
nantes,1,10000,4909.5156,4909.608,0.09240000000045256
nantes,1,10000,4909.5156,4959.2354,49.71979999999985
lyon,1,10000,4889.922,4890.067,0.14500000000043656
lyon,1,10000,4889.922,4937.19,47.26800000000003
lyon,1,10000,4895.9585,4896.171,0.2125000000005457
lyon,1,10000,4895.9585,4943.0625,47.10400000000027
lyon,1,10000,4901.2466,4901.421,0.17439999999987776
lyon,1,10000,4901.2466,4946.3955,45.14889999999923
lyon,1,10000,4908.0083,4908.157,0.14869999999973516
lyon,1,10000,4908.0083,4954.8135,46.805199999999786
nancy,1,10000,5149.6333,5149.739,0.10569999999916035
nancy,1,10000,5149.6333,5201.0728,51.4394999999995
lyon,1,10000,4912.9565,4913.169,0.2124999999996362
lyon,1,10000,4912.9565,4959.48,46.52349999999933
nantes,1,10000,4878.8677,4878.955,0.08730000000014115
nantes,1,10000,4878.8677,4927.285,48.41730000000007
nantes,1,10000,4885.4976,4885.5835,0.08590000000003783
nantes,1,10000,4885.4976,4935.126,49.62840000000051
nantes,1,10000,4891.6177,4891.701,0.08330000000023574
nantes,1,10000,4891.6177,4937.1445,45.52680000000055
nantes,1,10000,4898.3994,4898.4795,0.08010000000012951
nantes,1,10000,4898.3994,4947.3022,48.90279999999984
nantes,1,10000,4904.2803,4904.3604,0.08009999999922002
nantes,1,10000,4904.2803,4949.6313,45.35099999999966
nantes,1,10000,4862.1567,4862.2954,0.13870000000042637
nantes,1,10000,4862.1567,4908.6333,46.47660000000087
nantes,1,10000,4867.6,4867.7437,0.14369999999962602
nantes,1,10000,4867.6,4914.3765,46.77649999999994
nantes,1,10000,4874.1567,4874.306,0.1493000000000393
nantes,1,10000,4874.1567,4920.0,45.843300000000454
nantes,1,10000,4880.93,4881.105,0.1749999999992724
nantes,1,10000,4880.93,4928.0864,47.15639999999985
nancy,1,10000,5153.409,5153.514,0.10500000000047294
nancy,1,10000,5153.409,5204.165,50.75600000000031
nantes,1,10000,4887.2896,4887.4316,0.14199999999982538
nantes,1,10000,4887.2896,4936.8823,49.59270000000015
lyon,1,10000,4845.315,4850.7275,5.412500000000364
lyon,1,10000,4845.315,4890.766,45.45100000000002
lyon,1,10000,4851.166,4851.286,0.11999999999989086
lyon,1,10000,4851.166,4898.8125,47.64649999999983
lyon,1,10000,4856.2056,4856.3306,0.125
lyon,1,10000,4856.2056,4904.5444,48.33879999999954
lyon,1,10000,4862.801,4862.8916,0.09059999999954016
lyon,1,10000,4862.801,4910.3574,47.556399999999485
lyon,1,10000,4867.9595,4868.084,0.12449999999989814
lyon,1,10000,4867.9595,4913.1577,45.198199999999815
nancy,1,10000,4902.7954,4902.859,0.063600000000406
nancy,1,10000,4902.7954,4956.6914,53.89599999999973
nancy,1,10000,4906.855,4906.918,0.06300000000010186
nancy,1,10000,4906.855,4958.7354,51.88040000000001
nancy,1,10000,4910.76,4910.821,0.06099999999969441
nancy,1,10000,4910.76,4964.569,53.8090000000002
nancy,1,10000,4914.6284,4914.69,0.061599999999998545
nancy,1,10000,4914.6284,4969.946,55.31760000000031
nancy,1,10000,5157.5205,5157.6396,0.1191000000007989
nancy,1,10000,5157.5205,5208.8247,51.30420000000049
nancy,1,10000,4918.581,4918.64,0.05900000000019645
nancy,1,10000,4918.581,4972.667,54.08600000000024
rennes,1,10000,4846.5503,4846.7065,0.1562000000003536
rennes,1,10000,4846.5503,4893.158,46.60770000000048
rennes,1,10000,4851.451,4851.5947,0.14369999999962602
rennes,1,10000,4851.451,4899.094,47.64300000000003
rennes,1,10000,4856.1084,4856.267,0.15859999999975116
rennes,1,10000,4856.1084,4905.264,49.15560000000005
rennes,1,10000,4861.151,4861.2964,0.14540000000033615
rennes,1,10000,4861.151,4906.1367,44.98570000000018
rennes,1,10000,4866.414,4866.633,0.21900000000005093
rennes,1,10000,4866.414,4913.8867,47.47270000000026
nantes,1,10000,4758.7896,4758.934,0.14440000000013242
nantes,1,10000,4758.7896,4805.962,47.17240000000038
nantes,1,10000,4763.84,4763.971,0.13099999999940337
nantes,1,10000,4763.84,4809.534,45.693999999999505
nantes,1,10000,4769.8247,4769.9556,0.1309000000001106
nantes,1,10000,4769.8247,4818.7144,48.88969999999972
nantes,1,10000,4777.0186,4777.237,0.2183999999997468
nantes,1,10000,4777.0186,4822.4385,45.41989999999987
nancy,1,10000,5161.4365,5161.5415,0.10500000000047294
nancy,1,10000,5161.4365,5216.582,55.14550000000054
nantes,1,10000,4783.067,4783.196,0.1289999999999054
nantes,1,10000,4783.067,4829.0244,45.957400000000234
lyon,1,10000,4769.398,4769.5273,0.12929999999960273
lyon,1,10000,4769.398,4815.401,46.0029999999997
lyon,1,10000,4775.8887,4776.068,0.17929999999978463
lyon,1,10000,4775.8887,4824.0293,48.14059999999972
lyon,1,10000,4780.9434,4781.074,0.13059999999950378
lyon,1,10000,4780.9434,4830.799,49.85559999999987
lyon,1,10000,4786.878,4787.021,0.1430000000000291
lyon,1,10000,4786.878,4832.1206,45.24260000000049
lyon,1,10000,4792.5596,4792.692,0.13240000000041618
lyon,1,10000,4792.5596,4841.893,49.33340000000044
nancy,1,10000,4862.0654,4862.129,0.0635999999994965
nancy,1,10000,4862.0654,4915.467,53.401599999999235
nancy,1,10000,4865.5293,4865.5854,0.05609999999978754
nancy,1,10000,4865.5293,4917.4243,51.89499999999953
nancy,1,10000,4869.5264,4869.6104,0.08399999999983265
nancy,1,10000,4869.5264,4922.8555,53.329099999999926
nancy,1,10000,4873.194,4873.278,0.08399999999983265
nancy,1,10000,4873.194,4924.7017,51.507699999999204
lyon,2,10000,5103.5815,5103.7344,0.1529000000000451
lyon,2,10000,5103.5815,5149.9033,46.32179999999971
nancy,2,10000,5174.624,5174.707,0.08300000000053842
nancy,2,10000,5174.624,5230.629,56.00500000000011
nancy,2,10000,4755.398,4755.5493,0.15129999999953725
nancy,2,10000,4755.398,4810.5957,55.19769999999971
nancy,2,10000,5152.937,5153.0806,0.14360000000033324
nancy,2,10000,5152.937,5207.447,54.51000000000022
nancy,2,10000,5156.808,5156.953,0.14500000000043656
nancy,2,10000,5156.808,5209.6616,52.85360000000037
nancy,2,10000,5160.967,5161.1104,0.1433999999999287
nancy,2,10000,5160.967,5215.7207,54.75370000000021
nancy,2,10000,5164.895,5165.037,0.14199999999982538
nancy,2,10000,5164.895,5219.494,54.59899999999925
nancy,2,10000,5169.022,5169.177,0.15499999999974534
nancy,2,10000,5169.022,5223.473,54.45100000000002
rennes,2,10000,5050.269,5050.409,0.13999999999941792
rennes,2,10000,5050.269,5098.7124,48.44340000000011
rennes,2,10000,5054.695,5054.837,0.14200000000073487
rennes,2,10000,5054.695,5103.244,48.54899999999998
rennes,2,10000,5059.4214,5059.567,0.1455999999998312
rennes,2,10000,5059.4214,5106.9717,47.55029999999988
rennes,2,10000,5064.7944,5064.954,0.1595999999999549
rennes,2,10000,5064.7944,5112.486,47.69160000000011
lyon,2,10000,5110.35,5110.489,0.1389999999992142
lyon,2,10000,5110.35,5160.9463,50.596299999999246
rennes,2,10000,5069.154,5069.3037,0.14969999999993888
rennes,2,10000,5069.154,5113.7637,44.609699999999975
nantes,2,10000,5020.124,5020.211,0.08700000000044383
nantes,2,10000,5020.124,5068.4414,48.31739999999991
nantes,2,10000,5025.603,5025.7505,0.14750000000003638
nantes,2,10000,5025.603,5072.3335,46.730499999999665
nantes,2,10000,5031.275,5031.394,0.11900000000059663
nantes,2,10000,5031.275,5075.8364,44.5614000000005
nantes,2,10000,5037.675,5037.757,0.0819999999994252
nantes,2,10000,5037.675,5086.976,49.300999999999476
nantes,2,10000,5043.444,5043.5635,0.119499999999789
nantes,2,10000,5043.444,5088.816,45.37199999999939
rennes,2,10000,5018.51,5018.675,0.16499999999996362
rennes,2,10000,5018.51,5067.1826,48.672599999999875
rennes,2,10000,5023.2163,5023.3594,0.14310000000023138
rennes,2,10000,5023.2163,5073.136,49.919700000000375
rennes,2,10000,5027.9946,5028.1777,0.183100000000195
rennes,2,10000,5027.9946,5072.939,44.944400000000314
rennes,2,10000,5032.635,5032.806,0.170999999999367
rennes,2,10000,5032.635,5081.3193,48.684299999999894
lyon,2,10000,5115.2764,5115.437,0.16060000000015862
lyon,2,10000,5115.2764,5161.6094,46.33300000000054
rennes,2,10000,5037.8354,5037.979,0.14360000000033324
rennes,2,10000,5037.8354,5086.3774,48.54200000000037
lyon,2,10000,4962.2695,4962.407,0.1374999999998181
lyon,2,10000,4962.2695,5011.605,49.33549999999923
lyon,2,10000,4968.32,4968.455,0.13500000000021828
lyon,2,10000,4968.32,5016.1387,47.81870000000072
lyon,2,10000,4972.878,4973.0244,0.14640000000053988
lyon,2,10000,4972.878,5020.059,47.181000000000495
lyon,2,10000,4979.629,4979.763,0.13400000000001455
lyon,2,10000,4979.629,5028.774,49.14500000000044
lyon,2,10000,4985.508,4985.6436,0.1356000000005224
lyon,2,10000,4985.508,5033.767,48.259000000000015
nancy,2,10000,5052.6196,5052.774,0.1544000000003507
nancy,2,10000,5052.6196,5106.2017,53.58209999999963
nancy,2,10000,5056.417,5056.571,0.15399999999954161
nancy,2,10000,5056.417,5111.5024,55.085399999999936
nancy,2,10000,5060.308,5060.462,0.1540000000004511
nancy,2,10000,5060.308,5113.463,53.154999999999745
nancy,2,10000,5064.035,5064.185,0.1500000000005457
nancy,2,10000,5064.035,5114.381,50.34600000000046
lyon,2,10000,5122.0005,5122.209,0.2084999999997308
lyon,2,10000,5122.0005,5167.712,45.71150000000034
nancy,2,10000,5067.92,5068.1055,0.18549999999959255
nancy,2,10000,5067.92,5118.1187,50.19869999999992
rennes,2,10000,4962.6914,4962.784,0.09259999999994761
rennes,2,10000,4962.6914,5009.1997,46.50830000000042
rennes,2,10000,4967.353,4967.4785,0.12550000000010186
rennes,2,10000,4967.353,5012.248,44.89499999999953
rennes,2,10000,4972.167,4972.3394,0.1723999999994703
rennes,2,10000,4972.167,5017.882,45.714999999999236
rennes,2,10000,4977.2563,4977.336,0.07970000000022992
rennes,2,10000,4977.2563,5026.393,49.13670000000002
rennes,2,10000,4982.142,4982.214,0.07200000000011642
rennes,2,10000,4982.142,5029.9023,47.760299999999916
rennes,2,10000,4954.036,4954.179,0.1430000000000291
rennes,2,10000,4954.036,5004.725,50.689000000000306
rennes,2,10000,4958.516,4958.664,0.14800000000013824
rennes,2,10000,4958.516,5009.2183,50.70230000000083
rennes,2,10000,4963.142,4963.288,0.1459999999997308
rennes,2,10000,4963.142,5010.8965,47.75450000000001
rennes,2,10000,4968.2935,4968.451,0.15750000000025466
rennes,2,10000,4968.2935,5016.23,47.936499999999796
lyon,2,10000,5127.1504,5127.3604,0.20999999999912689
lyon,2,10000,5127.1504,5173.002,45.85159999999996
rennes,2,10000,4973.2466,4973.3896,0.1430000000000291
rennes,2,10000,4973.2466,5023.0527,49.80609999999979
nantes,2,10000,4852.706,4852.8516,0.1455999999998312
nantes,2,10000,4852.706,4901.4165,48.71050000000014
nantes,2,10000,4859.3354,4859.546,0.21060000000034051
nantes,2,10000,4859.3354,4909.3545,50.019100000000435
nantes,2,10000,4865.006,4865.2134,0.2073999999993248
nantes,2,10000,4865.006,4911.2173,46.21129999999994
nantes,2,10000,4871.788,4872.0083,0.22030000000086147
nantes,2,10000,4871.788,4920.124,48.33600000000024
nantes,2,10000,4877.3315,4877.4736,0.14210000000002765
nantes,2,10000,4877.3315,4926.6694,49.337899999999536
lyon,2,10000,4811.8184,4811.9062,0.08780000000024302
lyon,2,10000,4811.8184,4860.4834,48.664999999999964
lyon,2,10000,4817.3203,4817.398,0.07769999999982247
lyon,2,10000,4817.3203,4867.162,49.841699999999946
lyon,2,10000,4822.185,4822.3047,0.11969999999928405
lyon,2,10000,4822.185,4869.5747,47.38969999999972
lyon,2,10000,4829.0913,4829.173,0.08169999999972788
lyon,2,10000,4829.0913,4876.961,47.86970000000019
nancy,2,10000,5158.543,5158.6255,0.08250000000043656
nancy,2,10000,5158.543,5210.054,51.51100000000042
lyon,2,10000,4834.415,4834.5083,0.09330000000045402
lyon,2,10000,4834.415,4884.546,50.13100000000031
nantes,2,10000,4816.5435,4816.683,0.13950000000022555
nantes,2,10000,4816.5435,4866.6343,50.090799999999945
nantes,2,10000,4821.7583,4821.897,0.13869999999951688
nantes,2,10000,4821.7583,4867.7974,46.03909999999996
nantes,2,10000,4827.832,4827.9893,0.15729999999985012
nantes,2,10000,4827.832,4877.2656,49.43359999999939
nantes,2,10000,4834.005,4834.144,0.1390000000001237
nantes,2,10000,4834.005,4884.682,50.67699999999968
nantes,2,10000,4839.951,4840.11,0.15899999999965075
nantes,2,10000,4839.951,4888.7925,48.84149999999954
nantes,2,10000,4794.569,4794.7236,0.15459999999984575
nantes,2,10000,4794.569,4844.6147,50.04569999999967
nantes,2,10000,4800.9263,4801.12,0.19369999999980791
nantes,2,10000,4800.9263,4846.975,46.04870000000028
nantes,2,10000,4806.1953,4806.3403,0.14499999999952706
nantes,2,10000,4806.1953,4856.503,50.307699999999386
nantes,2,10000,4812.701,4812.8525,0.1514999999999418
nantes,2,10000,4812.701,4858.7217,46.02070000000003
nancy,2,10000,5162.3667,5162.485,0.11830000000009022
nancy,2,10000,5162.3667,5218.2515,55.88480000000072
nantes,2,10000,4817.9497,4818.0977,0.14800000000013824
nantes,2,10000,4817.9497,4864.7305,46.780799999999545
lyon,2,10000,4759.7983,4759.909,0.1106999999992695
lyon,2,10000,4759.7983,4804.9365,45.138199999999415
lyon,2,10000,4765.912,4765.9844,0.07240000000001601
lyon,2,10000,4765.912,4812.549,46.636999999999716
lyon,2,10000,4771.199,4771.2935,0.0945000000001528
lyon,2,10000,4771.199,4818.394,47.19500000000062
lyon,2,10000,4777.6313,4777.8154,0.18410000000039872
lyon,2,10000,4777.6313,4822.9287,45.29740000000038
lyon,2,10000,4783.158,4783.261,0.10300000000006548
lyon,2,10000,4783.158,4833.188,50.029999999999745
nancy,2,10000,4841.5986,4841.75,0.15139999999973952
nancy,2,10000,4841.5986,4897.785,56.186399999999594
nancy,2,10000,4845.1665,4845.3145,0.14800000000013824
nancy,2,10000,4845.1665,4896.0728,50.906299999999646
nancy,2,10000,4848.8516,4849.0034,0.1517999999996391
nancy,2,10000,4848.8516,4904.3906,55.53899999999976
nancy,2,10000,4852.761,4852.913,0.15199999999913416
nancy,2,10000,4852.761,4903.9595,51.19849999999951
nancy,2,10000,5166.5024,5166.6377,0.1352999999999156
nancy,2,10000,5166.5024,5218.717,52.214599999999336
nancy,2,10000,4856.5215,4856.676,0.15450000000055297
nancy,2,10000,4856.5215,4909.219,52.69750000000022
rennes,2,10000,4749.967,4750.0415,0.07450000000062573
rennes,2,10000,4749.967,4797.2104,47.24340000000029
rennes,2,10000,4754.7124,4754.7866,0.07420000000001892
rennes,2,10000,4754.7124,4801.1733,46.46090000000004
rennes,2,10000,4759.5723,4759.713,0.14069999999992433
rennes,2,10000,4759.5723,4806.614,47.041699999999764
rennes,2,10000,4764.2344,4764.3496,0.11519999999927677
rennes,2,10000,4764.2344,4812.71,48.47559999999976
rennes,2,10000,4769.2007,4769.294,0.09329999999954453
rennes,2,10000,4769.2007,4819.017,49.8162999999995
nantes,2,10000,4690.657,4690.738,0.08100000000013097
nantes,2,10000,4690.657,4741.174,50.516999999999825
nantes,2,10000,4697.4097,4697.4917,0.0819999999994252
nantes,2,10000,4697.4097,4743.773,46.36329999999998
nantes,2,10000,4702.632,4702.714,0.0820000000003347
nantes,2,10000,4702.632,4749.728,47.09600000000046
nantes,2,10000,4709.684,4709.8027,0.11869999999998981
nantes,2,10000,4709.684,4754.5396,44.85559999999987
nancy,2,10000,5170.531,5170.6265,0.09550000000035652
nancy,2,10000,5170.531,5220.895,50.36400000000049
nantes,2,10000,4715.792,4715.8936,0.10159999999996217
nantes,2,10000,4715.792,4761.4224,45.63040000000001
lyon,2,10000,4671.5503,4671.7256,0.17529999999987922
lyon,2,10000,4671.5503,4718.5845,47.034200000000055
lyon,2,10000,4677.987,4678.179,0.19200000000000728
lyon,2,10000,4677.987,4723.402,45.414999999999964
lyon,2,10000,4683.04,4683.1997,0.15970000000015716
lyon,2,10000,4683.04,4731.9404,48.900400000000445
lyon,2,10000,4690.0293,4690.188,0.15869999999995343
lyon,2,10000,4690.0293,4735.41,45.380699999999706
lyon,2,10000,4695.5073,4695.6733,0.16600000000016735
lyon,2,10000,4695.5073,4742.701,47.19369999999981
nancy,2,10000,4739.469,4739.6235,0.15449999999964348
nancy,2,10000,4739.469,4793.7593,54.29029999999966
nancy,2,10000,4743.2427,4743.424,0.18130000000019209
nancy,2,10000,4743.2427,4799.134,55.89130000000023
nancy,2,10000,4747.503,4747.654,0.15100000000074942
nancy,2,10000,4747.503,4800.718,53.215000000000146
nancy,2,10000,4751.3516,4751.502,0.1504000000004453
nancy,2,10000,4751.3516,4802.119,50.767399999999725
lyon,3,10000,5030.909,5031.0376,0.12860000000000582
lyon,3,10000,5030.909,5080.867,49.95800000000054
nancy,3,10000,5105.421,5105.571,0.1499999999996362
nancy,3,10000,5105.421,5160.6353,55.21429999999964
nancy,3,10000,4783.3047,4783.4814,0.17669999999998254
nancy,3,10000,4783.3047,4834.852,51.54730000000018
nancy,3,10000,5092.7935,5092.9453,0.1518000000005486
nancy,3,10000,5092.7935,5147.9663,55.17280000000028
nancy,3,10000,5096.3574,5096.509,0.15160000000014406
nancy,3,10000,5096.3574,5152.4824,56.125
nancy,3,10000,5100.122,5100.2744,0.15239999999994325
nancy,3,10000,5100.122,5151.8066,51.68459999999959
nancy,3,10000,5103.705,5103.8545,0.14950000000044383
nancy,3,10000,5103.705,5158.024,54.319000000000415
nancy,3,10000,5107.562,5107.714,0.15200000000004366
nancy,3,10000,5107.562,5161.2593,53.697299999999814
rennes,3,10000,4945.3994,4945.536,0.13659999999981665
rennes,3,10000,4945.3994,4995.6646,50.26519999999982
rennes,3,10000,4950.2407,4950.3604,0.11969999999928405
rennes,3,10000,4950.2407,5000.761,50.520300000000134
rennes,3,10000,4955.304,4955.4414,0.13739999999961583
rennes,3,10000,4955.304,5004.0835,48.77949999999964
rennes,3,10000,4959.7954,4959.9355,0.1400999999996202
rennes,3,10000,4959.7954,5009.7515,49.95610000000033
lyon,3,10000,5037.7544,5037.8994,0.14500000000043656
lyon,3,10000,5037.7544,5086.3066,48.552200000000084
rennes,3,10000,4964.439,4964.579,0.13999999999941792
rennes,3,10000,4964.439,5013.3584,48.91939999999977
nantes,3,10000,4938.7275,4938.8125,0.08500000000003638
nantes,3,10000,4938.7275,4986.6367,47.909200000000055
nantes,3,10000,4944.584,4944.686,0.10199999999986176
nantes,3,10000,4944.584,4991.936,47.35199999999986
nantes,3,10000,4950.1714,4950.2515,0.08010000000012951
nantes,3,10000,4950.1714,4998.3877,48.21630000000005
nantes,3,10000,4957.0527,4957.1543,0.10159999999996217
nantes,3,10000,4957.0527,5007.176,50.1233000000002
nantes,3,10000,4962.7217,4962.8013,0.07960000000002765
nantes,3,10000,4962.7217,5011.3813,48.659599999999955
rennes,3,10000,4964.903,4964.9824,0.0793999999996231
rennes,3,10000,4964.903,5014.8696,49.966599999999744
rennes,3,10000,4970.1587,4970.263,0.10429999999996653
rennes,3,10000,4970.1587,5015.2695,45.11080000000038
rennes,3,10000,4974.6523,4974.771,0.11869999999998981
rennes,3,10000,4974.6523,5022.9326,48.28030000000035
rennes,3,10000,4979.979,4980.131,0.15200000000004366
rennes,3,10000,4979.979,5026.902,46.922999999999774
lyon,3,10000,5042.7065,5042.84,0.1334999999999127
lyon,3,10000,5042.7065,5092.381,49.67450000000008
rennes,3,10000,4984.4556,4984.577,0.12139999999999418
rennes,3,10000,4984.4556,5033.896,49.4403999999995
lyon,3,10000,4918.9253,4919.0376,0.11229999999977736
lyon,3,10000,4918.9253,4967.964,49.03870000000006
lyon,3,10000,4924.898,4924.977,0.07899999999972351
lyon,3,10000,4924.898,4970.505,45.60699999999997
lyon,3,10000,4929.9688,4930.064,0.0952000000006592
lyon,3,10000,4929.9688,4977.2046,47.23580000000038
lyon,3,10000,4936.7017,4936.781,0.07930000000033033
lyon,3,10000,4936.7017,4986.1294,49.427700000000186
lyon,3,10000,4941.811,4941.9243,0.11329999999998108
lyon,3,10000,4941.811,4991.9995,50.188500000000204
nancy,3,10000,4992.7856,4992.8945,0.10890000000017608
nancy,3,10000,4992.7856,5045.548,52.762399999999616
nancy,3,10000,4996.3247,4996.461,0.13630000000011933
nancy,3,10000,4996.3247,5047.347,51.02229999999963
nancy,3,10000,5000.183,5000.301,0.1180000000003929
nancy,3,10000,5000.183,5053.2065,53.02350000000024
nancy,3,10000,5004.0366,5004.142,0.10539999999946303
nancy,3,10000,5004.0366,5059.459,55.42239999999947
lyon,3,10000,5049.08,5049.2183,0.13830000000052678
lyon,3,10000,5049.08,5095.213,46.13299999999981
nancy,3,10000,5007.6953,5007.805,0.10969999999997526
nancy,3,10000,5007.6953,5060.785,53.08969999999954
rennes,3,10000,4896.6523,4896.8174,0.1651000000001659
rennes,3,10000,4896.6523,4941.6064,44.954099999999926
rennes,3,10000,4901.2124,4901.451,0.2385999999996784
rennes,3,10000,4901.2124,4948.7686,47.55619999999999
rennes,3,10000,4905.7856,4905.982,0.19639999999981228
rennes,3,10000,4905.7856,4953.4287,47.64310000000023
rennes,3,10000,4910.9683,4911.155,0.18669999999929132
rennes,3,10000,4910.9683,4956.7656,45.79729999999927
rennes,3,10000,4915.6597,4915.8994,0.2397000000000844
rennes,3,10000,4915.6597,4963.2837,47.623999999999796
rennes,3,10000,4885.574,4885.723,0.14900000000034197
rennes,3,10000,4885.574,4932.165,46.59100000000035
rennes,3,10000,4890.1772,4890.2563,0.07909999999992579
rennes,3,10000,4890.1772,4939.995,49.81779999999981
rennes,3,10000,4894.7603,4894.8516,0.09130000000004657
rennes,3,10000,4894.7603,4942.0967,47.33640000000014
rennes,3,10000,4900.3584,4900.474,0.11560000000008586
rennes,3,10000,4900.3584,4948.8276,48.469199999999546
lyon,3,10000,5054.505,5054.637,0.1319999999996071
lyon,3,10000,5054.505,5099.597,45.09199999999964
rennes,3,10000,4904.9907,4905.081,0.09029999999984284
rennes,3,10000,4904.9907,4952.5254,47.53470000000016
nantes,3,10000,4809.5874,4809.6895,0.10210000000006403
nantes,3,10000,4809.5874,4858.4497,48.86229999999978
nantes,3,10000,4815.694,4815.839,0.14499999999952706
nantes,3,10000,4815.694,4863.6274,47.93339999999989
nantes,3,10000,4821.385,4821.4844,0.09940000000005966
nantes,3,10000,4821.385,4868.843,47.45799999999963
nantes,3,10000,4828.0415,4828.128,0.08649999999943248
nantes,3,10000,4828.0415,4877.1855,49.14399999999932
nantes,3,10000,4833.852,4833.9404,0.08840000000054715
nantes,3,10000,4833.852,4881.659,47.80699999999979
lyon,3,10000,4796.539,4796.681,0.14199999999982538
lyon,3,10000,4796.539,4845.644,49.10500000000047
lyon,3,10000,4803.044,4803.1777,0.13370000000031723
lyon,3,10000,4803.044,4852.418,49.373999999999796
lyon,3,10000,4808.044,4808.1787,0.13470000000052096
lyon,3,10000,4808.044,4857.7007,49.656700000000455
lyon,3,10000,4814.3887,4814.537,0.14829999999983556
lyon,3,10000,4814.3887,4864.499,50.11029999999937
nancy,3,10000,5089.966,5090.1167,0.15069999999923311
nancy,3,10000,5089.966,5144.3857,54.419699999999466
lyon,3,10000,4819.9355,4820.068,0.13250000000061846
lyon,3,10000,4819.9355,4870.278,50.342500000000655
nantes,3,10000,4779.8105,4779.891,0.0805000000000291
nantes,3,10000,4779.8105,4827.8066,47.9961000000003
nantes,3,10000,4786.06,4786.157,0.09699999999975262
nantes,3,10000,4786.06,4832.7246,46.664599999999155
nantes,3,10000,4791.303,4791.3877,0.08470000000033906
nantes,3,10000,4791.303,4841.63,50.327000000000226
nantes,3,10000,4797.9224,4798.0195,0.09709999999995489
nantes,3,10000,4797.9224,4848.411,50.48859999999968
nantes,3,10000,4803.9297,4804.0186,0.08890000000064902
nantes,3,10000,4803.9297,4852.2007,48.27100000000064
nantes,3,10000,4754.038,4754.159,0.12100000000009459
nantes,3,10000,4754.038,4800.828,46.79000000000087
nantes,3,10000,4760.049,4760.154,0.10500000000047294
nantes,3,10000,4760.049,4807.9673,47.91830000000027
nantes,3,10000,4765.575,4765.705,0.13000000000010914
nantes,3,10000,4765.575,4810.74,45.164999999999964
nantes,3,10000,4772.0977,4772.2065,0.1087999999999738
nantes,3,10000,4772.0977,4818.704,46.606299999999464
nancy,3,10000,5093.5317,5093.682,0.15030000000024302
nancy,3,10000,5093.5317,5145.764,52.23230000000058
nantes,3,10000,4777.784,4777.8867,0.10270000000036816
nantes,3,10000,4777.784,4826.877,49.09300000000076
lyon,3,10000,4777.293,4777.3677,0.07470000000012078
lyon,3,10000,4777.293,4825.8154,48.522400000000744
lyon,3,10000,4783.428,4783.516,0.08799999999973807
lyon,3,10000,4783.428,4828.8403,45.41229999999996
lyon,3,10000,4788.372,4788.4517,0.07969999999932043
lyon,3,10000,4788.372,4836.234,47.86200000000008
lyon,3,10000,4794.7617,4794.856,0.09429999999974825
lyon,3,10000,4794.7617,4841.984,47.22230000000036
lyon,3,10000,4800.288,4800.3647,0.07670000000052823
lyon,3,10000,4800.288,4846.8047,46.51670000000013
nancy,3,10000,4839.8877,4840.045,0.15729999999985012
nancy,3,10000,4839.8877,4895.4595,55.57179999999971
nancy,3,10000,4843.6924,4843.8467,0.15430000000014843
nancy,3,10000,4843.6924,4899.622,55.92960000000039
nancy,3,10000,4847.6465,4847.8013,0.1548000000002503
nancy,3,10000,4847.6465,4903.3174,55.670900000000074
nancy,3,10000,4851.6904,4851.8457,0.15529999999944266
nancy,3,10000,4851.6904,4904.2715,52.581099999999424
nancy,3,10000,5097.6035,5097.755,0.1514999999999418
nancy,3,10000,5097.6035,5152.1865,54.58299999999963
nancy,3,10000,4855.405,4855.5596,0.15459999999984575
nancy,3,10000,4855.405,4906.411,51.00600000000031
rennes,3,10000,4726.8296,4726.952,0.1224000000001979
rennes,3,10000,4726.8296,4775.3003,48.47069999999985
rennes,3,10000,4731.7886,4731.907,0.1184000000002925
rennes,3,10000,4731.7886,4782.4414,50.65279999999984
rennes,3,10000,4736.4717,4736.562,0.09029999999984284
rennes,3,10000,4736.4717,4787.207,50.73530000000028
rennes,3,10000,4741.491,4741.569,0.07800000000042928
rennes,3,10000,4741.491,4790.1143,48.6233000000002
rennes,3,10000,4746.0938,4746.176,0.08220000000073924
rennes,3,10000,4746.0938,4792.235,46.141200000000026
nantes,3,10000,4686.863,4687.0176,0.15459999999984575
nantes,3,10000,4686.863,4731.7485,44.88549999999941
nantes,3,10000,4693.1255,4693.2363,0.11079999999947177
nantes,3,10000,4693.1255,4742.3315,49.20600000000013
nantes,3,10000,4698.8833,4699.036,0.15269999999964057
nantes,3,10000,4698.8833,4749.3594,50.47609999999986
nantes,3,10000,4705.772,4705.9355,0.16349999999965803
nantes,3,10000,4705.772,4753.4424,47.67039999999997
nancy,3,10000,5101.514,5101.6655,0.1514999999999418
nancy,3,10000,5101.514,5155.894,54.38000000000011
nantes,3,10000,4711.3105,4711.429,0.11850000000049477
nantes,3,10000,4711.3105,4756.8325,45.522000000000844
lyon,3,10000,4694.389,4694.5034,0.11439999999947759
lyon,3,10000,4694.389,4743.035,48.64599999999973
lyon,3,10000,4699.712,4699.801,0.08899999999994179
lyon,3,10000,4699.712,4746.7695,47.05749999999989
lyon,3,10000,4705.1772,4705.303,0.12579999999979918
lyon,3,10000,4705.1772,4754.6235,49.44629999999961
lyon,3,10000,4711.8994,4712.006,0.1066000000000713
lyon,3,10000,4711.8994,4757.774,45.8746000000001
lyon,3,10000,4717.3057,4717.4204,0.1147000000000844
lyon,3,10000,4717.3057,4763.611,46.30529999999999
nancy,3,10000,4768.2896,4768.4165,0.12690000000020518
nancy,3,10000,4768.2896,4820.083,51.793399999999565
nancy,3,10000,4771.8486,4772.003,0.1543999999994412
nancy,3,10000,4771.8486,4824.382,52.53339999999935
nancy,3,10000,4775.846,4775.9717,0.1257000000005064
nancy,3,10000,4775.846,4831.8496,56.003600000000006
nancy,3,10000,4779.5986,4779.724,0.1253999999998996
nancy,3,10000,4779.5986,4831.6484,52.04979999999978
lyon,4,10000,5068.2466,5068.349,0.10239999999976135
lyon,4,10000,5068.2466,5121.4688,53.22219999999925
nancy,4,10000,5152.967,5153.1235,0.15650000000005093
nancy,4,10000,5152.967,5209.2544,56.28740000000016
nancy,4,10000,4778.4497,4778.507,0.05729999999948632
nancy,4,10000,4778.4497,4837.636,59.1863000000003
nancy,4,10000,5104.457,5104.609,0.15200000000004366
nancy,4,10000,5104.457,5162.324,57.86699999999928
nancy,4,10000,5108.2812,5108.4365,0.15529999999944266
nancy,4,10000,5108.2812,5163.5093,55.22809999999936
nancy,4,10000,5112.1885,5112.3447,0.15619999999944412
nancy,4,10000,5112.1885,5167.14,54.951500000000124
nancy,4,10000,5116.066,5116.226,0.15999999999985448
nancy,4,10000,5116.066,5171.2007,55.13470000000052
nancy,4,10000,5120.0005,5120.152,0.1514999999999418
nancy,4,10000,5120.0005,5179.066,59.0654999999997
rennes,4,10000,4998.246,4998.39,0.14400000000023283
rennes,4,10000,4998.246,5047.517,49.27099999999973
rennes,4,10000,5002.8013,5002.9707,0.16939999999976862
rennes,4,10000,5002.8013,5055.6353,52.83399999999983
rennes,4,10000,5007.599,5007.7407,0.14170000000012806
rennes,4,10000,5007.599,5056.2524,48.65340000000015
rennes,4,10000,5012.5225,5012.6826,0.16010000000005675
rennes,4,10000,5012.5225,5064.3247,51.802200000000084
lyon,4,10000,5074.3457,5074.455,0.10930000000007567
lyon,4,10000,5074.3457,5125.9863,51.64059999999972
rennes,4,10000,5017.955,5018.0967,0.14170000000012806
rennes,4,10000,5017.955,5070.475,52.52000000000044
nantes,4,10000,4973.6606,4973.81,0.14940000000024156
nantes,4,10000,4973.6606,5025.4365,51.77589999999964
nantes,4,10000,4979.8926,4980.073,0.18040000000019063
nantes,4,10000,4979.8926,5030.254,50.361399999999776
nantes,4,10000,4984.894,4985.0586,0.16460000000006403
nantes,4,10000,4984.894,5034.6914,49.79739999999947
nantes,4,10000,4991.6494,4991.8213,0.17189999999936845
nantes,4,10000,4991.6494,5039.9976,48.34819999999945
nantes,4,10000,4996.9775,4997.111,0.1334999999999127
nantes,4,10000,4996.9775,5047.439,50.46150000000034
rennes,4,10000,4977.937,4978.1226,0.18559999999979482
rennes,4,10000,4977.937,5027.2686,49.331600000000435
rennes,4,10000,4982.502,4982.6494,0.1473999999998341
rennes,4,10000,4982.502,5031.6313,49.1292999999996
rennes,4,10000,4987.124,4987.374,0.25
rennes,4,10000,4987.124,5039.154,52.030000000000655
rennes,4,10000,4992.241,4992.386,0.14500000000043656
rennes,4,10000,4992.241,5043.5293,51.28830000000016
lyon,4,10000,5079.47,5079.5854,0.11539999999968131
lyon,4,10000,5079.47,5131.856,52.38599999999951
rennes,4,10000,4996.413,4996.5913,0.1783000000004904
rennes,4,10000,4996.413,5049.8013,53.38830000000053
lyon,4,10000,4946.5605,4946.72,0.1595000000006621
lyon,4,10000,4946.5605,4995.4146,48.85410000000047
lyon,4,10000,4952.8374,4952.918,0.08059999999932188
lyon,4,10000,4952.8374,5005.0557,52.218299999999545
lyon,4,10000,4958.2417,4958.354,0.11230000000068685
lyon,4,10000,4958.2417,5010.6265,52.38480000000072
lyon,4,10000,4965.0503,4965.1274,0.07710000000042783
lyon,4,10000,4965.0503,5015.935,50.88470000000052
lyon,4,10000,4970.5786,4970.69,0.1113999999997759
lyon,4,10000,4970.5786,5022.768,52.189400000000205
nancy,4,10000,5019.46,5019.681,0.2209999999995489
nancy,4,10000,5019.46,5076.272,56.8119999999999
nancy,4,10000,5023.2583,5023.4155,0.15719999999964784
nancy,4,10000,5023.2583,5082.5425,59.284199999999146
nancy,4,10000,5027.3164,5027.512,0.1956000000000131
nancy,4,10000,5027.3164,5086.3877,59.07130000000052
nancy,4,10000,5031.1484,5031.301,0.1526000000003478
nancy,4,10000,5031.1484,5085.115,53.966599999999744
lyon,4,10000,5085.9365,5086.053,0.11650000000008731
lyon,4,10000,5085.9365,5135.46,49.52350000000024
nancy,4,10000,5035.4424,5035.6294,0.18699999999989814
nancy,4,10000,5035.4424,5090.9707,55.528299999999945
rennes,4,10000,4923.542,4923.7124,0.17039999999997235
rennes,4,10000,4923.542,4976.312,52.76999999999953
rennes,4,10000,4928.552,4928.701,0.14900000000034197
rennes,4,10000,4928.552,4977.0513,48.4993000000004
rennes,4,10000,4933.296,4933.494,0.19799999999941065
rennes,4,10000,4933.296,4985.257,51.96099999999933
rennes,4,10000,4938.2095,4938.413,0.20349999999962165
rennes,4,10000,4938.2095,4990.8345,52.625
rennes,4,10000,4942.9263,4943.104,0.17770000000018626
rennes,4,10000,4942.9263,4991.5835,48.65719999999965
rennes,4,10000,4919.558,4919.6685,0.11049999999977445
rennes,4,10000,4919.558,4972.029,52.47100000000046
rennes,4,10000,4924.3013,4924.3936,0.09230000000025029
rennes,4,10000,4924.3013,4977.032,52.73070000000007
rennes,4,10000,4929.191,4929.38,0.1890000000003056
rennes,4,10000,4929.191,4981.964,52.77300000000014
rennes,4,10000,4933.7246,4933.847,0.1224000000001979
rennes,4,10000,4933.7246,4984.6772,50.95260000000053
lyon,4,10000,5091.606,5091.703,0.09700000000066211
lyon,4,10000,5091.606,5144.749,53.14300000000003
rennes,4,10000,4938.485,4938.599,0.11400000000048749
rennes,4,10000,4938.485,4989.419,50.9340000000002
nantes,4,10000,4853.914,4854.071,0.1570000000001528
nantes,4,10000,4853.914,4905.6,51.686000000000604
nantes,4,10000,4859.8804,4860.079,0.19859999999971478
nantes,4,10000,4859.8804,4908.702,48.82160000000022
nantes,4,10000,4865.4307,4865.588,0.15729999999985012
nantes,4,10000,4865.4307,4913.6504,48.21970000000056
nantes,4,10000,4872.132,4872.2905,0.15850000000045839
nantes,4,10000,4872.132,4922.3457,50.213700000000244
nantes,4,10000,4877.424,4877.6196,0.1956000000000131
nantes,4,10000,4877.424,4930.536,53.11200000000008
lyon,4,10000,4833.7095,4833.808,0.09850000000005821
lyon,4,10000,4833.7095,4882.3384,48.6288999999997
lyon,4,10000,4839.362,4839.4556,0.09360000000015134
lyon,4,10000,4839.362,4891.7495,52.38749999999982
lyon,4,10000,4844.845,4844.929,0.08399999999983265
lyon,4,10000,4844.845,4896.3965,51.55149999999958
lyon,4,10000,4850.84,4850.9365,0.09649999999965075
lyon,4,10000,4850.84,4904.3945,53.55450000000019
nancy,4,10000,5137.1167,5137.269,0.15230000000065047
nancy,4,10000,5137.1167,5193.063,55.94630000000052
lyon,4,10000,4856.3633,4856.447,0.08370000000013533
lyon,4,10000,4856.3633,4907.917,51.55370000000039
nantes,4,10000,4840.0596,4840.215,0.15540000000055443
nantes,4,10000,4840.0596,4893.495,53.4354000000003
nantes,4,10000,4846.552,4846.7266,0.1746000000002823
nantes,4,10000,4846.552,4900.1616,53.60960000000068
nantes,4,10000,4852.0703,4852.216,0.14570000000003347
nantes,4,10000,4852.0703,4905.663,53.59269999999924
nantes,4,10000,4858.642,4858.82,0.17799999999988358
nantes,4,10000,4858.642,4909.0254,50.38340000000062
nantes,4,10000,4863.9595,4864.131,0.17150000000037835
nantes,4,10000,4863.9595,4916.6685,52.70899999999983
nantes,4,10000,4798.244,4798.3975,0.15350000000034925
nantes,4,10000,4798.244,4850.1616,51.917600000000675
nantes,4,10000,4804.5586,4804.7363,0.17769999999927677
nantes,4,10000,4804.5586,4852.463,47.90439999999944
nantes,4,10000,4809.6494,4809.8,0.15059999999994034
nantes,4,10000,4809.6494,4859.7,50.05059999999958
nantes,4,10000,4816.797,4816.916,0.11900000000059663
nantes,4,10000,4816.797,4866.999,50.202000000000226
nancy,4,10000,5140.9136,5141.0703,0.15670000000045547
nancy,4,10000,5140.9136,5197.7075,56.793900000000576
nantes,4,10000,4822.2246,4822.3813,0.15670000000045547
nantes,4,10000,4822.2246,4875.7285,53.50390000000061
lyon,4,10000,4795.9473,4796.092,0.14469999999982974
lyon,4,10000,4795.9473,4846.2686,50.32130000000052
lyon,4,10000,4802.336,4802.4907,0.15470000000004802
lyon,4,10000,4802.336,4853.3257,50.989700000000084
lyon,4,10000,4807.236,4807.375,0.1390000000001237
lyon,4,10000,4807.236,4860.5728,53.33680000000004
lyon,4,10000,4813.8745,4814.0454,0.17090000000007421
lyon,4,10000,4813.8745,4864.9995,51.125
lyon,4,10000,4819.5264,4819.6694,0.1430000000000291
lyon,4,10000,4819.5264,4869.36,49.83359999999993
nancy,4,10000,4852.6875,4852.84,0.15250000000014552
nancy,4,10000,4852.6875,4907.7217,55.034200000000055
nancy,4,10000,4857.286,4857.4336,0.14760000000023865
nancy,4,10000,4857.286,4914.7856,57.4996000000001
nancy,4,10000,4861.3823,4861.5347,0.15239999999994325
nancy,4,10000,4861.3823,4920.8193,59.4369999999999
nancy,4,10000,4865.2627,4865.412,0.1493000000000393
nancy,4,10000,4865.2627,4919.3857,54.12299999999959
nancy,4,10000,5144.786,5144.9434,0.1574000000000524
nancy,4,10000,5144.786,5200.3555,55.56949999999961
nancy,4,10000,4868.9634,4869.114,0.15059999999994034
nancy,4,10000,4868.9634,4922.582,53.6186000000007
rennes,4,10000,4751.814,4751.9546,0.14059999999972206
rennes,4,10000,4751.814,4805.079,53.26499999999942
rennes,4,10000,4756.4897,4756.6465,0.15679999999974825
rennes,4,10000,4756.4897,4808.1616,51.67190000000028
rennes,4,10000,4761.228,4761.3745,0.14649999999983265
rennes,4,10000,4761.228,4810.9756,49.74759999999969
rennes,4,10000,4766.066,4766.2275,0.16150000000016007
rennes,4,10000,4766.066,4814.761,48.69500000000062
rennes,4,10000,4770.8486,4770.9966,0.14800000000013824
rennes,4,10000,4770.8486,4822.267,51.418399999999565
nantes,4,10000,4703.0166,4703.2275,0.21090000000003783
nantes,4,10000,4703.0166,4755.833,52.8163999999997
nantes,4,10000,4708.905,4709.044,0.1390000000001237
nantes,4,10000,4708.905,4762.5854,53.68040000000019
nantes,4,10000,4714.8926,4715.0596,0.16699999999946158
nantes,4,10000,4714.8926,4764.1206,49.228000000000065
nantes,4,10000,4721.383,4721.5244,0.14140000000043074
nantes,4,10000,4721.383,4769.998,48.61499999999978
nancy,4,10000,5148.9463,5149.0967,0.1504000000004453
nancy,4,10000,5148.9463,5204.5493,55.603000000000065
nantes,4,10000,4727.1094,4727.274,0.16460000000006403
nantes,4,10000,4727.1094,4778.618,51.508600000000115
lyon,4,10000,4706.5586,4706.6396,0.08100000000013097
lyon,4,10000,4706.5586,4759.4863,52.92769999999928
lyon,4,10000,4711.744,4711.8574,0.11340000000018335
lyon,4,10000,4711.744,4760.4473,48.70330000000013
lyon,4,10000,4717.8384,4717.9194,0.08100000000013097
lyon,4,10000,4717.8384,4770.0703,52.23190000000068
lyon,4,10000,4724.4517,4724.568,0.11630000000059226
lyon,4,10000,4724.4517,4774.2715,49.819800000000214
lyon,4,10000,4730.311,4730.4243,0.11329999999998108
lyon,4,10000,4730.311,4779.1655,48.85450000000037
nancy,4,10000,4763.4966,4763.5586,0.06199999999989814
nancy,4,10000,4763.4966,4818.953,55.45640000000003
nancy,4,10000,4766.832,4766.898,0.06599999999980355
nancy,4,10000,4766.832,4825.4985,58.66649999999936
nancy,4,10000,4770.8877,4770.9487,0.06099999999969441
nancy,4,10000,4770.8877,4825.3926,54.50489999999991
nancy,4,10000,4774.6978,4774.7554,0.05760000000009313
nancy,4,10000,4774.6978,4830.2163,55.51850000000013
lyon,5,10000,4983.8477,4984.0186,0.17090000000007421
lyon,5,10000,4983.8477,5029.566,45.718299999999545
nancy,5,10000,4997.9854,4998.139,0.15360000000055152
nancy,5,10000,4997.9854,5053.8164,55.83100000000013
nancy,5,10000,4768.778,4768.9287,0.1507000000001426
nancy,5,10000,4768.778,4823.821,55.042999999999665
nancy,5,10000,4985.0215,4985.179,0.15750000000025466
nancy,5,10000,4985.0215,5037.211,52.18950000000041
nancy,5,10000,4988.624,4988.78,0.15599999999994907
nancy,5,10000,4988.624,5040.996,52.3720000000003
nancy,5,10000,4992.4863,4992.6885,0.2022000000006301
nancy,5,10000,4992.4863,5047.3647,54.87840000000051
nancy,5,10000,4996.2637,4996.4663,0.2025999999996202
nancy,5,10000,4996.2637,5047.7275,51.46379999999954
nancy,5,10000,5000.425,5000.58,0.15499999999974534
nancy,5,10000,5000.425,5055.353,54.927999999999884
rennes,5,10000,4919.4907,4919.5825,0.09180000000014843
rennes,5,10000,4919.4907,4966.6255,47.134799999999814
rennes,5,10000,4924.0693,4924.1895,0.1202000000002954
rennes,5,10000,4924.0693,4969.311,45.24169999999958
rennes,5,10000,4928.5034,4928.615,0.11160000000018044
rennes,5,10000,4928.5034,4974.094,45.59060000000045
rennes,5,10000,4933.2207,4933.332,0.11130000000048312
rennes,5,10000,4933.2207,4981.5786,48.35789999999997
lyon,5,10000,4989.5815,4989.724,0.14249999999992724
lyon,5,10000,4989.5815,5039.783,50.201500000000124
rennes,5,10000,4938.109,4938.203,0.09400000000005093
rennes,5,10000,4938.109,4988.719,50.60999999999967
nantes,5,10000,4875.821,4875.9746,0.15359999999964202
nantes,5,10000,4875.821,4924.281,48.460000000000036
nantes,5,10000,4882.3184,4882.4204,0.10199999999986176
nantes,5,10000,4882.3184,4931.6733,49.35490000000027
nantes,5,10000,4888.2305,4888.392,0.16150000000016007
nantes,5,10000,4888.2305,4932.7627,44.53220000000056
nantes,5,10000,4894.9067,4895.05,0.14330000000063592
nantes,5,10000,4894.9067,4943.64,48.73330000000078
nantes,5,10000,4900.748,4900.906,0.15800000000035652
nantes,5,10000,4900.748,4948.6123,47.864300000000185
rennes,5,10000,4881.0137,4881.1104,0.0966999999991458
rennes,5,10000,4881.0137,4931.1924,50.17869999999948
rennes,5,10000,4884.9463,4885.0938,0.14750000000003638
rennes,5,10000,4884.9463,4931.702,46.755700000000616
rennes,5,10000,4890.036,4890.2256,0.18959999999970023
rennes,5,10000,4890.036,4936.6294,46.59339999999975
rennes,5,10000,4894.8467,4895.032,0.1853000000000975
rennes,5,10000,4894.8467,4940.753,45.906299999999646
lyon,5,10000,4994.728,4994.94,0.21199999999953434
lyon,5,10000,4994.728,5043.5547,48.82669999999962
rennes,5,10000,4899.5576,4899.7227,0.1651000000001659
rennes,5,10000,4899.5576,4950.1284,50.57079999999951
lyon,5,10000,4805.0054,4805.179,0.17360000000007858
lyon,5,10000,4805.0054,4853.7515,48.7461000000003
lyon,5,10000,4810.5254,4810.633,0.10759999999936554
lyon,5,10000,4810.5254,4859.046,48.52059999999983
lyon,5,10000,4816.041,4816.1353,0.09429999999974825
lyon,5,10000,4816.041,4865.268,49.22699999999986
lyon,5,10000,4822.577,4822.655,0.07799999999951979
lyon,5,10000,4822.577,4870.97,48.39300000000003
lyon,5,10000,4828.2314,4828.344,0.11260000000038417
lyon,5,10000,4828.2314,4876.624,48.39260000000013
nancy,5,10000,4898.9546,4899.1025,0.14789999999993597
nancy,5,10000,4898.9546,4955.0293,56.07470000000012
nancy,5,10000,4902.644,4902.797,0.1529999999993379
nancy,5,10000,4902.644,4956.813,54.16899999999987
nancy,5,10000,4906.9556,4907.11,0.1543999999994412
nancy,5,10000,4906.9556,4957.375,50.41939999999977
nancy,5,10000,4910.998,4911.1514,0.15340000000014697
nancy,5,10000,4910.998,4962.899,51.90100000000075
lyon,5,10000,5001.211,5001.426,0.21500000000014552
lyon,5,10000,5001.211,5050.939,49.728000000000065
nancy,5,10000,4914.963,4915.1143,0.15130000000044674
nancy,5,10000,4914.963,4970.7266,55.763600000000224
rennes,5,10000,4838.497,4838.5713,0.0742999999993117
rennes,5,10000,4838.497,4886.1655,47.66849999999977
rennes,5,10000,4843.5815,4843.699,0.11749999999938154
rennes,5,10000,4843.5815,4892.7715,49.1899999999996
rennes,5,10000,4847.7554,4847.8545,0.09910000000036234
rennes,5,10000,4847.7554,4898.0825,50.32710000000043
rennes,5,10000,4852.575,4852.6636,0.0886000000000422
rennes,5,10000,4852.575,4899.47,46.89500000000044
rennes,5,10000,4857.1187,4857.1914,0.07269999999971333
rennes,5,10000,4857.1187,4905.6265,48.507800000000316
rennes,5,10000,4831.8193,4831.909,0.0896999999995387
rennes,5,10000,4831.8193,4877.9917,46.17239999999947
rennes,5,10000,4836.212,4836.298,0.08599999999933061
rennes,5,10000,4836.212,4883.956,47.74399999999969
rennes,5,10000,4841.132,4841.2236,0.09160000000065338
rennes,5,10000,4841.132,4886.416,45.28400000000056
rennes,5,10000,4845.964,4846.0474,0.08340000000043801
rennes,5,10000,4845.964,4892.6523,46.6882999999998
lyon,5,10000,5006.824,5007.0024,0.17840000000069267
lyon,5,10000,5006.824,5052.8916,46.06760000000031
rennes,5,10000,4850.7227,4858.882,8.159299999999348
rennes,5,10000,4850.7227,4895.9355,45.21279999999933
nantes,5,10000,4791.196,4791.335,0.1390000000001237
nantes,5,10000,4791.196,4840.9736,49.77760000000035
nantes,5,10000,4796.8403,4796.99,0.14969999999993888
nantes,5,10000,4796.8403,4842.4824,45.64210000000003
nantes,5,10000,4802.5234,4802.6577,0.13429999999971187
nantes,5,10000,4802.5234,4850.564,48.04060000000027
nantes,5,10000,4809.377,4809.5215,0.1444999999994252
nantes,5,10000,4809.377,4858.3247,48.94769999999971
nantes,5,10000,4815.2734,4815.406,0.13259999999991123
nantes,5,10000,4815.2734,4865.271,49.99759999999969
lyon,5,10000,4784.096,4784.2603,0.1643000000003667
lyon,5,10000,4784.096,4832.1836,48.08760000000075
lyon,5,10000,4790.091,4790.2354,0.14439999999922293
lyon,5,10000,4790.091,4835.558,45.46699999999964
lyon,5,10000,4795.827,4795.985,0.15799999999944703
lyon,5,10000,4795.827,4842.2563,46.429299999999785
lyon,5,10000,4801.932,4802.0728,0.1408000000001266
lyon,5,10000,4801.932,4850.8887,48.95670000000064
nancy,5,10000,4982.759,4982.91,0.15099999999983993
nancy,5,10000,4982.759,5038.302,55.542999999999665
lyon,5,10000,4807.9805,4808.1333,0.15280000000075233
lyon,5,10000,4807.9805,4855.795,47.81450000000041
nantes,5,10000,4787.335,4787.492,0.1570000000001528
nantes,5,10000,4787.335,4837.4746,50.13959999999952
nantes,5,10000,4793.189,4793.3286,0.13959999999951833
nantes,5,10000,4793.189,4839.234,46.04500000000007
nantes,5,10000,4798.483,4798.7256,0.24259999999958382
nantes,5,10000,4798.483,4844.269,45.78600000000006
nantes,5,10000,4805.406,4805.5503,0.14429999999993015
nantes,5,10000,4805.406,4853.31,47.90400000000045
nantes,5,10000,4811.4155,4811.5586,0.14310000000023138
nantes,5,10000,4811.4155,4859.7227,48.30720000000019
nantes,5,10000,4748.2285,4748.308,0.07949999999982538
nantes,5,10000,4748.2285,4798.4756,50.24709999999959
nantes,5,10000,4755.0845,4755.18,0.09550000000035652
nantes,5,10000,4755.0845,4801.2856,46.201100000000224
nantes,5,10000,4760.0537,4760.134,0.08029999999962456
nantes,5,10000,4760.0537,4805.849,45.79529999999977
nantes,5,10000,4766.869,4766.9683,0.09930000000076689
nantes,5,10000,4766.869,4817.1206,50.25160000000051
nancy,5,10000,4986.385,4986.5356,0.15059999999994034
nancy,5,10000,4986.385,5037.219,50.83399999999983
nantes,5,10000,4772.397,4772.4766,0.07960000000002765
nantes,5,10000,4772.397,4818.0522,45.65520000000015
lyon,5,10000,4756.0625,4756.158,0.09550000000035652
lyon,5,10000,4756.0625,4805.6855,49.62299999999959
lyon,5,10000,4762.3027,4762.38,0.07729999999992287
lyon,5,10000,4762.3027,4810.5415,48.23880000000008
lyon,5,10000,4767.479,4767.5757,0.0967000000000553
lyon,5,10000,4767.479,4814.738,47.259000000000015
lyon,5,10000,4774.036,4774.119,0.08299999999962893
lyon,5,10000,4774.036,4821.556,47.51999999999953
lyon,5,10000,4779.77,4779.864,0.09399999999914144
lyon,5,10000,4779.77,4829.224,49.45399999999972
nancy,5,10000,4825.2153,4825.3687,0.15340000000014697
nancy,5,10000,4825.2153,4881.0166,55.80130000000008
nancy,5,10000,4828.8887,4829.0454,0.15669999999954598
nancy,5,10000,4828.8887,4881.728,52.83929999999964
nancy,5,10000,4833.0454,4833.1963,0.15089999999963766
nancy,5,10000,4833.0454,4885.8447,52.799299999999675
nancy,5,10000,4837.232,4837.387,0.15499999999974534
nancy,5,10000,4837.232,4890.511,53.27900000000045
nancy,5,10000,4990.275,4990.4233,0.14830000000074506
nancy,5,10000,4990.275,5045.7183,55.44330000000082
nancy,5,10000,4841.2295,4841.381,0.1514999999999418
nancy,5,10000,4841.2295,4895.8135,54.58399999999983
rennes,5,10000,4716.6455,4716.825,0.17950000000018917
rennes,5,10000,4716.6455,4763.769,47.123500000000604
rennes,5,10000,4721.184,4721.33,0.1459999999997308
rennes,5,10000,4721.184,4767.939,46.75500000000011
rennes,5,10000,4725.5137,4725.6587,0.14499999999952706
rennes,5,10000,4725.5137,4774.617,49.10329999999976
rennes,5,10000,4730.416,4730.5703,0.15430000000014843
rennes,5,10000,4730.416,4776.078,45.66200000000026
rennes,5,10000,4735.0728,4735.228,0.15520000000014988
rennes,5,10000,4735.0728,4784.504,49.43119999999999
nantes,5,10000,4682.8306,4682.951,0.12039999999979045
nantes,5,10000,4682.8306,4732.355,49.52439999999933
nantes,5,10000,4689.4023,4689.518,0.11570000000028813
nantes,5,10000,4689.4023,4739.1753,49.77300000000014
nantes,5,10000,4694.552,4694.6616,0.10960000000068248
nantes,5,10000,4694.552,4741.294,46.74200000000019
nantes,5,10000,4701.097,4701.309,0.21200000000044383
nantes,5,10000,4701.097,4750.15,49.052999999999884
nancy,5,10000,4994.088,4994.237,0.14900000000034197
nancy,5,10000,4994.088,5047.4707,53.38270000000011
nantes,5,10000,4706.861,4706.9683,0.10730000000057771
nantes,5,10000,4706.861,4752.454,45.59299999999985
lyon,5,10000,4689.211,4689.319,0.10800000000017462
lyon,5,10000,4689.211,4737.1724,47.96140000000014
lyon,5,10000,4694.9756,4695.0557,0.08010000000012951
lyon,5,10000,4694.9756,4742.4487,47.47310000000016
lyon,5,10000,4699.9834,4700.0825,0.09910000000036234
lyon,5,10000,4699.9834,4749.819,49.83560000000034
lyon,5,10000,4706.461,4706.5444,0.08339999999952852
lyon,5,10000,4706.461,4751.705,45.24399999999969
lyon,5,10000,4711.4277,4711.6016,0.1738999999997759
lyon,5,10000,4711.4277,4758.6035,47.17579999999998
nancy,5,10000,4753.251,4753.419,0.1679999999996653
nancy,5,10000,4753.251,4803.7803,50.52930000000015
nancy,5,10000,4756.66,4756.8145,0.15450000000055297
nancy,5,10000,4756.66,4807.2676,50.607600000000275
nancy,5,10000,4760.6714,4760.877,0.20560000000023138
nancy,5,10000,4760.6714,4812.48,51.80859999999939
nancy,5,10000,4764.8174,4765.009,0.19160000000010768
nancy,5,10000,4764.8174,4817.9106,53.09320000000025
lyon,6,10000,4877.3623,4877.756,0.3937000000005355
lyon,6,10000,4877.3623,4925.405,48.04269999999997
nancy,6,10000,4995.3125,4995.465,0.15250000000014552
nancy,6,10000,4995.3125,5047.0303,51.71780000000035
nancy,6,10000,4755.673,4755.8276,0.15459999999984575
nancy,6,10000,4755.673,4808.996,53.32300000000032
nancy,6,10000,4980.548,4980.7007,0.15270000000055006
nancy,6,10000,4980.548,5038.26,57.712000000000444
nancy,6,10000,4984.3296,4984.4805,0.15089999999963766
nancy,6,10000,4984.3296,5040.3223,55.992699999999786
nancy,6,10000,4987.864,4988.014,0.1500000000005457
nancy,6,10000,4987.864,5044.9775,57.113500000000386
nancy,6,10000,4991.7446,4991.898,0.15340000000014697
nancy,6,10000,4991.7446,5049.376,57.63140000000021
nancy,6,10000,4995.6367,4995.79,0.1532999999999447
nancy,6,10000,4995.6367,5046.1943,50.55760000000009
rennes,6,10000,4879.5225,4879.684,0.16150000000016007
rennes,6,10000,4879.5225,4931.8384,52.3158999999996
rennes,6,10000,4884.1577,4884.318,0.1603000000004613
rennes,6,10000,4884.1577,4935.458,51.30029999999988
rennes,6,10000,4888.5596,4888.731,0.17140000000017608
rennes,6,10000,4888.5596,4942.023,53.46340000000055
rennes,6,10000,4893.822,4893.988,0.16600000000016735
rennes,6,10000,4893.822,4944.6177,50.79569999999967
lyon,6,10000,4883.324,4883.606,0.2820000000001528
lyon,6,10000,4883.324,4929.5176,46.193600000000515
rennes,6,10000,4898.3706,4898.5317,0.16109999999935098
rennes,6,10000,4898.3706,4951.846,53.475399999999354
nantes,6,10000,4856.763,4856.874,0.11099999999987631
nantes,6,10000,4856.763,4908.7686,52.00560000000041
nantes,6,10000,4862.914,4863.083,0.16899999999986903
nantes,6,10000,4862.914,4916.448,53.53400000000056
nantes,6,10000,4868.1987,4868.305,0.10630000000037398
nantes,6,10000,4868.1987,4916.662,48.463300000000345
nantes,6,10000,4874.88,4874.996,0.11599999999998545
nantes,6,10000,4874.88,4923.917,49.03700000000026
nantes,6,10000,4880.148,4880.274,0.12600000000020373
nantes,6,10000,4880.148,4933.032,52.884000000000015
rennes,6,10000,4845.1006,4845.1787,0.07810000000063155
rennes,6,10000,4845.1006,4895.63,50.52940000000035
rennes,6,10000,4850.09,4850.24,0.1499999999996362
rennes,6,10000,4850.09,4899.215,49.125
rennes,6,10000,4854.6035,4854.682,0.07849999999962165
rennes,6,10000,4854.6035,4904.286,49.68249999999989
rennes,6,10000,4859.7993,4859.904,0.10470000000077562
rennes,6,10000,4859.7993,4908.5376,48.73829999999998
lyon,6,10000,4888.746,4888.963,0.21699999999964348
lyon,6,10000,4888.746,4934.867,46.121000000000095
rennes,6,10000,4864.5166,4864.6074,0.0907999999999447
rennes,6,10000,4864.5166,4917.039,52.522399999999834
lyon,6,10000,4768.0703,4768.2246,0.15429999999923893
lyon,6,10000,4768.0703,4820.7314,52.66109999999935
lyon,6,10000,4773.7856,4773.8813,0.09569999999985157
lyon,6,10000,4773.7856,4825.4614,51.67579999999998
lyon,6,10000,4779.1284,4779.2227,0.09430000000065775
lyon,6,10000,4779.1284,4828.5244,49.39600000000064
lyon,6,10000,4785.8164,4785.8955,0.07909999999992579
lyon,6,10000,4785.8164,4832.898,47.081600000000435
lyon,6,10000,4791.1074,4791.204,0.09659999999985303
lyon,6,10000,4791.1074,4844.843,53.73559999999998
nancy,6,10000,4853.7256,4853.874,0.14840000000003783
nancy,6,10000,4853.7256,4904.1074,50.38180000000011
nancy,6,10000,4857.4517,4857.605,0.1532999999999447
nancy,6,10000,4857.4517,4913.714,56.26230000000032
nancy,6,10000,4861.0825,4861.305,0.22249999999985448
nancy,6,10000,4861.0825,4915.523,54.4404999999997
nancy,6,10000,4864.7217,4864.945,0.22329999999965366
nancy,6,10000,4864.7217,4920.447,55.72530000000006
lyon,6,10000,4895.0293,4895.2456,0.21630000000004657
lyon,6,10000,4895.0293,4942.1807,47.15139999999974
nancy,6,10000,4868.54,4868.687,0.14699999999993452
nancy,6,10000,4868.54,4919.7373,51.197299999999814
rennes,6,10000,4775.3853,4775.544,0.15869999999995343
rennes,6,10000,4775.3853,4826.0703,50.6850000000004
rennes,6,10000,4779.894,4780.0425,0.1484999999993306
rennes,6,10000,4779.894,4825.0923,45.19830000000002
rennes,6,10000,4784.7485,4784.8364,0.08790000000044529
rennes,6,10000,4784.7485,4829.921,45.17250000000058
rennes,6,10000,4789.5015,4789.689,0.1875
rennes,6,10000,4789.5015,4838.0205,48.51899999999932
rennes,6,10000,4794.2686,4794.413,0.14439999999922293
rennes,6,10000,4794.2686,4841.746,47.47739999999976
rennes,6,10000,4772.4346,4772.517,0.08240000000023429
rennes,6,10000,4772.4346,4819.125,46.69040000000041
rennes,6,10000,4777.263,4777.355,0.09199999999964348
rennes,6,10000,4777.263,4828.5356,51.27260000000024
rennes,6,10000,4782.0938,4782.171,0.0772000000006301
rennes,6,10000,4782.0938,4832.2803,50.186500000000706
rennes,6,10000,4787.1084,4787.1997,0.09130000000004657
rennes,6,10000,4787.1084,4839.523,52.414600000000064
lyon,6,10000,4900.682,4900.8374,0.15540000000055443
lyon,6,10000,4900.682,4948.249,47.56700000000001
rennes,6,10000,4791.4873,4791.5786,0.09130000000004657
rennes,6,10000,4791.4873,4844.3486,52.86130000000048
nantes,6,10000,4684.592,4684.7485,0.15650000000005093
nantes,6,10000,4684.592,4729.999,45.40700000000015
nantes,6,10000,4690.7856,4690.9277,0.14210000000002765
nantes,6,10000,4690.7856,4740.9663,50.18069999999989
nantes,6,10000,4696.188,4696.345,0.1570000000001528
nantes,6,10000,4696.188,4748.9243,52.736299999999574
nantes,6,10000,4702.6597,4702.8384,0.1786999999994805
nantes,6,10000,4702.6597,4752.784,50.124299999999494
nantes,6,10000,4708.4614,4708.622,0.16060000000015862
nantes,6,10000,4708.4614,4754.0615,45.60009999999966
lyon,6,10000,4683.824,4683.937,0.11300000000028376
lyon,6,10000,4683.824,4728.953,45.129000000000815
lyon,6,10000,4689.5396,4689.645,0.10540000000037253
lyon,6,10000,4689.5396,4739.415,49.8753999999999
lyon,6,10000,4694.6704,4694.7715,0.1010999999998603
lyon,6,10000,4694.6704,4742.7056,48.03520000000026
lyon,6,10000,4700.9463,4701.029,0.0827000000008411
lyon,6,10000,4700.9463,4746.0586,45.11230000000069
nancy,6,10000,4979.946,4980.0967,0.1507000000001426
nancy,6,10000,4979.946,5031.0903,51.14429999999993
lyon,6,10000,4706.406,4706.4995,0.09349999999994907
lyon,6,10000,4706.406,4754.0254,47.619400000000496
nantes,6,10000,4665.0547,4665.17,0.11530000000038854
nantes,6,10000,4665.0547,4717.6104,52.55569999999989
nantes,6,10000,4671.211,4671.292,0.08100000000013097
nantes,6,10000,4671.211,4722.58,51.36899999999969
nantes,6,10000,4676.6665,4676.786,0.119499999999789
nantes,6,10000,4676.6665,4721.804,45.13749999999982
nantes,6,10000,4683.2773,4683.365,0.08770000000004075
nantes,6,10000,4683.2773,4730.0264,46.7491
nantes,6,10000,4688.92,4689.0444,0.12439999999969586
nantes,6,10000,4688.92,4737.8164,48.89639999999963
nantes,6,10000,4661.8853,4661.9673,0.0820000000003347
nantes,6,10000,4661.8853,4712.7695,50.88420000000042
nantes,6,10000,4668.224,4668.3276,0.10359999999946012
nantes,6,10000,4668.224,4721.309,53.085000000000036
nantes,6,10000,4673.818,4673.9,0.0819999999994252
nantes,6,10000,4673.818,4725.658,51.840000000000146
nantes,6,10000,4680.0396,4680.1396,0.1000000000003638
nantes,6,10000,4680.0396,4731.842,51.80239999999958
nancy,6,10000,4983.639,4983.792,0.15300000000024738
nancy,6,10000,4983.639,5037.347,53.70799999999963
nantes,6,10000,4685.724,4685.8257,0.10170000000016444
nantes,6,10000,4685.724,4732.23,46.5059999999994
lyon,6,10000,4672.352,4672.5103,0.15830000000005384
lyon,6,10000,4672.352,4725.3384,52.986399999999776
lyon,6,10000,4678.2476,4678.49,0.24240000000008877
lyon,6,10000,4678.2476,4726.622,48.374400000000605
lyon,6,10000,4683.4067,4683.5947,0.18800000000010186
lyon,6,10000,4683.4067,4730.6826,47.27590000000055
lyon,6,10000,4689.7905,4689.9473,0.15679999999974825
lyon,6,10000,4689.7905,4737.4614,47.670900000000074
lyon,6,10000,4695.0986,4695.2407,0.14210000000002765
lyon,6,10000,4695.0986,4746.3574,51.25879999999961
nancy,6,10000,4768.129,4768.2793,0.15030000000024302
nancy,6,10000,4768.129,4820.347,52.21799999999985
nancy,6,10000,4771.5503,4771.7046,0.15430000000014843
nancy,6,10000,4771.5503,4822.433,50.88270000000011
nancy,6,10000,4775.3516,4775.5044,0.15279999999984284
nancy,6,10000,4775.3516,4826.2524,50.900800000000345
nancy,6,10000,4779.3086,4779.459,0.1503999999995358
nancy,6,10000,4779.3086,4836.215,56.90639999999985
nancy,6,10000,4987.406,4987.557,0.15099999999983993
nancy,6,10000,4987.406,5042.449,55.042999999999665
nancy,6,10000,4783.003,4783.1543,0.15130000000044674
nancy,6,10000,4783.003,4835.326,52.32300000000032
rennes,6,10000,4698.508,4698.5806,0.07260000000042055
rennes,6,10000,4698.508,4745.737,47.22900000000027
rennes,6,10000,4702.8276,4702.967,0.13940000000002328
rennes,6,10000,4702.8276,4748.006,45.17840000000069
rennes,6,10000,4707.932,4708.034,0.10199999999986176
rennes,6,10000,4707.932,4756.296,48.36400000000049
rennes,6,10000,4712.818,4712.9155,0.09749999999985448
rennes,6,10000,4712.818,4762.5317,49.713699999999335
rennes,6,10000,4717.8667,4717.971,0.10429999999996653
rennes,6,10000,4717.8667,4768.777,50.91030000000046
nantes,6,10000,4660.517,4660.616,0.09900000000016007
nantes,6,10000,4660.517,4706.814,46.29700000000048
nantes,6,10000,4666.1235,4666.21,0.08650000000034197
nantes,6,10000,4666.1235,4714.1216,47.998100000000704
nantes,6,10000,4671.849,4671.9453,0.0963000000001557
nantes,6,10000,4671.849,4718.9985,47.149499999999534
nantes,6,10000,4678.468,4678.549,0.08100000000013097
nantes,6,10000,4678.468,4724.2534,45.785399999999754
nancy,6,10000,4991.2783,4991.43,0.15170000000034634
nancy,6,10000,4991.2783,5045.5234,54.24510000000009
nantes,6,10000,4684.265,4684.363,0.09799999999995634
nantes,6,10000,4684.265,4737.0493,52.78429999999935
lyon,6,10000,4667.609,4667.7056,0.09659999999985303
lyon,6,10000,4667.609,4714.1694,46.56039999999939
lyon,6,10000,4673.478,4673.572,0.09400000000005093
lyon,6,10000,4673.478,4722.393,48.914999999999964
lyon,6,10000,4678.2197,4678.2964,0.07670000000052823
lyon,6,10000,4678.2197,4725.1445,46.92480000000069
lyon,6,10000,4685.1562,4685.2495,0.09329999999954453
lyon,6,10000,4685.1562,4732.2554,47.099199999999655
lyon,6,10000,4689.9434,4690.017,0.07359999999971478
lyon,6,10000,4689.9434,4738.133,48.1895999999997
nancy,6,10000,4740.9795,4741.1265,0.14699999999993452
nancy,6,10000,4740.9795,4793.9565,52.97699999999986
nancy,6,10000,4744.6255,4744.7773,0.1517999999996391
nancy,6,10000,4744.6255,4800.6997,56.07420000000002
nancy,6,10000,4748.323,4748.4736,0.15059999999994034
nancy,6,10000,4748.323,4803.3604,55.03739999999925
nancy,6,10000,4751.9404,4752.0913,0.15089999999963766
nancy,6,10000,4751.9404,4807.501,55.560599999999795
lyon,7,10000,5053.4604,5053.6226,0.16219999999975698
lyon,7,10000,5053.4604,5101.342,47.88159999999971
nancy,7,10000,5147.384,5147.541,0.1570000000001528
nancy,7,10000,5147.384,5198.945,51.560999999999694
nancy,7,10000,4794.422,4794.5747,0.15270000000055006
nancy,7,10000,4794.422,4846.1553,51.73330000000078
nancy,7,10000,5115.3022,5115.4585,0.1562999999996464
nancy,7,10000,5115.3022,5170.3755,55.07330000000002
nancy,7,10000,5119.126,5119.2827,0.15669999999954598
nancy,7,10000,5119.126,5169.253,50.1269999999995
nancy,7,10000,5123.0923,5123.247,0.15470000000004802
nancy,7,10000,5123.0923,5179.535,56.442699999999604
nancy,7,10000,5127.0503,5127.2075,0.15720000000055734
nancy,7,10000,5127.0503,5182.992,55.94170000000031
nancy,7,10000,5131.086,5131.244,0.15799999999944703
nancy,7,10000,5131.086,5182.3223,51.236299999999574
rennes,7,10000,5012.8936,5012.9995,0.1058999999995649
rennes,7,10000,5012.8936,5062.257,49.363399999999274
rennes,7,10000,5017.312,5017.3936,0.0816000000004351
rennes,7,10000,5017.312,5066.214,48.902000000000044
rennes,7,10000,5022.2363,5022.344,0.1077000000004773
rennes,7,10000,5022.2363,5066.7954,44.5591000000004
rennes,7,10000,5026.725,5026.8105,0.08549999999922875
rennes,7,10000,5026.725,5075.7734,49.048399999999674
lyon,7,10000,5059.8125,5059.9136,0.1010999999998603
lyon,7,10000,5059.8125,5104.53,44.717499999999745
rennes,7,10000,5031.8164,5031.9253,0.10890000000017608
rennes,7,10000,5031.8164,5082.481,50.664600000000064
nantes,7,10000,4989.1577,4989.283,0.12530000000060681
nantes,7,10000,4989.1577,5039.5757,50.418000000000575
nantes,7,10000,4995.388,4995.4883,0.10030000000006112
nantes,7,10000,4995.388,5039.768,44.38000000000011
nantes,7,10000,5001.135,5001.253,0.11799999999948341
nantes,7,10000,5001.135,5046.4067,45.27169999999933
nantes,7,10000,5007.776,5007.9355,0.15949999999975262
nantes,7,10000,5007.776,5054.6543,46.87830000000031
nantes,7,10000,5013.455,5013.615,0.15999999999985448
nantes,7,10000,5013.455,5063.8213,50.36629999999968
rennes,7,10000,4997.1743,4997.3364,0.1621000000004642
rennes,7,10000,4997.1743,5046.0923,48.918000000000575
rennes,7,10000,5001.6606,5001.826,0.1653999999998632
rennes,7,10000,5001.6606,5049.3213,47.66069999999945
rennes,7,10000,5006.65,5006.8,0.1500000000005457
rennes,7,10000,5006.65,5057.772,51.1220000000003
rennes,7,10000,5011.445,5011.5938,0.14879999999993743
rennes,7,10000,5011.445,5058.329,46.884000000000015
lyon,7,10000,5065.1587,5065.257,0.09829999999965366
lyon,7,10000,5065.1587,5112.703,47.544300000000476
rennes,7,10000,5015.985,5016.131,0.14600000000064028
rennes,7,10000,5015.985,5064.512,48.527000000000044
lyon,7,10000,4944.795,4944.8745,0.07949999999982538
lyon,7,10000,4944.795,4994.992,50.197000000000116
lyon,7,10000,4951.1665,4951.2686,0.10210000000006403
lyon,7,10000,4951.1665,4999.1836,48.01710000000003
lyon,7,10000,4956.524,4956.604,0.07999999999992724
lyon,7,10000,4956.524,5001.775,45.250999999999294
lyon,7,10000,4963.0005,4963.137,0.13649999999961437
lyon,7,10000,4963.0005,5013.099,50.09850000000006
lyon,7,10000,4968.228,4968.322,0.09400000000005093
lyon,7,10000,4968.228,5014.5845,46.35649999999987
nancy,7,10000,5021.947,5022.1074,0.16039999999975407
nancy,7,10000,5021.947,5072.6235,50.67649999999958
nancy,7,10000,5025.8115,5025.97,0.15850000000045839
nancy,7,10000,5025.8115,5082.412,56.600500000000466
nancy,7,10000,5029.6274,5029.7856,0.15819999999985157
nancy,7,10000,5029.6274,5083.1753,53.54789999999957
nancy,7,10000,5033.746,5033.9062,0.16020000000025902
nancy,7,10000,5033.746,5084.869,51.12299999999959
lyon,7,10000,5071.945,5072.0405,0.09550000000035652
lyon,7,10000,5071.945,5120.851,48.90599999999995
nancy,7,10000,5037.935,5038.096,0.1609999999991487
nancy,7,10000,5037.935,5094.1333,56.19830000000002
rennes,7,10000,4948.9946,4949.144,0.14940000000024156
rennes,7,10000,4948.9946,4998.746,49.7514000000001
rennes,7,10000,4953.774,4953.959,0.18499999999949068
rennes,7,10000,4953.774,5000.4097,46.635699999999815
rennes,7,10000,4958.3613,4958.502,0.14070000000083382
rennes,7,10000,4958.3613,5006.044,47.682700000000295
rennes,7,10000,4963.4224,4963.574,0.15159999999923457
rennes,7,10000,4963.4224,5010.114,46.6915999999992
rennes,7,10000,4968.168,4968.357,0.1890000000003056
rennes,7,10000,4968.168,5014.568,46.400000000000546
rennes,7,10000,4914.181,4918.841,4.660000000000764
rennes,7,10000,4914.181,4963.9834,49.80240000000049
rennes,7,10000,4918.8823,4919.035,0.15269999999964057
rennes,7,10000,4918.8823,4967.252,48.36970000000019
rennes,7,10000,4923.751,4923.8945,0.14350000000013097
rennes,7,10000,4923.751,4973.413,49.66199999999935
rennes,7,10000,4928.416,4928.6333,0.2173000000002503
rennes,7,10000,4928.416,4975.789,47.37299999999959
lyon,7,10000,5077.2427,5077.3423,0.0996000000004642
lyon,7,10000,5077.2427,5125.32,48.07729999999992
rennes,7,10000,4932.946,4933.104,0.15800000000035652
rennes,7,10000,4932.946,4978.5425,45.59649999999965
nantes,7,10000,4845.373,4845.462,0.08900000000085129
nantes,7,10000,4845.373,4894.418,49.04500000000007
nantes,7,10000,4851.756,4851.8574,0.10139999999955762
nantes,7,10000,4851.756,4901.213,49.456999999999425
nantes,7,10000,4857.317,4857.3984,0.08140000000003056
nantes,7,10000,4857.317,4905.1157,47.79870000000028
nantes,7,10000,4863.732,4863.8325,0.10050000000046566
nantes,7,10000,4863.732,4908.874,45.141999999999825
nantes,7,10000,4869.155,4869.2373,0.08230000000003201
nantes,7,10000,4869.155,4916.4526,47.297599999999875
lyon,7,10000,4820.8623,4820.9575,0.0952000000006592
lyon,7,10000,4820.8623,4867.8257,46.96340000000055
lyon,7,10000,4827.2183,4827.452,0.23369999999977153
lyon,7,10000,4827.2183,4878.0723,50.85399999999936
lyon,7,10000,4832.614,4832.6934,0.0794000000005326
lyon,7,10000,4832.614,4880.928,48.314000000000306
lyon,7,10000,4838.829,4838.923,0.09400000000005093
lyon,7,10000,4838.829,4889.087,50.25800000000072
nancy,7,10000,5132.771,5132.9263,0.15530000000035216
nancy,7,10000,5132.771,5189.255,56.48400000000038
lyon,7,10000,4844.47,4844.5513,0.08129999999982829
lyon,7,10000,4844.47,4895.298,50.82799999999952
nantes,7,10000,4834.965,4835.047,0.0819999999994252
nantes,7,10000,4834.965,4880.7373,45.77229999999963
nantes,7,10000,4841.358,4841.46,0.10199999999986176
nantes,7,10000,4841.358,4886.979,45.621000000000095
nantes,7,10000,4846.4956,4846.6055,0.10989999999947031
nantes,7,10000,4846.4956,4893.5146,47.01900000000023
nantes,7,10000,4853.3774,4853.48,0.1025999999992564
nantes,7,10000,4853.3774,4904.265,50.88760000000002
nantes,7,10000,4858.4883,4858.5713,0.08299999999962893
nantes,7,10000,4858.4883,4905.3174,46.829099999999926
nantes,7,10000,4781.215,4781.298,0.08299999999962893
nantes,7,10000,4781.215,4825.7705,44.55549999999948
nantes,7,10000,4787.9165,4788.032,0.11549999999988358
nantes,7,10000,4787.9165,4838.1772,50.260699999999815
nantes,7,10000,4793.0967,4793.182,0.0852999999997337
nantes,7,10000,4793.0967,4839.8037,46.707000000000335
nantes,7,10000,4800.001,4800.12,0.11899999999968713
nantes,7,10000,4800.001,4847.7104,47.70939999999973
nancy,7,10000,5136.191,5136.347,0.15599999999994907
nancy,7,10000,5136.191,5189.6216,53.430600000000595
nantes,7,10000,4805.3613,4805.4453,0.08400000000074215
nantes,7,10000,4805.3613,4852.8267,47.465400000000045
lyon,7,10000,4796.1777,4796.2974,0.11970000000019354
lyon,7,10000,4796.1777,4846.603,50.42529999999988
lyon,7,10000,4802.192,4802.327,0.13500000000021828
lyon,7,10000,4802.192,4849.5767,47.38469999999961
lyon,7,10000,4807.0522,4807.1514,0.09919999999965512
lyon,7,10000,4807.0522,4858.0317,50.97949999999946
lyon,7,10000,4813.709,4813.7944,0.08539999999993597
lyon,7,10000,4813.709,4863.9287,50.21970000000056
lyon,7,10000,4819.1074,4819.204,0.09659999999985303
lyon,7,10000,4819.1074,4870.206,51.09860000000026
nancy,7,10000,4850.073,4850.231,0.15799999999944703
nancy,7,10000,4850.073,4905.2197,55.14669999999933
nancy,7,10000,4853.4707,4853.6274,0.15670000000045547
nancy,7,10000,4853.4707,4907.8716,54.40090000000055
nancy,7,10000,4857.4233,4857.583,0.15969999999924767
nancy,7,10000,4857.4233,4909.887,52.463699999999335
nancy,7,10000,4861.0596,4861.22,0.16040000000066357
nancy,7,10000,4861.0596,4911.8516,50.79200000000037
nancy,7,10000,5139.843,5140.0005,0.15750000000025466
nancy,7,10000,5139.843,5192.8687,53.02570000000014
nancy,7,10000,4864.784,4864.9443,0.1603000000004613
nancy,7,10000,4864.784,4915.404,50.6200000000008
rennes,7,10000,4757.5854,4757.6934,0.10800000000017462
rennes,7,10000,4757.5854,4806.7773,49.191899999999805
rennes,7,10000,4762.2637,4762.3433,0.07960000000002765
rennes,7,10000,4762.2637,4812.2983,50.034599999999955
rennes,7,10000,4766.5967,4766.7036,0.10689999999976862
rennes,7,10000,4766.5967,4817.7456,51.14890000000014
rennes,7,10000,4771.667,4771.8574,0.19039999999949941
rennes,7,10000,4771.667,4821.6177,49.950699999999415
rennes,7,10000,4776.431,4776.5264,0.09540000000015425
rennes,7,10000,4776.431,4821.6313,45.200300000000425
nantes,7,10000,4700.882,4700.9966,0.11460000000079162
nantes,7,10000,4700.882,4749.4937,48.61170000000038
nantes,7,10000,4707.0923,4707.1914,0.09909999999945285
nantes,7,10000,4707.0923,4756.943,49.85069999999996
nantes,7,10000,4712.4805,4712.6235,0.1430000000000291
nantes,7,10000,4712.4805,4760.8813,48.400800000000345
nantes,7,10000,4719.4263,4719.525,0.09869999999955326
nantes,7,10000,4719.4263,4764.8896,45.463300000000345
nancy,7,10000,5143.5386,5143.6943,0.15570000000025175
nancy,7,10000,5143.5386,5199.462,55.92340000000058
nantes,7,10000,4725.266,4725.3447,0.0787000000000262
nantes,7,10000,4725.266,4775.194,49.92800000000079
lyon,7,10000,4707.49,4707.6094,0.11940000000049622
lyon,7,10000,4707.49,4757.065,49.57499999999982
lyon,7,10000,4714.042,4714.17,0.12799999999970169
lyon,7,10000,4714.042,4760.9976,46.95559999999932
lyon,7,10000,4719.125,4719.3022,0.1772000000000844
lyon,7,10000,4719.125,4768.7236,49.59860000000026
lyon,7,10000,4725.8164,4725.951,0.1346000000003187
lyon,7,10000,4725.8164,4770.582,44.76560000000063
lyon,7,10000,4731.1836,4731.299,0.11539999999968131
lyon,7,10000,4731.1836,4778.4224,47.23880000000008
nancy,7,10000,4779.1035,4779.2563,0.15279999999984284
nancy,7,10000,4779.1035,4833.855,54.751499999999396
nancy,7,10000,4782.8335,4782.987,0.15350000000034925
nancy,7,10000,4782.8335,4836.128,53.29449999999997
nancy,7,10000,4786.7725,4786.927,0.15449999999964348
nancy,7,10000,4786.7725,4837.243,50.47050000000036
nancy,7,10000,4790.586,4790.741,0.15499999999974534
nancy,7,10000,4790.586,4844.7437,54.15769999999975
lyon,8,10000,5048.123,5048.258,0.13500000000021828
lyon,8,10000,5048.123,5099.5366,51.41360000000077
nancy,8,10000,5123.7666,5123.925,0.1584000000002561
nancy,8,10000,5123.7666,5178.979,55.21240000000034
nancy,8,10000,4768.614,4768.7646,0.15060000000084983
nancy,8,10000,4768.614,4822.039,53.42500000000018
nancy,8,10000,5100.914,5101.068,0.1540000000004511
nancy,8,10000,5100.914,5157.082,56.168000000000575
nancy,8,10000,5104.8623,5105.0186,0.15630000000055588
nancy,8,10000,5104.8623,5160.5127,55.650400000000445
nancy,8,10000,5108.5767,5108.7295,0.15280000000075233
nancy,8,10000,5108.5767,5158.985,50.408300000000054
nancy,8,10000,5112.668,5112.823,0.15500000000065484
nancy,8,10000,5112.668,5168.121,55.45300000000043
nancy,8,10000,5116.601,5116.7554,0.1544000000003507
nancy,8,10000,5116.601,5172.3335,55.73250000000007
rennes,8,10000,5001.773,5001.9326,0.1595999999999549
rennes,8,10000,5001.773,5052.029,50.25600000000031
rennes,8,10000,5006.661,5006.8975,0.23649999999997817
rennes,8,10000,5006.661,5053.942,47.28099999999995
rennes,8,10000,5011.2427,5011.405,0.16229999999995925
rennes,8,10000,5011.2427,5060.6523,49.409599999999955
rennes,8,10000,5016.0693,5016.2134,0.1440999999995256
rennes,8,10000,5016.0693,5063.855,47.78569999999945
lyon,8,10000,5052.737,5052.9204,0.18339999999989232
lyon,8,10000,5052.737,5102.2827,49.54569999999967
rennes,8,10000,5020.4365,5020.5938,0.15729999999985012
rennes,8,10000,5020.4365,5067.306,46.86949999999979
nantes,8,10000,4969.4766,4969.6235,0.14689999999973224
nantes,8,10000,4969.4766,5014.211,44.73440000000028
nantes,8,10000,4975.746,4975.9297,0.18369999999958964
nantes,8,10000,4975.746,5026.3994,50.65340000000015
nantes,8,10000,4981.351,4981.674,0.32300000000032014
nantes,8,10000,4981.351,5031.678,50.327000000000226
nantes,8,10000,4987.6904,4987.884,0.19359999999960564
nantes,8,10000,4987.6904,5032.1465,44.456099999999424
nantes,8,10000,4993.4116,4993.5513,0.1396999999997206
nantes,8,10000,4993.4116,5043.9355,50.52389999999923
rennes,8,10000,4989.6953,4989.8267,0.13139999999930296
rennes,8,10000,4989.6953,5038.2266,48.531299999999646
rennes,8,10000,4994.2397,4994.36,0.12029999999958818
rennes,8,10000,4994.2397,5043.192,48.95229999999992
rennes,8,10000,4998.823,4998.9727,0.14969999999993888
rennes,8,10000,4998.823,5044.341,45.51800000000003
rennes,8,10000,5003.9463,5004.0454,0.09910000000036234
rennes,8,10000,5003.9463,5055.191,51.24470000000019
lyon,8,10000,5058.7847,5058.9263,0.14159999999992579
lyon,8,10000,5058.7847,5105.259,46.47429999999986
rennes,8,10000,5008.3896,5008.4907,0.1010999999998603
rennes,8,10000,5008.3896,5054.3374,45.947799999999916
lyon,8,10000,4946.7817,4946.8784,0.0967000000000553
lyon,8,10000,4946.7817,4996.4043,49.6226000000006
lyon,8,10000,4953.2476,4953.3926,0.14500000000043656
lyon,8,10000,4953.2476,5000.3154,47.067800000000716
lyon,8,10000,4958.195,4958.2754,0.08040000000073633
lyon,8,10000,4958.195,5006.198,48.00300000000061
lyon,8,10000,4964.2197,4964.33,0.1103000000002794
lyon,8,10000,4964.2197,5011.924,47.70430000000033
lyon,8,10000,4970.12,4970.246,0.12600000000020373
lyon,8,10000,4970.12,5019.265,49.14500000000044
nancy,8,10000,5013.9736,5014.1167,0.14309999999932188
nancy,8,10000,5013.9736,5070.85,56.8764000000001
nancy,8,10000,5017.9277,5018.0337,0.10599999999976717
nancy,8,10000,5017.9277,5074.6587,56.73099999999977
nancy,8,10000,5021.918,5022.0254,0.10740000000077998
nancy,8,10000,5021.918,5075.1064,53.1884
nancy,8,10000,5025.7627,5025.8823,0.11959999999999127
nancy,8,10000,5025.7627,5080.4624,54.69970000000012
lyon,8,10000,5064.7153,5064.8496,0.13429999999971187
lyon,8,10000,5064.7153,5114.1416,49.42630000000008
nancy,8,10000,5029.497,5029.6016,0.10459999999966385
nancy,8,10000,5029.497,5082.188,52.6909999999998
rennes,8,10000,4939.6104,4939.7017,0.09130000000004657
rennes,8,10000,4939.6104,4989.91,50.29960000000028
rennes,8,10000,4944.2856,4944.359,0.07340000000021973
rennes,8,10000,4944.2856,4993.1616,48.876000000000204
rennes,8,10000,4949.08,4949.1826,0.10260000000016589
rennes,8,10000,4949.08,4997.643,48.5630000000001
rennes,8,10000,4954.0,4954.0757,0.07570000000032451
rennes,8,10000,4954.0,5000.769,46.76900000000023
rennes,8,10000,4958.9097,4958.985,0.07529999999951542
rennes,8,10000,4958.9097,5006.9087,47.998999999999796
rennes,8,10000,4929.664,4929.755,0.09100000000034925
rennes,8,10000,4929.664,4979.5728,49.908800000000156
rennes,8,10000,4934.2676,4934.3633,0.09569999999985157
rennes,8,10000,4934.2676,4984.098,49.83039999999983
rennes,8,10000,4938.9863,4939.079,0.09270000000014988
rennes,8,10000,4938.9863,4989.1323,50.14600000000064
rennes,8,10000,4944.4194,4944.496,0.07660000000032596
rennes,8,10000,4944.4194,4989.58,45.16060000000016
lyon,8,10000,5070.657,5070.7925,0.13549999999941065
lyon,8,10000,5070.657,5116.8647,46.20769999999993
rennes,8,10000,4949.3076,4949.385,0.07740000000012515
rennes,8,10000,4949.3076,4994.478,45.17039999999997
nantes,8,10000,4858.2754,4858.375,0.09959999999955471
nantes,8,10000,4858.2754,4908.6597,50.38429999999971
nantes,8,10000,4864.615,4864.698,0.08300000000053842
nantes,8,10000,4864.615,4912.106,47.490999999999985
nantes,8,10000,4870.0483,4870.2,0.15169999999943684
nantes,8,10000,4870.0483,4915.6943,45.64599999999973
nantes,8,10000,4876.5654,4876.6714,0.10599999999976717
nantes,8,10000,4876.5654,4925.9434,49.3779999999997
nantes,8,10000,4881.852,4882.0117,0.15970000000015716
nantes,8,10000,4881.852,4932.5254,50.67340000000058
lyon,8,10000,4837.5957,4837.693,0.09730000000035943
lyon,8,10000,4837.5957,4886.884,49.28830000000016
lyon,8,10000,4843.6895,4843.823,0.1334999999999127
lyon,8,10000,4843.6895,4894.5566,50.86709999999948
lyon,8,10000,4848.669,4848.75,0.08100000000013097
lyon,8,10000,4848.669,4900.0527,51.38370000000032
lyon,8,10000,4855.3574,4855.4893,0.13190000000031432
lyon,8,10000,4855.3574,4905.979,50.6216000000004
nancy,8,10000,5108.083,5108.24,0.1570000000001528
nancy,8,10000,5108.083,5158.5713,50.48829999999998
lyon,8,10000,4860.864,4860.9453,0.08130000000073778
lyon,8,10000,4860.864,4909.9014,49.03740000000016
nantes,8,10000,4828.7515,4828.91,0.1584999999995489
nantes,8,10000,4828.7515,4874.036,45.28449999999975
nantes,8,10000,4834.8174,4834.958,0.14059999999972206
nantes,8,10000,4834.8174,4885.26,50.44260000000031
nantes,8,10000,4840.127,4840.2817,0.15469999999913853
nantes,8,10000,4840.127,4885.422,45.29499999999916
nantes,8,10000,4846.301,4846.4365,0.13549999999941065
nantes,8,10000,4846.301,4894.367,48.0659999999998
nantes,8,10000,4851.911,4852.0703,0.15930000000025757
nantes,8,10000,4851.911,4901.844,49.93299999999999
nantes,8,10000,4794.8887,4794.97,0.08129999999982829
nantes,8,10000,4794.8887,4845.926,51.03729999999996
nantes,8,10000,4801.4404,4801.6646,0.22419999999965512
nantes,8,10000,4801.4404,4852.6445,51.204099999999926
nantes,8,10000,4806.968,4807.0503,0.08230000000003201
nantes,8,10000,4806.968,4857.9414,50.973399999999856
nantes,8,10000,4813.4746,4813.5757,0.1011000000007698
nantes,8,10000,4813.4746,4861.599,48.124400000000605
nancy,8,10000,5111.9897,5112.148,0.15830000000005384
nancy,8,10000,5111.9897,5168.014,56.02430000000004
nantes,8,10000,4819.125,4819.2036,0.07859999999982392
nantes,8,10000,4819.125,4867.302,48.17699999999968
lyon,8,10000,4801.258,4801.4014,0.1433999999999287
lyon,8,10000,4801.258,4851.726,50.46799999999985
lyon,8,10000,4806.6123,4806.8335,0.22119999999995343
lyon,8,10000,4806.6123,4857.5645,50.95220000000063
lyon,8,10000,4811.6914,4811.817,0.12560000000030414
lyon,8,10000,4811.6914,4859.62,47.92860000000019
lyon,8,10000,4818.05,4818.1606,0.11059999999997672
lyon,8,10000,4818.05,4867.638,49.58799999999974
lyon,8,10000,4823.859,4823.9673,0.10829999999987194
lyon,8,10000,4823.859,4873.6655,49.80649999999969
nancy,8,10000,4869.8296,4869.894,0.06440000000020518
nancy,8,10000,4869.8296,4922.594,52.76440000000002
nancy,8,10000,4873.5015,4873.588,0.08649999999943248
nancy,8,10000,4873.5015,4928.0024,54.5009
nancy,8,10000,4877.6753,4877.742,0.06670000000030996
nancy,8,10000,4877.6753,4930.0737,52.39840000000004
nancy,8,10000,4881.782,4881.845,0.06300000000010186
nancy,8,10000,4881.782,4936.5576,54.77559999999994
nancy,8,10000,5115.8013,5115.9595,0.15819999999985157
nancy,8,10000,5115.8013,5167.9536,52.15229999999974
nancy,8,10000,4885.768,4885.832,0.06400000000030559
nancy,8,10000,4885.768,4938.2715,52.5034999999998
rennes,8,10000,4788.753,4788.869,0.11599999999998545
rennes,8,10000,4788.753,4835.091,46.33800000000065
rennes,8,10000,4793.5996,4793.707,0.10740000000077998
rennes,8,10000,4793.5996,4844.696,51.09640000000036
rennes,8,10000,4798.009,4798.106,0.09699999999975262
rennes,8,10000,4798.009,4844.962,46.95300000000043
rennes,8,10000,4803.388,4803.48,0.09199999999964348
rennes,8,10000,4803.388,4854.678,51.289999999999964
rennes,8,10000,4807.828,4807.953,0.125
rennes,8,10000,4807.828,4857.663,49.83499999999913
nantes,8,10000,4725.294,4725.3765,0.08250000000043656
nantes,8,10000,4725.294,4773.629,48.335000000000036
nantes,8,10000,4731.355,4731.551,0.19600000000082218
nantes,8,10000,4731.355,4781.891,50.53600000000006
nantes,8,10000,4736.704,4736.784,0.07999999999992724
nantes,8,10000,4736.704,4786.886,50.1820000000007
nantes,8,10000,4743.0137,4743.0967,0.08299999999962893
nantes,8,10000,4743.0137,4790.689,47.67529999999988
nancy,8,10000,5119.733,5119.8887,0.15570000000025175
nancy,8,10000,5119.733,5174.174,54.4409999999998
nantes,8,10000,4749.2207,4749.301,0.08030000000053406
nantes,8,10000,4749.2207,4798.5293,49.3086000000003
lyon,8,10000,4701.5635,4701.711,0.14750000000003638
lyon,8,10000,4701.5635,4751.8394,50.27589999999964
lyon,8,10000,4707.6035,4707.7637,0.16020000000025902
lyon,8,10000,4707.6035,4755.3696,47.766099999999824
lyon,8,10000,4712.9756,4713.166,0.1904000000004089
lyon,8,10000,4712.9756,4758.818,45.84240000000045
lyon,8,10000,4719.2827,4719.431,0.14829999999983556
lyon,8,10000,4719.2827,4763.921,44.63830000000053
lyon,8,10000,4725.2603,4725.4517,0.19139999999970314
lyon,8,10000,4725.2603,4773.519,48.25870000000032
nancy,8,10000,4754.023,4754.1743,0.15129999999953725
nancy,8,10000,4754.023,4808.5054,54.48239999999987
nancy,8,10000,4757.6436,4757.7925,0.1488999999992302
nancy,8,10000,4757.6436,4810.3296,52.685999999999694
nancy,8,10000,4761.395,4761.5503,0.15529999999944266
nancy,8,10000,4761.395,4818.109,56.71399999999994
nancy,8,10000,4765.1,4765.2524,0.15239999999994325
nancy,8,10000,4765.1,4817.103,52.0029999999997
lyon,9,10000,5063.405,5063.517,0.11200000000008004
lyon,9,10000,5063.405,5109.6265,46.22150000000056
nancy,9,10000,5148.597,5148.789,0.19200000000000728
nancy,9,10000,5148.597,5206.1665,57.56950000000052
nancy,9,10000,4792.4243,4792.5737,0.14940000000024156
nancy,9,10000,4792.4243,4848.7217,56.29740000000038
nancy,9,10000,5086.6997,5086.823,0.12330000000019936
nancy,9,10000,5086.6997,5139.295,52.59529999999995
nancy,9,10000,5091.093,5091.2163,0.12330000000019936
nancy,9,10000,5091.093,5148.216,57.1230000000005
nancy,9,10000,5094.964,5095.086,0.12200000000029831
nancy,9,10000,5094.964,5145.7246,50.76059999999961
nancy,9,10000,5098.7827,5098.9033,0.120600000000195
nancy,9,10000,5098.7827,5155.158,56.37530000000061
nancy,9,10000,5102.7534,5102.8896,0.13620000000082655
nancy,9,10000,5102.7534,5160.205,57.451600000000326
rennes,9,10000,5014.5537,5014.6396,0.08590000000003783
rennes,9,10000,5014.5537,5060.807,46.2532999999994
rennes,9,10000,5019.1846,5019.2603,0.07570000000032451
rennes,9,10000,5019.1846,5070.7188,51.534200000000055
rennes,9,10000,5024.1587,5024.249,0.09029999999984284
rennes,9,10000,5024.1587,5070.9126,46.7538999999997
rennes,9,10000,5028.6807,5028.757,0.07629999999971915
rennes,9,10000,5028.6807,5079.3354,50.65470000000005
lyon,9,10000,5068.811,5068.9297,0.11869999999998981
lyon,9,10000,5068.811,5118.2056,49.39460000000054
rennes,9,10000,5033.563,5033.6543,0.09130000000004657
rennes,9,10000,5033.563,5085.6577,52.09469999999965
nantes,9,10000,4979.774,4979.934,0.15999999999985448
nantes,9,10000,4979.774,5029.5796,49.805599999999686
nantes,9,10000,4987.4966,4987.636,0.13940000000002328
nantes,9,10000,4987.4966,5038.131,50.634399999999914
nantes,9,10000,4992.54,4992.7188,0.17879999999968277
nantes,9,10000,4992.54,5038.4897,45.94970000000012
nantes,9,10000,4999.5093,4999.654,0.14470000000073924
nantes,9,10000,4999.5093,5048.2954,48.78610000000026
nantes,9,10000,5005.056,5005.1987,0.14270000000033178
nantes,9,10000,5005.056,5052.312,47.25600000000031
rennes,9,10000,4986.952,4987.0977,0.14570000000003347
rennes,9,10000,4986.952,5031.9746,45.02259999999933
rennes,9,10000,4991.415,4991.5767,0.16169999999965512
rennes,9,10000,4991.415,5036.4497,45.03470000000016
rennes,9,10000,4996.009,4996.246,0.23700000000008004
rennes,9,10000,4996.009,5046.418,50.40899999999965
rennes,9,10000,5001.1094,5001.2734,0.1639999999997599
rennes,9,10000,5001.1094,5052.236,51.1265999999996
lyon,9,10000,5074.5728,5082.7363,8.163499999999658
lyon,9,10000,5074.5728,5122.539,47.966199999999844
rennes,9,10000,5005.814,5006.052,0.23799999999937427
rennes,9,10000,5005.814,5051.5347,45.72069999999985
lyon,9,10000,4949.5093,4949.6567,0.1473999999998341
lyon,9,10000,4949.5093,5001.143,51.63370000000032
lyon,9,10000,4955.7183,4955.8647,0.14639999999963038
lyon,9,10000,4955.7183,5001.5034,45.78509999999915
lyon,9,10000,4960.9634,4961.1177,0.15430000000014843
lyon,9,10000,4960.9634,5008.355,47.391599999999926
lyon,9,10000,4967.7065,4967.853,0.14649999999983265
lyon,9,10000,4967.7065,5014.52,46.813500000000204
lyon,9,10000,4973.074,4973.1846,0.11059999999997672
lyon,9,10000,4973.074,5017.9956,44.92160000000058
nancy,9,10000,5018.341,5018.441,0.0999999999994543
nancy,9,10000,5018.341,5072.8604,54.51939999999922
nancy,9,10000,5022.151,5022.251,0.1000000000003638
nancy,9,10000,5022.151,5073.0254,50.874400000000605
nancy,9,10000,5026.3022,5026.401,0.09879999999975553
nancy,9,10000,5026.3022,5079.562,53.259799999999814
nancy,9,10000,5030.3403,5030.461,0.12070000000039727
nancy,9,10000,5030.3403,5086.5923,56.25200000000041
lyon,9,10000,5080.791,5080.9272,0.13619999999991705
lyon,9,10000,5080.791,5126.926,46.13500000000022
nancy,9,10000,5034.368,5034.4663,0.09829999999965366
nancy,9,10000,5034.368,5087.301,52.93299999999999
rennes,9,10000,4935.3516,4935.501,0.14940000000024156
rennes,9,10000,4935.3516,4986.196,50.84439999999995
rennes,9,10000,4939.713,4939.87,0.1570000000001528
rennes,9,10000,4939.713,4989.823,50.11000000000058
rennes,9,10000,4944.317,4944.395,0.07800000000042928
rennes,9,10000,4944.317,4995.3154,50.9984000000004
rennes,9,10000,4949.412,4949.605,0.1929999999993015
rennes,9,10000,4949.412,5000.675,51.26299999999992
rennes,9,10000,4954.002,4954.1636,0.16159999999945285
rennes,9,10000,4954.002,4999.735,45.732999999999265
rennes,9,10000,4903.045,4903.1904,0.14540000000033615
rennes,9,10000,4903.045,4954.7524,51.707400000000234
rennes,9,10000,4907.6553,4907.798,0.1426999999994223
rennes,9,10000,4907.6553,4953.943,46.28769999999986
rennes,9,10000,4912.7993,4912.9517,0.15239999999994325
rennes,9,10000,4912.7993,4961.8228,49.02350000000024
rennes,9,10000,4917.7705,4917.9146,0.1441000000004351
rennes,9,10000,4917.7705,4966.442,48.67150000000038
lyon,9,10000,5086.2095,5086.324,0.11449999999967986
lyon,9,10000,5086.2095,5135.756,49.54650000000038
rennes,9,10000,4922.496,4922.7207,0.22469999999975698
rennes,9,10000,4922.496,4974.5474,52.051400000000285
nantes,9,10000,4839.4165,4839.5723,0.15579999999954453
nantes,9,10000,4839.4165,4891.3726,51.956099999999424
nantes,9,10000,4845.3633,4845.51,0.1467000000002372
nantes,9,10000,4845.3633,4896.533,51.169700000000375
nantes,9,10000,4850.5845,4850.736,0.1514999999999418
nantes,9,10000,4850.5845,4899.568,48.98350000000028
nantes,9,10000,4856.865,4857.025,0.15999999999985448
nantes,9,10000,4856.865,4906.227,49.36200000000008
nantes,9,10000,4862.937,4863.088,0.15099999999983993
nantes,9,10000,4862.937,4908.4443,45.507300000000214
lyon,9,10000,4820.3022,4820.3813,0.07909999999992579
lyon,9,10000,4820.3022,4869.04,48.73779999999988
lyon,9,10000,4825.085,4825.188,0.10300000000006548
lyon,9,10000,4825.085,4874.3315,49.2465000000002
lyon,9,10000,4830.8525,4830.947,0.0945000000001528
lyon,9,10000,4830.8525,4882.0386,51.1860999999999
lyon,9,10000,4837.0884,4837.202,0.1136000000005879
lyon,9,10000,4837.0884,4889.1646,52.076200000000426
nancy,9,10000,5133.2993,5133.4727,0.17340000000058353
nancy,9,10000,5133.2993,5189.571,56.27170000000024
lyon,9,10000,4842.795,4842.9077,0.11269999999967695
lyon,9,10000,4842.795,4890.3276,47.53259999999955
nantes,9,10000,4822.8174,4823.02,0.2026000000005297
nantes,9,10000,4822.8174,4872.9883,50.170900000000074
nantes,9,10000,4827.882,4828.022,0.14000000000032742
nantes,9,10000,4827.882,4879.2925,51.410499999999956
nantes,9,10000,4833.7573,4833.9077,0.1503999999995358
nantes,9,10000,4833.7573,4881.142,47.38469999999961
nantes,9,10000,4840.4673,4840.6367,0.16939999999976862
nantes,9,10000,4840.4673,4891.8994,51.43209999999999
nantes,9,10000,4845.7085,4845.848,0.13950000000022555
nantes,9,10000,4845.7085,4897.153,51.44450000000052
nantes,9,10000,4772.174,4772.332,0.15800000000035652
nantes,9,10000,4772.174,4820.5615,48.38749999999982
nantes,9,10000,4778.498,4778.6343,0.13630000000011933
nantes,9,10000,4778.498,4826.0796,47.581600000000435
nantes,9,10000,4783.453,4783.6235,0.17049999999926513
nantes,9,10000,4783.453,4835.139,51.685999999999694
nantes,9,10000,4790.1934,4790.3345,0.14109999999982392
nantes,9,10000,4790.1934,4838.7383,48.54489999999987
nancy,9,10000,5136.8354,5137.027,0.19160000000010768
nancy,9,10000,5136.8354,5191.7427,54.90729999999985
nantes,9,10000,4796.087,4796.2363,0.1492999999991298
nantes,9,10000,4796.087,4846.178,50.09099999999944
lyon,9,10000,4787.082,4787.2505,0.16849999999976717
lyon,9,10000,4787.082,4833.9814,46.89939999999933
lyon,9,10000,4791.952,4792.181,0.22899999999935972
lyon,9,10000,4791.952,4838.867,46.914999999999964
lyon,9,10000,4797.907,4798.1313,0.2242999999998574
lyon,9,10000,4797.907,4847.6606,49.753600000000006
lyon,9,10000,4804.7764,4804.9775,0.2011000000002241
lyon,9,10000,4804.7764,4851.8823,47.105900000000474
lyon,9,10000,4810.425,4810.6616,0.23660000000018044
lyon,9,10000,4810.425,4857.973,47.547999999999774
nancy,9,10000,4847.0996,4847.247,0.1474000000007436
nancy,9,10000,4847.0996,4899.846,52.746399999999994
nancy,9,10000,4850.674,4850.8296,0.15560000000004948
nancy,9,10000,4850.674,4904.8667,54.192699999999604
nancy,9,10000,4854.6,4854.7495,0.14949999999953434
nancy,9,10000,4854.6,4906.826,52.22599999999966
nancy,9,10000,4858.468,4858.6167,0.14869999999973516
nancy,9,10000,4858.468,4913.406,54.9380000000001
nancy,9,10000,5141.053,5141.2485,0.19549999999981083
nancy,9,10000,5141.053,5195.5366,54.48360000000048
nancy,9,10000,4862.4707,4862.63,0.15930000000025757
nancy,9,10000,4862.4707,4919.202,56.731300000000374
rennes,9,10000,4779.549,4779.713,0.1639999999997599
rennes,9,10000,4779.549,4825.067,45.51800000000003
rennes,9,10000,4783.8613,4784.0044,0.14310000000023138
rennes,9,10000,4783.8613,4831.4443,47.58300000000054
rennes,9,10000,4788.534,4788.704,0.17000000000007276
rennes,9,10000,4788.534,4837.747,49.21300000000065
rennes,9,10000,4793.6987,4793.847,0.14829999999983556
rennes,9,10000,4793.6987,4840.952,47.25330000000031
rennes,9,10000,4798.218,4798.3604,0.14239999999972497
rennes,9,10000,4798.218,4848.0386,49.82060000000001
nantes,9,10000,4711.164,4711.276,0.11200000000008004
nantes,9,10000,4711.164,4757.7393,46.575300000000425
nantes,9,10000,4717.793,4717.9287,0.13570000000072469
nantes,9,10000,4717.793,4769.573,51.780000000000655
nantes,9,10000,4723.1455,4723.2266,0.08110000000033324
nantes,9,10000,4723.1455,4774.302,51.15650000000005
nantes,9,10000,4729.3984,4729.51,0.11160000000018044
nantes,9,10000,4729.3984,4777.604,48.20560000000023
nancy,9,10000,5144.81,5144.982,0.17199999999957072
nancy,9,10000,5144.81,5196.539,51.72899999999936
nantes,9,10000,4735.203,4735.283,0.07999999999992724
nantes,9,10000,4735.203,4782.3555,47.152499999999236
lyon,9,10000,4703.0767,4703.219,0.1423000000004322
lyon,9,10000,4703.0767,4748.096,45.01929999999993
lyon,9,10000,4709.096,4709.256,0.16000000000076398
lyon,9,10000,4709.096,4757.357,48.26100000000042
lyon,9,10000,4714.8306,4714.9746,0.14399999999932334
lyon,9,10000,4714.8306,4764.006,49.17540000000008
lyon,9,10000,4720.815,4720.974,0.15900000000056025
lyon,9,10000,4720.815,4772.2153,51.40030000000024
lyon,9,10000,4725.983,4726.129,0.1459999999997308
lyon,9,10000,4725.983,4772.3794,46.39639999999963
nancy,9,10000,4776.3096,4776.4634,0.15380000000004657
nancy,9,10000,4776.3096,4832.4316,56.1220000000003
nancy,9,10000,4780.382,4780.5327,0.1507000000001426
nancy,9,10000,4780.382,4832.41,52.02800000000025
nancy,9,10000,4784.462,4784.6133,0.15129999999953725
nancy,9,10000,4784.462,4837.8896,53.427599999999984
nancy,9,10000,4788.4272,4788.58,0.15279999999984284
nancy,9,10000,4788.4272,4845.7373,57.31009999999969
lyon,0,100000,5094.5366,5328.861,234.3243999999995
nancy,0,100000,5185.0005,5419.4043,234.40380000000005
nancy,0,100000,4839.393,5073.78,234.38699999999972
nancy,0,100000,5150.9297,5385.325,234.39530000000013
nancy,0,100000,5154.873,5389.2896,234.41660000000047
nancy,0,100000,5158.805,5393.2056,234.40059999999994
nancy,0,100000,5162.6562,5397.0723,234.41609999999946
nancy,0,100000,5166.8022,5401.1943,234.39210000000003
rennes,0,100000,5049.839,5284.095,234.2560000000003
rennes,0,100000,5054.2407,5288.5864,234.34569999999985
rennes,0,100000,5058.9683,5293.3164,234.34809999999925
rennes,0,100000,5064.135,5298.485,234.34999999999945
lyon,0,100000,5100.7197,5335.092,234.3723
rennes,0,100000,5068.986,5303.3438,234.35779999999977
nantes,0,100000,5022.3335,5256.726,234.39249999999993
nantes,0,100000,5028.712,5263.0635,234.35149999999976
nantes,0,100000,5033.389,5267.7583,234.3693000000003
nantes,0,100000,5040.3467,5274.7065,234.35980000000018
nantes,0,100000,5045.8193,5280.206,234.38670000000002
rennes,0,100000,5048.8257,5283.171,234.34529999999995
rennes,0,100000,5053.585,5287.917,234.33200000000033
rennes,0,100000,5058.2295,5292.5723,234.34279999999944
rennes,0,100000,5063.1846,5297.5156,234.33100000000013
lyon,0,100000,5106.095,5340.4727,234.3777
rennes,0,100000,5067.963,5302.31,234.34700000000066
lyon,0,100000,4998.5195,5232.857,234.33749999999964
lyon,0,100000,5004.049,5238.0283,233.97929999999997
lyon,0,100000,5009.5405,5243.8413,234.30079999999998
lyon,0,100000,5015.846,5250.183,234.33700000000044
lyon,0,100000,5021.049,5255.376,234.32700000000023
nancy,0,100000,5078.185,5312.576,234.39099999999962
nancy,0,100000,5082.114,5316.5117,234.39770000000044
nancy,0,100000,5086.0747,5320.4707,234.39599999999973
nancy,0,100000,5090.1577,5324.5303,234.3726000000006
lyon,0,100000,5112.4097,5346.728,234.3182999999999
nancy,0,100000,5094.294,5328.687,234.39300000000003
rennes,0,100000,4990.557,5224.8965,234.33950000000004
rennes,0,100000,4995.387,5229.7285,234.34150000000045
rennes,0,100000,5000.058,5234.381,234.32300000000032
rennes,0,100000,5004.827,5239.166,234.33899999999994
rennes,0,100000,5009.579,5243.93,234.35100000000057
rennes,0,100000,4964.686,5199.032,234.34600000000046
rennes,0,100000,4969.3174,5203.602,234.28459999999995
rennes,0,100000,4973.7783,5208.105,234.32669999999962
rennes,0,100000,4979.0996,5213.315,234.21540000000005
lyon,0,100000,5117.7334,5352.0693,234.33590000000004
rennes,0,100000,4983.6836,5218.005,234.3213999999998
nantes,0,100000,4900.931,5135.3003,234.3693000000003
nantes,0,100000,4907.3135,5141.676,234.36250000000018
nantes,0,100000,4912.784,5147.1426,234.35860000000048
nantes,0,100000,4918.9893,5153.3354,234.34609999999975
nantes,0,100000,4924.8403,5159.2017,234.36139999999978
lyon,0,100000,4884.788,5119.222,234.4340000000002
lyon,0,100000,4890.7876,5125.167,234.37940000000071
lyon,0,100000,4895.844,5130.2104,234.36639999999989
lyon,0,100000,4902.001,5136.4395,234.4385000000002
nancy,0,100000,5170.226,5404.6274,234.40140000000065
lyon,0,100000,4907.608,5141.9814,234.3733999999995
nantes,0,100000,4896.5044,5130.8643,234.35990000000038
nantes,0,100000,4902.881,5137.225,234.34400000000005
nantes,0,100000,4907.8994,5142.266,234.36659999999938
nantes,0,100000,4914.623,5148.9766,234.35360000000037
nantes,0,100000,4919.749,5154.113,234.3640000000005
nantes,0,100000,4866.99,5101.311,234.3209999999999
nantes,0,100000,4872.9863,5107.2964,234.3101000000006
nantes,0,100000,4878.3525,5112.7217,234.3692000000001
nantes,0,100000,4884.9126,5119.208,234.29539999999997
nancy,0,100000,5173.696,5408.097,234.40099999999984
nantes,0,100000,4890.1924,5124.536,234.34360000000015
lyon,0,100000,4860.231,5094.5864,234.35540000000037
lyon,0,100000,4866.4175,5100.8047,234.38720000000012
lyon,0,100000,4872.075,5106.509,234.4340000000002
lyon,0,100000,4878.403,5112.845,234.442
lyon,0,100000,4883.846,5118.2104,234.3644000000004
nancy,0,100000,4916.9985,5151.379,234.3805000000002
nancy,0,100000,4920.7046,5155.107,234.40239999999994
nancy,0,100000,4924.7246,5159.109,234.38440000000082
nancy,0,100000,4928.8594,5163.2427,234.3832999999995
nancy,0,100000,5177.287,5411.706,234.41899999999987
nancy,0,100000,4932.899,5167.277,234.3779999999997
rennes,0,100000,4806.2393,5040.616,234.3766999999998
rennes,0,100000,4810.6914,5045.0933,234.40190000000075
rennes,0,100000,4815.475,5049.838,234.36299999999937
rennes,0,100000,4820.656,5055.0444,234.38839999999982
rennes,0,100000,4825.3325,5059.744,234.41149999999925
nantes,0,100000,4762.6846,4997.016,234.33140000000003
nantes,0,100000,4769.2085,5003.4985,234.28999999999996
nantes,0,100000,4774.1772,5008.4824,234.3051999999998
nantes,0,100000,4780.8,5015.109,234.3090000000002
nancy,0,100000,5181.245,5415.6445,234.39950000000044
nantes,0,100000,4786.3525,5020.683,234.33050000000003
lyon,0,100000,4752.629,4986.743,234.1140000000005
lyon,0,100000,4758.3633,4992.81,234.44670000000042
lyon,0,100000,4763.751,4998.2036,234.45259999999962
lyon,0,100000,4770.6353,5005.0044,234.3690999999999
lyon,0,100000,4775.6323,5009.959,234.32669999999962
nancy,0,100000,4823.1675,5057.546,234.3785000000007
nancy,0,100000,4827.1943,5061.5947,234.40039999999954
nancy,0,100000,4831.1646,5065.5415,234.3769000000002
nancy,0,100000,4835.3867,5069.77,234.38330000000042
lyon,1,100000,5068.995,5303.1626,234.16759999999977
nancy,1,100000,5170.448,5404.7334,234.28539999999975
nancy,1,100000,4798.322,5032.583,234.2609999999995
nancy,1,100000,5146.0493,5380.378,234.32870000000003
nancy,1,100000,5149.643,5383.975,234.33200000000033
nancy,1,100000,5153.6104,5387.943,234.33260000000064
nancy,1,100000,5157.4814,5391.8145,234.33310000000074
nancy,1,100000,5161.091,5395.437,234.34599999999955
rennes,1,100000,5008.524,5242.798,234.27399999999943
rennes,1,100000,5013.149,5247.3833,234.23430000000008
rennes,1,100000,5018.0767,5252.3027,234.22600000000057
rennes,1,100000,5023.128,5257.344,234.21600000000035
lyon,1,100000,5075.006,5309.2534,234.2473999999993
rennes,1,100000,5028.2935,5262.255,233.96150000000034
nantes,1,100000,4972.739,5206.949,234.21000000000004
nantes,1,100000,4978.968,5213.2144,234.2464
nantes,1,100000,4984.4595,5218.6797,234.22019999999975
nantes,1,100000,4990.6787,5224.903,234.22429999999986
nantes,1,100000,4996.0845,5230.326,234.2415000000001
rennes,1,100000,5008.756,5242.986,234.22999999999956
rennes,1,100000,5012.818,5247.065,234.2469999999994
rennes,1,100000,5017.8457,5252.0728,234.22710000000006
rennes,1,100000,5022.5503,5256.794,234.2437
lyon,1,100000,5080.251,5314.5625,234.3114999999998
rennes,1,100000,5027.468,5261.691,234.22299999999996
lyon,1,100000,4966.994,5200.939,233.94500000000062
lyon,1,100000,4972.7227,5207.011,234.28830000000016
lyon,1,100000,4977.145,5211.4185,234.27349999999933
lyon,1,100000,4983.5674,5217.823,234.2556000000004
lyon,1,100000,4988.894,5223.1533,234.2592999999997
nancy,1,100000,5016.097,5250.3623,234.26530000000002
nancy,1,100000,5019.7393,5254.0156,234.27629999999954
nancy,1,100000,5023.646,5257.8994,234.2534000000005
nancy,1,100000,5027.3403,5261.5938,234.2534999999998
lyon,1,100000,5086.713,5321.0376,234.32459999999992
nancy,1,100000,5031.1895,5265.4434,234.2538999999997
rennes,1,100000,4955.6333,5189.8374,234.20409999999993
rennes,1,100000,4960.416,5194.4263,234.01029999999992
rennes,1,100000,4964.7866,5198.9917,234.20509999999922
rennes,1,100000,4969.922,5204.1353,234.21330000000034
rennes,1,100000,4974.7104,5208.93,234.21960000000036
rennes,1,100000,4902.5117,5136.792,234.28030000000035
rennes,1,100000,4907.017,5141.2783,234.26130000000012
rennes,1,100000,4911.589,5145.8716,234.28260000000046
rennes,1,100000,4916.7314,5150.984,234.2526000000007
lyon,1,100000,5091.9033,5326.142,234.23869999999988
rennes,1,100000,4921.312,5155.5825,234.27050000000054
nantes,1,100000,4856.502,5090.696,234.1939999999995
nantes,1,100000,4862.4414,5096.6562,234.21480000000065
nantes,1,100000,4868.007,5102.192,234.1850000000004
nantes,1,100000,4874.483,5108.7017,234.21869999999944
nantes,1,100000,4880.287,5114.517,234.22999999999956
lyon,1,100000,4851.361,5085.635,234.27400000000034
lyon,1,100000,4857.701,5091.9497,234.2487000000001
lyon,1,100000,4862.715,5097.009,234.29399999999987
lyon,1,100000,4869.2236,5103.461,234.23739999999998
nancy,1,100000,5154.49,5388.777,234.28700000000026
lyon,1,100000,4874.7427,5108.995,234.2523000000001
nantes,1,100000,4839.7544,5073.9385,234.1841000000004
nantes,1,100000,4846.001,5080.1714,234.17039999999997
nantes,1,100000,4851.198,5085.396,234.1979999999994
nantes,1,100000,4857.7075,5091.874,234.16649999999936
nantes,1,100000,4863.647,5097.805,234.15800000000036
nantes,1,100000,4800.613,5034.735,234.1219999999994
nantes,1,100000,4806.8516,5041.0005,234.14890000000014
nantes,1,100000,4812.4688,5046.601,234.1322
nantes,1,100000,4818.8486,5052.9897,234.14109999999982
nancy,1,100000,5158.356,5392.644,234.28800000000047
nantes,1,100000,4824.8267,5058.7466,233.91990000000078
lyon,1,100000,4804.7964,5039.0547,234.2582999999995
lyon,1,100000,4810.836,5045.0586,234.22260000000006
lyon,1,100000,4815.841,5050.1147,234.27369999999974
lyon,1,100000,4821.9653,5056.1934,234.22810000000027
lyon,1,100000,4827.6255,5061.8994,234.27390000000014
nancy,1,100000,4868.207,5102.4673,234.26029999999992
nancy,1,100000,4872.002,5106.2607,234.2586999999994
nancy,1,100000,4876.2085,5110.4697,234.26119999999992
nancy,1,100000,4880.279,5114.5405,234.26149999999961
nancy,1,100000,5162.306,5396.5923,234.28630000000067
nancy,1,100000,4884.166,5118.4253,234.2592999999997
rennes,1,100000,4743.593,4977.834,234.24099999999999
rennes,1,100000,4748.256,4982.4546,234.19859999999971
rennes,1,100000,4752.6553,4986.8896,234.23430000000008
rennes,1,100000,4757.7734,4991.967,234.1935999999996
rennes,1,100000,4762.331,4996.5166,234.1855999999998
nantes,1,100000,4706.2896,4940.526,234.23639999999978
nantes,1,100000,4711.993,4946.248,234.2549999999992
nantes,1,100000,4717.661,4951.8267,234.16569999999956
nantes,1,100000,4724.543,4958.791,234.2480000000005
nancy,1,100000,5166.3735,5400.6597,234.28620000000046
nantes,1,100000,4730.3647,4964.603,234.23829999999998
lyon,1,100000,4715.213,4949.3843,234.17129999999997
lyon,1,100000,4721.5386,4955.8325,234.29390000000058
lyon,1,100000,4726.5215,4960.8164,234.29489999999987
lyon,1,100000,4732.9546,4967.2144,234.2597999999998
lyon,1,100000,4738.449,4972.6895,234.2405000000008
nancy,1,100000,4782.4746,5016.72,234.2454000000007
nancy,1,100000,4786.307,5020.5244,234.21740000000045
nancy,1,100000,4790.2334,5024.4927,234.2592999999997
nancy,1,100000,4794.2603,5028.505,234.2447000000002
lyon,2,100000,5057.9014,5292.276,234.3746000000001
nancy,2,100000,5154.185,5388.603,234.41799999999967
nancy,2,100000,4764.216,4998.6196,234.40359999999964
nancy,2,100000,5064.9697,5299.378,234.40830000000005
nancy,2,100000,5068.514,5302.9204,234.40639999999985
nancy,2,100000,5072.464,5306.869,234.40499999999975
nancy,2,100000,5076.0894,5310.4956,234.40620000000035
nancy,2,100000,5079.754,5314.175,234.42100000000028
rennes,2,100000,4984.652,5219.003,234.35099999999966
rennes,2,100000,4989.161,5223.5063,234.34529999999995
rennes,2,100000,4993.8726,5228.231,234.35840000000007
rennes,2,100000,4998.8643,5233.2207,234.35639999999967
lyon,2,100000,5064.058,5298.505,234.44700000000012
rennes,2,100000,5003.5747,5237.9146,234.33989999999994
nantes,2,100000,4924.3164,5158.6875,234.3711000000003
nantes,2,100000,4931.2144,5165.5645,234.35010000000057
nantes,2,100000,4936.3403,5170.7256,234.38529999999992
nantes,2,100000,4943.2554,5177.621,234.3656000000001
nantes,2,100000,4948.387,5182.771,234.38400000000001
rennes,2,100000,4985.513,5219.887,234.3739999999998
rennes,2,100000,4989.94,5224.2896,234.34960000000046
rennes,2,100000,4994.424,5228.774,234.35000000000036
rennes,2,100000,4999.588,5233.7095,234.1215000000002
lyon,2,100000,5069.261,5303.654,234.39300000000003
rennes,2,100000,5004.1167,5238.484,234.3673000000008
lyon,2,100000,4921.0684,5155.4307,234.36229999999978
lyon,2,100000,4927.3877,5161.778,234.39030000000002
lyon,2,100000,4932.6787,5167.1167,234.4379999999992
lyon,2,100000,4939.231,5173.6836,234.45260000000053
lyon,2,100000,4944.291,5178.6694,234.3783999999996
nancy,2,100000,4976.5957,5211.0137,234.41800000000057
nancy,2,100000,4980.37,5214.813,234.4430000000002
nancy,2,100000,4984.36,5218.7773,234.41730000000007
nancy,2,100000,4988.2065,5222.6567,234.4501999999993
lyon,2,100000,5075.521,5309.9,234.3789999999999
nancy,2,100000,4992.1694,5226.5894,234.42000000000007
rennes,2,100000,4904.977,5139.328,234.35100000000057
rennes,2,100000,4909.74,5144.0566,234.3166000000001
rennes,2,100000,4914.5757,5148.948,234.3723
rennes,2,100000,4919.5806,5153.9043,234.32369999999992
rennes,2,100000,4924.3296,5158.727,234.39739999999983
rennes,2,100000,4850.028,5084.391,234.36299999999937
rennes,2,100000,4854.285,5088.6025,234.3175000000001
rennes,2,100000,4859.5625,5093.9233,234.36080000000038
rennes,2,100000,4864.462,5098.8022,234.34019999999964
lyon,2,100000,5080.975,5315.431,234.45599999999922
rennes,2,100000,4869.56,5103.9077,234.34769999999935
nantes,2,100000,4809.253,5043.5664,234.3134
nantes,2,100000,4815.0024,5049.3145,234.3121000000001
nantes,2,100000,4820.4224,5054.7285,234.3060999999998
nantes,2,100000,4826.861,5061.196,234.33500000000004
nantes,2,100000,4832.031,5066.3384,234.3073999999997
lyon,2,100000,4805.933,5040.288,234.35499999999956
lyon,2,100000,4811.889,5046.275,234.3859999999995
lyon,2,100000,4816.6367,5051.026,234.38929999999982
lyon,2,100000,4823.296,5057.684,234.38799999999992
nancy,2,100000,5137.745,5372.167,234.42200000000048
lyon,2,100000,4828.7954,5063.1846,234.38919999999962
nantes,2,100000,4814.7524,5049.0776,234.3251999999993
nantes,2,100000,4820.6455,5055.0103,234.3648000000003
nantes,2,100000,4825.9243,5060.2744,234.35010000000057
nantes,2,100000,4832.4624,5066.8203,234.35789999999997
nantes,2,100000,4838.4707,5072.815,234.34429999999975
nantes,2,100000,4746.3076,4980.695,234.38739999999962
nantes,2,100000,4752.69,4987.0503,234.36030000000028
nantes,2,100000,4757.6445,4992.025,234.3804999999993
nantes,2,100000,4764.394,4998.7627,234.3687
nancy,2,100000,5141.6157,5376.0396,234.42389999999978
nantes,2,100000,4769.7866,5004.1743,234.3876999999993
lyon,2,100000,4753.3223,4987.685,234.3627000000006
lyon,2,100000,4759.7437,4994.093,234.34929999999986
lyon,2,100000,4764.8945,4999.2734,234.3788999999997
lyon,2,100000,4771.632,5005.9785,234.34650000000056
lyon,2,100000,4776.571,5010.932,234.36099999999988
nancy,2,100000,4782.8823,5017.271,234.38869999999952
nancy,2,100000,4787.2764,5021.695,234.41859999999997
nancy,2,100000,4791.2935,5025.697,234.40350000000035
nancy,2,100000,4795.387,5029.776,234.38900000000012
nancy,2,100000,5145.6953,5380.093,234.39769999999953
nancy,2,100000,4799.4688,5033.8555,234.38670000000002
rennes,2,100000,4716.421,4950.836,234.41499999999996
rennes,2,100000,4721.0024,4955.363,234.36059999999998
rennes,2,100000,4725.5103,4959.8896,234.3793000000005
rennes,2,100000,4730.4316,4964.9556,234.52400000000034
rennes,2,100000,4735.582,4969.9526,234.37059999999929
nantes,2,100000,4676.856,4911.209,234.35300000000007
nantes,2,100000,4683.53,4917.8364,234.3064000000004
nantes,2,100000,4688.672,4923.0137,234.34170000000086
nantes,2,100000,4695.5557,4929.8857,234.32999999999993
nancy,2,100000,5149.6914,5384.113,234.42160000000058
nantes,2,100000,4700.7534,4935.1016,234.34820000000036
lyon,2,100000,4673.1436,4907.452,234.3083999999999
lyon,2,100000,4678.836,4913.1626,234.32659999999942
lyon,2,100000,4684.0933,4918.4087,234.3153999999995
lyon,2,100000,4690.3257,4924.6616,234.33590000000004
lyon,2,100000,4695.5854,4929.888,234.30259999999998
nancy,2,100000,4749.0684,4983.4688,234.40039999999954
nancy,2,100000,4752.7734,4987.1875,234.41409999999996
nancy,2,100000,4756.5747,4990.977,234.40229999999974
nancy,2,100000,4760.409,4994.812,234.40300000000025
lyon,3,100000,5081.6426,5316.1514,234.5087999999996
nancy,3,100000,5193.9595,5428.5503,234.59079999999994
nancy,3,100000,4832.3174,5066.905,234.58759999999984
nancy,3,100000,5157.1934,5391.7,234.5065999999997
nancy,3,100000,5161.041,5395.565,234.52399999999943
nancy,3,100000,5165.0645,5399.5615,234.4969999999994
nancy,3,100000,5168.9814,5403.4814,234.5
nancy,3,100000,5173.5254,5408.0537,234.52829999999994
rennes,3,100000,5045.2266,5279.8267,234.60009999999966
rennes,3,100000,5049.8076,5284.421,234.61340000000018
rennes,3,100000,5054.3633,5288.9624,234.59910000000036
rennes,3,100000,5059.2725,5293.8857,234.61319999999978
lyon,3,100000,5086.702,5321.199,234.4969999999994
rennes,3,100000,5063.6943,5298.29,234.59569999999985
nantes,3,100000,5016.4707,5251.0615,234.59079999999994
nantes,3,100000,5021.8228,5256.3887,234.5659000000005
nantes,3,100000,5028.6113,5263.197,234.58570000000054
nantes,3,100000,5033.2515,5267.83,234.57849999999962
nantes,3,100000,5041.1704,5275.7256,234.5551999999998
rennes,3,100000,5029.2666,5263.733,234.46640000000025
rennes,3,100000,5033.905,5268.468,234.5630000000001
rennes,3,100000,5038.4404,5272.9595,234.51909999999953
rennes,3,100000,5043.501,5278.019,234.51800000000003
lyon,3,100000,5093.124,5327.629,234.5050000000001
rennes,3,100000,5047.72,5282.26,234.53999999999996
lyon,3,100000,4990.517,5224.977,234.46000000000004
lyon,3,100000,4996.9785,5231.428,234.44949999999972
lyon,3,100000,5002.0273,5236.5024,234.47510000000057
lyon,3,100000,5008.7593,5243.2617,234.5024000000003
lyon,3,100000,5014.7646,5249.279,234.51440000000002
nancy,3,100000,5062.163,5296.617,234.45400000000063
nancy,3,100000,5065.9116,5300.371,234.45939999999973
nancy,3,100000,5069.8345,5304.2876,234.45309999999972
nancy,3,100000,5074.2915,5308.787,234.4955
lyon,3,100000,5099.5874,5334.134,234.54659999999967
nancy,3,100000,5078.4272,5312.881,234.45380000000023
rennes,3,100000,4976.385,5210.984,234.59900000000016
rennes,3,100000,4981.1914,5215.7983,234.60690000000068
rennes,3,100000,4985.989,5220.585,234.59600000000046
rennes,3,100000,4991.2725,5225.8584,234.58590000000004
rennes,3,100000,4996.0845,5230.7134,234.6288999999997
rennes,3,100000,4904.403,5138.9595,234.5564999999997
rennes,3,100000,4909.3096,5143.8794,234.5698000000002
rennes,3,100000,4913.943,5148.505,234.5619999999999
rennes,3,100000,4919.4243,5154.0005,234.57620000000043
lyon,3,100000,5105.1606,5339.657,234.4964
rennes,3,100000,4923.9814,5158.575,234.59360000000015
nantes,3,100000,4892.3643,5126.932,234.5676999999996
nantes,3,100000,4898.3867,5132.9736,234.58690000000024
nantes,3,100000,4904.258,5138.814,234.5560000000005
nantes,3,100000,4910.557,5145.188,234.6310000000003
nantes,3,100000,4916.816,5151.447,234.6310000000003
lyon,3,100000,4884.9585,5119.5234,234.5649000000003
lyon,3,100000,4891.08,5125.6304,234.55040000000008
lyon,3,100000,4896.409,5130.93,234.52100000000064
lyon,3,100000,4902.679,5137.215,234.53600000000006
nancy,3,100000,5177.9478,5412.5415,234.59370000000035
lyon,3,100000,4908.15,5142.6816,234.53160000000025
nantes,3,100000,4879.1694,5113.4604,234.29100000000017
nantes,3,100000,4885.7393,5120.3076,234.5682999999999
nantes,3,100000,4891.2334,5125.7847,234.55130000000008
nantes,3,100000,4897.8433,5132.4043,234.5609999999997
nantes,3,100000,4903.689,5138.2363,234.54729999999927
nantes,3,100000,4836.4653,5071.0645,234.59920000000056
nantes,3,100000,4842.6475,5077.2275,234.57999999999993
nantes,3,100000,4848.295,5082.881,234.58600000000024
nantes,3,100000,4854.914,5089.525,234.61099999999988
nancy,3,100000,5181.9756,5416.566,234.59040000000005
nantes,3,100000,4861.241,5095.6147,234.3737000000001
lyon,3,100000,4822.813,5057.2134,234.40039999999954
lyon,3,100000,4828.831,5063.322,234.49099999999999
lyon,3,100000,4834.2886,5068.759,234.47040000000015
lyon,3,100000,4841.1235,5075.6133,234.4898000000003
lyon,3,100000,4846.4814,5080.9487,234.46730000000025
nancy,3,100000,4911.2007,5145.7886,234.58789999999954
nancy,3,100000,4914.952,5149.551,234.59900000000016
nancy,3,100000,4918.8677,5153.46,234.59230000000025
nancy,3,100000,4922.889,5157.477,234.58799999999974
nancy,3,100000,5185.964,5420.5547,234.59069999999974
nancy,3,100000,4927.0073,5161.593,234.58569999999963
rennes,3,100000,4824.9517,5059.4395,234.4878000000008
rennes,3,100000,4829.506,5064.0625,234.5564999999997
rennes,3,100000,4834.2544,5068.778,234.52360000000044
rennes,3,100000,4839.0127,5073.535,234.52229999999963
rennes,3,100000,4844.182,5078.703,234.52100000000064
nantes,3,100000,4752.0586,4986.6084,234.54979999999978
nantes,3,100000,4758.302,4992.8213,234.51929999999993
nantes,3,100000,4763.336,4997.8857,234.54969999999958
nantes,3,100000,4769.7437,5004.3413,234.59760000000006
nancy,3,100000,5190.025,5424.6216,234.59660000000076
nantes,3,100000,4775.5234,5010.132,234.60859999999957
lyon,3,100000,4761.9424,4996.4497,234.5073000000002
lyon,3,100000,4768.4746,5003.068,234.59340000000066
lyon,3,100000,4773.3384,5007.8477,234.50930000000062
lyon,3,100000,4779.91,5014.4224,234.51240000000053
lyon,3,100000,4785.55,5020.0625,234.51249999999982
nancy,3,100000,4817.422,5052.007,234.58500000000004
nancy,3,100000,4820.689,5055.287,234.59799999999996
nancy,3,100000,4824.543,5059.1245,234.58150000000023
nancy,3,100000,4828.637,5063.2207,234.58370000000014
lyon,4,100000,4973.9375,5207.5205,233.58299999999963
nancy,4,100000,5061.3823,5295.0264,233.64409999999953
nancy,4,100000,4846.046,5079.689,233.64300000000003
nancy,4,100000,4999.097,5232.733,233.63600000000042
nancy,4,100000,5002.4624,5236.1016,233.63919999999962
nancy,4,100000,5006.131,5239.769,233.63799999999992
nancy,4,100000,5009.894,5243.5293,233.63529999999992
nancy,4,100000,5013.2817,5246.9365,233.65480000000025
rennes,4,100000,4923.4062,5156.9785,233.5722999999998
rennes,4,100000,4928.208,5161.8037,233.59570000000076
rennes,4,100000,4932.7554,5166.3237,233.5682999999999
rennes,4,100000,4938.202,5171.8013,233.59929999999986
lyon,4,100000,4979.7666,5213.3438,233.57719999999972
rennes,4,100000,4942.797,5176.406,233.60900000000038
nantes,4,100000,4881.8057,5115.3525,233.54680000000008
nantes,4,100000,4888.086,5121.6357,233.54969999999958
nantes,4,100000,4893.525,5127.087,233.5620000000008
nantes,4,100000,4900.4204,5133.7046,233.28420000000006
nantes,4,100000,4905.499,5139.0625,233.5635000000002
rennes,4,100000,4918.9277,5152.5244,233.59670000000006
rennes,4,100000,4923.601,5157.2583,233.65730000000076
rennes,4,100000,4928.324,5161.909,233.58500000000004
rennes,4,100000,4933.7437,5167.342,233.59829999999965
lyon,4,100000,4985.232,5218.842,233.60999999999967
rennes,4,100000,4938.6777,5172.3203,233.64260000000013
lyon,4,100000,4890.1255,5123.7188,233.59329999999954
lyon,4,100000,4895.875,5129.521,233.64599999999973
lyon,4,100000,4901.496,5135.1353,233.63929999999982
lyon,4,100000,4908.053,5141.428,233.375
lyon,4,100000,4913.237,5146.873,233.6359999999995
nancy,4,100000,4980.621,5214.3994,233.77840000000015
nancy,4,100000,4984.6704,5218.4497,233.77930000000015
nancy,4,100000,4988.182,5221.96,233.77800000000025
nancy,4,100000,4992.172,5225.9487,233.77670000000035
lyon,4,100000,4991.4604,5225.03,233.5695999999998
nancy,4,100000,4995.651,5229.4287,233.77770000000055
rennes,4,100000,4905.2705,5138.891,233.6205
rennes,4,100000,4910.0933,5143.6704,233.57709999999952
rennes,4,100000,4914.5576,5148.1597,233.60210000000006
rennes,4,100000,4920.2305,5153.807,233.57650000000012
rennes,4,100000,4924.4785,5158.09,233.61149999999998
rennes,4,100000,4916.68,5150.3267,233.64669999999933
rennes,4,100000,4921.276,5154.903,233.6270000000004
rennes,4,100000,4926.1167,5159.7715,233.65480000000025
rennes,4,100000,4930.79,5164.385,233.59500000000025
lyon,4,100000,4997.2407,5230.835,233.59429999999975
rennes,4,100000,4935.8135,5169.4683,233.65480000000025
nantes,4,100000,4880.5283,5114.1465,233.6181999999999
nantes,4,100000,4887.0728,5120.691,233.6181999999999
nantes,4,100000,4892.35,5125.9272,233.57719999999972
nantes,4,100000,4899.432,5133.0537,233.6217000000006
nantes,4,100000,4905.1396,5138.7026,233.5629999999992
lyon,4,100000,4866.9663,5100.5723,233.60599999999977
lyon,4,100000,4871.418,5105.0044,233.58640000000014
lyon,4,100000,4877.3257,5110.916,233.59029999999984
lyon,4,100000,4884.2686,5117.8174,233.54879999999957
nancy,4,100000,5046.1475,5279.7896,233.64210000000003
lyon,4,100000,4890.158,5123.76,233.60199999999986
nantes,4,100000,4862.4517,5096.0747,233.6230000000005
nantes,4,100000,4868.499,5102.1133,233.61430000000018
nantes,4,100000,4873.7197,5107.335,233.6153000000004
nantes,4,100000,4880.179,5113.787,233.60800000000017
nantes,4,100000,4885.5386,5119.1294,233.59079999999994
nantes,4,100000,4825.931,5059.5273,233.59630000000016
nantes,4,100000,4832.1006,5065.7803,233.6797000000006
nantes,4,100000,4837.609,5071.1987,233.58969999999954
nantes,4,100000,4844.3857,5077.993,233.60730000000058
nancy,4,100000,5050.203,5283.8506,233.64759999999933
nantes,4,100000,4850.204,5083.7944,233.59040000000005
lyon,4,100000,4837.046,5070.634,233.58799999999974
lyon,4,100000,4843.5024,5077.076,233.57359999999971
lyon,4,100000,4848.6846,5082.2935,233.60890000000018
lyon,4,100000,4855.118,5088.7344,233.61639999999989
lyon,4,100000,4860.1255,5093.6743,233.54879999999957
nancy,4,100000,4908.7793,5142.429,233.64969999999994
nancy,4,100000,4912.5063,5146.168,233.66169999999966
nancy,4,100000,4916.5996,5150.2437,233.64410000000044
nancy,4,100000,4920.3335,5153.9785,233.64500000000044
nancy,4,100000,5053.7983,5287.439,233.64069999999992
nancy,4,100000,4924.4077,5158.054,233.64630000000034
rennes,4,100000,4798.8413,5032.441,233.59969999999976
rennes,4,100000,4803.2935,5036.908,233.6145000000006
rennes,4,100000,4808.8257,5042.4653,233.63959999999952
rennes,4,100000,4813.3525,5046.9536,233.60109999999986
rennes,4,100000,4818.2026,5051.8467,233.64410000000044
nantes,4,100000,4756.228,4989.7715,233.54349999999977
nantes,4,100000,4762.6953,4996.2163,233.52099999999973
nantes,4,100000,4768.31,5001.8535,233.54349999999977
nantes,4,100000,4775.1724,5008.692,233.51959999999963
nancy,4,100000,5057.758,5291.377,233.6190000000006
nantes,4,100000,4780.9067,5014.446,233.53930000000037
lyon,4,100000,4773.233,5006.8647,233.6316999999999
lyon,4,100000,4779.0903,5012.7114,233.6211000000003
lyon,4,100000,4784.402,5018.012,233.60999999999967
lyon,4,100000,4791.072,5024.6797,233.60769999999957
lyon,4,100000,4796.8413,5030.449,233.60769999999957
nancy,4,100000,4830.0996,5063.742,233.64240000000063
nancy,4,100000,4834.1445,5067.7607,233.61619999999948
nancy,4,100000,4837.8057,5071.4487,233.64300000000003
nancy,4,100000,4842.1455,5075.7627,233.6172000000006
lyon,5,100000,4984.372,5216.7373,232.36529999999948
nancy,5,100000,5072.8423,5305.252,232.40970000000016
nancy,5,100000,4741.1353,4973.5483,232.41300000000047
nancy,5,100000,5053.732,5286.1006,232.3685999999998
nancy,5,100000,5057.5464,5289.898,232.35159999999996
nancy,5,100000,5061.427,5293.7725,232.34550000000036
nancy,5,100000,5065.3223,5297.6987,232.3764000000001
nancy,5,100000,5069.214,5301.5415,232.32750000000033
rennes,5,100000,4959.1416,5191.541,232.39940000000024
rennes,5,100000,4963.9336,5196.339,232.40539999999964
rennes,5,100000,4968.4604,5200.8433,232.38290000000052
rennes,5,100000,4973.759,5206.148,232.38900000000012
lyon,5,100000,4989.8096,5222.193,232.38340000000062
rennes,5,100000,4978.3853,5210.789,232.40369999999984
nantes,5,100000,4921.893,5154.288,232.39499999999953
nantes,5,100000,4928.378,5160.7354,232.35739999999987
nantes,5,100000,4934.108,5166.454,232.34599999999955
nantes,5,100000,4940.89,5173.0986,232.20859999999993
nantes,5,100000,4946.4062,5178.8247,232.41849999999977
rennes,5,100000,4942.622,5174.9927,232.3706999999995
rennes,5,100000,4947.4087,5179.8022,232.39350000000013
rennes,5,100000,4952.017,5184.3774,232.36040000000048
rennes,5,100000,4957.356,5189.7207,232.36470000000008
lyon,5,100000,4995.879,5228.2314,232.35239999999976
rennes,5,100000,4961.9897,5194.3667,232.3769999999995
lyon,5,100000,4876.001,5108.1094,232.10840000000007
lyon,5,100000,4881.741,5114.123,232.3819999999996
lyon,5,100000,4887.053,5119.411,232.35800000000017
lyon,5,100000,4893.5674,5125.951,232.38360000000011
lyon,5,100000,4899.281,5131.636,232.35500000000047
nancy,5,100000,4944.8135,5177.2573,232.4438
nancy,5,100000,4948.5205,5180.9673,232.44680000000062
nancy,5,100000,4952.3022,5184.7505,232.44830000000002
nancy,5,100000,4956.321,5188.7656,232.4445999999998
lyon,5,100000,5002.3433,5234.7207,232.3773999999994
nancy,5,100000,4960.516,5192.9663,232.45030000000042
rennes,5,100000,4863.1133,5095.56,232.44670000000042
rennes,5,100000,4867.5537,5099.9775,232.42379999999957
rennes,5,100000,4872.5605,5105.008,232.44750000000022
rennes,5,100000,4877.1235,5109.558,232.4345000000003
rennes,5,100000,4882.234,5114.6846,232.4505999999992
rennes,5,100000,4842.3193,5074.639,232.3197
rennes,5,100000,4846.8525,5079.197,232.34450000000015
rennes,5,100000,4851.309,5083.6367,232.32769999999982
rennes,5,100000,4856.269,5088.585,232.3159999999998
lyon,5,100000,5007.9517,5240.314,232.3623000000007
rennes,5,100000,4861.163,5093.5083,232.34530000000086
nantes,5,100000,4799.15,5031.4756,232.32560000000012
nantes,5,100000,4805.848,5038.1616,232.3136000000004
nantes,5,100000,4810.963,5043.271,232.308
nantes,5,100000,4817.9766,5050.2744,232.29780000000028
nantes,5,100000,4823.413,5055.728,232.3150000000005
lyon,5,100000,4774.521,5006.863,232.34200000000055
lyon,5,100000,4780.791,5013.1514,232.36039999999957
lyon,5,100000,4786.0015,5018.312,232.3104999999996
lyon,5,100000,4792.4087,5024.769,232.36030000000028
nancy,5,100000,5057.381,5289.781,232.39999999999964
lyon,5,100000,4798.5317,5030.844,232.3123000000005
nantes,5,100000,4765.208,4997.5356,232.32760000000053
nantes,5,100000,4771.518,5003.8667,232.34869999999955
nantes,5,100000,4777.349,5009.4126,232.0635999999995
nantes,5,100000,4783.3813,5015.725,232.34370000000035
nantes,5,100000,4788.6323,5020.967,232.33469999999943
nantes,5,100000,4738.0513,4970.4194,232.36809999999969
nantes,5,100000,4744.1016,4976.4585,232.35689999999977
nantes,5,100000,4749.7627,4982.1523,232.38959999999952
nantes,5,100000,4756.208,4988.5537,232.34570000000076
nancy,5,100000,5061.126,5293.489,232.36299999999937
nantes,5,100000,4761.956,4994.318,232.36200000000008
lyon,5,100000,4748.697,4981.0522,232.35519999999997
lyon,5,100000,4754.947,4987.2715,232.32449999999972
lyon,5,100000,4760.429,4992.7905,232.36149999999998
lyon,5,100000,4766.643,4998.969,232.32600000000002
lyon,5,100000,4772.0625,5004.3984,232.33590000000004
nancy,5,100000,4802.936,5035.3457,232.40970000000016
nancy,5,100000,4806.8306,5039.248,232.41739999999936
nancy,5,100000,4810.7363,5043.1504,232.41410000000087
nancy,5,100000,4814.4385,5046.846,232.40749999999935
nancy,5,100000,5064.9644,5297.3833,232.41890000000058
nancy,5,100000,4818.3096,5050.7183,232.40870000000086
rennes,5,100000,4724.1035,4956.4844,232.3809000000001
rennes,5,100000,4728.299,4960.683,232.38400000000001
rennes,5,100000,4732.9707,4965.3804,232.40970000000016
rennes,5,100000,4737.6104,4969.9766,232.3662000000004
rennes,5,100000,4743.068,4975.451,232.3829999999998
nantes,5,100000,4658.4204,4890.796,232.3756000000003
nantes,5,100000,4664.5728,4896.9604,232.38760000000002
nantes,5,100000,4670.101,4902.4727,232.3717000000006
nantes,5,100000,4677.1636,4909.527,232.36340000000018
nancy,5,100000,5068.855,5301.2607,232.40570000000025
nantes,5,100000,4682.709,4915.0854,232.3764000000001
lyon,5,100000,4668.566,4900.9126,232.34659999999985
lyon,5,100000,4675.0137,4907.3594,232.34569999999985
lyon,5,100000,4679.9014,4912.2456,232.34420000000046
lyon,5,100000,4686.2573,4918.589,232.33169999999973
lyon,5,100000,4691.479,4923.8325,232.35350000000017
nancy,5,100000,4725.608,4958.0195,232.41150000000016
nancy,5,100000,4729.5063,4961.892,232.38569999999982
nancy,5,100000,4733.553,4965.9424,232.38940000000002
nancy,5,100000,4737.357,4969.77,232.41300000000047
lyon,6,100000,5082.959,5317.1436,234.1846000000005
nancy,6,100000,5157.6787,5391.917,234.23829999999998
nancy,6,100000,4804.8374,5039.0107,234.17329999999947
nancy,6,100000,5130.7993,5365.013,234.21370000000024
nancy,6,100000,5134.494,5368.7134,234.21939999999995
nancy,6,100000,5138.0312,5372.243,234.21180000000004
nancy,6,100000,5141.8364,5376.0493,234.21289999999954
nancy,6,100000,5145.4805,5379.7085,234.22800000000007
rennes,6,100000,5038.645,5272.856,234.21099999999933
rennes,6,100000,5043.404,5277.6167,234.21269999999913
rennes,6,100000,5047.9277,5282.095,234.16730000000007
rennes,6,100000,5053.066,5287.2666,234.20060000000012
lyon,6,100000,5088.969,5323.1455,234.17649999999958
rennes,6,100000,5057.919,5292.13,234.21100000000024
nantes,6,100000,5008.616,5242.87,234.2539999999999
nantes,6,100000,5014.603,5248.9214,234.3184000000001
nantes,6,100000,5020.7397,5254.985,234.2452999999996
nantes,6,100000,5027.0303,5261.299,234.26869999999963
nantes,6,100000,5033.123,5267.4316,234.3086000000003
rennes,6,100000,5023.7754,5258.02,234.2446
rennes,6,100000,5028.2744,5262.5347,234.26029999999992
rennes,6,100000,5033.3564,5267.309,233.95260000000053
rennes,6,100000,5037.9424,5272.197,234.2546000000002
lyon,6,100000,5093.9136,5328.0874,234.17380000000048
rennes,6,100000,5042.645,5276.9243,234.27929999999924
lyon,6,100000,4959.7373,5193.9595,234.22220000000016
lyon,6,100000,4965.923,5200.138,234.21500000000015
lyon,6,100000,4970.7627,5205.025,234.2622999999994
lyon,6,100000,4977.141,5211.3525,234.21150000000034
lyon,6,100000,4982.4165,5216.6367,234.22019999999975
nancy,6,100000,5022.1353,5256.3433,234.20800000000054
nancy,6,100000,5025.8687,5260.0776,234.20889999999963
nancy,6,100000,5029.77,5263.977,234.20699999999943
nancy,6,100000,5033.6606,5267.897,234.23639999999978
lyon,6,100000,5100.3364,5334.4688,234.1323999999995
nancy,6,100000,5037.5537,5271.7676,234.21389999999974
rennes,6,100000,4922.4487,5156.6772,234.22850000000017
rennes,6,100000,4926.729,5160.94,234.21099999999933
rennes,6,100000,4931.897,5166.131,234.23400000000038
rennes,6,100000,4937.0586,5171.2764,234.21779999999944
rennes,6,100000,4941.639,5175.8774,234.23840000000018
rennes,6,100000,4928.9224,5163.14,234.21759999999995
rennes,6,100000,4933.869,5167.777,233.90800000000036
rennes,6,100000,4937.913,5172.1123,234.19930000000022
rennes,6,100000,4943.3247,5177.4985,234.17379999999957
lyon,6,100000,5105.357,5339.5107,234.15369999999984
rennes,6,100000,4947.735,5181.917,234.1820000000007
nantes,6,100000,4870.0913,5104.3506,234.2592999999997
nantes,6,100000,4876.163,5110.4434,234.28040000000055
nantes,6,100000,4881.7056,5115.9497,234.2440999999999
nantes,6,100000,4888.3335,5122.5693,234.23580000000038
nantes,6,100000,4893.6978,5127.966,234.26820000000043
lyon,6,100000,4840.6826,5074.9277,234.2451000000001
lyon,6,100000,4846.9854,5081.1475,234.16210000000046
lyon,6,100000,4852.3413,5086.5425,234.20119999999952
lyon,6,100000,4858.588,5092.8325,234.2445000000007
nancy,6,100000,5142.247,5376.48,234.23299999999927
lyon,6,100000,4863.942,5098.1514,234.20939999999973
nantes,6,100000,4848.821,5083.0005,234.1795000000002
nantes,6,100000,4855.459,5089.6514,234.1923999999999
nantes,6,100000,4860.8984,5095.103,234.20460000000003
nantes,6,100000,4867.295,5101.5107,234.21569999999974
nantes,6,100000,4873.4097,5107.5967,234.1869999999999
nantes,6,100000,4810.4536,5044.6353,234.1817000000001
nantes,6,100000,4815.9463,5050.177,234.23070000000007
nantes,6,100000,4821.118,5055.3447,234.22669999999925
nantes,6,100000,4827.754,5061.9897,234.23570000000018
nancy,6,100000,5145.852,5380.158,234.3060000000005
nantes,6,100000,4833.612,5067.8535,234.2415000000001
lyon,6,100000,4810.825,5045.0396,234.21460000000025
lyon,6,100000,4817.426,5051.622,234.1959999999999
lyon,6,100000,4822.4985,5056.749,234.2505000000001
lyon,6,100000,4828.8325,5063.0903,234.2577999999994
lyon,6,100000,4834.3096,5068.576,234.26640000000043
nancy,6,100000,4868.036,5102.289,234.2529999999997
nancy,6,100000,4871.81,5106.065,234.2549999999992
nancy,6,100000,4875.8184,5110.058,234.23959999999988
nancy,6,100000,4879.8926,5114.1294,234.23679999999968
nancy,6,100000,5149.8516,5384.1143,234.26270000000022
nancy,6,100000,4883.6567,5117.8975,234.2408000000005
rennes,6,100000,4775.6797,5009.8843,234.20460000000003
rennes,6,100000,4780.4087,5014.6333,234.22460000000046
rennes,6,100000,4785.413,5019.614,234.20100000000002
rennes,6,100000,4790.075,5024.261,234.1860000000006
rennes,6,100000,4794.9893,5029.2246,234.23529999999937
nantes,6,100000,4724.333,4958.5864,234.2534000000005
nantes,6,100000,4730.914,4965.133,234.21900000000005
nantes,6,100000,4736.333,4970.5806,234.2476000000006
nantes,6,100000,4742.959,4977.191,234.23199999999997
nancy,6,100000,5153.5195,5387.7407,234.22119999999995
nantes,6,100000,4749.186,4983.4253,234.23930000000018
lyon,6,100000,4734.008,4968.2183,234.21030000000064
lyon,6,100000,4740.18,4974.1523,233.97229999999945
lyon,6,100000,4744.9697,4979.186,234.21630000000005
lyon,6,100000,4751.3164,4985.5254,234.20900000000074
lyon,6,100000,4756.957,4991.1465,234.1894999999995
nancy,6,100000,4789.648,5023.8257,234.1777000000002
nancy,6,100000,4793.4395,5027.6597,234.22019999999975
nancy,6,100000,4797.335,5031.5225,234.1875
nancy,6,100000,4801.228,5035.3984,234.17039999999997
lyon,7,100000,4909.7817,5147.593,237.8113000000003
nancy,7,100000,4991.8906,5229.7344,237.84380000000056
nancy,7,100000,4816.3784,5054.2114,237.83300000000054
nancy,7,100000,4962.2593,5200.0654,237.8061000000007
nancy,7,100000,4966.1313,5203.8926,237.76130000000012
nancy,7,100000,4969.7397,5207.499,237.7592999999997
nancy,7,100000,4973.689,5211.4585,237.76949999999943
nancy,7,100000,4977.3345,5215.161,237.82650000000012
rennes,7,100000,4847.1636,5084.682,237.51839999999993
rennes,7,100000,4851.452,5089.1772,237.72519999999986
rennes,7,100000,4856.5645,5094.258,237.6934999999994
rennes,7,100000,4861.411,5099.1284,237.71739999999954
lyon,7,100000,4914.651,5152.4507,237.79970000000048
rennes,7,100000,4866.339,5104.0415,237.70250000000033
nantes,7,100000,4833.6846,5071.438,237.7534000000005
nantes,7,100000,4839.7896,5077.434,237.64440000000013
nantes,7,100000,4845.067,5082.811,237.7439999999997
nantes,7,100000,4852.1772,5089.913,237.73579999999947
nantes,7,100000,4857.501,5095.2524,237.7514000000001
rennes,7,100000,4838.428,5076.1187,237.6907000000001
rennes,7,100000,4842.8535,5080.6465,237.79299999999967
rennes,7,100000,4847.6094,5085.4165,237.8071
rennes,7,100000,4852.5195,5090.3037,237.78420000000006
lyon,7,100000,4920.156,5158.009,237.85300000000007
rennes,7,100000,4857.177,5094.9766,237.79960000000028
lyon,7,100000,4795.307,5033.0625,237.7555000000002
lyon,7,100000,4801.713,5039.4272,237.71420000000035
lyon,7,100000,4806.9146,5044.6704,237.7557999999999
lyon,7,100000,4813.2153,5050.961,237.7457000000004
lyon,7,100000,4818.4326,5056.193,237.76040000000012
nancy,7,100000,4878.412,5116.246,237.83399999999983
nancy,7,100000,4882.0386,5119.8745,237.83590000000004
nancy,7,100000,4886.331,5124.165,237.83399999999983
nancy,7,100000,4890.273,5128.1113,237.83829999999944
lyon,7,100000,4926.6167,5164.4175,237.80079999999998
nancy,7,100000,4894.769,5132.6025,237.83349999999973
rennes,7,100000,4814.2017,5051.9067,237.70499999999993
rennes,7,100000,4818.9346,5056.6216,237.6870000000008
rennes,7,100000,4823.2,5060.8633,237.66330000000016
rennes,7,100000,4828.6816,5066.353,237.67140000000018
rennes,7,100000,4833.6177,5071.3296,237.71190000000024
rennes,7,100000,4779.338,5017.0645,237.72650000000067
rennes,7,100000,4784.3564,5021.79,237.4336000000003
rennes,7,100000,4788.499,5026.2095,237.71050000000014
rennes,7,100000,4793.6055,5031.363,237.75750000000062
lyon,7,100000,4932.0664,5169.883,237.8166000000001
rennes,7,100000,4798.1,5035.835,237.73499999999967
nantes,7,100000,4723.446,4961.198,237.7520000000004
nantes,7,100000,4729.77,4967.51,237.73999999999978
nantes,7,100000,4734.8657,4972.6113,237.74559999999929
nantes,7,100000,4741.6265,4979.4136,237.78709999999955
nantes,7,100000,4746.9937,4984.7954,237.80169999999998
lyon,7,100000,4739.8057,4977.56,237.7543000000005
lyon,7,100000,4745.7856,4983.5596,237.77399999999943
lyon,7,100000,4750.9443,4988.741,237.79669999999987
lyon,7,100000,4757.468,4995.0176,237.54960000000028
nancy,7,100000,4977.254,5215.093,237.83899999999994
lyon,7,100000,4762.2173,5000.0044,237.78709999999955
nantes,7,100000,4712.7446,4950.482,237.73739999999998
nantes,7,100000,4718.619,4956.404,237.78500000000076
nantes,7,100000,4724.1562,4961.9106,237.7543999999998
nantes,7,100000,4730.5703,4968.3276,237.7572999999993
nantes,7,100000,4736.8057,4974.5654,237.75970000000052
nantes,7,100000,4717.23,4954.965,237.73500000000058
nantes,7,100000,4722.255,4960.07,237.8149999999996
nantes,7,100000,4728.945,4966.4463,237.5012999999999
nantes,7,100000,4733.5874,4971.329,237.74159999999938
nancy,7,100000,4980.664,5218.505,237.84100000000035
nantes,7,100000,4739.338,4977.1445,237.8065000000006
lyon,7,100000,4720.6274,4958.3667,237.73929999999928
lyon,7,100000,4726.834,4964.61,237.77599999999984
lyon,7,100000,4732.094,4969.866,237.77199999999993
lyon,7,100000,4738.6997,4976.4805,237.78079999999954
lyon,7,100000,4744.128,4981.8823,237.7543000000005
nancy,7,100000,4823.387,5061.2134,237.82639999999992
nancy,7,100000,4826.8755,5064.718,237.84249999999975
nancy,7,100000,4830.7686,5068.592,237.8233999999993
nancy,7,100000,4834.955,5072.7812,237.82620000000043
nancy,7,100000,4984.6426,5222.484,237.84140000000025
nancy,7,100000,4838.7524,5076.5903,237.83789999999954
rennes,7,100000,4765.306,5003.0557,237.7497000000003
rennes,7,100000,4769.545,5007.3213,237.77629999999954
rennes,7,100000,4774.373,5012.123,237.75
rennes,7,100000,4779.569,5017.3257,237.7566999999999
rennes,7,100000,4784.356,5022.113,237.75700000000052
nantes,7,100000,4714.503,4952.2827,237.77970000000005
nantes,7,100000,4720.7563,4958.3965,237.64019999999982
nantes,7,100000,4726.2573,4964.034,237.77669999999944
nantes,7,100000,4732.7295,4970.535,237.80549999999948
nancy,7,100000,4988.3975,5226.235,237.83749999999964
nantes,7,100000,4738.6436,4976.4214,237.77779999999984
lyon,7,100000,4729.1074,4966.795,237.6876000000002
lyon,7,100000,4735.146,4972.873,237.72699999999986
lyon,7,100000,4739.997,4977.7373,237.74029999999948
lyon,7,100000,4746.336,4984.088,237.7519999999995
lyon,7,100000,4752.1465,4989.8755,237.72900000000027
nancy,7,100000,4800.95,5038.78,237.82999999999993
nancy,7,100000,4804.3384,5042.1807,237.84230000000025
nancy,7,100000,4808.3867,5046.214,237.82729999999992
nancy,7,100000,4812.3164,5050.144,237.82760000000053
lyon,8,100000,5045.522,5280.234,234.71200000000044
nancy,8,100000,5135.3164,5370.08,234.76360000000022
nancy,8,100000,4798.899,5033.652,234.7529999999997
nancy,8,100000,5112.203,5346.954,234.7509999999993
nancy,8,100000,5115.9624,5350.7163,234.7538999999997
nancy,8,100000,5119.822,5354.5723,234.7502999999997
nancy,8,100000,5123.618,5358.372,234.7539999999999
nancy,8,100000,5127.6226,5362.389,234.76640000000043
rennes,8,100000,5020.3823,5255.067,234.6846999999998
rennes,8,100000,5025.306,5260.018,234.71200000000044
rennes,8,100000,5029.7495,5264.4316,234.6821
rennes,8,100000,5034.5996,5269.2866,234.6870000000008
lyon,8,100000,5051.4385,5286.1504,234.71190000000024
rennes,8,100000,5039.5366,5273.8794,234.34279999999944
nantes,8,100000,4992.1963,5226.8477,234.65140000000065
nantes,8,100000,4998.549,5233.212,234.66300000000047
nantes,8,100000,5004.0903,5238.743,234.65270000000055
nantes,8,100000,5010.82,5245.486,234.66600000000017
nantes,8,100000,5016.2783,5250.8574,234.57909999999993
rennes,8,100000,4999.8296,5234.2563,234.42669999999998
rennes,8,100000,5004.1226,5238.8184,234.69580000000042
rennes,8,100000,5008.775,5243.476,234.70100000000002
rennes,8,100000,5013.947,5248.659,234.71199999999953
lyon,8,100000,5057.3467,5292.0244,234.6777000000002
rennes,8,100000,5018.447,5253.1436,234.69660000000022
lyon,8,100000,4958.3877,5193.089,234.70129999999972
lyon,8,100000,4964.3457,5199.0874,234.7417000000005
lyon,8,100000,4969.579,5204.288,234.70899999999983
lyon,8,100000,4976.3,5211.018,234.71799999999985
lyon,8,100000,4981.696,5216.401,234.70499999999993
nancy,8,100000,5030.5635,5265.306,234.74249999999938
nancy,8,100000,5034.5464,5269.287,234.7406000000001
nancy,8,100000,5038.474,5273.2183,234.7443000000003
nancy,8,100000,5042.662,5277.391,234.72899999999936
lyon,8,100000,5063.5464,5298.2095,234.66309999999976
nancy,8,100000,5046.6963,5281.4346,234.73829999999998
rennes,8,100000,4947.2197,5181.956,234.73630000000048
rennes,8,100000,4952.103,5186.7866,234.6836000000003
rennes,8,100000,4956.777,5191.496,234.71900000000005
rennes,8,100000,4961.539,5196.2476,234.70859999999993
rennes,8,100000,4966.2563,5200.9736,234.71730000000025
rennes,8,100000,4925.477,5160.229,234.7520000000004
rennes,8,100000,4930.9175,5165.269,234.35150000000067
rennes,8,100000,4935.2427,5169.9907,234.7480000000005
rennes,8,100000,4940.2275,5174.982,234.7545
lyon,8,100000,5069.094,5303.779,234.6850000000004
rennes,8,100000,4944.801,5179.54,234.73899999999958
nantes,8,100000,4846.1226,5080.8335,234.71090000000004
nantes,8,100000,4850.9097,5085.6387,234.72900000000027
nantes,8,100000,4856.613,5091.3506,234.73759999999947
nantes,8,100000,4863.6323,5098.3447,234.71239999999943
nantes,8,100000,4869.3115,5104.0195,234.70800000000054
lyon,8,100000,4830.1255,5064.8516,234.72609999999986
lyon,8,100000,4836.6514,5071.3857,234.73430000000008
lyon,8,100000,4842.3154,5077.01,234.6945999999998
lyon,8,100000,4848.691,5083.3926,234.70160000000033
nancy,8,100000,5119.3555,5354.123,234.76749999999993
lyon,8,100000,4854.1353,5088.8306,234.69530000000032
nantes,8,100000,4825.6274,5060.3145,234.6871000000001
nantes,8,100000,4831.9756,5066.6797,234.70409999999993
nantes,8,100000,4836.95,5071.6284,234.67839999999978
nantes,8,100000,4843.651,5078.355,234.70399999999972
nantes,8,100000,4849.6914,5084.378,234.6866
nantes,8,100000,4786.685,5021.349,234.66399999999976
nantes,8,100000,4792.4966,5027.193,234.6963999999998
nantes,8,100000,4798.171,5032.671,234.5
nantes,8,100000,4804.6353,5039.305,234.66970000000038
nancy,8,100000,5123.346,5358.1235,234.77750000000015
nantes,8,100000,4810.426,5045.0986,234.67259999999987
lyon,8,100000,4788.449,5023.141,234.692
lyon,8,100000,4794.407,5029.1035,234.69650000000001
lyon,8,100000,4799.533,5034.23,234.6969999999992
lyon,8,100000,4805.8325,5040.51,234.67749999999978
lyon,8,100000,4811.075,5045.775,234.69999999999982
nancy,8,100000,4855.727,5090.501,234.77400000000034
nancy,8,100000,4859.177,5093.942,234.76500000000033
nancy,8,100000,4863.305,5098.0938,234.78879999999936
nancy,8,100000,4867.1055,5101.8784,234.77289999999994
nancy,8,100000,5127.215,5361.9824,234.76739999999972
nancy,8,100000,4870.7256,5105.4985,234.77289999999994
rennes,8,100000,4759.9165,4994.65,234.73349999999937
rennes,8,100000,4764.5713,4999.3394,234.76810000000023
rennes,8,100000,4769.6343,5004.3735,234.73919999999998
rennes,8,100000,4774.0728,5008.8125,234.73970000000008
rennes,8,100000,4778.9785,5013.716,234.73750000000018
nantes,8,100000,4701.475,4936.1665,234.6914999999999
nantes,8,100000,4707.7095,4942.395,234.6855000000005
nantes,8,100000,4712.6973,4947.3755,234.6782000000003
nantes,8,100000,4718.855,4953.5146,234.65960000000086
nancy,8,100000,5131.1826,5365.8945,234.71190000000024
nantes,8,100000,4724.7285,4959.4175,234.6889999999994
lyon,8,100000,4718.4937,4953.16,234.66629999999986
lyon,8,100000,4724.453,4959.0933,234.64030000000002
lyon,8,100000,4729.205,4963.874,234.66899999999987
lyon,8,100000,4736.0166,4970.66,234.64339999999993
lyon,8,100000,4741.645,4976.311,234.66599999999926
nancy,8,100000,4783.3335,5018.083,234.7494999999999
nancy,8,100000,4787.1733,5021.9404,234.76710000000003
nancy,8,100000,4791.153,5025.908,234.7550000000001
nancy,8,100000,4794.942,5029.6978,234.7557999999999
lyon,9,100000,5009.727,5244.086,234.35900000000038
nancy,9,100000,5111.593,5346.0093,234.41629999999986
nancy,9,100000,4729.007,4963.2876,234.28060000000005
nancy,9,100000,5065.1206,5299.519,234.39840000000004
nancy,9,100000,5068.7783,5303.2124,234.4341000000004
nancy,9,100000,5072.745,5307.178,234.433
nancy,9,100000,5076.5723,5311.004,234.4317000000001
nancy,9,100000,5080.4355,5314.857,234.42150000000038
rennes,9,100000,4995.5176,5229.9097,234.39210000000003
rennes,9,100000,5000.22,5234.6094,234.38940000000002
rennes,9,100000,5004.8584,5239.2437,234.38529999999992
rennes,9,100000,5009.527,5243.9097,234.3827000000001
lyon,9,100000,5015.888,5250.272,234.38400000000001
rennes,9,100000,5014.4385,5248.833,234.39449999999943
nantes,9,100000,4951.593,5185.9624,234.3694000000005
nantes,9,100000,4957.1084,5191.4624,234.35400000000027
nantes,9,100000,4962.573,5196.959,234.3859999999995
nantes,9,100000,4969.661,5203.969,234.308
nantes,9,100000,4975.7095,5209.9683,234.25880000000052
rennes,9,100000,4959.043,5193.3896,234.34660000000076
rennes,9,100000,4963.49,5197.857,234.3670000000002
rennes,9,100000,4968.055,5202.4233,234.3683000000001
rennes,9,100000,4973.1504,5207.53,234.3795999999993
lyon,9,100000,5021.027,5255.4146,234.38760000000002
rennes,9,100000,4977.712,5212.094,234.3819999999996
lyon,9,100000,4885.1978,5119.543,234.34519999999975
lyon,9,100000,4890.843,5125.1543,234.3113000000003
lyon,9,100000,4895.755,5130.0796,234.32459999999992
lyon,9,100000,4902.4595,5136.788,234.32849999999962
lyon,9,100000,4908.1772,5142.507,234.32979999999952
nancy,9,100000,4975.3594,5209.7915,234.4321
nancy,9,100000,4978.9004,5213.3857,234.48529999999937
nancy,9,100000,4982.6533,5217.121,234.46770000000015
nancy,9,100000,4986.536,5220.966,234.4300000000003
lyon,9,100000,5027.3735,5261.762,234.38850000000002
nancy,9,100000,4990.586,5225.018,234.4319999999998
rennes,9,100000,4873.6763,5108.138,234.46169999999984
rennes,9,100000,4878.429,5112.5996,234.17059999999947
rennes,9,100000,4882.633,5117.055,234.42200000000048
rennes,9,100000,4887.859,5122.304,234.4449999999997
rennes,9,100000,4892.3896,5126.7915,234.40189999999984
rennes,9,100000,4850.495,5084.8623,234.3672999999999
rennes,9,100000,4855.082,5089.2344,234.15239999999994
rennes,9,100000,4859.3013,5093.668,234.36669999999958
rennes,9,100000,4864.181,5098.5327,234.35170000000016
lyon,9,100000,5032.826,5267.1836,234.35760000000028
rennes,9,100000,4869.016,5103.373,234.35699999999997
nantes,9,100000,4775.6763,5010.031,234.35469999999987
nantes,9,100000,4781.4287,5015.7773,234.34859999999935
nantes,9,100000,4786.8037,5021.162,234.35829999999987
nantes,9,100000,4793.061,5027.4014,234.34040000000005
nantes,9,100000,4798.8423,5033.1973,234.35499999999956
lyon,9,100000,4775.5776,5009.937,234.35940000000028
lyon,9,100000,4782.1855,5016.2544,234.0689000000002
lyon,9,100000,4786.776,5021.1685,234.39249999999993
lyon,9,100000,4793.071,5027.427,234.35599999999977
nancy,9,100000,5096.0483,5330.4614,234.41309999999976
lyon,9,100000,4798.921,5033.315,234.39399999999932
nantes,9,100000,4778.927,5013.302,234.375
nantes,9,100000,4785.1973,5019.5684,234.3711000000003
nantes,9,100000,4790.6484,5025.014,234.3656000000001
nantes,9,100000,4797.2725,5031.6304,234.35789999999997
nantes,9,100000,4802.7603,5037.075,234.3146999999999
nantes,9,100000,4729.0103,4963.291,234.28070000000025
nantes,9,100000,4735.1973,4969.492,234.29470000000038
nantes,9,100000,4740.901,4975.163,234.26199999999972
nantes,9,100000,4747.294,4981.591,234.29700000000048
nancy,9,100000,5099.7065,5334.1196,234.41309999999976
nantes,9,100000,4753.1143,4987.3965,234.28219999999965
lyon,9,100000,4731.8735,4966.1997,234.32620000000043
lyon,9,100000,4738.1836,4972.526,234.34239999999954
lyon,9,100000,4743.6816,4978.0215,234.33989999999994
lyon,9,100000,4749.9766,4984.362,234.38540000000012
lyon,9,100000,4755.5425,4989.8887,234.34620000000086
nancy,9,100000,4801.068,5035.441,234.3729999999996
nancy,9,100000,4804.846,5039.28,234.4340000000002
nancy,9,100000,4808.692,5043.044,234.35199999999986
nancy,9,100000,4812.4,5046.813,234.41300000000047
nancy,9,100000,5103.8164,5338.248,234.4315999999999
nancy,9,100000,4816.065,5050.477,234.41200000000026
rennes,9,100000,4704.197,4938.563,234.36599999999999
rennes,9,100000,4708.567,4942.9507,234.38370000000032
rennes,9,100000,4713.274,4947.654,234.3800000000001
rennes,9,100000,4717.8354,4952.2144,234.3789999999999
rennes,9,100000,4722.8896,4957.265,234.3753999999999
nantes,9,100000,4642.819,4877.121,234.30199999999968
nantes,9,100000,4649.787,4884.066,234.27899999999954
nantes,9,100000,4655.4917,4889.7456,234.2539000000006
nantes,9,100000,4662.5264,4896.839,234.3126000000002
nancy,9,100000,5107.731,5342.147,234.41600000000017
nantes,9,100000,4667.959,4902.2217,234.26270000000022
lyon,9,100000,4660.2773,4894.7314,234.45409999999993
lyon,9,100000,4666.6763,4901.123,234.4466999999995
lyon,9,100000,4672.0054,4906.3896,234.38420000000042
lyon,9,100000,4678.4663,4912.8687,234.40239999999994
lyon,9,100000,4684.386,4918.8335,234.4474999999993
nancy,9,100000,4713.023,4947.304,234.28099999999995
nancy,9,100000,4716.8486,4951.0464,234.19779999999992
nancy,9,100000,4721.0225,4955.3022,234.27970000000005
nancy,9,100000,4724.652,4958.9316,234.27959999999985
lyon,0,1000000,4936.293,7283.3247,2347.0317000000005
nancy,0,1000000,5038.6206,7385.643,2347.0224
nancy,0,1000000,4801.3945,7148.4033,2347.0087999999996
nancy,0,1000000,4973.8003,7320.805,2347.0047000000004
nancy,0,1000000,4977.5493,7324.5547,2347.0054
nancy,0,1000000,4981.1763,7328.1836,2347.0073
nancy,0,1000000,4985.179,7332.1826,2347.0036
nancy,0,1000000,4988.9453,7335.9673,2347.022
rennes,0,1000000,4900.454,7247.4404,2346.9864000000007
rennes,0,1000000,4905.0493,7252.0547,2347.0054
rennes,0,1000000,4909.6084,7256.5854,2346.977
rennes,0,1000000,4914.3105,7261.2974,2346.986900000001
lyon,0,1000000,4942.289,7289.3105,2347.0215
rennes,0,1000000,4918.8955,7265.89,2346.9945000000007
nantes,0,1000000,4863.445,7210.131,2346.6860000000006
nantes,0,1000000,4869.619,7216.5806,2346.9616000000005
nantes,0,1000000,4874.632,7221.5386,2346.9066000000003
nantes,0,1000000,4881.271,7228.23,2346.959
nantes,0,1000000,4886.8115,7233.784,2346.9725
rennes,0,1000000,4895.9746,7242.947,2346.9724000000006
rennes,0,1000000,4900.5796,7247.55,2346.9704
rennes,0,1000000,4905.138,7252.1245,2346.9865
rennes,0,1000000,4910.63,7257.576,2346.946
lyon,0,1000000,4947.5156,7294.508,2346.9924
rennes,0,1000000,4915.5264,7262.4805,2346.9541
lyon,0,1000000,4871.1436,7217.956,2346.8124
lyon,0,1000000,4877.075,7224.0093,2346.9343
lyon,0,1000000,4882.0845,7229.004,2346.9195
lyon,0,1000000,4888.59,7235.518,2346.928
lyon,0,1000000,4893.956,7240.897,2346.941
nancy,0,1000000,4966.114,7313.134,2347.0200000000004
nancy,0,1000000,4969.82,7316.8423,2347.0223000000005
nancy,0,1000000,4973.9224,7320.944,2347.0216
nancy,0,1000000,4977.755,7324.774,2347.0190000000002
lyon,0,1000000,4953.8525,7300.811,2346.9584999999997
nancy,0,1000000,4981.964,7328.9863,2347.0222999999996
rennes,0,1000000,4898.6514,7245.6626,2347.0112
rennes,0,1000000,4903.3364,7250.3394,2347.0029999999997
rennes,0,1000000,4907.894,7254.895,2347.001
rennes,0,1000000,4913.091,7260.095,2347.004
rennes,0,1000000,4917.5283,7264.527,2346.9987
rennes,0,1000000,4873.3735,7220.3374,2346.9639000000006
rennes,0,1000000,4877.9185,7224.8325,2346.9140000000007
rennes,0,1000000,4882.4595,7229.414,2346.9545
rennes,0,1000000,4887.7207,7234.651,2346.9303
lyon,0,1000000,4959.4185,7306.4116,2346.9931000000006
rennes,0,1000000,4892.477,7239.4062,2346.9292000000005
nantes,0,1000000,4836.0176,7182.9854,2346.9677999999994
nantes,0,1000000,4842.3623,7189.3384,2346.9761
nantes,0,1000000,4847.4893,7194.4863,2346.9969999999994
nantes,0,1000000,4854.4424,7201.106,2346.6636
nantes,0,1000000,4859.5913,7206.51,2346.9187
lyon,0,1000000,4820.633,7167.6167,2346.9836999999998
lyon,0,1000000,4826.6523,7173.6157,2346.9634000000005
lyon,0,1000000,4831.9233,7178.9097,2346.9864
lyon,0,1000000,4838.3735,7185.3086,2346.9351000000006
nancy,0,1000000,5022.5396,7369.5415,2347.0019
lyon,0,1000000,4843.571,7190.5566,2346.9856
nantes,0,1000000,4825.2935,7172.2173,2346.9238000000005
nantes,0,1000000,4831.5767,7178.4805,2346.9038
nantes,0,1000000,4836.646,7183.616,2346.9700000000003
nantes,0,1000000,4843.295,7190.199,2346.9039999999995
nantes,0,1000000,4848.9224,7195.8403,2346.9178999999995
nantes,0,1000000,4783.0713,7130.0205,2346.9492
nantes,0,1000000,4789.287,7136.2227,2346.9357
nantes,0,1000000,4794.787,7141.7227,2346.9357
nantes,0,1000000,4801.2617,7148.178,2346.9163
nancy,0,1000000,5026.4355,7373.458,2347.0225
nantes,0,1000000,4806.6997,7153.645,2346.9453000000003
lyon,0,1000000,4784.8823,7131.848,2346.9656999999997
lyon,0,1000000,4790.9663,7137.9536,2346.9873
lyon,0,1000000,4796.5205,7143.5156,2346.9951
lyon,0,1000000,4803.433,7150.4287,2346.9957000000004
lyon,0,1000000,4808.62,7155.591,2346.9710000000005
nancy,0,1000000,4866.975,7213.9424,2346.9673999999995
nancy,0,1000000,4870.853,7217.794,2346.941
nancy,0,1000000,4874.7007,7221.7324,2347.0316999999995
nancy,0,1000000,4879.009,7225.969,2346.96
nancy,0,1000000,5030.5444,7377.5405,2346.9961000000003
nancy,0,1000000,4883.111,7230.07,2346.959
rennes,0,1000000,4786.1597,7133.161,2347.0013
rennes,0,1000000,4790.662,7137.669,2347.0069999999996
rennes,0,1000000,4795.28,7142.2964,2347.0164000000004
rennes,0,1000000,4800.2285,7147.2173,2346.9888
rennes,0,1000000,4805.303,7152.298,2346.995
nantes,0,1000000,4691.636,7038.5767,2346.940699999999
nantes,0,1000000,4698.014,7044.965,2346.951
nantes,0,1000000,4703.145,7050.0635,2346.9184999999998
nantes,0,1000000,4709.6567,7056.6196,2346.9629000000004
nancy,0,1000000,5034.69,7381.713,2347.023
nantes,0,1000000,4715.3276,7062.0312,2346.7036000000007
lyon,0,1000000,4704.329,7051.0903,2346.7613
lyon,0,1000000,4707.7334,7054.718,2346.9846
lyon,0,1000000,4718.608,7065.5864,2346.9784
lyon,0,1000000,4725.2656,7072.246,2346.9804000000004
lyon,0,1000000,4730.6694,7077.632,2346.9626
nancy,0,1000000,4786.0137,7133.016,2347.002299999999
nancy,0,1000000,4789.631,7136.646,2347.0149999999994
nancy,0,1000000,4793.5483,7140.5527,2347.0044
nancy,0,1000000,4797.4443,7144.4487,2347.0044
lyon,1,1000000,5041.072,7386.144,2345.072
nancy,1,1000000,5131.165,7476.368,2345.2030000000004
nancy,1,1000000,4819.7354,7164.903,2345.1676000000007
nancy,1,1000000,5103.4434,7448.576,2345.1326
nancy,1,1000000,5107.0107,7452.135,2345.1243000000004
nancy,1,1000000,5110.9175,7456.0464,2345.1289000000006
nancy,1,1000000,5114.565,7459.7417,2345.1767
nancy,1,1000000,5118.3496,7463.5073,2345.1577000000007
rennes,1,1000000,4999.3765,7344.5503,2345.1737999999996
rennes,1,1000000,5003.876,7349.0576,2345.1816
rennes,1,1000000,5008.766,7353.9697,2345.2037
rennes,1,1000000,5013.722,7358.9214,2345.1994000000004
lyon,1,1000000,5046.8193,7391.9507,2345.1314
rennes,1,1000000,5018.7227,7363.893,2345.1702999999998
nantes,1,1000000,4990.9683,7336.144,2345.1757
nantes,1,1000000,4997.009,7342.1685,2345.1594999999998
nantes,1,1000000,5002.574,7347.7295,2345.1555000000008
nantes,1,1000000,5008.9395,7354.079,2345.1394999999993
nantes,1,1000000,5014.453,7359.609,2345.156
rennes,1,1000000,4975.2534,7320.454,2345.2006
rennes,1,1000000,4979.7695,7324.9595,2345.1899999999996
rennes,1,1000000,4984.256,7329.439,2345.183
rennes,1,1000000,4989.7964,7334.903,2345.1066
lyon,1,1000000,5052.1377,7397.234,2345.0963
rennes,1,1000000,4994.3643,7339.541,2345.1767
lyon,1,1000000,4930.1035,7275.2134,2345.1098999999995
lyon,1,1000000,4936.5137,7281.6777,2345.1639999999998
lyon,1,1000000,4941.5605,7286.714,2345.1535000000003
lyon,1,1000000,4947.945,7293.0913,2345.1463000000003
lyon,1,1000000,4953.327,7298.492,2345.165
nancy,1,1000000,5003.93,7349.1113,2345.1812999999993
nancy,1,1000000,5007.7417,7352.8857,2345.1440000000002
nancy,1,1000000,5011.789,7356.9585,2345.1695
nancy,1,1000000,5015.759,7360.953,2345.1940000000004
lyon,1,1000000,5058.782,7403.8555,2345.0734999999995
nancy,1,1000000,5019.8687,7365.044,2345.1753
rennes,1,1000000,4914.511,7259.634,2345.1229999999996
rennes,1,1000000,4918.9404,7264.0405,2345.1000999999997
rennes,1,1000000,4924.179,7269.307,2345.1279999999997
rennes,1,1000000,4928.6416,7273.7114,2345.0698
rennes,1,1000000,4933.4185,7278.545,2345.1265000000003
rennes,1,1000000,4904.8867,7250.1167,2345.2299999999996
rennes,1,1000000,4909.794,7254.7725,2344.9785
rennes,1,1000000,4914.601,7259.803,2345.202
rennes,1,1000000,4919.5557,7264.744,2345.1883
lyon,1,1000000,5064.17,7409.2417,2345.0716999999995
rennes,1,1000000,4924.369,7269.6035,2345.2345000000005
nantes,1,1000000,4848.523,7193.7144,2345.1913999999997
nantes,1,1000000,4854.31,7199.495,2345.1849999999995
nantes,1,1000000,4859.7783,7204.966,2345.1877000000004
nantes,1,1000000,4866.669,7211.828,2345.1590000000006
nantes,1,1000000,4872.44,7217.636,2345.196000000001
lyon,1,1000000,4825.818,7170.9033,2345.0852999999997
lyon,1,1000000,4832.0854,7177.18,2345.0946000000004
lyon,1,1000000,4837.141,7182.2236,2345.0826000000006
lyon,1,1000000,4843.2817,7188.395,2345.113300000001
nancy,1,1000000,5115.641,7460.847,2345.206
lyon,1,1000000,4848.8843,7194.0215,2345.1372
nantes,1,1000000,4831.183,7176.374,2345.191
nantes,1,1000000,4837.1885,7182.364,2345.1754999999994
nantes,1,1000000,4842.8374,7188.033,2345.1956
nantes,1,1000000,4849.6323,7194.7925,2345.1601999999993
nantes,1,1000000,4854.954,7200.131,2345.1770000000006
nantes,1,1000000,4791.5435,7136.758,2345.2145
nantes,1,1000000,4796.403,7141.6074,2345.2043999999996
nantes,1,1000000,4803.0625,7148.2827,2345.2201999999997
nantes,1,1000000,4809.57,7154.7773,2345.2073
nancy,1,1000000,5119.619,7464.82,2345.201
nantes,1,1000000,4815.3193,7160.5107,2345.1913999999997
lyon,1,1000000,4805.2725,7150.39,2345.1175000000003
lyon,1,1000000,4811.3345,7156.4834,2345.1489
lyon,1,1000000,4816.234,7161.379,2345.1449999999995
lyon,1,1000000,4823.176,7168.4224,2345.2464
lyon,1,1000000,4828.9062,7174.0796,2345.1733999999997
nancy,1,1000000,4863.9087,7209.09,2345.1813
nancy,1,1000000,4867.3267,7212.5347,2345.2080000000005
nancy,1,1000000,4871.0645,7216.247,2345.1825
nancy,1,1000000,4874.795,7219.9756,2345.1805999999997
nancy,1,1000000,5123.4546,7468.6616,2345.2070000000003
nancy,1,1000000,4878.61,7223.791,2345.1810000000005
rennes,1,1000000,4773.1016,7118.324,2345.2223999999997
rennes,1,1000000,4777.769,7122.9805,2345.2114999999994
rennes,1,1000000,4782.6367,7127.893,2345.2563
rennes,1,1000000,4787.698,7132.815,2345.1169999999993
rennes,1,1000000,4792.129,7137.328,2345.1990000000005
nantes,1,1000000,4714.2695,7059.48,2345.2104999999992
nantes,1,1000000,4720.487,7065.6655,2345.1785
nantes,1,1000000,4726.132,7071.3267,2345.1947
nantes,1,1000000,4732.711,7077.8794,2345.1683999999996
nancy,1,1000000,5127.223,7472.4287,2345.2057000000004
nantes,1,1000000,4738.608,7083.795,2345.187
lyon,1,1000000,4728.0176,7073.1934,2345.1758
lyon,1,1000000,4734.4053,7079.5493,2345.1439999999993
lyon,1,1000000,4739.3833,7084.5566,2345.1732999999995
lyon,1,1000000,4746.329,7091.231,2344.902
lyon,1,1000000,4751.1577,7096.3267,2345.169
nancy,1,1000000,4804.161,7149.306,2345.1449999999995
nancy,1,1000000,4807.931,7153.0757,2345.1447000000007
nancy,1,1000000,4811.912,7157.0806,2345.1686
nancy,1,1000000,4815.8867,7161.0366,2345.1499000000003
lyon,2,1000000,4968.6924,7303.066,2334.3736
nancy,2,1000000,5045.462,7379.9062,2334.4442
nancy,2,1000000,4709.2544,7043.6523,2334.3979
nancy,2,1000000,5021.376,7355.8096,2334.4335999999994
nancy,2,1000000,5025.21,7359.644,2334.434
nancy,2,1000000,5029.11,7363.5215,2334.4115
nancy,2,1000000,5033.1255,7367.5586,2334.4331
nancy,2,1000000,5037.1147,7371.566,2334.4512999999997
rennes,2,1000000,4903.439,7237.8286,2334.3895999999995
rennes,2,1000000,4907.832,7242.219,2334.3869999999997
rennes,2,1000000,4912.447,7246.8325,2334.3855000000003
rennes,2,1000000,4917.427,7251.82,2334.393
lyon,2,1000000,4974.7275,7309.088,2334.3605
rennes,2,1000000,4922.3086,7256.6934,2334.3848
nantes,2,1000000,4887.471,7221.8184,2334.3474000000006
nantes,2,1000000,4893.792,7228.1074,2334.3153999999995
nantes,2,1000000,4899.3896,7233.7427,2334.3530999999994
nantes,2,1000000,4906.399,7240.7134,2334.3143999999993
nantes,2,1000000,4911.8887,7246.2637,2334.375
rennes,2,1000000,4896.8325,7231.1035,2334.2709999999997
rennes,2,1000000,4901.3223,7235.6313,2334.309
rennes,2,1000000,4905.855,7240.1313,2334.2763000000004
rennes,2,1000000,4910.9443,7245.2666,2334.3223
lyon,2,1000000,4980.0957,7314.4917,2334.3959999999997
rennes,2,1000000,4915.3037,7249.5957,2334.2919999999995
lyon,2,1000000,4859.0947,7193.446,2334.3513000000003
lyon,2,1000000,4865.107,7199.453,2334.3460000000005
lyon,2,1000000,4869.7183,7204.0938,2334.375499999999
lyon,2,1000000,4876.2856,7210.6304,2334.3448
lyon,2,1000000,4881.683,7216.0527,2334.3697
nancy,2,1000000,4927.771,7262.1714,2334.4004000000004
nancy,2,1000000,4931.5356,7265.935,2334.3994000000002
nancy,2,1000000,4935.1387,7269.537,2334.3983
nancy,2,1000000,4938.887,7273.2856,2334.3986000000004
lyon,2,1000000,4986.8213,7321.1904,2334.369100000001
nancy,2,1000000,4942.5986,7276.999,2334.4003999999995
rennes,2,1000000,4841.5806,7175.8887,2334.3081
rennes,2,1000000,4846.1953,7180.473,2334.2776999999996
rennes,2,1000000,4850.93,7185.2285,2334.2985
rennes,2,1000000,4855.9507,7190.2275,2334.2767999999996
rennes,2,1000000,4860.9365,7195.221,2334.2844999999998
rennes,2,1000000,4796.736,7130.7734,2334.0374
rennes,2,1000000,4801.1304,7135.4844,2334.3540000000003
rennes,2,1000000,4805.9033,7140.269,2334.3657000000003
rennes,2,1000000,4810.6367,7145.0,2334.3633
lyon,2,1000000,4991.8726,7326.2446,2334.3720000000003
rennes,2,1000000,4815.525,7149.865,2334.34
nantes,2,1000000,4760.878,7095.1787,2334.3007000000007
nantes,2,1000000,4766.6523,7101.015,2334.3627000000006
nantes,2,1000000,4772.0737,7106.378,2334.3043
nantes,2,1000000,4778.603,7112.9194,2334.3163999999997
nantes,2,1000000,4784.583,7118.929,2334.3460000000005
lyon,2,1000000,4725.9443,7060.3413,2334.397
lyon,2,1000000,4731.902,7066.2773,2334.3752999999997
lyon,2,1000000,4737.043,7071.4375,2334.3945000000003
lyon,2,1000000,4743.583,7077.952,2334.3690000000006
nancy,2,1000000,5029.6724,7364.1196,2334.4471999999996
lyon,2,1000000,4749.0923,7083.4956,2334.4033
nantes,2,1000000,4740.6343,7074.9487,2334.3144
nantes,2,1000000,4746.51,7080.8374,2334.3274
nantes,2,1000000,4751.935,7086.258,2334.3229999999994
nantes,2,1000000,4758.545,7092.857,2334.312
nantes,2,1000000,4764.2114,7098.483,2334.2716
nantes,2,1000000,4701.6104,7035.9116,2334.301200000001
nantes,2,1000000,4707.539,7041.8228,2334.2838
nantes,2,1000000,4713.22,7047.5254,2334.3054
nantes,2,1000000,4720.002,7054.289,2334.2869999999994
nancy,2,1000000,5033.6406,7368.0845,2334.4439
nantes,2,1000000,4725.692,7060.0015,2334.3095000000003
lyon,2,1000000,4709.4814,7043.6987,2334.2173000000003
lyon,2,1000000,4715.357,7049.6284,2334.2713999999996
lyon,2,1000000,4720.8433,7055.188,2334.3446999999996
lyon,2,1000000,4727.398,7061.666,2334.268
lyon,2,1000000,4732.772,7067.017,2334.245
nancy,2,1000000,4754.4907,7088.8984,2334.4076999999997
nancy,2,1000000,4758.1177,7092.523,2334.4053000000004
nancy,2,1000000,4761.91,7096.3145,2334.4045000000006
nancy,2,1000000,4765.8438,7100.2476,2334.4038
nancy,2,1000000,5037.528,7371.9683,2334.4403
nancy,2,1000000,4769.6167,7104.018,2334.4013000000004
rennes,2,1000000,4656.9326,6991.293,2334.3603999999996
rennes,2,1000000,4661.5737,6995.9155,2334.3418
rennes,2,1000000,4665.8994,7000.265,2334.3656
rennes,2,1000000,4670.9854,7005.3203,2334.3349000000007
rennes,2,1000000,4675.6987,7010.056,2334.3572999999997
nantes,2,1000000,4619.676,6953.9536,2334.2775999999994
nantes,2,1000000,4626.217,6960.509,2334.2920000000004
nantes,2,1000000,4631.5225,6965.8105,2334.2879999999996
nantes,2,1000000,4638.013,6972.3193,2334.3063
nancy,2,1000000,5041.5786,7376.019,2334.4404000000004
nantes,2,1000000,4643.876,6978.159,2334.2829999999994
lyon,2,1000000,4632.4053,6966.7437,2334.3383999999996
lyon,2,1000000,4638.57,6972.9316,2334.3616
lyon,2,1000000,4643.6987,6978.027,2334.3283
lyon,2,1000000,4649.7954,6984.1245,2334.3291
lyon,2,1000000,4655.5073,6989.8276,2334.3202999999994
nancy,2,1000000,4693.858,7028.256,2334.398
nancy,2,1000000,4697.5767,7031.991,2334.4143000000004
nancy,2,1000000,4701.4917,7035.889,2334.3973000000005
nancy,2,1000000,4705.363,7039.7617,2334.3986999999997
lyon,3,1000000,5019.5376,7355.531,2335.9934000000003
nancy,3,1000000,5104.3906,7440.4814,2336.0908
nancy,3,1000000,4727.064,7063.191,2336.1269999999995
nancy,3,1000000,5074.413,7410.516,2336.103
nancy,3,1000000,5078.3745,7414.4775,2336.103
nancy,3,1000000,5082.4536,7418.5923,2336.1387000000004
nancy,3,1000000,5086.677,7422.778,2336.1010000000006
nancy,3,1000000,5090.592,7426.6665,2336.0745000000006
rennes,3,1000000,4983.3887,7319.405,2336.0162999999993
rennes,3,1000000,4987.908,7323.9478,2336.0397999999996
rennes,3,1000000,4992.7637,7328.7812,2336.0175
rennes,3,1000000,4997.547,7333.607,2336.0600000000004
lyon,3,1000000,5025.3574,7361.393,2336.0356
rennes,3,1000000,5002.114,7338.145,2336.031000000001
nantes,3,1000000,4955.8193,7291.9185,2336.0991999999997
nantes,3,1000000,4961.76,7297.8535,2336.0935
nantes,3,1000000,4967.3374,7303.425,2336.0876
nantes,3,1000000,4974.128,7310.225,2336.0970000000007
nantes,3,1000000,4980.1396,7316.186,2336.0463999999993
rennes,3,1000000,4972.909,7308.928,2336.0190000000002
rennes,3,1000000,4977.286,7313.3506,2336.0645999999997
rennes,3,1000000,4982.2837,7318.296,2336.0123000000003
rennes,3,1000000,4986.9707,7323.009,2336.0383
lyon,3,1000000,5030.849,7366.861,2336.0119999999997
rennes,3,1000000,4992.0244,7328.04,2336.0155999999997
lyon,3,1000000,4918.5093,7254.5264,2336.0171
lyon,3,1000000,4924.7437,7260.7773,2336.0335999999998
lyon,3,1000000,4929.9062,7265.9395,2336.0333
lyon,3,1000000,4935.81,7271.85,2336.04
lyon,3,1000000,4941.6895,7277.698,2336.0085
nancy,3,1000000,4991.0586,7327.1514,2336.0927999999994
nancy,3,1000000,4994.45,7330.5396,2336.0896000000002
nancy,3,1000000,4998.149,7334.2456,2336.0966
nancy,3,1000000,5002.0137,7338.0835,2336.0697999999993
lyon,3,1000000,5037.4463,7373.4604,2336.0141000000003
nancy,3,1000000,5005.4404,7341.531,2336.0905999999995
rennes,3,1000000,4891.3623,7227.324,2335.9617
rennes,3,1000000,4896.229,7232.187,2335.9579999999996
rennes,3,1000000,4901.2485,7237.1943,2335.9458000000004
rennes,3,1000000,4905.6064,7241.564,2335.9576000000006
rennes,3,1000000,4910.583,7246.5405,2335.9575000000004
rennes,3,1000000,4887.38,7223.4595,2336.0795
rennes,3,1000000,4892.3354,7228.3857,2336.0503
rennes,3,1000000,4897.0107,7233.091,2336.0803000000005
rennes,3,1000000,4902.171,7238.217,2336.0459999999994
lyon,3,1000000,5042.822,7378.824,2336.0019999999995
rennes,3,1000000,4906.8516,7242.9062,2336.0546000000004
nantes,3,1000000,4809.62,7145.719,2336.099
nantes,3,1000000,4816.21,7152.2783,2336.0683
nantes,3,1000000,4821.406,7157.545,2336.139
nantes,3,1000000,4827.8525,7163.986,2336.1335
nantes,3,1000000,4833.106,7169.1816,2336.0756
lyon,3,1000000,4803.8413,7139.92,2336.0787
lyon,3,1000000,4810.1475,7146.1357,2335.9882
lyon,3,1000000,4815.1914,7151.23,2336.0386
lyon,3,1000000,4822.276,7158.2607,2335.9847
nancy,3,1000000,5088.826,7424.918,2336.0919999999996
lyon,3,1000000,4827.4272,7163.4897,2336.0625
nantes,3,1000000,4790.6177,7126.705,2336.0873
nantes,3,1000000,4795.6484,7131.7188,2336.0703999999996
nantes,3,1000000,4801.2383,7137.3105,2336.0721999999996
nantes,3,1000000,4807.9727,7144.0513,2336.0786
nantes,3,1000000,4814.2173,7150.281,2336.0636999999997
nantes,3,1000000,4738.4004,7074.5146,2336.1142
nantes,3,1000000,4744.371,7080.4673,2336.0963
nantes,3,1000000,4749.6567,7085.7656,2336.1089
nantes,3,1000000,4755.9365,7092.031,2336.0945
nancy,3,1000000,5092.5728,7428.6636,2336.0908
nantes,3,1000000,4762.029,7098.1357,2336.1066999999994
lyon,3,1000000,4741.4087,7077.44,2336.0312999999996
lyon,3,1000000,4747.805,7083.8013,2335.9963
lyon,3,1000000,4753.0254,7089.064,2336.0386
lyon,3,1000000,4759.58,7095.6006,2336.0206
lyon,3,1000000,4764.9395,7100.9907,2336.0512
nancy,3,1000000,4805.4297,7141.554,2336.1243000000004
nancy,3,1000000,4809.074,7145.1587,2336.0847000000003
nancy,3,1000000,4812.999,7149.125,2336.126
nancy,3,1000000,4816.8994,7152.9883,2336.0888999999997
nancy,3,1000000,5096.594,7432.713,2336.1189999999997
nancy,3,1000000,4820.792,7156.92,2336.1279999999997
rennes,3,1000000,4722.932,7059.0015,2336.0695000000005
rennes,3,1000000,4728.1377,7064.2456,2336.1079
rennes,3,1000000,4732.9243,7069.008,2336.0837
rennes,3,1000000,4737.717,7073.824,2336.107
rennes,3,1000000,4742.3096,7078.352,2336.0424000000003
nantes,3,1000000,4656.181,6992.2383,2336.0573000000004
nantes,3,1000000,4662.6816,6998.392,2335.7104
nantes,3,1000000,4668.208,7004.262,2336.054
nantes,3,1000000,4674.937,7010.983,2336.0460000000003
nancy,3,1000000,5100.508,7436.598,2336.09
nantes,3,1000000,4680.657,7016.7056,2336.0486
lyon,3,1000000,4673.1313,7009.1255,2335.9942
lyon,3,1000000,4678.4854,7014.5,2336.0146000000004
lyon,3,1000000,4684.8623,7020.8955,2336.0332
lyon,3,1000000,4691.353,7027.376,2336.023
lyon,3,1000000,4697.521,7033.5015,2335.9805000000006
nancy,3,1000000,4712.052,7048.141,2336.089
nancy,3,1000000,4715.76,7051.886,2336.126
nancy,3,1000000,4719.6807,7055.7876,2336.1068999999998
nancy,3,1000000,4723.6836,7059.7734,2336.0897999999997
lyon,4,1000000,5044.048,7380.9917,2336.9437
nancy,4,1000000,5130.7837,7467.7817,2336.9979999999996
nancy,4,1000000,4798.272,7135.2915,2337.0195000000003
nancy,4,1000000,5106.6743,7443.698,2337.0237000000006
nancy,4,1000000,5110.4507,7447.4795,2337.0288
nancy,4,1000000,5113.947,7450.972,2337.0249999999996
nancy,4,1000000,5117.76,7454.7876,2337.0275999999994
nancy,4,1000000,5121.629,7458.6284,2336.9993999999997
rennes,4,1000000,5015.1045,7352.0444,2336.9398999999994
rennes,4,1000000,5019.703,7356.6685,2336.9654999999993
rennes,4,1000000,5024.6733,7361.633,2336.9596999999994
rennes,4,1000000,5029.627,7366.552,2336.9249999999993
lyon,4,1000000,5049.9595,7386.904,2336.9445000000005
rennes,4,1000000,5034.0884,7371.031,2336.9426000000003
nantes,4,1000000,4981.5293,7318.5073,2336.978
nantes,4,1000000,4987.9414,7324.889,2336.9476000000004
nantes,4,1000000,4993.0767,7330.0464,2336.9697000000006
nantes,4,1000000,5000.325,7337.277,2336.952
nantes,4,1000000,5005.7466,7342.7173,2336.9707
rennes,4,1000000,4991.4653,7328.4053,2336.9400000000005
rennes,4,1000000,4996.2017,7333.2056,2337.0039000000006
rennes,4,1000000,5000.868,7337.8145,2336.9465
rennes,4,1000000,5005.4053,7342.351,2336.9456999999993
lyon,4,1000000,5055.2095,7392.2183,2337.0088000000005
rennes,4,1000000,5010.4604,7347.3877,2336.9273000000003
lyon,4,1000000,4943.86,7280.814,2336.9540000000006
lyon,4,1000000,4950.084,7287.0684,2336.9844000000003
lyon,4,1000000,4955.4204,7292.407,2336.9866
lyon,4,1000000,4961.645,7298.665,2337.0199999999995
lyon,4,1000000,4966.865,7303.841,2336.9760000000006
nancy,4,1000000,5015.4263,7352.4463,2337.0199999999995
nancy,4,1000000,5019.566,7356.5845,2337.0185
nancy,4,1000000,5023.0815,7360.1006,2337.0190999999995
nancy,4,1000000,5027.2065,7364.233,2337.0265
lyon,4,1000000,5061.4395,7398.385,2336.9455
nancy,4,1000000,5030.9233,7367.946,2337.0226999999995
rennes,4,1000000,4940.7603,7277.652,2336.8917
rennes,4,1000000,4945.2373,7282.0967,2336.8594000000003
rennes,4,1000000,4949.91,7286.7993,2336.8893
rennes,4,1000000,4955.1597,7292.0205,2336.8607999999995
rennes,4,1000000,4960.037,7296.948,2336.911
rennes,4,1000000,4925.9814,7263.007,2337.0256
rennes,4,1000000,4930.6973,7267.6987,2337.0014
rennes,4,1000000,4935.0513,7272.0737,2337.0224
rennes,4,1000000,4940.067,7277.0894,2337.0224
lyon,4,1000000,5066.681,7403.6904,2337.009400000001
rennes,4,1000000,4944.6343,7281.567,2336.9327000000003
nantes,4,1000000,4839.758,7176.6753,2336.9173
nantes,4,1000000,4845.6,7182.5356,2336.9356
nantes,4,1000000,4852.068,7188.973,2336.9049999999997
nantes,4,1000000,4858.6206,7195.5576,2336.937
nantes,4,1000000,4864.0566,7200.984,2336.9274000000005
lyon,4,1000000,4830.006,7167.071,2337.0649999999996
lyon,4,1000000,4836.1353,7173.145,2337.0097000000005
lyon,4,1000000,4841.159,7178.2026,2337.0436
lyon,4,1000000,4847.599,7184.6343,2337.0352999999996
nancy,4,1000000,5114.0186,7451.018,2336.9993999999997
lyon,4,1000000,4853.2603,7190.2227,2336.9624000000003
nantes,4,1000000,4836.9224,7173.842,2336.9195999999993
nantes,4,1000000,4843.548,7180.4863,2336.9383
nantes,4,1000000,4848.6826,7185.635,2336.9524
nantes,4,1000000,4855.202,7192.107,2336.9049999999997
nantes,4,1000000,4860.6655,7197.5767,2336.9111999999996
nantes,4,1000000,4779.144,7116.108,2336.964
nantes,4,1000000,4785.611,7122.5864,2336.9754000000003
nantes,4,1000000,4791.8906,7128.854,2336.9634000000005
nantes,4,1000000,4798.555,7135.5273,2336.9722999999994
nancy,4,1000000,5118.1064,7455.105,2336.9986
nantes,4,1000000,4804.605,7141.5737,2336.9687000000004
lyon,4,1000000,4793.731,7130.724,2336.9930000000004
lyon,4,1000000,4800.154,7137.153,2336.999
lyon,4,1000000,4805.407,7142.409,2337.0019999999995
lyon,4,1000000,4811.5337,7148.551,2337.0173000000004
lyon,4,1000000,4817.012,7154.0327,2337.0207
nancy,4,1000000,4849.9766,7186.713,2336.7364
nancy,4,1000000,4853.6855,7190.7466,2337.061100000001
nancy,4,1000000,4857.6777,7194.6973,2337.0195999999996
nancy,4,1000000,4861.4824,7198.5044,2337.022
nancy,4,1000000,5122.4634,7459.4736,2337.0102000000006
nancy,4,1000000,4865.3945,7202.4175,2337.0229999999992
rennes,4,1000000,4778.7915,7115.763,2336.9714999999997
rennes,4,1000000,4783.534,7120.4766,2336.9426000000003
rennes,4,1000000,4788.4575,7125.4175,2336.959999999999
rennes,4,1000000,4793.866,7130.6157,2336.7497000000003
rennes,4,1000000,4798.3237,7135.25,2336.9263
nantes,4,1000000,4714.1826,7051.1606,2336.978
nantes,4,1000000,4720.724,7057.6914,2336.9673999999995
nantes,4,1000000,4725.88,7062.8643,2336.9843
nantes,4,1000000,4732.6494,7069.6177,2336.9682999999995
nancy,4,1000000,5126.4897,7463.4873,2336.9975999999997
nantes,4,1000000,4737.8975,7074.882,2336.9844999999996
lyon,4,1000000,4721.2744,7058.272,2336.9975999999997
lyon,4,1000000,4727.2676,7064.2563,2336.9887
lyon,4,1000000,4732.7393,7069.738,2336.9987
lyon,4,1000000,4739.2197,7076.1978,2336.9781000000003
lyon,4,1000000,4744.2046,7081.1963,2336.9916999999996
nancy,4,1000000,4782.287,7119.3086,2337.0216
nancy,4,1000000,4785.964,7122.982,2337.018
nancy,4,1000000,4790.065,7127.08,2337.0150000000003
nancy,4,1000000,4794.1284,7131.146,2337.0176
lyon,5,1000000,5063.556,7427.713,2364.157
nancy,5,1000000,5160.5444,7524.754,2364.2096
nancy,5,1000000,4835.139,7199.337,2364.1980000000003
nancy,5,1000000,5110.41,7474.6025,2364.1925
nancy,5,1000000,5114.2803,7478.4697,2364.1893999999993
nancy,5,1000000,5118.34,7482.5327,2364.1926999999996
nancy,5,1000000,5122.504,7486.696,2364.192
nancy,5,1000000,5126.524,7490.6885,2364.1645
rennes,5,1000000,5003.123,7367.3174,2364.1944000000003
rennes,5,1000000,5007.8,7371.9907,2364.1907
rennes,5,1000000,5012.329,7376.5312,2364.2022000000006
rennes,5,1000000,5017.24,7381.444,2364.2040000000006
lyon,5,1000000,5070.2686,7434.4316,2364.1629999999996
rennes,5,1000000,5021.941,7386.1396,2364.1986000000006
nantes,5,1000000,4984.2505,7348.395,2364.1445000000003
nantes,5,1000000,4990.5063,7354.612,2364.1057
nantes,5,1000000,4995.821,7359.9473,2364.1263
nantes,5,1000000,5003.0303,7367.118,2364.0877
nantes,5,1000000,5007.8027,7371.93,2364.1273
rennes,5,1000000,4987.843,7352.0234,2364.1804
rennes,5,1000000,4992.736,7356.9,2364.1639999999998
rennes,5,1000000,4997.6626,7361.8438,2364.1812
rennes,5,1000000,5002.334,7366.499,2364.165
lyon,5,1000000,5075.433,7439.596,2364.1629999999996
rennes,5,1000000,5007.0156,7371.2017,2364.1861
lyon,5,1000000,4941.6724,7305.806,2364.133599999999
lyon,5,1000000,4947.3647,7311.6,2364.2353000000003
lyon,5,1000000,4952.771,7316.993,2364.2220000000007
lyon,5,1000000,4958.9883,7323.219,2364.2307
lyon,5,1000000,4964.8696,7329.0874,2364.2178000000004
nancy,5,1000000,5019.8965,7384.1045,2364.2080000000005
nancy,5,1000000,5024.023,7388.2295,2364.2065000000002
nancy,5,1000000,5027.9263,7392.128,2364.2016999999996
nancy,5,1000000,5031.9746,7396.182,2364.2074000000002
lyon,5,1000000,5082.313,7446.467,2364.1539999999995
nancy,5,1000000,5036.5522,7400.7505,2364.1983
rennes,5,1000000,4921.29,7285.3423,2364.0523000000003
rennes,5,1000000,4925.7915,7289.8345,2364.0429999999997
rennes,5,1000000,4930.9756,7295.007,2364.0314
rennes,5,1000000,4935.3325,7299.379,2364.0464999999995
rennes,5,1000000,4940.435,7304.484,2364.049
rennes,5,1000000,4876.5566,7240.6567,2364.1000999999997
rennes,5,1000000,4880.8516,7244.959,2364.1074
rennes,5,1000000,4885.812,7249.9253,2364.1133
rennes,5,1000000,4890.915,7255.0244,2364.1094000000003
lyon,5,1000000,5087.7993,7451.968,2364.1687
rennes,5,1000000,4895.45,7259.5957,2364.1457
nantes,5,1000000,4866.769,7231.0215,2364.2524999999996
nantes,5,1000000,4873.6636,7237.909,2364.2454
nantes,5,1000000,4878.5454,7242.786,2364.2406
nantes,5,1000000,4885.259,7249.4614,2364.2024
nantes,5,1000000,4891.5576,7255.7593,2364.2016999999996
lyon,5,1000000,4838.6616,7202.8774,2364.2158
lyon,5,1000000,4844.961,7209.1616,2364.2006
lyon,5,1000000,4850.0425,7214.255,2364.2125000000005
lyon,5,1000000,4856.8955,7221.118,2364.2225000000008
nancy,5,1000000,5144.6113,7508.8247,2364.2134000000005
lyon,5,1000000,4862.234,7226.4414,2364.2073999999993
nantes,5,1000000,4844.6675,7208.8564,2364.1889
nantes,5,1000000,4850.7354,7214.9644,2364.2290000000003
nantes,5,1000000,4856.492,7220.66,2364.1679999999997
nantes,5,1000000,4863.3145,7227.5083,2364.1938
nantes,5,1000000,4869.27,7233.4404,2364.1704
nantes,5,1000000,4791.3267,7155.532,2364.2053000000005
nantes,5,1000000,4797.6475,7161.844,2364.1965
nantes,5,1000000,4803.51,7167.7344,2364.2244
nantes,5,1000000,4810.3804,7174.5645,2364.1841000000004
nancy,5,1000000,5148.601,7512.8086,2364.2076000000006
nantes,5,1000000,4815.5474,7179.7354,2364.187999999999
lyon,5,1000000,4802.7656,7166.9463,2364.1807
lyon,5,1000000,4808.921,7173.165,2364.2439999999997
lyon,5,1000000,4814.1016,7178.282,2364.1804
lyon,5,1000000,4820.472,7184.662,2364.1900000000005
lyon,5,1000000,4825.9,7190.1177,2364.2177
nancy,5,1000000,4856.831,7221.044,2364.2129999999997
nancy,5,1000000,4860.293,7224.485,2364.192
nancy,5,1000000,4864.2407,7228.451,2364.2102999999997
nancy,5,1000000,4868.3364,7232.5474,2364.2110000000002
nancy,5,1000000,5152.563,7516.749,2364.1859999999997
nancy,5,1000000,4872.1455,7236.3564,2364.2109
rennes,5,1000000,4789.8228,7153.9966,2364.1738000000005
rennes,5,1000000,4794.731,7158.9717,2364.2407000000003
rennes,5,1000000,4799.159,7163.3496,2364.1906
rennes,5,1000000,4804.791,7168.9785,2364.1875
rennes,5,1000000,4809.5254,7173.7666,2364.2411999999995
nantes,5,1000000,4709.028,7073.212,2364.184
nantes,5,1000000,4715.514,7079.3696,2363.8556
nantes,5,1000000,4721.21,7085.3853,2364.1753
nantes,5,1000000,4728.582,7092.7744,2364.1924
nancy,5,1000000,5156.457,7520.666,2364.209
nantes,5,1000000,4734.539,7098.7065,2364.1675000000005
lyon,5,1000000,4727.725,7091.598,2363.8729999999996
lyon,5,1000000,4733.124,7097.3516,2364.2276
lyon,5,1000000,4738.54,7102.7466,2364.2066000000004
lyon,5,1000000,4744.79,7108.9985,2364.2084999999997
lyon,5,1000000,4750.4053,7114.602,2364.1966999999995
nancy,5,1000000,4819.6274,7183.828,2364.2006
nancy,5,1000000,4823.6914,7187.904,2364.2126000000007
nancy,5,1000000,4827.582,7191.7783,2364.1962999999996
nancy,5,1000000,4831.3438,7195.5425,2364.1987
lyon,6,1000000,5066.3296,7441.22,2374.8904
nancy,6,1000000,5163.8345,7538.7456,2374.9111000000003
nancy,6,1000000,4760.832,7135.7515,2374.9195
nancy,6,1000000,5093.997,7468.9067,2374.9096999999992
nancy,6,1000000,5097.9014,7472.8354,2374.934
nancy,6,1000000,5101.8394,7476.7715,2374.9321
nancy,6,1000000,5105.87,7480.802,2374.932
nancy,6,1000000,5110.0337,7484.99,2374.9563
rennes,6,1000000,5016.817,7391.7285,2374.9115
rennes,6,1000000,5021.63,7396.2944,2374.6643999999997
rennes,6,1000000,5025.658,7400.5786,2374.9205999999995
rennes,6,1000000,5030.761,7405.6675,2374.906499999999
lyon,6,1000000,5072.149,7446.986,2374.8369999999995
rennes,6,1000000,5035.7827,7410.6904,2374.9077000000007
nantes,6,1000000,4982.128,7357.0684,2374.9404000000004
nantes,6,1000000,4989.2676,7364.147,2374.8794
nantes,6,1000000,4994.9355,7369.8135,2374.8780000000006
nantes,6,1000000,5001.341,7376.2266,2374.8855999999996
nantes,6,1000000,5006.8257,7381.7275,2374.9017999999996
rennes,6,1000000,5014.4175,7389.275,2374.8575
rennes,6,1000000,5018.9395,7393.7876,2374.8480999999992
rennes,6,1000000,5023.628,7398.4756,2374.8476
rennes,6,1000000,5028.7563,7403.63,2374.8737
lyon,6,1000000,5077.6313,7452.4814,2374.8500999999997
rennes,6,1000000,5033.6,7408.432,2374.8319999999994
lyon,6,1000000,4970.907,7345.789,2374.8819999999996
lyon,6,1000000,4977.1665,7352.034,2374.8674999999994
lyon,6,1000000,4981.89,7356.812,2374.9219999999996
lyon,6,1000000,4988.5474,7363.4756,2374.9281999999994
lyon,6,1000000,4993.806,7368.705,2374.8990000000003
nancy,6,1000000,5047.6978,7422.6333,2374.9355000000005
nancy,6,1000000,5051.6562,7426.5933,2374.9371
nancy,6,1000000,5055.619,7430.5576,2374.9386000000004
nancy,6,1000000,5059.554,7434.4727,2374.9187
lyon,6,1000000,5083.9927,7458.8823,2374.8896000000004
nancy,6,1000000,5063.5728,7438.5117,2374.9389
rennes,6,1000000,4936.4844,7311.3823,2374.8979
rennes,6,1000000,4941.6865,7316.542,2374.8555000000006
rennes,6,1000000,4946.5586,7321.4194,2374.8607999999995
rennes,6,1000000,4951.243,7326.1235,2374.8804999999993
rennes,6,1000000,4956.1387,7331.039,2374.9002999999993
rennes,6,1000000,4926.7876,7301.7188,2374.9312
rennes,6,1000000,4931.422,7306.3286,2374.9066000000003
rennes,6,1000000,4935.8125,7310.75,2374.9375
rennes,6,1000000,4941.3555,7316.284,2374.9285
lyon,6,1000000,5089.241,7464.0913,2374.8503
rennes,6,1000000,4946.1274,7321.05,2374.9226
nantes,6,1000000,4860.864,7235.7017,2374.8377
nantes,6,1000000,4864.9697,7239.8926,2374.9229000000005
nantes,6,1000000,4871.243,7246.087,2374.844
nantes,6,1000000,4878.075,7252.9033,2374.8283
nantes,6,1000000,4883.954,7258.793,2374.839
lyon,6,1000000,4818.1064,7193.0,2374.8936000000003
lyon,6,1000000,4824.4946,7199.3477,2374.8531000000003
lyon,6,1000000,4829.492,7204.356,2374.8639999999996
lyon,6,1000000,4836.3613,7211.245,2374.8837000000003
nancy,6,1000000,5148.213,7523.1084,2374.8954000000003
lyon,6,1000000,4841.6587,7216.529,2374.8703000000005
nantes,6,1000000,4849.306,7224.234,2374.928000000001
nantes,6,1000000,4855.4375,7230.3584,2374.9209
nantes,6,1000000,4861.314,7236.248,2374.9339999999993
nantes,6,1000000,4868.1084,7242.7935,2374.6850999999997
nantes,6,1000000,4873.846,7248.774,2374.928000000001
nantes,6,1000000,4759.522,7134.402,2374.88
nantes,6,1000000,4765.8076,7140.7095,2374.9019
nantes,6,1000000,4771.18,7146.063,2374.883
nantes,6,1000000,4777.7466,7152.5703,2374.8237
nancy,6,1000000,5152.116,7527.0347,2374.9187
nantes,6,1000000,4783.404,7158.177,2374.7729999999992
lyon,6,1000000,4759.5215,7134.373,2374.8514999999998
lyon,6,1000000,4765.665,7140.486,2374.821
lyon,6,1000000,4771.1504,7146.0366,2374.8862
lyon,6,1000000,4777.652,7152.4966,2374.8446000000004
lyon,6,1000000,4783.002,7157.8335,2374.8314999999993
nancy,6,1000000,4832.4077,7207.291,2374.8833000000004
nancy,6,1000000,4836.068,7210.927,2374.8589999999995
nancy,6,1000000,4840.202,7215.0845,2374.8824999999997
nancy,6,1000000,4844.159,7219.042,2374.8830000000007
nancy,6,1000000,5156.0845,7530.978,2374.8935
nancy,6,1000000,4848.0566,7222.9395,2374.8829000000005
rennes,6,1000000,4735.8623,7110.753,2374.8907
rennes,6,1000000,4740.64,7115.5615,2374.9214999999995
rennes,6,1000000,4745.634,7120.227,2374.593
rennes,6,1000000,4749.9175,7124.8257,2374.9082000000008
rennes,6,1000000,4754.8506,7129.795,2374.9444000000003
nantes,6,1000000,4690.7036,7065.6206,2374.9170000000004
nantes,6,1000000,4697.323,7072.2505,2374.9275
nantes,6,1000000,4703.0137,7077.9307,2374.9169999999995
nantes,6,1000000,4709.748,7084.6826,2374.9346000000005
nancy,6,1000000,5159.947,7534.8633,2374.9163
nantes,6,1000000,4715.2383,7090.147,2374.9087
lyon,6,1000000,4702.2314,7076.8745,2374.6431000000002
lyon,6,1000000,4708.375,7083.2227,2374.8477000000003
lyon,6,1000000,4713.0645,7088.0073,2374.9428
lyon,6,1000000,4719.8687,7094.7476,2374.8788999999997
lyon,6,1000000,4725.07,7099.9976,2374.9276
nancy,6,1000000,4744.626,7119.55,2374.924
nancy,6,1000000,4748.365,7123.286,2374.9210000000003
nancy,6,1000000,4752.517,7127.4404,2374.9234000000006
nancy,6,1000000,4756.38,7131.305,2374.925
lyon,7,1000000,5059.2686,7396.1895,2336.9209
nancy,7,1000000,5147.349,7484.364,2337.0149999999994
nancy,7,1000000,4805.3574,7142.3867,2337.0293
nancy,7,1000000,5090.613,7427.5527,2336.9397
nancy,7,1000000,5094.652,7431.5938,2336.9417999999996
nancy,7,1000000,5098.777,7435.6377,2336.8607
nancy,7,1000000,5102.6494,7439.605,2336.9555999999993
nancy,7,1000000,5106.74,7443.7275,2336.9875
rennes,7,1000000,5001.548,7338.5396,2336.9916000000003
rennes,7,1000000,5006.061,7343.0933,2337.0323000000008
rennes,7,1000000,5010.73,7347.718,2336.9880000000003
rennes,7,1000000,5015.4155,7352.414,2336.9984999999997
lyon,7,1000000,5065.205,7402.217,2337.0119999999997
rennes,7,1000000,5020.9854,7357.9717,2336.9863000000005
nantes,7,1000000,4970.6333,7307.634,2337.0006999999996
nantes,7,1000000,4976.0903,7312.871,2336.7807000000003
nantes,7,1000000,4981.5996,7318.571,2336.9714000000004
nantes,7,1000000,4988.249,7325.2417,2336.9927
nantes,7,1000000,4993.9863,7330.971,2336.9847
rennes,7,1000000,4994.5537,7331.518,2336.9642999999996
rennes,7,1000000,4999.2,7336.161,2336.9610000000002
rennes,7,1000000,5003.651,7340.613,2336.9620000000004
rennes,7,1000000,5008.644,7345.6074,2336.9633999999996
lyon,7,1000000,5070.5283,7407.489,2336.9606999999996
rennes,7,1000000,5013.249,7350.1924,2336.9434
lyon,7,1000000,4927.495,7264.202,2336.7070000000003
lyon,7,1000000,4933.2437,7270.217,2336.9732999999997
lyon,7,1000000,4938.315,7275.272,2336.9570000000003
lyon,7,1000000,4944.9556,7281.921,2336.9654
lyon,7,1000000,4950.3667,7287.323,2336.9563000000007
nancy,7,1000000,5019.6235,7356.591,2336.9675000000007
nancy,7,1000000,5023.326,7360.33,2337.004
nancy,7,1000000,5027.129,7364.1343,2337.0053
nancy,7,1000000,5030.903,7367.924,2337.0209999999997
lyon,7,1000000,5077.097,7414.0757,2336.9787000000006
nancy,7,1000000,5034.981,7371.9863,2337.0053
rennes,7,1000000,4925.164,7262.15,2336.986
rennes,7,1000000,4929.88,7266.844,2336.964
rennes,7,1000000,4934.567,7271.536,2336.969
rennes,7,1000000,4939.569,7276.473,2336.9039999999995
rennes,7,1000000,4944.4165,7281.379,2336.9624999999996
rennes,7,1000000,4900.7036,7237.6216,2336.9180000000006
rennes,7,1000000,4906.068,7242.9663,2336.8983
rennes,7,1000000,4910.9355,7247.62,2336.6845000000003
rennes,7,1000000,4915.3433,7252.2563,2336.9129999999996
lyon,7,1000000,5082.326,7419.267,2336.941
rennes,7,1000000,4920.1763,7257.104,2336.9277
nantes,7,1000000,4845.2563,7182.251,2336.9947
nantes,7,1000000,4851.6016,7188.606,2337.0044
nantes,7,1000000,4857.055,7194.049,2336.9939999999997
nantes,7,1000000,4863.5093,7200.5186,2337.0093000000006
nantes,7,1000000,4869.853,7206.848,2336.995
lyon,7,1000000,4837.4106,7174.342,2336.9313999999995
lyon,7,1000000,4842.9775,7179.94,2336.9624999999996
lyon,7,1000000,4848.7617,7185.72,2336.9583000000002
lyon,7,1000000,4854.9937,7191.9194,2336.9257
nancy,7,1000000,5132.0215,7469.036,2337.0145
lyon,7,1000000,4860.5806,7197.516,2336.9353999999994
nantes,7,1000000,4835.8804,7172.9185,2337.0380999999998
nantes,7,1000000,4841.5874,7178.641,2337.0535999999993
nantes,7,1000000,4847.2993,7184.325,2337.0257
nantes,7,1000000,4854.1953,7191.241,2337.0456999999997
nantes,7,1000000,4859.955,7196.983,2337.0280000000002
nantes,7,1000000,4804.804,7141.8022,2336.9982
nantes,7,1000000,4810.64,7147.626,2336.986
nantes,7,1000000,4815.908,7152.9136,2337.0055999999995
nantes,7,1000000,4822.6665,7159.664,2336.9974999999995
nancy,7,1000000,5135.8496,7472.864,2337.0144
nantes,7,1000000,4828.1016,7165.099,2336.9974
lyon,7,1000000,4798.506,7135.3545,2336.8485
lyon,7,1000000,4804.1973,7141.1963,2336.999
lyon,7,1000000,4809.5303,7146.516,2336.9856999999993
lyon,7,1000000,4815.774,7152.7705,2336.9964999999993
lyon,7,1000000,4821.303,7158.3203,2337.0173000000004
nancy,7,1000000,4874.282,7211.2993,2337.0172999999995
nancy,7,1000000,4878.0923,7215.0913,2336.999
nancy,7,1000000,4881.8804,7218.8545,2336.9741000000004
nancy,7,1000000,4885.966,7222.9375,2336.9714999999997
nancy,7,1000000,5139.6997,7476.7285,2337.0288
nancy,7,1000000,4889.918,7226.8887,2336.9707000000008
rennes,7,1000000,4758.2476,7095.242,2336.9944000000005
rennes,7,1000000,4762.608,7099.5645,2336.9565000000002
rennes,7,1000000,4767.695,7104.69,2336.995
rennes,7,1000000,4772.212,7109.22,2337.008
rennes,7,1000000,4776.9624,7113.9443,2336.9818999999998
nantes,7,1000000,4706.9927,7043.994,2337.0013
nantes,7,1000000,4713.047,7050.033,2336.986000000001
nantes,7,1000000,4718.828,7055.8125,2336.9844999999996
nantes,7,1000000,4725.035,7062.0728,2337.0378
nancy,7,1000000,5143.5557,7480.572,2337.0163000000002
nantes,7,1000000,4730.716,7067.695,2336.9789999999994
lyon,7,1000000,4708.7964,7045.74,2336.9435999999996
lyon,7,1000000,4715.36,7052.2944,2336.9344
lyon,7,1000000,4720.188,7057.1255,2336.9375
lyon,7,1000000,4727.366,7064.276,2336.91
lyon,7,1000000,4731.775,7068.7056,2336.9306000000006
nancy,7,1000000,4789.464,7126.4907,2337.0267000000003
nancy,7,1000000,4793.206,7130.2485,2337.0424999999996
nancy,7,1000000,4797.308,7134.336,2337.0280000000002
nancy,7,1000000,4801.4136,7138.442,2337.0284
lyon,8,1000000,5043.297,7386.6567,2343.3597
nancy,8,1000000,5155.223,7498.6274,2343.4044000000004
nancy,8,1000000,4733.5073,7076.982,2343.4746999999998
nancy,8,1000000,5097.997,7441.4653,2343.4682999999995
nancy,8,1000000,5101.615,7445.083,2343.468
nancy,8,1000000,5105.3643,7448.8994,2343.5351
nancy,8,1000000,5109.3833,7452.848,2343.4646999999995
nancy,8,1000000,5113.626,7457.0747,2343.4487
rennes,8,1000000,4992.413,7335.85,2343.437000000001
rennes,8,1000000,4997.2646,7340.688,2343.4233999999997
rennes,8,1000000,5002.0503,7345.513,2343.4627
rennes,8,1000000,5007.2563,7350.585,2343.3287
lyon,8,1000000,5049.169,7392.558,2343.389
rennes,8,1000000,5011.7627,7355.177,2343.4142999999995
nantes,8,1000000,4957.9106,7301.353,2343.4424
nantes,8,1000000,4964.3276,7307.68,2343.3524000000007
nantes,8,1000000,4969.4824,7312.894,2343.4116000000004
nantes,8,1000000,4976.091,7319.469,2343.3779999999997
nantes,8,1000000,4981.493,7324.909,2343.4159999999993
rennes,8,1000000,4978.4014,7321.8555,2343.4541
rennes,8,1000000,4983.1895,7326.5684,2343.3788999999997
rennes,8,1000000,4987.635,7331.0723,2343.4372999999996
rennes,8,1000000,4992.781,7336.2236,2343.4426000000003
lyon,8,1000000,5054.249,7397.6265,2343.3775000000005
rennes,8,1000000,4997.508,7340.9326,2343.4246000000003
lyon,8,1000000,4937.523,7280.862,2343.339
lyon,8,1000000,4943.499,7286.874,2343.375
lyon,8,1000000,4948.6255,7292.0,2343.3745
lyon,8,1000000,4955.281,7298.6533,2343.3723
lyon,8,1000000,4960.711,7304.06,2343.349
nancy,8,1000000,5018.9556,7362.412,2343.4564
nancy,8,1000000,5022.385,7365.8604,2343.4753999999994
nancy,8,1000000,5026.1426,7369.578,2343.4354000000003
nancy,8,1000000,5030.0103,7373.4526,2343.4422999999997
lyon,8,1000000,5060.77,7404.2085,2343.4384999999993
nancy,8,1000000,5034.0107,7377.467,2343.4563
rennes,8,1000000,4929.6455,7273.0415,2343.3960000000006
rennes,8,1000000,4934.08,7277.472,2343.392
rennes,8,1000000,4938.746,7282.1357,2343.3896999999997
rennes,8,1000000,4943.7666,7287.16,2343.3934
rennes,8,1000000,4948.5293,7291.9136,2343.3842999999997
rennes,8,1000000,4896.577,7240.0337,2343.4566999999997
rennes,8,1000000,4901.5347,7245.0015,2343.4668
rennes,8,1000000,4906.3623,7249.82,2343.4577
rennes,8,1000000,4911.424,7254.8936,2343.4696000000004
lyon,8,1000000,5066.2856,7409.7017,2343.4160999999995
rennes,8,1000000,4916.1997,7259.6665,2343.4668
nantes,8,1000000,4797.7036,7141.104,2343.4004000000004
nantes,8,1000000,4803.562,7146.966,2343.4040000000005
nantes,8,1000000,4809.265,7152.6396,2343.3746
nantes,8,1000000,4816.016,7159.3833,2343.367300000001
nantes,8,1000000,4821.203,7164.6265,2343.4235
lyon,8,1000000,4761.768,7105.1226,2343.3545999999997
lyon,8,1000000,4767.8955,7111.2275,2343.3320000000003
lyon,8,1000000,4772.893,7116.246,2343.353
lyon,8,1000000,4779.678,7123.009,2343.331
nancy,8,1000000,5140.879,7484.288,2343.4089999999997
lyon,8,1000000,4784.5728,7127.9414,2343.3686
nantes,8,1000000,4780.276,7123.707,2343.4310000000005
nantes,8,1000000,4786.991,7130.411,2343.42
nantes,8,1000000,4792.18,7135.6133,2343.4332999999997
nantes,8,1000000,4798.792,7142.2017,2343.4096999999992
nantes,8,1000000,4803.8286,7147.253,2343.4244
nantes,8,1000000,4730.0107,7073.406,2343.3953
nantes,8,1000000,4736.8784,7080.336,2343.4576000000006
nantes,8,1000000,4742.4565,7085.89,2343.4335
nantes,8,1000000,4748.901,7092.348,2343.447
nancy,8,1000000,5144.273,7487.6777,2343.4047
nantes,8,1000000,4754.86,7098.3047,2343.4447
lyon,8,1000000,4726.0776,7069.41,2343.3324000000002
lyon,8,1000000,4731.6855,7075.128,2343.4425
lyon,8,1000000,4737.3765,7080.791,2343.4145
lyon,8,1000000,4743.85,7087.268,2343.4179999999997
lyon,8,1000000,4749.313,7092.7246,2343.4115999999995
nancy,8,1000000,4814.681,7158.125,2343.4440000000004
nancy,8,1000000,4818.4316,7161.8906,2343.459
nancy,8,1000000,4822.282,7165.7236,2343.4416
nancy,8,1000000,4826.032,7169.474,2343.442
nancy,8,1000000,5148.0176,7491.4126,2343.3949999999995
nancy,8,1000000,4829.939,7173.3804,2343.4413999999997
rennes,8,1000000,4705.788,7049.244,2343.456
rennes,8,1000000,4710.505,7053.985,2343.4799999999996
rennes,8,1000000,4715.309,7058.784,2343.4749999999995
rennes,8,1000000,4720.327,7063.7812,2343.4542
rennes,8,1000000,4724.7744,7068.246,2343.4716
nantes,8,1000000,4647.7266,6991.1753,2343.4487
nantes,8,1000000,4653.9834,6997.1763,2343.1929
nantes,8,1000000,4659.174,7002.6553,2343.4813000000004
nantes,8,1000000,4665.8057,7009.2905,2343.4848
nancy,8,1000000,5151.725,7495.13,2343.4049999999997
nantes,8,1000000,4672.452,7015.619,2343.1669999999995
lyon,8,1000000,4640.185,6983.5693,2343.3842999999997
lyon,8,1000000,4645.8594,6989.2876,2343.4281999999994
lyon,8,1000000,4651.2036,6994.5977,2343.3941000000004
lyon,8,1000000,4657.9004,7001.3057,2343.4052999999994
lyon,8,1000000,4663.559,7006.8965,2343.3374999999996
nancy,8,1000000,4717.9053,7061.378,2343.4726999999993
nancy,8,1000000,4721.94,7065.4116,2343.4716000000008
nancy,8,1000000,4725.6323,7069.106,2343.4736999999996
nancy,8,1000000,4729.611,7073.0806,2343.4696000000004
lyon,9,1000000,5064.585,7427.9585,2363.3734999999997
nancy,9,1000000,5157.44,7521.211,2363.7710000000006
nancy,9,1000000,4825.155,7188.902,2363.7470000000003
nancy,9,1000000,5125.157,7488.9243,2363.7672999999995
nancy,9,1000000,5128.6646,7492.431,2363.7663999999995
nancy,9,1000000,5132.808,7496.575,2363.767
nancy,9,1000000,5136.8135,7500.5825,2363.7690000000002
nancy,9,1000000,5140.72,7504.5024,2363.7824
rennes,9,1000000,5023.5454,7387.226,2363.6805999999997
rennes,9,1000000,5028.225,7391.901,2363.6759999999995
rennes,9,1000000,5033.118,7396.802,2363.6839999999993
rennes,9,1000000,5037.8853,7401.569,2363.6837000000005
lyon,9,1000000,5070.5503,7434.244,2363.6937
rennes,9,1000000,5042.7666,7406.371,2363.6044
nantes,9,1000000,5004.615,7368.314,2363.6990000000005
nantes,9,1000000,5008.8604,7372.548,2363.6876
nantes,9,1000000,5015.597,7379.2817,2363.6847
nantes,9,1000000,5021.4365,7385.1396,2363.7031000000006
nantes,9,1000000,5028.174,7391.848,2363.674
rennes,9,1000000,5015.3975,7379.096,2363.6984999999995
rennes,9,1000000,5020.0254,7383.6973,2363.6718999999994
rennes,9,1000000,5024.945,7388.613,2363.6680000000006
rennes,9,1000000,5029.8447,7393.5146,2363.669900000001
lyon,9,1000000,5075.597,7439.3174,2363.7204
rennes,9,1000000,5034.601,7398.281,2363.6800000000003
lyon,9,1000000,4951.8677,7315.5435,2363.6758
lyon,9,1000000,4958.027,7321.6934,2363.6664
lyon,9,1000000,4963.0884,7326.772,2363.6836000000003
lyon,9,1000000,4969.3296,7332.9985,2363.6688999999997
lyon,9,1000000,4975.0522,7338.7104,2363.6582
nancy,9,1000000,5039.773,7403.5454,2363.7724
nancy,9,1000000,5043.8545,7407.628,2363.7734999999993
nancy,9,1000000,5047.8516,7411.6284,2363.7767999999996
nancy,9,1000000,5051.826,7415.574,2363.7479999999996
lyon,9,1000000,5082.2334,7445.9287,2363.6953000000003
nancy,9,1000000,5055.79,7419.563,2363.773
rennes,9,1000000,4960.7725,7324.453,2363.6805000000004
rennes,9,1000000,4965.5957,7329.303,2363.7073
rennes,9,1000000,4970.3066,7333.9883,2363.6817
rennes,9,1000000,4975.3887,7339.0864,2363.6976999999997
rennes,9,1000000,4980.024,7343.7305,2363.7064999999993
rennes,9,1000000,4939.284,7303.0166,2363.7326000000003
rennes,9,1000000,4944.4893,7308.205,2363.7156999999997
rennes,9,1000000,4949.109,7312.8447,2363.7356999999993
rennes,9,1000000,4954.367,7318.078,2363.7110000000002
lyon,9,1000000,5087.817,7451.533,2363.7160000000003
rennes,9,1000000,4958.9634,7322.6997,2363.7363000000005
nantes,9,1000000,4874.594,7238.2686,2363.6746000000003
nantes,9,1000000,4880.825,7244.481,2363.656
nantes,9,1000000,4886.1963,7249.8296,2363.6333000000004
nantes,9,1000000,4893.266,7256.9004,2363.634400000001
nantes,9,1000000,4898.9927,7262.6406,2363.6479
lyon,9,1000000,4867.007,7230.7373,2363.7303
lyon,9,1000000,4873.1636,7236.86,2363.6964
lyon,9,1000000,4878.339,7242.0654,2363.7264000000005
lyon,9,1000000,4885.0674,7248.7695,2363.7021000000004
nancy,9,1000000,5141.454,7505.2266,2363.7726000000002
lyon,9,1000000,4890.1406,7253.8706,2363.7300000000005
nantes,9,1000000,4852.3745,7216.013,2363.6385
nantes,9,1000000,4858.243,7221.895,2363.652
nantes,9,1000000,4863.9067,7227.5566,2363.6499000000003
nantes,9,1000000,4869.9546,7233.6064,2363.6517999999996
nantes,9,1000000,4875.893,7239.501,2363.608
nantes,9,1000000,4806.3823,7170.046,2363.6637
nantes,9,1000000,4812.075,7175.7593,2363.6843
nantes,9,1000000,4817.491,7181.158,2363.6670000000004
nantes,9,1000000,4824.2437,7187.921,2363.6773000000003
nancy,9,1000000,5145.114,7508.8823,2363.7683000000006
nantes,9,1000000,4829.6724,7193.337,2363.6646
lyon,9,1000000,4809.1816,7172.86,2363.6784
lyon,9,1000000,4815.173,7178.8413,2363.6683000000003
lyon,9,1000000,4820.4478,7184.1533,2363.7055
lyon,9,1000000,4826.8916,7190.587,2363.6954000000005
lyon,9,1000000,4832.389,7196.085,2363.696
nancy,9,1000000,4866.4155,7230.0947,2363.6791999999996
nancy,9,1000000,4870.146,7233.8525,2363.7065000000002
nancy,9,1000000,4874.2905,7237.9814,2363.6908999999996
nancy,9,1000000,4878.4014,7242.0845,2363.6831
nancy,9,1000000,5149.2065,7512.9814,2363.7748999999994
nancy,9,1000000,4882.5435,7246.2217,2363.6782000000003
rennes,9,1000000,4790.692,7154.361,2363.669
rennes,9,1000000,4795.1094,7158.795,2363.6856
rennes,9,1000000,4800.1997,7163.8813,2363.6816
rennes,9,1000000,4804.6284,7168.3135,2363.6851000000006
rennes,9,1000000,4809.272,7172.933,2363.661
nantes,9,1000000,4738.64,7102.293,2363.6529999999993
nantes,9,1000000,4745.427,7109.0234,2363.5964000000004
nantes,9,1000000,4750.8657,7114.4976,2363.6318999999994
nantes,9,1000000,4757.702,7121.306,2363.6039999999994
nancy,9,1000000,5153.451,7517.2217,2363.7707
nantes,9,1000000,4763.1255,7126.738,2363.6125
lyon,9,1000000,4745.9297,7109.6733,2363.7436000000007
lyon,9,1000000,4752.99,7116.722,2363.732
lyon,9,1000000,4758.2817,7122.03,2363.7483
lyon,9,1000000,4764.6987,7128.429,2363.7303
lyon,9,1000000,4770.2417,7133.9854,2363.7437
nancy,9,1000000,4809.2275,7172.977,2363.7495
nancy,9,1000000,4813.1704,7176.9297,2363.7592999999997
nancy,9,1000000,4817.192,7180.9404,2363.7484000000004
nancy,9,1000000,4821.125,7184.874,2363.749
lyon,0,10000000,5108.191,20958.473,15850.282000000003
nancy,0,10000000,5172.3096,21022.607,15850.2974
nancy,0,10000000,4582.2573,20432.67,15850.412699999997
nancy,0,10000000,5123.548,20973.742,15850.194
nancy,0,10000000,5127.302,20977.49,15850.188000000002
nancy,0,10000000,5131.194,20981.354,15850.16
nancy,0,10000000,5135.1646,20985.334,15850.169399999999
nancy,0,10000000,5139.164,20989.354,15850.189999999999
rennes,0,10000000,5013.336,20863.418,15850.082000000002
rennes,0,10000000,5017.7397,20868.277,15850.537299999998
rennes,0,10000000,5022.5464,20873.016,15850.4696
rennes,0,10000000,5027.5376,20877.654,15850.116399999999
lyon,0,10000000,5114.0405,20964.354,15850.3135
rennes,0,10000000,5032.312,20882.451,15850.139000000001
nantes,0,10000000,4996.1353,20846.533,15850.3977
nantes,0,10000000,5002.2993,20852.705,15850.405700000003
nantes,0,10000000,5007.6753,20858.041,15850.365700000002
nantes,0,10000000,5013.8296,20864.22,15850.3904
nantes,0,10000000,5019.995,20870.385,15850.39
rennes,0,10000000,5010.025,20860.264,15850.239
rennes,0,10000000,5014.465,20864.719,15850.254
rennes,0,10000000,5019.205,20869.451,15850.246000000001
rennes,0,10000000,5024.078,20874.312,15850.234
lyon,0,10000000,5119.517,20969.92,15850.402999999998
rennes,0,10000000,5028.732,20878.957,15850.224999999999
lyon,0,10000000,4843.578,20693.742,15850.163999999997
lyon,0,10000000,4850.085,20700.246,15850.161
lyon,0,10000000,4854.9,20705.043,15850.143000000002
lyon,0,10000000,4861.4746,20711.6,15850.125399999999
lyon,0,10000000,4867.361,20717.494,15850.132999999998
nancy,0,10000000,4893.3267,20743.627,15850.3003
nancy,0,10000000,4897.25,20747.55,15850.3
nancy,0,10000000,4901.0244,20751.342,15850.3176
nancy,0,10000000,4904.911,20755.248,15850.337
lyon,0,10000000,5125.7964,20976.059,15850.262600000002
nancy,0,10000000,4908.8003,20759.104,15850.3037
rennes,0,10000000,4701.1997,20551.19,15849.990299999998
rennes,0,10000000,4705.7026,20555.895,15850.1924
rennes,0,10000000,4710.549,20560.506,15849.957000000002
rennes,0,10000000,4715.6416,20565.65,15850.008400000002
rennes,0,10000000,4720.3564,20570.348,15849.991600000001
rennes,0,10000000,4709.7295,20559.812,15850.0825
rennes,0,10000000,4714.5137,20564.576,15850.062300000001
rennes,0,10000000,4719.2354,20569.365,15850.129600000002
rennes,0,10000000,4724.045,20574.201,15850.156
lyon,0,10000000,5131.1367,20981.4,15850.263300000002
rennes,0,10000000,4728.9785,20579.068,15850.089499999998
nantes,0,10000000,4627.521,20477.645,15850.124
nantes,0,10000000,4633.8325,20484.123,15850.2905
nantes,0,10000000,4639.394,20489.545,15850.150999999998
nantes,0,10000000,4646.315,20496.47,15850.155000000002
nantes,0,10000000,4651.957,20502.092,15850.135
lyon,0,10000000,4638.7954,20488.729,15849.9336
lyon,0,10000000,4644.7124,20494.977,15850.264599999999
lyon,0,10000000,4649.636,20499.84,15850.204
lyon,0,10000000,4656.298,20506.49,15850.192000000003
nancy,0,10000000,5156.761,21007.066,15850.304999999998
lyon,0,10000000,4661.903,20512.113,15850.210000000001
nantes,0,10000000,4630.398,20480.447,15850.048999999999
nantes,0,10000000,4636.7754,20487.098,15850.322600000001
nantes,0,10000000,4641.8867,20492.17,15850.2833
nantes,0,10000000,4648.6655,20498.963,15850.2975
nantes,0,10000000,4653.991,20504.418,15850.427000000001
nantes,0,10000000,4572.0835,20422.482,15850.3985
nantes,0,10000000,4578.329,20428.76,15850.430999999999
nantes,0,10000000,4583.715,20434.309,15850.594000000001
nantes,0,10000000,4590.512,20440.895,15850.383000000002
nancy,0,10000000,5160.391,21010.697,15850.306
nantes,0,10000000,4596.0815,20446.475,15850.393499999998
lyon,0,10000000,4591.5127,20443.037,15851.524300000001
lyon,0,10000000,4597.54,20447.918,15850.378
lyon,0,10000000,4602.978,20453.414,15850.436000000002
lyon,0,10000000,4609.4214,20459.842,15850.420600000001
lyon,0,10000000,4614.719,20465.084,15850.364999999998
nancy,0,10000000,4639.74,20489.95,15850.210000000001
nancy,0,10000000,4643.5864,20493.844,15850.2576
nancy,0,10000000,4647.509,20497.729,15850.22
nancy,0,10000000,4651.676,20501.889,15850.213
nancy,0,10000000,5164.173,21014.49,15850.317000000003
nancy,0,10000000,4655.6855,20505.912,15850.2265
rennes,0,10000000,4536.437,20386.738,15850.301000000001
rennes,0,10000000,4540.5254,20390.637,15850.111599999998
rennes,0,10000000,4545.6313,20395.734,15850.1027
rennes,0,10000000,4550.185,20400.33,15850.145
rennes,0,10000000,4555.0454,20405.207,15850.1616
nantes,0,10000000,4468.4614,20318.797,15850.335599999999
nantes,0,10000000,4474.685,20325.043,15850.358
nantes,0,10000000,4480.1284,20330.479,15850.3506
nantes,0,10000000,4487.1216,20337.43,15850.3084
nancy,0,10000000,5168.4175,21018.723,15850.305500000002
nantes,0,10000000,4493.4614,20343.785,15850.3236
lyon,0,10000000,4495.632,20345.607,15849.975
lyon,0,10000000,4501.1475,20351.36,15850.212500000001
lyon,0,10000000,4506.5137,20356.73,15850.2163
lyon,0,10000000,4513.289,20363.52,15850.231
lyon,0,10000000,4518.951,20369.172,15850.220999999998
nancy,0,10000000,4566.329,20416.754,15850.425000000001
nancy,0,10000000,4570.3506,20420.826,15850.475400000001
nancy,0,10000000,4574.343,20424.764,15850.420999999998
nancy,0,10000000,4578.227,20428.662,15850.435000000001
lyon,1,10000000,5053.022,19081.77,14028.748
nancy,1,10000000,5134.471,19163.166,14028.695000000002
nancy,1,10000000,4768.9346,18797.252,14028.3174
nancy,1,10000000,5082.1206,19110.834,14028.713399999999
nancy,1,10000000,5085.845,19114.576,14028.731
nancy,1,10000000,5089.697,19118.416,14028.719000000001
nancy,1,10000000,5093.3325,19122.062,14028.729500000001
nancy,1,10000000,5097.1724,19125.902,14028.729599999999
rennes,1,10000000,4988.7534,19017.041,14028.287600000001
rennes,1,10000000,4993.7617,19022.006,14028.244300000002
rennes,1,10000000,4997.9873,19026.28,14028.292699999998
rennes,1,10000000,5002.8936,19031.186,14028.292400000002
lyon,1,10000000,5058.8813,19087.537,14028.6557
rennes,1,10000000,5007.7007,19035.947,14028.246299999999
nantes,1,10000000,4961.129,18989.602,14028.472999999998
nantes,1,10000000,4967.3457,18995.88,14028.534300000001
nantes,1,10000000,4973.3887,19001.88,14028.491300000002
nantes,1,10000000,4979.8657,19008.348,14028.482300000001
nantes,1,10000000,4985.3857,19013.89,14028.5043
rennes,1,10000000,4945.958,18974.414,14028.456000000002
rennes,1,10000000,4950.503,18978.963,14028.46
rennes,1,10000000,4955.5186,18983.912,14028.3934
rennes,1,10000000,4960.134,18988.566,14028.431999999999
lyon,1,10000000,5064.5103,19093.295,14028.784699999998
rennes,1,10000000,4965.4062,18993.828,14028.4218
lyon,1,10000000,4896.877,18925.068,14028.190999999999
lyon,1,10000000,4902.1455,18930.557,14028.411500000002
lyon,1,10000000,4907.952,18936.334,14028.381999999998
lyon,1,10000000,4914.0737,18942.582,14028.508299999998
lyon,1,10000000,4919.2954,18947.691,14028.3956
nancy,1,10000000,4977.397,19006.06,14028.663
nancy,1,10000000,4981.089,19009.746,14028.657
nancy,1,10000000,4984.987,19013.648,14028.661
nancy,1,10000000,4988.833,19017.527,14028.694
lyon,1,10000000,5070.8945,19099.58,14028.685500000001
nancy,1,10000000,4992.722,19021.377,14028.655
rennes,1,10000000,4883.9287,18912.422,14028.493299999998
rennes,1,10000000,4888.3716,18916.748,14028.3764
rennes,1,10000000,4893.486,18921.68,14028.194
rennes,1,10000000,4898.595,18926.822,14028.226999999999
rennes,1,10000000,4903.635,18931.836,14028.201
rennes,1,10000000,4857.86,18887.514,14029.653999999999
rennes,1,10000000,4862.32,18890.838,14028.518
rennes,1,10000000,4867.0645,18895.666,14028.6015
rennes,1,10000000,4872.173,18900.725,14028.552
lyon,1,10000000,5076.7827,19105.434,14028.651300000001
rennes,1,10000000,4876.7295,18905.32,14028.590499999998
nantes,1,10000000,4798.868,18827.38,14028.512
nantes,1,10000000,4805.319,18833.754,14028.435000000001
nantes,1,10000000,4811.0176,18839.545,14028.527399999999
nantes,1,10000000,4817.892,18846.4,14028.508000000002
nantes,1,10000000,4823.053,18851.541,14028.488000000001
lyon,1,10000000,4780.348,18808.766,14028.418
lyon,1,10000000,4786.302,18814.703,14028.401000000002
lyon,1,10000000,4791.8613,18820.266,14028.4047
lyon,1,10000000,4798.6006,18826.977,14028.3764
nancy,1,10000000,5118.422,19147.168,14028.746000000003
lyon,1,10000000,4803.7173,18832.102,14028.384699999999
nantes,1,10000000,4762.8174,18791.34,14028.5226
nantes,1,10000000,4768.832,18797.287,14028.455
nantes,1,10000000,4774.216,18802.676,14028.46
nantes,1,10000000,4780.7715,18809.23,14028.4585
nantes,1,10000000,4786.5444,18815.04,14028.495600000002
nantes,1,10000000,4735.4404,18764.064,14028.623599999999
nantes,1,10000000,4741.103,18769.682,14028.579000000002
nantes,1,10000000,4746.79,18775.37,14028.579999999998
nantes,1,10000000,4753.1943,18781.809,14028.614700000002
nancy,1,10000000,5122.2246,19150.914,14028.689400000001
nantes,1,10000000,4758.9263,18787.496,14028.5697
lyon,1,10000000,4736.296,18764.863,14028.567000000001
lyon,1,10000000,4742.259,18771.86,14029.601
lyon,1,10000000,4747.594,18776.207,14028.612999999998
lyon,1,10000000,4754.5444,18783.092,14028.547600000002
lyon,1,10000000,4759.919,18788.498,14028.579
nancy,1,10000000,4794.188,18822.645,14028.457
nancy,1,10000000,4797.845,18826.338,14028.492999999999
nancy,1,10000000,4802.057,18830.516,14028.458999999999
nancy,1,10000000,4805.922,18834.375,14028.453000000001
nancy,1,10000000,5126.6064,19155.312,14028.705600000001
nancy,1,10000000,4810.0464,18838.514,14028.4676
rennes,1,10000000,4709.422,18738.008,14028.586000000003
rennes,1,10000000,4714.1797,18742.725,14028.545299999998
rennes,1,10000000,4718.817,18747.396,14028.579000000002
rennes,1,10000000,4724.212,18752.643,14028.431
rennes,1,10000000,4728.3755,18756.998,14028.6225
nantes,1,10000000,4660.768,18689.404,14028.635999999999
nantes,1,10000000,4667.134,18695.875,14028.741
nantes,1,10000000,4672.7993,18701.408,14028.6087
nantes,1,10000000,4679.269,18707.873,14028.604
nancy,1,10000000,5130.5444,19159.236,14028.691600000002
nantes,1,10000000,4684.987,18713.611,14028.624
lyon,1,10000000,4671.5625,18706.422,14034.859499999999
lyon,1,10000000,4677.4155,18711.93,14034.514500000001
lyon,1,10000000,4682.8184,18717.229,14034.4106
lyon,1,10000000,4689.135,18723.79,14034.655
lyon,1,10000000,4694.8643,18729.438,14034.573699999997
nancy,1,10000000,4753.763,18782.074,14028.311000000002
nancy,1,10000000,4757.448,18785.79,14028.342
nancy,1,10000000,4761.1436,18789.46,14028.3164
nancy,1,10000000,4765.177,18793.5,14028.323
lyon,2,10000000,5063.0303,20404.826,15341.7957
nancy,2,10000000,5143.4824,20485.436,15341.9536
nancy,2,10000000,4827.7324,20169.783,15342.050599999999
nancy,2,10000000,5126.536,20468.436,15341.900000000001
nancy,2,10000000,5130.5024,20472.402,15341.899599999997
nancy,2,10000000,5134.3306,20476.227,15341.896399999998
nancy,2,10000000,5138.158,20480.125,15341.967
nancy,2,10000000,5142.19,20484.127,15341.937000000002
rennes,2,10000000,5024.546,20366.38,15341.834
rennes,2,10000000,5028.894,20370.732,15341.838
rennes,2,10000000,5033.5947,20375.41,15341.8153
rennes,2,10000000,5038.731,20380.6,15341.868999999999
lyon,2,10000000,5069.028,20411.383,15342.355000000001
rennes,2,10000000,5043.429,20385.295,15341.865999999998
nantes,2,10000000,5003.826,20345.754,15341.928
nantes,2,10000000,5009.7285,20352.379,15342.6505
nantes,2,10000000,5015.59,20357.543,15341.953000000001
nantes,2,10000000,5021.6543,20363.568,15341.9137
nantes,2,10000000,5027.3145,20370.016,15342.7015
rennes,2,10000000,5001.125,20343.021,15341.896
rennes,2,10000000,5005.9507,20348.725,15342.774299999997
rennes,2,10000000,5010.708,20352.66,15341.952000000001
rennes,2,10000000,5016.0347,20358.121,15342.086299999999
lyon,2,10000000,5074.2256,20416.094,15341.868400000001
rennes,2,10000000,5020.391,20362.365,15341.974000000002
lyon,2,10000000,4964.9653,20306.738,15341.772700000001
lyon,2,10000000,4971.2085,20312.88,15341.6715
lyon,2,10000000,4976.139,20317.943,15341.804
lyon,2,10000000,4982.482,20324.86,15342.378
lyon,2,10000000,4987.9204,20329.752,15341.831600000001
nancy,2,10000000,5028.229,20370.13,15341.901000000002
nancy,2,10000000,5031.943,20373.834,15341.891
nancy,2,10000000,5035.9023,20377.873,15341.9707
nancy,2,10000000,5039.7246,20381.633,15341.908400000002
lyon,2,10000000,5080.2725,20422.068,15341.7955
nancy,2,10000000,5043.531,20385.45,15341.919000000002
rennes,2,10000000,4943.624,20285.445,15341.821
rennes,2,10000000,4948.477,20290.275,15341.798000000003
rennes,2,10000000,4952.8857,20294.672,15341.7863
rennes,2,10000000,4958.031,20299.75,15341.719000000001
rennes,2,10000000,4962.7573,20304.559,15341.8017
rennes,2,10000000,4927.3804,20269.326,15341.945600000001
rennes,2,10000000,4932.329,20274.633,15342.304000000002
rennes,2,10000000,4936.985,20278.916,15341.931
rennes,2,10000000,4941.8037,20284.592,15342.7883
lyon,2,10000000,5085.9062,20427.742,15341.835799999997
rennes,2,10000000,4946.568,20288.69,15342.122
nantes,2,10000000,4869.587,20211.316,15341.729
nantes,2,10000000,4875.797,20218.203,15342.406000000003
nantes,2,10000000,4881.0527,20222.549,15341.496299999999
nantes,2,10000000,4887.171,20229.16,15341.989
nantes,2,10000000,4892.796,20234.525,15341.729000000001
lyon,2,10000000,4856.3022,20198.82,15342.5178
lyon,2,10000000,4861.4043,20203.28,15341.875699999999
lyon,2,10000000,4866.992,20208.898,15341.906
lyon,2,10000000,4874.018,20215.627,15341.609
nancy,2,10000000,5128.505,20470.379,15341.874
lyon,2,10000000,4879.1914,20221.053,15341.8616
nantes,2,10000000,4848.3975,20190.994,15342.5965
nantes,2,10000000,4854.6343,20196.482,15341.8477
nantes,2,10000000,4859.701,20201.57,15341.868999999999
nantes,2,10000000,4866.526,20208.38,15341.854000000001
nantes,2,10000000,4872.4795,20214.334,15341.854499999998
nantes,2,10000000,4809.344,20151.227,15341.882999999998
nantes,2,10000000,4815.91,20157.777,15341.866999999998
nantes,2,10000000,4820.9355,20162.902,15341.966499999999
nantes,2,10000000,4828.1597,20170.035,15341.8753
nancy,2,10000000,5132.077,20473.955,15341.878
nantes,2,10000000,4833.5293,20175.383,15341.853700000001
lyon,2,10000000,4811.592,20153.646,15342.054
lyon,2,10000000,4817.4434,20159.342,15341.8986
lyon,2,10000000,4822.342,20164.258,15341.916000000001
lyon,2,10000000,4829.051,20170.912,15341.861
lyon,2,10000000,4834.4146,20176.291,15341.876400000001
nancy,2,10000000,4876.706,20218.932,15342.226
nancy,2,10000000,4881.0376,20223.203,15342.165400000002
nancy,2,10000000,4885.096,20227.25,15342.154
nancy,2,10000000,4889.107,20231.242,15342.134999999998
nancy,2,10000000,5135.8955,20477.775,15341.879500000003
nancy,2,10000000,4892.941,20235.074,15342.133000000002
rennes,2,10000000,4824.7627,20166.613,15341.850300000002
rennes,2,10000000,4828.9727,20170.91,15341.9373
rennes,2,10000000,4833.8315,20175.729,15341.8975
rennes,2,10000000,4838.276,20180.172,15341.895999999999
rennes,2,10000000,4843.4316,20185.336,15341.9044
nantes,2,10000000,4748.7393,20090.553,15341.813699999999
nantes,2,10000000,4754.4604,20096.3,15341.8396
nantes,2,10000000,4760.3467,20102.186,15341.839300000001
nantes,2,10000000,4767.0376,20108.846,15341.808400000002
nancy,2,10000000,5139.726,20481.604,15341.878
nantes,2,10000000,4772.7695,20114.508,15341.738500000001
lyon,2,10000000,4746.661,20088.5,15341.839
lyon,2,10000000,4752.5176,20094.422,15341.9044
lyon,2,10000000,4757.6704,20099.512,15341.8416
lyon,2,10000000,4764.1714,20105.998,15341.8266
lyon,2,10000000,4769.5977,20111.434,15341.8363
nancy,2,10000000,4812.313,20154.354,15342.041
nancy,2,10000000,4815.9624,20158.01,15342.047599999998
nancy,2,10000000,4820.0195,20162.41,15342.3905
nancy,2,10000000,4823.946,20165.984,15342.038
lyon,3,10000000,5047.249,19207.982,14160.733
nancy,3,10000000,5132.777,19293.402,14160.624999999998
nancy,3,10000000,4818.7163,18979.463,14160.7467
nancy,3,10000000,5110.8584,19271.652,14160.793599999997
nancy,3,10000000,5115.033,19275.836,14160.803
nancy,3,10000000,5119.2617,19280.076,14160.814300000002
nancy,3,10000000,5123.0967,19284.12,14161.023299999999
nancy,3,10000000,5127.2593,19288.062,14160.802700000002
rennes,3,10000000,4996.4463,19157.0,14160.5537
rennes,3,10000000,5001.7393,19162.064,14160.324699999997
rennes,3,10000000,5005.871,19166.453,14160.582000000002
rennes,3,10000000,5011.325,19171.988,14160.663
lyon,3,10000000,5052.9263,19213.877,14160.950700000001
rennes,3,10000000,5015.9766,19176.531,14160.554399999999
nantes,3,10000000,4975.718,19136.488,14160.77
nantes,3,10000000,4982.3794,19143.775,14161.395600000002
nantes,3,10000000,4988.354,19148.857,14160.503
nantes,3,10000000,4995.095,19155.605,14160.509999999998
nantes,3,10000000,5000.477,19161.02,14160.543000000001
rennes,3,10000000,4985.9517,19146.469,14160.517300000001
rennes,3,10000000,4990.5264,19151.05,14160.5236
rennes,3,10000000,4995.3584,19155.994,14160.635599999998
rennes,3,10000000,5000.724,19160.938,14160.213999999998
lyon,3,10000000,5058.127,19218.86,14160.733
rennes,3,10000000,5004.989,19165.56,14160.571000000002
lyon,3,10000000,4924.178,19084.582,14160.403999999999
lyon,3,10000000,4929.876,19090.389,14160.512999999999
lyon,3,10000000,4934.945,19095.45,14160.505000000001
lyon,3,10000000,4941.4536,19101.988,14160.5344
lyon,3,10000000,4947.1914,19107.787,14160.5956
nancy,3,10000000,5031.7427,19192.375,14160.632300000001
nancy,3,10000000,5035.4,19196.021,14160.621000000001
nancy,3,10000000,5039.7104,19200.332,14160.621599999999
nancy,3,10000000,5043.5093,19204.168,14160.658700000002
lyon,3,10000000,5064.699,19225.65,14160.951000000001
nancy,3,10000000,5047.708,19208.336,14160.628
rennes,3,10000000,4940.2017,19100.715,14160.5133
rennes,3,10000000,4944.748,19105.248,14160.5
rennes,3,10000000,4949.2026,19109.666,14160.4634
rennes,3,10000000,4954.583,19115.025,14160.442000000003
rennes,3,10000000,4959.2017,19119.682,14160.480300000001
rennes,3,10000000,4893.08,19053.525,14160.445000000002
rennes,3,10000000,4897.279,19057.74,14160.461000000001
rennes,3,10000000,4902.373,19062.84,14160.467
rennes,3,10000000,4907.139,19067.6,14160.461
lyon,3,10000000,5069.794,19230.523,14160.729000000001
rennes,3,10000000,4911.9624,19072.422,14160.459599999998
nantes,3,10000000,4842.863,19003.334,14160.470999999998
nantes,3,10000000,4849.131,19009.617,14160.485999999997
nantes,3,10000000,4854.8257,19015.291,14160.4653
nantes,3,10000000,4861.2163,19021.734,14160.5177
nantes,3,10000000,4867.025,19027.469,14160.444000000001
lyon,3,10000000,4844.1577,19004.771,14160.6133
lyon,3,10000000,4850.511,19011.072,14160.561
lyon,3,10000000,4855.536,19016.143,14160.607
lyon,3,10000000,4862.305,19022.828,14160.523000000001
nancy,3,10000000,5116.848,19277.523,14160.675000000001
lyon,3,10000000,4867.6235,19028.143,14160.5195
nantes,3,10000000,4833.269,18993.727,14160.457999999999
nantes,3,10000000,4839.4077,18999.824,14160.4163
nantes,3,10000000,4844.7217,19005.176,14160.4543
nantes,3,10000000,4851.145,19011.562,14160.417000000001
nantes,3,10000000,4856.843,19017.33,14160.487000000001
nantes,3,10000000,4801.9224,18962.793,14160.870600000002
nantes,3,10000000,4808.603,18969.523,14160.920000000002
nantes,3,10000000,4814.316,18975.34,14161.024000000001
nantes,3,10000000,4821.6494,18982.488,14160.838600000001
nancy,3,10000000,5120.6763,19281.287,14160.610700000001
nantes,3,10000000,4827.2383,18988.201,14160.9627
lyon,3,10000000,4809.9077,18970.555,14160.6473
lyon,3,10000000,4815.8296,18976.477,14160.647399999998
lyon,3,10000000,4821.224,18981.865,14160.641000000001
lyon,3,10000000,4827.462,18988.098,14160.636000000002
lyon,3,10000000,4832.902,18993.674,14160.771999999999
nancy,3,10000000,4873.9136,19034.639,14160.7254
nancy,3,10000000,4877.902,19038.69,14160.787999999999
nancy,3,10000000,4881.8765,19042.623,14160.7465
nancy,3,10000000,4885.968,19046.738,14160.77
nancy,3,10000000,5124.6855,19285.299,14160.6135
nancy,3,10000000,4889.9478,19050.66,14160.7122
rennes,3,10000000,4767.8037,18928.408,14160.604299999999
rennes,3,10000000,4772.131,18932.736,14160.605
rennes,3,10000000,4776.6206,18937.2,14160.5794
rennes,3,10000000,4781.906,18942.523,14160.617000000002
rennes,3,10000000,4786.4067,18947.11,14160.703300000001
nantes,3,10000000,4719.959,18880.592,14160.633000000002
nantes,3,10000000,4725.8325,18887.426,14161.593499999999
nantes,3,10000000,4731.169,18891.793,14160.624000000002
nantes,3,10000000,4737.499,18898.424,14160.925
nancy,3,10000000,5128.6235,19289.242,14160.618499999999
nantes,3,10000000,4743.121,18903.771,14160.650000000001
lyon,3,10000000,4717.0156,18877.355,14160.3394
lyon,3,10000000,4723.2847,18883.834,14160.549299999999
lyon,3,10000000,4728.61,18889.139,14160.528999999999
lyon,3,10000000,4735.3047,18895.822,14160.5173
lyon,3,10000000,4740.6436,18901.11,14160.466400000001
nancy,3,10000000,4804.382,18965.139,14160.757
nancy,3,10000000,4807.632,18968.414,14160.782000000001
nancy,3,10000000,4811.3535,18972.127,14160.7735
nancy,3,10000000,4815.1104,18975.871,14160.7606
lyon,4,10000000,5067.4033,19794.475,14727.071699999999
nancy,4,10000000,5154.602,19881.81,14727.208000000002
nancy,4,10000000,4755.6353,19483.13,14727.494700000001
nancy,4,10000000,5126.4805,19853.912,14727.4315
nancy,4,10000000,5130.0225,19857.445,14727.4225
nancy,4,10000000,5134.1353,19861.572,14727.4367
nancy,4,10000000,5137.974,19865.389,14727.414999999999
nancy,4,10000000,5141.9517,19869.404,14727.452299999999
rennes,4,10000000,5009.878,19736.957,14727.078999999998
rennes,4,10000000,5014.6025,19741.697,14727.0945
rennes,4,10000000,5019.3013,19746.383,14727.081700000002
rennes,4,10000000,5023.762,19750.85,14727.088
lyon,4,10000000,5073.5396,19801.389,14727.8494
rennes,4,10000000,5028.637,19755.723,14727.086000000003
nantes,4,10000000,5017.0825,19744.084,14727.001499999998
nantes,4,10000000,5022.32,19750.049,14727.729
nantes,4,10000000,5029.356,19756.352,14726.996
nantes,4,10000000,5035.372,19762.365,14726.993000000002
nantes,4,10000000,5041.6567,19768.654,14726.997299999999
rennes,4,10000000,5012.6533,19739.783,14727.1297
rennes,4,10000000,5017.0635,19744.215,14727.1515
rennes,4,10000000,5021.806,19748.912,14727.106
rennes,4,10000000,5026.618,19753.738,14727.12
lyon,4,10000000,5078.873,19805.926,14727.053
rennes,4,10000000,5031.871,19759.018,14727.147
lyon,4,10000000,4965.6157,19692.678,14727.0623
lyon,4,10000000,4971.7583,19698.816,14727.057699999998
lyon,4,10000000,4977.029,19704.07,14727.041
lyon,4,10000000,4983.648,19710.72,14727.072
lyon,4,10000000,4989.0005,19716.025,14727.024500000001
nancy,4,10000000,5039.744,19766.87,14727.126
nancy,4,10000000,5043.135,19770.336,14727.201
nancy,4,10000000,5046.908,19774.041,14727.133000000002
nancy,4,10000000,5050.945,19778.113,14727.168000000001
lyon,4,10000000,5085.243,19812.293,14727.050000000001
nancy,4,10000000,5054.6685,19781.787,14727.1185
rennes,4,10000000,4957.9507,19685.035,14727.084299999999
rennes,4,10000000,4962.5396,19689.607,14727.0674
rennes,4,10000000,4967.1855,19694.258,14727.072500000002
rennes,4,10000000,4971.7104,19698.81,14727.099600000001
rennes,4,10000000,4976.8096,19703.88,14727.0704
rennes,4,10000000,4899.8716,19626.967,14727.0954
rennes,4,10000000,4904.406,19631.52,14727.114000000001
rennes,4,10000000,4909.1895,19636.273,14727.0835
rennes,4,10000000,4914.9263,19642.025,14727.098700000002
lyon,4,10000000,5090.2085,19817.27,14727.0615
rennes,4,10000000,4919.7627,19646.87,14727.1073
nantes,4,10000000,4849.6523,19576.582,14726.929699999999
nantes,4,10000000,4856.4517,19583.38,14726.928300000001
nantes,4,10000000,4861.4614,19588.389,14726.927599999999
nantes,4,10000000,4868.333,19595.25,14726.917000000001
nantes,4,10000000,4873.438,19600.377,14726.939
lyon,4,10000000,4813.5347,19540.7,14727.1653
lyon,4,10000000,4819.2427,19547.174,14727.9313
lyon,4,10000000,4824.979,19552.004,14727.025000000001
lyon,4,10000000,4831.467,19558.531,14727.063999999998
nancy,4,10000000,5138.2935,19865.512,14727.218499999999
lyon,4,10000000,4837.081,19564.158,14727.077
nantes,4,10000000,4834.4424,19561.377,14726.9346
nantes,4,10000000,4840.53,19567.5,14726.970000000001
nantes,4,10000000,4846.3867,19573.336,14726.9493
nantes,4,10000000,4853.778,19580.732,14726.954
nantes,4,10000000,4859.362,19586.309,14726.947
nantes,4,10000000,4770.3027,19497.078,14726.775300000001
nantes,4,10000000,4775.939,19503.742,14727.802999999998
nantes,4,10000000,4782.567,19509.64,14727.073
nantes,4,10000000,4788.491,19515.492,14727.000999999998
nancy,4,10000000,5142.1807,19869.395,14727.2143
nantes,4,10000000,4794.468,19521.49,14727.022
lyon,4,10000000,4778.4175,19505.498,14727.0805
lyon,4,10000000,4784.897,19511.994,14727.096999999998
lyon,4,10000000,4790.084,19517.27,14727.186000000002
lyon,4,10000000,4796.955,19524.05,14727.095
lyon,4,10000000,4801.869,19528.93,14727.061000000002
nancy,4,10000000,4828.339,19555.887,14727.547999999999
nancy,4,10000000,4832.1064,19559.63,14727.5236
nancy,4,10000000,4836.0923,19563.602,14727.509699999999
nancy,4,10000000,4840.1387,19567.635,14727.496299999999
nancy,4,10000000,5146.088,19873.334,14727.246
nancy,4,10000000,4844.2495,19571.736,14727.4865
rennes,4,10000000,4765.1133,19492.186,14727.0727
rennes,4,10000000,4769.923,19496.994,14727.071
rennes,4,10000000,4774.812,19501.895,14727.083
rennes,4,10000000,4779.828,19506.893,14727.064999999999
rennes,4,10000000,4784.366,19511.37,14727.003999999999
nantes,4,10000000,4677.297,19404.059,14726.762000000002
nantes,4,10000000,4683.0347,19410.045,14727.010299999998
nantes,4,10000000,4688.505,19415.53,14727.024999999998
nantes,4,10000000,4695.2583,19422.31,14727.0517
nancy,4,10000000,5150.3003,19877.504,14727.203700000002
nantes,4,10000000,4701.108,19428.105,14726.997
lyon,4,10000000,4684.148,19411.164,14727.016
lyon,4,10000000,4690.1323,19417.207,14727.074699999997
lyon,4,10000000,4695.656,19422.762,14727.106
lyon,4,10000000,4702.363,19429.44,14727.076999999997
lyon,4,10000000,4707.9106,19434.951,14727.040400000002
nancy,4,10000000,4740.904,19468.42,14727.515999999998
nancy,4,10000000,4744.2666,19471.81,14727.543400000002
nancy,4,10000000,4748.004,19475.535,14727.530999999999
nancy,4,10000000,4751.711,19479.229,14727.518
lyon,5,10000000,5081.4854,20854.773,15773.287600000001
nancy,5,10000000,5177.8457,20949.953,15772.107300000001
nancy,5,10000000,4842.491,20614.674,15772.182999999999
nancy,5,10000000,5145.3755,20918.322,15772.9465
nancy,5,10000000,5149.1704,20922.092,15772.921600000001
nancy,5,10000000,5153.1416,20926.104,15772.9624
nancy,5,10000000,5157.202,20930.168,15772.966
nancy,5,10000000,5161.1626,20934.094,15772.931400000001
rennes,5,10000000,5023.685,20795.822,15772.136999999999
rennes,5,10000000,5028.3594,20800.463,15772.103599999999
rennes,5,10000000,5033.6626,20805.768,15772.1054
rennes,5,10000000,5038.255,20810.348,15772.093
lyon,5,10000000,5087.423,20859.732,15772.309000000001
rennes,5,10000000,5043.445,20815.723,15772.278000000002
nantes,5,10000000,5028.412,20800.443,15772.030999999999
nantes,5,10000000,5034.8423,20806.627,15771.7847
nantes,5,10000000,5040.103,20812.2,15772.097000000002
nantes,5,10000000,5046.4097,20818.484,15772.0743
nantes,5,10000000,5052.2124,20824.22,15772.0076
rennes,5,10000000,5039.222,20811.34,15772.118
rennes,5,10000000,5044.199,20816.318,15772.118999999999
rennes,5,10000000,5048.9927,20821.086,15772.0933
rennes,5,10000000,5054.2603,20826.379,15772.1187
lyon,5,10000000,5092.532,20864.943,15772.411
rennes,5,10000000,5059.024,20831.21,15772.185999999998
lyon,5,10000000,4987.966,20760.104,15772.137999999999
lyon,5,10000000,4993.7104,20765.977,15772.266599999999
lyon,5,10000000,4998.799,20770.924,15772.125
lyon,5,10000000,5005.1772,20777.314,15772.136799999998
lyon,5,10000000,5011.0137,20783.156,15772.1423
nancy,5,10000000,5055.2935,20828.146,15772.8525
nancy,5,10000000,5058.994,20831.89,15772.896
nancy,5,10000000,5063.144,20836.012,15772.867999999999
nancy,5,10000000,5067.4146,20840.338,15772.9234
lyon,5,10000000,5099.4297,20871.678,15772.2483
nancy,5,10000000,5071.687,20844.564,15772.876999999999
rennes,5,10000000,4981.982,20753.959,15771.976999999999
rennes,5,10000000,4986.602,20758.598,15771.996000000003
rennes,5,10000000,4991.2397,20763.195,15771.9553
rennes,5,10000000,4996.2285,20768.352,15772.123499999998
rennes,5,10000000,5001.1323,20773.102,15771.969699999998
rennes,5,10000000,4962.456,20734.57,15772.114
rennes,5,10000000,4967.2646,20739.412,15772.1474
rennes,5,10000000,4972.37,20744.486,15772.116000000002
rennes,5,10000000,4976.4595,20748.58,15772.1205
lyon,5,10000000,5104.6826,20876.986,15772.3034
rennes,5,10000000,4981.903,20754.01,15772.106999999998
nantes,5,10000000,4900.2896,20672.646,15772.3564
nantes,5,10000000,4906.8555,20678.914,15772.058500000001
nantes,5,10000000,4912.0864,20684.396,15772.3096
nantes,5,10000000,4918.4746,20690.8,15772.3254
nantes,5,10000000,4924.264,20696.549,15772.285
lyon,5,10000000,4873.437,20645.822,15772.385
lyon,5,10000000,4879.8086,20652.045,15772.236399999998
lyon,5,10000000,4884.4497,20656.674,15772.224299999998
lyon,5,10000000,4890.9917,20663.248,15772.256300000001
nancy,5,10000000,5162.4404,20934.531,15772.0906
lyon,5,10000000,4896.9546,20669.201,15772.2464
nantes,5,10000000,4876.26,20648.67,15772.409999999998
nantes,5,10000000,4883.238,20655.654,15772.415999999997
nantes,5,10000000,4888.4336,20660.879,15772.4454
nantes,5,10000000,4895.2495,20667.668,15772.418500000002
nantes,5,10000000,4900.918,20673.36,15772.442000000001
nantes,5,10000000,4829.2397,20601.29,15772.0503
nantes,5,10000000,4835.4756,20607.52,15772.0444
nantes,5,10000000,4841.066,20613.113,15772.047000000002
nantes,5,10000000,4847.5796,20619.65,15772.0704
nancy,5,10000000,5166.391,20938.482,15772.091
nantes,5,10000000,4853.827,20625.855,15772.027999999998
lyon,5,10000000,4794.873,20567.047,15772.173999999999
lyon,5,10000000,4801.7124,20573.475,15771.762599999998
lyon,5,10000000,4806.506,20578.734,15772.228
lyon,5,10000000,4813.0713,20585.31,15772.238700000002
lyon,5,10000000,4818.418,20590.627,15772.209
nancy,5,10000000,4892.049,20664.783,15772.734
nancy,5,10000000,4895.6646,20668.436,15772.771400000001
nancy,5,10000000,4899.575,20672.303,15772.728
nancy,5,10000000,4903.3853,20676.107,15772.7217
nancy,5,10000000,5170.1074,20942.217,15772.1096
nancy,5,10000000,4907.367,20680.09,15772.723
rennes,5,10000000,4810.322,20582.27,15771.948
rennes,5,10000000,4814.8555,20586.97,15772.114500000001
rennes,5,10000000,4819.597,20591.729,15772.132
rennes,5,10000000,4825.3623,20597.484,15772.1217
rennes,5,10000000,4830.1387,20602.201,15772.062300000001
nantes,5,10000000,4739.108,20511.025,15771.917000000001
nantes,5,10000000,4744.8315,20516.912,15772.0805
nantes,5,10000000,4750.229,20522.37,15772.141
nantes,5,10000000,4756.686,20528.818,15772.132
nancy,5,10000000,5174.2476,20946.36,15772.112400000002
nantes,5,10000000,4762.255,20534.389,15772.133999999998
lyon,5,10000000,4741.928,20515.1,15773.171999999999
lyon,5,10000000,4747.956,20520.191,15772.234999999999
lyon,5,10000000,4753.1934,20525.441,15772.247599999999
lyon,5,10000000,4759.665,20531.955,15772.29
lyon,5,10000000,4764.8257,20537.076,15772.2503
nancy,5,10000000,4826.975,20599.164,15772.189
nancy,5,10000000,4830.8677,20603.088,15772.2203
nancy,5,10000000,4834.8047,20606.979,15772.174299999999
nancy,5,10000000,4838.8228,20610.994,15772.171199999999
lyon,6,10000000,5082.9243,19704.158,14621.2337
nancy,6,10000000,5191.1763,19812.475,14621.2987
nancy,6,10000000,4856.2417,19477.629,14621.387300000002
nancy,6,10000000,5162.493,19783.908,14621.414999999999
nancy,6,10000000,5166.196,19787.62,14621.423999999999
nancy,6,10000000,5169.974,19791.379,14621.405
nancy,6,10000000,5174.232,19795.652,14621.419999999998
nancy,6,10000000,5178.283,19799.752,14621.469000000001
rennes,6,10000000,5057.207,19678.307,14621.1
rennes,6,10000000,5061.5767,19682.72,14621.143300000002
rennes,6,10000000,5066.8345,19687.957,14621.122499999998
rennes,6,10000000,5072.03,19693.146,14621.116000000002
lyon,6,10000000,5089.109,19710.295,14621.185999999998
rennes,6,10000000,5076.072,19697.229,14621.157
nantes,6,10000000,5018.2803,19639.314,14621.033699999998
nantes,6,10000000,5024.808,19645.842,14621.034
nantes,6,10000000,5030.202,19651.246,14621.043999999998
nantes,6,10000000,5036.653,19657.742,14621.088999999998
nantes,6,10000000,5042.2827,19663.371,14621.0883
rennes,6,10000000,5025.5825,19646.695,14621.1125
rennes,6,10000000,5030.5874,19651.701,14621.1136
rennes,6,10000000,5035.6963,19656.803,14621.1067
rennes,6,10000000,5040.3433,19661.42,14621.076699999998
lyon,6,10000000,5094.373,19715.648,14621.275000000001
rennes,6,10000000,5045.276,19666.355,14621.079
lyon,6,10000000,4985.8564,19606.994,14621.137599999998
lyon,6,10000000,4992.085,19613.115,14621.030000000002
lyon,6,10000000,4996.9863,19618.018,14621.0317
lyon,6,10000000,5003.773,19624.773,14621.0
lyon,6,10000000,5008.8525,19629.906,14621.053499999998
nancy,6,10000000,5061.2505,19682.516,14621.2655
nancy,6,10000000,5065.1743,19686.436,14621.261700000003
nancy,6,10000000,5069.0796,19690.35,14621.270399999998
nancy,6,10000000,5072.8706,19694.168,14621.297400000001
lyon,6,10000000,5100.435,19721.707,14621.271999999997
nancy,6,10000000,5077.0454,19698.303,14621.2576
rennes,6,10000000,4992.7295,19613.658,14620.928499999998
rennes,6,10000000,4997.8057,19618.63,14620.8243
rennes,6,10000000,5002.0605,19622.973,14620.912500000002
rennes,6,10000000,5007.525,19628.404,14620.878999999999
rennes,6,10000000,5012.0396,19632.979,14620.9394
rennes,6,10000000,4953.034,19574.463,14621.429
rennes,6,10000000,4957.635,19578.928,14621.293
rennes,6,10000000,4962.2324,19583.492,14621.259599999998
rennes,6,10000000,4967.0513,19588.318,14621.2667
lyon,6,10000000,5106.027,19727.363,14621.336000000001
rennes,6,10000000,4971.8667,19593.018,14621.151300000001
nantes,6,10000000,4892.626,19513.873,14621.247
nantes,6,10000000,4898.842,19520.232,14621.39
nantes,6,10000000,4904.742,19527.023,14622.281
nantes,6,10000000,4911.4614,19532.67,14621.208599999998
nantes,6,10000000,4917.0293,19538.29,14621.2607
lyon,6,10000000,4884.4756,19505.596,14621.120400000002
lyon,6,10000000,4890.1646,19511.3,14621.1354
lyon,6,10000000,4895.5938,19516.826,14621.232200000002
lyon,6,10000000,4901.9062,19523.037,14621.130799999999
nancy,6,10000000,5175.4956,19796.807,14621.3114
lyon,6,10000000,4907.6597,19528.768,14621.1083
nantes,6,10000000,4887.2373,19508.4,14621.1627
nantes,6,10000000,4893.584,19514.645,14621.061000000002
nantes,6,10000000,4899.111,19520.158,14621.046999999999
nantes,6,10000000,4905.3896,19526.473,14621.083400000001
nantes,6,10000000,4911.265,19532.295,14621.029999999999
nantes,6,10000000,4829.3667,19451.035,14621.668300000001
nantes,6,10000000,4836.009,19457.164,14621.155
nantes,6,10000000,4840.912,19462.059,14621.147
nantes,6,10000000,4847.42,19468.955,14621.535000000002
nancy,6,10000000,5179.009,19800.303,14621.294
nantes,6,10000000,4853.1064,19474.236,14621.1296
lyon,6,10000000,4840.421,19461.53,14621.108999999999
lyon,6,10000000,4845.8213,19466.88,14621.058700000001
lyon,6,10000000,4850.816,19471.979,14621.163
lyon,6,10000000,4857.654,19478.766,14621.112
lyon,6,10000000,4862.9995,19484.24,14621.240500000002
nancy,6,10000000,4918.0884,19539.518,14621.4296
nancy,6,10000000,4921.8022,19543.236,14621.4338
nancy,6,10000000,4925.8545,19547.639,14621.784499999998
nancy,6,10000000,4929.8657,19551.283,14621.4173
nancy,6,10000000,5183.1553,19804.445,14621.2897
nancy,6,10000000,4933.845,19555.258,14621.413
rennes,6,10000000,4803.4946,19424.549,14621.054399999999
rennes,6,10000000,4808.1636,19429.232,14621.0684
rennes,6,10000000,4812.9893,19434.041,14621.0517
rennes,6,10000000,4818.093,19439.148,14621.055
rennes,6,10000000,4822.963,19444.414,14621.451000000001
nantes,6,10000000,4754.854,19376.168,14621.314000000002
nantes,6,10000000,4761.4995,19382.76,14621.260499999999
nantes,6,10000000,4766.5205,19387.82,14621.299500000001
nantes,6,10000000,4773.396,19394.775,14621.379
nancy,6,10000000,5186.9,19808.217,14621.317000000001
nantes,6,10000000,4778.773,19400.078,14621.305
lyon,6,10000000,4769.0864,19390.17,14621.083599999998
lyon,6,10000000,4774.51,19395.666,14621.156
lyon,6,10000000,4780.891,19402.09,14621.199
lyon,6,10000000,4787.2983,19408.48,14621.1817
lyon,6,10000000,4792.807,19413.953,14621.146
nancy,6,10000000,4840.805,19462.13,14621.325
nancy,6,10000000,4844.532,19465.875,14621.343
nancy,6,10000000,4848.3276,19469.645,14621.3174
nancy,6,10000000,4852.2173,19473.535,14621.3177
lyon,7,10000000,5083.7354,19858.502,14774.7666
nancy,7,10000000,5168.867,19944.154,14775.286999999998
nancy,7,10000000,4686.2217,19461.145,14774.9233
nancy,7,10000000,5147.967,19922.855,14774.887999999999
nancy,7,10000000,5151.588,19926.477,14774.889
nancy,7,10000000,5155.365,19930.293,14774.928000000002
nancy,7,10000000,5159.2666,19934.158,14774.8914
nancy,7,10000000,5163.053,19937.965,14774.912
rennes,7,10000000,5023.73,19798.537,14774.807
rennes,7,10000000,5028.746,19803.326,14774.580000000002
rennes,7,10000000,5033.101,19807.91,14774.809000000001
rennes,7,10000000,5038.727,19813.527,14774.8
lyon,7,10000000,5089.485,19864.473,14774.988000000001
rennes,7,10000000,5043.1763,19817.996,14774.8197
nantes,7,10000000,5015.831,19790.492,14774.660999999998
nantes,7,10000000,5021.781,19796.43,14774.649000000001
nantes,7,10000000,5027.2334,19801.959,14774.725599999998
nantes,7,10000000,5034.1914,19808.82,14774.6286
nantes,7,10000000,5039.6475,19815.42,14775.7725
rennes,7,10000000,5014.363,19789.121,14774.757999999998
rennes,7,10000000,5018.7793,19793.56,14774.780700000001
rennes,7,10000000,5023.5986,19798.365,14774.7664
rennes,7,10000000,5028.495,19803.27,14774.775000000001
lyon,7,10000000,5094.8716,19869.676,14774.804399999999
rennes,7,10000000,5033.4844,19808.256,14774.7716
lyon,7,10000000,4852.3374,19627.06,14774.722600000001
lyon,7,10000000,4858.986,19633.703,14774.717
lyon,7,10000000,4864.0996,19638.828,14774.728400000002
lyon,7,10000000,4870.5845,19645.299,14774.714499999998
lyon,7,10000000,4876.195,19650.941,14774.746
nancy,7,10000000,5045.6,19820.637,14775.036999999998
nancy,7,10000000,5049.3066,19824.295,14774.988399999998
nancy,7,10000000,5052.9297,19827.902,14774.972299999998
nancy,7,10000000,5056.5327,19831.518,14774.9853
lyon,7,10000000,5101.421,19876.344,14774.923
nancy,7,10000000,5060.454,19835.416,14774.962000000001
rennes,7,10000000,4848.1973,19622.816,14774.618699999999
rennes,7,10000000,4852.7666,19627.57,14774.8034
rennes,7,10000000,4857.61,19632.219,14774.609
rennes,7,10000000,4862.3887,19636.99,14774.601300000002
rennes,7,10000000,4867.958,19642.783,14774.825
rennes,7,10000000,4828.2354,19602.975,14774.739599999999
rennes,7,10000000,4832.194,19606.924,14774.73
rennes,7,10000000,4837.7524,19612.502,14774.7496
rennes,7,10000000,4842.485,19617.209,14774.723999999998
lyon,7,10000000,5106.8203,19881.705,14774.884700000002
rennes,7,10000000,4847.345,19622.096,14774.751
nantes,7,10000000,4775.6367,19550.248,14774.6113
nantes,7,10000000,4782.772,19557.12,14774.347999999998
nantes,7,10000000,4788.076,19562.7,14774.624
nantes,7,10000000,4794.695,19569.316,14774.621
nantes,7,10000000,4800.5444,19575.129,14774.584600000002
lyon,7,10000000,4781.452,19556.186,14774.734
lyon,7,10000000,4787.9565,19563.334,14775.377499999999
lyon,7,10000000,4793.2046,19567.893,14774.6884
lyon,7,10000000,4800.141,19574.828,14774.687000000002
nancy,7,10000000,5154.039,19929.342,14775.303
lyon,7,10000000,4805.226,19579.934,14774.708000000002
nantes,7,10000000,4771.1313,19546.008,14774.8767
nantes,7,10000000,4777.5166,19552.426,14774.9094
nantes,7,10000000,4782.6846,19557.6,14774.915399999998
nantes,7,10000000,4789.665,19564.574,14774.909
nantes,7,10000000,4794.678,19569.549,14774.871
nantes,7,10000000,4700.7866,19475.066,14774.2794
nantes,7,10000000,4706.8086,19481.547,14774.738399999998
nantes,7,10000000,4712.1963,19486.883,14774.686700000002
nantes,7,10000000,4718.7754,19493.475,14774.699599999998
nancy,7,10000000,5157.7373,19933.07,14775.332699999999
nantes,7,10000000,4724.6567,19499.336,14774.6793
lyon,7,10000000,4700.3765,19475.143,14774.7665
lyon,7,10000000,4706.2373,19480.998,14774.760699999999
lyon,7,10000000,4711.9834,19486.738,14774.7546
lyon,7,10000000,4718.333,19493.09,14774.757000000001
lyon,7,10000000,4723.512,19498.266,14774.754
nancy,7,10000000,4765.588,19540.355,14774.767
nancy,7,10000000,4769.503,19544.293,14774.79
nancy,7,10000000,4773.6597,19548.434,14774.774300000001
nancy,7,10000000,4777.547,19552.32,14774.773000000001
nancy,7,10000000,5161.6313,19936.963,14775.331699999999
nancy,7,10000000,4781.749,19556.512,14774.762999999999
rennes,7,10000000,4705.012,19479.46,14774.448
rennes,7,10000000,4709.461,19484.174,14774.713
rennes,7,10000000,4713.9795,19488.707,14774.727499999997
rennes,7,10000000,4718.824,19493.525,14774.701000000001
rennes,7,10000000,4723.613,19498.324,14774.711
nantes,7,10000000,4638.013,19412.695,14774.682
nantes,7,10000000,4643.9023,19418.55,14774.6477
nantes,7,10000000,4649.427,19424.098,14774.671000000002
nantes,7,10000000,4656.067,19430.723,14774.656000000003
nancy,7,10000000,5165.24,19940.543,14775.303000000002
nantes,7,10000000,4661.229,19435.9,14774.671000000002
lyon,7,10000000,4647.1704,19421.89,14774.7196
lyon,7,10000000,4653.0923,19427.885,14774.792699999998
lyon,7,10000000,4658.501,19433.25,14774.749
lyon,7,10000000,4664.968,19439.898,14774.93
lyon,7,10000000,4670.2393,19445.182,14774.9427
nancy,7,10000000,4671.024,19445.953,14774.929
nancy,7,10000000,4674.6763,19449.594,14774.917700000002
nancy,7,10000000,4678.505,19453.484,14774.979
nancy,7,10000000,4682.4556,19457.377,14774.9214
lyon,8,10000000,5116.2827,19313.05,14196.7673
nancy,8,10000000,5197.6255,19394.193,14196.5675
nancy,8,10000000,4839.3574,19036.0,14196.6426
nancy,8,10000000,5171.8574,19368.59,14196.7326
nancy,8,10000000,5175.788,19372.557,14196.769
nancy,8,10000000,5179.443,19376.168,14196.725000000002
nancy,8,10000000,5183.4004,19380.125,14196.7246
nancy,8,10000000,5187.249,19383.988,14196.739000000001
rennes,8,10000000,5038.3804,19234.389,14196.0086
rennes,8,10000000,5042.947,19238.998,14196.051
rennes,8,10000000,5047.1665,19243.156,14195.9895
rennes,8,10000000,5052.5176,19248.549,14196.0314
lyon,8,10000000,5122.3193,19318.318,14195.9987
rennes,8,10000000,5057.0874,19253.086,14195.998599999999
nantes,8,10000000,5035.563,19231.873,14196.31
nantes,8,10000000,5039.8657,19235.76,14195.894299999998
nantes,8,10000000,5047.126,19243.271,14196.145
nantes,8,10000000,5053.9424,19249.883,14195.940600000002
nantes,8,10000000,5059.3125,19255.234,14195.9215
rennes,8,10000000,5037.106,19233.074,14195.968
rennes,8,10000000,5041.7417,19237.738,14195.996300000003
rennes,8,10000000,5046.652,19242.623,14195.971
rennes,8,10000000,5051.4756,19247.463,14195.9874
lyon,8,10000000,5127.844,19323.795,14195.950999999997
rennes,8,10000000,5056.267,19252.266,14195.999
lyon,8,10000000,4985.1553,19181.037,14195.8817
lyon,8,10000000,4991.232,19187.15,14195.918000000001
lyon,8,10000000,4996.676,19192.621,14195.945
lyon,8,10000000,5002.9243,19198.87,14195.9457
lyon,8,10000000,5008.708,19204.59,14195.882000000001
nancy,8,10000000,5068.3647,19265.209,14196.844299999999
nancy,8,10000000,5072.002,19268.826,14196.824
nancy,8,10000000,5075.893,19272.74,14196.847000000002
nancy,8,10000000,5079.943,19276.744,14196.801
lyon,8,10000000,5134.2686,19330.217,14195.948400000001
nancy,8,10000000,5083.6484,19280.29,14196.6416
rennes,8,10000000,4990.849,19186.684,14195.835000000001
rennes,8,10000000,4995.5767,19191.4,14195.823300000002
rennes,8,10000000,5000.4604,19196.268,14195.8076
rennes,8,10000000,5005.653,19201.47,14195.817000000001
rennes,8,10000000,5010.1753,19205.982,14195.806700000001
rennes,8,10000000,4966.7627,19162.791,14196.028300000002
rennes,8,10000000,4971.6904,19167.703,14196.012600000002
rennes,8,10000000,4976.1963,19172.195,14195.9987
rennes,8,10000000,4981.041,19177.887,14196.845999999998
lyon,8,10000000,5139.6045,19335.635,14196.030499999997
rennes,8,10000000,4985.621,19181.61,14195.989000000001
nantes,8,10000000,4918.982,19115.08,14196.098000000002
nantes,8,10000000,4925.524,19121.549,14196.024999999998
nantes,8,10000000,4931.346,19127.328,14195.982000000002
nantes,8,10000000,4937.959,19133.934,14195.975000000002
nantes,8,10000000,4942.9062,19138.91,14196.003799999999
lyon,8,10000000,4895.137,19091.191,14196.054
lyon,8,10000000,4900.4536,19096.453,14195.9994
lyon,8,10000000,4905.952,19101.967,14196.015
lyon,8,10000000,4912.0444,19108.133,14196.088600000003
nancy,8,10000000,5182.3022,19378.834,14196.531799999999
lyon,8,10000000,4917.7383,19113.818,14196.079699999998
nantes,8,10000000,4905.5,19101.395,14195.895
nantes,8,10000000,4911.794,19107.678,14195.884
nantes,8,10000000,4917.3384,19113.271,14195.9326
nantes,8,10000000,4924.054,19119.951,14195.897
nantes,8,10000000,4929.1367,19125.031,14195.8943
nantes,8,10000000,4865.4243,19061.316,14195.8917
nantes,8,10000000,4871.476,19067.42,14195.944
nantes,8,10000000,4877.038,19073.018,14195.98
nantes,8,10000000,4883.589,19079.5,14195.911
nancy,8,10000000,5185.626,19382.13,14196.504
nantes,8,10000000,4889.325,19085.238,14195.913
lyon,8,10000000,4871.3145,19067.355,14196.0405
lyon,8,10000000,4876.9946,19073.049,14196.054399999999
lyon,8,10000000,4882.4497,19078.492,14196.042299999997
lyon,8,10000000,4888.797,19084.82,14196.023000000001
lyon,8,10000000,4894.6724,19090.7,14196.027600000001
nancy,8,10000000,4920.8584,19117.008,14196.1496
nancy,8,10000000,4924.791,19120.994,14196.202999999998
nancy,8,10000000,4928.9116,19125.164,14196.252400000001
nancy,8,10000000,4933.0107,19129.16,14196.149300000001
nancy,8,10000000,5189.9956,19386.523,14196.5274
nancy,8,10000000,4937.051,19133.312,14196.261000000002
rennes,8,10000000,4846.4785,19042.477,14195.998499999998
rennes,8,10000000,4850.829,19046.832,14196.002999999999
rennes,8,10000000,4856.115,19052.12,14196.005
rennes,8,10000000,4860.7773,19056.754,14195.976700000001
rennes,8,10000000,4865.585,19061.598,14196.013000000003
nantes,8,10000000,4773.677,18969.62,14195.943
nantes,8,10000000,4778.8057,18974.686,14195.8803
nantes,8,10000000,4785.899,18981.824,14195.925
nantes,8,10000000,4791.4375,18987.404,14195.966499999999
nancy,8,10000000,5193.787,19390.408,14196.621
nantes,8,10000000,4797.361,18993.254,14195.893
lyon,8,10000000,4773.223,18969.219,14195.996000000001
lyon,8,10000000,4779.3345,18975.355,14196.020499999999
lyon,8,10000000,4784.182,18980.162,14195.98
lyon,8,10000000,4791.129,18987.139,14196.009999999998
lyon,8,10000000,4796.432,18992.389,14195.956999999999
nancy,8,10000000,4823.8726,19020.516,14196.6434
nancy,8,10000000,4827.875,19024.576,14196.701000000001
nancy,8,10000000,4831.606,19028.299,14196.693
nancy,8,10000000,4835.3926,19032.043,14196.650400000002
lyon,9,10000000,5012.2144,18942.002,13929.7876
nancy,9,10000000,5093.1562,19023.025,13929.8688
nancy,9,10000000,4776.7417,18706.668,13929.926300000003
nancy,9,10000000,5048.458,18978.379,13929.921000000002
nancy,9,10000000,5051.8496,18981.775,13929.925400000002
nancy,9,10000000,5055.423,18985.352,13929.929
nancy,9,10000000,5059.231,18989.158,13929.927
nancy,9,10000000,5063.35,18993.285,13929.935
rennes,9,10000000,4981.293,18911.064,13929.770999999999
rennes,9,10000000,4985.8975,18915.707,13929.8095
rennes,9,10000000,4990.68,18920.445,13929.765
rennes,9,10000000,4995.3296,18925.1,13929.770399999998
lyon,9,10000000,5018.273,18948.107,13929.833999999999
rennes,9,10000000,5000.336,18930.838,13930.502
nantes,9,10000000,4935.031,18864.742,13929.711
nantes,9,10000000,4941.1836,18870.92,13929.736399999998
nantes,9,10000000,4946.5,18876.252,13929.752
nantes,9,10000000,4953.327,18883.01,13929.682999999997
nantes,9,10000000,4958.8716,18889.56,13930.688400000001
rennes,9,10000000,4971.375,18901.178,13929.803
rennes,9,10000000,4975.8535,18905.998,13930.144499999999
rennes,9,10000000,4980.857,18910.627,13929.77
rennes,9,10000000,4985.4014,18915.172,13929.7706
lyon,9,10000000,5023.7246,18953.479,13929.7544
rennes,9,10000000,4990.6636,18920.805,13930.1414
lyon,9,10000000,4886.653,18816.598,13929.945000000002
lyon,9,10000000,4892.425,18822.146,13929.721000000001
lyon,9,10000000,4898.0234,18827.768,13929.7446
lyon,9,10000000,4904.306,18834.033,13929.726999999999
lyon,9,10000000,4909.677,18840.402,13930.724999999999
nancy,9,10000000,4967.536,18897.33,13929.794000000002
nancy,9,10000000,4971.387,18901.186,13929.799000000003
nancy,9,10000000,4975.4863,18905.287,13929.8007
nancy,9,10000000,4979.1885,18908.998,13929.8095
lyon,9,10000000,5030.474,18960.28,13929.805999999999
nancy,9,10000000,4983.2607,18913.053,13929.792300000001
rennes,9,10000000,4899.539,18829.154,13929.614999999998
rennes,9,10000000,4903.9805,18833.61,13929.629500000001
rennes,9,10000000,4908.8457,18838.47,13929.624300000001
rennes,9,10000000,4913.4077,18843.03,13929.622299999999
rennes,9,10000000,4918.5356,18848.184,13929.648400000002
rennes,9,10000000,4869.37,18799.15,13929.780000000002
rennes,9,10000000,4874.0366,18803.748,13929.7114
rennes,9,10000000,4878.6953,18808.473,13929.777700000002
rennes,9,10000000,4883.7124,18813.416,13929.7036
lyon,9,10000000,5035.928,18965.604,13929.676
rennes,9,10000000,4888.432,18818.244,13929.811999999998
nantes,9,10000000,4811.6206,18741.467,13929.8464
nantes,9,10000000,4818.1963,18747.959,13929.7627
nantes,9,10000000,4823.3003,18753.463,13930.1627
nantes,9,10000000,4830.315,18760.043,13929.728000000003
nantes,9,10000000,4835.97,18766.154,13930.183999999997
lyon,9,10000000,4793.2188,18723.047,13929.8282
lyon,9,10000000,4799.1646,18728.988,13929.823400000001
lyon,9,10000000,4804.171,18733.998,13929.827
lyon,9,10000000,4810.4507,18740.334,13929.883299999998
nancy,9,10000000,5078.427,19008.307,13929.880000000001
lyon,9,10000000,4816.063,18746.18,13930.117
nantes,9,10000000,4792.2217,18722.209,13929.987299999999
nantes,9,10000000,4797.7305,18727.62,13929.8895
nantes,9,10000000,4804.112,18734.105,13929.992999999999
nantes,9,10000000,4809.128,18739.139,13930.010999999999
nantes,9,10000000,4815.1406,18745.084,13929.9434
nantes,9,10000000,4773.824,18703.738,13929.914
nantes,9,10000000,4779.9663,18709.918,13929.951700000001
nantes,9,10000000,4785.228,18715.11,13929.882000000001
nantes,9,10000000,4791.902,18721.771,13929.869
nancy,9,10000000,5082.0293,19011.924,13929.894699999999
nantes,9,10000000,4797.013,18726.908,13929.895
lyon,9,10000000,4771.769,18701.65,13929.881000000001
lyon,9,10000000,4777.5557,18707.814,13930.258299999998
lyon,9,10000000,4782.9946,18712.947,13929.9524
lyon,9,10000000,4789.8374,18719.834,13929.996599999999
lyon,9,10000000,4795.6133,18725.537,13929.9237
nancy,9,10000000,4844.8384,18774.867,13930.028599999998
nancy,9,10000000,4848.325,18778.406,13930.080999999998
nancy,9,10000000,4852.2173,18782.25,13930.0327
nancy,9,10000000,4856.0786,18786.135,13930.056399999998
nancy,9,10000000,5085.606,19015.504,13929.898000000001
nancy,9,10000000,4860.0786,18790.148,13930.0694
rennes,9,10000000,4726.686,18656.623,13929.937
rennes,9,10000000,4731.1763,18660.953,13929.776700000002
rennes,9,10000000,4735.6777,18665.588,13929.9103
rennes,9,10000000,4741.369,18671.102,13929.733
rennes,9,10000000,4745.8125,18675.54,13929.7275
nantes,9,10000000,4688.2007,18618.062,13929.8613
nantes,9,10000000,4694.955,18624.742,13929.786999999998
nantes,9,10000000,4700.3564,18630.17,13929.813599999998
nantes,9,10000000,4706.591,18636.47,13929.879
nancy,9,10000000,5089.5146,19019.402,13929.887399999998
nantes,9,10000000,4712.3125,18642.156,13929.843499999999
lyon,9,10000000,4699.1494,18629.03,13929.880599999999
lyon,9,10000000,4705.08,18634.96,13929.88
lyon,9,10000000,4710.036,18640.178,13930.142
lyon,9,10000000,4716.5615,18646.41,13929.8485
lyon,9,10000000,4721.8726,18651.775,13929.902400000003
nancy,9,10000000,4761.339,18691.242,13929.902999999998
nancy,9,10000000,4764.68,18694.611,13929.931
nancy,9,10000000,4768.971,18698.89,13929.919
nancy,9,10000000,4772.822,18702.73,13929.908
