cluster,run_index,msg_size,start,end,duration
rennes,0,10000,4774.7925,4775.032,0.23950000000058935
rennes,0,10000,4774.7925,4846.3535,71.5610000000006
rennes,0,10000,4774.2334,4774.379,0.1455999999998312
rennes,0,10000,4774.2334,4852.145,77.91160000000036
nantes,0,10000,4558.5337,4558.688,0.15430000000014843
nantes,0,10000,4558.5337,4633.9663,75.4326000000001
nantes,0,10000,4718.7827,4718.865,0.08230000000003201
nantes,0,10000,4718.7827,4792.6416,73.85890000000018
nantes,0,10000,4725.454,4725.554,0.1000000000003638
nantes,0,10000,4725.454,4802.838,77.38400000000001
nantes,0,10000,4730.344,4730.4253,0.08129999999982829
nantes,0,10000,4730.344,4809.1245,78.78049999999985
nantes,0,10000,4737.315,4737.4165,0.10150000000066939
nantes,0,10000,4737.315,4810.91,73.59500000000025
nantes,0,10000,4743.1616,4743.2437,0.08209999999962747
nantes,0,10000,4743.1616,4817.0312,73.86959999999999
rennes,0,10000,4734.2544,4734.3975,0.14310000000023138
rennes,0,10000,4734.2544,4810.7046,76.45020000000022
rennes,0,10000,4738.6523,4738.812,0.15970000000015716
rennes,0,10000,4738.6523,4814.9365,76.28420000000006
rennes,0,10000,4743.8174,4743.965,0.14760000000023865
rennes,0,10000,4743.8174,4817.7925,73.97509999999966
rennes,0,10000,4748.3447,4748.503,0.15830000000005384
rennes,0,10000,4748.3447,4818.6616,70.31690000000071
rennes,0,10000,4779.215,4779.3237,0.10869999999977153
rennes,0,10000,4779.215,4854.044,74.82899999999972
rennes,0,10000,4753.5215,4753.665,0.14350000000013097
rennes,0,10000,4753.5215,4826.425,72.90350000000035
nancy,0,10000,4815.427,4815.5786,0.15160000000014406
nancy,0,10000,4815.427,4902.257,86.82999999999993
nancy,0,10000,4819.164,4819.3164,0.15239999999994325
nancy,0,10000,4819.164,4901.456,82.29200000000037
nancy,0,10000,4823.2573,4823.408,0.1507000000001426
nancy,0,10000,4823.2573,4908.4775,85.22019999999975
nancy,0,10000,4827.298,4827.447,0.14900000000034197
nancy,0,10000,4827.298,4912.1035,84.8055000000004
nancy,0,10000,4831.2188,4831.37,0.15120000000024447
nancy,0,10000,4831.2188,4915.8936,84.67480000000069
rennes,0,10000,4720.848,4720.929,0.08100000000013097
rennes,0,10000,4720.848,4797.7812,76.9332000000004
rennes,0,10000,4725.6265,4725.7686,0.14210000000002765
rennes,0,10000,4725.6265,4803.466,77.83950000000004
rennes,0,10000,4730.8716,4730.95,0.07839999999941938
rennes,0,10000,4730.8716,4802.2188,71.34719999999925
rennes,0,10000,4735.7104,4735.8057,0.09529999999995198
rennes,0,10000,4735.7104,4806.9297,71.21929999999975
rennes,0,10000,4784.865,4785.0044,0.13940000000002328
rennes,0,10000,4784.865,4860.7188,75.85379999999986
rennes,0,10000,4740.888,4741.0024,0.11440000000038708
rennes,0,10000,4740.888,4813.8604,72.97239999999965
lyon,0,10000,4699.6255,4699.737,0.11149999999997817
lyon,0,10000,4699.6255,4777.9595,78.33399999999983
lyon,0,10000,4705.3833,4705.4893,0.10599999999976717
lyon,0,10000,4705.3833,4788.3726,82.98929999999928
lyon,0,10000,4710.844,4711.0015,0.15750000000025466
lyon,0,10000,4710.844,4794.2275,83.38349999999991
lyon,0,10000,4717.701,4717.835,0.13400000000001455
lyon,0,10000,4717.701,4794.1333,76.4323000000004
lyon,0,10000,4723.556,4723.661,0.10500000000047294
lyon,0,10000,4723.556,4808.6694,85.11340000000018
nantes,0,10000,4680.641,4680.736,0.09500000000025466
nantes,0,10000,4680.641,4752.629,71.98800000000028
nantes,0,10000,4686.5283,4686.641,0.11269999999967695
nantes,0,10000,4686.5283,4761.0737,74.54539999999997
nantes,0,10000,4692.0605,4692.2217,0.16120000000046275
nantes,0,10000,4692.0605,4771.078,79.01750000000084
nantes,0,10000,4698.68,4698.788,0.10799999999926513
nantes,0,10000,4698.68,4768.994,70.3139999999994
rennes,0,10000,4789.975,4790.1455,0.17049999999926513
rennes,0,10000,4789.975,4859.4253,69.45029999999952
nantes,0,10000,4704.456,4704.6084,0.15239999999994325
nantes,0,10000,4704.456,4782.2236,77.76760000000013
lyon,0,10000,4682.98,4683.079,0.09900000000016007
lyon,0,10000,4682.98,4766.185,83.20500000000084
lyon,0,10000,4688.3027,4688.416,0.11329999999998108
lyon,0,10000,4688.3027,4765.866,77.5632999999998
lyon,0,10000,4695.4424,4695.5376,0.09519999999974971
lyon,0,10000,4695.4424,4776.178,80.73559999999998
lyon,0,10000,4699.9175,4700.016,0.09850000000005821
lyon,0,10000,4699.9175,4783.166,83.2485000000006
nancy,0,10000,4774.9844,4775.1367,0.15229999999974098
nancy,0,10000,4774.9844,4856.139,81.15459999999985
nancy,0,10000,4778.709,4778.8633,0.15430000000014843
nancy,0,10000,4778.709,4859.808,81.09900000000016
nancy,0,10000,4782.622,4782.775,0.1529999999993379
nancy,0,10000,4782.622,4872.857,90.23499999999967
nancy,0,10000,4786.637,4786.797,0.15999999999985448
nancy,0,10000,4786.637,4876.9355,90.29849999999988
rennes,0,10000,4795.197,4795.3164,0.11939999999958673
rennes,0,10000,4795.197,4873.651,78.45399999999972
nancy,0,10000,4790.4424,4790.5957,0.1532999999999447
nancy,0,10000,4790.4424,4871.2656,80.82319999999982
lyon,0,10000,4647.832,4647.99,0.15799999999944703
lyon,0,10000,4647.832,4727.2075,79.3755000000001
lyon,0,10000,4652.3296,4652.4688,0.13919999999961874
lyon,0,10000,4652.3296,4728.726,76.39639999999963
rennes,0,10000,4754.4956,4754.654,0.1584000000002561
rennes,0,10000,4754.4956,4833.7207,79.22509999999966
nancy,0,10000,4735.191,4735.34,0.14900000000034197
nancy,0,10000,4735.191,4822.458,87.26699999999983
nancy,0,10000,4738.8154,4738.9644,0.14899999999943248
nancy,0,10000,4738.8154,4828.589,89.77359999999953
nancy,0,10000,4742.715,4742.8667,0.15169999999943684
nancy,0,10000,4742.715,4829.088,86.37299999999959
nancy,0,10000,4746.4653,4746.6265,0.16120000000046275
nancy,0,10000,4746.4653,4830.19,83.72469999999976
nancy,0,10000,4750.6353,4750.7935,0.15819999999985157
nancy,0,10000,4750.6353,4837.709,87.07369999999992
rennes,0,10000,4645.9004,4645.9785,0.07809999999972206
rennes,0,10000,4645.9004,4721.752,75.85159999999996
rennes,0,10000,4650.5586,4650.6494,0.0907999999999447
rennes,0,10000,4650.5586,4724.6406,74.08199999999943
rennes,0,10000,4656.028,4656.1025,0.07449999999971624
rennes,0,10000,4656.028,4725.211,69.18299999999999
rennes,0,10000,4660.882,4660.975,0.0930000000007567
rennes,0,10000,4660.882,4735.8237,74.94170000000031
rennes,0,10000,4759.2144,4759.383,0.16859999999996944
rennes,0,10000,4759.2144,4829.555,70.34060000000045
rennes,0,10000,4665.975,4666.0645,0.08950000000004366
rennes,0,10000,4665.975,4743.1816,77.20659999999953
nantes,0,10000,4597.983,4598.1177,0.13469999999961146
nantes,0,10000,4597.983,4676.7104,78.72739999999976
nantes,0,10000,4604.231,4604.33,0.09900000000016007
nantes,0,10000,4604.231,4682.337,78.10600000000068
nantes,0,10000,4609.5947,4609.7373,0.1426000000001295
nantes,0,10000,4609.5947,4683.787,74.19230000000061
nantes,0,10000,4615.938,4616.064,0.12600000000020373
nantes,0,10000,4615.938,4691.5806,75.64260000000013
nantes,0,10000,4621.3237,4621.448,0.12430000000040309
nantes,0,10000,4621.3237,4697.9976,76.67389999999978
nancy,0,10000,4676.431,4676.5195,0.08850000000074942
nancy,0,10000,4676.431,4759.456,83.02500000000055
nancy,0,10000,4680.2544,4680.3174,0.06300000000010186
nancy,0,10000,4680.2544,4767.236,86.98160000000007
nancy,0,10000,4684.085,4684.1416,0.056599999999889405
nancy,0,10000,4684.085,4765.2773,81.1922999999997
nancy,0,10000,4688.1226,4688.1855,0.06289999999989959
nancy,0,10000,4688.1226,4775.7646,87.64200000000073
rennes,0,10000,4764.3945,4764.54,0.14549999999962893
rennes,0,10000,4764.3945,4834.7876,70.39309999999932
nancy,0,10000,4691.9766,4692.041,0.06440000000020518
nancy,0,10000,4691.9766,4775.811,83.83439999999973
nantes,0,10000,4582.4517,4582.5547,0.10300000000006548
nantes,0,10000,4582.4517,4655.55,73.09830000000056
nantes,0,10000,4587.789,4588.0405,0.2515000000003056
nantes,0,10000,4587.789,4666.447,78.65800000000036
nantes,0,10000,4594.038,4594.1753,0.13730000000032305
nantes,0,10000,4594.038,4672.384,78.34600000000046
nantes,0,10000,4599.6665,4599.7944,0.12789999999949941
nantes,0,10000,4599.6665,4670.806,71.13949999999932
nantes,0,10000,4606.0327,4606.1333,0.10060000000066793
nantes,0,10000,4606.0327,4684.3994,78.36670000000049
lyon,0,10000,4571.4985,4571.6196,0.12110000000029686
lyon,0,10000,4571.4985,4648.2354,76.73689999999988
lyon,0,10000,4577.4272,4577.5586,0.13140000000021246
lyon,0,10000,4577.4272,4653.086,75.65880000000016
lyon,0,10000,4581.96,4582.16,0.1999999999998181
lyon,0,10000,4581.96,4659.973,78.01299999999992
lyon,0,10000,4589.601,4589.7246,0.12359999999989668
lyon,0,10000,4589.601,4668.4893,78.88830000000053
rennes,0,10000,4769.3594,4769.5156,0.15619999999944412
rennes,0,10000,4769.3594,4843.672,74.31259999999929
lyon,0,10000,4595.389,4595.5195,0.130500000000211
lyon,0,10000,4595.389,4672.741,77.35199999999986
nancy,0,10000,4671.145,4671.2964,0.15139999999973952
nancy,0,10000,4671.145,4752.122,80.97699999999986
nancy,0,10000,4674.754,4674.9077,0.1536999999998443
nancy,0,10000,4674.754,4763.0957,88.34169999999995
nancy,0,10000,4678.4595,4678.61,0.15049999999973807
nancy,0,10000,4678.4595,4762.449,83.98949999999968
nancy,0,10000,4682.4976,4682.648,0.1504000000004453
nancy,0,10000,4682.4976,4766.4155,83.91790000000037
nancy,0,10000,4686.3955,4686.5483,0.15280000000075233
nancy,0,10000,4686.3955,4775.443,89.04750000000058
nantes,0,10000,4533.96,4534.197,0.23700000000008004
nantes,0,10000,4533.96,4607.3403,73.3802999999998
nantes,0,10000,4540.3174,4540.4585,0.14109999999982392
nantes,0,10000,4540.3174,4615.1313,74.8139000000001
nantes,0,10000,4546.0776,4546.233,0.15540000000055443
nantes,0,10000,4546.0776,4622.2676,76.19000000000051
nantes,0,10000,4552.587,4552.726,0.1389999999992142
nantes,0,10000,4552.587,4623.9663,71.3792999999996
rennes,1,10000,4719.364,4719.519,0.15500000000065484
rennes,1,10000,4719.364,4790.08,70.71600000000035
rennes,1,10000,4733.2046,4733.287,0.08240000000023429
rennes,1,10000,4733.2046,4807.1753,73.97069999999985
nantes,1,10000,4422.713,4422.8735,0.16049999999995634
nantes,1,10000,4422.713,4491.9517,69.23869999999988
nantes,1,10000,4685.9434,4686.126,0.18260000000009313
nantes,1,10000,4685.9434,4761.6045,75.66110000000026
nantes,1,10000,4692.0034,4692.155,0.15160000000014406
nantes,1,10000,4692.0034,4771.7417,79.73829999999998
nantes,1,10000,4697.3574,4697.4985,0.14109999999982392
nantes,1,10000,4697.3574,4766.716,69.35860000000048
nantes,1,10000,4704.58,4704.7363,0.1562999999996464
nantes,1,10000,4704.58,4778.1494,73.56940000000031
nantes,1,10000,4710.3022,4710.453,0.15080000000034488
nantes,1,10000,4710.3022,4788.515,78.21280000000024
rennes,1,10000,4678.2935,4678.4614,0.16790000000037253
rennes,1,10000,4678.2935,4751.6997,73.40620000000035
rennes,1,10000,4682.9937,4683.1523,0.15859999999975116
rennes,1,10000,4682.9937,4760.749,77.7552999999998
rennes,1,10000,4687.877,4688.0273,0.15029999999933352
rennes,1,10000,4687.877,4759.4067,71.52969999999914
rennes,1,10000,4693.183,4693.3364,0.15340000000014697
rennes,1,10000,4693.183,4763.1187,69.9357
rennes,1,10000,4723.954,4724.1,0.14600000000064028
rennes,1,10000,4723.954,4804.2144,80.26040000000012
rennes,1,10000,4697.726,4697.888,0.16200000000026193
rennes,1,10000,4697.726,4769.5107,71.78470000000016
nancy,1,10000,4755.471,4755.6274,0.15640000000075815
nancy,1,10000,4755.471,4846.079,90.60800000000017
nancy,1,10000,4758.8057,4758.9595,0.15380000000004657
nancy,1,10000,4758.8057,4845.245,86.4393
nancy,1,10000,4763.1777,4763.337,0.15930000000025757
nancy,1,10000,4763.1777,4851.0522,87.8744999999999
nancy,1,10000,4766.881,4767.031,0.1499999999996362
nancy,1,10000,4766.881,4857.4956,90.61459999999988
nancy,1,10000,4770.8574,4771.0117,0.15430000000014843
nancy,1,10000,4770.8574,4858.4087,87.55130000000008
rennes,1,10000,4661.7705,4661.8696,0.09910000000036234
rennes,1,10000,4661.7705,4734.12,72.34950000000026
rennes,1,10000,4666.5244,4666.628,0.10359999999946012
rennes,1,10000,4666.5244,4737.1504,70.6260000000002
rennes,1,10000,4671.7085,4671.806,0.09749999999985448
rennes,1,10000,4671.7085,4751.858,80.14950000000044
rennes,1,10000,4676.3726,4676.4697,0.09709999999995489
rennes,1,10000,4676.3726,4752.769,76.39640000000054
rennes,1,10000,4728.5522,4728.695,0.14279999999962456
rennes,1,10000,4728.5522,4804.75,76.19779999999992
rennes,1,10000,4681.2183,4681.3174,0.09909999999945285
rennes,1,10000,4681.2183,4759.665,78.44669999999951
lyon,1,10000,4592.5728,4592.6655,0.09270000000014988
lyon,1,10000,4592.5728,4671.762,79.1891999999998
lyon,1,10000,4598.5566,4598.6353,0.0787000000000262
lyon,1,10000,4598.5566,4682.7354,84.17879999999968
lyon,1,10000,4603.7056,4603.7993,0.09369999999944412
lyon,1,10000,4603.7056,4684.083,80.3773999999994
lyon,1,10000,4610.097,4610.2114,0.11440000000038708
lyon,1,10000,4610.097,4686.083,75.98599999999988
lyon,1,10000,4615.6895,4615.846,0.15649999999914144
lyon,1,10000,4615.6895,4698.8228,83.13329999999951
nantes,1,10000,4575.5796,4575.666,0.0864000000001397
nantes,1,10000,4575.5796,4653.157,77.57740000000013
nantes,1,10000,4581.941,4582.0415,0.10050000000046566
nantes,1,10000,4581.941,4655.473,73.53200000000015
nantes,1,10000,4587.3325,4587.4136,0.08109999999942374
nantes,1,10000,4587.3325,4656.5664,69.23389999999927
nantes,1,10000,4594.47,4594.5728,0.10279999999966094
nantes,1,10000,4594.47,4666.0283,71.55829999999969
rennes,1,10000,4733.8965,4734.101,0.20449999999982538
rennes,1,10000,4733.8965,4808.272,74.3755000000001
nantes,1,10000,4600.9136,4601.022,0.10840000000007421
nantes,1,10000,4600.9136,4680.901,79.98739999999998
lyon,1,10000,4589.4014,4589.558,0.1566000000002532
lyon,1,10000,4589.4014,4672.5874,83.1860000000006
lyon,1,10000,4595.516,4595.656,0.14000000000032742
lyon,1,10000,4595.516,4676.0103,80.4943000000003
lyon,1,10000,4600.62,4600.7793,0.15930000000025757
lyon,1,10000,4600.62,4679.53,78.90999999999985
lyon,1,10000,4607.3184,4607.5356,0.21720000000004802
lyon,1,10000,4607.3184,4683.8,76.48160000000007
lyon,1,10000,4612.431,4612.645,0.2140000000008513
lyon,1,10000,4612.431,4690.475,78.04400000000078
nancy,1,10000,4654.346,4654.5186,0.17260000000078435
nancy,1,10000,4654.346,4745.962,91.6160000000009
nancy,1,10000,4657.839,4657.993,0.1540000000004511
nancy,1,10000,4657.839,4742.4824,84.64339999999993
nancy,1,10000,4661.923,4662.078,0.15500000000065484
nancy,1,10000,4661.923,4751.0547,89.13169999999991
nancy,1,10000,4665.7725,4665.9263,0.15380000000004657
nancy,1,10000,4665.7725,4749.986,84.21349999999984
rennes,1,10000,4738.225,4738.388,0.16299999999955617
rennes,1,10000,4738.225,4815.0957,76.87069999999949
nancy,1,10000,4669.9893,4670.1455,0.15619999999944412
nancy,1,10000,4669.9893,4760.553,90.5636999999997
lyon,1,10000,4536.7935,4536.879,0.08550000000013824
lyon,1,10000,4536.7935,4615.579,78.78549999999996
lyon,1,10000,4543.293,4543.3896,0.09660000000076252
lyon,1,10000,4543.293,4628.763,85.47000000000025
lyon,1,10000,4548.507,4548.587,0.08000000000083674
lyon,1,10000,4548.507,4633.6533,85.14630000000034
lyon,1,10000,4554.8237,4554.924,0.10030000000006112
lyon,1,10000,4554.8237,4630.41,75.58629999999994
lyon,1,10000,4560.666,4560.745,0.07899999999972351
lyon,1,10000,4560.666,4638.277,77.61099999999988
lyon,1,10000,4539.726,4539.9434,0.21740000000045256
lyon,1,10000,4539.726,4622.3057,82.57970000000023
lyon,1,10000,4546.386,4546.5327,0.1466999999993277
lyon,1,10000,4546.386,4624.9077,78.52169999999933
lyon,1,10000,4551.282,4551.443,0.1610000000000582
lyon,1,10000,4551.282,4632.36,81.07799999999952
lyon,1,10000,4558.311,4558.3867,0.07570000000032451
lyon,1,10000,4558.311,4643.978,85.66700000000037
rennes,1,10000,4714.3423,4714.4214,0.07909999999992579
rennes,1,10000,4714.3423,4791.217,76.8746999999994
lyon,1,10000,4563.1304,4563.2866,0.1562000000003536
lyon,1,10000,4563.1304,4645.4873,82.35689999999977
nancy,1,10000,4599.03,4599.18,0.1500000000005457
nancy,1,10000,4599.03,4680.312,81.28200000000015
nancy,1,10000,4602.8174,4602.972,0.15459999999984575
nancy,1,10000,4602.8174,4694.283,91.46560000000045
nancy,1,10000,4606.6787,4606.8315,0.15279999999984284
nancy,1,10000,4606.6787,4693.4604,86.78169999999955
nancy,1,10000,4610.5737,4610.728,0.15430000000014843
nancy,1,10000,4610.5737,4697.2754,86.70170000000053
nancy,1,10000,4614.5757,4614.73,0.15429999999923893
nancy,1,10000,4614.5757,4697.172,82.59629999999925
rennes,1,10000,4535.486,4535.561,0.0749999999998181
rennes,1,10000,4535.486,4611.6484,76.16240000000016
rennes,1,10000,4540.21,4540.3037,0.09370000000035361
rennes,1,10000,4540.21,4619.1855,78.97549999999956
rennes,1,10000,4545.079,4545.156,0.07700000000022555
rennes,1,10000,4545.079,4620.368,75.28900000000067
rennes,1,10000,4550.172,4550.269,0.09700000000066211
rennes,1,10000,4550.172,4621.4126,71.24060000000009
rennes,1,10000,4718.781,4718.8784,0.09739999999965221
rennes,1,10000,4718.781,4792.2104,73.42939999999999
rennes,1,10000,4555.0635,4555.1597,0.09619999999995343
rennes,1,10000,4555.0635,4632.6313,77.5677999999998
nantes,1,10000,4460.241,4460.397,0.15599999999994907
nantes,1,10000,4460.241,4530.647,70.40599999999995
nantes,1,10000,4464.9927,4465.147,0.15430000000014843
nantes,1,10000,4464.9927,4542.913,77.92029999999977
nantes,1,10000,4470.9175,4471.1353,0.21780000000035216
nantes,1,10000,4470.9175,4546.126,75.20850000000064
nantes,1,10000,4477.863,4478.025,0.16199999999935244
nantes,1,10000,4477.863,4549.8037,71.9407000000001
nantes,1,10000,4483.5894,4483.743,0.15360000000055152
nantes,1,10000,4483.5894,4557.417,73.82760000000053
nancy,1,10000,4575.468,4575.6216,0.15360000000055152
nancy,1,10000,4575.468,4657.664,82.19599999999991
nancy,1,10000,4579.0537,4579.2026,0.1488999999992302
nancy,1,10000,4579.0537,4667.749,88.6952999999994
nancy,1,10000,4582.9307,4583.0845,0.15380000000004657
nancy,1,10000,4582.9307,4667.5244,84.59370000000035
nancy,1,10000,4586.628,4586.8076,0.17960000000039145
nancy,1,10000,4586.628,4673.499,86.8710000000001
rennes,1,10000,4723.6035,4723.6807,0.0771999999997206
rennes,1,10000,4723.6035,4801.9263,78.32279999999992
nancy,1,10000,4590.6255,4590.7783,0.15279999999984284
nancy,1,10000,4590.6255,4673.3984,82.77289999999994
nantes,1,10000,4444.6606,4444.7446,0.08399999999983265
nantes,1,10000,4444.6606,4513.8604,69.19979999999941
nantes,1,10000,4450.916,4451.0312,0.11520000000018626
nantes,1,10000,4450.916,4526.6313,75.71529999999984
nantes,1,10000,4455.905,4455.988,0.08300000000053842
nantes,1,10000,4455.905,4528.978,73.07300000000032
nantes,1,10000,4462.5522,4462.6704,0.11819999999988795
nantes,1,10000,4462.5522,4537.6323,75.08010000000013
nantes,1,10000,4468.3003,4468.384,0.08370000000013533
nantes,1,10000,4468.3003,4540.9717,72.67140000000018
lyon,1,10000,4450.421,4450.509,0.08799999999973807
lyon,1,10000,4450.421,4535.8086,85.38760000000002
lyon,1,10000,4456.72,4456.801,0.08100000000013097
lyon,1,10000,4456.72,4543.0264,86.30639999999948
lyon,1,10000,4462.3853,4462.4614,0.0761000000002241
lyon,1,10000,4462.3853,4547.411,85.02570000000014
lyon,1,10000,4468.6875,4468.801,0.11350000000038563
lyon,1,10000,4468.6875,4554.863,86.17550000000028
rennes,1,10000,4728.4375,4728.5327,0.09519999999974971
rennes,1,10000,4728.4375,4802.6733,74.23580000000038
lyon,1,10000,4474.711,4474.7915,0.0805000000000291
lyon,1,10000,4474.711,4558.9087,84.19769999999971
nancy,1,10000,4523.793,4523.955,0.16200000000026193
nancy,1,10000,4523.793,4605.582,81.78900000000067
nancy,1,10000,4527.6245,4527.7866,0.1621000000004642
nancy,1,10000,4527.6245,4619.5967,91.97220000000016
nancy,1,10000,4531.6934,4531.8545,0.16110000000026048
nancy,1,10000,4531.6934,4617.3374,85.64400000000023
nancy,1,10000,4535.842,4536.005,0.16300000000046566
nancy,1,10000,4535.842,4624.5557,88.71370000000024
nancy,1,10000,4539.8296,4539.9927,0.16309999999975844
nancy,1,10000,4539.8296,4623.7773,83.94769999999971
nantes,1,10000,4398.9404,4399.14,0.1995999999999185
nantes,1,10000,4398.9404,4470.3037,71.36329999999998
nantes,1,10000,4404.4478,4404.5913,0.14350000000013097
nantes,1,10000,4404.4478,4482.027,77.57920000000013
nantes,1,10000,4410.238,4410.4033,0.16529999999966094
nantes,1,10000,4410.238,4480.5366,70.29860000000008
nantes,1,10000,4416.81,4416.977,0.16699999999946158
nantes,1,10000,4416.81,4487.146,70.33599999999933
rennes,2,10000,4664.2524,4664.4062,0.15380000000004657
rennes,2,10000,4664.2524,4741.965,77.71259999999984
rennes,2,10000,4664.6943,4664.7847,0.09040000000004511
rennes,2,10000,4664.6943,4735.9033,71.20899999999983
nantes,2,10000,4443.0747,4443.154,0.07930000000033033
nantes,2,10000,4443.0747,4514.2373,71.16259999999966
nantes,2,10000,4602.6636,4602.8096,0.1459999999997308
nantes,2,10000,4602.6636,4680.1104,77.44679999999971
nantes,2,10000,4609.1724,4609.395,0.22260000000005675
nantes,2,10000,4609.1724,4688.367,79.19459999999981
nantes,2,10000,4614.658,4614.8027,0.14469999999982974
nantes,2,10000,4614.658,4690.46,75.80199999999968
nantes,2,10000,4621.3794,4621.576,0.19660000000021682
nantes,2,10000,4621.3794,4694.8545,73.47510000000057
nantes,2,10000,4627.395,4627.612,0.21699999999964348
nantes,2,10000,4627.395,4702.208,74.81299999999919
rennes,2,10000,4613.756,4613.843,0.08699999999953434
rennes,2,10000,4613.756,4685.2407,71.48469999999998
rennes,2,10000,4618.2466,4618.341,0.09439999999995052
rennes,2,10000,4618.2466,4696.8677,78.62109999999939
rennes,2,10000,4623.025,4623.1064,0.08140000000003056
rennes,2,10000,4623.025,4695.437,72.41200000000026
rennes,2,10000,4628.0625,4628.1597,0.09720000000015716
rennes,2,10000,4628.0625,4697.878,69.8154999999997
rennes,2,10000,4668.5806,4668.7256,0.14499999999952706
rennes,2,10000,4668.5806,4739.76,71.17939999999999
rennes,2,10000,4632.7554,4632.8545,0.09910000000036234
rennes,2,10000,4632.7554,4708.9214,76.16600000000017
nancy,2,10000,4679.685,4679.907,0.22199999999975262
nancy,2,10000,4679.685,4767.199,87.51399999999921
nancy,2,10000,4683.4775,4683.63,0.15250000000014552
nancy,2,10000,4683.4775,4774.862,91.38450000000012
nancy,2,10000,4687.2515,4687.474,0.22249999999985448
nancy,2,10000,4687.2515,4775.601,88.34949999999935
nancy,2,10000,4691.0356,4691.1875,0.15189999999984138
nancy,2,10000,4691.0356,4772.154,81.11840000000029
nancy,2,10000,4695.076,4695.2295,0.15350000000034925
nancy,2,10000,4695.076,4782.7046,87.6286
rennes,2,10000,4620.886,4620.999,0.11299999999937427
rennes,2,10000,4620.886,4701.187,80.30099999999948
rennes,2,10000,4625.295,4625.4014,0.10639999999966676
rennes,2,10000,4625.295,4695.038,69.74299999999948
rennes,2,10000,4630.366,4630.473,0.1069999999999709
rennes,2,10000,4630.366,4705.4434,75.07740000000013
rennes,2,10000,4635.228,4635.3374,0.10940000000027794
rennes,2,10000,4635.228,4706.01,70.78200000000015
rennes,2,10000,4673.5767,4673.8125,0.23580000000038126
rennes,2,10000,4673.5767,4744.0254,70.44870000000083
rennes,2,10000,4639.9175,4640.0405,0.12300000000050204
rennes,2,10000,4639.9175,4709.434,69.51650000000063
lyon,2,10000,4570.2275,4570.3105,0.08299999999962893
lyon,2,10000,4570.2275,4645.764,75.53650000000016
lyon,2,10000,4576.001,4576.118,0.11700000000018917
lyon,2,10000,4576.001,4656.2524,80.2514000000001
lyon,2,10000,4581.1177,4581.2,0.08230000000003201
lyon,2,10000,4581.1177,4658.2583,77.14060000000063
lyon,2,10000,4587.625,4587.7964,0.17140000000017608
lyon,2,10000,4587.625,4666.001,78.3760000000002
lyon,2,10000,4592.9785,4593.057,0.07849999999962165
lyon,2,10000,4592.9785,4674.4653,81.48679999999968
nantes,2,10000,4545.379,4545.456,0.07700000000022555
nantes,2,10000,4545.379,4623.58,78.20100000000002
nantes,2,10000,4552.129,4552.23,0.10099999999965803
nantes,2,10000,4552.129,4631.493,79.36400000000049
nantes,2,10000,4557.1987,4557.297,0.09829999999965366
nantes,2,10000,4557.1987,4630.1265,72.92780000000039
nantes,2,10000,4563.7285,4563.826,0.09749999999985448
nantes,2,10000,4563.7285,4638.6094,74.88090000000011
rennes,2,10000,4678.31,4678.5483,0.23829999999998108
rennes,2,10000,4678.31,4757.706,79.39599999999973
nantes,2,10000,4569.2285,4569.308,0.07949999999982538
nantes,2,10000,4569.2285,4639.689,70.46050000000014
lyon,2,10000,4564.6455,4564.744,0.09850000000005821
lyon,2,10000,4564.6455,4647.709,83.0635000000002
lyon,2,10000,4571.02,4571.099,0.07899999999972351
lyon,2,10000,4571.02,4650.2905,79.27049999999963
lyon,2,10000,4576.093,4576.1914,0.09839999999985594
lyon,2,10000,4576.093,4654.421,78.32800000000043
lyon,2,10000,4582.145,4582.2314,0.0863999999992302
lyon,2,10000,4582.145,4661.321,79.17599999999948
lyon,2,10000,4587.6235,4587.7217,0.09820000000036089
lyon,2,10000,4587.6235,4673.9243,86.30079999999998
nancy,2,10000,4624.2153,4624.368,0.15270000000055006
nancy,2,10000,4624.2153,4709.004,84.78870000000006
nancy,2,10000,4628.1143,4628.2676,0.1532999999999447
nancy,2,10000,4628.1143,4719.1353,91.02099999999973
nancy,2,10000,4632.359,4632.51,0.15099999999983993
nancy,2,10000,4632.359,4722.737,90.3779999999997
nancy,2,10000,4636.591,4636.745,0.15399999999954161
nancy,2,10000,4636.591,4722.421,85.82999999999993
rennes,2,10000,4683.52,4683.6777,0.1576999999997497
rennes,2,10000,4683.52,4763.5327,80.01269999999931
nancy,2,10000,4640.844,4640.9946,0.15059999999994034
nancy,2,10000,4640.844,4729.5854,88.74139999999989
lyon,2,10000,4550.7075,4550.825,0.11749999999938154
lyon,2,10000,4550.7075,4628.5146,77.80709999999999
lyon,2,10000,4556.3643,4556.5083,0.14400000000023283
lyon,2,10000,4556.3643,4633.2427,76.8783999999996
lyon,2,10000,4561.6216,4561.7173,0.09569999999985157
lyon,2,10000,4561.6216,4641.7417,80.12009999999918
lyon,2,10000,4567.8325,4567.9097,0.0771999999997206
lyon,2,10000,4567.8325,4645.7896,77.95709999999963
lyon,2,10000,4573.3125,4573.407,0.0945000000001528
lyon,2,10000,4573.3125,4654.387,81.07449999999972
lyon,2,10000,4532.6753,4532.8276,0.15229999999974098
lyon,2,10000,4532.6753,4617.166,84.49070000000029
lyon,2,10000,4537.9316,4538.087,0.15540000000055443
lyon,2,10000,4537.9316,4620.4614,82.52980000000025
lyon,2,10000,4542.9873,4543.133,0.14570000000003347
lyon,2,10000,4542.9873,4625.1665,82.17920000000049
lyon,2,10000,4549.5645,4549.7197,0.1551999999992404
lyon,2,10000,4549.5645,4625.173,75.60849999999937
rennes,2,10000,4645.9,4645.987,0.08700000000044383
rennes,2,10000,4645.9,4715.2695,69.3695000000007
lyon,2,10000,4554.6187,4554.759,0.14030000000002474
lyon,2,10000,4554.6187,4634.7676,80.14890000000014
nancy,2,10000,4604.526,4604.68,0.1540000000004511
nancy,2,10000,4604.526,4686.3984,81.8724000000002
nancy,2,10000,4608.2603,4608.4087,0.14840000000003783
nancy,2,10000,4608.2603,4699.161,90.90070000000014
nancy,2,10000,4612.091,4612.2446,0.15359999999964202
nancy,2,10000,4612.091,4698.5073,86.41629999999986
nancy,2,10000,4616.335,4616.4893,0.15430000000014843
nancy,2,10000,4616.335,4706.5034,90.16839999999956
nancy,2,10000,4620.2417,4620.39,0.14830000000074506
nancy,2,10000,4620.2417,4711.4907,91.2490000000007
rennes,2,10000,4511.0635,4511.206,0.14249999999992724
rennes,2,10000,4511.0635,4586.1313,75.0677999999998
rennes,2,10000,4515.35,4515.496,0.1459999999997308
rennes,2,10000,4515.35,4585.151,69.80099999999948
rennes,2,10000,4519.9033,4520.1353,0.2319999999999709
rennes,2,10000,4519.9033,4598.5513,78.64800000000014
rennes,2,10000,4525.245,4525.4785,0.2335000000002765
rennes,2,10000,4525.245,4602.286,77.04100000000017
rennes,2,10000,4650.2446,4650.3335,0.08889999999973952
rennes,2,10000,4650.2446,4724.477,74.23239999999987
rennes,2,10000,4529.7407,4529.885,0.14429999999993015
rennes,2,10000,4529.7407,4607.3394,77.59869999999955
nantes,2,10000,4474.213,4474.356,0.1430000000000291
nantes,2,10000,4474.213,4548.113,73.90000000000055
nantes,2,10000,4479.8535,4479.9697,0.1161999999994805
nantes,2,10000,4479.8535,4552.708,72.85449999999946
nantes,2,10000,4486.177,4486.3105,0.1334999999999127
nantes,2,10000,4486.177,4556.997,70.82000000000062
nantes,2,10000,4492.376,4492.4736,0.09760000000005675
nantes,2,10000,4492.376,4572.367,79.99099999999999
nantes,2,10000,4498.458,4498.541,0.08300000000053842
nantes,2,10000,4498.458,4574.3022,75.84420000000046
nancy,2,10000,4562.384,4562.574,0.18999999999959982
nancy,2,10000,4562.384,4652.8965,90.51249999999982
nancy,2,10000,4566.045,4566.273,0.22800000000006548
nancy,2,10000,4566.045,4652.731,86.6859999999997
nancy,2,10000,4570.055,4570.2314,0.17639999999937572
nancy,2,10000,4570.055,4660.1777,90.1226999999999
nancy,2,10000,4573.75,4573.898,0.14800000000013824
nancy,2,10000,4573.75,4663.288,89.53799999999956
rennes,2,10000,4655.0874,4655.18,0.09259999999994761
rennes,2,10000,4655.0874,4734.473,79.38559999999961
nancy,2,10000,4577.6646,4577.894,0.2294000000001688
nancy,2,10000,4577.6646,4661.5947,83.93009999999958
nantes,2,10000,4448.5723,4448.761,0.18870000000060827
nantes,2,10000,4448.5723,4525.041,76.46870000000035
nantes,2,10000,4454.9253,4455.0903,0.16499999999996362
nantes,2,10000,4454.9253,4527.0845,72.15920000000006
nantes,2,10000,4460.074,4460.236,0.16200000000026193
nantes,2,10000,4460.074,4537.579,77.50500000000011
nantes,2,10000,4466.8105,4466.99,0.17950000000018917
nantes,2,10000,4466.8105,4540.6187,73.8082000000004
nantes,2,10000,4472.3813,4472.54,0.15869999999995343
nantes,2,10000,4472.3813,4544.4175,72.03619999999955
lyon,2,10000,4439.0596,4439.219,0.15940000000045984
lyon,2,10000,4439.0596,4520.8374,81.77780000000075
lyon,2,10000,4445.587,4445.7324,0.14539999999942665
lyon,2,10000,4445.587,4530.5874,85.0003999999999
lyon,2,10000,4450.407,4450.5723,0.16529999999966094
lyon,2,10000,4450.407,4533.921,83.51400000000012
lyon,2,10000,4457.193,4457.359,0.16600000000016735
lyon,2,10000,4457.193,4535.051,77.85800000000017
rennes,2,10000,4659.8115,4659.886,0.07450000000062573
rennes,2,10000,4659.8115,4736.7754,76.96390000000065
lyon,2,10000,4462.3496,4462.517,0.16740000000027067
lyon,2,10000,4462.3496,4541.5835,79.23390000000018
nancy,2,10000,4532.0254,4532.179,0.15359999999964202
nancy,2,10000,4532.0254,4617.796,85.77059999999983
nancy,2,10000,4535.8496,4535.9995,0.14990000000034343
nancy,2,10000,4535.8496,4617.81,81.96040000000085
nancy,2,10000,4540.9336,4541.0864,0.15279999999984284
nancy,2,10000,4540.9336,4625.487,84.55339999999978
nancy,2,10000,4545.055,4545.208,0.1529999999993379
nancy,2,10000,4545.055,4629.631,84.57600000000002
nancy,2,10000,4548.94,4549.143,0.20300000000042928
nancy,2,10000,4548.94,4631.2993,82.35930000000008
nantes,2,10000,4419.7397,4419.8228,0.0830999999998312
nantes,2,10000,4419.7397,4497.3574,77.61769999999979
nantes,2,10000,4425.5103,4425.6533,0.1430000000000291
nantes,2,10000,4425.5103,4502.2104,76.70010000000002
nantes,2,10000,4430.984,4431.0674,0.08339999999952852
nantes,2,10000,4430.984,4511.041,80.05699999999979
nantes,2,10000,4437.638,4437.784,0.1459999999997308
nantes,2,10000,4437.638,4517.6646,80.02660000000014
rennes,3,10000,4665.0264,4665.1035,0.07710000000042783
rennes,3,10000,4665.0264,4744.3154,79.28900000000067
rennes,3,10000,4673.672,4673.7925,0.12049999999999272
rennes,3,10000,4673.672,4748.1553,74.48330000000078
nantes,3,10000,4457.536,4457.6934,0.1574000000000524
nantes,3,10000,4457.536,4532.1665,74.63050000000021
nantes,3,10000,4622.8413,4623.063,0.2217000000000553
nantes,3,10000,4622.8413,4694.552,71.71069999999963
nantes,3,10000,4629.047,4629.268,0.22100000000045839
nantes,3,10000,4629.047,4699.54,70.4930000000004
nantes,3,10000,4634.4946,4634.6543,0.15970000000015716
nantes,3,10000,4634.4946,4708.5767,74.08209999999963
nantes,3,10000,4640.9424,4641.127,0.18460000000050059
nantes,3,10000,4640.9424,4712.0996,71.15719999999965
nantes,3,10000,4646.568,4646.752,0.18400000000019645
nantes,3,10000,4646.568,4725.6904,79.1224000000002
rennes,3,10000,4645.1167,4645.267,0.15030000000024302
rennes,3,10000,4645.1167,4717.3154,72.19870000000083
rennes,3,10000,4649.3525,4649.516,0.16349999999965803
rennes,3,10000,4649.3525,4718.1875,68.83500000000004
rennes,3,10000,4654.442,4654.547,0.10499999999956344
rennes,3,10000,4654.442,4728.955,74.51299999999992
rennes,3,10000,4659.0957,4659.244,0.14829999999983556
rennes,3,10000,4659.0957,4736.5986,77.50290000000041
rennes,3,10000,4669.36,4669.5205,0.16049999999995634
rennes,3,10000,4669.36,4742.9585,73.59850000000006
rennes,3,10000,4664.03,4664.168,0.13799999999991996
rennes,3,10000,4664.03,4740.604,76.57400000000052
nancy,3,10000,4699.6963,4699.7964,0.10010000000056607
nancy,3,10000,4699.6963,4785.465,85.76870000000054
nancy,3,10000,4703.099,4703.1997,0.10069999999996071
nancy,3,10000,4703.099,4786.9673,83.86830000000009
nancy,3,10000,4707.01,4707.1035,0.09349999999994907
nancy,3,10000,4707.01,4789.21,82.19999999999982
nancy,3,10000,4711.1885,4711.3125,0.12399999999979627
nancy,3,10000,4711.1885,4799.6074,88.41889999999967
nancy,3,10000,4715.202,4715.3013,0.09929999999985739
nancy,3,10000,4715.202,4797.5093,82.30729999999949
rennes,3,10000,4604.1797,4604.375,0.19530000000031578
rennes,3,10000,4604.1797,4676.3657,72.1860000000006
rennes,3,10000,4608.5767,4608.736,0.15930000000025757
rennes,3,10000,4608.5767,4681.351,72.77430000000004
rennes,3,10000,4613.5254,4613.6675,0.14209999999911815
rennes,3,10000,4613.5254,4688.764,75.23859999999968
rennes,3,10000,4618.1045,4618.271,0.16649999999935972
rennes,3,10000,4618.1045,4694.548,76.4434999999994
rennes,3,10000,4674.5767,4674.6616,0.0849000000007436
rennes,3,10000,4674.5767,4747.224,72.64730000000054
rennes,3,10000,4622.9326,4623.079,0.14639999999963038
rennes,3,10000,4622.9326,4699.6553,76.72270000000026
lyon,3,10000,4592.58,4592.6562,0.07620000000042637
lyon,3,10000,4592.58,4667.4917,74.91169999999966
lyon,3,10000,4598.753,4598.857,0.10400000000026921
lyon,3,10000,4598.753,4680.1636,81.41060000000016
lyon,3,10000,4603.453,4603.5337,0.08069999999952415
lyon,3,10000,4603.453,4683.5635,80.11049999999977
lyon,3,10000,4609.846,4609.9395,0.09350000000085856
lyon,3,10000,4609.846,4686.039,76.19300000000021
lyon,3,10000,4615.0146,4615.0894,0.07479999999941356
lyon,3,10000,4615.0146,4696.788,81.77339999999913
nantes,3,10000,4564.9165,4565.0,0.08349999999973079
nantes,3,10000,4564.9165,4643.7627,78.84619999999995
nantes,3,10000,4570.5527,4570.6353,0.08259999999972933
nantes,3,10000,4570.5527,4649.0874,78.53470000000016
nantes,3,10000,4575.819,4575.92,0.10099999999965803
nantes,3,10000,4575.819,4655.115,79.29599999999937
nantes,3,10000,4582.303,4582.3804,0.07740000000012515
nantes,3,10000,4582.303,4660.7207,78.41769999999997
rennes,3,10000,4679.31,4679.403,0.0929999999998472
rennes,3,10000,4679.31,4754.0806,74.77059999999983
nantes,3,10000,4587.8555,4587.9507,0.0952000000006592
nantes,3,10000,4587.8555,4658.9214,71.06590000000051
lyon,3,10000,4576.628,4576.709,0.08100000000013097
lyon,3,10000,4576.628,4654.0815,77.45350000000053
lyon,3,10000,4580.9497,4581.051,0.10130000000026484
lyon,3,10000,4580.9497,4656.58,75.6302999999998
lyon,3,10000,4586.465,4586.5513,0.08629999999993743
lyon,3,10000,4586.465,4666.4683,80.00330000000031
lyon,3,10000,4592.9775,4593.0635,0.0860000000002401
lyon,3,10000,4592.9775,4670.342,77.36449999999968
lyon,3,10000,4598.456,4598.5586,0.10260000000016589
lyon,3,10000,4598.456,4678.247,79.79100000000017
nancy,3,10000,4663.6562,4663.808,0.1517999999996391
nancy,3,10000,4663.6562,4752.724,89.0677999999998
nancy,3,10000,4667.2573,4667.4062,0.1489000000001397
nancy,3,10000,4667.2573,4757.009,89.7516999999998
nancy,3,10000,4671.448,4671.6016,0.15359999999964202
nancy,3,10000,4671.448,4760.1577,88.70969999999943
nancy,3,10000,4675.494,4675.648,0.1540000000004511
nancy,3,10000,4675.494,4762.813,87.31900000000041
rennes,3,10000,4684.4893,4684.569,0.07970000000022992
rennes,3,10000,4684.4893,4753.015,68.52570000000014
nancy,3,10000,4679.4604,4679.6177,0.15729999999985012
nancy,3,10000,4679.4604,4763.6055,84.14509999999973
lyon,3,10000,4546.4976,4546.6396,0.14200000000073487
lyon,3,10000,4546.4976,4622.4893,75.99170000000049
lyon,3,10000,4552.704,4552.871,0.16700000000037107
lyon,3,10000,4552.704,4632.3184,79.61440000000039
lyon,3,10000,4557.5366,4557.6924,0.15579999999954453
lyon,3,10000,4557.5366,4632.3193,74.78269999999975
lyon,3,10000,4563.9023,4564.058,0.15570000000025175
lyon,3,10000,4563.9023,4643.281,79.37870000000021
lyon,3,10000,4569.521,4569.6787,0.1577000000006592
lyon,3,10000,4569.521,4645.776,76.25500000000011
lyon,3,10000,4532.578,4532.734,0.15599999999994907
lyon,3,10000,4532.578,4617.2725,84.6944999999996
lyon,3,10000,4538.6987,4538.8384,0.1396999999997206
lyon,3,10000,4538.6987,4614.5537,75.85500000000047
lyon,3,10000,4543.995,4544.1475,0.15250000000014552
lyon,3,10000,4543.995,4623.152,79.15700000000015
lyon,3,10000,4550.6055,4550.7544,0.1489000000001397
lyon,3,10000,4550.6055,4633.5166,82.91110000000026
rennes,3,10000,4654.806,4654.8906,0.08460000000013679
rennes,3,10000,4654.806,4731.9033,77.09730000000036
lyon,3,10000,4555.9844,4556.1406,0.15619999999944412
lyon,3,10000,4555.9844,4639.8135,83.82909999999993
nancy,3,10000,4623.768,4623.9165,0.1485000000002401
nancy,3,10000,4623.768,4708.552,84.78399999999965
nancy,3,10000,4627.359,4627.5103,0.15129999999953725
nancy,3,10000,4627.359,4715.5166,88.15759999999955
nancy,3,10000,4631.288,4631.4395,0.1515000000008513
nancy,3,10000,4631.288,4720.9507,89.66270000000077
nancy,3,10000,4635.002,4635.155,0.1529999999993379
nancy,3,10000,4635.002,4717.0874,82.08539999999994
nancy,3,10000,4638.639,4638.793,0.15399999999954161
nancy,3,10000,4638.639,4723.0933,84.45430000000033
rennes,3,10000,4545.5986,4545.705,0.10639999999966676
rennes,3,10000,4545.5986,4620.5693,74.97069999999985
rennes,3,10000,4549.9766,4550.071,0.09439999999995052
rennes,3,10000,4549.9766,4624.8125,74.83590000000004
rennes,3,10000,4554.7056,4554.8687,0.16309999999975844
rennes,3,10000,4554.7056,4632.9824,78.27679999999964
rennes,3,10000,4559.7134,4559.7944,0.08100000000013097
rennes,3,10000,4559.7134,4635.6963,75.98289999999997
rennes,3,10000,4659.389,4659.5176,0.12860000000000582
rennes,3,10000,4659.389,4739.0396,79.65059999999994
rennes,3,10000,4564.407,4564.52,0.11300000000028376
rennes,3,10000,4564.407,4641.84,77.43299999999999
nantes,3,10000,4477.497,4477.721,0.22399999999925058
nantes,3,10000,4477.497,4549.7646,72.26760000000013
nantes,3,10000,4483.4653,4483.6245,0.1592000000000553
nantes,3,10000,4483.4653,4562.639,79.17370000000028
nantes,3,10000,4489.1973,4489.3384,0.14109999999982392
nantes,3,10000,4489.1973,4560.1387,70.94140000000061
nantes,3,10000,4496.207,4496.4272,0.2201999999997497
nantes,3,10000,4496.207,4573.5938,77.38679999999931
nantes,3,10000,4501.958,4502.104,0.14600000000064028
nantes,3,10000,4501.958,4580.191,78.23300000000017
nancy,3,10000,4570.47,4570.5728,0.10279999999966094
nancy,3,10000,4570.47,4653.426,82.95600000000013
nancy,3,10000,4574.2266,4574.3306,0.10400000000026921
nancy,3,10000,4574.2266,4661.5283,87.30169999999998
nancy,3,10000,4578.587,4578.6895,0.10249999999996362
nancy,3,10000,4578.587,4669.1904,90.60339999999997
nancy,3,10000,4582.348,4582.4927,0.14469999999982974
nancy,3,10000,4582.348,4670.182,87.83399999999983
rennes,3,10000,4664.6396,4664.766,0.12639999999919382
rennes,3,10000,4664.6396,4734.5073,69.86769999999979
nancy,3,10000,4586.536,4586.654,0.1180000000003929
nancy,3,10000,4586.536,4677.853,91.31700000000001
nantes,3,10000,4451.093,4451.2607,0.16769999999996799
nantes,3,10000,4451.093,4522.8633,71.77030000000013
nantes,3,10000,4457.192,4457.3325,0.14050000000042928
nantes,3,10000,4457.192,4536.1504,78.95840000000044
nantes,3,10000,4462.59,4462.76,0.17000000000007276
nantes,3,10000,4462.59,4537.6406,75.05059999999958
nantes,3,10000,4468.9224,4469.067,0.14459999999962747
nantes,3,10000,4468.9224,4538.135,69.21259999999984
nantes,3,10000,4474.5728,4474.7314,0.15859999999975116
nantes,3,10000,4474.5728,4543.132,68.55919999999969
lyon,3,10000,4465.505,4465.6167,0.11169999999947322
lyon,3,10000,4465.505,4543.812,78.30699999999979
lyon,3,10000,4471.0225,4471.123,0.10049999999955617
lyon,3,10000,4471.0225,4556.5366,85.51410000000033
lyon,3,10000,4476.286,4476.371,0.08500000000003638
lyon,3,10000,4476.286,4551.5493,75.26329999999962
lyon,3,10000,4482.7593,4482.8574,0.09810000000015862
lyon,3,10000,4482.7593,4557.808,75.04870000000028
rennes,3,10000,4668.702,4668.8076,0.10559999999986758
rennes,3,10000,4668.702,4747.074,78.37199999999939
lyon,3,10000,4487.913,4487.995,0.0820000000003347
lyon,3,10000,4487.913,4564.376,76.46300000000065
nancy,3,10000,4556.4585,4556.6377,0.17920000000049185
nancy,3,10000,4556.4585,4642.1733,85.71480000000065
nancy,3,10000,4560.443,4560.597,0.15399999999954161
nancy,3,10000,4560.443,4641.894,81.45100000000002
nancy,3,10000,4564.3857,4564.54,0.15430000000014843
nancy,3,10000,4564.3857,4644.968,80.58230000000003
nancy,3,10000,4568.273,4568.4233,0.15030000000024302
nancy,3,10000,4568.273,4656.836,88.5630000000001
nancy,3,10000,4572.237,4572.3887,0.15170000000034634
nancy,3,10000,4572.237,4659.751,87.51400000000012
nantes,3,10000,4433.7485,4433.905,0.15650000000005093
nantes,3,10000,4433.7485,4506.893,73.14450000000033
nantes,3,10000,4440.2407,4440.3813,0.14059999999972206
nantes,3,10000,4440.2407,4515.422,75.18129999999928
nantes,3,10000,4445.581,4445.735,0.15399999999954161
nantes,3,10000,4445.581,4518.7065,73.1255000000001
nantes,3,10000,4452.126,4452.2695,0.14350000000013097
nantes,3,10000,4452.126,4523.124,70.99799999999959
rennes,4,10000,4571.9746,4572.1245,0.14990000000034343
rennes,4,10000,4571.9746,4651.858,79.88340000000062
rennes,4,10000,4542.3047,4542.459,0.15430000000014843
rennes,4,10000,4542.3047,4617.911,75.60630000000037
nantes,4,10000,4410.926,4411.078,0.15200000000004366
nantes,4,10000,4410.926,4488.5073,77.58129999999983
nantes,4,10000,4488.9106,4488.9946,0.08399999999983265
nantes,4,10000,4488.9106,4565.2456,76.33500000000004
nantes,4,10000,4495.262,4495.3623,0.10030000000006112
nantes,4,10000,4495.262,4568.674,73.41200000000026
nantes,4,10000,4500.3706,4500.4546,0.08399999999983265
nantes,4,10000,4500.3706,4577.6943,77.32369999999992
nantes,4,10000,4507.166,4507.268,0.10199999999986176
nantes,4,10000,4507.166,4583.7974,76.63140000000021
nantes,4,10000,4512.58,4512.6655,0.08550000000013824
nantes,4,10000,4512.58,4586.779,74.19900000000052
rennes,4,10000,4522.4443,4522.549,0.10469999999986612
rennes,4,10000,4522.4443,4595.412,72.96770000000015
rennes,4,10000,4526.826,4526.904,0.07800000000042928
rennes,4,10000,4526.826,4604.221,77.39499999999953
rennes,4,10000,4532.158,4532.283,0.125
rennes,4,10000,4532.158,4601.2227,69.0646999999999
rennes,4,10000,4536.424,4536.499,0.0749999999998181
rennes,4,10000,4536.424,4609.0337,72.60969999999998
rennes,4,10000,4576.587,4576.716,0.1289999999999054
rennes,4,10000,4576.587,4646.1245,69.53749999999945
rennes,4,10000,4541.3125,4541.4185,0.10599999999976717
rennes,4,10000,4541.3125,4619.183,77.87049999999999
nancy,4,10000,4576.2407,4576.299,0.058299999999690044
nancy,4,10000,4576.2407,4666.2305,89.98979999999938
nancy,4,10000,4580.1646,4580.225,0.06040000000029977
nancy,4,10000,4580.1646,4670.8574,90.6927999999998
nancy,4,10000,4584.2397,4584.298,0.058299999999690044
nancy,4,10000,4584.2397,4668.1904,83.95070000000032
nancy,4,10000,4588.2817,4588.343,0.061300000000301225
nancy,4,10000,4588.2817,4669.486,81.20430000000033
nancy,4,10000,4592.361,4592.4185,0.05749999999989086
nancy,4,10000,4592.361,4683.6562,91.29520000000048
rennes,4,10000,4485.0234,4485.1167,0.09329999999954453
rennes,4,10000,4485.0234,4559.2954,74.27199999999993
rennes,4,10000,4489.743,4489.819,0.07600000000002183
rennes,4,10000,4489.743,4561.6636,71.92059999999947
rennes,4,10000,4494.293,4494.386,0.0930000000007567
rennes,4,10000,4494.293,4563.846,69.55299999999988
rennes,4,10000,4499.4336,4499.5166,0.08299999999962893
rennes,4,10000,4499.4336,4576.2227,76.78909999999996
rennes,4,10000,4581.741,4581.8813,0.14030000000002474
rennes,4,10000,4581.741,4655.2026,73.46159999999963
rennes,4,10000,4504.241,4504.3384,0.09739999999965221
rennes,4,10000,4504.241,4576.0703,71.82930000000033
lyon,4,10000,4482.199,4482.39,0.19100000000071304
lyon,4,10000,4482.199,4561.2114,79.01240000000053
lyon,4,10000,4486.538,4486.694,0.15600000000085856
lyon,4,10000,4486.538,4566.396,79.85800000000017
lyon,4,10000,4492.5425,4492.6997,0.15720000000055734
lyon,4,10000,4492.5425,4573.5586,81.01610000000073
lyon,4,10000,4498.9604,4499.1035,0.14310000000023138
lyon,4,10000,4498.9604,4574.764,75.80360000000019
lyon,4,10000,4504.6436,4504.8027,0.15909999999985303
lyon,4,10000,4504.6436,4582.4087,77.76509999999962
nantes,4,10000,4469.5874,4469.738,0.15059999999994034
nantes,4,10000,4469.5874,4543.492,73.90459999999985
nantes,4,10000,4475.4556,4475.602,0.14639999999963038
nantes,4,10000,4475.4556,4551.5073,76.05169999999998
nantes,4,10000,4481.025,4481.1685,0.14350000000013097
nantes,4,10000,4481.025,4554.0186,72.9936000000007
nantes,4,10000,4487.8057,4487.9453,0.13960000000042783
nantes,4,10000,4487.8057,4564.955,77.14930000000004
rennes,4,10000,4586.594,4586.738,0.14400000000023283
rennes,4,10000,4586.594,4661.627,75.03300000000036
nantes,4,10000,4493.5376,4493.6895,0.15190000000075088
nantes,4,10000,4493.5376,4566.2573,72.71970000000056
lyon,4,10000,4489.5254,4489.7104,0.18499999999949068
lyon,4,10000,4489.5254,4572.851,83.32559999999921
lyon,4,10000,4495.665,4495.797,0.1319999999996071
lyon,4,10000,4495.665,4577.122,81.45700000000033
lyon,4,10000,4500.6265,4500.7593,0.13279999999940628
lyon,4,10000,4500.6265,4580.873,80.24649999999929
lyon,4,10000,4506.725,4506.8633,0.13829999999961728
lyon,4,10000,4506.725,4588.206,81.48099999999977
lyon,4,10000,4512.057,4512.202,0.14500000000043656
lyon,4,10000,4512.057,4598.0635,86.00650000000041
nancy,4,10000,4508.7964,4508.9937,0.19729999999981374
nancy,4,10000,4508.7964,4592.292,83.4956000000002
nancy,4,10000,4512.4814,4512.635,0.15360000000055152
nancy,4,10000,4512.4814,4603.511,91.02960000000076
nancy,4,10000,4516.2563,4516.4126,0.1562999999996464
nancy,4,10000,4516.2563,4603.2993,87.04299999999967
nancy,4,10000,4520.1045,4520.264,0.15949999999975262
nancy,4,10000,4520.1045,4603.753,83.64849999999933
rennes,4,10000,4591.4746,4591.6147,0.1401000000005297
rennes,4,10000,4591.4746,4669.9014,78.42680000000018
nancy,4,10000,4524.162,4524.3135,0.1514999999999418
nancy,4,10000,4524.162,4615.138,90.97599999999966
lyon,4,10000,4397.5806,4397.726,0.14539999999942665
lyon,4,10000,4397.5806,4483.1006,85.51999999999953
lyon,4,10000,4403.529,4403.7686,0.23959999999988213
lyon,4,10000,4403.529,4486.1733,82.64429999999993
lyon,4,10000,4408.39,4408.538,0.14799999999922875
lyon,4,10000,4408.39,4493.01,84.61999999999989
lyon,4,10000,4415.1406,4415.3013,0.1607000000003609
lyon,4,10000,4415.1406,4495.1294,79.98880000000008
lyon,4,10000,4420.5034,4420.652,0.14860000000044238
lyon,4,10000,4420.5034,4499.778,79.27460000000065
lyon,4,10000,4405.266,4405.4165,0.15050000000064756
lyon,4,10000,4405.266,4482.495,77.22900000000027
lyon,4,10000,4411.1606,4411.3213,0.1606999999994514
lyon,4,10000,4411.1606,4488.553,77.39239999999972
lyon,4,10000,4416.547,4416.6865,0.13950000000022555
lyon,4,10000,4416.547,4500.537,83.99000000000069
lyon,4,10000,4422.951,4423.113,0.16200000000026193
lyon,4,10000,4422.951,4508.432,85.48099999999977
rennes,4,10000,4523.4785,4523.607,0.12849999999980355
rennes,4,10000,4523.4785,4599.5483,76.06980000000021
lyon,4,10000,4428.386,4428.571,0.18499999999949068
lyon,4,10000,4428.386,4509.382,80.99599999999919
nancy,4,10000,4488.9824,4489.133,0.15059999999994034
nancy,4,10000,4488.9824,4578.0312,89.04880000000048
nancy,4,10000,4492.634,4492.7866,0.1526000000003478
nancy,4,10000,4492.634,4582.9844,90.35040000000026
nancy,4,10000,4496.238,4496.39,0.15200000000004366
nancy,4,10000,4496.238,4580.214,83.97599999999966
nancy,4,10000,4500.3306,4500.4834,0.15279999999984284
nancy,4,10000,4500.3306,4591.6167,91.28609999999935
nancy,4,10000,4504.1885,4504.3413,0.15279999999984284
nancy,4,10000,4504.1885,4595.7134,91.52489999999943
rennes,4,10000,4427.068,4427.2344,0.16640000000006694
rennes,4,10000,4427.068,4506.0605,78.99249999999938
rennes,4,10000,4432.183,4432.366,0.18299999999999272
rennes,4,10000,4432.183,4505.7715,73.58849999999984
rennes,4,10000,4436.6934,4436.913,0.21959999999944557
rennes,4,10000,4436.6934,4507.065,70.37159999999949
rennes,4,10000,4441.5493,4441.731,0.18170000000009168
rennes,4,10000,4441.5493,4510.963,69.41370000000006
rennes,4,10000,4527.965,4528.097,0.1319999999996071
rennes,4,10000,4527.965,4604.1504,76.1854000000003
rennes,4,10000,4446.1577,4446.35,0.1923000000006141
rennes,4,10000,4446.1577,4516.197,70.03930000000037
nantes,4,10000,4390.5806,4390.729,0.14840000000003783
nantes,4,10000,4390.5806,4468.461,77.88040000000001
nantes,4,10000,4395.992,4396.13,0.13799999999991996
nantes,4,10000,4395.992,4471.2476,75.2555999999995
nantes,4,10000,4403.0376,4403.1953,0.1577000000006592
nantes,4,10000,4403.0376,4472.186,69.14840000000004
nantes,4,10000,4408.8467,4408.985,0.13829999999961728
nantes,4,10000,4408.8467,4479.131,70.28430000000026
nantes,4,10000,4414.635,4414.7754,0.140400000000227
nantes,4,10000,4414.635,4489.965,75.32999999999993
nancy,4,10000,4488.6763,4488.8296,0.1532999999999447
nancy,4,10000,4488.6763,4579.437,90.76069999999982
nancy,4,10000,4492.434,4492.586,0.15200000000004366
nancy,4,10000,4492.434,4582.827,90.39300000000003
nancy,4,10000,4496.5386,4496.6987,0.16010000000005675
nancy,4,10000,4496.5386,4582.8604,86.32179999999971
nancy,4,10000,4500.6494,4500.8037,0.15430000000014843
nancy,4,10000,4500.6494,4588.227,87.57759999999962
rennes,4,10000,4532.3574,4532.489,0.1315999999997075
rennes,4,10000,4532.3574,4602.617,70.25960000000032
nancy,4,10000,4504.5894,4504.7393,0.14990000000034343
nancy,4,10000,4504.5894,4592.938,88.34860000000026
nantes,4,10000,4386.3096,4386.395,0.08540000000084547
nantes,4,10000,4386.3096,4457.184,70.8744000000006
nantes,4,10000,4392.44,4392.5586,0.11860000000069704
nantes,4,10000,4392.44,4470.6543,78.21430000000055
nantes,4,10000,4398.2437,4398.3467,0.10300000000006548
nantes,4,10000,4398.2437,4474.1597,75.91600000000017
nantes,4,10000,4404.8384,4404.9575,0.1191000000007989
nantes,4,10000,4404.8384,4475.3813,70.54290000000037
nantes,4,10000,4410.8887,4410.971,0.08229999999912252
nantes,4,10000,4410.8887,4482.6807,71.79199999999946
lyon,4,10000,4392.8086,4392.9043,0.09569999999985157
lyon,4,10000,4392.8086,4473.653,80.84439999999995
lyon,4,10000,4398.787,4398.883,0.09599999999954889
lyon,4,10000,4398.787,4475.316,76.52899999999954
lyon,4,10000,4403.854,4403.935,0.08100000000013097
lyon,4,10000,4403.854,4482.92,79.0659999999998
lyon,4,10000,4410.6675,4410.765,0.09750000000076398
lyon,4,10000,4410.6675,4493.6143,82.94680000000062
rennes,4,10000,4537.7295,4537.8926,0.16309999999975844
rennes,4,10000,4537.7295,4609.9004,72.17090000000007
lyon,4,10000,4416.271,4416.354,0.08300000000053842
lyon,4,10000,4416.271,4492.717,76.44599999999991
nancy,4,10000,4483.305,4483.458,0.1529999999993379
nancy,4,10000,4483.305,4569.1216,85.81660000000011
nancy,4,10000,4486.7803,4486.9375,0.15719999999964784
nancy,4,10000,4486.7803,4573.69,86.90969999999925
nancy,4,10000,4490.47,4490.625,0.15499999999974534
nancy,4,10000,4490.47,4571.9126,81.4425999999994
nancy,4,10000,4494.4604,4494.612,0.15160000000014406
nancy,4,10000,4494.4604,4584.0664,89.60599999999977
nancy,4,10000,4498.0845,4498.237,0.15250000000014552
nancy,4,10000,4498.0845,4580.6533,82.56880000000001
nantes,4,10000,4387.428,4387.53,0.10199999999986176
nantes,4,10000,4387.428,4461.571,74.14300000000003
nantes,4,10000,4393.1255,4393.241,0.11549999999988358
nantes,4,10000,4393.1255,4464.5435,71.41799999999967
nantes,4,10000,4398.7207,4398.8228,0.10210000000006403
nantes,4,10000,4398.7207,4469.8945,71.17380000000048
nantes,4,10000,4405.3267,4405.4077,0.08100000000013097
nantes,4,10000,4405.3267,4475.491,70.16430000000037
rennes,5,10000,4659.9634,4660.1567,0.19329999999990832
rennes,5,10000,4659.9634,4740.58,80.61660000000029
rennes,5,10000,4674.472,4674.62,0.14800000000013824
rennes,5,10000,4674.472,4746.825,72.35300000000007
nantes,5,10000,4367.007,4367.0864,0.0794000000005326
nantes,5,10000,4367.007,4436.8965,69.88950000000023
nantes,5,10000,4607.8047,4607.8965,0.09180000000014843
nantes,5,10000,4607.8047,4684.9966,77.19190000000071
nantes,5,10000,4613.7485,4613.8936,0.14510000000063883
nantes,5,10000,4613.7485,4685.5215,71.77300000000014
nantes,5,10000,4619.2554,4619.4155,0.16010000000005675
nantes,5,10000,4619.2554,4688.086,68.83060000000023
nantes,5,10000,4626.0566,4626.195,0.13839999999981956
nantes,5,10000,4626.0566,4707.093,81.03639999999996
nantes,5,10000,4631.628,4631.7964,0.1684000000004744
nantes,5,10000,4631.628,4702.512,70.88400000000001
rennes,5,10000,4613.7,4613.8433,0.14330000000063592
rennes,5,10000,4613.7,4690.655,76.95499999999993
rennes,5,10000,4618.2573,4618.4146,0.15729999999985012
rennes,5,10000,4618.2573,4698.994,80.73669999999947
rennes,5,10000,4622.8716,4623.0195,0.14789999999993597
rennes,5,10000,4622.8716,4698.893,76.02139999999963
rennes,5,10000,4628.04,4628.1978,0.15779999999995198
rennes,5,10000,4628.04,4704.038,75.99799999999959
rennes,5,10000,4664.4395,4664.598,0.1584999999995489
rennes,5,10000,4664.4395,4738.1294,73.6898999999994
rennes,5,10000,4632.7446,4632.9033,0.15869999999995343
rennes,5,10000,4632.7446,4710.221,77.47639999999956
nancy,5,10000,4703.2466,4703.3994,0.15279999999984284
nancy,5,10000,4703.2466,4792.2686,89.02199999999993
nancy,5,10000,4707.05,4707.2017,0.15169999999943684
nancy,5,10000,4707.05,4791.798,84.74799999999959
nancy,5,10000,4710.8916,4711.0444,0.15279999999984284
nancy,5,10000,4710.8916,4799.103,88.21140000000014
nancy,5,10000,4714.7,4714.8496,0.1495999999997366
nancy,5,10000,4714.7,4797.9487,83.2487000000001
nancy,5,10000,4718.698,4718.8506,0.1525999999994383
nancy,5,10000,4718.698,4799.359,80.66100000000006
rennes,5,10000,4600.7593,4600.8555,0.09619999999995343
rennes,5,10000,4600.7593,4678.7114,77.95210000000043
rennes,5,10000,4605.079,4605.161,0.0820000000003347
rennes,5,10000,4605.079,4676.9814,71.90239999999994
rennes,5,10000,4609.8174,4609.913,0.0955999999996493
rennes,5,10000,4609.8174,4689.6274,79.8100000000004
rennes,5,10000,4614.808,4614.888,0.07999999999992724
rennes,5,10000,4614.808,4684.037,69.22900000000027
rennes,5,10000,4669.1797,4669.322,0.1423000000004322
rennes,5,10000,4669.1797,4747.784,78.60429999999997
rennes,5,10000,4619.2954,4619.375,0.07960000000002765
rennes,5,10000,4619.2954,4694.32,75.02459999999974
lyon,5,10000,4582.5103,4582.649,0.13870000000042637
lyon,5,10000,4582.5103,4665.122,82.61170000000038
lyon,5,10000,4588.9526,4589.1094,0.15680000000065775
lyon,5,10000,4588.9526,4670.1943,81.24170000000049
lyon,5,10000,4594.075,4594.2188,0.1437999999998283
lyon,5,10000,4594.075,4681.214,87.13900000000012
lyon,5,10000,4600.799,4600.953,0.1540000000004511
lyon,5,10000,4600.799,4683.279,82.48000000000047
lyon,5,10000,4605.941,4606.0864,0.14540000000033615
lyon,5,10000,4605.941,4682.0356,76.09460000000036
nantes,5,10000,4505.9185,4506.1484,0.22990000000027067
nantes,5,10000,4505.9185,4579.0674,73.14890000000014
nantes,5,10000,4511.9854,4512.1274,0.14200000000073487
nantes,5,10000,4511.9854,4591.819,79.83360000000084
nantes,5,10000,4517.5386,4517.697,0.1584000000002561
nantes,5,10000,4517.5386,4597.535,79.9964
nantes,5,10000,4524.058,4524.2026,0.14459999999962747
nantes,5,10000,4524.058,4593.676,69.6180000000004
rennes,5,10000,4674.0723,4674.2134,0.14109999999982392
rennes,5,10000,4674.0723,4744.4146,70.34230000000025
nantes,5,10000,4529.007,4529.163,0.15599999999994907
nantes,5,10000,4529.007,4607.8765,78.8695000000007
lyon,5,10000,4519.2363,4519.351,0.1147000000000844
lyon,5,10000,4519.2363,4598.627,79.39070000000083
lyon,5,10000,4525.406,4525.5205,0.11449999999967986
lyon,5,10000,4525.406,4606.6587,81.2527
lyon,5,10000,4530.5205,4530.617,0.09650000000056025
lyon,5,10000,4530.5205,4613.4365,82.91600000000017
lyon,5,10000,4536.581,4536.6646,0.08359999999993306
lyon,5,10000,4536.581,4621.2173,84.63630000000012
lyon,5,10000,4542.171,4542.2676,0.09659999999985303
lyon,5,10000,4542.171,4621.329,79.15799999999945
nancy,5,10000,4621.5923,4621.7427,0.1503999999995358
nancy,5,10000,4621.5923,4704.64,83.04770000000008
nancy,5,10000,4625.2417,4625.395,0.1533000000008542
nancy,5,10000,4625.2417,4715.394,90.15230000000065
nancy,5,10000,4629.1914,4629.3433,0.15190000000075088
nancy,5,10000,4629.1914,4721.9834,92.79200000000037
nancy,5,10000,4632.9644,4633.117,0.1526000000003478
nancy,5,10000,4632.9644,4716.012,83.04759999999987
rennes,5,10000,4678.768,4678.9253,0.15729999999985012
rennes,5,10000,4678.768,4758.8477,80.07970000000023
nancy,5,10000,4636.7075,4636.8643,0.15679999999974825
nancy,5,10000,4636.7075,4726.2817,89.57419999999911
lyon,5,10000,4504.733,4504.813,0.07999999999992724
lyon,5,10000,4504.733,4583.0825,78.34950000000026
lyon,5,10000,4509.6016,4509.701,0.09940000000005966
lyon,5,10000,4509.6016,4590.133,80.53139999999985
lyon,5,10000,4516.076,4516.153,0.07700000000022555
lyon,5,10000,4516.076,4591.34,75.26400000000012
lyon,5,10000,4521.3594,4521.4604,0.10099999999965803
lyon,5,10000,4521.3594,4604.0527,82.69329999999991
lyon,5,10000,4527.304,4527.4033,0.09929999999985739
lyon,5,10000,4527.304,4613.0107,85.70669999999973
lyon,5,10000,4511.1733,4511.3516,0.1782999999995809
lyon,5,10000,4511.1733,4596.026,84.85269999999946
lyon,5,10000,4517.2476,4517.404,0.15640000000075815
lyon,5,10000,4517.2476,4599.4014,82.15380000000005
lyon,5,10000,4522.544,4522.6826,0.1386000000002241
lyon,5,10000,4522.544,4607.8916,85.34760000000006
lyon,5,10000,4528.948,4529.103,0.15499999999974534
lyon,5,10000,4528.948,4616.425,87.47699999999986
rennes,5,10000,4655.292,4655.4746,0.18259999999918364
rennes,5,10000,4655.292,4730.706,75.41399999999976
lyon,5,10000,4534.3325,4534.473,0.1404999999995198
lyon,5,10000,4534.3325,4609.848,75.51549999999952
nancy,5,10000,4578.217,4578.3706,0.15360000000055152
nancy,5,10000,4578.217,4662.2417,84.02469999999994
nancy,5,10000,4581.9517,4582.1104,0.15869999999995343
nancy,5,10000,4581.9517,4667.83,85.87830000000031
nancy,5,10000,4585.913,4586.071,0.15800000000035652
nancy,5,10000,4585.913,4669.9707,84.0577000000003
nancy,5,10000,4589.599,4589.759,0.15999999999985448
nancy,5,10000,4589.599,4676.6836,87.08460000000014
nancy,5,10000,4593.6704,4593.8286,0.15819999999985157
nancy,5,10000,4593.6704,4675.609,81.9386000000004
rennes,5,10000,4485.541,4485.7163,0.17529999999987922
rennes,5,10000,4485.541,4554.372,68.83100000000013
rennes,5,10000,4490.0483,4490.1943,0.1459999999997308
rennes,5,10000,4490.0483,4560.8667,70.8183999999992
rennes,5,10000,4494.687,4494.8774,0.1904000000004089
rennes,5,10000,4494.687,4569.9624,75.27540000000045
rennes,5,10000,4499.759,4499.9194,0.16039999999975407
rennes,5,10000,4499.759,4573.708,73.94899999999961
rennes,5,10000,4660.083,4660.195,0.11200000000008004
rennes,5,10000,4660.083,4741.122,81.03900000000067
rennes,5,10000,4504.52,4504.719,0.19899999999961437
rennes,5,10000,4504.52,4584.7246,80.20459999999912
nantes,5,10000,4428.453,4428.577,0.12399999999979627
nantes,5,10000,4428.453,4499.4224,70.96939999999995
nantes,5,10000,4434.846,4434.931,0.08500000000003638
nantes,5,10000,4434.846,4516.0356,81.18960000000061
nantes,5,10000,4440.438,4440.5415,0.10350000000016735
nantes,5,10000,4440.438,4517.525,77.08699999999953
nantes,5,10000,4447.331,4447.414,0.08299999999962893
nantes,5,10000,4447.331,4519.338,72.0069999999996
nantes,5,10000,4452.9233,4453.045,0.1216999999996915
nantes,5,10000,4452.9233,4528.4644,75.54109999999946
nancy,5,10000,4540.005,4540.155,0.1499999999996362
nancy,5,10000,4540.005,4625.5405,85.53549999999996
nancy,5,10000,4543.2773,4543.4287,0.15140000000064902
nancy,5,10000,4543.2773,4636.1753,92.89800000000014
nancy,5,10000,4547.3755,4547.5234,0.14789999999993597
nancy,5,10000,4547.3755,4638.304,90.92849999999999
nancy,5,10000,4551.256,4551.4097,0.1536999999998443
nancy,5,10000,4551.256,4639.097,87.84099999999944
rennes,5,10000,4665.086,4665.2285,0.14249999999992724
rennes,5,10000,4665.086,4738.0977,73.01170000000002
nancy,5,10000,4555.2676,4555.4204,0.15279999999984284
nancy,5,10000,4555.2676,4641.1523,85.88469999999961
nantes,5,10000,4395.9634,4396.0996,0.13619999999991705
nantes,5,10000,4395.9634,4474.362,78.39860000000044
nantes,5,10000,4402.309,4402.439,0.13000000000010914
nantes,5,10000,4402.309,4472.452,70.14300000000003
nantes,5,10000,4407.6196,4407.754,0.13439999999991414
nantes,5,10000,4407.6196,4484.458,76.83839999999964
nantes,5,10000,4414.238,4414.3545,0.11650000000008731
nantes,5,10000,4414.238,4494.8374,80.59940000000006
nantes,5,10000,4420.2573,4420.389,0.13169999999990978
nantes,5,10000,4420.2573,4490.176,69.91870000000017
lyon,5,10000,4401.21,4401.3096,0.09959999999955471
lyon,5,10000,4401.21,4479.783,78.57300000000032
lyon,5,10000,4407.3022,4407.3887,0.08650000000034197
lyon,5,10000,4407.3022,4493.1475,85.84529999999995
lyon,5,10000,4412.611,4412.73,0.11899999999968713
lyon,5,10000,4412.611,4492.018,79.40700000000015
lyon,5,10000,4419.2407,4419.322,0.08129999999982829
lyon,5,10000,4419.2407,4502.9,83.65929999999935
rennes,5,10000,4670.133,4670.308,0.1750000000001819
rennes,5,10000,4670.133,4749.5024,79.3694000000005
lyon,5,10000,4424.8237,4424.924,0.10030000000006112
lyon,5,10000,4424.8237,4511.068,86.2443000000003
nancy,5,10000,4486.504,4486.6543,0.15030000000024302
nancy,5,10000,4486.504,4569.6807,83.17669999999998
nancy,5,10000,4489.7207,4489.875,0.15430000000014843
nancy,5,10000,4489.7207,4575.735,86.01429999999982
nancy,5,10000,4493.825,4493.976,0.15099999999983993
nancy,5,10000,4493.825,4578.764,84.9390000000003
nancy,5,10000,4497.8013,4497.955,0.1536999999998443
nancy,5,10000,4497.8013,4590.296,92.4947000000002
nancy,5,10000,4501.319,4501.472,0.1529999999993379
nancy,5,10000,4501.319,4586.7153,85.39629999999943
nantes,5,10000,4343.56,4343.6455,0.08549999999922875
nantes,5,10000,4343.56,4414.345,70.78499999999985
nantes,5,10000,4349.9146,4350.0107,0.09609999999975116
nantes,5,10000,4349.9146,4427.145,77.23040000000037
nantes,5,10000,4355.2764,4355.364,0.08759999999983847
nantes,5,10000,4355.2764,4429.688,74.41160000000036
nantes,5,10000,4361.9688,4362.066,0.09720000000015716
nantes,5,10000,4361.9688,4436.9434,74.97460000000046
rennes,6,10000,4728.8247,4729.0483,0.22360000000026048
rennes,6,10000,4728.8247,4807.907,79.08230000000003
rennes,6,10000,4733.84,4734.002,0.16200000000026193
rennes,6,10000,4733.84,4812.1426,78.30259999999998
nantes,6,10000,4499.736,4499.851,0.11499999999978172
nantes,6,10000,4499.736,4571.3633,71.6273000000001
nantes,6,10000,4681.061,4681.1436,0.08260000000063883
nantes,6,10000,4681.061,4756.1865,75.1255000000001
nantes,6,10000,4687.1885,4687.2896,0.1010999999998603
nantes,6,10000,4687.1885,4760.6143,73.42579999999998
nantes,6,10000,4692.811,4692.894,0.08300000000053842
nantes,6,10000,4692.811,4762.299,69.48800000000028
nantes,6,10000,4699.2617,4699.362,0.10030000000006112
nantes,6,10000,4699.2617,4777.847,78.58529999999973
nantes,6,10000,4704.6523,4704.7427,0.09040000000004511
nantes,6,10000,4704.6523,4785.569,80.91670000000067
rennes,6,10000,4698.8843,4698.9604,0.0761000000002241
rennes,6,10000,4698.8843,4776.859,77.97470000000067
rennes,6,10000,4703.418,4703.5234,0.10540000000037253
rennes,6,10000,4703.418,4773.9165,70.4985000000006
rennes,6,10000,4707.9214,4708.035,0.1135999999996784
rennes,6,10000,4707.9214,4786.166,78.24459999999999
rennes,6,10000,4713.3057,4713.412,0.10630000000037398
rennes,6,10000,4713.3057,4790.456,77.15030000000024
rennes,6,10000,4733.064,4733.295,0.23099999999976717
rennes,6,10000,4733.064,4810.7383,77.67429999999968
rennes,6,10000,4718.098,4718.182,0.08399999999983265
rennes,6,10000,4718.098,4792.003,73.90499999999975
nancy,6,10000,4775.817,4775.9688,0.1517999999996391
nancy,6,10000,4775.817,4860.543,84.72599999999966
nancy,6,10000,4779.75,4779.899,0.14900000000034197
nancy,6,10000,4779.75,4872.3564,92.60639999999967
nancy,6,10000,4783.8804,4784.0312,0.15080000000034488
nancy,6,10000,4783.8804,4868.257,84.3765999999996
nancy,6,10000,4787.7837,4787.9346,0.15089999999963766
nancy,6,10000,4787.7837,4875.039,87.2552999999998
nancy,6,10000,4791.847,4791.998,0.15099999999983993
nancy,6,10000,4791.847,4882.6304,90.78340000000026
rennes,6,10000,4681.666,4681.8257,0.15970000000015716
rennes,6,10000,4681.666,4760.939,79.27300000000014
rennes,6,10000,4686.226,4686.3735,0.14750000000003638
rennes,6,10000,4686.226,4761.516,75.28999999999996
rennes,6,10000,4690.819,4690.9746,0.15559999999913998
rennes,6,10000,4690.819,4762.9004,72.08140000000003
rennes,6,10000,4695.801,4695.947,0.1459999999997308
rennes,6,10000,4695.801,4771.291,75.48999999999978
rennes,6,10000,4738.0283,4738.1733,0.14500000000043656
rennes,6,10000,4738.0283,4815.2437,77.21540000000005
rennes,6,10000,4700.656,4700.797,0.14099999999962165
rennes,6,10000,4700.656,4779.639,78.98300000000017
lyon,6,10000,4666.5244,4666.665,0.14059999999972206
lyon,6,10000,4666.5244,4742.627,76.10260000000017
lyon,6,10000,4672.225,4672.3804,0.15539999999964493
lyon,6,10000,4672.225,4751.9385,79.71349999999984
lyon,6,10000,4677.422,4677.565,0.1430000000000291
lyon,6,10000,4677.422,4756.0547,78.63270000000011
lyon,6,10000,4684.2026,4684.3384,0.13580000000001746
lyon,6,10000,4684.2026,4764.7456,80.54300000000057
lyon,6,10000,4689.149,4689.293,0.14399999999932334
lyon,6,10000,4689.149,4771.236,82.08699999999953
nantes,6,10000,4626.005,4626.0884,0.08339999999952852
nantes,6,10000,4626.005,4701.2153,75.21029999999973
nantes,6,10000,4631.955,4632.0776,0.12259999999969295
nantes,6,10000,4631.955,4708.878,76.92299999999977
nantes,6,10000,4637.7573,4637.8457,0.08839999999963766
nantes,6,10000,4637.7573,4714.155,76.39769999999953
nantes,6,10000,4644.133,4644.254,0.12100000000009459
nantes,6,10000,4644.133,4722.774,78.64100000000053
rennes,6,10000,4743.482,4743.6396,0.15760000000045693
rennes,6,10000,4743.482,4815.467,71.98499999999967
nantes,6,10000,4650.3604,4650.449,0.0886000000000422
nantes,6,10000,4650.3604,4723.0273,72.66690000000017
lyon,6,10000,4629.4746,4629.5493,0.07470000000012078
lyon,6,10000,4629.4746,4716.7417,87.26710000000003
lyon,6,10000,4635.578,4635.682,0.10399999999935972
lyon,6,10000,4635.578,4718.113,82.53499999999985
lyon,6,10000,4640.9736,4641.047,0.07339999999931024
lyon,6,10000,4640.9736,4721.1074,80.13379999999961
lyon,6,10000,4647.292,4647.383,0.09099999999943975
lyon,6,10000,4647.292,4732.766,85.47399999999925
lyon,6,10000,4652.445,4652.5176,0.07260000000042055
lyon,6,10000,4652.445,4729.3096,76.86459999999988
nancy,6,10000,4714.182,4714.3364,0.1544000000003507
nancy,6,10000,4714.182,4803.648,89.46600000000035
nancy,6,10000,4717.74,4717.9233,0.18330000000059954
nancy,6,10000,4717.74,4809.7217,91.98170000000027
nancy,6,10000,4721.5938,4721.7485,0.15470000000004802
nancy,6,10000,4721.5938,4813.0186,91.42480000000069
nancy,6,10000,4725.4214,4725.574,0.1525999999994383
nancy,6,10000,4725.4214,4812.0063,86.58489999999983
rennes,6,10000,4748.047,4748.2036,0.1566000000002532
rennes,6,10000,4748.047,4823.0527,75.00570000000062
nancy,6,10000,4729.476,4729.63,0.1540000000004511
nancy,6,10000,4729.476,4820.933,91.45700000000033
lyon,6,10000,4602.9355,4603.061,0.12550000000010186
lyon,6,10000,4602.9355,4690.466,87.53050000000076
lyon,6,10000,4609.1772,4609.2915,0.11430000000018481
lyon,6,10000,4609.1772,4694.2363,85.05909999999949
lyon,6,10000,4613.896,4613.9927,0.0967000000000553
lyon,6,10000,4613.896,4700.314,86.41800000000057
lyon,6,10000,4620.4233,4620.535,0.11169999999947322
lyon,6,10000,4620.4233,4708.0083,87.58500000000004
lyon,6,10000,4625.9395,4626.0415,0.10199999999986176
lyon,6,10000,4625.9395,4703.147,77.20749999999953
lyon,6,10000,4600.1514,4600.251,0.0996000000004642
lyon,6,10000,4600.1514,4682.865,82.71360000000004
lyon,6,10000,4606.072,4606.1504,0.07840000000032887
lyon,6,10000,4606.072,4690.253,84.18099999999959
lyon,6,10000,4611.45,4611.5483,0.09830000000056316
lyon,6,10000,4611.45,4688.446,76.9960000000001
lyon,6,10000,4618.368,4618.4673,0.09929999999985739
lyon,6,10000,4618.368,4701.921,83.55299999999988
rennes,6,10000,4714.914,4715.067,0.15300000000024738
rennes,6,10000,4714.914,4785.7236,70.8096000000005
lyon,6,10000,4623.6743,4623.7754,0.1011000000007698
lyon,6,10000,4623.6743,4709.6724,85.9981000000007
nancy,6,10000,4655.99,4656.144,0.1540000000004511
nancy,6,10000,4655.99,4738.523,82.53300000000036
nancy,6,10000,4659.861,4660.016,0.15499999999974534
nancy,6,10000,4659.861,4744.1772,84.31620000000021
nancy,6,10000,4663.6875,4663.8423,0.1548000000002503
nancy,6,10000,4663.6875,4745.0625,81.375
nancy,6,10000,4667.5605,4667.7153,0.1548000000002503
nancy,6,10000,4667.5605,4755.745,88.1845000000003
nancy,6,10000,4671.627,4671.7817,0.15469999999913853
nancy,6,10000,4671.627,4759.003,87.3759999999993
rennes,6,10000,4592.737,4592.8228,0.08579999999983556
rennes,6,10000,4592.737,4664.411,71.67399999999998
rennes,6,10000,4597.402,4597.52,0.1180000000003929
rennes,6,10000,4597.402,4678.767,81.36499999999978
rennes,6,10000,4601.92,4602.001,0.08100000000013097
rennes,6,10000,4601.92,4673.473,71.55299999999988
rennes,6,10000,4607.1997,4607.2764,0.07669999999961874
rennes,6,10000,4607.1997,4687.547,80.34729999999945
rennes,6,10000,4719.3325,4719.4736,0.14109999999982392
rennes,6,10000,4719.3325,4792.268,72.93549999999959
rennes,6,10000,4611.682,4611.7773,0.09529999999995198
rennes,6,10000,4611.682,4681.4473,69.76530000000002
nantes,6,10000,4557.8384,4557.939,0.10060000000066793
nantes,6,10000,4557.8384,4637.586,79.7476000000006
nantes,6,10000,4563.902,4563.988,0.0860000000002401
nantes,6,10000,4563.902,4637.217,73.3149999999996
nantes,6,10000,4569.2085,4569.3257,0.11720000000059372
nantes,6,10000,4569.2085,4641.8345,72.6260000000002
nantes,6,10000,4575.751,4575.8506,0.09959999999955471
nantes,6,10000,4575.751,4653.853,78.10199999999986
nantes,6,10000,4581.4595,4581.56,0.10050000000046566
nantes,6,10000,4581.4595,4657.474,76.01450000000023
nancy,6,10000,4647.9277,4648.0806,0.1529000000000451
nancy,6,10000,4647.9277,4734.224,86.29629999999997
nancy,6,10000,4651.6177,4651.7705,0.15279999999984284
nancy,6,10000,4651.6177,4737.9644,86.34670000000006
nancy,6,10000,4655.614,4655.7637,0.14970000000084838
nancy,6,10000,4655.614,4739.507,83.89300000000003
nancy,6,10000,4659.685,4659.8457,0.1606999999994514
nancy,6,10000,4659.685,4749.8525,90.16749999999956
rennes,6,10000,4724.1963,4724.36,0.16370000000006257
rennes,6,10000,4724.1963,4805.4893,81.29300000000057
nancy,6,10000,4663.793,4663.9434,0.1504000000004453
nancy,6,10000,4663.793,4745.3467,81.55370000000039
nantes,6,10000,4522.223,4522.3047,0.08169999999972788
nantes,6,10000,4522.223,4602.012,79.78899999999976
nantes,6,10000,4528.584,4528.7485,0.16449999999986176
nantes,6,10000,4528.584,4602.0444,73.46039999999994
nantes,6,10000,4534.2646,4534.3945,0.12989999999990687
nantes,6,10000,4534.2646,4604.0386,69.77399999999943
nantes,6,10000,4540.796,4540.9087,0.11269999999967695
nantes,6,10000,4540.796,4614.5244,73.72839999999997
nantes,6,10000,4546.326,4546.4097,0.08370000000013533
nantes,6,10000,4546.326,4616.918,70.59199999999964
lyon,6,10000,4503.546,4503.6426,0.09659999999985303
lyon,6,10000,4503.546,4584.0674,80.52139999999963
lyon,6,10000,4510.032,4510.1523,0.12029999999958818
lyon,6,10000,4510.032,4596.9927,86.96069999999963
lyon,6,10000,4515.31,4515.4062,0.09619999999995343
lyon,6,10000,4515.31,4591.3403,76.03029999999944
lyon,6,10000,4522.058,4522.138,0.07999999999992724
lyon,6,10000,4522.058,4602.26,80.20200000000023
rennes,6,10000,4728.81,4728.951,0.14099999999962165
rennes,6,10000,4728.81,4800.56,71.75
lyon,6,10000,4527.625,4527.7524,0.12740000000030705
lyon,6,10000,4527.625,4610.643,83.01800000000003
nancy,6,10000,4596.4883,4596.6387,0.1504000000004453
nancy,6,10000,4596.4883,4684.694,88.20570000000043
nancy,6,10000,4600.1753,4600.329,0.1536999999998443
nancy,6,10000,4600.1753,4692.781,92.60570000000007
nancy,6,10000,4604.284,4604.4375,0.15350000000034925
nancy,6,10000,4604.284,4687.738,83.45400000000063
nancy,6,10000,4608.1562,4608.308,0.1517999999996391
nancy,6,10000,4608.1562,4696.126,87.96979999999985
nancy,6,10000,4611.871,4612.025,0.15399999999954161
nancy,6,10000,4611.871,4704.792,92.92100000000028
nantes,6,10000,4475.942,4476.0576,0.11560000000008586
nantes,6,10000,4475.942,4546.641,70.69899999999961
nantes,6,10000,4482.2383,4482.3394,0.1010999999998603
nantes,6,10000,4482.2383,4561.7305,79.49219999999968
nantes,6,10000,4487.379,4487.4927,0.11369999999988067
nantes,6,10000,4487.379,4564.851,77.47199999999975
nantes,6,10000,4493.632,4493.713,0.08100000000013097
nantes,6,10000,4493.632,4563.216,69.58400000000074
rennes,7,10000,4627.8354,4627.92,0.08460000000013679
rennes,7,10000,4627.8354,4702.003,74.16759999999977
rennes,7,10000,4622.1206,4622.265,0.14440000000013242
rennes,7,10000,4622.1206,4692.9053,70.78470000000016
nantes,7,10000,4389.449,4389.5464,0.0974000000005617
nantes,7,10000,4389.449,4459.2896,69.84060000000045
nantes,7,10000,4534.939,4535.021,0.0819999999994252
nantes,7,10000,4534.939,4606.4795,71.54050000000007
nantes,7,10000,4540.0083,4540.1074,0.09909999999945285
nantes,7,10000,4540.0083,4617.4653,77.45699999999943
nantes,7,10000,4546.5923,4546.67,0.07769999999982247
nantes,7,10000,4546.5923,4620.201,73.60869999999977
nantes,7,10000,4552.4434,4552.5576,0.11419999999998254
nantes,7,10000,4552.4434,4625.4146,72.97119999999995
nantes,7,10000,4559.2437,4559.3457,0.10199999999986176
nantes,7,10000,4559.2437,4638.2017,78.95799999999963
rennes,7,10000,4580.482,4580.6587,0.17669999999998254
rennes,7,10000,4580.482,4653.5117,73.02970000000005
rennes,7,10000,4584.8364,4584.97,0.13360000000011496
rennes,7,10000,4584.8364,4660.0103,75.17389999999978
rennes,7,10000,4589.821,4589.965,0.14400000000023283
rennes,7,10000,4589.821,4667.7896,77.96860000000015
rennes,7,10000,4594.984,4595.07,0.08599999999933061
rennes,7,10000,4594.984,4663.877,68.89300000000003
rennes,7,10000,4632.2915,4632.37,0.07849999999962165
rennes,7,10000,4632.2915,4711.0703,78.77880000000005
rennes,7,10000,4599.1616,4599.323,0.1613999999999578
rennes,7,10000,4599.1616,4675.856,76.6943999999994
nancy,7,10000,4629.5234,4629.6772,0.15380000000004657
nancy,7,10000,4629.5234,4717.275,87.7515999999996
nancy,7,10000,4633.63,4633.782,0.15200000000004366
nancy,7,10000,4633.63,4722.584,88.95399999999972
nancy,7,10000,4637.556,4637.704,0.14800000000013824
nancy,7,10000,4637.556,4725.466,87.91000000000076
nancy,7,10000,4641.732,4641.887,0.15499999999974534
nancy,7,10000,4641.732,4728.4604,86.72839999999997
nancy,7,10000,4645.683,4645.844,0.1610000000000582
nancy,7,10000,4645.683,4731.2393,85.55630000000019
rennes,7,10000,4555.0566,4555.2046,0.14800000000013824
rennes,7,10000,4555.0566,4625.52,70.46340000000055
rennes,7,10000,4559.5024,4559.6646,0.16219999999975698
rennes,7,10000,4559.5024,4639.166,79.66359999999986
rennes,7,10000,4564.5425,4564.69,0.14750000000003638
rennes,7,10000,4564.5425,4639.918,75.3755000000001
rennes,7,10000,4569.6616,4569.8843,0.22269999999934953
rennes,7,10000,4569.6616,4648.921,79.25939999999991
rennes,7,10000,4636.9395,4637.0596,0.12009999999918364
rennes,7,10000,4636.9395,4714.345,77.40549999999985
rennes,7,10000,4574.099,4574.256,0.1570000000001528
rennes,7,10000,4574.099,4648.957,74.85800000000017
lyon,7,10000,4536.858,4536.9443,0.08629999999993743
lyon,7,10000,4536.858,4613.958,77.09999999999945
lyon,7,10000,4542.7065,4542.785,0.07849999999962165
lyon,7,10000,4542.7065,4620.608,77.90149999999994
lyon,7,10000,4547.856,4547.951,0.09500000000025466
lyon,7,10000,4547.856,4632.3296,84.47360000000026
lyon,7,10000,4554.4775,4554.552,0.07449999999971624
lyon,7,10000,4554.4775,4638.848,84.37049999999999
lyon,7,10000,4560.108,4560.2007,0.09270000000014988
lyon,7,10000,4560.108,4644.507,84.39899999999943
nantes,7,10000,4497.5117,4497.67,0.15830000000005384
nantes,7,10000,4497.5117,4569.8384,72.32669999999962
nantes,7,10000,4503.4785,4503.6177,0.13919999999961874
nantes,7,10000,4503.4785,4574.4844,71.00590000000011
nantes,7,10000,4509.137,4509.2944,0.1574000000000524
nantes,7,10000,4509.137,4585.0107,75.8737000000001
nantes,7,10000,4516.0864,4516.2256,0.13919999999961874
nantes,7,10000,4516.0864,4585.4897,69.40329999999994
rennes,7,10000,4642.0605,4642.1353,0.07480000000032305
rennes,7,10000,4642.0605,4719.825,77.76450000000023
nantes,7,10000,4521.777,4521.9336,0.1566000000002532
nantes,7,10000,4521.777,4600.2607,78.48369999999977
lyon,7,10000,4521.5903,4521.6865,0.09619999999995343
lyon,7,10000,4521.5903,4607.263,85.67270000000008
lyon,7,10000,4527.887,4527.967,0.07999999999992724
lyon,7,10000,4527.887,4613.566,85.67900000000009
lyon,7,10000,4533.1,4533.1943,0.09429999999974825
lyon,7,10000,4533.1,4616.801,83.70100000000002
lyon,7,10000,4539.1235,4539.2095,0.0860000000002401
lyon,7,10000,4539.1235,4614.3706,75.2471000000005
lyon,7,10000,4544.996,4545.0938,0.0977999999995518
lyon,7,10000,4544.996,4620.5757,75.57970000000023
nancy,7,10000,4584.3237,4584.3857,0.06199999999989814
nancy,7,10000,4584.3237,4670.633,86.3092999999999
nancy,7,10000,4587.766,4587.8335,0.06750000000010914
nancy,7,10000,4587.766,4669.6094,81.84340000000066
nancy,7,10000,4591.738,4591.7974,0.05940000000009604
nancy,7,10000,4591.738,4675.9185,84.18049999999948
nancy,7,10000,4595.5854,4595.65,0.06459999999970023
nancy,7,10000,4595.5854,4681.685,86.09960000000046
rennes,7,10000,4646.5366,4646.611,0.07439999999951397
rennes,7,10000,4646.5366,4719.3564,72.8197999999993
nancy,7,10000,4599.5156,4599.572,0.05640000000039436
nancy,7,10000,4599.5156,4686.5845,87.06890000000021
lyon,7,10000,4494.004,4494.1133,0.10930000000007567
lyon,7,10000,4494.004,4575.375,81.3710000000001
lyon,7,10000,4500.006,4500.132,0.12599999999929423
lyon,7,10000,4500.006,4578.231,78.22499999999945
lyon,7,10000,4505.017,4505.1294,0.11239999999997963
lyon,7,10000,4505.017,4587.1445,82.12750000000051
lyon,7,10000,4511.6177,4511.734,0.11630000000059226
lyon,7,10000,4511.6177,4590.2646,78.64690000000064
lyon,7,10000,4516.8027,4516.917,0.11430000000018481
lyon,7,10000,4516.8027,4594.5947,77.79199999999946
lyon,7,10000,4480.5737,4480.6855,0.11179999999967549
lyon,7,10000,4480.5737,4559.3516,78.77790000000005
lyon,7,10000,4486.877,4487.005,0.12799999999970169
lyon,7,10000,4486.877,4566.8745,79.99749999999949
lyon,7,10000,4491.9604,4492.071,0.11059999999997672
lyon,7,10000,4491.9604,4572.7993,80.83889999999974
lyon,7,10000,4498.2227,4498.336,0.11329999999998108
lyon,7,10000,4498.2227,4577.8677,79.64499999999953
rennes,7,10000,4603.085,4603.2427,0.1576999999997497
rennes,7,10000,4603.085,4679.169,76.08399999999983
lyon,7,10000,4503.1694,4503.2817,0.11229999999977736
lyon,7,10000,4503.1694,4584.7407,81.57130000000052
nancy,7,10000,4558.107,4558.206,0.09900000000016007
nancy,7,10000,4558.107,4639.095,80.98800000000028
nancy,7,10000,4561.66,4561.741,0.08100000000013097
nancy,7,10000,4561.66,4643.952,82.29200000000037
nancy,7,10000,4565.7026,4565.7837,0.08110000000033324
nancy,7,10000,4565.7026,4648.463,82.76040000000012
nancy,7,10000,4569.5522,4569.636,0.0838000000003376
nancy,7,10000,4569.5522,4651.437,81.88479999999981
nancy,7,10000,4573.9673,4574.055,0.08770000000004075
nancy,7,10000,4573.9673,4661.4883,87.52099999999973
rennes,7,10000,4479.7144,4479.8936,0.17920000000049185
rennes,7,10000,4479.7144,4559.352,79.63760000000002
rennes,7,10000,4484.1274,4484.206,0.07859999999982392
rennes,7,10000,4484.1274,4555.5264,71.39899999999943
rennes,7,10000,4489.2476,4489.354,0.10640000000057626
rennes,7,10000,4489.2476,4567.021,77.77340000000004
rennes,7,10000,4493.505,4493.581,0.07600000000002183
rennes,7,10000,4493.505,4573.18,79.67500000000018
rennes,7,10000,4607.596,4607.746,0.1500000000005457
rennes,7,10000,4607.596,4681.822,74.22600000000057
rennes,7,10000,4498.7163,4498.8228,0.10649999999986903
rennes,7,10000,4498.7163,4575.7725,77.05619999999999
nantes,7,10000,4419.8296,4419.9805,0.15089999999963766
nantes,7,10000,4419.8296,4489.3745,69.54489999999987
nantes,7,10000,4426.0444,4426.1914,0.14699999999993452
nantes,7,10000,4426.0444,4505.0137,78.96930000000066
nantes,7,10000,4431.753,4431.9175,0.16449999999986176
nantes,7,10000,4431.753,4501.746,69.9930000000004
nantes,7,10000,4438.97,4439.109,0.1390000000001237
nantes,7,10000,4438.97,4512.682,73.71199999999953
nantes,7,10000,4444.012,4444.169,0.1570000000001528
nantes,7,10000,4444.012,4520.82,76.80799999999999
nancy,7,10000,4527.913,4528.065,0.15200000000004366
nancy,7,10000,4527.913,4618.1094,90.19640000000072
nancy,7,10000,4531.425,4531.579,0.15399999999954161
nancy,7,10000,4531.425,4621.4526,90.02759999999944
nancy,7,10000,4535.4897,4535.6445,0.1548000000002503
nancy,7,10000,4535.4897,4626.711,91.22130000000016
nancy,7,10000,4539.319,4539.4727,0.1536999999998443
nancy,7,10000,4539.319,4624.3193,85.0002999999997
rennes,7,10000,4612.512,4612.6694,0.1574000000000524
rennes,7,10000,4612.512,4686.063,73.55100000000039
nancy,7,10000,4543.2646,4543.416,0.15139999999973952
nancy,7,10000,4543.2646,4625.5293,82.26469999999972
nantes,7,10000,4393.9365,4394.0713,0.13479999999981374
nantes,7,10000,4393.9365,4469.4136,75.47710000000006
nantes,7,10000,4400.5635,4400.689,0.12550000000010186
nantes,7,10000,4400.5635,4477.188,76.6244999999999
nantes,7,10000,4406.007,4406.1343,0.12730000000010477
nantes,7,10000,4406.007,4478.3765,72.3695000000007
nantes,7,10000,4412.809,4412.9834,0.17439999999987776
nantes,7,10000,4412.809,4481.9126,69.10359999999946
nantes,7,10000,4418.8887,4419.0273,0.1385999999993146
nantes,7,10000,4418.8887,4489.6177,70.72899999999936
lyon,7,10000,4423.6333,4423.7744,0.14109999999982392
lyon,7,10000,4423.6333,4506.7236,83.09029999999984
lyon,7,10000,4429.4175,4429.5635,0.14600000000064028
lyon,7,10000,4429.4175,4509.308,79.89050000000043
lyon,7,10000,4434.6006,4434.743,0.14240000000063446
lyon,7,10000,4434.6006,4517.8403,83.23970000000008
lyon,7,10000,4441.185,4441.3276,0.14259999999922002
lyon,7,10000,4441.185,4524.203,83.01800000000003
rennes,7,10000,4617.5586,4617.782,0.22339999999985594
rennes,7,10000,4617.5586,4689.345,71.78639999999996
lyon,7,10000,4447.0522,4447.2075,0.15530000000035216
lyon,7,10000,4447.0522,4527.749,80.69679999999971
nancy,7,10000,4482.3022,4482.4517,0.14949999999953434
nancy,7,10000,4482.3022,4572.948,90.64580000000024
nancy,7,10000,4486.1143,4486.2676,0.1532999999999447
nancy,7,10000,4486.1143,4572.3145,86.20020000000022
nancy,7,10000,4489.976,4490.1265,0.15050000000064756
nancy,7,10000,4489.976,4580.471,90.49499999999989
nancy,7,10000,4493.9634,4494.1147,0.15130000000044674
nancy,7,10000,4493.9634,4577.218,83.25460000000021
nancy,7,10000,4497.7974,4497.95,0.1525999999994383
nancy,7,10000,4497.7974,4581.0513,83.2538999999997
nantes,7,10000,4364.9414,4365.071,0.12960000000020955
nantes,7,10000,4364.9414,4435.0034,70.0619999999999
nantes,7,10000,4371.437,4371.545,0.10800000000017462
nantes,7,10000,4371.437,4447.508,76.07099999999991
nantes,7,10000,4377.19,4377.372,0.1820000000006985
nantes,7,10000,4377.19,4450.024,72.83400000000074
nantes,7,10000,4384.2476,4384.359,0.1114000000006854
nantes,7,10000,4384.2476,4453.4736,69.22600000000057
rennes,8,10000,4711.378,4711.4937,0.11570000000028813
rennes,8,10000,4711.378,4786.3247,74.94670000000042
rennes,8,10000,4689.832,4690.0557,0.22369999999955326
rennes,8,10000,4689.832,4762.68,72.84799999999996
nantes,8,10000,4487.901,4487.984,0.08300000000053842
nantes,8,10000,4487.901,4561.6216,73.72060000000056
nantes,8,10000,4628.315,4628.597,0.2820000000001528
nantes,8,10000,4628.315,4697.412,69.09700000000066
nantes,8,10000,4634.5513,4634.6934,0.14210000000002765
nantes,8,10000,4634.5513,4708.6123,74.0609999999997
nantes,8,10000,4640.112,4640.2856,0.17360000000007858
nantes,8,10000,4640.112,4710.201,70.08899999999994
nantes,8,10000,4647.593,4647.733,0.14000000000032742
nantes,8,10000,4647.593,4724.911,77.31800000000021
nantes,8,10000,4653.141,4653.3164,0.1754000000000815
nantes,8,10000,4653.141,4724.044,70.90300000000025
rennes,8,10000,4685.184,4685.264,0.07999999999992724
rennes,8,10000,4685.184,4762.22,77.03600000000006
rennes,8,10000,4689.7476,4689.842,0.09439999999995052
rennes,8,10000,4689.7476,4765.4014,75.65380000000005
rennes,8,10000,4694.3867,4694.4634,0.07669999999961874
rennes,8,10000,4694.3867,4771.079,76.6922999999997
rennes,8,10000,4699.777,4699.869,0.09199999999964348
rennes,8,10000,4699.777,4769.929,70.15200000000004
rennes,8,10000,4715.924,4716.014,0.09000000000014552
rennes,8,10000,4715.924,4789.1006,73.17659999999978
rennes,8,10000,4704.02,4704.1133,0.09329999999954453
rennes,8,10000,4704.02,4775.6245,71.60449999999946
nancy,8,10000,4752.944,4753.071,0.12699999999949796
nancy,8,10000,4752.944,4838.7173,85.77329999999984
nancy,8,10000,4756.678,4756.806,0.12799999999970169
nancy,8,10000,4756.678,4845.9805,89.30249999999978
nancy,8,10000,4760.516,4760.645,0.1290000000008149
nancy,8,10000,4760.516,4847.335,86.81900000000041
nancy,8,10000,4764.3984,4764.5527,0.15430000000014843
nancy,8,10000,4764.3984,4855.5596,91.16119999999955
nancy,8,10000,4768.2686,4768.398,0.129399999999805
nancy,8,10000,4768.2686,4856.4683,88.19970000000012
rennes,8,10000,4658.679,4658.8228,0.1437999999998283
rennes,8,10000,4658.679,4728.454,69.77499999999964
rennes,8,10000,4663.296,4663.4385,0.14249999999992724
rennes,8,10000,4663.296,4733.046,69.75
rennes,8,10000,4668.141,4668.272,0.13100000000031287
rennes,8,10000,4668.141,4745.7124,77.57140000000072
rennes,8,10000,4673.231,4673.3687,0.13770000000022264
rennes,8,10000,4673.231,4745.9785,72.7475000000004
rennes,8,10000,4720.64,4720.7437,0.1036999999996624
rennes,8,10000,4720.64,4795.6655,75.02549999999974
rennes,8,10000,4677.64,4677.782,0.14199999999982538
rennes,8,10000,4677.64,4758.612,80.97199999999975
lyon,8,10000,4616.1235,4616.2686,0.14510000000063883
lyon,8,10000,4616.1235,4698.099,81.97550000000047
lyon,8,10000,4622.1494,4622.304,0.15459999999984575
lyon,8,10000,4622.1494,4699.1826,77.03319999999985
lyon,8,10000,4627.155,4627.296,0.14100000000053114
lyon,8,10000,4627.155,4713.627,86.47200000000066
lyon,8,10000,4634.175,4634.291,0.11599999999998545
lyon,8,10000,4634.175,4716.3447,82.16969999999947
lyon,8,10000,4639.638,4639.7803,0.1423000000004322
lyon,8,10000,4639.638,4717.6665,78.02850000000035
nantes,8,10000,4603.105,4603.2,0.09500000000025466
nantes,8,10000,4603.105,4674.1313,71.02630000000045
nantes,8,10000,4609.2905,4609.3755,0.08500000000003638
nantes,8,10000,4609.2905,4689.9927,80.70219999999972
nantes,8,10000,4614.198,4614.293,0.09499999999934516
nantes,8,10000,4614.198,4693.995,79.79699999999957
nantes,8,10000,4621.2705,4621.347,0.07650000000012369
nantes,8,10000,4621.2705,4695.9233,74.65280000000075
rennes,8,10000,4725.9336,4726.0254,0.09180000000014843
rennes,8,10000,4725.9336,4801.4526,75.51899999999932
nantes,8,10000,4626.31,4626.423,0.11299999999937427
nantes,8,10000,4626.31,4706.421,80.11099999999988
lyon,8,10000,4602.6797,4602.9033,0.22360000000026048
lyon,8,10000,4602.6797,4680.5664,77.88670000000002
lyon,8,10000,4608.899,4608.9785,0.07949999999982538
lyon,8,10000,4608.899,4691.7603,82.86129999999957
lyon,8,10000,4613.845,4613.962,0.11700000000018917
lyon,8,10000,4613.845,4693.0146,79.16960000000017
lyon,8,10000,4620.613,4620.693,0.07999999999992724
lyon,8,10000,4620.613,4700.5522,79.9391999999998
lyon,8,10000,4625.9424,4626.0557,0.11329999999998108
lyon,8,10000,4625.9424,4704.0273,78.08489999999983
nancy,8,10000,4686.1055,4686.255,0.14950000000044383
nancy,8,10000,4686.1055,4771.248,85.14249999999993
nancy,8,10000,4689.7397,4689.845,0.10530000000017026
nancy,8,10000,4689.7397,4780.5854,90.84569999999985
nancy,8,10000,4693.6255,4693.755,0.12950000000000728
nancy,8,10000,4693.6255,4775.632,82.0064999999995
nancy,8,10000,4697.743,4697.8457,0.10269999999945867
nancy,8,10000,4697.743,4789.568,91.82499999999982
rennes,8,10000,4730.769,4730.8696,0.10059999999975844
rennes,8,10000,4730.769,4803.9316,73.16259999999966
nancy,8,10000,4701.842,4701.948,0.10600000000067666
nancy,8,10000,4701.842,4792.882,91.03999999999996
lyon,8,10000,4583.5073,4583.668,0.1606999999994514
lyon,8,10000,4583.5073,4664.293,80.78569999999945
lyon,8,10000,4589.6626,4589.7837,0.12110000000029686
lyon,8,10000,4589.6626,4672.1484,82.48580000000038
lyon,8,10000,4594.9106,4595.042,0.13140000000021246
lyon,8,10000,4594.9106,4679.85,84.9394000000002
lyon,8,10000,4601.767,4601.927,0.15999999999985448
lyon,8,10000,4601.767,4683.798,82.03099999999995
lyon,8,10000,4606.9946,4607.139,0.14440000000013242
lyon,8,10000,4606.9946,4690.2437,83.2491
lyon,8,10000,4574.398,4574.533,0.13500000000021828
lyon,8,10000,4574.398,4656.563,82.16499999999996
lyon,8,10000,4580.333,4580.477,0.14400000000023283
lyon,8,10000,4580.333,4665.052,84.71900000000005
lyon,8,10000,4585.2407,4585.377,0.13630000000011933
lyon,8,10000,4585.2407,4669.312,84.07129999999961
lyon,8,10000,4591.8105,4591.9316,0.12110000000029686
lyon,8,10000,4591.8105,4674.9185,83.10800000000017
rennes,8,10000,4670.9463,4671.0435,0.09720000000015716
rennes,8,10000,4670.9463,4748.7393,77.79300000000057
lyon,8,10000,4597.1567,4597.298,0.14130000000022847
lyon,8,10000,4597.1567,4672.8193,75.66260000000057
nancy,8,10000,4648.137,4648.2524,0.11540000000059081
nancy,8,10000,4648.137,4732.05,83.91300000000047
nancy,8,10000,4651.586,4651.682,0.09599999999954889
nancy,8,10000,4651.586,4737.9814,86.39539999999943
nancy,8,10000,4655.855,4655.9976,0.1426000000001295
nancy,8,10000,4655.855,4745.0674,89.21240000000034
nancy,8,10000,4660.0366,4660.129,0.09239999999954307
nancy,8,10000,4660.0366,4743.9995,83.96289999999954
nancy,8,10000,4663.8853,4663.981,0.09569999999985157
nancy,8,10000,4663.8853,4748.288,84.40269999999964
rennes,8,10000,4541.6343,4541.727,0.09270000000014988
rennes,8,10000,4541.6343,4616.472,74.83770000000004
rennes,8,10000,4545.86,4545.938,0.07800000000042928
rennes,8,10000,4545.86,4626.4956,80.63560000000052
rennes,8,10000,4550.62,4550.713,0.0929999999998472
rennes,8,10000,4550.62,4620.0386,69.41859999999997
rennes,8,10000,4556.3154,4556.3955,0.08009999999922002
rennes,8,10000,4556.3154,4636.1997,79.88429999999971
rennes,8,10000,4675.0522,4675.2744,0.22220000000015716
rennes,8,10000,4675.0522,4748.4844,73.4322000000002
rennes,8,10000,4560.9785,4561.073,0.0945000000001528
rennes,8,10000,4560.9785,4641.539,80.56049999999959
nantes,8,10000,4500.3223,4500.6543,0.3320000000003347
nantes,8,10000,4500.3223,4571.321,70.9987000000001
nantes,8,10000,4504.565,4504.712,0.147000000000844
nantes,8,10000,4504.565,4578.4443,73.87930000000051
nantes,8,10000,4510.9155,4511.0513,0.13580000000001746
nantes,8,10000,4510.9155,4591.571,80.65549999999985
nantes,8,10000,4517.9814,4518.1045,0.12310000000070431
nantes,8,10000,4517.9814,4588.552,70.57060000000001
nantes,8,10000,4524.1313,4524.4624,0.33110000000033324
nantes,8,10000,4524.1313,4603.3184,79.1871000000001
nancy,8,10000,4588.188,4588.3433,0.15530000000035216
nancy,8,10000,4588.188,4668.9307,80.74269999999979
nancy,8,10000,4591.775,4591.9287,0.1537000000007538
nancy,8,10000,4591.775,4683.8105,92.03549999999996
nancy,8,10000,4595.723,4595.878,0.15499999999974534
nancy,8,10000,4595.723,4685.09,89.36700000000019
nancy,8,10000,4599.5576,4599.7124,0.1548000000002503
nancy,8,10000,4599.5576,4684.7964,85.23880000000008
rennes,8,10000,4679.702,4679.861,0.15899999999965075
rennes,8,10000,4679.702,4749.962,70.26000000000022
nancy,8,10000,4603.327,4603.4805,0.15349999999943975
nancy,8,10000,4603.327,4686.7495,83.42249999999967
nantes,8,10000,4477.116,4477.2715,0.1554999999998472
nantes,8,10000,4477.116,4548.91,71.79399999999987
nantes,8,10000,4483.3726,4483.515,0.14240000000063446
nantes,8,10000,4483.3726,4563.909,80.53639999999996
nantes,8,10000,4489.067,4489.223,0.15599999999994907
nantes,8,10000,4489.067,4559.075,70.00799999999981
nantes,8,10000,4495.537,4495.7305,0.19349999999940337
nantes,8,10000,4495.537,4566.491,70.95399999999972
nantes,8,10000,4501.4604,4501.621,0.16060000000015862
nantes,8,10000,4501.4604,4570.496,69.03560000000016
lyon,8,10000,4500.1646,4500.2964,0.13180000000011205
lyon,8,10000,4500.1646,4578.426,78.26140000000032
lyon,8,10000,4505.969,4506.103,0.13400000000001455
lyon,8,10000,4505.969,4591.9233,85.95430000000033
lyon,8,10000,4511.199,4511.294,0.09500000000025466
lyon,8,10000,4511.199,4587.931,76.73199999999997
lyon,8,10000,4518.1587,4518.236,0.07729999999992287
lyon,8,10000,4518.1587,4602.7334,84.57470000000012
rennes,8,10000,4684.871,4685.0137,0.14270000000033178
rennes,8,10000,4684.871,4765.7573,80.88630000000012
lyon,8,10000,4523.247,4523.3423,0.09529999999995198
lyon,8,10000,4523.247,4605.0547,81.80769999999939
nancy,8,10000,4573.4365,4573.5273,0.0907999999999447
nancy,8,10000,4573.4365,4664.045,90.60850000000028
nancy,8,10000,4577.2456,4577.3115,0.06589999999960128
nancy,8,10000,4577.2456,4665.5747,88.32909999999993
nancy,8,10000,4580.9976,4581.0605,0.06289999999989959
nancy,8,10000,4580.9976,4666.4927,85.4951000000001
nancy,8,10000,4585.1113,4585.1724,0.061100000000806176
nancy,8,10000,4585.1113,4674.731,89.6197000000002
nancy,8,10000,4588.9795,4589.0415,0.06199999999989814
nancy,8,10000,4588.9795,4679.3193,90.33979999999974
nantes,8,10000,4463.988,4464.0723,0.08429999999952997
nantes,8,10000,4463.988,4542.237,78.2489999999998
nantes,8,10000,4470.146,4470.2495,0.10350000000016735
nantes,8,10000,4470.146,4539.1084,68.96240000000034
nantes,8,10000,4475.5874,4475.6724,0.08500000000003638
nantes,8,10000,4475.5874,4550.622,75.03459999999995
nantes,8,10000,4481.9688,4482.095,0.12620000000060827
nantes,8,10000,4481.9688,4560.6353,78.66650000000027
rennes,9,10000,4715.0693,4715.1733,0.10400000000026921
rennes,9,10000,4715.0693,4792.9834,77.91409999999996
rennes,9,10000,4714.6294,4714.7856,0.1562000000003536
rennes,9,10000,4714.6294,4784.5347,69.90530000000035
nantes,9,10000,4460.27,4460.366,0.09599999999954889
nantes,9,10000,4460.27,4533.0337,72.76369999999952
nantes,9,10000,4618.5923,4618.686,0.09369999999944412
nantes,9,10000,4618.5923,4689.908,71.3157000000001
nantes,9,10000,4624.5225,4624.67,0.14750000000003638
nantes,9,10000,4624.5225,4696.762,72.23949999999968
nantes,9,10000,4629.863,4630.028,0.16499999999996362
nantes,9,10000,4629.863,4700.1045,70.24150000000009
nantes,9,10000,4636.3887,4636.539,0.15029999999933352
nantes,9,10000,4636.3887,4715.076,78.6872999999996
nantes,9,10000,4642.4033,4642.5913,0.18800000000010186
nantes,9,10000,4642.4033,4719.0137,76.61040000000048
rennes,9,10000,4644.4595,4644.6177,0.15819999999985157
rennes,9,10000,4644.4595,4724.494,80.03449999999975
rennes,9,10000,4649.1147,4649.264,0.1493000000000393
rennes,9,10000,4649.1147,4725.596,76.48129999999946
rennes,9,10000,4653.7783,4653.941,0.16269999999985885
rennes,9,10000,4653.7783,4730.906,77.1277
rennes,9,10000,4658.8516,4659.0396,0.18800000000010186
rennes,9,10000,4658.8516,4738.9385,80.08690000000024
rennes,9,10000,4718.9297,4719.0728,0.14310000000023138
rennes,9,10000,4718.9297,4796.1987,77.26900000000023
rennes,9,10000,4663.7236,4663.8677,0.1440999999995256
rennes,9,10000,4663.7236,4734.478,70.7543999999998
nancy,9,10000,4706.371,4706.5425,0.17149999999946886
nancy,9,10000,4706.371,4788.557,82.1859999999997
nancy,9,10000,4710.038,4710.2095,0.17150000000037835
nancy,9,10000,4710.038,4792.435,82.39700000000084
nancy,9,10000,4713.8716,4714.067,0.19539999999960855
nancy,9,10000,4713.8716,4798.8945,85.02289999999994
nancy,9,10000,4717.857,4718.005,0.14800000000013824
nancy,9,10000,4717.857,4808.7866,90.92960000000039
nancy,9,10000,4721.758,4721.9507,0.19270000000051368
nancy,9,10000,4721.758,4807.009,85.2510000000002
rennes,9,10000,4632.099,4632.254,0.15499999999974534
rennes,9,10000,4632.099,4711.1367,79.03769999999986
rennes,9,10000,4636.5264,4636.72,0.19360000000051514
rennes,9,10000,4636.5264,4706.2476,69.72119999999995
rennes,9,10000,4641.0825,4641.237,0.15449999999964348
rennes,9,10000,4641.0825,4712.9185,71.83599999999933
rennes,9,10000,4646.2666,4646.4204,0.15380000000004657
rennes,9,10000,4646.2666,4725.279,79.01240000000053
rennes,9,10000,4723.8906,4724.046,0.15540000000055443
rennes,9,10000,4723.8906,4798.1655,74.27490000000034
rennes,9,10000,4651.174,4651.246,0.07200000000011642
rennes,9,10000,4651.174,4729.891,78.71699999999964
lyon,9,10000,4590.2573,4590.364,0.10669999999936408
lyon,9,10000,4590.2573,4669.7544,79.49709999999959
lyon,9,10000,4595.8853,4596.0283,0.1430000000000291
lyon,9,10000,4595.8853,4677.68,81.79470000000038
lyon,9,10000,4601.035,4601.2593,0.2242999999998574
lyon,9,10000,4601.035,4684.534,83.4989999999998
lyon,9,10000,4607.1616,4607.4688,0.30719999999928405
lyon,9,10000,4607.1616,4686.4443,79.28269999999975
lyon,9,10000,4613.1953,4613.3584,0.16309999999975844
lyon,9,10000,4613.1953,4699.632,86.43669999999929
nantes,9,10000,4571.8354,4571.9746,0.13919999999961874
nantes,9,10000,4571.8354,4646.2095,74.3741
nantes,9,10000,4578.3916,4578.5625,0.17090000000007421
nantes,9,10000,4578.3916,4657.1274,78.73580000000038
nantes,9,10000,4583.722,4583.8647,0.14270000000033178
nantes,9,10000,4583.722,4661.628,77.90599999999995
nantes,9,10000,4590.587,4590.752,0.16499999999996362
nantes,9,10000,4590.587,4670.716,80.1289999999999
rennes,9,10000,4728.8696,4729.013,0.1433999999999287
rennes,9,10000,4728.8696,4799.6978,70.82819999999992
nantes,9,10000,4596.4883,4596.68,0.19170000000030996
nantes,9,10000,4596.4883,4670.87,74.38169999999991
lyon,9,10000,4572.847,4572.9478,0.10080000000016298
lyon,9,10000,4572.847,4651.0312,78.1842000000006
lyon,9,10000,4578.3613,4578.455,0.09370000000035361
lyon,9,10000,4578.3613,4661.545,83.1837000000005
lyon,9,10000,4583.6704,4583.7686,0.09820000000036089
lyon,9,10000,4583.6704,4667.8486,84.17820000000029
lyon,9,10000,4590.317,4590.4116,0.09460000000035507
lyon,9,10000,4590.317,4672.093,81.77599999999984
lyon,9,10000,4595.541,4595.619,0.07799999999951979
lyon,9,10000,4595.541,4679.1235,83.58249999999953
nancy,9,10000,4643.4033,4643.565,0.16169999999965512
nancy,9,10000,4643.4033,4728.389,84.98570000000018
nancy,9,10000,4647.186,4647.348,0.16200000000026193
nancy,9,10000,4647.186,4735.0,87.8140000000003
nancy,9,10000,4651.253,4651.4004,0.1474000000007436
nancy,9,10000,4651.253,4738.0303,86.77730000000065
nancy,9,10000,4655.469,4655.6313,0.16229999999995925
nancy,9,10000,4655.469,4741.2446,85.77559999999994
rennes,9,10000,4733.771,4733.914,0.1430000000000291
rennes,9,10000,4733.771,4808.4316,74.66060000000016
nancy,9,10000,4659.532,4659.6924,0.16039999999975407
nancy,9,10000,4659.532,4747.0776,87.54559999999947
lyon,9,10000,4519.7183,4519.7993,0.08099999999922147
lyon,9,10000,4519.7183,4600.538,80.8196999999991
lyon,9,10000,4525.7695,4525.867,0.09749999999985448
lyon,9,10000,4525.7695,4609.6763,83.90679999999975
lyon,9,10000,4530.914,4531.0405,0.1265000000003056
lyon,9,10000,4530.914,4616.305,85.39100000000053
lyon,9,10000,4537.4136,4537.51,0.09640000000035798
lyon,9,10000,4537.4136,4621.531,84.11740000000009
lyon,9,10000,4542.9707,4543.0537,0.08300000000053842
lyon,9,10000,4542.9707,4628.7256,85.7548999999999
lyon,9,10000,4530.2812,4530.3613,0.08009999999922002
lyon,9,10000,4530.2812,4616.617,86.33579999999984
lyon,9,10000,4536.09,4536.19,0.0999999999994543
lyon,9,10000,4536.09,4620.5654,84.47540000000026
lyon,9,10000,4541.413,4541.495,0.0820000000003347
lyon,9,10000,4541.413,4619.9575,78.54450000000088
lyon,9,10000,4547.724,4547.8237,0.09969999999975698
lyon,9,10000,4547.724,4625.6904,77.96640000000025
rennes,9,10000,4695.6978,4695.843,0.1451999999999316
rennes,9,10000,4695.6978,4775.6943,79.9965000000002
lyon,9,10000,4553.2397,4553.322,0.08230000000003201
lyon,9,10000,4553.2397,4636.0527,82.8130000000001
nancy,9,10000,4608.5444,4608.6,0.05560000000059517
nancy,9,10000,4608.5444,4695.808,87.26360000000022
nancy,9,10000,4612.389,4612.452,0.06300000000010186
nancy,9,10000,4612.389,4704.1714,91.78240000000005
nancy,9,10000,4616.028,4616.086,0.057999999999992724
nancy,9,10000,4616.028,4704.6104,88.58239999999932
nancy,9,10000,4619.9595,4620.0205,0.06099999999969441
nancy,9,10000,4619.9595,4702.37,82.41049999999996
nancy,9,10000,4623.804,4623.8643,0.0603000000000975
nancy,9,10000,4623.804,4708.501,84.69700000000012
rennes,9,10000,4501.3535,4501.5,0.14649999999983265
rennes,9,10000,4501.3535,4571.085,69.73149999999987
rennes,9,10000,4506.1187,4506.3535,0.23480000000017753
rennes,9,10000,4506.1187,4577.7305,71.61179999999968
rennes,9,10000,4510.4424,4510.665,0.22260000000005675
rennes,9,10000,4510.4424,4584.917,74.47460000000046
rennes,9,10000,4515.7246,4515.881,0.15640000000075815
rennes,9,10000,4515.7246,4588.886,73.16140000000087
rennes,9,10000,4700.0884,4700.239,0.15059999999994034
rennes,9,10000,4700.0884,4772.396,72.3076000000001
rennes,9,10000,4520.701,4520.792,0.09100000000034925
rennes,9,10000,4520.701,4594.3965,73.69549999999981
nantes,9,10000,4463.61,4463.7515,0.141500000000633
nantes,9,10000,4463.61,4536.6914,73.08140000000003
nantes,9,10000,4469.8794,4470.0244,0.14500000000043656
nantes,9,10000,4469.8794,4541.07,71.1905999999999
nantes,9,10000,4475.087,4475.227,0.13999999999941792
nantes,9,10000,4475.087,4548.0293,72.9422999999997
nantes,9,10000,4481.7417,4481.9526,0.21090000000003783
nantes,9,10000,4481.7417,4558.9404,77.19870000000083
nantes,9,10000,4486.961,4487.175,0.2139999999999418
nantes,9,10000,4486.961,4558.1704,71.20939999999973
nancy,9,10000,4575.824,4575.975,0.15100000000074942
nancy,9,10000,4575.824,4666.189,90.36500000000069
nancy,9,10000,4579.4917,4579.642,0.15030000000024302
nancy,9,10000,4579.4917,4666.1855,86.69380000000001
nancy,9,10000,4583.625,4583.7744,0.14940000000024156
nancy,9,10000,4583.625,4671.8433,88.21830000000045
nancy,9,10000,4587.6904,4587.8447,0.15429999999923893
nancy,9,10000,4587.6904,4670.1294,82.4389999999994
rennes,9,10000,4704.9526,4705.111,0.1584000000002561
rennes,9,10000,4704.9526,4779.646,74.69340000000011
nancy,9,10000,4591.6377,4591.786,0.14829999999983556
nancy,9,10000,4591.6377,4679.1704,87.53269999999975
nantes,9,10000,4452.678,4452.7646,0.08660000000054424
nantes,9,10000,4452.678,4528.176,75.4980000000005
nantes,9,10000,4459.459,4459.56,0.10100000000056752
nantes,9,10000,4459.459,4534.723,75.26400000000012
nantes,9,10000,4464.589,4464.673,0.08399999999983265
nantes,9,10000,4464.589,4534.1113,69.52229999999963
nantes,9,10000,4471.2544,4471.3574,0.10300000000006548
nantes,9,10000,4471.2544,4546.49,75.23559999999998
nantes,9,10000,4476.808,4476.8906,0.08259999999972933
nantes,9,10000,4476.808,4547.3604,70.55239999999958
lyon,9,10000,4451.969,4452.053,0.08399999999983265
lyon,9,10000,4451.969,4530.371,78.40200000000004
lyon,9,10000,4458.142,4458.2803,0.13830000000052678
lyon,9,10000,4458.142,4536.6616,78.51960000000054
lyon,9,10000,4463.748,4463.829,0.08100000000013097
lyon,9,10000,4463.748,4541.7964,78.04840000000058
lyon,9,10000,4469.909,4470.0273,0.11830000000009022
lyon,9,10000,4469.909,4556.4146,86.50560000000041
rennes,9,10000,4709.739,4709.9155,0.1765000000004875
rennes,9,10000,4709.739,4779.6943,69.95530000000053
lyon,9,10000,4475.742,4475.8203,0.0783000000001266
lyon,9,10000,4475.742,4560.1216,84.37960000000021
nancy,9,10000,4539.5205,4539.577,0.05650000000059663
nancy,9,10000,4539.5205,4627.676,88.15550000000076
nancy,9,10000,4543.2354,4543.292,0.0566000000007989
nancy,9,10000,4543.2354,4631.0605,87.82510000000002
nancy,9,10000,4547.249,4547.305,0.056000000000494765
nancy,9,10000,4547.249,4639.2954,92.04640000000018
nancy,9,10000,4551.317,4551.373,0.05599999999958527
nancy,9,10000,4551.317,4632.7896,81.47260000000006
nancy,9,10000,4555.2656,4555.3335,0.06790000000000873
nancy,9,10000,4555.2656,4646.736,91.47040000000015
nantes,9,10000,4435.6455,4435.8154,0.16990000000077998
nantes,9,10000,4435.6455,4513.892,78.2465000000002
nantes,9,10000,4441.976,4442.101,0.125
nantes,9,10000,4441.976,4511.4966,69.52060000000074
nantes,9,10000,4447.782,4447.8794,0.09739999999965221
nantes,9,10000,4447.782,4517.484,69.70200000000023
nantes,9,10000,4454.3594,4454.437,0.0775999999996202
nantes,9,10000,4454.3594,4528.169,73.80959999999959
rennes,0,100000,4742.5996,5245.1304,502.53080000000045
rennes,0,100000,4750.608,5253.1553,502.5473000000002
nantes,0,100000,4460.0864,4962.6187,502.53229999999985
nantes,0,100000,4655.6167,5158.1885,502.5718000000006
nantes,0,100000,4662.054,5164.633,502.5789999999997
nantes,0,100000,4667.2075,5169.7856,502.5780999999997
nantes,0,100000,4674.1934,5176.7285,502.53510000000006
nantes,0,100000,4680.1787,5182.7505,502.5717999999997
rennes,0,100000,4650.4087,5152.967,502.5582999999997
rennes,0,100000,4654.723,5156.995,502.27199999999993
rennes,0,100000,4659.347,5161.914,502.567
rennes,0,100000,4663.8447,5166.432,502.58730000000014
rennes,0,100000,4747.2036,5249.743,502.53940000000057
rennes,0,100000,4668.822,5171.408,502.58600000000024
nancy,0,100000,4744.2417,5246.8013,502.5596000000005
nancy,0,100000,4747.946,5250.5034,502.5573999999997
nancy,0,100000,4751.5527,5254.145,502.59230000000025
nancy,0,100000,4755.617,5258.1675,502.5504999999994
nancy,0,100000,4759.509,5262.062,502.5529999999999
rennes,0,100000,4642.7783,5145.4106,502.6323000000002
rennes,0,100000,4648.014,5150.172,502.15799999999945
rennes,0,100000,4652.234,5154.787,502.5529999999999
rennes,0,100000,4657.2397,5159.859,502.6193000000003
rennes,0,100000,4751.818,5254.3853,502.5672999999997
rennes,0,100000,4661.8633,5164.4077,502.54439999999977
lyon,0,100000,4631.3496,5133.9653,502.6157000000003
lyon,0,100000,4637.6426,5140.2344,502.59180000000015
lyon,0,100000,4643.774,5146.058,502.28399999999965
lyon,0,100000,4649.485,5152.0825,502.59750000000076
lyon,0,100000,4654.844,5157.503,502.65899999999965
nantes,0,100000,4591.034,5093.557,502.52300000000014
nantes,0,100000,4597.072,5099.5835,502.5114999999996
nantes,0,100000,4602.769,5105.298,502.52899999999954
nantes,0,100000,4609.3516,5111.883,502.53139999999985
rennes,0,100000,4756.63,5259.2,502.5699999999997
nantes,0,100000,4615.044,5117.482,502.4380000000001
lyon,0,100000,4608.6216,5111.1714,502.5497999999998
lyon,0,100000,4614.92,5117.4883,502.5682999999999
lyon,0,100000,4620.009,5122.5693,502.5603000000001
lyon,0,100000,4626.6294,5129.2026,502.5731999999998
lyon,0,100000,4632.0513,5134.614,502.5626999999995
nancy,0,100000,4685.8135,5188.437,502.6234999999997
nancy,0,100000,4689.353,5191.9805,502.6274999999996
nancy,0,100000,4692.9053,5195.5454,502.6400999999996
nancy,0,100000,4696.7183,5199.3467,502.6283999999996
rennes,0,100000,4761.7896,5264.327,502.53740000000016
nancy,0,100000,4700.8296,5203.4624,502.6328000000003
lyon,0,100000,4594.483,5097.0664,502.58339999999953
lyon,0,100000,4600.0645,5102.6353,502.5707999999995
lyon,0,100000,4605.7646,5108.342,502.5773999999992
lyon,0,100000,4611.7183,5114.2993,502.5809999999992
lyon,0,100000,4617.2593,5119.8413,502.58200000000033
lyon,0,100000,4567.64,5070.139,502.4989999999998
lyon,0,100000,4573.713,5076.2607,502.5477000000001
lyon,0,100000,4579.0684,5081.5684,502.5
lyon,0,100000,4585.2314,5087.7524,502.52100000000064
rennes,0,100000,4731.5654,5234.1216,502.5562
lyon,0,100000,4590.813,5093.3154,502.5024000000003
nancy,0,100000,4616.235,5118.852,502.6170000000002
nancy,0,100000,4619.956,5122.557,502.60099999999966
nancy,0,100000,4624.0835,5126.6816,502.59810000000016
nancy,0,100000,4627.998,5130.6016,502.60360000000037
nancy,0,100000,4632.0703,5134.6753,502.60499999999956
rennes,0,100000,4529.303,5031.792,502.4890000000005
rennes,0,100000,4533.6836,5036.206,502.52239999999983
rennes,0,100000,4538.61,5041.0977,502.4877000000006
rennes,0,100000,4543.8613,5046.3774,502.51610000000073
rennes,0,100000,4736.192,5238.748,502.5559999999996
rennes,0,100000,4548.312,5050.8203,502.5083000000004
nantes,0,100000,4493.5303,4996.0376,502.5072999999993
nantes,0,100000,4499.1865,5001.688,502.5015000000003
nantes,0,100000,4504.5283,5007.075,502.5466999999999
nantes,0,100000,4511.2754,5013.8027,502.52729999999974
nantes,0,100000,4517.1016,5019.67,502.5684000000001
nancy,0,100000,4597.4443,5100.0303,502.58600000000024
nancy,0,100000,4601.0737,5103.6704,502.59670000000006
nancy,0,100000,4604.895,5107.492,502.59699999999975
nancy,0,100000,4608.5645,5111.1616,502.59709999999995
rennes,0,100000,4741.033,5243.5903,502.5572999999995
nancy,0,100000,4612.466,5115.072,502.60599999999977
nantes,0,100000,4493.2817,4995.8057,502.52400000000034
nantes,0,100000,4499.969,5002.482,502.5129999999999
nantes,0,100000,4505.381,5007.872,502.491
nantes,0,100000,4511.653,5014.211,502.558
nantes,0,100000,4517.263,5019.7554,502.4924000000001
lyon,0,100000,4501.7056,5004.323,502.6174000000001
lyon,0,100000,4508.1675,5010.748,502.58050000000003
lyon,0,100000,4512.9443,5015.538,502.59369999999944
lyon,0,100000,4519.0293,5021.6245,502.59519999999975
rennes,0,100000,4746.3413,5248.8774,502.53610000000026
lyon,0,100000,4524.7,5027.3057,502.60570000000007
nancy,0,100000,4534.136,5036.738,502.60199999999986
nancy,0,100000,4537.8813,5040.489,502.60769999999957
nancy,0,100000,4541.8535,5044.4614,502.6079
nancy,0,100000,4545.439,5048.048,502.60899999999947
nancy,0,100000,4549.287,5051.897,502.6099999999997
nantes,0,100000,4436.3604,4938.8936,502.53320000000076
nantes,0,100000,4442.5303,4945.0884,502.5580999999993
nantes,0,100000,4447.574,4950.108,502.53400000000056
nantes,0,100000,4454.1523,4956.7393,502.58700000000044
rennes,1,100000,4740.006,5242.299,502.29299999999967
rennes,1,100000,4755.5903,5257.907,502.3167000000003
nantes,1,100000,4508.133,5010.4663,502.33330000000024
nantes,1,100000,4684.2393,5186.5317,502.29239999999936
nantes,1,100000,4690.2754,5192.6035,502.3280999999997
nantes,1,100000,4696.113,5198.207,502.09400000000005
nantes,1,100000,4702.9897,5205.2783,502.28859999999986
nantes,1,100000,4708.4014,5210.6875,502.28610000000026
rennes,1,100000,4712.2812,5214.6,502.3188
rennes,1,100000,4716.68,5219.0327,502.35269999999946
rennes,1,100000,4721.3364,5223.6924,502.35599999999977
rennes,1,100000,4726.0737,5228.427,502.35329999999976
rennes,1,100000,4744.562,5246.8726,502.3105999999998
rennes,1,100000,4731.1074,5233.4595,502.35210000000006
nancy,1,100000,4736.9434,5239.295,502.35159999999996
nancy,1,100000,4740.6914,5243.0474,502.3560000000007
nancy,1,100000,4744.6206,5246.9717,502.35109999999986
nancy,1,100000,4748.228,5250.6016,502.3735999999999
nancy,1,100000,4752.259,5254.6104,502.35139999999956
rennes,1,100000,4672.524,5174.7744,502.2503999999999
rennes,1,100000,4676.962,5179.2217,502.2596999999996
rennes,1,100000,4681.2124,5183.447,502.2345999999998
rennes,1,100000,4686.3687,5188.6284,502.2596999999996
rennes,1,100000,4749.3467,5251.64,502.2933000000003
rennes,1,100000,4690.9697,5193.216,502.2463000000007
lyon,1,100000,4649.6963,5152.051,502.3547000000008
lyon,1,100000,4655.9917,5158.326,502.33430000000044
lyon,1,100000,4660.5967,5163.0034,502.40669999999955
lyon,1,100000,4667.4385,5169.772,502.33349999999973
lyon,1,100000,4672.586,5174.992,502.40599999999995
nantes,1,100000,4640.599,5142.841,502.2420000000002
nantes,1,100000,4646.7544,5148.986,502.23160000000007
nantes,1,100000,4652.127,5154.359,502.23199999999997
nantes,1,100000,4658.7314,5160.96,502.22860000000037
rennes,1,100000,4753.845,5256.1147,502.26969999999983
nantes,1,100000,4664.5127,5166.7583,502.2456000000002
lyon,1,100000,4641.772,5144.1387,502.3667000000005
lyon,1,100000,4647.7417,5150.0703,502.32860000000073
lyon,1,100000,4653.1196,5155.486,502.3663999999999
lyon,1,100000,4659.464,5161.722,502.2579999999998
lyon,1,100000,4664.254,5166.618,502.3640000000005
nancy,1,100000,4698.5615,5200.9365,502.375
nancy,1,100000,4702.213,5204.5864,502.3734000000004
nancy,1,100000,4706.1255,5208.4766,502.35109999999986
nancy,1,100000,4710.391,5212.762,502.3710000000001
rennes,1,100000,4758.691,5261.0054,502.3144000000002
nancy,1,100000,4714.133,5216.506,502.3730000000005
lyon,1,100000,4613.5933,5115.9204,502.3270999999995
lyon,1,100000,4619.528,5121.8564,502.3283999999994
lyon,1,100000,4624.7515,5127.112,502.3604999999998
lyon,1,100000,4630.945,5133.2686,502.3236000000006
lyon,1,100000,4636.3438,5138.669,502.3252000000002
lyon,1,100000,4600.0874,5102.412,502.3245999999999
lyon,1,100000,4605.8765,5108.315,502.4384999999993
lyon,1,100000,4611.7993,5114.1885,502.3892000000005
lyon,1,100000,4618.095,5120.4575,502.3625000000002
rennes,1,100000,4736.383,5238.6577,502.27469999999994
lyon,1,100000,4623.66,5126.098,502.4380000000001
nancy,1,100000,4672.3066,5174.7183,502.41170000000056
nancy,1,100000,4676.137,5178.513,502.3760000000002
nancy,1,100000,4680.1885,5182.5757,502.3872000000001
nancy,1,100000,4684.115,5186.4893,502.3743000000004
nancy,1,100000,4688.179,5190.5117,502.33269999999993
rennes,1,100000,4582.5977,5084.933,502.33529999999973
rennes,1,100000,4587.475,5089.765,502.28999999999996
rennes,1,100000,4592.333,5094.2944,501.96140000000014
rennes,1,100000,4597.13,5099.4795,502.34950000000026
rennes,1,100000,4741.1045,5243.4463,502.34179999999924
rennes,1,100000,4601.6885,5103.992,502.3035
nantes,1,100000,4528.1025,5030.4316,502.3290999999999
nantes,1,100000,4534.121,5036.4346,502.3135999999995
nantes,1,100000,4539.0635,5041.3945,502.33100000000013
nantes,1,100000,4546.2407,5048.5815,502.34079999999994
nantes,1,100000,4552.193,5054.5205,502.3274999999994
nancy,1,100000,4631.172,5133.475,502.3030000000008
nancy,1,100000,4634.5693,5136.8745,502.3051999999998
nancy,1,100000,4638.662,5140.9673,502.3053
nancy,1,100000,4642.7695,5145.077,502.3074999999999
rennes,1,100000,4745.9634,5248.245,502.28160000000025
nancy,1,100000,4646.8066,5149.104,502.2974000000004
nantes,1,100000,4513.996,5016.3115,502.3154999999997
nantes,1,100000,4520.2583,5022.5796,502.3212999999996
nantes,1,100000,4525.2427,5027.549,502.3063000000002
nantes,1,100000,4532.1187,5034.448,502.32930000000033
nantes,1,100000,4537.451,5039.733,502.28200000000015
lyon,1,100000,4522.31,5024.684,502.3739999999998
lyon,1,100000,4528.643,5030.978,502.33500000000004
lyon,1,100000,4533.5034,5035.9233,502.4199000000008
lyon,1,100000,4539.71,5042.1304,502.4204
rennes,1,100000,4750.38,5252.7046,502.3245999999999
lyon,1,100000,4545.75,5048.1343,502.3842999999997
nancy,1,100000,4598.318,5100.6772,502.3591999999999
nancy,1,100000,4602.373,5104.7817,502.40869999999995
nancy,1,100000,4606.348,5108.7197,502.3716999999997
nancy,1,100000,4610.7065,5113.079,502.3724999999995
nancy,1,100000,4614.4365,5116.81,502.3735000000006
nantes,1,100000,4483.7925,4986.1353,502.34280000000035
nantes,1,100000,4490.1426,4992.456,502.3134
nantes,1,100000,4495.1396,4997.48,502.34039999999914
nantes,1,100000,4501.796,5004.1157,502.3197
rennes,2,100000,4638.7905,5141.041,502.2505000000001
rennes,2,100000,4667.4707,5169.7437,502.27300000000014
nantes,2,100000,4448.5757,4950.754,502.1782999999996
nantes,2,100000,4554.1943,5056.3936,502.1993000000002
nantes,2,100000,4560.6025,5062.846,502.2434999999996
nantes,2,100000,4566.0186,5068.244,502.22539999999935
nantes,2,100000,4572.564,5074.7983,502.2343000000001
nantes,2,100000,4578.2144,5080.454,502.2395999999999
rennes,2,100000,4577.8276,5080.0894,502.2618000000002
rennes,2,100000,4582.298,5084.5337,502.2357000000002
rennes,2,100000,4587.118,5089.2627,502.14469999999983
rennes,2,100000,4592.37,5094.597,502.22699999999986
rennes,2,100000,4643.413,5145.672,502.259
rennes,2,100000,4596.783,5099.0474,502.2644
nancy,2,100000,4647.3735,5149.7476,502.3741
nancy,2,100000,4651.1284,5153.501,502.3726000000006
nancy,2,100000,4655.0737,5157.499,502.4252999999999
nancy,2,100000,4659.2085,5161.582,502.3735000000006
nancy,2,100000,4663.221,5165.5864,502.3654000000006
rennes,2,100000,4574.799,5077.0264,502.22739999999976
rennes,2,100000,4579.4404,5081.6636,502.22319999999945
rennes,2,100000,4584.0015,5086.2173,502.21579999999994
rennes,2,100000,4589.1724,5091.378,502.2055999999993
rennes,2,100000,4648.2793,5150.527,502.2476999999999
rennes,2,100000,4593.9316,5096.134,502.2024000000001
lyon,2,100000,4553.382,5055.666,502.28400000000056
lyon,2,100000,4559.1216,5061.4062,502.28459999999995
lyon,2,100000,4564.378,5066.6772,502.2992000000004
lyon,2,100000,4570.8706,5073.134,502.2633999999998
lyon,2,100000,4576.3057,5078.585,502.27930000000015
nantes,2,100000,4543.011,5045.1763,502.16529999999966
nantes,2,100000,4549.4253,5051.6836,502.2583000000004
nantes,2,100000,4554.494,5056.6567,502.16269999999986
nantes,2,100000,4561.4404,5063.6167,502.1762999999992
rennes,2,100000,4653.333,5155.5806,502.2476000000006
nantes,2,100000,4566.544,5068.826,502.28200000000015
lyon,2,100000,4552.8853,5055.0127,502.1274000000003
lyon,2,100000,4559.045,5061.175,502.1300000000001
lyon,2,100000,4564.0547,5066.179,502.1243000000004
lyon,2,100000,4570.1777,5072.3223,502.1445999999996
lyon,2,100000,4576.324,5078.456,502.1320000000005
nancy,2,100000,4641.578,5143.815,502.23699999999917
nancy,2,100000,4645.3667,5147.6167,502.25
nancy,2,100000,4649.1895,5151.402,502.21249999999964
nancy,2,100000,4653.2593,5155.516,502.2566999999999
rennes,2,100000,4658.0884,5160.3623,502.27390000000014
nancy,2,100000,4657.2764,5159.532,502.2556000000004
lyon,2,100000,4546.3984,5048.558,502.15959999999995
lyon,2,100000,4552.5034,5054.6777,502.1743000000006
lyon,2,100000,4557.698,5059.848,502.14999999999964
lyon,2,100000,4563.853,5066.01,502.15700000000015
lyon,2,100000,4569.4736,5071.6436,502.1700000000001
lyon,2,100000,4551.7134,5053.7217,502.0083000000004
lyon,2,100000,4557.4473,5059.7446,502.2973000000002
lyon,2,100000,4562.817,5065.0913,502.27430000000004
lyon,2,100000,4569.3247,5071.6377,502.3130000000001
rennes,2,100000,4648.0063,5150.2397,502.2334000000001
lyon,2,100000,4575.0093,5077.291,502.28170000000046
nancy,2,100000,4625.2285,5127.4624,502.2339000000002
nancy,2,100000,4628.7446,5131.004,502.2593999999999
nancy,2,100000,4632.8105,5135.0625,502.2520000000004
nancy,2,100000,4636.5854,5138.836,502.2506000000003
nancy,2,100000,4640.495,5142.7773,502.28229999999985
rennes,2,100000,4573.9185,5076.1934,502.27490000000034
rennes,2,100000,4578.7793,5081.037,502.2577000000001
rennes,2,100000,4583.2363,5085.511,502.27470000000085
rennes,2,100000,4588.312,5090.563,502.2510000000002
rennes,2,100000,4652.6636,5154.9873,502.3236999999999
rennes,2,100000,4593.117,5095.3574,502.2403999999997
nantes,2,100000,4488.3525,4990.4995,502.14699999999993
nantes,2,100000,4494.232,4996.4126,502.1805999999997
nantes,2,100000,4499.457,5001.626,502.16899999999987
nantes,2,100000,4506.53,5008.6953,502.16530000000057
nantes,2,100000,4511.781,5013.935,502.15400000000045
nancy,2,100000,4615.985,5118.2227,502.2377000000006
nancy,2,100000,4619.6274,5121.865,502.2375999999995
nancy,2,100000,4623.499,5125.7363,502.2372999999998
nancy,2,100000,4627.351,5129.5864,502.2354000000005
rennes,2,100000,4657.5693,5159.8877,502.3184000000001
nancy,2,100000,4631.05,5133.263,502.21299999999974
nantes,2,100000,4482.55,4984.8784,502.3283999999994
nantes,2,100000,4488.2676,4990.5996,502.3319999999994
nantes,2,100000,4493.6133,4995.872,502.2587000000003
nantes,2,100000,4500.5615,5002.8125,502.2510000000002
nantes,2,100000,4506.375,5008.6216,502.2466000000004
lyon,2,100000,4491.432,4993.638,502.20600000000013
lyon,2,100000,4497.532,4999.754,502.22199999999975
lyon,2,100000,4502.6743,5004.896,502.22170000000006
lyon,2,100000,4509.103,5011.318,502.21500000000015
rennes,2,100000,4662.5674,5164.849,502.28160000000025
lyon,2,100000,4514.5645,5016.775,502.21049999999923
nancy,2,100000,4564.3345,5066.679,502.34450000000015
nancy,2,100000,4568.035,5070.3486,502.3136000000004
nancy,2,100000,4572.1523,5074.4194,502.2671
nancy,2,100000,4576.169,5078.521,502.35199999999986
nancy,2,100000,4580.1494,5082.466,502.3166000000001
nantes,2,100000,4424.7188,4926.902,502.1832000000004
nantes,2,100000,4430.6997,4932.892,502.1922999999997
nantes,2,100000,4436.136,4938.3115,502.1754999999994
nantes,2,100000,4442.738,4944.9185,502.1804999999995
rennes,3,100000,4729.0083,5231.5596,502.5512999999992
rennes,3,100000,4747.2803,5249.9165,502.6361999999999
nantes,3,100000,4472.9756,4975.617,502.64140000000043
nantes,3,100000,4666.515,5169.1133,502.59829999999965
nantes,3,100000,4673.2124,5175.838,502.6255999999994
nantes,3,100000,4678.9824,5181.581,502.59860000000026
nantes,3,100000,4685.545,5188.154,502.6090000000004
nantes,3,100000,4691.213,5193.813,502.60000000000036
rennes,3,100000,4698.637,5201.216,502.57900000000063
rennes,3,100000,4703.3213,5205.8716,502.5503000000008
rennes,3,100000,4707.787,5210.3906,502.60359999999946
rennes,3,100000,4713.533,5216.1294,502.59639999999945
rennes,3,100000,4733.9487,5236.4604,502.5117
rennes,3,100000,4718.311,5220.8765,502.5655000000006
nancy,3,100000,4766.4053,5268.973,502.5676999999996
nancy,3,100000,4770.0557,5272.6265,502.5708000000004
nancy,3,100000,4773.951,5276.5195,502.5685000000003
nancy,3,100000,4777.6313,5280.2036,502.5722999999998
nancy,3,100000,4781.521,5284.096,502.5749999999998
rennes,3,100000,4669.4683,5172.1567,502.6883999999991
rennes,3,100000,4674.3877,5177.001,502.6133
rennes,3,100000,4679.3184,5182.007,502.6885999999995
rennes,3,100000,4684.6406,5187.21,502.5694000000003
rennes,3,100000,4738.602,5241.1587,502.5567000000001
rennes,3,100000,4689.299,5191.925,502.6260000000002
lyon,3,100000,4641.745,5144.3594,502.6144000000004
lyon,3,100000,4646.6343,5149.272,502.6377000000002
lyon,3,100000,4652.7607,5155.0967,502.33600000000024
lyon,3,100000,4659.648,5162.254,502.60599999999977
lyon,3,100000,4665.103,5167.686,502.58299999999963
nantes,3,100000,4613.069,5115.6875,502.6184999999996
nantes,3,100000,4619.3223,5121.916,502.59370000000035
nantes,3,100000,4624.794,5127.3804,502.58640000000014
nantes,3,100000,4631.0083,5133.6006,502.59229999999934
rennes,3,100000,4743.3257,5245.8643,502.53859999999986
nantes,3,100000,4636.613,5139.233,502.6199999999999
lyon,3,100000,4623.8545,5126.455,502.60049999999956
lyon,3,100000,4629.842,5132.416,502.5740000000005
lyon,3,100000,4634.7744,5137.356,502.5815999999995
lyon,3,100000,4641.6904,5144.264,502.5735999999997
lyon,3,100000,4646.6826,5149.296,502.6134000000002
nancy,3,100000,4712.44,5215.033,502.59300000000076
nancy,3,100000,4716.0825,5218.664,502.5814999999993
nancy,3,100000,4720.5117,5223.1445,502.6328000000003
nancy,3,100000,4724.742,5227.324,502.5819999999994
rennes,3,100000,4748.414,5250.9688,502.5547999999999
nancy,3,100000,4728.7383,5231.3325,502.59420000000046
lyon,3,100000,4602.281,5104.9023,502.6212999999998
lyon,3,100000,4608.6587,5111.344,502.6853000000001
lyon,3,100000,4613.7686,5116.4556,502.6869999999999
lyon,3,100000,4620.147,5122.7534,502.60639999999967
lyon,3,100000,4625.587,5128.2295,502.6424999999999
lyon,3,100000,4597.8154,5100.4004,502.58500000000004
lyon,3,100000,4603.8823,5106.4556,502.5733
lyon,3,100000,4608.9893,5111.577,502.58770000000004
lyon,3,100000,4615.754,5118.313,502.5590000000002
rennes,3,100000,4727.893,5230.487,502.59400000000005
lyon,3,100000,4621.1953,5123.7744,502.5790999999999
nancy,3,100000,4658.6055,5161.2007,502.59520000000066
nancy,3,100000,4662.3584,5164.9375,502.5790999999999
nancy,3,100000,4666.052,5168.6294,502.5774000000001
nancy,3,100000,4670.0806,5172.664,502.58339999999953
nancy,3,100000,4674.087,5176.665,502.5779999999995
rennes,3,100000,4578.459,5081.079,502.6199999999999
rennes,3,100000,4583.0176,5085.6914,502.6737999999996
rennes,3,100000,4587.945,5090.6284,502.6833999999999
rennes,3,100000,4592.4946,5095.0903,502.59569999999985
rennes,3,100000,4732.33,5234.951,502.6210000000001
rennes,3,100000,4597.38,5099.975,502.59500000000025
nantes,3,100000,4524.2817,5026.8164,502.53470000000016
nantes,3,100000,4530.6987,5033.264,502.5653000000002
nantes,3,100000,4535.2637,5037.783,502.51929999999993
nantes,3,100000,4542.4307,5044.9775,502.5468000000001
nantes,3,100000,4548.1636,5050.6987,502.53510000000006
nancy,3,100000,4617.7227,5120.365,502.6422999999995
nancy,3,100000,4621.688,5124.3286,502.6405999999997
nancy,3,100000,4625.526,5128.1963,502.67029999999977
nancy,3,100000,4629.312,5131.9546,502.64260000000013
rennes,3,100000,4737.0977,5239.768,502.67029999999977
nancy,3,100000,4633.2603,5135.918,502.65769999999975
nantes,3,100000,4492.368,4994.9717,502.60369999999966
nantes,3,100000,4499.2686,5001.834,502.5653999999995
nantes,3,100000,4504.8647,5007.4565,502.59180000000015
nantes,3,100000,4510.984,5013.551,502.567
nantes,3,100000,4516.7886,5019.3613,502.5726999999997
lyon,3,100000,4499.786,5002.3906,502.60459999999966
lyon,3,100000,4505.5273,5008.187,502.65970000000016
lyon,3,100000,4511.1157,5013.783,502.66730000000007
lyon,3,100000,4517.3076,5019.8936,502.58600000000024
rennes,3,100000,4742.394,5245.0713,502.6772999999994
lyon,3,100000,4523.029,5025.636,502.60699999999997
nancy,3,100000,4588.276,5090.8506,502.5745999999999
nancy,3,100000,4592.077,5094.663,502.58599999999933
nancy,3,100000,4596.038,5098.629,502.59100000000035
nancy,3,100000,4599.946,5102.559,502.6130000000003
nancy,3,100000,4603.9556,5106.53,502.5743999999995
nantes,3,100000,4448.345,4950.9907,502.64570000000003
nantes,3,100000,4454.686,4957.309,502.6230000000005
nantes,3,100000,4460.1553,4962.803,502.64769999999953
nantes,3,100000,4466.8755,4969.498,502.6224999999995
rennes,4,100000,4683.7026,5185.9844,502.28180000000066
rennes,4,100000,4686.224,5188.5005,502.27649999999994
nantes,4,100000,4411.3184,4913.578,502.2596000000003
nantes,4,100000,4611.244,5113.472,502.22800000000007
nantes,4,100000,4616.98,5119.2446,502.2646000000004
nantes,4,100000,4622.5537,5124.8066,502.2528999999995
nantes,4,100000,4629.354,5131.622,502.26800000000003
nantes,4,100000,4634.8276,5137.054,502.22640000000047
rennes,4,100000,4643.178,5145.47,502.29200000000037
rennes,4,100000,4648.163,5150.2407,502.07770000000073
rennes,4,100000,4653.187,5155.474,502.28700000000026
rennes,4,100000,4657.9736,5160.255,502.28139999999985
rennes,4,100000,4688.3203,5190.5757,502.2554
rennes,4,100000,4663.125,5165.4194,502.29439999999977
nancy,4,100000,4681.9937,5184.313,502.3193000000001
nancy,4,100000,4685.692,5187.977,502.28499999999985
nancy,4,100000,4689.7515,5192.075,502.3234999999995
nancy,4,100000,4693.392,5195.683,502.29100000000017
nancy,4,100000,4697.5703,5199.886,502.3157000000001
rennes,4,100000,4599.402,5101.7236,502.3216000000002
rennes,4,100000,4604.2334,5106.5376,502.3041999999996
rennes,4,100000,4608.7563,5111.0737,502.3173999999999
rennes,4,100000,4614.3013,5116.5977,502.2964000000002
rennes,4,100000,4693.507,5195.7905,502.28350000000046
rennes,4,100000,4619.113,5121.416,502.3029999999999
lyon,4,100000,4578.7407,5081.0684,502.3276999999998
lyon,4,100000,4584.2915,5086.6245,502.33299999999963
lyon,4,100000,4589.7285,5092.0493,502.3207999999995
lyon,4,100000,4596.375,5098.683,502.308
lyon,4,100000,4601.4087,5103.7324,502.3236999999999
nantes,4,100000,4548.1235,5050.376,502.2525000000005
nantes,4,100000,4553.8076,5056.0454,502.2377999999999
nantes,4,100000,4559.5366,5061.789,502.2523999999994
nantes,4,100000,4565.9893,5068.2188,502.22949999999946
rennes,4,100000,4698.5166,5200.7715,502.2548999999999
nantes,4,100000,4571.581,5073.8413,502.2602999999999
lyon,4,100000,4556.8438,5059.166,502.3222000000005
lyon,4,100000,4563.13,5065.425,502.2950000000001
lyon,4,100000,4567.917,5070.246,502.3289999999997
lyon,4,100000,4574.3604,5076.6675,502.3071
lyon,4,100000,4579.941,5082.295,502.35400000000027
nancy,4,100000,4621.021,5123.2764,502.2554
nancy,4,100000,4624.9253,5127.1846,502.2592999999997
nancy,4,100000,4628.7646,5131.0015,502.2368999999999
nancy,4,100000,4632.705,5134.9526,502.2475999999997
rennes,4,100000,4703.318,5205.5693,502.2512999999999
nancy,4,100000,4636.801,5139.0586,502.2575999999999
lyon,4,100000,4522.9404,5024.8516,501.91119999999955
lyon,4,100000,4528.916,5031.193,502.27700000000004
lyon,4,100000,4533.8413,5036.11,502.2686999999996
lyon,4,100000,4540.0767,5042.3506,502.27390000000014
lyon,4,100000,4545.774,5047.9946,502.22059999999965
lyon,4,100000,4504.765,5007.073,502.308
lyon,4,100000,4510.874,5012.977,502.10300000000007
lyon,4,100000,4515.8916,5018.1997,502.3081000000002
lyon,4,100000,4522.2017,5024.483,502.28130000000056
rennes,4,100000,4667.361,5169.622,502.2610000000004
lyon,4,100000,4527.704,5030.042,502.33800000000065
nancy,4,100000,4582.3413,5084.644,502.3027000000002
nancy,4,100000,4586.2617,5088.5293,502.26760000000013
nancy,4,100000,4590.429,5092.6924,502.2633999999998
nancy,4,100000,4594.2363,5096.507,502.27070000000003
nancy,4,100000,4598.396,5100.6616,502.26560000000063
rennes,4,100000,4477.7075,4979.917,502.20949999999993
rennes,4,100000,4482.1357,4984.438,502.3023000000003
rennes,4,100000,4487.0376,4989.3345,502.2969000000003
rennes,4,100000,4491.731,4994.044,502.3130000000001
rennes,4,100000,4672.031,5174.269,502.2380000000003
rennes,4,100000,4496.661,4998.981,502.3199999999997
nantes,4,100000,4437.5405,4939.976,502.4354999999996
nantes,4,100000,4443.8096,4946.258,502.4484000000002
nantes,4,100000,4449.3374,4951.7344,502.39699999999993
nantes,4,100000,4456.248,4958.6396,502.39160000000084
nantes,4,100000,4461.5913,4963.9946,502.40329999999994
nancy,4,100000,4533.76,5036.0625,502.3024999999998
nancy,4,100000,4537.561,5039.8657,502.3047000000006
nancy,4,100000,4541.5986,5043.8877,502.28909999999996
nancy,4,100000,4545.3906,5047.679,502.28840000000037
rennes,4,100000,4676.773,5179.039,502.2659999999996
nancy,4,100000,4549.5527,5051.845,502.29230000000007
nantes,4,100000,4397.5874,4899.934,502.34659999999985
nantes,4,100000,4403.5176,4905.903,502.3854000000001
nantes,4,100000,4409.215,4911.6167,502.40169999999944
nantes,4,100000,4415.5806,4917.9136,502.33299999999963
nantes,4,100000,4420.8867,4923.2197,502.33299999999963
lyon,4,100000,4410.186,4912.4688,502.28279999999995
lyon,4,100000,4415.6265,4917.923,502.29649999999947
lyon,4,100000,4421.3545,4923.663,502.3084999999992
lyon,4,100000,4427.7583,4930.09,502.3316999999997
rennes,4,100000,4681.293,5183.5396,502.2466000000004
lyon,4,100000,4433.444,4935.7607,502.3166999999994
nancy,4,100000,4502.6924,5005.027,502.33460000000014
nancy,4,100000,4506.412,5008.733,502.3209999999999
nancy,4,100000,4510.34,5012.6567,502.3166999999994
nancy,4,100000,4514.3213,5016.6436,502.3223000000007
nancy,4,100000,4517.9995,5020.3247,502.3252000000002
nantes,4,100000,4386.998,4889.3267,502.3287
nantes,4,100000,4393.2646,4895.591,502.3263999999999
nantes,4,100000,4398.9976,4901.3223,502.3247000000001
nantes,4,100000,4405.6914,4908.028,502.33660000000054
rennes,5,100000,4726.9775,5229.1978,502.22029999999995
rennes,5,100000,4731.326,5233.502,502.1760000000004
nantes,5,100000,4441.4253,4943.5747,502.14940000000024
nantes,5,100000,4686.177,5188.3027,502.1257000000005
nantes,5,100000,4692.158,5194.2954,502.1373999999996
nantes,5,100000,4698.188,5200.299,502.1109999999999
nantes,5,100000,4704.613,5206.7095,502.09649999999965
nantes,5,100000,4709.9033,5212.0107,502.10739999999987
rennes,5,100000,4714.32,5216.4937,502.1737000000003
rennes,5,100000,4719.084,5221.0117,501.9277000000002
rennes,5,100000,4723.3403,5225.5186,502.1783000000005
rennes,5,100000,4727.9795,5230.1465,502.16699999999946
rennes,5,100000,4731.712,5233.9346,502.22259999999915
rennes,5,100000,4732.3276,5234.503,502.1754000000001
nancy,5,100000,4750.502,5252.743,502.241
nancy,5,100000,4754.163,5256.402,502.2390000000005
nancy,5,100000,4757.7485,5259.991,502.2425000000003
nancy,5,100000,4761.805,5264.066,502.2609999999995
nancy,5,100000,4765.6543,5267.8965,502.2421999999997
rennes,5,100000,4695.395,5197.5806,502.1855999999998
rennes,5,100000,4699.7397,5201.9424,502.2026999999998
rennes,5,100000,4704.652,5206.829,502.1769999999997
rennes,5,100000,4709.552,5211.7695,502.21750000000065
rennes,5,100000,4736.3843,5238.5723,502.1880000000001
rennes,5,100000,4714.665,5216.514,501.84900000000016
lyon,5,100000,4659.879,5161.7593,501.8802999999998
lyon,5,100000,4665.904,5168.1714,502.2673999999997
lyon,5,100000,4670.7324,5172.9834,502.2510000000002
lyon,5,100000,4677.1265,5179.3525,502.22599999999966
lyon,5,100000,4682.6606,5184.912,502.2514000000001
nantes,5,100000,4607.0054,5109.1665,502.16110000000026
nantes,5,100000,4612.959,5115.13,502.1710000000003
nantes,5,100000,4618.198,5120.345,502.14699999999993
nantes,5,100000,4625.206,5127.384,502.1779999999999
rennes,5,100000,4741.5264,5243.716,502.1896000000006
nantes,5,100000,4630.7007,5132.854,502.15329999999994
lyon,5,100000,4619.9097,5122.067,502.15729999999985
lyon,5,100000,4626.1973,5128.4116,502.21430000000055
lyon,5,100000,4631.1113,5133.2817,502.1704
lyon,5,100000,4637.684,5139.871,502.1869999999999
lyon,5,100000,4643.0835,5145.2617,502.1782000000003
nancy,5,100000,4728.2104,5230.4756,502.2651999999998
nancy,5,100000,4732.249,5234.511,502.2620000000006
nancy,5,100000,4735.8174,5238.0977,502.28030000000035
nancy,5,100000,4739.779,5242.035,502.2559999999994
rennes,5,100000,4745.8154,5248.008,502.1925999999994
nancy,5,100000,4743.631,5245.8843,502.2532999999994
lyon,5,100000,4598.326,5100.566,502.2399999999998
lyon,5,100000,4604.2334,5106.4756,502.2421999999997
lyon,5,100000,4609.031,5111.2725,502.2415000000001
lyon,5,100000,4615.7573,5117.991,502.23369999999977
lyon,5,100000,4621.2563,5123.4927,502.2363999999998
lyon,5,100000,4598.6904,5100.8945,502.2040999999999
lyon,5,100000,4604.6406,5106.875,502.2344000000003
lyon,5,100000,4610.0835,5112.2886,502.20510000000013
lyon,5,100000,4616.482,5118.7207,502.2386999999999
rennes,5,100000,4712.365,5214.54,502.1750000000002
lyon,5,100000,4622.412,5124.652,502.2399999999998
nancy,5,100000,4666.613,5168.8564,502.2433999999994
nancy,5,100000,4670.579,5172.7974,502.21840000000066
nancy,5,100000,4674.5938,5176.8115,502.21770000000015
nancy,5,100000,4678.6357,5180.851,502.21529999999984
nancy,5,100000,4682.6475,5184.866,502.21849999999995
rennes,5,100000,4574.6934,5076.8413,502.14789999999994
rennes,5,100000,4579.123,5081.282,502.15900000000056
rennes,5,100000,4583.6284,5085.7827,502.15430000000015
rennes,5,100000,4589.433,5091.575,502.1419999999998
rennes,5,100000,4717.039,5219.1978,502.15880000000016
rennes,5,100000,4593.9565,5096.1494,502.1929
nantes,5,100000,4506.175,5008.355,502.1799999999994
nantes,5,100000,4511.8247,5013.995,502.17029999999977
nantes,5,100000,4517.455,5019.652,502.1970000000001
nantes,5,100000,4524.3765,5026.5796,502.2030999999997
nantes,5,100000,4529.9634,5032.145,502.1816000000008
nancy,5,100000,4594.539,5096.804,502.2650000000003
nancy,5,100000,4598.244,5100.511,502.26700000000073
nancy,5,100000,4602.002,5104.275,502.27299999999923
nancy,5,100000,4606.2974,5108.565,502.2675999999992
rennes,5,100000,4721.425,5223.61,502.1849999999995
nancy,5,100000,4610.495,5112.763,502.26800000000003
nantes,5,100000,4466.939,4969.1704,502.23139999999967
nantes,5,100000,4473.4185,4975.656,502.2375000000002
nantes,5,100000,4478.815,4981.04,502.22500000000036
nantes,5,100000,4485.5107,4987.7324,502.22170000000006
nantes,5,100000,4491.2847,4993.482,502.1972999999998
lyon,5,100000,4461.618,4963.782,502.16399999999976
lyon,5,100000,4467.9927,4970.1514,502.15869999999995
lyon,5,100000,4472.8687,4975.0444,502.1756999999998
lyon,5,100000,4479.428,4981.578,502.15000000000055
rennes,5,100000,4727.046,5229.2217,502.1756999999998
lyon,5,100000,4484.659,4986.8433,502.1843000000008
nancy,5,100000,4548.5303,5050.7974,502.2671
nancy,5,100000,4552.369,5054.634,502.2650000000003
nancy,5,100000,4556.667,5058.931,502.2639999999992
nancy,5,100000,4560.651,5062.9185,502.2674999999999
nancy,5,100000,4564.594,5066.8555,502.2614999999996
nantes,5,100000,4416.63,4918.7773,502.14729999999963
nantes,5,100000,4422.704,4924.8403,502.1363000000001
nantes,5,100000,4428.0117,4930.1616,502.14990000000034
nantes,5,100000,4435.6094,4937.7466,502.1372000000001
rennes,6,100000,4770.281,5272.9365,502.65549999999985
rennes,6,100000,4775.9395,5278.553,502.6134999999995
nantes,6,100000,4459.315,4961.988,502.6730000000007
nantes,6,100000,4699.46,5201.939,502.47900000000027
nantes,6,100000,4704.676,5207.293,502.6169999999993
nantes,6,100000,4711.0894,5213.698,502.6086000000005
nantes,6,100000,4716.677,5219.2827,502.60570000000007
nantes,6,100000,4723.0225,5225.6035,502.58100000000013
rennes,6,100000,4733.0273,5235.6484,502.6211000000003
rennes,6,100000,4737.589,5240.19,502.60099999999966
rennes,6,100000,4742.3013,5244.886,502.58470000000034
rennes,6,100000,4747.292,5249.895,502.60300000000007
rennes,6,100000,4774.596,5277.2417,502.64570000000003
rennes,6,100000,4752.3047,5254.9194,502.6147000000001
nancy,6,100000,4780.1353,5282.799,502.66370000000006
nancy,6,100000,4783.7676,5286.43,502.66240000000016
nancy,6,100000,4787.489,5290.1523,502.66330000000016
nancy,6,100000,4791.1562,5293.8354,502.6791999999996
nancy,6,100000,4794.974,5297.6357,502.66169999999966
rennes,6,100000,4678.1387,5180.767,502.6282999999994
rennes,6,100000,4682.68,5185.3237,502.6436999999996
rennes,6,100000,4687.6367,5190.2593,502.6225999999997
rennes,6,100000,4692.3296,5194.9824,502.65279999999984
rennes,6,100000,4779.4272,5282.0557,502.6284999999998
rennes,6,100000,4697.5034,5200.123,502.6196
lyon,6,100000,4658.3916,5161.033,502.64140000000043
lyon,6,100000,4665.1143,5167.4487,502.33439999999973
lyon,6,100000,4669.6353,5172.3213,502.6859999999997
lyon,6,100000,4676.3823,5178.998,502.6156999999994
lyon,6,100000,4681.4844,5184.1255,502.6410999999998
nantes,6,100000,4629.7305,5132.3496,502.6190999999999
nantes,6,100000,4636.041,5138.6484,502.60739999999987
nantes,6,100000,4641.3145,5143.931,502.6164999999992
nantes,6,100000,4648.243,5150.809,502.5659999999998
rennes,6,100000,4784.0854,5286.747,502.66160000000036
nantes,6,100000,4654.0444,5156.6694,502.625
lyon,6,100000,4639.776,5142.3896,502.6136000000006
lyon,6,100000,4646.0034,5148.6074,502.60400000000027
lyon,6,100000,4650.943,5153.5933,502.65030000000024
lyon,6,100000,4657.2925,5159.897,502.60450000000037
lyon,6,100000,4662.438,5165.066,502.6279999999997
nancy,6,100000,4707.174,5209.6914,502.5173999999997
nancy,6,100000,4710.889,5213.406,502.5169999999998
nancy,6,100000,4714.681,5217.205,502.52400000000034
nancy,6,100000,4718.5156,5221.031,502.5154000000002
rennes,6,100000,4789.0156,5291.589,502.5734000000002
nancy,6,100000,4722.3237,5224.8438,502.52009999999973
lyon,6,100000,4623.183,5125.5728,502.3897999999999
lyon,6,100000,4629.5615,5132.1943,502.6328000000003
lyon,6,100000,4635.0557,5137.722,502.66629999999986
lyon,6,100000,4641.571,5144.1963,502.6252999999997
lyon,6,100000,4647.215,5149.831,502.616
lyon,6,100000,4597.32,5099.9663,502.64630000000034
lyon,6,100000,4603.3105,5105.9604,502.64990000000034
lyon,6,100000,4608.087,5110.761,502.674
lyon,6,100000,4614.855,5117.501,502.64600000000064
rennes,6,100000,4757.031,5259.651,502.6199999999999
lyon,6,100000,4621.219,5123.8945,502.6755000000003
nancy,6,100000,4672.2124,5174.8716,502.65920000000006
nancy,6,100000,4675.8594,5178.519,502.65959999999995
nancy,6,100000,4680.1504,5182.813,502.66259999999966
nancy,6,100000,4683.9424,5186.6045,502.66210000000046
nancy,6,100000,4687.8174,5190.4365,502.6190999999999
rennes,6,100000,4573.4946,5076.147,502.65239999999994
rennes,6,100000,4577.935,5080.594,502.65899999999965
rennes,6,100000,4582.6685,5085.338,502.66949999999997
rennes,6,100000,4587.943,5090.591,502.64800000000014
rennes,6,100000,4761.331,5263.942,502.6109999999999
rennes,6,100000,4592.7866,5095.4243,502.6376999999993
nantes,6,100000,4538.7363,5041.4062,502.6699000000008
nantes,6,100000,4545.105,5047.751,502.64600000000064
nantes,6,100000,4549.8716,5052.5566,502.6849999999995
nantes,6,100000,4556.868,5059.528,502.65999999999985
nantes,6,100000,4562.5073,5065.18,502.6727000000001
nancy,6,100000,4614.8564,5117.5454,502.6890000000003
nancy,6,100000,4618.5293,5121.2207,502.6913999999997
nancy,6,100000,4622.3325,5125.02,502.6875
nancy,6,100000,4626.1396,5128.837,502.6974
rennes,6,100000,4766.2944,5268.929,502.6346000000003
nancy,6,100000,4629.9883,5132.658,502.6697000000004
nantes,6,100000,4496.766,4999.379,502.6130000000003
nantes,6,100000,4503.0225,5005.622,502.59950000000026
nantes,6,100000,4508.2583,5010.8633,502.60499999999956
nantes,6,100000,4514.9106,5017.5117,502.60109999999986
nantes,6,100000,4520.313,5022.922,502.60899999999947
lyon,6,100000,4500.705,5003.2974,502.59240000000045
lyon,6,100000,4506.767,5009.3853,502.6183000000001
lyon,6,100000,4511.9507,5014.542,502.59130000000005
lyon,6,100000,4518.59,5021.198,502.6080000000002
rennes,6,100000,4771.412,5274.0254,502.6134000000002
lyon,6,100000,4523.652,5026.2524,502.60040000000026
nancy,6,100000,4565.6104,5068.2964,502.6860000000006
nancy,6,100000,4569.3906,5072.0605,502.66989999999987
nancy,6,100000,4573.2344,5075.9053,502.6709000000001
nancy,6,100000,4577.023,5079.69,502.66699999999946
nancy,6,100000,4580.9556,5083.6235,502.66789999999946
nantes,6,100000,4435.562,4938.199,502.6369999999997
nantes,6,100000,4441.822,4944.5117,502.6896999999999
nantes,6,100000,4447.1484,4949.82,502.67159999999967
nantes,6,100000,4453.7383,4956.417,502.6787000000004
rennes,7,100000,4750.65,5252.3804,501.7304000000004
rennes,7,100000,4770.4116,5272.0796,501.66799999999967
nantes,7,100000,4538.474,5040.085,501.6109999999999
nantes,7,100000,4710.7783,5212.2065,501.4282000000003
nantes,7,100000,4716.5127,5218.185,501.6723000000002
nantes,7,100000,4722.1104,5223.761,501.65060000000085
nantes,7,100000,4728.0967,5229.7427,501.64599999999973
nantes,7,100000,4734.08,5235.7124,501.6324000000004
rennes,7,100000,4746.957,5248.435,501.47800000000007
rennes,7,100000,4751.006,5252.749,501.7429999999995
rennes,7,100000,4756.1133,5257.8164,501.7030999999997
rennes,7,100000,4760.74,5262.475,501.7350000000006
rennes,7,100000,4755.143,5256.874,501.73099999999977
rennes,7,100000,4765.71,5267.435,501.72500000000036
nancy,7,100000,4805.2075,5306.8745,501.66699999999946
nancy,7,100000,4808.761,5310.4443,501.6832999999997
nancy,7,100000,4812.5117,5314.178,501.66629999999986
nancy,7,100000,4816.081,5317.7764,501.6953999999996
nancy,7,100000,4819.916,5321.5874,501.6714000000002
rennes,7,100000,4724.1704,5225.7925,501.6220999999996
rennes,7,100000,4728.796,5230.431,501.6349999999993
rennes,7,100000,4733.2793,5234.899,501.6197000000002
rennes,7,100000,4738.295,5239.9463,501.65129999999954
rennes,7,100000,4759.871,5261.5947,501.72369999999955
rennes,7,100000,4742.402,5244.043,501.6409999999996
lyon,7,100000,4695.4106,5197.1787,501.76810000000023
lyon,7,100000,4701.68,5203.4277,501.7476999999999
lyon,7,100000,4706.7954,5208.5566,501.7611999999999
lyon,7,100000,4713.715,5215.25,501.53499999999985
lyon,7,100000,4718.826,5220.5874,501.7614000000003
nantes,7,100000,4665.991,5167.686,501.6949999999997
nantes,7,100000,4672.0093,5173.6865,501.6772000000001
nantes,7,100000,4677.6055,5179.3013,501.6958000000004
nantes,7,100000,4684.354,5186.03,501.6759999999995
rennes,7,100000,4764.3076,5266.0254,501.71780000000035
nantes,7,100000,4689.962,5191.656,501.6939999999995
lyon,7,100000,4666.2715,5167.935,501.66350000000057
lyon,7,100000,4672.1567,5173.8057,501.64900000000034
lyon,7,100000,4676.8984,5178.6904,501.79200000000037
lyon,7,100000,4683.659,5185.3013,501.64230000000043
lyon,7,100000,4688.982,5190.702,501.72000000000025
nancy,7,100000,4731.1323,5232.8804,501.7480999999998
nancy,7,100000,4734.4365,5236.176,501.7395000000006
nancy,7,100000,4738.6104,5240.3354,501.72500000000036
nancy,7,100000,4742.54,5244.288,501.7479999999996
rennes,7,100000,4769.7036,5271.4224,501.71880000000056
nancy,7,100000,4746.1406,5247.8896,501.7490000000007
lyon,7,100000,4654.804,5156.5244,501.72040000000015
lyon,7,100000,4660.4355,5162.1777,501.7422000000006
lyon,7,100000,4665.6294,5167.3296,501.7002000000002
lyon,7,100000,4671.9155,5173.6396,501.72410000000036
lyon,7,100000,4677.461,5179.182,501.72099999999955
lyon,7,100000,4632.8477,5134.538,501.6902999999993
lyon,7,100000,4638.5713,5140.2905,501.71920000000046
lyon,7,100000,4643.8203,5145.5103,501.6899999999996
lyon,7,100000,4650.014,5151.691,501.6769999999997
rennes,7,100000,4751.2954,5252.963,501.66759999999977
lyon,7,100000,4655.1694,5156.891,501.72159999999985
nancy,7,100000,4705.9814,5207.7334,501.7520000000004
nancy,7,100000,4710.029,5211.782,501.7529999999997
nancy,7,100000,4714.026,5215.7793,501.7533000000003
nancy,7,100000,4718.1113,5219.863,501.7517000000007
nancy,7,100000,4722.213,5223.9688,501.7557999999999
rennes,7,100000,4618.5303,5120.2036,501.6732999999995
rennes,7,100000,4623.018,5124.6807,501.66269999999986
rennes,7,100000,4627.588,5129.261,501.6730000000007
rennes,7,100000,4632.253,5133.9062,501.65320000000065
rennes,7,100000,4755.9585,5257.6787,501.72020000000066
rennes,7,100000,4637.501,5139.1714,501.6704
nantes,7,100000,4576.969,5078.672,501.7029999999995
nantes,7,100000,4583.3164,5085.0293,501.71290000000045
nantes,7,100000,4589.096,5090.825,501.72900000000027
nantes,7,100000,4595.9854,5097.711,501.72560000000067
nantes,7,100000,4601.418,5103.131,501.71300000000065
nancy,7,100000,4660.8374,5162.6226,501.78519999999935
nancy,7,100000,4664.3574,5166.1406,501.78319999999985
nancy,7,100000,4668.2617,5170.0425,501.78079999999954
nancy,7,100000,4672.5454,5174.3267,501.78129999999965
rennes,7,100000,4760.6294,5262.349,501.71960000000036
nancy,7,100000,4676.412,5178.169,501.7569999999996
nantes,7,100000,4542.7925,5044.2495,501.45700000000033
nantes,7,100000,4548.859,5050.5645,501.70550000000003
nantes,7,100000,4554.1865,5055.8657,501.6792000000005
nantes,7,100000,4560.6577,5062.3496,501.6918999999998
nantes,7,100000,4566.422,5068.0977,501.6757000000007
lyon,7,100000,4554.332,5055.9746,501.6425999999992
lyon,7,100000,4560.1562,5061.8003,501.6440999999995
lyon,7,100000,4565.132,5066.7563,501.6243000000004
lyon,7,100000,4571.865,5073.531,501.66600000000017
rennes,7,100000,4765.699,5267.4033,501.70430000000033
lyon,7,100000,4577.1445,5078.7783,501.6337999999996
nancy,7,100000,4638.429,5140.22,501.79100000000017
nancy,7,100000,4642.0073,5143.7764,501.7690999999995
nancy,7,100000,4645.737,5147.5127,501.77570000000014
nancy,7,100000,4649.6094,5151.3833,501.77390000000014
nancy,7,100000,4653.5654,5155.3447,501.77929999999924
nantes,7,100000,4514.579,5016.184,501.6050000000005
nantes,7,100000,4520.754,5022.4,501.64599999999973
nantes,7,100000,4526.0884,5027.693,501.6046000000006
nantes,7,100000,4532.5615,5034.1753,501.6138000000001
rennes,8,100000,4770.7188,5273.4766,502.7578000000003
rennes,8,100000,4781.202,5283.9307,502.72869999999966
nantes,8,100000,4417.107,4919.8457,502.7386999999999
nantes,8,100000,4703.6357,5206.2383,502.60260000000017
nantes,8,100000,4709.7446,5212.3804,502.6358
nantes,8,100000,4715.3403,5217.9443,502.60400000000027
nantes,8,100000,4721.6445,5224.3164,502.67189999999937
nantes,8,100000,4727.2827,5229.8877,502.6050000000005
rennes,8,100000,4711.034,5213.777,502.7430000000004
rennes,8,100000,4715.637,5218.3413,502.70430000000033
rennes,8,100000,4720.647,5223.4,502.7529999999997
rennes,8,100000,4725.2095,5227.655,502.4454999999998
rennes,8,100000,4775.5386,5278.245,502.70640000000003
rennes,8,100000,4729.796,5232.553,502.7569999999996
nancy,8,100000,4762.6997,5265.457,502.7573000000002
nancy,8,100000,4766.2505,5269.0044,502.7538999999997
nancy,8,100000,4770.051,5272.8076,502.7565999999997
nancy,8,100000,4773.8823,5276.638,502.7556999999997
nancy,8,100000,4777.9224,5280.682,502.7595999999994
rennes,8,100000,4693.267,5195.9824,502.71540000000005
rennes,8,100000,4697.8154,5200.5225,502.7070999999996
rennes,8,100000,4702.4736,5205.2065,502.7329
rennes,8,100000,4707.3105,5210.049,502.7385000000004
rennes,8,100000,4780.1597,5282.8887,502.72900000000027
rennes,8,100000,4712.151,5214.9023,502.7512999999999
lyon,8,100000,4645.1074,5147.4097,502.3023000000003
lyon,8,100000,4651.034,5153.739,502.7049999999999
lyon,8,100000,4656.198,5158.9146,502.71659999999974
lyon,8,100000,4662.271,5164.971,502.6999999999998
lyon,8,100000,4667.915,5170.597,502.6819999999998
nantes,8,100000,4633.4688,5136.155,502.6862000000001
nantes,8,100000,4639.3877,5142.0845,502.6967999999997
nantes,8,100000,4644.785,5147.1826,502.39760000000024
nantes,8,100000,4650.936,5153.6323,502.6963000000005
rennes,8,100000,4785.282,5287.9883,502.7062999999998
nantes,8,100000,4656.767,5159.4375,502.6705000000002
lyon,8,100000,4625.885,5128.591,502.70600000000013
lyon,8,100000,4631.956,5134.657,502.701
lyon,8,100000,4637.204,5139.909,502.7049999999999
lyon,8,100000,4643.675,5146.4067,502.73169999999936
lyon,8,100000,4649.0625,5151.7725,502.71000000000004
nancy,8,100000,4698.365,5201.1016,502.7366000000002
nancy,8,100000,4702.1855,5204.924,502.7385000000004
nancy,8,100000,4706.1636,5208.918,502.7543999999998
nancy,8,100000,4710.282,5213.0205,502.7384999999995
rennes,8,100000,4790.1904,5292.718,502.52759999999944
nancy,8,100000,4714.154,5216.9043,502.7502999999997
lyon,8,100000,4496.1006,4998.749,502.64840000000004
lyon,8,100000,4501.768,5004.439,502.6710000000003
lyon,8,100000,4506.989,5009.6333,502.64430000000084
lyon,8,100000,4513.2197,5015.89,502.6703000000007
lyon,8,100000,4518.921,5021.593,502.67199999999957
lyon,8,100000,4498.504,5001.253,502.7489999999998
lyon,8,100000,4505.182,5007.9263,502.7443000000003
lyon,8,100000,4510.352,5013.081,502.72900000000027
lyon,8,100000,4517.223,5019.655,502.4319999999998
rennes,8,100000,4762.635,5265.388,502.7529999999997
lyon,8,100000,4522.421,5025.152,502.73099999999977
nancy,8,100000,4567.379,5070.061,502.6819999999998
nancy,8,100000,4571.3296,5073.992,502.66240000000016
nancy,8,100000,4575.0938,5077.7544,502.66060000000016
nancy,8,100000,4579.3154,5081.9717,502.65629999999965
nancy,8,100000,4583.14,5085.7905,502.65049999999974
rennes,8,100000,4480.79,4983.2583,502.46830000000045
rennes,8,100000,4485.1484,4987.8457,502.6972999999998
rennes,8,100000,4490.013,4992.6997,502.6867000000002
rennes,8,100000,4494.931,4997.621,502.6900000000005
rennes,8,100000,4767.017,5269.701,502.6840000000002
rennes,8,100000,4499.9272,5002.622,502.6948000000002
nantes,8,100000,4425.045,4927.704,502.65899999999965
nantes,8,100000,4431.1006,4933.7246,502.6239999999998
nantes,8,100000,4436.275,4938.9546,502.6796000000004
nantes,8,100000,4442.825,4945.4585,502.6334999999999
nantes,8,100000,4448.5684,4951.206,502.6376
nancy,8,100000,4526.5776,5029.3696,502.79200000000037
nancy,8,100000,4530.5825,5033.4077,502.8251999999993
nancy,8,100000,4534.607,5037.4297,502.8226999999997
nancy,8,100000,4538.3975,5041.22,502.8225000000002
rennes,8,100000,4771.732,5274.455,502.72299999999996
nancy,8,100000,4542.223,5045.026,502.8029999999999
nantes,8,100000,4419.6914,4922.3423,502.65090000000055
nantes,8,100000,4425.643,4928.28,502.6369999999997
nantes,8,100000,4431.325,4933.975,502.65000000000055
nantes,8,100000,4437.6807,4940.3154,502.6347000000005
nantes,8,100000,4443.482,4946.129,502.64699999999993
lyon,8,100000,4429.494,4932.166,502.6720000000005
lyon,8,100000,4435.903,4938.5806,502.6776
lyon,8,100000,4441.0005,4943.691,502.6904999999997
lyon,8,100000,4447.687,4950.348,502.66100000000006
rennes,8,100000,4776.4346,5279.1836,502.7490000000007
lyon,8,100000,4453.386,4956.063,502.6769999999997
nancy,8,100000,4484.4604,4987.178,502.71759999999995
nancy,8,100000,4488.296,4991.038,502.7419999999993
nancy,8,100000,4492.3843,4995.166,502.78170000000046
nancy,8,100000,4496.381,4999.125,502.7439999999997
nancy,8,100000,4500.3027,5003.048,502.7452999999996
nantes,8,100000,4393.06,4895.751,502.6909999999998
nantes,8,100000,4398.8955,4901.65,502.7545
nantes,8,100000,4404.688,4907.43,502.7420000000002
nantes,8,100000,4411.259,4914.0156,502.7565999999997
rennes,9,100000,4599.0054,5101.4043,502.39890000000014
rennes,9,100000,4595.5977,5097.9707,502.3729999999996
nantes,9,100000,4446.91,4949.3687,502.45870000000014
nantes,9,100000,4539.6157,5042.1353,502.5195999999996
nantes,9,100000,4545.268,5047.688,502.4200000000001
nantes,9,100000,4550.533,5052.9517,502.41869999999926
nantes,9,100000,4556.6973,5059.1104,502.41309999999976
nantes,9,100000,4562.8955,5065.2944,502.39890000000014
rennes,9,100000,4589.711,5091.841,502.1300000000001
rennes,9,100000,4593.8633,5096.289,502.4256999999998
rennes,9,100000,4598.6777,5101.1104,502.4326999999994
rennes,9,100000,4603.3867,5105.8267,502.4399999999996
rennes,9,100000,4603.6626,5106.041,502.3784000000005
rennes,9,100000,4608.427,5110.837,502.41000000000076
nancy,9,100000,4649.001,5151.4297,502.4286999999995
nancy,9,100000,4652.4805,5154.904,502.4235000000008
nancy,9,100000,4656.078,5158.4277,502.34969999999976
nancy,9,100000,4660.0884,5162.5073,502.4189000000006
nancy,9,100000,4663.9224,5166.347,502.4245999999994
rennes,9,100000,4575.6123,5078.011,502.39870000000064
rennes,9,100000,4579.909,5082.2876,502.3786
rennes,9,100000,4584.793,5087.1797,502.3867
rennes,9,100000,4589.5396,5091.9204,502.3807999999999
rennes,9,100000,4608.1562,5110.5654,502.40920000000006
rennes,9,100000,4594.201,5096.6074,502.40639999999985
lyon,9,100000,4457.9907,4960.389,502.39829999999984
lyon,9,100000,4463.734,4966.1196,502.3855999999996
lyon,9,100000,4469.2036,4971.595,502.39140000000043
lyon,9,100000,4475.479,4977.8477,502.3687
lyon,9,100000,4481.053,4983.4526,502.39959999999974
nantes,9,100000,4444.4976,4946.899,502.40140000000065
nantes,9,100000,4451.3213,4953.726,502.40470000000005
nantes,9,100000,4456.637,4958.793,502.15599999999995
nantes,9,100000,4463.7104,4966.1133,502.40290000000005
rennes,9,100000,4613.5146,5115.901,502.3863999999994
nantes,9,100000,4469.208,4971.5977,502.38970000000063
lyon,9,100000,4464.6035,4967.0923,502.4888000000001
lyon,9,100000,4470.881,4973.3516,502.47059999999965
lyon,9,100000,4475.7207,4978.2314,502.5106999999998
lyon,9,100000,4482.4395,4984.9243,502.48479999999927
lyon,9,100000,4487.74,4990.176,502.4360000000006
nancy,9,100000,4544.446,5046.8857,502.4396999999999
nancy,9,100000,4548.007,5050.436,502.4290000000001
nancy,9,100000,4551.8003,5054.2573,502.45700000000033
nancy,9,100000,4555.931,5058.371,502.4400000000005
rennes,9,100000,4618.0083,5120.297,502.28869999999915
nancy,9,100000,4559.835,5062.2866,502.4516000000003
lyon,9,100000,4466.551,4968.977,502.4259999999995
lyon,9,100000,4472.666,4975.0557,502.3896999999997
lyon,9,100000,4477.542,4979.991,502.4489999999996
lyon,9,100000,4484.1597,4986.598,502.4382999999998
lyon,9,100000,4489.3267,4991.7437,502.41700000000037
lyon,9,100000,4473.285,4975.694,502.40900000000056
lyon,9,100000,4479.215,4981.583,502.3679999999995
lyon,9,100000,4484.227,4986.6655,502.4385000000002
lyon,9,100000,4490.722,4993.117,502.39500000000044
rennes,9,100000,4577.1636,5079.536,502.3724000000002
lyon,9,100000,4495.8003,4998.205,502.40470000000005
nancy,9,100000,4542.221,5044.6826,502.46160000000054
nancy,9,100000,4545.8374,5048.2725,502.4350999999997
nancy,9,100000,4550.0146,5052.4526,502.4379999999992
nancy,9,100000,4553.898,5056.3325,502.4345000000003
nancy,9,100000,4558.07,5060.5044,502.4344000000001
rennes,9,100000,4491.12,4993.523,502.40300000000025
rennes,9,100000,4495.753,4998.147,502.39400000000023
rennes,9,100000,4500.73,5003.1577,502.4277000000002
rennes,9,100000,4505.3677,5007.775,502.40729999999985
rennes,9,100000,4581.632,5084.021,502.3890000000001
rennes,9,100000,4510.316,5012.7314,502.41539999999986
nantes,9,100000,4445.3604,4947.737,502.3766000000005
nantes,9,100000,4451.431,4953.8325,502.40150000000085
nantes,9,100000,4457.4946,4959.63,502.1354000000001
nantes,9,100000,4463.834,4966.237,502.40300000000025
nantes,9,100000,4469.9604,4972.3457,502.3852999999999
nancy,9,100000,4542.419,5044.8223,502.40329999999994
nancy,9,100000,4546.031,5048.433,502.40200000000004
nancy,9,100000,4549.898,5052.3335,502.4354999999996
nancy,9,100000,4554.069,5056.472,502.40299999999934
rennes,9,100000,4586.3027,5088.674,502.3712999999998
nancy,9,100000,4558.227,5060.616,502.3890000000001
nantes,9,100000,4439.675,4942.1123,502.4372999999996
nantes,9,100000,4446.9106,4949.3403,502.4296999999997
nantes,9,100000,4452.1924,4954.62,502.4276
nantes,9,100000,4459.6104,4962.038,502.4276
nantes,9,100000,4465.8794,4968.307,502.4276
lyon,9,100000,4450.5444,4952.8667,502.3222999999998
lyon,9,100000,4456.5493,4958.963,502.41370000000006
lyon,9,100000,4462.1533,4964.5537,502.40040000000045
lyon,9,100000,4468.297,4970.8047,502.5077000000001
rennes,9,100000,4591.369,5093.753,502.384
lyon,9,100000,4473.789,4976.288,502.4989999999998
nancy,9,100000,4526.058,5028.485,502.4269999999997
nancy,9,100000,4529.9526,5032.388,502.4354000000003
nancy,9,100000,4533.639,5036.096,502.4569999999994
nancy,9,100000,4537.6475,5040.084,502.4364999999998
nancy,9,100000,4541.501,5043.939,502.4380000000001
nantes,9,100000,4422.292,4924.472,502.1799999999994
nantes,9,100000,4428.86,4931.3457,502.4857000000002
nantes,9,100000,4434.4556,4936.937,502.48139999999967
nantes,9,100000,4440.9126,4943.3955,502.4829
rennes,0,1000000,4757.561,6666.839,1909.2780000000002
rennes,0,1000000,4764.417,6673.739,1909.3219999999992
nantes,0,1000000,4507.168,6416.572,1909.4040000000005
nantes,0,1000000,4705.7554,6615.1006,1909.3451999999997
nantes,0,1000000,4712.1943,6621.488,1909.2937000000002
nantes,0,1000000,4717.712,6626.983,1909.2709999999997
nantes,0,1000000,4723.9814,6633.2173,1909.2359000000006
nantes,0,1000000,4729.7593,6639.0054,1909.2461000000003
rennes,0,1000000,4719.377,6628.548,1909.1709999999994
rennes,0,1000000,4724.226,6633.4043,1909.1783000000005
rennes,0,1000000,4728.696,6637.8525,1909.1565
rennes,0,1000000,4733.5903,6642.7188,1909.1284999999998
rennes,0,1000000,4761.766,6671.0386,1909.2726000000002
rennes,0,1000000,4738.266,6647.431,1909.165
nancy,0,1000000,4783.4077,6692.6807,1909.2730000000001
nancy,0,1000000,4787.149,6696.421,1909.272
nancy,0,1000000,4791.1626,6700.434,1909.2714000000005
nancy,0,1000000,4794.962,6704.302,1909.3399999999992
nancy,0,1000000,4798.9727,6708.262,1909.2892999999995
rennes,0,1000000,4690.835,6599.9326,1909.0976
rennes,0,1000000,4695.523,6604.6006,1909.0775999999996
rennes,0,1000000,4700.0835,6609.16,1909.0765000000001
rennes,0,1000000,4704.975,6614.0317,1909.0566999999992
rennes,0,1000000,4767.0796,6676.3467,1909.2671
rennes,0,1000000,4709.5464,6618.596,1909.0495999999994
lyon,0,1000000,4646.922,6556.146,1909.2240000000002
lyon,0,1000000,4652.9834,6561.9683,1908.9849000000004
lyon,0,1000000,4658.337,6567.559,1909.2219999999998
lyon,0,1000000,4664.5596,6573.8325,1909.2729000000008
lyon,0,1000000,4670.393,6579.6274,1909.2344000000003
nantes,0,1000000,4622.6235,6531.9585,1909.335
nantes,0,1000000,4628.875,6538.03,1909.1549999999997
nantes,0,1000000,4634.1997,6543.345,1909.1453000000001
nantes,0,1000000,4640.6494,6549.7944,1909.1449999999995
rennes,0,1000000,4772.049,6681.3213,1909.2722999999996
nantes,0,1000000,4646.06,6555.4126,1909.3525999999993
lyon,0,1000000,4619.503,6528.6753,1909.1723000000002
lyon,0,1000000,4625.3843,6534.547,1909.1626999999999
lyon,0,1000000,4630.4453,6539.6597,1909.2143999999998
lyon,0,1000000,4636.79,6545.9927,1909.2026999999998
lyon,0,1000000,4642.417,6551.2456,1908.8285999999998
nancy,0,1000000,4700.175,6609.649,1909.4740000000002
nancy,0,1000000,4703.578,6613.047,1909.4689999999991
nancy,0,1000000,4707.2114,6616.6953,1909.4839000000002
nancy,0,1000000,4710.9585,6620.4272,1909.4687000000004
rennes,0,1000000,4777.121,6686.164,1909.0429999999997
nancy,0,1000000,4714.8115,6624.282,1909.4705000000004
lyon,0,1000000,4591.233,6500.493,1909.2600000000002
lyon,0,1000000,4597.0117,6506.3584,1909.3467
lyon,0,1000000,4602.1914,6511.4478,1909.2564000000002
lyon,0,1000000,4608.594,6517.8833,1909.2893000000004
lyon,0,1000000,4613.8564,6523.1616,1909.3052000000007
lyon,0,1000000,4593.642,6503.0874,1909.4454000000005
lyon,0,1000000,4600.2803,6509.6045,1909.3242
lyon,0,1000000,4605.233,6514.5444,1909.3113999999996
lyon,0,1000000,4611.4595,6520.771,1909.3114999999998
rennes,0,1000000,4745.7085,6654.926,1909.2175000000007
lyon,0,1000000,4616.504,6525.8545,1909.3505000000005
nancy,0,1000000,4674.252,6583.3394,1909.0873999999994
nancy,0,1000000,4677.906,6587.0215,1909.1154999999999
nancy,0,1000000,4681.5093,6590.623,1909.1136999999999
nancy,0,1000000,4685.5776,6594.676,1909.0984000000008
nancy,0,1000000,4689.491,6598.5874,1909.0964000000004
rennes,0,1000000,4580.5767,6489.768,1909.1913000000004
rennes,0,1000000,4585.131,6494.287,1909.156
rennes,0,1000000,4589.865,6499.04,1909.1750000000002
rennes,0,1000000,4594.8696,6504.05,1909.1804000000002
rennes,0,1000000,4750.254,6659.424,1909.17
rennes,0,1000000,4599.582,6508.738,1909.156
nantes,0,1000000,4521.298,6430.536,1909.2380000000003
nantes,0,1000000,4527.4536,6436.6943,1909.2407000000003
nantes,0,1000000,4533.1094,6442.351,1909.2415999999994
nantes,0,1000000,4539.8965,6449.1606,1909.2641000000003
nantes,0,1000000,4545.568,6454.857,1909.2889999999998
nancy,0,1000000,4625.987,6535.4077,1909.4206999999997
nancy,0,1000000,4629.5947,6539.0186,1909.4239000000007
nancy,0,1000000,4633.8423,6543.2773,1909.4349999999995
nancy,0,1000000,4637.713,6547.141,1909.4279999999999
rennes,0,1000000,4755.0435,6664.2676,1909.2241000000004
nancy,0,1000000,4641.6147,6551.0786,1909.4638999999997
nantes,0,1000000,4513.6143,6423.075,1909.4606999999996
nantes,0,1000000,4520.261,6429.598,1909.3369999999995
nantes,0,1000000,4525.8145,6435.038,1909.2234999999991
nantes,0,1000000,4532.275,6441.6143,1909.3393000000005
nantes,0,1000000,4538.1787,6447.533,1909.3543
lyon,0,1000000,4520.907,6430.05,1909.143
lyon,0,1000000,4525.4395,6434.5825,1909.143
lyon,0,1000000,4532.097,6441.227,1909.13
lyon,0,1000000,4537.9365,6447.0874,1909.1509000000005
rennes,0,1000000,4759.287,6668.486,1909.1989999999996
lyon,0,1000000,4543.126,6452.2925,1909.1664999999994
nancy,0,1000000,4592.2295,6501.4336,1909.2041
nancy,0,1000000,4595.986,6505.126,1909.1400000000003
nancy,0,1000000,4599.908,6509.0273,1909.1192999999994
nancy,0,1000000,4603.8486,6512.9663,1909.1176999999998
nancy,0,1000000,4607.7515,6516.8867,1909.1351999999997
nantes,0,1000000,4483.763,6393.1987,1909.4357
nantes,0,1000000,4490.0386,6399.462,1909.4234000000006
nantes,0,1000000,4495.29,6404.7036,1909.4135999999999
nantes,0,1000000,4502.243,6411.629,1909.3859999999995
rennes,1,1000000,4757.74,10093.699,5335.959000000001
rennes,1,1000000,4760.693,10096.682,5335.9890000000005
nantes,1,1000000,4493.9634,9829.749,5335.7856
nantes,1,1000000,4695.494,10031.353,5335.8589999999995
nantes,1,1000000,4701.2344,10037.08,5335.8456
nantes,1,1000000,4706.608,10042.431,5335.823
nantes,1,1000000,4713.4917,10049.316,5335.824300000001
nantes,1,1000000,4719.7925,10055.616,5335.8235
rennes,1,1000000,4724.256,10060.178,5335.922
rennes,1,1000000,4729.2783,10064.966,5335.6877
rennes,1,1000000,4733.7896,10069.682,5335.892400000001
rennes,1,1000000,4738.546,10074.46,5335.913999999999
rennes,1,1000000,4762.3604,10098.283,5335.9226
rennes,1,1000000,4743.348,10079.265,5335.9169999999995
nancy,1,1000000,4786.7383,10122.6,5335.8617
nancy,1,1000000,4790.341,10126.236,5335.895
nancy,1,1000000,4793.9707,10129.856,5335.8853
nancy,1,1000000,4797.913,10133.803,5335.89
nancy,1,1000000,4801.6577,10137.55,5335.8922999999995
rennes,1,1000000,4691.6533,10027.558,5335.904700000001
rennes,1,1000000,4696.0967,10032.005,5335.908299999999
rennes,1,1000000,4701.315,10037.255,5335.94
rennes,1,1000000,4705.2764,10041.176,5335.8996
rennes,1,1000000,4766.788,10102.728,5335.94
rennes,1,1000000,4710.5396,10046.431,5335.8914
lyon,1,1000000,4664.5483,10000.46,5335.911699999999
lyon,1,1000000,4670.7744,10006.64,5335.865599999999
lyon,1,1000000,4675.531,10011.402,5335.871
lyon,1,1000000,4682.454,10018.311,5335.857
lyon,1,1000000,4687.817,10023.722,5335.905
nantes,1,1000000,4622.9253,9958.762,5335.836700000001
nantes,1,1000000,4627.7,9963.528,5335.828
nantes,1,1000000,4633.9434,9969.543,5335.5996
nantes,1,1000000,4640.4717,9976.298,5335.826300000001
rennes,1,1000000,4772.17,10108.138,5335.968000000001
nantes,1,1000000,4646.2114,9982.035,5335.8236
lyon,1,1000000,4634.6543,9970.545,5335.8907
lyon,1,1000000,4640.1895,9976.105,5335.915499999999
lyon,1,1000000,4645.7773,9981.718,5335.940700000001
lyon,1,1000000,4652.7847,9988.704,5335.9193
lyon,1,1000000,4658.537,9994.039,5335.502
nancy,1,1000000,4690.531,10026.463,5335.932
nancy,1,1000000,4694.244,10030.178,5335.934
nancy,1,1000000,4698.333,10034.304,5335.9710000000005
nancy,1,1000000,4702.316,10038.244,5335.928000000001
rennes,1,1000000,4776.7993,10112.744,5335.944700000001
nancy,1,1000000,4706.5625,10042.498,5335.9355
lyon,1,1000000,4612.2666,9948.13,5335.863399999999
lyon,1,1000000,4618.6606,9954.5,5335.8394
lyon,1,1000000,4624.07,9959.934,5335.864
lyon,1,1000000,4630.593,9966.437,5335.844
lyon,1,1000000,4635.5244,9971.371,5335.846599999999
lyon,1,1000000,4612.9976,9948.844,5335.846399999999
lyon,1,1000000,4619.372,9955.258,5335.8859999999995
lyon,1,1000000,4624.2104,9960.067,5335.856599999999
lyon,1,1000000,4630.8384,9966.711,5335.8726
rennes,1,1000000,4741.9746,10077.974,5335.999400000001
lyon,1,1000000,4636.322,9972.192,5335.869999999999
nancy,1,1000000,4663.8867,9999.79,5335.903300000001
nancy,1,1000000,4667.4478,10003.337,5335.8892
nancy,1,1000000,4671.442,10007.332,5335.89
nancy,1,1000000,4675.8604,10011.751,5335.890600000001
nancy,1,1000000,4679.7812,10015.67,5335.8888
rennes,1,1000000,4587.444,9923.329,5335.884999999999
rennes,1,1000000,4592.218,9928.099,5335.881
rennes,1,1000000,4596.8276,9932.693,5335.8654
rennes,1,1000000,4601.8154,9937.703,5335.887599999999
rennes,1,1000000,4746.4014,10082.378,5335.976600000001
rennes,1,1000000,4606.573,9942.444,5335.870999999999
nantes,1,1000000,4541.4487,9877.265,5335.8162999999995
nantes,1,1000000,4546.665,9882.467,5335.802000000001
nantes,1,1000000,4553.559,9889.418,5335.8589999999995
nantes,1,1000000,4558.621,9894.436,5335.815
nantes,1,1000000,4565.887,9901.706,5335.819
nancy,1,1000000,4639.3447,9975.249,5335.9043
nancy,1,1000000,4643.075,9979.0,5335.925
nancy,1,1000000,4647.0474,9982.952,5335.904599999999
nancy,1,1000000,4650.9844,9986.889,5335.904599999999
rennes,1,1000000,4751.072,10087.058,5335.986000000001
nancy,1,1000000,4654.7456,9990.653,5335.9074
nantes,1,1000000,4508.114,9843.892,5335.778
nantes,1,1000000,4512.999,9848.812,5335.813
nantes,1,1000000,4519.0366,9854.812,5335.7753999999995
nantes,1,1000000,4525.7554,9861.563,5335.8076
nantes,1,1000000,4531.445,9867.219,5335.773999999999
lyon,1,1000000,4497.2227,9833.098,5335.8753
lyon,1,1000000,4503.241,9839.128,5335.887000000001
lyon,1,1000000,4508.5728,9844.401,5335.8282
lyon,1,1000000,4515.126,9850.979,5335.852999999999
rennes,1,1000000,4755.7617,10091.756,5335.994299999999
lyon,1,1000000,4520.9253,9856.777,5335.8517
nancy,1,1000000,4572.6763,9908.589,5335.9127
nancy,1,1000000,4576.5615,9912.471,5335.9095
nancy,1,1000000,4580.562,9916.46,5335.897999999999
nancy,1,1000000,4584.691,9920.598,5335.907
nancy,1,1000000,4588.5195,9924.428,5335.9085
nantes,1,1000000,4469.6855,9805.508,5335.8225
nantes,1,1000000,4475.6274,9811.459,5335.8316
nantes,1,1000000,4481.13,9816.941,5335.811000000001
nantes,1,1000000,4487.884,9823.712,5335.8279999999995
rennes,2,1000000,4764.872,10100.159,5335.286999999999
rennes,2,1000000,4776.7075,10112.009,5335.3015
nantes,2,1000000,4485.926,9821.155,5335.229
nantes,2,1000000,4698.7974,10034.044,5335.2465999999995
nantes,2,1000000,4703.731,10038.973,5335.242
nantes,2,1000000,4709.574,10044.805,5335.231000000001
nantes,2,1000000,4715.728,10050.991,5335.263
nantes,2,1000000,4721.975,10057.207,5335.232
rennes,2,1000000,4732.5483,10067.897,5335.3487000000005
rennes,2,1000000,4737.2866,10072.633,5335.346399999999
rennes,2,1000000,4742.1885,10077.554,5335.3655
rennes,2,1000000,4747.3223,10082.67,5335.3477
rennes,2,1000000,4769.6724,10104.932,5335.2596
rennes,2,1000000,4752.0415,10087.382,5335.340499999999
nancy,2,1000000,4791.6577,10126.987,5335.329299999999
nancy,2,1000000,4795.737,10131.05,5335.312999999999
nancy,2,1000000,4800.0483,10135.355,5335.306699999999
nancy,2,1000000,4804.1504,10139.472,5335.321599999999
nancy,2,1000000,4807.7964,10143.111,5335.314600000001
rennes,2,1000000,4730.7705,10066.041,5335.2705
rennes,2,1000000,4735.5137,10070.821,5335.3072999999995
rennes,2,1000000,4740.262,10075.537,5335.275000000001
rennes,2,1000000,4744.7173,10079.995,5335.277700000001
rennes,2,1000000,4774.271,10109.586,5335.315
rennes,2,1000000,4749.6855,10084.957,5335.271500000001
lyon,2,1000000,4670.8633,10006.033,5335.1696999999995
lyon,2,1000000,4677.077,10012.285,5335.208
lyon,2,1000000,4681.898,10017.075,5335.177000000001
lyon,2,1000000,4688.7935,10023.971,5335.1775
lyon,2,1000000,4694.6816,10029.84,5335.1584
nantes,2,1000000,4634.176,9969.331,5335.155
nantes,2,1000000,4640.3853,9975.54,5335.154700000001
nantes,2,1000000,4645.441,9980.575,5335.134000000001
nantes,2,1000000,4651.939,9987.114,5335.174999999999
rennes,2,1000000,4779.414,10114.669,5335.255
nantes,2,1000000,4657.7544,9992.899,5335.1446
lyon,2,1000000,4650.427,9985.7295,5335.3025
lyon,2,1000000,4656.456,9991.758,5335.302
lyon,2,1000000,4661.64,9996.931,5335.291
lyon,2,1000000,4668.094,10003.462,5335.3679999999995
lyon,2,1000000,4673.508,10008.799,5335.291000000001
nancy,2,1000000,4715.7573,10051.055,5335.2977
nancy,2,1000000,4719.642,10054.978,5335.335999999999
nancy,2,1000000,4723.641,10058.935,5335.294
nancy,2,1000000,4727.879,10063.175,5335.295999999999
rennes,2,1000000,4784.1787,10119.44,5335.2613
nancy,2,1000000,4731.958,10067.254,5335.296000000001
lyon,2,1000000,4626.994,9962.238,5335.244
lyon,2,1000000,4633.237,9968.461,5335.223999999999
lyon,2,1000000,4638.4414,9973.685,5335.2436
lyon,2,1000000,4644.7227,9979.951,5335.228299999999
lyon,2,1000000,4650.2,9985.448,5335.2480000000005
lyon,2,1000000,4609.957,9945.242,5335.285
lyon,2,1000000,4615.8184,9951.073,5335.2546
lyon,2,1000000,4621.234,9956.518,5335.284
lyon,2,1000000,4627.6436,9962.911,5335.2674
rennes,2,1000000,4757.602,10092.916,5335.313999999999
lyon,2,1000000,4633.3135,9968.628,5335.3145
nancy,2,1000000,4630.4614,9965.73,5335.268599999999
nancy,2,1000000,4634.5474,9969.84,5335.2926
nancy,2,1000000,4638.757,9974.052,5335.295
nancy,2,1000000,4642.918,9978.207,5335.289000000001
nancy,2,1000000,4646.9624,9982.253,5335.2906
rennes,2,1000000,4582.3843,9917.697,5335.3127
rennes,2,1000000,4587.2515,9922.534,5335.282499999999
rennes,2,1000000,4591.497,9926.791,5335.293999999999
rennes,2,1000000,4596.588,9931.855,5335.267
rennes,2,1000000,4762.4023,10097.761,5335.358700000001
rennes,2,1000000,4601.1973,9936.471,5335.2737
nantes,2,1000000,4529.0474,9864.112,5335.064599999999
nantes,2,1000000,4534.946,9870.256,5335.3099999999995
nantes,2,1000000,4539.951,9875.254,5335.303000000001
nantes,2,1000000,4546.5703,9881.923,5335.3527
nantes,2,1000000,4551.9604,9887.261,5335.3006000000005
nancy,2,1000000,4630.276,9965.504,5335.228000000001
nancy,2,1000000,4634.398,9969.632,5335.2339999999995
nancy,2,1000000,4638.4233,9973.654,5335.2307
nancy,2,1000000,4642.3574,9977.59,5335.2326
rennes,2,1000000,4767.0586,10102.438,5335.3794
nancy,2,1000000,4646.4966,9981.732,5335.2354
nantes,2,1000000,4492.5156,9827.758,5335.2424
nantes,2,1000000,4498.6694,9833.929,5335.2596
nantes,2,1000000,4503.958,9839.2,5335.242000000001
nantes,2,1000000,4510.786,9846.048,5335.262000000001
nantes,2,1000000,4516.589,9851.823,5335.234
lyon,2,1000000,4500.8535,9836.159,5335.3054999999995
lyon,2,1000000,4506.692,9841.977,5335.285000000001
lyon,2,1000000,4511.545,9846.836,5335.290999999999
lyon,2,1000000,4517.898,9853.18,5335.282
rennes,2,1000000,4772.29,10107.599,5335.309
lyon,2,1000000,4523.5425,9858.841,5335.298500000001
nancy,2,1000000,4574.0645,9909.339,5335.2744999999995
nancy,2,1000000,4577.612,9912.867,5335.255
nancy,2,1000000,4581.425,9916.683,5335.258000000001
nancy,2,1000000,4585.3657,9920.619,5335.2533
nancy,2,1000000,4588.882,9924.139,5335.257
nantes,2,1000000,4462.201,9797.441,5335.240000000001
nantes,2,1000000,4468.545,9803.796,5335.251
nantes,2,1000000,4473.6084,9808.848,5335.2396
nantes,2,1000000,4479.987,9815.2295,5335.242499999999
rennes,3,1000000,4750.326,10099.123,5348.797
rennes,3,1000000,4772.7363,10121.563,5348.8267000000005
nantes,3,1000000,4455.415,9804.2295,5348.8144999999995
nantes,3,1000000,4685.1597,10033.98,5348.820299999999
nantes,3,1000000,4691.1646,10039.971,5348.8063999999995
nantes,3,1000000,4697.0737,10045.894,5348.8203
nantes,3,1000000,4703.8545,10052.626,5348.7715
nantes,3,1000000,4709.24,10058.059,5348.8189999999995
rennes,3,1000000,4734.555,10083.282,5348.726999999999
rennes,3,1000000,4739.1113,10087.836,5348.7247
rennes,3,1000000,4743.89,10092.611,5348.7210000000005
rennes,3,1000000,4748.86,10097.587,5348.727
rennes,3,1000000,4754.6074,10103.411,5348.8036
rennes,3,1000000,4753.2915,10102.029,5348.7375
nancy,3,1000000,4768.3906,10117.221,5348.8304
nancy,3,1000000,4772.196,10121.032,5348.835999999999
nancy,3,1000000,4776.095,10124.926,5348.830999999999
nancy,3,1000000,4779.909,10128.745,5348.836000000001
nancy,3,1000000,4783.784,10132.614,5348.83
rennes,3,1000000,4693.517,10042.276,5348.759
rennes,3,1000000,4697.918,10046.659,5348.741
rennes,3,1000000,4702.311,10051.054,5348.743
rennes,3,1000000,4707.1895,10055.909,5348.719499999999
rennes,3,1000000,4759.788,10108.582,5348.794000000001
rennes,3,1000000,4711.9595,10060.689,5348.7295
lyon,3,1000000,4665.4414,10014.265,5348.8236
lyon,3,1000000,4671.526,10020.386,5348.860000000001
lyon,3,1000000,4676.3745,10025.164,5348.789500000001
lyon,3,1000000,4682.7935,10031.606,5348.8125
lyon,3,1000000,4688.5474,10037.3955,5348.8481
nantes,3,1000000,4629.267,9977.998,5348.731
nantes,3,1000000,4635.8525,9984.562,5348.7095
nantes,3,1000000,4641.3335,9990.011,5348.677500000001
nantes,3,1000000,4648.177,9996.861,5348.684000000001
rennes,3,1000000,4764.6606,10113.449,5348.7884
nantes,3,1000000,4653.811,10002.527,5348.716
lyon,3,1000000,4631.481,9980.276,5348.795
lyon,3,1000000,4637.2607,9986.082,5348.8213000000005
lyon,3,1000000,4642.335,9991.152,5348.817
lyon,3,1000000,4648.347,9997.151,5348.804
lyon,3,1000000,4653.5513,10002.085,5348.533699999999
nancy,3,1000000,4722.037,10070.821,5348.784
nancy,3,1000000,4725.586,10074.398,5348.811999999999
nancy,3,1000000,4729.39,10078.19,5348.8
nancy,3,1000000,4733.0356,10081.852,5348.816400000001
rennes,3,1000000,4769.252,10118.038,5348.786
nancy,3,1000000,4737.25,10086.072,5348.822
lyon,3,1000000,4613.9907,9962.797,5348.8063
lyon,3,1000000,4620.312,9969.147,5348.835000000001
lyon,3,1000000,4625.6714,9974.459,5348.787600000001
lyon,3,1000000,4631.6777,9980.537,5348.8593
lyon,3,1000000,4637.7246,9986.527,5348.8024000000005
lyon,3,1000000,4610.2876,9959.045,5348.7574
lyon,3,1000000,4616.747,9965.501,5348.754
lyon,3,1000000,4621.4517,9970.167,5348.7153
lyon,3,1000000,4628.2856,9976.984,5348.6984
rennes,3,1000000,4754.2866,10103.101,5348.8144
lyon,3,1000000,4633.787,9982.515,5348.727999999999
nancy,3,1000000,4667.9214,10016.736,5348.814600000001
nancy,3,1000000,4671.758,10020.571,5348.813
nancy,3,1000000,4675.4497,10024.263,5348.813300000001
nancy,3,1000000,4679.3794,10028.193,5348.8135999999995
nancy,3,1000000,4683.104,10031.918,5348.813999999999
rennes,3,1000000,4574.973,9923.738,5348.764999999999
rennes,3,1000000,4579.41,9928.165,5348.755000000001
rennes,3,1000000,4584.0767,9932.839,5348.7623
rennes,3,1000000,4588.7715,9937.525,5348.7535
rennes,3,1000000,4758.1846,10107.017,5348.8324
rennes,3,1000000,4593.13,9941.89,5348.759999999999
nantes,3,1000000,4536.691,9885.45,5348.759000000001
nantes,3,1000000,4543.415,9892.159,5348.744
nantes,3,1000000,4548.2085,9896.997,5348.7885
nantes,3,1000000,4555.1416,9903.904,5348.7624000000005
nantes,3,1000000,4561.1733,9909.935,5348.761699999999
nancy,3,1000000,4614.28,9963.155,5348.875000000001
nancy,3,1000000,4617.804,9966.681,5348.877
nancy,3,1000000,4621.7,9970.577,5348.8769999999995
nancy,3,1000000,4625.4185,9974.24,5348.8215
rennes,3,1000000,4763.0586,10111.878,5348.8194
nancy,3,1000000,4628.915,9977.788,5348.8730000000005
nantes,3,1000000,4500.181,9848.961,5348.78
nantes,3,1000000,4506.5396,9855.297,5348.7574
nantes,3,1000000,4511.893,9860.705,5348.812
nantes,3,1000000,4518.2686,9867.041,5348.772399999999
nantes,3,1000000,4524.141,9872.911,5348.77
lyon,3,1000000,4498.94,9847.762,5348.822000000001
lyon,3,1000000,4505.117,9853.959,5348.842000000001
lyon,3,1000000,4510.348,9859.152,5348.804
lyon,3,1000000,4516.974,9865.786,5348.812
rennes,3,1000000,4767.757,10116.588,5348.831
lyon,3,1000000,4522.628,9871.463,5348.835
nancy,3,1000000,4563.638,9912.454,5348.816
nancy,3,1000000,4567.317,9916.124,5348.807
nancy,3,1000000,4571.343,9920.167,5348.824
nancy,3,1000000,4575.052,9923.876,5348.8240000000005
nancy,3,1000000,4578.7656,9927.553,5348.7874
nantes,3,1000000,4431.2246,9780.032,5348.8074
nantes,3,1000000,4437.591,9786.381,5348.789999999999
nantes,3,1000000,4442.8203,9791.638,5348.8177000000005
nantes,3,1000000,4449.7363,9798.525,5348.7887
rennes,4,1000000,4707.846,10048.865,5341.019
rennes,4,1000000,4714.964,10055.944,5340.98
nantes,4,1000000,4473.6426,9814.636,5340.9934
nantes,4,1000000,4643.136,9984.177,5341.040999999999
nantes,4,1000000,4649.0586,9990.067,5341.008399999999
nantes,4,1000000,4654.449,9995.462,5341.013
nantes,4,1000000,4661.3657,10002.352,5340.9863000000005
nantes,4,1000000,4666.939,10007.953,5341.013999999999
rennes,4,1000000,4686.8687,10027.913,5341.0443000000005
rennes,4,1000000,4691.5664,10032.531,5340.964600000001
rennes,4,1000000,4696.244,10037.209,5340.965000000001
rennes,4,1000000,4701.374,10042.333,5340.959000000001
rennes,4,1000000,4712.4663,10053.456,5340.9897
rennes,4,1000000,4706.119,10047.146,5341.027000000001
nancy,4,1000000,4744.181,10085.1875,5341.0065
nancy,4,1000000,4747.84,10088.846,5341.005999999999
nancy,4,1000000,4751.559,10092.566,5341.0070000000005
nancy,4,1000000,4755.535,10096.559,5341.023999999999
nancy,4,1000000,4759.4385,10100.453,5341.014499999999
rennes,4,1000000,4651.746,9992.735,5340.9890000000005
rennes,4,1000000,4656.8145,9997.77,5340.9555
rennes,4,1000000,4661.2676,10002.217,5340.9494
rennes,4,1000000,4666.486,10007.429,5340.943
rennes,4,1000000,4716.807,10057.812,5341.005
rennes,4,1000000,4670.819,10011.763,5340.944
lyon,4,1000000,4603.638,9944.653,5341.015
lyon,4,1000000,4610.052,9951.025,5340.973
lyon,4,1000000,4614.8955,9955.871,5340.9755
lyon,4,1000000,4621.125,9962.085,5340.959999999999
lyon,4,1000000,4626.7095,9967.69,5340.980500000001
nantes,4,1000000,4602.317,9943.308,5340.991000000001
nantes,4,1000000,4608.8564,9949.856,5340.9996
nantes,4,1000000,4613.5303,9954.469,5340.938699999999
nantes,4,1000000,4619.9624,9960.914,5340.9516
rennes,4,1000000,4721.8994,10062.888,5340.988600000001
nantes,4,1000000,4625.5356,9966.413,5340.8774
lyon,4,1000000,4594.9126,9935.685,5340.7724
lyon,4,1000000,4599.075,9940.084,5341.009000000001
lyon,4,1000000,4604.7666,9945.8125,5341.0459
lyon,4,1000000,4611.1064,9952.088,5340.9816
lyon,4,1000000,4616.4653,9957.483,5341.0177
nancy,4,1000000,4682.0513,10023.0625,5341.0112
nancy,4,1000000,4685.715,10026.726,5341.011
nancy,4,1000000,4689.544,10030.56,5341.016
nancy,4,1000000,4693.344,10034.358,5341.014
rennes,4,1000000,4727.174,10068.184,5341.009999999999
nancy,4,1000000,4697.282,10038.297,5341.015
lyon,4,1000000,4552.352,9893.392,5341.04
lyon,4,1000000,4558.3784,9899.428,5341.0496
lyon,4,1000000,4563.388,9904.39,5341.0019999999995
lyon,4,1000000,4570.0103,9911.0,5340.9897
lyon,4,1000000,4575.313,9916.367,5341.054
lyon,4,1000000,4559.495,9900.486,5340.991000000001
lyon,4,1000000,4565.4263,9906.464,5341.0377
lyon,4,1000000,4570.8633,9911.906,5341.042700000001
lyon,4,1000000,4577.491,9918.254,5340.763000000001
rennes,4,1000000,4695.5815,10036.56,5340.978499999999
lyon,4,1000000,4582.326,9923.341,5341.015
nancy,4,1000000,4644.464,9985.47,5341.005999999999
nancy,4,1000000,4648.2935,9989.297,5341.003500000001
nancy,4,1000000,4652.0845,9993.093,5341.008500000001
nancy,4,1000000,4656.232,9997.24,5341.008
nancy,4,1000000,4660.3843,10001.389,5341.0046999999995
rennes,4,1000000,4555.505,9896.523,5341.017999999999
rennes,4,1000000,4559.9966,9901.011,5341.0144
rennes,4,1000000,4564.946,9905.971,5341.025
rennes,4,1000000,4569.8335,9910.838,5341.0045
rennes,4,1000000,4700.2866,10041.292,5341.005399999999
rennes,4,1000000,4574.6294,9915.654,5341.024600000001
nantes,4,1000000,4488.4014,9829.453,5341.0516
nantes,4,1000000,4494.9043,9835.919,5341.0147
nantes,4,1000000,4499.9194,9840.972,5341.0526
nantes,4,1000000,4506.3296,9847.352,5341.022400000001
nantes,4,1000000,4512.095,9853.129,5341.034000000001
nancy,4,1000000,4592.9023,9933.915,5341.012700000001
nancy,4,1000000,4596.815,9937.831,5341.0160000000005
nancy,4,1000000,4600.789,9941.807,5341.018000000001
nancy,4,1000000,4604.8315,9945.827,5340.995499999999
rennes,4,1000000,4704.981,10045.963,5340.982
nancy,4,1000000,4608.963,9950.011,5341.048000000001
nantes,4,1000000,4481.447,9822.4375,5340.9905
nantes,4,1000000,4487.6074,9828.608,5341.0006
nantes,4,1000000,4492.7847,9833.777,5340.9923
nantes,4,1000000,4499.3975,9840.392,5340.9945
nantes,4,1000000,4505.3247,9846.319,5340.994299999999
lyon,4,1000000,4496.2544,9837.296,5341.0416000000005
lyon,4,1000000,4502.022,9843.0625,5341.0405
lyon,4,1000000,4507.3677,9848.427,5341.0593
lyon,4,1000000,4513.891,9854.879,5340.988000000001
rennes,4,1000000,4709.469,10050.462,5340.9929999999995
lyon,4,1000000,4519.4644,9860.486,5341.021600000001
nancy,4,1000000,4573.496,9914.555,5341.059
nancy,4,1000000,4577.3755,9918.3955,5341.02
nancy,4,1000000,4581.4673,9922.487,5341.019699999999
nancy,4,1000000,4585.5835,9926.605,5341.0215
nancy,4,1000000,4589.4385,9930.455,5341.0165
nantes,4,1000000,4450.695,9791.717,5341.022000000001
nantes,4,1000000,4456.3345,9797.521,5341.186500000001
nantes,4,1000000,4461.867,9802.861,5340.994000000001
nantes,4,1000000,4468.181,9809.187,5341.006
rennes,5,1000000,4680.269,10023.052,5342.782999999999
rennes,5,1000000,4669.673,10012.487,5342.813999999999
nantes,5,1000000,4429.1694,9771.976,5342.806600000001
nantes,5,1000000,4620.2197,9963.137,5342.917300000001
nantes,5,1000000,4626.619,9969.486,5342.867000000001
nantes,5,1000000,4631.9336,9974.795,5342.8614
nantes,5,1000000,4638.5605,9981.394,5342.833500000001
nantes,5,1000000,4644.5283,9987.447,5342.9187
rennes,5,1000000,4644.0303,9986.794,5342.7636999999995
rennes,5,1000000,4648.2617,9991.063,5342.8013
rennes,5,1000000,4653.587,9996.351,5342.764
rennes,5,1000000,4658.24,10001.018,5342.778
rennes,5,1000000,4684.6416,10027.44,5342.798400000001
rennes,5,1000000,4663.1685,10005.949,5342.780500000001
nancy,5,1000000,4682.496,10025.309,5342.812999999999
nancy,5,1000000,4686.165,10028.977,5342.812000000001
nancy,5,1000000,4690.0435,10032.857,5342.8135
nancy,5,1000000,4693.7983,10036.593,5342.7947
nancy,5,1000000,4697.612,10040.426,5342.813999999999
rennes,5,1000000,4602.6626,9945.453,5342.7904
rennes,5,1000000,4607.2524,9950.053,5342.8006
rennes,5,1000000,4611.9224,9954.71,5342.787599999999
rennes,5,1000000,4616.98,9959.805,5342.825000000001
rennes,5,1000000,4689.1987,10031.991,5342.7923
rennes,5,1000000,4621.206,9964.004,5342.798000000001
lyon,5,1000000,4550.814,9893.363,5342.548999999999
lyon,5,1000000,4555.9717,9898.873,5342.9012999999995
lyon,5,1000000,4561.643,9904.484,5342.841
lyon,5,1000000,4567.861,9910.699,5342.838000000001
lyon,5,1000000,4573.133,9916.02,5342.887000000001
nantes,5,1000000,4544.8706,9887.69,5342.8194
nantes,5,1000000,4551.0376,9893.842,5342.804400000001
nantes,5,1000000,4556.7964,9899.643,5342.8466
nantes,5,1000000,4563.3057,9906.116,5342.8103
rennes,5,1000000,4694.424,10037.229,5342.804999999999
nantes,5,1000000,4568.9473,9911.78,5342.832700000001
lyon,5,1000000,4551.861,9894.641,5342.78
lyon,5,1000000,4557.9517,9900.776,5342.8243
lyon,5,1000000,4563.2812,9906.107,5342.8258
lyon,5,1000000,4569.614,9912.462,5342.848
lyon,5,1000000,4575.095,9917.932,5342.837
nancy,5,1000000,4613.7295,9956.537,5342.8075
nancy,5,1000000,4617.8535,9960.656,5342.802500000001
nancy,5,1000000,4621.7505,9964.528,5342.7775
nancy,5,1000000,4625.6494,9968.456,5342.8066
rennes,5,1000000,4698.883,10041.683,5342.800000000001
nancy,5,1000000,4629.623,9972.431,5342.808000000001
lyon,5,1000000,4499.6753,9842.475,5342.7997000000005
lyon,5,1000000,4505.446,9848.279,5342.8330000000005
lyon,5,1000000,4511.2593,9854.079,5342.8197
lyon,5,1000000,4517.738,9860.541,5342.802999999999
lyon,5,1000000,4523.4297,9866.2295,5342.7998
lyon,5,1000000,4510.5996,9853.434,5342.8344
lyon,5,1000000,4515.654,9858.53,5342.876
lyon,5,1000000,4521.1636,9864.024,5342.8604
lyon,5,1000000,4527.5986,9870.42,5342.8214
rennes,5,1000000,4650.465,9993.281,5342.816000000001
lyon,5,1000000,4533.333,9876.198,5342.865000000001
nancy,5,1000000,4583.717,9926.518,5342.801
nancy,5,1000000,4587.4556,9930.257,5342.801399999999
nancy,5,1000000,4591.485,9934.288,5342.803000000001
nancy,5,1000000,4595.6904,9938.496,5342.805599999999
nancy,5,1000000,4599.29,9942.095,5342.804999999999
rennes,5,1000000,4507.845,9850.656,5342.811000000001
rennes,5,1000000,4513.1787,9855.934,5342.755299999999
rennes,5,1000000,4517.834,9860.695,5342.861
rennes,5,1000000,4522.998,9865.802,5342.804
rennes,5,1000000,4654.9414,9997.746,5342.8045999999995
rennes,5,1000000,4527.531,9870.341,5342.81
nantes,5,1000000,4443.67,9786.445,5342.775
nantes,5,1000000,4449.4863,9792.297,5342.810700000001
nantes,5,1000000,4455.2935,9798.078,5342.7845
nantes,5,1000000,4461.589,9804.388,5342.799000000001
nantes,5,1000000,4466.987,9809.779,5342.792
nancy,5,1000000,4557.784,9900.599,5342.8150000000005
nancy,5,1000000,4561.73,9904.543,5342.813
nancy,5,1000000,4565.569,9908.384,5342.815
nancy,5,1000000,4569.3687,9912.184,5342.815299999999
rennes,5,1000000,4659.686,10002.515,5342.829
nancy,5,1000000,4573.408,9916.226,5342.818
nantes,5,1000000,4421.418,9763.835,5342.4169999999995
nantes,5,1000000,4427.1206,9770.018,5342.8974
nantes,5,1000000,4433.0444,9775.876,5342.8316
nantes,5,1000000,4440.256,9783.115,5342.8589999999995
nantes,5,1000000,4446.1934,9789.055,5342.8616
lyon,5,1000000,4428.229,9771.064,5342.835
lyon,5,1000000,4433.968,9776.863,5342.8949999999995
lyon,5,1000000,4439.294,9782.135,5342.841
lyon,5,1000000,4445.914,9788.771,5342.857000000001
rennes,5,1000000,4665.4604,10008.024,5342.5635999999995
lyon,5,1000000,4451.161,9793.958,5342.7970000000005
nancy,5,1000000,4511.0054,9853.837,5342.8315999999995
nancy,5,1000000,4514.5835,9857.417,5342.8335
nancy,5,1000000,4518.539,9861.375,5342.836
nancy,5,1000000,4522.075,9864.908,5342.833
nancy,5,1000000,4525.9097,9868.743,5342.8333
nantes,5,1000000,4404.726,9747.557,5342.831000000001
nantes,5,1000000,4411.1714,9754.014,5342.842599999999
nantes,5,1000000,4416.42,9759.255,5342.834999999999
nantes,5,1000000,4422.84,9765.689,5342.849
rennes,6,1000000,4691.7637,10022.089,5330.3252999999995
rennes,6,1000000,4686.3413,10016.6045,5330.263199999999
nantes,6,1000000,4448.125,9778.43,5330.305
nantes,6,1000000,4601.7227,9931.989,5330.266299999999
nantes,6,1000000,4607.9785,9938.228,5330.249499999999
nantes,6,1000000,4613.257,9943.526,5330.269
nantes,6,1000000,4619.9565,9950.207,5330.2505
nantes,6,1000000,4625.4165,9955.687,5330.2705
rennes,6,1000000,4617.377,9947.657,5330.279999999999
rennes,6,1000000,4621.8516,9952.139,5330.287399999999
rennes,6,1000000,4626.342,9956.611,5330.269000000001
rennes,6,1000000,4631.5244,9961.806,5330.2816
rennes,6,1000000,4696.146,10026.474,5330.328
rennes,6,1000000,4636.1245,9966.412,5330.2875
nancy,6,1000000,4691.4883,10021.802,5330.3137
nancy,6,1000000,4695.0654,10025.382,5330.316599999999
nancy,6,1000000,4699.1396,10029.453,5330.313399999999
nancy,6,1000000,4702.9355,10033.302,5330.3665
nancy,6,1000000,4706.864,10037.18,5330.316000000001
rennes,6,1000000,4612.3457,9942.635,5330.2893
rennes,6,1000000,4617.2485,9947.527,5330.2785
rennes,6,1000000,4622.112,9952.401,5330.289
rennes,6,1000000,4626.6733,9956.951,5330.277699999999
rennes,6,1000000,4700.5474,10030.873,5330.325599999999
rennes,6,1000000,4631.59,9961.871,5330.280999999999
lyon,6,1000000,4568.518,9898.812,5330.294
lyon,6,1000000,4574.4053,9904.745,5330.3397
lyon,6,1000000,4579.762,9910.091,5330.329000000001
lyon,6,1000000,4586.453,9916.722,5330.268999999999
lyon,6,1000000,4591.9604,9922.251,5330.2906
nantes,6,1000000,4557.0835,9887.277,5330.1935
nantes,6,1000000,4563.834,9894.016,5330.182
nantes,6,1000000,4569.275,9899.23,5329.955
nantes,6,1000000,4575.8413,9906.066,5330.224700000001
rennes,6,1000000,4706.1416,10036.486,5330.344400000001
nantes,6,1000000,4581.552,9911.757,5330.205
lyon,6,1000000,4566.304,9896.596,5330.2919999999995
lyon,6,1000000,4572.053,9902.329,5330.276
lyon,6,1000000,4577.2573,9907.554,5330.2967
lyon,6,1000000,4583.2505,9913.575,5330.324500000001
lyon,6,1000000,4588.5117,9918.855,5330.3432999999995
nancy,6,1000000,4645.47,9975.781,5330.311000000001
nancy,6,1000000,4649.7515,9980.015,5330.263499999999
nancy,6,1000000,4653.7217,9983.997,5330.275299999999
nancy,6,1000000,4658.0103,9988.311,5330.3007
rennes,6,1000000,4710.29,10040.622,5330.331999999999
nancy,6,1000000,4662.1855,9992.49,5330.3045
lyon,6,1000000,4543.748,9874.003,5330.255000000001
lyon,6,1000000,4549.485,9879.737,5330.2519999999995
lyon,6,1000000,4555.2476,9885.501,5330.2534000000005
lyon,6,1000000,4561.6445,9891.887,5330.2425
lyon,6,1000000,4567.2427,9897.5,5330.2573
lyon,6,1000000,4516.042,9846.27,5330.228
lyon,6,1000000,4521.6025,9851.862,5330.259499999999
lyon,6,1000000,4527.1255,9857.364,5330.2384999999995
lyon,6,1000000,4533.5806,9863.811,5330.2303999999995
rennes,6,1000000,4666.882,9997.12,5330.238000000001
lyon,6,1000000,4539.247,9869.518,5330.271
nancy,6,1000000,4608.111,9938.416,5330.304999999999
nancy,6,1000000,4611.8945,9942.186,5330.291499999999
nancy,6,1000000,4615.756,9946.046,5330.29
nancy,6,1000000,4619.992,9950.281,5330.289000000001
nancy,6,1000000,4624.0063,9954.295,5330.2887
rennes,6,1000000,4520.6777,9850.981,5330.3033
rennes,6,1000000,4524.917,9855.237,5330.319999999999
rennes,6,1000000,4529.9126,9860.116,5330.2034
rennes,6,1000000,4534.743,9865.051,5330.307999999999
rennes,6,1000000,4671.497,10001.748,5330.250999999999
rennes,6,1000000,4539.4116,9869.725,5330.3134
nantes,6,1000000,4468.299,9798.468,5330.169000000001
nantes,6,1000000,4474.6646,9804.84,5330.1754
nantes,6,1000000,4480.1733,9810.215,5330.0417
nantes,6,1000000,4486.755,9816.984,5330.229
nantes,6,1000000,4492.578,9822.751,5330.173
nancy,6,1000000,4563.2153,9893.5,5330.2847
nancy,6,1000000,4566.7954,9897.08,5330.2846
nancy,6,1000000,4571.179,9901.468,5330.289000000001
nancy,6,1000000,4575.0933,9905.378,5330.2847
rennes,6,1000000,4676.2593,10006.51,5330.2507000000005
nancy,6,1000000,4578.888,9909.19,5330.302000000001
nantes,6,1000000,4445.116,9775.391,5330.275
nantes,6,1000000,4451.3545,9781.613,5330.258499999999
nantes,6,1000000,4456.5806,9786.858,5330.2774
nantes,6,1000000,4463.3306,9793.589,5330.2584
nantes,6,1000000,4469.6074,9799.874,5330.2666
lyon,6,1000000,4448.916,9779.178,5330.262
lyon,6,1000000,4454.6963,9784.965,5330.2687000000005
lyon,6,1000000,4460.0254,9790.32,5330.294599999999
lyon,6,1000000,4466.6836,9796.903,5330.2194
rennes,6,1000000,4681.532,10011.793,5330.2609999999995
lyon,6,1000000,4471.896,9802.15,5330.254
nancy,6,1000000,4529.4736,9859.636,5330.1624
nancy,6,1000000,4533.265,9863.446,5330.181
nancy,6,1000000,4536.735,9866.917,5330.182
nancy,6,1000000,4541.2275,9871.416,5330.188499999999
nancy,6,1000000,4545.7075,9875.889,5330.181499999999
nantes,6,1000000,4424.3438,9754.683,5330.339200000001
nantes,6,1000000,4430.3203,9760.653,5330.3327
nantes,6,1000000,4436.0293,9766.337,5330.307699999999
nantes,6,1000000,4442.6177,9772.832,5330.214300000001
rennes,7,1000000,4729.6387,6641.546,1911.9072999999999
rennes,7,1000000,4744.775,6656.414,1911.6390000000001
nantes,7,1000000,4477.562,6389.529,1911.9670000000006
nantes,7,1000000,4667.6304,6579.609,1911.9786000000004
nantes,7,1000000,4673.7925,6585.783,1911.9905000000008
nantes,7,1000000,4679.3623,6591.336,1911.9737000000005
nantes,7,1000000,4685.377,6597.3496,1911.9725999999991
nantes,7,1000000,4691.105,6603.043,1911.938
rennes,7,1000000,4668.772,6580.82,1912.0479999999998
rennes,7,1000000,4673.356,6585.274,1911.9180000000006
rennes,7,1000000,4677.907,6589.9966,1912.0896000000002
rennes,7,1000000,4683.097,6595.0264,1911.9294
rennes,7,1000000,4734.5967,6646.481,1911.8842999999997
rennes,7,1000000,4687.7725,6599.8564,1912.0838999999996
nancy,7,1000000,4774.0195,6686.0728,1912.0532999999996
nancy,7,1000000,4777.6123,6689.673,1912.0607
nancy,7,1000000,4781.213,6693.2812,1912.0682000000006
nancy,7,1000000,4785.2676,6697.372,1912.1044000000002
nancy,7,1000000,4789.16,6701.229,1912.0690000000004
rennes,7,1000000,4658.0347,6569.927,1911.8922999999995
rennes,7,1000000,4663.1426,6574.807,1911.6643999999997
rennes,7,1000000,4667.4253,6579.302,1911.8766999999998
rennes,7,1000000,4672.6626,6584.5737,1911.9111000000003
rennes,7,1000000,4739.095,6651.0205,1911.9254999999994
rennes,7,1000000,4677.3296,6589.18,1911.8504000000003
lyon,7,1000000,4653.3096,6565.306,1911.9964
lyon,7,1000000,4659.2153,6571.2383,1912.0230000000001
lyon,7,1000000,4664.497,6576.684,1912.187
lyon,7,1000000,4670.599,6582.7866,1912.1876000000002
lyon,7,1000000,4676.5176,6588.5156,1911.9979999999996
nantes,7,1000000,4625.2407,6537.133,1911.8922999999995
nantes,7,1000000,4631.596,6543.487,1911.8910000000005
nantes,7,1000000,4636.9434,6548.814,1911.8706000000002
nantes,7,1000000,4643.5034,6555.3994,1911.8960000000006
rennes,7,1000000,4743.886,6655.754,1911.8679999999995
nantes,7,1000000,4648.941,6560.846,1911.9049999999997
lyon,7,1000000,4634.084,6546.1074,1912.0234
lyon,7,1000000,4640.398,6552.385,1911.987
lyon,7,1000000,4645.479,6557.494,1912.0149999999994
lyon,7,1000000,4651.8086,6563.8433,1912.0347000000002
lyon,7,1000000,4657.2373,6569.2544,1912.0171
nancy,7,1000000,4700.5596,6612.6875,1912.1279000000004
nancy,7,1000000,4704.3267,6616.4487,1912.1220000000003
nancy,7,1000000,4708.4214,6620.53,1912.1085999999996
nancy,7,1000000,4712.604,6624.7256,1912.1215999999995
rennes,7,1000000,4748.7905,6660.688,1911.8975
nancy,7,1000000,4716.5986,6628.7217,1912.1230999999998
lyon,7,1000000,4621.8813,6533.964,1912.0827
lyon,7,1000000,4628.2656,6540.333,1912.0674
lyon,7,1000000,4633.347,6545.418,1912.071
lyon,7,1000000,4639.6084,6551.499,1911.8905999999997
lyon,7,1000000,4645.4126,6557.4946,1912.0820000000003
lyon,7,1000000,4600.5396,6512.669,1912.1293999999998
lyon,7,1000000,4606.7993,6518.8125,1912.0132000000003
lyon,7,1000000,4611.745,6523.774,1912.0290000000005
lyon,7,1000000,4617.9106,6529.9097,1911.9991
rennes,7,1000000,4725.4795,6637.2773,1911.7977999999994
lyon,7,1000000,4623.44,6535.4604,1912.0204000000003
nancy,7,1000000,4652.1123,6564.034,1911.9216999999999
nancy,7,1000000,4655.5645,6567.465,1911.9004999999997
nancy,7,1000000,4659.812,6571.686,1911.8739999999998
nancy,7,1000000,4663.5903,6575.4688,1911.8784999999998
nancy,7,1000000,4667.3325,6579.2344,1911.9018999999998
rennes,7,1000000,4582.31,6494.3267,1912.0166999999992
rennes,7,1000000,4586.99,6498.88,1911.8900000000003
rennes,7,1000000,4591.8193,6503.771,1911.9516999999996
rennes,7,1000000,4596.8477,6508.7446,1911.8968999999997
rennes,7,1000000,4730.3564,6642.1797,1911.8233
rennes,7,1000000,4601.4927,6513.362,1911.8693000000003
nantes,7,1000000,4526.2583,6438.3594,1912.1010999999999
nantes,7,1000000,4532.008,6443.9478,1911.9398
nantes,7,1000000,4537.16,6449.0356,1911.8756000000003
nantes,7,1000000,4543.4175,6455.5337,1912.1162000000004
nantes,7,1000000,4549.749,6461.671,1911.9220000000005
nancy,7,1000000,4632.5967,6544.4834,1911.8867
nancy,7,1000000,4636.1543,6548.0195,1911.8652000000002
nancy,7,1000000,4640.126,6551.9946,1911.8685999999998
nancy,7,1000000,4643.943,6555.811,1911.8679999999995
rennes,7,1000000,4734.7285,6646.706,1911.9775
nancy,7,1000000,4647.9233,6559.8135,1911.8901999999998
nantes,7,1000000,4505.6484,6417.599,1911.9506000000001
nantes,7,1000000,4511.2046,6423.111,1911.9063999999998
nantes,7,1000000,4516.654,6428.5635,1911.9094999999998
nantes,7,1000000,4523.251,6435.175,1911.924
nantes,7,1000000,4528.933,6440.8306,1911.8976000000002
lyon,7,1000000,4508.085,6420.1064,1912.0213999999996
lyon,7,1000000,4514.141,6426.353,1912.2120000000004
lyon,7,1000000,4519.3384,6431.3213,1911.9829
lyon,7,1000000,4526.05,6438.0522,1912.0022
rennes,7,1000000,4739.8706,6651.7144,1911.8437999999996
lyon,7,1000000,4531.7065,6443.905,1912.1984999999995
nancy,7,1000000,4593.721,6505.849,1912.1280000000006
nancy,7,1000000,4597.304,6509.4043,1912.1003
nancy,7,1000000,4601.1553,6513.258,1912.1026999999995
nancy,7,1000000,4605.123,6517.223,1912.1000000000004
nancy,7,1000000,4608.8545,6520.9443,1912.0897999999997
nantes,7,1000000,4454.526,6366.4985,1911.9724999999999
nantes,7,1000000,4458.953,6370.936,1911.9829999999993
nantes,7,1000000,4465.136,6377.1,1911.964
nantes,7,1000000,4471.5347,6383.5293,1911.9946
rennes,8,1000000,4712.1206,10043.219,5331.098399999999
rennes,8,1000000,4743.4775,10074.722,5331.2445
nantes,8,1000000,4498.788,9829.94,5331.152000000001
nantes,8,1000000,4676.011,10007.179,5331.168
nantes,8,1000000,4682.8276,10013.981,5331.1534
nantes,8,1000000,4687.6763,10018.847,5331.1707
nantes,8,1000000,4694.896,10026.043,5331.147
nantes,8,1000000,4700.5806,10031.75,5331.1694
rennes,8,1000000,4698.38,10029.517,5331.137
rennes,8,1000000,4702.639,10033.776,5331.137
rennes,8,1000000,4707.6694,10038.823,5331.153600000001
rennes,8,1000000,4712.146,10043.281,5331.135000000001
rennes,8,1000000,4716.681,10047.771,5331.090000000001
rennes,8,1000000,4717.026,10048.169,5331.143
nancy,8,1000000,4761.675,10092.808,5331.133000000001
nancy,8,1000000,4765.3027,10096.441,5331.1383000000005
nancy,8,1000000,4769.1787,10100.317,5331.138299999999
nancy,8,1000000,4772.8384,10103.989,5331.1506
nancy,8,1000000,4776.813,10107.953,5331.139999999999
rennes,8,1000000,4678.5117,10009.598,5331.0863
rennes,8,1000000,4683.2676,10014.318,5331.050399999999
rennes,8,1000000,4687.7603,10018.813,5331.0527
rennes,8,1000000,4692.4526,10023.489,5331.0364
rennes,8,1000000,4721.6777,10052.754,5331.076300000001
rennes,8,1000000,4696.9907,10028.04,5331.049300000001
lyon,8,1000000,4640.3286,9971.497,5331.1684
lyon,8,1000000,4646.1978,9977.332,5331.1342
lyon,8,1000000,4651.535,9982.746,5331.210999999999
lyon,8,1000000,4658.114,9989.264,5331.15
lyon,8,1000000,4663.478,9994.689,5331.211
nantes,8,1000000,4609.092,9940.354,5331.262
nantes,8,1000000,4615.0703,9946.307,5331.2367
nantes,8,1000000,4620.941,9952.184,5331.2429999999995
nantes,8,1000000,4627.504,9958.738,5331.2339999999995
rennes,8,1000000,4726.1514,10057.233,5331.0816
nantes,8,1000000,4633.187,9964.436,5331.249
lyon,8,1000000,4638.127,9969.324,5331.197
lyon,8,1000000,4644.412,9975.579,5331.1669999999995
lyon,8,1000000,4649.3965,9980.588,5331.1915
lyon,8,1000000,4655.734,9986.871,5331.136999999999
lyon,8,1000000,4661.1064,9992.29,5331.183600000001
nancy,8,1000000,4699.846,10031.026,5331.18
nancy,8,1000000,4703.7437,10034.927,5331.1833
nancy,8,1000000,4707.763,10038.963,5331.2
nancy,8,1000000,4711.924,10043.108,5331.184
rennes,8,1000000,4731.533,10062.597,5331.063999999999
nancy,8,1000000,4715.8506,10047.106,5331.2554
lyon,8,1000000,4615.3384,9946.501,5331.162600000001
lyon,8,1000000,4621.121,9952.263,5331.142000000001
lyon,8,1000000,4626.218,9957.366,5331.148
lyon,8,1000000,4632.558,9963.7,5331.142000000001
lyon,8,1000000,4637.9316,9969.093,5331.161400000001
lyon,8,1000000,4604.7188,9935.91,5331.1912
lyon,8,1000000,4610.7036,9941.911,5331.2074
lyon,8,1000000,4615.783,9946.978,5331.194999999999
lyon,8,1000000,4622.505,9953.71,5331.204999999999
rennes,8,1000000,4724.172,10055.353,5331.181
lyon,8,1000000,4627.7036,9958.902,5331.1984
nancy,8,1000000,4684.9556,10016.145,5331.1894
nancy,8,1000000,4688.6895,10019.885,5331.1955
nancy,8,1000000,4692.601,10023.795,5331.194
nancy,8,1000000,4696.481,10027.674,5331.193000000001
nancy,8,1000000,4700.167,10031.361,5331.194
rennes,8,1000000,4584.7246,9915.813,5331.088400000001
rennes,8,1000000,4589.3325,9920.433,5331.1005000000005
rennes,8,1000000,4594.14,9925.211,5331.070999999999
rennes,8,1000000,4599.3403,9930.43,5331.0897
rennes,8,1000000,4728.953,10059.775,5330.821999999999
rennes,8,1000000,4604.1973,9935.286,5331.0887
nantes,8,1000000,4508.142,9839.264,5331.121999999999
nantes,8,1000000,4513.882,9845.017,5331.135
nantes,8,1000000,4519.188,9850.328,5331.139999999999
nantes,8,1000000,4525.751,9856.888,5331.137000000001
nantes,8,1000000,4531.432,9862.564,5331.1320000000005
nancy,8,1000000,4618.1,9949.18,5331.08
nancy,8,1000000,4622.1597,9953.244,5331.0843
nancy,8,1000000,4626.0347,9957.114,5331.079299999999
nancy,8,1000000,4630.3203,9961.404,5331.0837
rennes,8,1000000,4733.7046,10064.895,5331.1904
nancy,8,1000000,4634.336,9965.437,5331.101
nantes,8,1000000,4494.502,9825.658,5331.155999999999
nantes,8,1000000,4500.9717,9832.109,5331.1373
nantes,8,1000000,4506.3335,9837.486,5331.152500000001
nantes,8,1000000,4513.005,9844.123,5331.1179999999995
nantes,8,1000000,4518.4077,9849.554,5331.1463
lyon,8,1000000,4519.12,9850.275,5331.155
lyon,8,1000000,4524.915,9856.049,5331.134000000001
lyon,8,1000000,4529.958,9861.141,5331.183
lyon,8,1000000,4536.9375,9868.075,5331.137500000001
rennes,8,1000000,4738.2715,10069.511,5331.239500000001
lyon,8,1000000,4542.3936,9873.571,5331.1774
nancy,8,1000000,4599.0957,9930.325,5331.229300000001
nancy,8,1000000,4602.7056,9933.923,5331.2174
nancy,8,1000000,4606.711,9937.8955,5331.1845
nancy,8,1000000,4610.7812,9941.999,5331.217799999999
nancy,8,1000000,4614.5537,9945.7705,5331.2168
nantes,8,1000000,4474.9736,9806.135,5331.1614
nantes,8,1000000,4480.815,9812.001,5331.186000000001
nantes,8,1000000,4486.2354,9817.388,5331.152600000001
nantes,8,1000000,4492.5156,9823.683,5331.167400000001
rennes,9,1000000,4732.819,6637.735,1904.9159999999993
rennes,9,1000000,4737.1123,6642.2646,1905.1523000000007
nantes,9,1000000,4480.459,6385.373,1904.9139999999998
nantes,9,1000000,4649.363,6554.3135,1904.9505
nantes,9,1000000,4656.004,6560.9644,1904.9604
nantes,9,1000000,4661.3413,6566.2983,1904.9570000000003
nantes,9,1000000,4667.9805,6572.917,1904.9365000000007
nantes,9,1000000,4673.513,6578.463,1904.9499999999998
rennes,9,1000000,4690.8145,6595.7793,1904.9647999999997
rennes,9,1000000,4695.286,6600.271,1904.9849999999997
rennes,9,1000000,4700.403,6605.3457,1904.9426999999996
rennes,9,1000000,4705.1084,6610.091,1904.9826000000003
rennes,9,1000000,4737.627,6642.4243,1904.7972999999993
rennes,9,1000000,4709.8804,6614.8877,1905.0073000000002
nancy,9,1000000,4758.023,6663.15,1905.1269999999995
nancy,9,1000000,4761.778,6666.863,1905.085
nancy,9,1000000,4765.8364,6670.922,1905.0855999999994
nancy,9,1000000,4769.765,6674.9683,1905.2033000000001
nancy,9,1000000,4773.644,6678.7183,1905.0743000000002
rennes,9,1000000,4684.0483,6588.9014,1904.8530999999994
rennes,9,1000000,4688.4116,6593.36,1904.9483999999993
rennes,9,1000000,4692.9844,6597.9946,1905.0101999999997
rennes,9,1000000,4698.1187,6602.9697,1904.8509999999997
rennes,9,1000000,4742.3438,6647.1733,1904.8295000000007
rennes,9,1000000,4702.8994,6607.921,1905.0216
lyon,9,1000000,4645.9766,6550.823,1904.8464000000004
lyon,9,1000000,4651.894,6556.778,1904.884
lyon,9,1000000,4657.121,6561.9844,1904.8634000000002
lyon,9,1000000,4663.5454,6568.4014,1904.8559999999998
lyon,9,1000000,4669.571,6574.4775,1904.9065
nantes,9,1000000,4615.9136,6520.8257,1904.9121000000005
nantes,9,1000000,4622.24,6527.155,1904.915
nantes,9,1000000,4627.587,6532.4976,1904.9105999999992
nantes,9,1000000,4634.3867,6539.285,1904.8982999999998
rennes,9,1000000,4747.4243,6652.218,1904.7937000000002
nantes,9,1000000,4640.4536,6545.4263,1904.9727000000003
lyon,9,1000000,4625.0635,6529.9854,1904.9218999999994
lyon,9,1000000,4631.1655,6536.119,1904.9534999999996
lyon,9,1000000,4636.5444,6541.321,1904.7766000000001
lyon,9,1000000,4642.641,6547.4194,1904.7784000000001
lyon,9,1000000,4647.758,6552.5444,1904.7864
nancy,9,1000000,4705.078,6609.935,1904.857
nancy,9,1000000,4708.499,6613.344,1904.8450000000003
nancy,9,1000000,4712.46,6617.343,1904.8829999999998
nancy,9,1000000,4716.377,6621.233,1904.8559999999998
rennes,9,1000000,4752.129,6656.917,1904.7880000000005
nancy,9,1000000,4720.2744,6625.118,1904.8436000000002
lyon,9,1000000,4599.64,6504.572,1904.9319999999998
lyon,9,1000000,4605.7334,6510.6597,1904.9263
lyon,9,1000000,4610.6157,6515.583,1904.9672999999993
lyon,9,1000000,4616.9136,6521.943,1905.0294000000004
lyon,9,1000000,4622.381,6527.3174,1904.9363999999996
lyon,9,1000000,4582.3203,6487.1846,1904.8642999999993
lyon,9,1000000,4588.388,6493.3184,1904.9304000000002
lyon,9,1000000,4593.358,6498.26,1904.902
lyon,9,1000000,4599.7666,6504.727,1904.9604
rennes,9,1000000,4718.3364,6623.1187,1904.7822999999999
lyon,9,1000000,4605.5767,6510.468,1904.8913000000002
nancy,9,1000000,4669.688,6574.373,1904.6849999999995
nancy,9,1000000,4673.724,6578.4116,1904.6876000000002
nancy,9,1000000,4677.702,6582.3784,1904.6763999999994
nancy,9,1000000,4681.5674,6586.2495,1904.6821
nancy,9,1000000,4685.5117,6590.175,1904.6633000000002
rennes,9,1000000,4555.9956,6460.8564,1904.8607999999995
rennes,9,1000000,4560.561,6465.486,1904.9250000000002
rennes,9,1000000,4565.2983,6470.1655,1904.8671999999997
rennes,9,1000000,4570.316,6475.195,1904.879
rennes,9,1000000,4722.691,6627.8086,1905.1176000000005
rennes,9,1000000,4574.7207,6479.5825,1904.8618000000006
nantes,9,1000000,4509.792,6414.956,1905.1639999999998
nantes,9,1000000,4515.806,6420.7603,1904.9543000000003
nantes,9,1000000,4521.0903,6426.0815,1904.9912000000004
nantes,9,1000000,4527.905,6432.8345,1904.9295000000002
nantes,9,1000000,4533.0728,6438.1826,1905.1098000000002
nancy,9,1000000,4626.4766,6531.2563,1904.7797
nancy,9,1000000,4630.1196,6534.9204,1904.8008
nancy,9,1000000,4633.927,6538.707,1904.7800000000007
nancy,9,1000000,4637.9194,6542.712,1904.7926000000007
rennes,9,1000000,4727.1426,6632.0664,1904.9237999999996
nancy,9,1000000,4641.991,6546.788,1904.7969999999996
nantes,9,1000000,4499.5063,6404.471,1904.9646999999995
nantes,9,1000000,4505.876,6410.8164,1904.9403999999995
nantes,9,1000000,4511.1147,6416.0586,1904.9439000000002
nantes,9,1000000,4517.943,6422.9087,1904.9656999999997
nantes,9,1000000,4523.211,6428.1514,1904.9403999999995
lyon,9,1000000,4499.18,6403.971,1904.7909999999993
lyon,9,1000000,4505.3853,6410.1484,1904.7631000000001
lyon,9,1000000,4510.7524,6415.5376,1904.7851999999993
lyon,9,1000000,4517.547,6422.298,1904.7510000000002
rennes,9,1000000,4732.486,6637.413,1904.9269999999997
lyon,9,1000000,4523.1377,6427.9097,1904.772
nancy,9,1000000,4570.8687,6475.6147,1904.746
nancy,9,1000000,4574.639,6479.298,1904.6589999999997
nancy,9,1000000,4578.395,6483.0493,1904.6542999999992
nancy,9,1000000,4582.3945,6487.0483,1904.6538
nancy,9,1000000,4586.2725,6490.9497,1904.6772
nantes,9,1000000,4456.9214,6361.8384,1904.9169999999995
nantes,9,1000000,4463.269,6368.191,1904.9219999999996
nantes,9,1000000,4468.577,6373.5024,1904.9254
nantes,9,1000000,4475.2554,6380.155,1904.8995999999997
rennes,0,10000000,4386.9004,26219.895,21832.994599999998
rennes,0,10000000,4414.71,26247.453,21832.743000000002
nantes,0,10000000,4118.536,25951.09,21832.554
nantes,0,10000000,4348.9927,26181.309,21832.316300000002
nantes,0,10000000,4355.084,26187.996,21832.912
nantes,0,10000000,4360.178,26192.922,21832.744
nantes,0,10000000,4366.8486,26199.48,21832.6314
nantes,0,10000000,4372.173,26204.826,21832.653000000002
rennes,0,10000000,4375.3594,26207.94,21832.580599999998
rennes,0,10000000,4380.2197,26212.834,21832.6143
rennes,0,10000000,4384.49,26217.412,21832.922
rennes,0,10000000,4389.728,26222.307,21832.579
rennes,0,10000000,4391.1094,26224.4,21833.2906
rennes,0,10000000,4394.14,26226.842,21832.702
nancy,0,10000000,4416.366,26249.115,21832.749000000003
nancy,0,10000000,4419.82,26252.791,21832.971
nancy,0,10000000,4423.4717,26256.23,21832.7583
nancy,0,10000000,4427.028,26259.814,21832.786
nancy,0,10000000,4430.72,26263.676,21832.956
rennes,0,10000000,4321.783,26155.232,21833.449
rennes,0,10000000,4326.584,26160.896,21834.312
rennes,0,10000000,4331.1016,26164.754,21833.6524
rennes,0,10000000,4336.4077,26169.113,21832.7053
rennes,0,10000000,4395.7734,26228.441,21832.6676
rennes,0,10000000,4341.129,26173.816,21832.686999999998
lyon,0,10000000,4293.9814,26126.596,21832.6146
lyon,0,10000000,4300.109,26132.766,21832.657
lyon,0,10000000,4305.3784,26138.006,21832.6276
lyon,0,10000000,4311.6875,26144.334,21832.6465
lyon,0,10000000,4316.914,26149.553,21832.639
nantes,0,10000000,4268.295,26101.725,21833.43
nantes,0,10000000,4273.611,26107.113,21833.502
nantes,0,10000000,4280.72,26114.074,21833.354
nantes,0,10000000,4286.546,26119.975,21833.428999999996
rennes,0,10000000,4400.983,26233.654,21832.671
nantes,0,10000000,4292.2407,26125.664,21833.423300000002
lyon,0,10000000,4276.2886,26108.604,21832.3154
lyon,0,10000000,4282.2656,26114.943,21832.6774
lyon,0,10000000,4286.8716,26119.479,21832.6074
lyon,0,10000000,4293.479,26126.098,21832.619000000002
lyon,0,10000000,4299.265,26131.89,21832.625
nancy,0,10000000,4347.617,26180.184,21832.567000000003
nancy,0,10000000,4351.4927,26184.059,21832.566300000002
nancy,0,10000000,4355.3687,26187.98,21832.6113
nancy,0,10000000,4359.3804,26191.943,21832.562599999997
rennes,0,10000000,4405.4966,26238.16,21832.663399999998
nancy,0,10000000,4363.5317,26196.102,21832.5703
lyon,0,10000000,4253.076,26085.979,21832.903
lyon,0,10000000,4259.1353,26091.922,21832.786699999997
lyon,0,10000000,4264.0557,26096.852,21832.796299999998
lyon,0,10000000,4270.493,26103.135,21832.642
lyon,0,10000000,4275.099,26107.88,21832.781000000003
lyon,0,10000000,4231.7427,26064.355,21832.6123
lyon,0,10000000,4237.7666,26070.457,21832.6904
lyon,0,10000000,4242.896,26075.531,21832.635
lyon,0,10000000,4248.8887,26081.518,21832.6293
rennes,0,10000000,4395.6885,26228.365,21832.6765
lyon,0,10000000,4254.318,26086.957,21832.639
nancy,0,10000000,4320.379,26152.975,21832.595999999998
nancy,0,10000000,4324.325,26156.893,21832.568
nancy,0,10000000,4328.23,26160.793,21832.563000000002
nancy,0,10000000,4332.051,26164.611,21832.56
nancy,0,10000000,4336.088,26168.65,21832.562
rennes,0,10000000,4194.879,26028.156,21833.277
rennes,0,10000000,4199.58,26032.215,21832.635000000002
rennes,0,10000000,4204.2607,26036.889,21832.6283
rennes,0,10000000,4209.192,26041.873,21832.681
rennes,0,10000000,4400.136,26232.951,21832.815000000002
rennes,0,10000000,4214.188,26047.268,21833.08
nantes,0,10000000,4159.8877,25992.543,21832.655300000002
nantes,0,10000000,4166.38,25999.01,21832.629999999997
nantes,0,10000000,4171.641,26005.19,21833.549
nantes,0,10000000,4178.241,26010.982,21832.741
nantes,0,10000000,4184.0454,26017.436,21833.390600000002
nancy,0,10000000,4264.896,26097.355,21832.459
nancy,0,10000000,4268.5083,26100.973,21832.4647
nancy,0,10000000,4272.576,26105.043,21832.467
nancy,0,10000000,4276.3403,26108.8,21832.4597
rennes,0,10000000,4404.9556,26237.625,21832.6694
nancy,0,10000000,4280.109,26112.562,21832.453
nantes,0,10000000,4162.9126,25995.871,21832.9584
nantes,0,10000000,4168.749,26001.662,21832.913
nantes,0,10000000,4174.3364,26007.324,21832.9876
nantes,0,10000000,4180.6235,26013.617,21832.993499999997
nantes,0,10000000,4186.2495,26019.191,21832.9415
lyon,0,10000000,4146.858,25979.705,21832.847
lyon,0,10000000,4152.351,25985.094,21832.743000000002
lyon,0,10000000,4157.7656,25990.52,21832.7544
lyon,0,10000000,4163.852,25996.646,21832.794
rennes,0,10000000,4409.2334,26241.93,21832.6966
lyon,0,10000000,4168.981,26001.768,21832.787
nancy,0,10000000,4241.302,26073.934,21832.632
nancy,0,10000000,4245.289,26077.883,21832.594
nancy,0,10000000,4249.224,26081.826,21832.602
nancy,0,10000000,4252.8525,26085.45,21832.5975
nancy,0,10000000,4256.7017,26089.305,21832.603300000002
nantes,0,10000000,4094.7046,25927.37,21832.665399999998
nantes,0,10000000,4101.0347,25933.719,21832.6843
nantes,0,10000000,4106.224,25938.895,21832.671000000002
nantes,0,10000000,4113.112,25945.729,21832.617
rennes,1,10000000,4640.446,32893.355,28252.909000000003
rennes,1,10000000,4647.6562,32900.49,28252.833799999997
nantes,1,10000000,4364.8604,32617.611,28252.7506
nantes,1,10000000,4579.4463,32832.137,28252.690700000003
nantes,1,10000000,4585.545,32838.176,28252.631
nantes,1,10000000,4591.2983,32843.953,28252.6547
nantes,1,10000000,4597.974,32850.617,28252.642999999996
nantes,1,10000000,4604.154,32856.867,28252.712999999996
rennes,1,10000000,4594.9043,32847.656,28252.7517
rennes,1,10000000,4599.8174,32852.62,28252.802600000003
rennes,1,10000000,4604.6025,32857.348,28252.745499999997
rennes,1,10000000,4609.6846,32862.703,28253.0184
rennes,1,10000000,4645.0034,32897.926,28252.922599999998
rennes,1,10000000,4614.2944,32867.055,28252.7606
nancy,1,10000000,4645.8833,32898.773,28252.8897
nancy,1,10000000,4649.5425,32902.434,28252.8915
nancy,1,10000000,4653.5215,32906.41,28252.888500000005
nancy,1,10000000,4657.368,32910.293,28252.924999999996
nancy,1,10000000,4661.5586,32914.457,28252.898400000002
rennes,1,10000000,4554.947,32808.043,28253.095999999998
rennes,1,10000000,4559.2993,32812.402,28253.102700000003
rennes,1,10000000,4564.336,32817.734,28253.397999999997
rennes,1,10000000,4569.2188,32822.332,28253.113200000003
rennes,1,10000000,4649.553,32902.49,28252.936999999998
rennes,1,10000000,4574.3037,32827.426,28253.1223
lyon,1,10000000,4524.0786,32776.99,28252.911399999997
lyon,1,10000000,4530.141,32782.824,28252.683
lyon,1,10000000,4535.1343,32788.203,28253.068700000003
lyon,1,10000000,4541.5825,32794.496,28252.9135
lyon,1,10000000,4547.031,32799.934,28252.903000000002
nantes,1,10000000,4498.614,32752.229,28253.614999999998
nantes,1,10000000,4505.209,32758.766,28253.557
nantes,1,10000000,4510.5273,32764.096,28253.568700000003
nantes,1,10000000,4516.64,32770.227,28253.587
rennes,1,10000000,4655.0825,32907.984,28252.901499999996
nantes,1,10000000,4522.4263,32776.082,28253.655700000003
lyon,1,10000000,4508.8193,32761.84,28253.0207
lyon,1,10000000,4515.228,32768.07,28252.842
lyon,1,10000000,4520.2837,32773.13,28252.846299999997
lyon,1,10000000,4526.7495,32779.625,28252.875500000002
lyon,1,10000000,4532.417,32785.36,28252.943
nancy,1,10000000,4565.9146,32819.055,28253.1404
nancy,1,10000000,4569.3193,32822.473,28253.1537
nancy,1,10000000,4573.051,32826.258,28253.207000000002
nancy,1,10000000,4577.069,32830.203,28253.134000000002
rennes,1,10000000,4659.5933,32912.516,28252.922700000003
nancy,1,10000000,4580.755,32834.21,28253.454999999998
lyon,1,10000000,4463.491,32716.545,28253.053999999996
lyon,1,10000000,4469.666,32722.691,28253.024999999998
lyon,1,10000000,4474.7705,32727.832,28253.0615
lyon,1,10000000,4481.427,32734.688,28253.261
lyon,1,10000000,4486.387,32740.447,28254.06
lyon,1,10000000,4462.7124,32716.264,28253.5516
lyon,1,10000000,4468.6284,32721.527,28252.8986
lyon,1,10000000,4473.8877,32726.99,28253.102300000002
lyon,1,10000000,4480.203,32733.098,28252.895
rennes,1,10000000,4628.2407,32881.023,28252.7823
lyon,1,10000000,4485.8647,32738.754,28252.889300000003
nancy,1,10000000,4516.5825,32769.41,28252.827500000003
nancy,1,10000000,4520.335,32773.234,28252.898999999998
nancy,1,10000000,4524.357,32777.207,28252.850000000002
nancy,1,10000000,4528.294,32781.113,28252.818999999996
nancy,1,10000000,4532.3906,32785.22,28252.829400000002
rennes,1,10000000,4459.7554,32712.559,28252.8036
rennes,1,10000000,4464.412,32717.4,28252.988
rennes,1,10000000,4469.2686,32722.08,28252.811400000002
rennes,1,10000000,4474.466,32728.1,28253.634
rennes,1,10000000,4632.7944,32885.63,28252.8356
rennes,1,10000000,4479.1143,32731.902,28252.787699999997
nantes,1,10000000,4389.1772,32641.969,28252.7918
nantes,1,10000000,4395.504,32648.326,28252.822
nantes,1,10000000,4400.9746,32653.965,28252.990400000002
nantes,1,10000000,4407.8726,32661.732,28253.8594
nantes,1,10000000,4413.6875,32666.48,28252.7925
nancy,1,10000000,4471.8745,32724.61,28252.735500000003
nancy,1,10000000,4475.6465,32728.375,28252.7285
nancy,1,10000000,4479.6484,32732.377,28252.728600000002
nancy,1,10000000,4483.682,32736.408,28252.726
rennes,1,10000000,4637.4185,32890.305,28252.8865
nancy,1,10000000,4487.5234,32740.375,28252.8516
nantes,1,10000000,4377.129,32629.99,28252.861
nantes,1,10000000,4383.3022,32636.139,28252.836799999997
nantes,1,10000000,4388.1733,32640.984,28252.8107
nantes,1,10000000,4394.5425,32647.361,28252.8185
nantes,1,10000000,4400.337,32653.225,28252.888
lyon,1,10000000,4381.2896,32634.236,28252.9464
lyon,1,10000000,4387.5547,32640.75,28253.1953
lyon,1,10000000,4392.9863,32646.195,28253.2087
lyon,1,10000000,4399.9634,32653.34,28253.3766
rennes,1,10000000,4642.924,32895.746,28252.822
lyon,1,10000000,4405.284,32658.516,28253.232
nancy,1,10000000,4445.8677,32698.867,28252.9993
nancy,1,10000000,4449.694,32702.652,28252.958
nancy,1,10000000,4453.6514,32706.615,28252.963600000003
nancy,1,10000000,4457.801,32710.777,28252.976
nancy,1,10000000,4462.0327,32714.996,28252.9633
nantes,1,10000000,4340.3223,32593.037,28252.7147
nantes,1,10000000,4346.265,32598.98,28252.715
nantes,1,10000000,4352.337,32605.34,28253.003
nantes,1,10000000,4359.2324,32611.95,28252.7176
rennes,2,10000000,4717.6533,37507.707,32790.053700000004
rennes,2,10000000,4742.6597,37533.0,32790.340299999996
nantes,2,10000000,4483.2344,37273.26,32790.0256
nantes,2,10000000,4694.7427,37485.38,32790.637299999995
nantes,2,10000000,4701.7227,37492.285,32790.562300000005
nantes,2,10000000,4706.9443,37497.36,32790.4157
nantes,2,10000000,4713.7876,37504.207,32790.4194
nantes,2,10000000,4719.412,37509.816,32790.403999999995
rennes,2,10000000,4712.294,37502.465,32790.170999999995
rennes,2,10000000,4717.032,37507.188,32790.156
rennes,2,10000000,4721.594,37511.723,32790.129
rennes,2,10000000,4726.76,37516.94,32790.18
rennes,2,10000000,4722.346,37512.395,32790.049
rennes,2,10000000,4731.457,37521.637,32790.18
nancy,2,10000000,4761.315,37551.68,32790.365
nancy,2,10000000,4765.044,37555.54,32790.496
nancy,2,10000000,4768.842,37559.34,32790.498
nancy,2,10000000,4772.805,37563.22,32790.415
nancy,2,10000000,4776.528,37566.96,32790.432
rennes,2,10000000,4696.1465,37486.0,32789.8535
rennes,2,10000000,4700.5054,37490.6,32790.0946
rennes,2,10000000,4705.3994,37495.457,32790.0576
rennes,2,10000000,4710.2812,37500.36,32790.0788
rennes,2,10000000,4727.343,37517.414,32790.070999999996
rennes,2,10000000,4715.258,37505.363,32790.104999999996
lyon,2,10000000,4664.0894,37454.348,32790.2586
lyon,2,10000000,4668.4644,37458.64,32790.1756
lyon,2,10000000,4673.978,37464.31,32790.331999999995
lyon,2,10000000,4680.351,37470.6,32790.248999999996
lyon,2,10000000,4685.4795,37475.72,32790.2405
nantes,2,10000000,4630.17,37421.043,32790.873
nantes,2,10000000,4635.141,37426.023,32790.882
nantes,2,10000000,4641.7827,37432.562,32790.779299999995
nantes,2,10000000,4646.3833,37437.293,32790.9097
rennes,2,10000000,4732.435,37522.484,32790.049
nantes,2,10000000,4653.517,37444.42,32790.903
lyon,2,10000000,4634.0728,37424.223,32790.1502
lyon,2,10000000,4638.8984,37429.258,32790.3596
lyon,2,10000000,4645.0684,37435.348,32790.279599999994
lyon,2,10000000,4650.6196,37440.906,32790.286400000005
lyon,2,10000000,4655.9824,37446.297,32790.3146
nancy,2,10000000,4731.2075,37521.65,32790.442500000005
nancy,2,10000000,4734.511,37524.965,32790.454
nancy,2,10000000,4738.653,37529.12,32790.467000000004
nancy,2,10000000,4742.547,37533.004,32790.457
rennes,2,10000000,4737.0146,37527.07,32790.0554
nancy,2,10000000,4746.5576,37537.02,32790.4624
lyon,2,10000000,4604.843,37395.15,32790.307
lyon,2,10000000,4611.009,37401.297,32790.288
lyon,2,10000000,4616.179,37406.516,32790.337
lyon,2,10000000,4622.777,37413.062,32790.284999999996
lyon,2,10000000,4628.547,37418.86,32790.313
lyon,2,10000000,4603.917,37394.266,32790.349
lyon,2,10000000,4610.216,37400.51,32790.294
lyon,2,10000000,4615.1274,37405.387,32790.259600000005
lyon,2,10000000,4621.671,37411.96,32790.289
rennes,2,10000000,4723.2944,37513.598,32790.3036
lyon,2,10000000,4626.9673,37417.277,32790.3097
nancy,2,10000000,4669.252,37459.703,32790.451
nancy,2,10000000,4673.1733,37463.598,32790.424699999996
nancy,2,10000000,4677.068,37467.51,32790.442
nancy,2,10000000,4681.1973,37471.707,32790.5097
nancy,2,10000000,4685.2134,37475.637,32790.4236
rennes,2,10000000,4595.0273,37385.34,32790.312699999995
rennes,2,10000000,4599.6543,37389.844,32790.189699999995
rennes,2,10000000,4604.106,37394.484,32790.378
rennes,2,10000000,4609.102,37399.26,32790.158
rennes,2,10000000,4728.197,37518.49,32790.293
rennes,2,10000000,4614.0034,37404.19,32790.1866
nantes,2,10000000,4501.335,37293.39,32792.055
nantes,2,10000000,4507.563,37297.895,32790.331999999995
nantes,2,10000000,4513.0757,37303.43,32790.3543
nantes,2,10000000,4519.935,37310.723,32790.788
nantes,2,10000000,4526.1606,37316.52,32790.359399999994
nancy,2,10000000,4597.619,37388.14,32790.521
nancy,2,10000000,4601.49,37392.016,32790.526000000005
nancy,2,10000000,4605.4756,37396.01,32790.534400000004
nancy,2,10000000,4609.313,37399.844,32790.530999999995
rennes,2,10000000,4732.4727,37522.93,32790.4573
nancy,2,10000000,4613.06,37403.63,32790.57
nantes,2,10000000,4496.5635,37286.824,32790.260500000004
nantes,2,10000000,4502.9785,37293.215,32790.2365
nantes,2,10000000,4508.3877,37298.625,32790.2373
nantes,2,10000000,4514.888,37305.094,32790.206
nantes,2,10000000,4520.654,37311.867,32791.212999999996
lyon,2,10000000,4485.073,37275.67,32790.596999999994
lyon,2,10000000,4491.215,37281.816,32790.600999999995
lyon,2,10000000,4496.1685,37286.75,32790.5815
lyon,2,10000000,4502.9,37293.504,32790.604
rennes,2,10000000,4737.8853,37528.2,32790.314699999995
lyon,2,10000000,4507.752,37298.38,32790.628
nancy,2,10000000,4553.514,37343.934,32790.42
nancy,2,10000000,4556.9106,37347.31,32790.399399999995
nancy,2,10000000,4560.5317,37350.92,32790.3883
nancy,2,10000000,4564.2925,37354.707,32790.4145
nancy,2,10000000,4567.982,37358.383,32790.401
nantes,2,10000000,4458.238,37248.293,32790.055
nantes,2,10000000,4465.297,37255.438,32790.141
nantes,2,10000000,4470.485,37260.543,32790.058
nantes,2,10000000,4477.3027,37267.457,32790.1543
rennes,3,10000000,4663.359,32245.922,27582.563
rennes,3,10000000,4656.125,32238.842,27582.717
nantes,3,10000000,4437.5728,32019.975,27582.402199999997
nantes,3,10000000,4588.3394,32170.773,27582.4336
nantes,3,10000000,4594.7617,32177.227,27582.4653
nantes,3,10000000,4599.9326,32182.342,27582.4094
nantes,3,10000000,4606.6685,32189.133,27582.464500000002
nantes,3,10000000,4612.205,32194.629,27582.424
rennes,3,10000000,4617.4175,32200.12,27582.7025
rennes,3,10000000,4622.0737,32204.69,27582.616299999998
rennes,3,10000000,4626.8584,32209.46,27582.601599999998
rennes,3,10000000,4631.6577,32214.252,27582.5943
rennes,3,10000000,4668.148,32250.637,27582.488999999998
rennes,3,10000000,4636.198,32218.818,27582.62
nancy,3,10000000,4682.5693,32265.889,27583.3197
nancy,3,10000000,4686.1924,32269.54,27583.3476
nancy,3,10000000,4690.3667,32273.734,27583.3673
nancy,3,10000000,4694.2534,32277.584,27583.3306
nancy,3,10000000,4698.3633,32281.455,27583.0917
rennes,3,10000000,4601.2163,32183.803,27582.5867
rennes,3,10000000,4605.8047,32188.432,27582.6273
rennes,3,10000000,4610.671,32193.156,27582.485
rennes,3,10000000,4615.9673,32198.574,27582.6067
rennes,3,10000000,4672.6787,32255.188,27582.509299999998
rennes,3,10000000,4620.3813,32203.0,27582.6187
lyon,3,10000000,4578.3647,32161.285,27582.920299999998
lyon,3,10000000,4584.3955,32167.18,27582.7845
lyon,3,10000000,4590.0176,32172.646,27582.6284
lyon,3,10000000,4596.467,32179.127,27582.66
lyon,3,10000000,4601.6733,32184.338,27582.6647
nantes,3,10000000,4558.8193,32141.818,27582.9987
nantes,3,10000000,4565.003,32148.014,27583.011
nantes,3,10000000,4571.045,32153.832,27582.786999999997
nantes,3,10000000,4577.556,32160.596,27583.04
rennes,3,10000000,4677.7554,32260.223,27582.467600000004
nantes,3,10000000,4583.211,32166.229,27583.018
lyon,3,10000000,4573.9404,32156.627,27582.6866
lyon,3,10000000,4580.1475,32162.846,27582.698500000002
lyon,3,10000000,4585.2227,32167.965,27582.742299999998
lyon,3,10000000,4591.981,32174.809,27582.828
lyon,3,10000000,4597.2856,32180.1,27582.8144
nancy,3,10000000,4631.086,32213.668,27582.582000000002
nancy,3,10000000,4634.5845,32217.152,27582.567499999997
nancy,3,10000000,4638.4287,32221.043,27582.6143
nancy,3,10000000,4642.061,32224.65,27582.589
rennes,3,10000000,4681.9897,32264.453,27582.463300000003
nancy,3,10000000,4646.1167,32228.691,27582.5743
lyon,3,10000000,4533.362,32116.07,27582.708
lyon,3,10000000,4539.2236,32121.979,27582.7554
lyon,3,10000000,4544.662,32127.402,27582.739999999998
lyon,3,10000000,4551.411,32134.145,27582.734
lyon,3,10000000,4556.754,32139.4,27582.646
lyon,3,10000000,4532.738,32115.447,27582.709
lyon,3,10000000,4538.78,32121.494,27582.714
lyon,3,10000000,4544.0513,32126.729,27582.6777
lyon,3,10000000,4550.851,32133.541,27582.690000000002
rennes,3,10000000,4637.081,32219.71,27582.629
lyon,3,10000000,4556.4033,32139.088,27582.684699999998
nancy,3,10000000,4611.844,32194.492,27582.647999999997
nancy,3,10000000,4615.4014,32197.975,27582.5736
nancy,3,10000000,4619.215,32201.79,27582.575
nancy,3,10000000,4623.0054,32205.62,27582.6146
nancy,3,10000000,4626.77,32209.357,27582.587
rennes,3,10000000,4540.2363,32122.848,27582.6117
rennes,3,10000000,4544.687,32127.322,27582.635000000002
rennes,3,10000000,4549.4316,32132.057,27582.6254
rennes,3,10000000,4554.0703,32136.7,27582.6297
rennes,3,10000000,4641.2935,32224.586,27583.2925
rennes,3,10000000,4559.367,32141.957,27582.589999999997
nantes,3,10000000,4459.169,32041.809,27582.64
nantes,3,10000000,4464.8423,32047.408,27582.5657
nantes,3,10000000,4470.7744,32053.406,27582.6316
nantes,3,10000000,4477.2715,32059.93,27582.6585
nantes,3,10000000,4483.1206,32065.705,27582.5844
nancy,3,10000000,4583.251,32165.924,27582.673
nancy,3,10000000,4587.3315,32170.01,27582.678499999998
nancy,3,10000000,4591.2905,32173.98,27582.6895
nancy,3,10000000,4594.991,32177.666,27582.675000000003
rennes,3,10000000,4646.184,32228.936,27582.752
nancy,3,10000000,4598.766,32181.473,27582.707000000002
nantes,3,10000000,4447.9087,32030.262,27582.3533
nantes,3,10000000,4453.975,32036.885,27582.909999999996
nantes,3,10000000,4459.3438,32041.512,27582.1682
nantes,3,10000000,4466.0996,32048.5,27582.4004
nantes,3,10000000,4471.2964,32053.684,27582.387600000002
lyon,3,10000000,4455.732,32038.434,27582.702
lyon,3,10000000,4461.5845,32044.357,27582.7725
lyon,3,10000000,4466.7983,32049.496,27582.697699999997
lyon,3,10000000,4473.4536,32056.164,27582.7104
rennes,3,10000000,4651.1943,32233.94,27582.7457
lyon,3,10000000,4479.2974,32062.072,27582.7746
nancy,3,10000000,4522.947,32105.53,27582.583
nancy,3,10000000,4526.6157,32109.176,27582.560299999997
nancy,3,10000000,4530.5303,32113.102,27582.5717
nancy,3,10000000,4534.6094,32117.164,27582.5546
nancy,3,10000000,4538.604,32121.162,27582.558
nantes,3,10000000,4413.8486,31996.27,27582.4214
nantes,3,10000000,4419.7427,32002.19,27582.4473
nantes,3,10000000,4425.422,32007.844,27582.422000000002
nantes,3,10000000,4431.904,32014.324,27582.42
rennes,4,10000000,4666.97,35416.297,30749.326999999997
rennes,4,10000000,4690.784,35440.16,30749.376000000004
nantes,4,10000000,4373.0156,35122.324,30749.3084
nantes,4,10000000,4608.0044,35357.363,30749.3586
nantes,4,10000000,4613.868,35363.227,30749.358999999997
nantes,4,10000000,4619.0654,35368.43,30749.3646
nantes,4,10000000,4626.045,35375.402,30749.357000000004
nantes,4,10000000,4631.612,35381.008,30749.396
rennes,4,10000000,4615.008,35364.547,30749.538999999997
rennes,4,10000000,4619.8545,35369.35,30749.495499999997
rennes,4,10000000,4624.7847,35374.273,30749.4883
rennes,4,10000000,4629.018,35378.52,30749.501999999997
rennes,4,10000000,4671.458,35420.85,30749.392
rennes,4,10000000,4634.499,35383.984,30749.484999999997
nancy,4,10000000,4657.906,35407.52,30749.613999999998
nancy,4,10000000,4661.6323,35411.22,30749.5877
nancy,4,10000000,4665.3906,35414.97,30749.579400000002
nancy,4,10000000,4669.8267,35419.426,30749.5993
nancy,4,10000000,4673.8193,35423.4,30749.580700000002
rennes,4,10000000,4590.646,35340.07,30749.424
rennes,4,10000000,4595.4766,35344.957,30749.4804
rennes,4,10000000,4599.538,35349.273,30749.735
rennes,4,10000000,4604.654,35354.145,30749.490999999995
rennes,4,10000000,4676.3423,35426.145,30749.802699999997
rennes,4,10000000,4609.796,35359.203,30749.407
lyon,4,10000000,4564.69,35314.2,30749.51
lyon,4,10000000,4569.3545,35318.9,30749.5455
lyon,4,10000000,4575.7466,35325.258,30749.511400000003
lyon,4,10000000,4581.033,35330.55,30749.517000000003
lyon,4,10000000,4586.8745,35336.383,30749.508500000004
nantes,4,10000000,4524.5664,35274.496,30749.9296
nantes,4,10000000,4530.8657,35280.766,30749.9003
nantes,4,10000000,4537.026,35286.926,30749.9
nantes,4,10000000,4543.3286,35293.33,30750.0014
rennes,4,10000000,4681.368,35430.727,30749.358999999997
nantes,4,10000000,4549.2437,35299.184,30749.940300000002
lyon,4,10000000,4523.61,35273.25,30749.64
lyon,4,10000000,4529.5425,35279.2,30749.657499999998
lyon,4,10000000,4534.557,35284.156,30749.599000000002
lyon,4,10000000,4540.8335,35290.445,30749.6115
lyon,4,10000000,4546.834,35296.44,30749.606000000003
nancy,4,10000000,4626.533,35375.902,30749.369000000002
nancy,4,10000000,4630.135,35379.547,30749.411999999997
nancy,4,10000000,4633.913,35383.277,30749.364
nancy,4,10000000,4637.8354,35387.207,30749.371600000002
rennes,4,10000000,4686.268,35435.617,30749.349
nancy,4,10000000,4641.917,35391.28,30749.362999999998
lyon,4,10000000,4497.754,35247.34,30749.585999999996
lyon,4,10000000,4503.277,35252.758,30749.481
lyon,4,10000000,4508.551,35258.133,30749.582000000002
lyon,4,10000000,4515.2324,35264.688,30749.4556
lyon,4,10000000,4520.9233,35270.426,30749.502699999997
lyon,4,10000000,4496.2554,35245.875,30749.619599999998
lyon,4,10000000,4500.751,35250.36,30749.609
lyon,4,10000000,4506.592,35256.105,30749.513000000003
lyon,4,10000000,4512.9307,35262.64,30749.7093
rennes,4,10000000,4671.941,35421.406,30749.465000000004
lyon,4,10000000,4518.7603,35268.344,30749.583699999996
nancy,4,10000000,4573.3447,35322.81,30749.465299999996
nancy,4,10000000,4576.829,35326.285,30749.456000000006
nancy,4,10000000,4580.818,35330.28,30749.462
nancy,4,10000000,4584.696,35334.17,30749.474
nancy,4,10000000,4588.579,35338.098,30749.519
rennes,4,10000000,4487.7524,35237.31,30749.557599999996
rennes,4,10000000,4492.7627,35242.36,30749.5973
rennes,4,10000000,4497.7793,35247.305,30749.5257
rennes,4,10000000,4502.527,35252.043,30749.515999999996
rennes,4,10000000,4676.303,35426.57,30750.267
rennes,4,10000000,4507.485,35257.008,30749.523
nantes,4,10000000,4421.4995,35170.87,30749.370500000005
nantes,4,10000000,4427.535,35176.92,30749.385
nantes,4,10000000,4433.1074,35182.527,30749.4196
nantes,4,10000000,4439.56,35188.97,30749.41
nantes,4,10000000,4445.6133,35195.01,30749.3967
nancy,4,10000000,4530.693,35280.234,30749.540999999997
nancy,4,10000000,4534.666,35284.223,30749.556999999997
nancy,4,10000000,4538.445,35287.992,30749.547
nancy,4,10000000,4542.2397,35291.79,30749.550300000003
rennes,4,10000000,4681.102,35430.477,30749.375
nancy,4,10000000,4546.4976,35296.09,30749.592399999998
nantes,4,10000000,4397.783,35147.01,30749.227000000003
nantes,4,10000000,4404.053,35153.258,30749.205
nantes,4,10000000,4410.2124,35159.418,30749.205599999998
nantes,4,10000000,4416.1704,35165.387,30749.216600000003
nantes,4,10000000,4422.4194,35171.65,30749.230600000003
lyon,4,10000000,4400.029,35149.668,30749.638999999996
lyon,4,10000000,4406.2036,35155.805,30749.6014
lyon,4,10000000,4410.965,35160.617,30749.652
lyon,4,10000000,4417.8193,35167.39,30749.5707
rennes,4,10000000,4686.029,35435.42,30749.390999999996
lyon,4,10000000,4423.453,35173.043,30749.589999999997
nancy,4,10000000,4472.8354,35222.25,30749.4146
nancy,4,10000000,4476.7373,35226.08,30749.3427
nancy,4,10000000,4481.0903,35230.434,30749.3437
nancy,4,10000000,4485.364,35234.81,30749.445999999996
nancy,4,10000000,4489.354,35238.695,30749.341
nantes,4,10000000,4348.957,35098.297,30749.339999999997
nantes,4,10000000,4355.0337,35104.723,30749.6893
nantes,4,10000000,4360.7134,35110.082,30749.3686
nantes,4,10000000,4367.104,35116.793,30749.689
rennes,5,10000000,4755.971,31864.44,27108.468999999997
rennes,5,10000000,4783.715,31892.129,27108.414
nantes,5,10000000,4512.6875,31621.193,27108.5055
nantes,5,10000000,4674.1616,31782.697,27108.5354
nantes,5,10000000,4680.456,31789.033,27108.576999999997
nantes,5,10000000,4686.085,31794.59,27108.505
nantes,5,10000000,4692.596,31801.15,27108.554000000004
nantes,5,10000000,4698.2407,31806.768,27108.5273
rennes,5,10000000,4710.6416,31819.123,27108.4814
rennes,5,10000000,4715.449,31823.883,27108.434
rennes,5,10000000,4720.118,31828.572,27108.453999999998
rennes,5,10000000,4725.523,31834.02,27108.497
rennes,5,10000000,4760.6567,31869.059,27108.4023
rennes,5,10000000,4730.111,31838.559,27108.448
nancy,5,10000000,4768.412,31876.686,27108.274
nancy,5,10000000,4771.9424,31880.223,27108.280600000002
nancy,5,10000000,4775.7256,31884.018,27108.2924
nancy,5,10000000,4779.3286,31887.637,27108.308399999998
nancy,5,10000000,4783.187,31891.49,27108.303
rennes,5,10000000,4694.6465,31803.32,27108.6735
rennes,5,10000000,4698.8623,31807.186,27108.3237
rennes,5,10000000,4703.929,31812.596,27108.667
rennes,5,10000000,4709.002,31817.35,27108.347999999998
rennes,5,10000000,4765.174,31873.664,27108.49
rennes,5,10000000,4713.7456,31822.113,27108.367400000003
lyon,5,10000000,4666.527,31775.059,27108.532
lyon,5,10000000,4673.3286,31781.861,27108.5324
lyon,5,10000000,4678.3477,31786.861,27108.5133
lyon,5,10000000,4685.122,31793.637,27108.515
lyon,5,10000000,4690.6025,31799.152,27108.549499999997
nantes,5,10000000,4627.7725,31736.717,27108.9445
nantes,5,10000000,4633.3896,31742.31,27108.920400000003
nantes,5,10000000,4639.0835,31748.977,27109.8935
nantes,5,10000000,4645.063,31753.97,27108.907
rennes,5,10000000,4770.429,31878.86,27108.431
nantes,5,10000000,4651.3726,31760.34,27108.9674
lyon,5,10000000,4651.7075,31760.27,27108.5625
lyon,5,10000000,4657.557,31766.156,27108.599
lyon,5,10000000,4663.155,31771.525,27108.370000000003
lyon,5,10000000,4669.4893,31778.143,27108.6537
lyon,5,10000000,4674.793,31783.404,27108.610999999997
nancy,5,10000000,4726.644,31835.076,27108.432
nancy,5,10000000,4730.2256,31838.67,27108.4444
nancy,5,10000000,4734.132,31842.617,27108.485
nancy,5,10000000,4738.1494,31846.605,27108.4556
rennes,5,10000000,4774.799,31883.227,27108.428
nancy,5,10000000,4742.0723,31850.512,27108.4397
lyon,5,10000000,4622.811,31731.348,27108.537000000004
lyon,5,10000000,4628.638,31737.008,27108.370000000003
lyon,5,10000000,4633.632,31742.08,27108.448000000004
lyon,5,10000000,4640.6465,31749.152,27108.5055
lyon,5,10000000,4646.1997,31754.719,27108.5193
lyon,5,10000000,4622.981,31731.48,27108.499
lyon,5,10000000,4628.968,31737.494,27108.525999999998
lyon,5,10000000,4633.637,31742.1,27108.463
lyon,5,10000000,4640.0483,31748.756,27108.7077
rennes,5,10000000,4764.6465,31872.953,27108.306500000002
lyon,5,10000000,4645.475,31753.908,27108.432999999997
nancy,5,10000000,4678.5015,31786.738,27108.2365
nancy,5,10000000,4682.01,31790.227,27108.216999999997
nancy,5,10000000,4685.963,31794.229,27108.266
nancy,5,10000000,4690.162,31798.33,27108.168
nancy,5,10000000,4694.276,31802.463,27108.186999999998
rennes,5,10000000,4588.5156,31697.1,27108.5844
rennes,5,10000000,4593.4385,31702.016,27108.5775
rennes,5,10000000,4598.2705,31707.059,27108.788500000002
rennes,5,10000000,4603.213,31711.764,27108.551
rennes,5,10000000,4769.288,31877.69,27108.402
rennes,5,10000000,4607.9873,31716.535,27108.5477
nantes,5,10000000,4536.729,31645.23,27108.501
nantes,5,10000000,4543.223,31651.754,27108.531000000003
nantes,5,10000000,4548.3193,31656.852,27108.5327
nantes,5,10000000,4555.144,31663.568,27108.424
nantes,5,10000000,4560.407,31668.904,27108.497
nancy,5,10000000,4662.99,31771.525,27108.535000000003
nancy,5,10000000,4666.8887,31775.832,27108.9433
nancy,5,10000000,4670.9136,31779.45,27108.5364
nancy,5,10000000,4674.982,31783.516,27108.534
rennes,5,10000000,4773.895,31882.227,27108.332
nancy,5,10000000,4679.2515,31787.805,27108.5535
nantes,5,10000000,4537.6235,31646.244,27108.620499999997
nantes,5,10000000,4543.933,31652.5,27108.567
nantes,5,10000000,4549.4717,31658.025,27108.5533
nantes,5,10000000,4556.5806,31665.111,27108.5304
nantes,5,10000000,4562.0234,31670.564,27108.5406
lyon,5,10000000,4554.6924,31663.223,27108.530600000002
lyon,5,10000000,4561.166,31669.541,27108.375
lyon,5,10000000,4566.122,31674.627,27108.505
lyon,5,10000000,4572.797,31681.326,27108.529000000002
rennes,5,10000000,4779.1016,31887.416,27108.314400000003
lyon,5,10000000,4578.261,31686.768,27108.506999999998
nancy,5,10000000,4612.221,31721.076,27108.855000000003
nancy,5,10000000,4615.6733,31724.406,27108.7327
nancy,5,10000000,4619.741,31728.494,27108.752999999997
nancy,5,10000000,4623.778,31732.512,27108.733999999997
nancy,5,10000000,4627.562,31736.314,27108.752
nantes,5,10000000,4489.088,31597.568,27108.48
nantes,5,10000000,4495.0586,31603.635,27108.576399999998
nantes,5,10000000,4500.6416,31609.146,27108.5044
nantes,5,10000000,4506.4263,31614.96,27108.5337
rennes,6,10000000,4748.7637,26320.402,21571.6383
rennes,6,10000000,4762.061,26333.56,21571.499000000003
nantes,6,10000000,4518.346,26090.145,21571.799
nantes,6,10000000,4696.545,26268.066,21571.521
nantes,6,10000000,4703.5083,26275.666,21572.1577
nantes,6,10000000,4708.8545,26281.111,21572.2565
nantes,6,10000000,4715.474,26286.977,21571.502999999997
nantes,6,10000000,4721.1235,26292.654,21571.5305
rennes,6,10000000,4719.2236,26290.676,21571.4524
rennes,6,10000000,4723.2344,26294.898,21571.6636
rennes,6,10000000,4727.988,26299.764,21571.775999999998
rennes,6,10000000,4733.0522,26304.725,21571.6728
rennes,6,10000000,4753.4126,26325.057,21571.6444
rennes,6,10000000,4738.091,26309.732,21571.641
nancy,6,10000000,4779.722,26351.37,21571.648
nancy,6,10000000,4783.4297,26355.076,21571.6463
nancy,6,10000000,4787.523,26359.18,21571.657
nancy,6,10000000,4791.5073,26363.469,21571.9617
nancy,6,10000000,4795.401,26367.049,21571.648
rennes,6,10000000,4696.866,26268.455,21571.589
rennes,6,10000000,4701.7124,26273.43,21571.7176
rennes,6,10000000,4706.5576,26278.164,21571.6064
rennes,6,10000000,4711.559,26283.13,21571.571
rennes,6,10000000,4758.1685,26329.842,21571.6735
rennes,6,10000000,4716.3687,26287.957,21571.5883
lyon,6,10000000,4653.225,26224.975,21571.75
lyon,6,10000000,4659.434,26231.1,21571.665999999997
lyon,6,10000000,4664.489,26236.121,21571.631999999998
lyon,6,10000000,4671.0957,26242.719,21571.6233
lyon,6,10000000,4676.842,26248.502,21571.66
nantes,6,10000000,4624.1963,26197.393,21573.1967
nantes,6,10000000,4630.5776,26204.639,21574.0614
nantes,6,10000000,4635.8657,26207.848,21571.982300000003
nantes,6,10000000,4642.509,26214.59,21572.081
rennes,6,10000000,4762.9194,26334.477,21571.5576
nantes,6,10000000,4648.1777,26220.01,21571.8323
lyon,6,10000000,4645.731,26217.457,21571.726
lyon,6,10000000,4651.5615,26223.385,21571.8235
lyon,6,10000000,4657.9233,26229.678,21571.754699999998
lyon,6,10000000,4662.059,26233.85,21571.790999999997
lyon,6,10000000,4668.832,26240.592,21571.760000000002
nancy,6,10000000,4712.2705,26283.926,21571.6555
nancy,6,10000000,4715.9795,26287.64,21571.660499999998
nancy,6,10000000,4720.018,26291.812,21571.794
nancy,6,10000000,4723.924,26295.588,21571.664
rennes,6,10000000,4767.472,26339.459,21571.987
nancy,6,10000000,4728.1045,26299.766,21571.6615
lyon,6,10000000,4621.736,26193.441,21571.704999999998
lyon,6,10000000,4627.6577,26199.451,21571.7933
lyon,6,10000000,4632.9253,26204.695,21571.7697
lyon,6,10000000,4639.504,26211.639,21572.135
lyon,6,10000000,4644.652,26216.416,21571.764000000003
lyon,6,10000000,4617.419,26189.08,21571.661
lyon,6,10000000,4623.7954,26195.48,21571.6846
lyon,6,10000000,4628.704,26200.373,21571.669
lyon,6,10000000,4634.847,26206.492,21571.644999999997
rennes,6,10000000,4742.966,26314.432,21571.466
lyon,6,10000000,4640.8086,26212.861,21572.0524
nancy,6,10000000,4689.5903,26261.293,21571.7027
nancy,6,10000000,4693.411,26265.09,21571.679
nancy,6,10000000,4697.2065,26268.887,21571.6805
nancy,6,10000000,4701.132,26272.805,21571.673000000003
nancy,6,10000000,4705.3516,26277.035,21571.6834
rennes,6,10000000,4609.6787,26181.357,21571.6783
rennes,6,10000000,4614.4487,26186.113,21571.6643
rennes,6,10000000,4619.1196,26191.402,21572.282399999996
rennes,6,10000000,4624.166,26195.85,21571.683999999997
rennes,6,10000000,4747.531,26318.975,21571.444
rennes,6,10000000,4628.512,26200.197,21571.685
nantes,6,10000000,4554.413,26125.848,21571.435
nantes,6,10000000,4559.7334,26131.135,21571.401599999997
nantes,6,10000000,4565.8716,26137.629,21571.757400000002
nantes,6,10000000,4572.526,26143.895,21571.369
nantes,6,10000000,4577.876,26149.492,21571.615999999998
nancy,6,10000000,4645.1006,26216.676,21571.5754
nancy,6,10000000,4648.9688,26220.543,21571.574200000003
nancy,6,10000000,4652.986,26224.562,21571.576
nancy,6,10000000,4657.1274,26228.709,21571.581599999998
rennes,6,10000000,4752.092,26323.496,21571.404
nancy,6,10000000,4661.024,26232.617,21571.592999999997
nantes,6,10000000,4515.9585,26087.508,21571.5495
nantes,6,10000000,4521.9995,26093.73,21571.730499999998
nantes,6,10000000,4527.165,26098.684,21571.519
nantes,6,10000000,4533.8804,26105.426,21571.545599999998
nantes,6,10000000,4539.1514,26110.664,21571.512600000002
lyon,6,10000000,4521.606,26094.36,21572.754
lyon,6,10000000,4526.4844,26098.246,21571.761599999998
lyon,6,10000000,4532.896,26104.979,21572.083
lyon,6,10000000,4538.149,26112.035,21573.886
rennes,6,10000000,4757.5967,26329.0,21571.403299999998
lyon,6,10000000,4544.2764,26116.002,21571.7256
nancy,6,10000000,4602.376,26174.195,21571.819
nancy,6,10000000,4606.077,26177.828,21571.751
nancy,6,10000000,4609.876,26181.627,21571.751
nancy,6,10000000,4613.7656,26185.514,21571.7484
nancy,6,10000000,4617.7437,26189.51,21571.7663
nantes,6,10000000,4494.3784,26066.137,21571.7586
nantes,6,10000000,4501.144,26072.959,21571.815
nantes,6,10000000,4506.134,26077.906,21571.771999999997
nantes,6,10000000,4512.7314,26084.562,21571.8306
rennes,7,10000000,4704.257,24838.375,20134.118000000002
rennes,7,10000000,4714.733,24848.807,20134.074
nantes,7,10000000,4412.8228,24547.025,20134.2022
nantes,7,10000000,4624.1206,24758.348,20134.227400000003
nantes,7,10000000,4630.644,24764.973,20134.329
nantes,7,10000000,4636.3853,24770.652,20134.2667
nantes,7,10000000,4642.9575,24777.193,20134.2355
nantes,7,10000000,4648.9624,24783.18,20134.2176
rennes,7,10000000,4645.119,24779.334,20134.215
rennes,7,10000000,4649.7197,24783.838,20134.118300000002
rennes,7,10000000,4654.7505,24788.955,20134.2045
rennes,7,10000000,4659.3267,24793.43,20134.103300000002
rennes,7,10000000,4709.1187,24843.219,20134.100300000002
rennes,7,10000000,4664.1255,24798.291,20134.165500000003
nancy,7,10000000,4682.659,24817.406,20134.747
nancy,7,10000000,4686.3594,24821.188,20134.828599999997
nancy,7,10000000,4690.587,24825.707,20135.12
nancy,7,10000000,4694.56,24829.357,20134.797
nancy,7,10000000,4698.6074,24833.373,20134.7656
rennes,7,10000000,4596.4204,24730.557,20134.1366
rennes,7,10000000,4601.0864,24735.195,20134.1086
rennes,7,10000000,4605.8477,24739.95,20134.1023
rennes,7,10000000,4610.931,24745.016,20134.085
rennes,7,10000000,4713.657,24847.996,20134.339
rennes,7,10000000,4615.309,24749.426,20134.117
lyon,7,10000000,4585.198,24719.455,20134.257
lyon,7,10000000,4590.911,24725.246,20134.335
lyon,7,10000000,4595.909,24730.24,20134.331000000002
lyon,7,10000000,4602.522,24736.73,20134.208
lyon,7,10000000,4607.8027,24742.371,20134.5683
nantes,7,10000000,4550.041,24684.402,20134.360999999997
nantes,7,10000000,4555.9585,24690.367,20134.408499999998
nantes,7,10000000,4561.211,24695.607,20134.396
nantes,7,10000000,4568.2417,24702.621,20134.3793
rennes,7,10000000,4719.3477,24853.43,20134.082300000002
nantes,7,10000000,4573.5776,24707.924,20134.3464
lyon,7,10000000,4547.5835,24681.887,20134.303499999998
lyon,7,10000000,4553.1934,24687.469,20134.2756
lyon,7,10000000,4558.7363,24692.977,20134.2407
lyon,7,10000000,4565.4126,24700.164,20134.7514
lyon,7,10000000,4570.9985,24706.406,20135.4075
nancy,7,10000000,4631.939,24766.182,20134.243000000002
nancy,7,10000000,4635.8013,24770.057,20134.2557
nancy,7,10000000,4639.861,24774.12,20134.259
nancy,7,10000000,4644.1807,24778.422,20134.241299999998
rennes,7,10000000,4723.982,24858.203,20134.221
nancy,7,10000000,4648.122,24782.37,20134.248
lyon,7,10000000,4533.2256,24667.545,20134.3194
lyon,7,10000000,4539.82,24674.252,20134.432
lyon,7,10000000,4545.16,24679.45,20134.29
lyon,7,10000000,4551.572,24685.955,20134.383
lyon,7,10000000,4557.5312,24691.865,20134.3338
lyon,7,10000000,4525.6523,24659.842,20134.189700000003
lyon,7,10000000,4531.7686,24666.172,20134.4034
lyon,7,10000000,4536.8623,24671.986,20135.1237
lyon,7,10000000,4543.2417,24677.912,20134.6703
rennes,7,10000000,4696.1055,24830.154,20134.048499999997
lyon,7,10000000,4548.7007,24683.059,20134.3583
nancy,7,10000000,4576.145,24710.547,20134.402
nancy,7,10000000,4580.0464,24714.385,20134.3386
nancy,7,10000000,4583.865,24718.193,20134.328
nancy,7,10000000,4587.7974,24722.152,20134.3546
nancy,7,10000000,4591.6675,24725.992,20134.3245
rennes,7,10000000,4523.5977,24658.113,20134.5153
rennes,7,10000000,4528.481,24663.502,20135.021
rennes,7,10000000,4532.5234,24667.266,20134.742599999998
rennes,7,10000000,4537.738,24672.22,20134.482
rennes,7,10000000,4700.462,24834.64,20134.178
rennes,7,10000000,4542.558,24677.291,20134.733
nantes,7,10000000,4432.758,24566.967,20134.209000000003
nantes,7,10000000,4439.559,24573.742,20134.182999999997
nantes,7,10000000,4444.588,24578.793,20134.205
nantes,7,10000000,4451.1055,24585.316,20134.2105
nantes,7,10000000,4456.8413,24590.914,20134.0727
nancy,7,10000000,4518.505,24652.615,20134.11
nancy,7,10000000,4522.222,24656.332,20134.11
nancy,7,10000000,4526.324,24660.445,20134.121
nancy,7,10000000,4530.1133,24664.23,20134.1167
rennes,7,10000000,4705.118,24839.162,20134.044
nancy,7,10000000,4534.2183,24668.373,20134.1547
nantes,7,10000000,4417.149,24551.664,20134.515
nantes,7,10000000,4423.7964,24558.355,20134.5586
nantes,7,10000000,4428.9595,24563.477,20134.517499999998
nantes,7,10000000,4435.93,24570.723,20134.793
nantes,7,10000000,4441.5615,24576.074,20134.5125
lyon,7,10000000,4425.576,24559.85,20134.273999999998
lyon,7,10000000,4431.561,24565.861,20134.300000000003
lyon,7,10000000,4436.827,24571.172,20134.344999999998
lyon,7,10000000,4443.2046,24577.525,20134.3204
rennes,7,10000000,4709.742,24843.996,20134.254
lyon,7,10000000,4448.8135,24583.385,20134.5715
nancy,7,10000000,4485.597,24619.99,20134.393000000004
nancy,7,10000000,4488.995,24623.414,20134.419
nancy,7,10000000,4492.732,24627.086,20134.354
nancy,7,10000000,4496.7573,24631.123,20134.3657
nancy,7,10000000,4500.478,24634.824,20134.346
nantes,7,10000000,4388.682,24522.967,20134.285
nantes,7,10000000,4395.0093,24529.137,20134.127699999997
nantes,7,10000000,4400.882,24535.982,20135.1
nantes,7,10000000,4407.2227,24541.45,20134.2273
rennes,8,10000000,4755.055,31532.137,26777.082
rennes,8,10000000,4735.506,31512.521,26777.015
nantes,8,10000000,4521.143,31298.166,26777.023
nantes,8,10000000,4681.5557,31458.58,26777.0243
nantes,8,10000000,4687.8306,31464.863,26777.0324
nantes,8,10000000,4693.3945,31470.426,26777.031499999997
nantes,8,10000000,4699.8936,31476.902,26777.0084
nantes,8,10000000,4705.483,31482.502,26777.019
rennes,8,10000000,4687.877,31465.059,26777.182
rennes,8,10000000,4692.5464,31469.719,26777.1726
rennes,8,10000000,4697.5435,31474.705,26777.161500000002
rennes,8,10000000,4702.5576,31479.73,26777.1724
rennes,8,10000000,4759.52,31536.646,26777.126
rennes,8,10000000,4706.96,31484.16,26777.2
nancy,8,10000000,4773.662,31550.879,26777.217
nancy,8,10000000,4777.391,31554.568,26777.177
nancy,8,10000000,4781.1553,31558.342,26777.1867
nancy,8,10000000,4784.9385,31562.145,26777.2065
nancy,8,10000000,4788.8496,31566.03,26777.180399999997
rennes,8,10000000,4695.0938,31472.146,26777.052200000002
rennes,8,10000000,4699.6255,31476.646,26777.0205
rennes,8,10000000,4704.6475,31481.713,26777.0655
rennes,8,10000000,4709.2705,31486.275,26777.004500000003
rennes,8,10000000,4763.784,31540.863,26777.079
rennes,8,10000000,4713.78,31490.791,26777.011000000002
lyon,8,10000000,4670.7886,31447.969,26777.1804
lyon,8,10000000,4676.8228,31453.986,26777.163200000003
lyon,8,10000000,4681.577,31458.867,26777.289999999997
lyon,8,10000000,4688.15,31465.314,26777.163999999997
lyon,8,10000000,4693.7153,31470.96,26777.2447
nantes,8,10000000,4637.9976,31415.24,26777.242400000003
nantes,8,10000000,4644.4863,31421.713,26777.2267
nantes,8,10000000,4649.9307,31427.166,26777.2353
nantes,8,10000000,4656.663,31433.877,26777.214
rennes,8,10000000,4768.9736,31546.055,26777.0814
nantes,8,10000000,4662.543,31439.777,26777.233999999997
lyon,8,10000000,4645.912,31423.07,26777.158
lyon,8,10000000,4652.064,31430.31,26778.246
lyon,8,10000000,4656.518,31433.693,26777.175
lyon,8,10000000,4663.5337,31440.764,26777.2303
lyon,8,10000000,4669.0396,31446.188,26777.1484
nancy,8,10000000,4721.7734,31499.107,26777.333599999998
nancy,8,10000000,4725.3374,31502.69,26777.3526
nancy,8,10000000,4728.714,31506.059,26777.345
nancy,8,10000000,4732.717,31510.05,26777.333
rennes,8,10000000,4773.9424,31551.027,26777.0846
nancy,8,10000000,4736.4673,31513.797,26777.3297
lyon,8,10000000,4624.2275,31401.398,26777.1705
lyon,8,10000000,4630.3745,31407.568,26777.1935
lyon,8,10000000,4635.399,31412.557,26777.158
lyon,8,10000000,4641.622,31418.873,26777.251
lyon,8,10000000,4647.185,31424.361,26777.176
lyon,8,10000000,4613.7964,31390.95,26777.1536
lyon,8,10000000,4619.705,31397.197,26777.492
lyon,8,10000000,4624.9194,31402.385,26777.4656
lyon,8,10000000,4631.3247,31408.502,26777.1773
rennes,8,10000000,4716.3604,31493.355,26776.994599999998
lyon,8,10000000,4636.8237,31414.006,26777.1823
nancy,8,10000000,4687.394,31464.488,26777.094
nancy,8,10000000,4691.0923,31468.162,26777.0697
nancy,8,10000000,4694.8145,31471.883,26777.0685
nancy,8,10000000,4698.8755,31475.953,26777.0775
nancy,8,10000000,4702.7256,31479.846,26777.1204
rennes,8,10000000,4591.81,31368.945,26777.135
rennes,8,10000000,4596.408,31373.549,26777.141
rennes,8,10000000,4601.7,31379.123,26777.423
rennes,8,10000000,4606.5195,31383.637,26777.1175
rennes,8,10000000,4720.684,31497.703,26777.019
rennes,8,10000000,4611.2964,31388.43,26777.1336
nantes,8,10000000,4552.3794,31329.3,26776.920599999998
nantes,8,10000000,4558.494,31335.418,26776.924000000003
nantes,8,10000000,4564.096,31341.037,26776.941
nantes,8,10000000,4570.493,31347.432,26776.939
nantes,8,10000000,4576.0786,31352.99,26776.9114
nancy,8,10000000,4642.8525,31419.988,26777.1355
nancy,8,10000000,4646.9517,31424.08,26777.128300000004
nancy,8,10000000,4650.8633,31428.0,26777.1367
nancy,8,10000000,4654.8057,31431.943,26777.1373
rennes,8,10000000,4725.864,31502.863,26776.999000000003
nancy,8,10000000,4658.908,31436.203,26777.295000000002
nantes,8,10000000,4535.942,31312.908,26776.966
nantes,8,10000000,4542.4053,31319.16,26776.754699999998
nantes,8,10000000,4547.959,31324.938,26776.979
nantes,8,10000000,4554.2363,31331.201,26776.9647
nantes,8,10000000,4560.176,31337.098,26776.922000000002
lyon,8,10000000,4548.621,31325.918,26777.297000000002
lyon,8,10000000,4554.9253,31332.346,26777.420700000002
lyon,8,10000000,4560.184,31337.49,26777.306
lyon,8,10000000,4567.0444,31344.316,26777.2716
rennes,8,10000000,4730.4824,31507.475,26776.992599999998
lyon,8,10000000,4572.62,31349.889,26777.269
nancy,8,10000000,4622.4165,31400.266,26777.8495
nancy,8,10000000,4626.1865,31403.678,26777.4915
nancy,8,10000000,4630.234,31407.752,26777.518
nancy,8,10000000,4634.2666,31411.758,26777.491400000003
nancy,8,10000000,4638.532,31416.05,26777.518
nantes,8,10000000,4497.1465,31274.254,26777.107500000002
nantes,8,10000000,4503.6294,31280.734,26777.1046
nantes,8,10000000,4509.219,31286.318,26777.099
nantes,8,10000000,4515.7056,31292.805,26777.0994
rennes,9,10000000,4720.9473,38433.52,33712.5727
rennes,9,10000000,4736.183,38448.746,33712.563
nantes,9,10000000,4425.769,38138.605,33712.836
nantes,9,10000000,4641.3105,38353.97,33712.6595
nantes,9,10000000,4647.2563,38359.945,33712.6887
nantes,9,10000000,4652.6865,38365.316,33712.629499999995
nantes,9,10000000,4658.628,38371.293,33712.665
nantes,9,10000000,4664.965,38378.598,33713.633
rennes,9,10000000,4673.293,38385.74,33712.447
rennes,9,10000000,4677.4287,38389.945,33712.5163
rennes,9,10000000,4682.69,38395.098,33712.407999999996
rennes,9,10000000,4686.9785,38399.332,33712.353500000005
rennes,9,10000000,4725.428,38437.965,33712.537
rennes,9,10000000,4692.1655,38404.582,33712.4165
nancy,9,10000000,4736.1357,38448.79,33712.6543
nancy,9,10000000,4739.8477,38452.492,33712.6443
nancy,9,10000000,4744.1035,38456.758,33712.654500000004
nancy,9,10000000,4747.9624,38460.637,33712.6746
nancy,9,10000000,4752.1396,38464.81,33712.670399999995
rennes,9,10000000,4660.917,38373.6,33712.683
rennes,9,10000000,4665.322,38377.98,33712.658
rennes,9,10000000,4670.076,38382.664,33712.587999999996
rennes,9,10000000,4674.646,38387.363,33712.717
rennes,9,10000000,4730.219,38442.75,33712.531
rennes,9,10000000,4679.968,38392.605,33712.637
lyon,9,10000000,4601.9155,38314.63,33712.714499999995
lyon,9,10000000,4608.082,38320.605,33712.523
lyon,9,10000000,4612.9995,38325.52,33712.5205
lyon,9,10000000,4619.2324,38332.58,33713.3476
lyon,9,10000000,4624.991,38337.21,33712.219
nantes,9,10000000,4590.569,38303.67,33713.100999999995
nantes,9,10000000,4596.7095,38309.855,33713.145500000006
nantes,9,10000000,4602.3413,38315.477,33713.1357
nantes,9,10000000,4608.9146,38322.95,33714.03539999999
rennes,9,10000000,4735.1714,38447.707,33712.5356
nantes,9,10000000,4614.8345,38327.977,33713.1425
lyon,9,10000000,4596.3247,38309.055,33712.7303
lyon,9,10000000,4602.533,38315.188,33712.655
lyon,9,10000000,4607.965,38320.66,33712.69500000001
lyon,9,10000000,4614.9053,38327.383,33712.4777
lyon,9,10000000,4620.4585,38333.12,33712.6615
nancy,9,10000000,4644.3257,38357.344,33713.018299999996
nancy,9,10000000,4647.8516,38360.883,33713.0314
nancy,9,10000000,4651.552,38364.5,33712.948000000004
nancy,9,10000000,4655.4775,38368.508,33713.0305
rennes,9,10000000,4739.958,38452.44,33712.482
nancy,9,10000000,4659.2686,38372.227,33712.958399999996
lyon,9,10000000,4519.289,38232.098,33712.809
lyon,9,10000000,4526.041,38238.59,33712.549
lyon,9,10000000,4530.6333,38243.47,33712.8367
lyon,9,10000000,4537.2856,38250.2,33712.914399999994
lyon,9,10000000,4542.646,38255.527,33712.881
lyon,9,10000000,4536.31,38249.01,33712.700000000004
lyon,9,10000000,4542.522,38255.71,33713.188
lyon,9,10000000,4547.923,38260.633,33712.71
lyon,9,10000000,4554.315,38267.47,33713.155
rennes,9,10000000,4717.5684,38429.93,33712.361600000004
lyon,9,10000000,4559.0737,38271.793,33712.7193
nancy,9,10000000,4614.913,38327.36,33712.447
nancy,9,10000000,4618.6094,38331.066,33712.4566
nancy,9,10000000,4622.7173,38335.168,33712.4507
nancy,9,10000000,4626.731,38339.176,33712.445
nancy,9,10000000,4630.65,38343.082,33712.432
rennes,9,10000000,4545.095,38257.906,33712.811
rennes,9,10000000,4549.8037,38262.586,33712.782300000006
rennes,9,10000000,4554.32,38267.133,33712.813
rennes,9,10000000,4559.6343,38272.566,33712.9317
rennes,9,10000000,4721.6875,38434.29,33712.6025
rennes,9,10000000,4564.2407,38276.996,33712.7553
nantes,9,10000000,4481.0625,38193.652,33712.5895
nantes,9,10000000,4486.8774,38199.492,33712.6146
nantes,9,10000000,4492.6416,38205.266,33712.6244
nantes,9,10000000,4499.4663,38212.113,33712.6467
nantes,9,10000000,4505.1597,38217.785,33712.6253
nancy,9,10000000,4552.626,38264.895,33712.269
nancy,9,10000000,4556.8135,38269.086,33712.27250000001
nancy,9,10000000,4560.9126,38273.523,33712.610400000005
nancy,9,10000000,4564.6353,38277.293,33712.657699999996
rennes,9,10000000,4726.4297,38438.965,33712.535299999996
nancy,9,10000000,4568.627,38280.914,33712.287
nantes,9,10000000,4468.787,38181.387,33712.600000000006
nantes,9,10000000,4475.119,38187.613,33712.494
nantes,9,10000000,4480.4507,38192.992,33712.5413
nantes,9,10000000,4486.6875,38199.29,33712.6025
nantes,9,10000000,4492.6064,38205.176,33712.5696
lyon,9,10000000,4471.3687,38184.34,33712.9713
lyon,9,10000000,4477.8286,38190.67,33712.8414
lyon,9,10000000,4482.8745,38195.863,33712.9885
lyon,9,10000000,4489.0493,38202.008,33712.9587
rennes,9,10000000,4731.2954,38443.867,33712.571599999996
lyon,9,10000000,4494.9,38207.867,33712.967
nancy,9,10000000,4535.0547,38247.797,33712.7423
nancy,9,10000000,4538.4424,38251.152,33712.7096
nancy,9,10000000,4542.322,38255.023,33712.701
nancy,9,10000000,4545.972,38258.684,33712.712
nancy,9,10000000,4549.977,38262.67,33712.693
nantes,9,10000000,4400.5503,38113.387,33712.8367
nantes,9,10000000,4407.098,38120.03,33712.932
nantes,9,10000000,4412.841,38125.703,33712.862
nantes,9,10000000,4419.5605,38132.402,33712.8415
