cluster,run_index,msg_size,start,end,duration
rennes,0,10000,5006.8857,5007.089,0.2033000000001266
rennes,0,10000,5006.8857,5060.1987,53.3130000000001
nancy,0,10000,5078.3853,5078.542,0.15670000000045547
nancy,0,10000,5078.3853,5137.9385,59.55320000000029
nantes,0,10000,4756.5103,4756.6826,0.17230000000017753
nantes,0,10000,4756.5103,4807.3086,50.79830000000038
rennes,0,10000,4965.8433,4966.0,0.15669999999954598
rennes,0,10000,4965.8433,5017.675,51.83169999999973
rennes,0,10000,4970.574,4970.7236,0.1496000000006461
rennes,0,10000,4970.574,5023.2744,52.70040000000063
rennes,0,10000,4975.732,4975.8853,0.1532999999999447
rennes,0,10000,4975.732,5029.0957,53.36369999999988
rennes,0,10000,4980.9707,4981.124,0.1532999999999447
rennes,0,10000,4980.9707,5032.099,51.12830000000031
rennes,0,10000,4985.294,4985.459,0.16499999999996362
rennes,0,10000,4985.294,5039.4507,54.156700000000455
rennes,0,10000,4965.521,4965.678,0.1570000000001528
rennes,0,10000,4965.521,5014.68,49.15900000000056
rennes,0,10000,4970.0806,4970.2397,0.15909999999985303
rennes,0,10000,4970.0806,5023.5938,53.513199999999415
rennes,0,10000,4974.8384,4975.006,0.1676000000006752
rennes,0,10000,4974.8384,5024.075,49.23660000000018
rennes,0,10000,4979.985,4980.1807,0.19570000000021537
rennes,0,10000,4979.985,5036.5063,56.52130000000034
rennes,0,10000,5011.877,5012.0786,0.20159999999941647
rennes,0,10000,5011.877,5062.4116,50.534599999999955
rennes,0,10000,4984.813,4984.9683,0.15530000000035216
rennes,0,10000,4984.813,5038.567,53.753999999999905
rennes,0,10000,4951.756,4951.85,0.09400000000005093
rennes,0,10000,4951.756,5007.7744,56.01839999999993
rennes,0,10000,4956.7275,4956.8174,0.08989999999994325
rennes,0,10000,4956.7275,5006.144,49.41650000000027
rennes,0,10000,4961.547,4961.7056,0.15860000000066066
rennes,0,10000,4961.547,5015.869,54.322000000000116
rennes,0,10000,4966.779,4966.8545,0.07549999999991996
rennes,0,10000,4966.779,5017.617,50.83799999999974
rennes,0,10000,4972.117,4972.2104,0.0933999999997468
rennes,0,10000,4972.117,5023.782,51.664999999999964
nancy,0,10000,5006.984,5007.059,0.0749999999998181
nancy,0,10000,5006.984,5066.1123,59.1282999999994
nancy,0,10000,5010.9385,5011.037,0.09850000000005821
nancy,0,10000,5010.9385,5065.9106,54.972099999999955
nancy,0,10000,5015.6816,5015.761,0.0794000000005326
nancy,0,10000,5015.6816,5072.1953,56.513700000000426
nancy,0,10000,5019.9536,5020.0317,0.07809999999972206
nancy,0,10000,5019.9536,5079.287,59.33340000000044
rennes,0,10000,5016.565,5016.714,0.14900000000034197
rennes,0,10000,5016.565,5066.2964,49.731400000000576
nancy,0,10000,5024.175,5024.255,0.07999999999992724
nancy,0,10000,5024.175,5085.662,61.48700000000008
nantes,0,10000,4877.529,4877.6113,0.08229999999912252
nantes,0,10000,4877.529,4933.852,56.32299999999941
nantes,0,10000,4883.3403,4883.4424,0.10210000000006403
nantes,0,10000,4883.3403,4935.6343,52.29399999999987
nantes,0,10000,4889.3745,4889.4575,0.08300000000053842
nantes,0,10000,4889.3745,4941.768,52.39350000000013
nantes,0,10000,4897.1763,4897.2773,0.10099999999965803
nantes,0,10000,4897.1763,4949.998,52.82169999999951
nantes,0,10000,4902.532,4902.6167,0.08469999999942956
nantes,0,10000,4902.532,4958.5884,56.056399999999485
nantes,0,10000,4879.2676,4879.3955,0.12789999999949941
nantes,0,10000,4879.2676,4933.7246,54.456999999999425
nantes,0,10000,4886.006,4886.133,0.12699999999949796
nantes,0,10000,4886.006,4938.8247,52.81869999999981
nantes,0,10000,4891.9097,4892.0234,0.11369999999988067
nantes,0,10000,4891.9097,4945.5425,53.632799999999406
nantes,0,10000,4898.1816,4898.307,0.1253999999998996
nantes,0,10000,4898.1816,4946.962,48.780400000000554
rennes,0,10000,5021.858,5022.0225,0.16449999999986176
rennes,0,10000,5021.858,5071.8115,49.95349999999962
nantes,0,10000,4904.7495,4904.862,0.1125000000001819
nantes,0,10000,4904.7495,4961.237,56.48750000000018
rennes,0,10000,4890.108,4890.3125,0.20449999999982538
rennes,0,10000,4890.108,4939.582,49.47400000000016
rennes,0,10000,4895.309,4895.4663,0.15729999999985012
rennes,0,10000,4895.309,4951.394,56.085000000000036
rennes,0,10000,4900.5137,4900.584,0.07029999999940628
rennes,0,10000,4900.5137,4956.5605,56.046799999999166
rennes,0,10000,4905.53,4905.6987,0.1687000000001717
rennes,0,10000,4905.53,4959.0254,53.4954000000007
rennes,0,10000,4910.0684,4910.2305,0.1620999999995547
rennes,0,10000,4910.0684,4964.9883,54.91989999999987
lyon,0,10000,4879.282,4879.3843,0.10229999999955908
lyon,0,10000,4879.282,4935.0483,55.76630000000023
lyon,0,10000,4886.058,4886.1406,0.08259999999972933
lyon,0,10000,4886.058,4939.2773,53.21929999999975
lyon,0,10000,4891.2163,4891.3154,0.09910000000036234
lyon,0,10000,4891.2163,4941.132,49.91569999999956
lyon,0,10000,4898.251,4898.3325,0.08150000000023283
lyon,0,10000,4898.251,4948.5283,50.27729999999974
rennes,0,10000,5026.3594,5026.5195,0.16010000000005675
rennes,0,10000,5026.3594,5076.676,50.31660000000011
lyon,0,10000,4903.9277,4904.089,0.16129999999975553
lyon,0,10000,4903.9277,4958.3096,54.381899999999405
nancy,0,10000,4944.3154,4944.436,0.1205999999992855
nancy,0,10000,4944.3154,4998.876,54.560599999999795
nancy,0,10000,4947.8413,4947.941,0.09969999999975698
nancy,0,10000,4947.8413,5009.0605,61.219199999999546
nancy,0,10000,4951.9595,4952.0605,0.10099999999965803
nancy,0,10000,4951.9595,5010.9077,58.948199999999815
nancy,0,10000,4956.0117,4956.109,0.09730000000035943
nancy,0,10000,4956.0117,5018.053,62.041299999999865
nancy,0,10000,4960.031,4960.1323,0.10130000000026484
nancy,0,10000,4960.031,5014.998,54.96699999999964
lyon,0,10000,4860.0664,4860.1685,0.10210000000006403
lyon,0,10000,4860.0664,4915.913,55.84659999999985
lyon,0,10000,4867.0015,4867.117,0.11549999999988358
lyon,0,10000,4867.0015,4919.079,52.07749999999942
lyon,0,10000,4872.0166,4872.1445,0.1279000000004089
lyon,0,10000,4872.0166,4920.999,48.98239999999987
lyon,0,10000,4879.1016,4879.22,0.1184000000002925
lyon,0,10000,4879.1016,4929.1997,50.09810000000016
nancy,0,10000,5062.0537,5062.206,0.15229999999974098
nancy,0,10000,5062.0537,5118.979,56.92529999999988
lyon,0,10000,4885.1,4885.1924,0.09239999999954307
lyon,0,10000,4885.1,4941.1504,56.05040000000008
nantes,0,10000,4808.049,4808.34,0.29100000000016735
nantes,0,10000,4808.049,4861.0737,53.02469999999994
nantes,0,10000,4815.295,4815.4355,0.1404999999995198
nantes,0,10000,4815.295,4863.9824,48.6873999999998
nantes,0,10000,4821.184,4821.3447,0.1606999999994514
nantes,0,10000,4821.184,4876.6094,55.42540000000008
nantes,0,10000,4828.2466,4828.4565,0.2098999999998341
nantes,0,10000,4828.2466,4882.76,54.51339999999982
nantes,0,10000,4834.136,4834.298,0.16199999999935244
nantes,0,10000,4834.136,4889.2036,55.0675999999994
nancy,0,10000,4906.4023,4906.5547,0.15239999999994325
nancy,0,10000,4906.4023,4966.5444,60.14210000000003
nancy,0,10000,4910.7485,4910.9004,0.15190000000075088
nancy,0,10000,4910.7485,4967.6577,56.909200000000055
nancy,0,10000,4914.6,4914.7593,0.15929999999934807
nancy,0,10000,4914.6,4971.832,57.23199999999997
nancy,0,10000,4919.1846,4919.337,0.15240000000085274
nancy,0,10000,4919.1846,4980.199,61.01440000000002
nancy,0,10000,5065.6104,5065.7627,0.15230000000065047
nancy,0,10000,5065.6104,5126.421,60.810600000000704
nancy,0,10000,4923.2607,4923.4146,0.15390000000024884
nancy,0,10000,4923.2607,4983.588,60.32729999999992
nancy,0,10000,4882.974,4883.0376,0.0635999999994965
nancy,0,10000,4882.974,4943.356,60.38199999999961
nancy,0,10000,4886.7783,4886.84,0.061700000000200816
nancy,0,10000,4886.7783,4946.6475,59.86920000000009
nancy,0,10000,4890.723,4890.7847,0.061700000000200816
nancy,0,10000,4890.723,4951.58,60.85699999999997
nancy,0,10000,4894.6953,4894.755,0.05969999999979336
nancy,0,10000,4894.6953,4955.132,60.43669999999929
nancy,0,10000,4898.9097,4898.973,0.06329999999979918
nancy,0,10000,4898.9097,4958.6416,59.73189999999977
lyon,0,10000,4792.167,4792.3164,0.14939999999933207
lyon,0,10000,4792.167,4842.3784,50.21139999999923
lyon,0,10000,4798.765,4798.8965,0.13149999999950523
lyon,0,10000,4798.765,4853.859,55.09400000000005
lyon,0,10000,4804.4585,4804.573,0.11450000000058935
lyon,0,10000,4804.4585,4856.683,52.22450000000026
lyon,0,10000,4811.127,4811.223,0.09599999999954889
lyon,0,10000,4811.127,4865.7666,54.63959999999952
nancy,0,10000,5069.811,5069.965,0.1540000000004511
nancy,0,10000,5069.811,5126.5044,56.69340000000011
lyon,0,10000,4816.7056,4816.8496,0.14399999999932334
lyon,0,10000,4816.7056,4865.7246,49.01899999999932
nantes,0,10000,4737.892,4738.07,0.17799999999988358
nantes,0,10000,4737.892,4788.9854,51.09339999999975
nantes,0,10000,4743.7114,4743.81,0.09860000000026048
nantes,0,10000,4743.7114,4797.3335,53.62209999999959
nantes,0,10000,4749.348,4749.4355,0.0874999999996362
nantes,0,10000,4749.348,4801.2324,51.884399999999914
nantes,0,10000,4756.3965,4756.5107,0.11419999999998254
nantes,0,10000,4756.3965,4808.555,52.15850000000046
nantes,0,10000,4762.12,4762.202,0.0820000000003347
nantes,0,10000,4762.12,4814.4126,52.292599999999766
lyon,0,10000,4393.427,4393.572,0.14500000000043656
lyon,0,10000,4393.427,4445.8135,52.386500000000524
lyon,0,10000,4404.3647,4404.5835,0.2187999999996464
lyon,0,10000,4404.3647,4454.3545,49.98980000000029
lyon,0,10000,4416.0615,4416.2095,0.14800000000013824
lyon,0,10000,4416.0615,4470.1826,54.1211000000003
lyon,0,10000,4426.9663,4427.1846,0.21829999999954453
lyon,0,10000,4426.9663,4482.273,55.30670000000009
nancy,0,10000,5074.2617,5074.413,0.15129999999953725
nancy,0,10000,5074.2617,5130.093,55.83129999999983
lyon,0,10000,4438.673,4438.831,0.15800000000035652
lyon,0,10000,4438.673,4491.4443,52.77130000000034
lyon,0,10000,4737.5273,4737.6304,0.10310000000026776
lyon,0,10000,4737.5273,4788.935,51.40770000000066
lyon,0,10000,4743.7036,4743.7827,0.07909999999992579
lyon,0,10000,4743.7036,4795.3022,51.59860000000026
lyon,0,10000,4749.2207,4749.325,0.10429999999996653
lyon,0,10000,4749.2207,4800.601,51.38029999999981
lyon,0,10000,4755.5044,4755.586,0.0816000000004351
lyon,0,10000,4755.5044,4809.8687,54.364300000000185
lyon,0,10000,4761.3984,4761.4976,0.09919999999965512
lyon,0,10000,4761.3984,4813.1445,51.7461000000003
nantes,0,10000,4731.0137,4731.186,0.17229999999926804
nantes,0,10000,4731.0137,4780.6777,49.66399999999976
nantes,0,10000,4738.31,4738.4263,0.11629999999968277
nantes,0,10000,4738.31,4790.1,51.789999999999964
nantes,0,10000,4744.2563,4744.387,0.13069999999970605
nantes,0,10000,4744.2563,4794.7285,50.47220000000016
nantes,0,10000,4750.7144,4750.8965,0.18209999999999127
nantes,0,10000,4750.7144,4806.6343,55.91989999999987
rennes,1,10000,4895.49,4895.6675,0.17749999999978172
rennes,1,10000,4895.49,4948.164,52.67399999999998
nancy,1,10000,4996.0806,4996.189,0.10840000000007421
nancy,1,10000,4996.0806,5055.4897,59.40909999999985
nantes,1,10000,4715.402,4715.543,0.14099999999962165
nantes,1,10000,4715.402,4768.24,52.83799999999974
rennes,1,10000,4895.4775,4895.6074,0.12989999999990687
rennes,1,10000,4895.4775,4945.709,50.23149999999987
rennes,1,10000,4899.9194,4900.024,0.10460000000057335
rennes,1,10000,4899.9194,4951.392,51.47260000000006
rennes,1,10000,4904.6255,4904.758,0.13249999999970896
rennes,1,10000,4904.6255,4955.6963,51.07079999999951
rennes,1,10000,4909.745,4909.832,0.08700000000044383
rennes,1,10000,4909.745,4961.25,51.50500000000011
rennes,1,10000,4914.494,4914.5894,0.09540000000015425
rennes,1,10000,4914.494,4966.9453,52.45130000000063
rennes,1,10000,4898.1367,4898.229,0.09230000000025029
rennes,1,10000,4898.1367,4949.5293,51.39260000000013
rennes,1,10000,4902.9365,4912.997,10.060500000000502
rennes,1,10000,4902.9365,4956.707,53.77050000000054
rennes,1,10000,4907.5303,4907.625,0.09469999999964784
rennes,1,10000,4907.5303,4957.518,49.98769999999968
rennes,1,10000,4912.8496,4912.9297,0.08010000000012951
rennes,1,10000,4912.8496,4963.294,50.444400000000314
rennes,1,10000,4900.0176,4900.1724,0.1548000000002503
rennes,1,10000,4900.0176,4949.635,49.61740000000009
rennes,1,10000,4917.5312,4917.6113,0.08009999999922002
rennes,1,10000,4917.5312,4971.1616,53.63040000000001
rennes,1,10000,4913.253,4913.3374,0.08440000000064174
rennes,1,10000,4913.253,4967.3193,54.06630000000041
rennes,1,10000,4918.0903,4924.69,6.599699999999757
rennes,1,10000,4918.0903,4970.7183,52.62800000000061
rennes,1,10000,4922.6934,4922.7734,0.07999999999992724
rennes,1,10000,4922.6934,4975.521,52.82759999999962
rennes,1,10000,4927.917,4928.006,0.08899999999994179
rennes,1,10000,4927.917,4982.0127,54.09569999999985
rennes,1,10000,4932.863,4939.505,6.641999999999825
rennes,1,10000,4932.863,4983.67,50.80699999999979
nancy,1,10000,4942.36,4942.612,0.25200000000040745
nancy,1,10000,4942.36,4998.016,55.65599999999995
nancy,1,10000,4945.998,4946.1704,0.1724000000003798
nancy,1,10000,4945.998,5003.472,57.47400000000016
nancy,1,10000,4949.6685,4949.867,0.198500000000422
nancy,1,10000,4949.6685,5005.605,55.936499999999796
nancy,1,10000,4953.686,4953.851,0.16499999999996362
nancy,1,10000,4953.686,5011.9424,58.25640000000021
rennes,1,10000,4904.453,4904.6235,0.17049999999926513
rennes,1,10000,4904.453,4958.502,54.04899999999998
nancy,1,10000,4957.5005,4957.6616,0.16110000000026048
nancy,1,10000,4957.5005,5012.8833,55.382800000000316
nantes,1,10000,4801.728,4801.9526,0.2245999999995547
nantes,1,10000,4801.728,4855.517,53.78899999999976
nantes,1,10000,4806.613,4806.7,0.08699999999953434
nantes,1,10000,4806.613,4860.1035,53.490499999999884
nantes,1,10000,4812.9165,4813.0337,0.11719999999968422
nantes,1,10000,4812.9165,4865.148,52.23149999999987
nantes,1,10000,4818.5664,4818.6504,0.08400000000074215
nantes,1,10000,4818.5664,4870.072,51.50560000000041
nantes,1,10000,4824.4067,4824.5215,0.11480000000028667
nantes,1,10000,4824.4067,4878.42,54.01330000000053
nantes,1,10000,4818.7373,4818.858,0.12070000000039727
nantes,1,10000,4818.7373,4869.1294,50.39210000000003
nantes,1,10000,4825.258,4825.3633,0.10530000000017026
nantes,1,10000,4825.258,4877.022,51.764000000000124
nantes,1,10000,4830.7227,4830.841,0.11830000000009022
nantes,1,10000,4830.7227,4881.56,50.83730000000014
nantes,1,10000,4837.3677,4837.468,0.10030000000006112
nantes,1,10000,4837.3677,4888.12,50.752300000000105
rennes,1,10000,4909.6377,4909.789,0.15129999999953725
rennes,1,10000,4909.6377,4960.2993,50.66159999999945
nantes,1,10000,4842.757,4842.9546,0.19760000000042055
nantes,1,10000,4842.757,4895.902,53.14500000000044
rennes,1,10000,4841.685,4841.788,0.10299999999915599
rennes,1,10000,4841.685,4890.8755,49.1904999999997
rennes,1,10000,4846.5176,4846.6255,0.10789999999997235
rennes,1,10000,4846.5176,4898.982,52.46439999999984
rennes,1,10000,4850.943,4851.0864,0.1433999999999287
rennes,1,10000,4850.943,4902.0894,51.14639999999963
rennes,1,10000,4856.4844,4856.628,0.14359999999942374
rennes,1,10000,4856.4844,4910.861,54.3765999999996
rennes,1,10000,4861.316,4861.4067,0.09069999999974243
rennes,1,10000,4861.316,4913.542,52.22600000000057
lyon,1,10000,4827.0664,4827.21,0.14360000000033324
lyon,1,10000,4827.0664,4879.4556,52.38920000000053
lyon,1,10000,4833.4883,4833.5835,0.09519999999974971
lyon,1,10000,4833.4883,4885.776,52.28769999999986
lyon,1,10000,4838.2466,4838.391,0.14439999999922293
lyon,1,10000,4838.2466,4887.62,49.37339999999949
lyon,1,10000,4845.053,4845.2637,0.2107000000005428
lyon,1,10000,4845.053,4895.2236,50.17060000000038
rennes,1,10000,4914.549,4914.8,0.2510000000002037
rennes,1,10000,4914.549,4964.878,50.32899999999972
lyon,1,10000,4849.941,4850.082,0.14100000000053114
lyon,1,10000,4849.941,4903.164,53.222999999999956
nancy,1,10000,4879.252,4879.407,0.15499999999974534
nancy,1,10000,4879.252,4935.6987,56.44669999999951
nancy,1,10000,4883.1772,4883.3276,0.1503999999995358
nancy,1,10000,4883.1772,4941.871,58.69380000000001
nancy,1,10000,4887.1025,4887.252,0.14950000000044383
nancy,1,10000,4887.1025,4944.081,56.97850000000017
nancy,1,10000,4890.747,4890.9004,0.15340000000014697
nancy,1,10000,4890.747,4949.954,59.206999999999425
nancy,1,10000,4895.189,4895.3496,0.16059999999924912
nancy,1,10000,4895.189,4952.7476,57.55859999999939
lyon,1,10000,4757.1606,4757.24,0.0793999999996231
lyon,1,10000,4757.1606,4807.065,49.90439999999944
lyon,1,10000,4763.4756,4763.5615,0.08590000000003783
lyon,1,10000,4763.4756,4814.6787,51.20310000000063
lyon,1,10000,4768.3877,4768.468,0.08029999999962456
lyon,1,10000,4768.3877,4817.61,49.22229999999945
lyon,1,10000,4774.869,4774.951,0.0820000000003347
lyon,1,10000,4774.869,4827.7837,52.914700000000266
nancy,1,10000,4980.193,4980.3027,0.10969999999997526
nancy,1,10000,4980.193,5039.191,58.99799999999959
lyon,1,10000,4780.4053,4780.4854,0.08009999999922002
lyon,1,10000,4780.4053,4830.4663,50.060999999999694
nantes,1,10000,4748.977,4749.0737,0.0967000000000553
nantes,1,10000,4748.977,4801.4897,52.51270000000022
nantes,1,10000,4755.4395,4755.5464,0.10689999999976862
nantes,1,10000,4755.4395,4807.025,51.58549999999923
nantes,1,10000,4760.71,4760.83,0.11999999999989086
nantes,1,10000,4760.71,4811.478,50.76800000000003
nantes,1,10000,4767.7383,4767.851,0.11269999999967695
nantes,1,10000,4767.7383,4821.6753,53.9369999999999
nantes,1,10000,4773.2017,4773.337,0.1353000000008251
nantes,1,10000,4773.2017,4824.408,51.20630000000074
nancy,1,10000,4845.4897,4845.7134,0.22369999999955326
nancy,1,10000,4845.4897,4901.57,56.080299999999625
nancy,1,10000,4848.889,4849.111,0.22199999999975262
nancy,1,10000,4848.889,4905.333,56.443999999999505
nancy,1,10000,4853.0195,4853.1763,0.15679999999974825
nancy,1,10000,4853.0195,4909.177,56.157499999999345
nancy,1,10000,4856.9766,4857.127,0.1504000000004453
nancy,1,10000,4856.9766,4915.622,58.645400000000336
nancy,1,10000,4984.321,4984.4434,0.1224000000001979
nancy,1,10000,4984.321,5039.4453,55.1243000000004
nancy,1,10000,4861.0737,4861.228,0.15430000000014843
nancy,1,10000,4861.0737,4918.0596,56.985899999999674
nancy,1,10000,4842.57,4842.7656,0.1956000000000131
nancy,1,10000,4842.57,4900.141,57.57099999999991
nancy,1,10000,4846.5986,4846.7705,0.17189999999936845
nancy,1,10000,4846.5986,4903.614,57.01539999999932
nancy,1,10000,4850.4805,4850.649,0.16850000000067666
nancy,1,10000,4850.4805,4910.196,59.71550000000025
nancy,1,10000,4854.8076,4854.9595,0.15189999999984138
nancy,1,10000,4854.8076,4913.8853,59.07769999999982
nancy,1,10000,4858.4287,4858.579,0.15029999999933352
nancy,1,10000,4858.4287,4917.254,58.825299999999515
lyon,1,10000,4707.1763,4707.3516,0.17529999999987922
lyon,1,10000,4707.1763,4759.1724,51.9961000000003
lyon,1,10000,4713.502,4713.64,0.13799999999991996
lyon,1,10000,4713.502,4767.582,54.07999999999993
lyon,1,10000,4718.7905,4718.9194,0.12889999999970314
lyon,1,10000,4718.7905,4771.7085,52.917999999999665
lyon,1,10000,4725.113,4725.254,0.14099999999962165
lyon,1,10000,4725.113,4775.739,50.625999999999294
nancy,1,10000,4987.9546,4988.063,0.10840000000007421
nancy,1,10000,4987.9546,5046.9673,59.01270000000022
lyon,1,10000,4730.525,4730.6743,0.1493000000000393
lyon,1,10000,4730.525,4782.9727,52.44770000000062
nantes,1,10000,4684.651,4684.75,0.09900000000016007
nantes,1,10000,4684.651,4736.3643,51.713300000000345
nantes,1,10000,4691.245,4691.3276,0.08259999999972933
nantes,1,10000,4691.245,4744.142,52.896999999999935
nantes,1,10000,4696.64,4696.7383,0.09829999999965366
nantes,1,10000,4696.64,4746.2803,49.640300000000025
nantes,1,10000,4704.4805,4704.567,0.08650000000034197
nantes,1,10000,4704.4805,4757.662,53.1815000000006
nantes,1,10000,4709.673,4709.774,0.10100000000056752
nantes,1,10000,4709.673,4760.0127,50.33970000000045
lyon,1,10000,4313.14,4313.2827,0.1426999999994223
lyon,1,10000,4313.14,4365.0796,51.9395999999997
lyon,1,10000,4324.79,4324.9634,0.17339999999967404
lyon,1,10000,4324.79,4374.518,49.728000000000065
lyon,1,10000,4335.665,4335.814,0.14900000000034197
lyon,1,10000,4335.665,4388.932,53.266999999999825
lyon,1,10000,4346.385,4346.5596,0.1745999999993728
lyon,1,10000,4346.385,4397.5874,51.202400000000125
nancy,1,10000,4992.3184,4992.4287,0.1103000000002794
nancy,1,10000,4992.3184,5049.6978,57.379399999999805
lyon,1,10000,4358.3926,4358.5327,0.1400999999996202
lyon,1,10000,4358.3926,4407.805,49.41240000000016
lyon,1,10000,4707.796,4707.9106,0.11459999999988213
lyon,1,10000,4707.796,4757.959,50.162999999999556
lyon,1,10000,4713.867,4713.965,0.09799999999995634
lyon,1,10000,4713.867,4767.819,53.952000000000226
lyon,1,10000,4718.6367,4718.7153,0.07859999999982392
lyon,1,10000,4718.6367,4767.9014,49.26469999999972
lyon,1,10000,4725.223,4725.3286,0.10559999999986758
lyon,1,10000,4725.223,4779.456,54.233000000000175
lyon,1,10000,4730.6143,4730.723,0.10869999999977153
lyon,1,10000,4730.6143,4784.2056,53.59130000000005
nantes,1,10000,4691.3745,4691.531,0.15650000000005093
nantes,1,10000,4691.3745,4743.4077,52.03319999999985
nantes,1,10000,4697.358,4697.5005,0.14249999999992724
nantes,1,10000,4697.358,4749.644,52.28600000000006
nantes,1,10000,4702.7817,4703.0527,0.2710000000006403
nantes,1,10000,4702.7817,4753.3823,50.60060000000067
nantes,1,10000,4709.14,4709.2793,0.139299999999821
nantes,1,10000,4709.14,4763.337,54.197000000000116
rennes,2,10000,4983.7974,4983.8833,0.08590000000003783
rennes,2,10000,4983.7974,5035.5815,51.78409999999985
nancy,2,10000,5069.165,5069.2246,0.05959999999959109
nancy,2,10000,5069.165,5123.6963,54.531299999999646
nantes,2,10000,4775.709,4775.8374,0.12840000000051077
nantes,2,10000,4775.709,4823.8477,48.138700000000426
rennes,2,10000,4982.975,4983.1426,0.16759999999976571
rennes,2,10000,4982.975,5034.293,51.3179999999993
rennes,2,10000,4987.8076,4988.0166,0.20899999999983265
rennes,2,10000,4987.8076,5036.864,49.056399999999485
rennes,2,10000,4992.423,4992.5815,0.15850000000045839
rennes,2,10000,4992.423,5041.25,48.827000000000226
rennes,2,10000,4997.932,4998.074,0.14199999999982538
rennes,2,10000,4997.932,5050.3774,52.44540000000052
rennes,2,10000,5002.4155,5002.5645,0.14900000000034197
rennes,2,10000,5002.4155,5053.744,51.32849999999962
rennes,2,10000,4944.082,4944.229,0.14699999999993452
rennes,2,10000,4944.082,4996.161,52.07899999999972
rennes,2,10000,4949.117,4949.258,0.14099999999962165
rennes,2,10000,4949.117,5002.85,53.733000000000175
rennes,2,10000,4953.3438,4953.5054,0.16160000000036234
rennes,2,10000,4953.3438,5004.8413,51.4975000000004
rennes,2,10000,4958.8423,4958.9863,0.14399999999932334
rennes,2,10000,4958.8423,5012.303,53.46069999999963
rennes,2,10000,4988.3584,4988.46,0.10159999999996217
rennes,2,10000,4988.3584,5040.675,52.31660000000011
rennes,2,10000,4963.514,4963.6543,0.14030000000002474
rennes,2,10000,4963.514,5016.258,52.74399999999969
rennes,2,10000,4958.6074,4958.686,0.07859999999982392
rennes,2,10000,4958.6074,5012.357,53.7496000000001
rennes,2,10000,4962.84,4962.9326,0.09259999999994761
rennes,2,10000,4962.84,5016.175,53.335000000000036
rennes,2,10000,4968.2515,4968.329,0.07749999999941792
rennes,2,10000,4968.2515,5020.1543,51.90279999999984
rennes,2,10000,4972.75,4972.8447,0.09469999999964784
rennes,2,10000,4972.75,5024.058,51.30799999999999
rennes,2,10000,4977.588,4977.669,0.08100000000013097
rennes,2,10000,4977.588,5030.6035,53.01550000000043
nancy,2,10000,4998.4233,4998.5986,0.17529999999987922
nancy,2,10000,4998.4233,5053.735,55.31169999999929
nancy,2,10000,5002.556,5002.7266,0.1706000000003769
nancy,2,10000,5002.556,5059.967,57.41100000000006
nancy,2,10000,5006.566,5006.7427,0.17669999999998254
nancy,2,10000,5006.566,5060.316,53.75
nancy,2,10000,5010.7114,5010.88,0.16859999999996944
nancy,2,10000,5010.7114,5068.2275,57.516099999999824
rennes,2,10000,4992.6797,4992.795,0.11530000000038854
rennes,2,10000,4992.6797,5041.709,49.02930000000015
nancy,2,10000,5014.614,5014.7886,0.1746000000002823
nancy,2,10000,5014.614,5069.6646,55.050600000000486
nantes,2,10000,4863.0356,4863.1924,0.15679999999974825
nantes,2,10000,4863.0356,4914.4385,51.402900000000045
nantes,2,10000,4869.5757,4869.7573,0.1815999999998894
nantes,2,10000,4869.5757,4921.902,52.32629999999972
nantes,2,10000,4874.5625,4874.7456,0.183100000000195
nantes,2,10000,4874.5625,4924.318,49.75550000000021
nantes,2,10000,4881.294,4881.4507,0.15670000000045547
nantes,2,10000,4881.294,4931.0063,49.71230000000014
nantes,2,10000,4887.622,4887.803,0.18099999999958527
nantes,2,10000,4887.622,4939.8564,52.23439999999937
nantes,2,10000,4863.18,4863.2656,0.08559999999943102
nantes,2,10000,4863.18,4916.845,53.664999999999964
nantes,2,10000,4868.427,4868.5425,0.11549999999988358
nantes,2,10000,4868.427,4917.3145,48.88750000000073
nantes,2,10000,4874.893,4874.9766,0.08359999999993306
nantes,2,10000,4874.893,4928.5386,53.64559999999983
nantes,2,10000,4880.9795,4881.121,0.1414999999997235
nantes,2,10000,4880.9795,4931.6997,50.72019999999975
rennes,2,10000,4998.194,4998.292,0.09799999999995634
rennes,2,10000,4998.194,5050.755,52.560999999999694
nantes,2,10000,4886.694,4886.825,0.13099999999940337
nantes,2,10000,4886.694,4939.411,52.71699999999964
rennes,2,10000,4899.79,4899.949,0.15899999999965075
rennes,2,10000,4899.79,4950.3623,50.572299999999814
rennes,2,10000,4904.39,4904.576,0.1859999999996944
rennes,2,10000,4904.39,4955.8735,51.48349999999937
rennes,2,10000,4908.849,4909.0156,0.166599999999562
rennes,2,10000,4908.849,4960.05,51.20100000000002
rennes,2,10000,4913.9824,4914.2114,0.2290000000002692
rennes,2,10000,4913.9824,4965.577,51.594600000000355
rennes,2,10000,4918.5894,4918.768,0.17860000000018772
rennes,2,10000,4918.5894,4969.239,50.64959999999974
lyon,2,10000,4874.8833,4875.049,0.16569999999956053
lyon,2,10000,4874.8833,4925.989,51.10569999999916
lyon,2,10000,4881.1553,4881.2974,0.14210000000002765
lyon,2,10000,4881.1553,4934.059,52.903699999999844
lyon,2,10000,4886.611,4886.772,0.1610000000000582
lyon,2,10000,4886.611,4939.6714,53.0604000000003
lyon,2,10000,4893.021,4893.1606,0.13960000000042783
lyon,2,10000,4893.021,4943.38,50.35900000000038
rennes,2,10000,5002.484,5002.6235,0.13949999999931606
rennes,2,10000,5002.484,5051.3237,48.83969999999954
lyon,2,10000,4898.501,4898.6626,0.16159999999945285
lyon,2,10000,4898.501,4952.441,53.9399999999996
nancy,2,10000,4951.456,4951.608,0.15200000000004366
nancy,2,10000,4951.456,5006.45,54.99399999999969
nancy,2,10000,4955.1987,4955.35,0.15130000000044674
nancy,2,10000,4955.1987,5012.1133,56.914600000000064
nancy,2,10000,4959.0796,4959.2324,0.15279999999984284
nancy,2,10000,4959.0796,5016.413,57.33339999999953
nancy,2,10000,4962.957,4963.1074,0.1503999999995358
nancy,2,10000,4962.957,5019.059,56.10199999999986
nancy,2,10000,4966.74,4966.894,0.1540000000004511
nancy,2,10000,4966.74,5022.721,55.98099999999977
lyon,2,10000,4856.2856,4856.4395,0.15390000000024884
lyon,2,10000,4856.2856,4908.636,52.35040000000026
lyon,2,10000,4862.3525,4862.491,0.13850000000002183
lyon,2,10000,4862.3525,4911.158,48.80550000000039
lyon,2,10000,4867.875,4868.0503,0.17529999999987922
lyon,2,10000,4867.875,4917.2876,49.41259999999966
lyon,2,10000,4873.9536,4874.0957,0.14210000000002765
lyon,2,10000,4873.9536,4924.0615,50.10789999999997
nancy,2,10000,5053.3457,5053.403,0.05730000000039581
nancy,2,10000,5053.3457,5111.253,57.90729999999985
lyon,2,10000,4879.501,4879.6704,0.16939999999976862
lyon,2,10000,4879.501,4930.5034,51.0023999999994
nantes,2,10000,4833.329,4833.42,0.09100000000034925
nantes,2,10000,4833.329,4884.5312,51.20220000000063
nantes,2,10000,4839.2437,4839.3257,0.0820000000003347
nantes,2,10000,4839.2437,4890.903,51.65930000000026
nantes,2,10000,4844.1313,4844.23,0.09869999999955326
nantes,2,10000,4844.1313,4897.1396,53.00830000000042
nantes,2,10000,4850.988,4851.0674,0.0793999999996231
nantes,2,10000,4850.988,4899.08,48.09199999999964
nantes,2,10000,4856.9727,4857.0737,0.10099999999965803
nantes,2,10000,4856.9727,4910.642,53.669299999999566
nancy,2,10000,4921.192,4921.2563,0.06430000000000291
nancy,2,10000,4921.192,4978.4683,57.27630000000045
nancy,2,10000,4924.755,4924.821,0.06599999999980355
nancy,2,10000,4924.755,4981.5103,56.75529999999981
nancy,2,10000,4928.703,4928.77,0.06700000000000728
nancy,2,10000,4928.703,4986.2256,57.52259999999933
nancy,2,10000,4932.4966,4932.563,0.06639999999970314
nancy,2,10000,4932.4966,4990.222,57.725399999999354
nancy,2,10000,5057.1226,5057.1904,0.06780000000071595
nancy,2,10000,5057.1226,5110.987,53.86440000000039
nancy,2,10000,4936.3516,4936.418,0.06639999999970314
nancy,2,10000,4936.3516,4994.8677,58.516099999999824
nancy,2,10000,4902.5425,4902.7656,0.22310000000015862
nancy,2,10000,4902.5425,4956.5615,54.01900000000023
nancy,2,10000,4906.362,4906.5156,0.15359999999964202
nancy,2,10000,4906.362,4965.713,59.35099999999966
nancy,2,10000,4910.0093,4910.212,0.20270000000073196
nancy,2,10000,4910.0093,4969.269,59.25970000000052
nancy,2,10000,4914.2275,4914.387,0.15949999999975262
nancy,2,10000,4914.2275,4970.3286,56.10109999999986
nancy,2,10000,4918.3,4918.452,0.15200000000004366
nancy,2,10000,4918.3,4977.113,58.8130000000001
lyon,2,10000,4814.026,4814.123,0.09699999999975262
lyon,2,10000,4814.026,4867.0757,53.049700000000485
lyon,2,10000,4819.974,4820.0537,0.07970000000022992
lyon,2,10000,4819.974,4870.965,50.990999999999985
lyon,2,10000,4825.3833,4825.4683,0.08500000000003638
lyon,2,10000,4825.3833,4878.4775,53.094199999999546
lyon,2,10000,4831.323,4831.4414,0.118399999999383
lyon,2,10000,4831.323,4881.216,49.89300000000003
nancy,2,10000,5061.152,5061.2144,0.06239999999979773
nancy,2,10000,5061.152,5115.2505,54.09850000000006
lyon,2,10000,4837.1826,4837.282,0.09940000000005966
lyon,2,10000,4837.1826,4890.632,53.449399999999514
nantes,2,10000,4789.0205,4789.0996,0.07909999999992579
nantes,2,10000,4789.0205,4841.608,52.587500000000546
nantes,2,10000,4795.3423,4795.462,0.11970000000019354
nantes,2,10000,4795.3423,4848.6006,53.25829999999951
nantes,2,10000,4800.621,4800.7197,0.09869999999955326
nantes,2,10000,4800.621,4854.015,53.39400000000023
nantes,2,10000,4806.95,4807.027,0.07700000000022555
nantes,2,10000,4806.95,4855.227,48.277000000000044
nantes,2,10000,4813.2583,4813.3936,0.1352999999999156
nantes,2,10000,4813.2583,4866.894,53.635699999999815
lyon,2,10000,4407.4307,4407.575,0.14429999999993015
lyon,2,10000,4407.4307,4460.236,52.80529999999999
lyon,2,10000,4418.4463,4418.5894,0.14310000000023138
lyon,2,10000,4418.4463,4468.058,49.61170000000038
lyon,2,10000,4428.953,4429.11,0.1569999999992433
lyon,2,10000,4428.953,4482.1313,53.17829999999958
lyon,2,10000,4440.8574,4440.9985,0.14109999999982392
lyon,2,10000,4440.8574,4491.2705,50.41309999999976
nancy,2,10000,5065.257,5065.3228,0.0658000000003085
nancy,2,10000,5065.257,5120.3296,55.07260000000042
lyon,2,10000,4451.6123,4451.761,0.14870000000064465
lyon,2,10000,4451.6123,4502.8037,51.19140000000061
lyon,2,10000,4788.703,4788.8193,0.11629999999968277
lyon,2,10000,4788.703,4837.895,49.19200000000001
lyon,2,10000,4794.7495,4794.8687,0.11920000000009168
lyon,2,10000,4794.7495,4843.486,48.73649999999998
lyon,2,10000,4800.0205,4800.1626,0.14210000000002765
lyon,2,10000,4800.0205,4852.405,52.384500000000116
lyon,2,10000,4806.4854,4806.603,0.11760000000049331
lyon,2,10000,4806.4854,4859.118,52.63260000000082
lyon,2,10000,4811.7715,4811.914,0.14249999999992724
lyon,2,10000,4811.7715,4865.2334,53.46190000000024
nantes,2,10000,4752.007,4752.126,0.11900000000059663
nantes,2,10000,4752.007,4802.768,50.76100000000042
nantes,2,10000,4757.8286,4757.947,0.1184000000002925
nantes,2,10000,4757.8286,4806.572,48.74340000000029
nantes,2,10000,4763.254,4763.3735,0.119499999999789
nantes,2,10000,4763.254,4813.8726,50.61859999999979
nantes,2,10000,4769.7905,4769.9233,0.13280000000031578
nantes,2,10000,4769.7905,4823.082,53.29150000000027
rennes,3,10000,4989.5747,4989.6987,0.12399999999979627
rennes,3,10000,4989.5747,5042.299,52.72429999999986
nancy,3,10000,5063.35,5063.5024,0.15239999999994325
nancy,3,10000,5063.35,5124.217,60.86699999999928
nantes,3,10000,4714.492,4714.5723,0.08029999999962456
nantes,3,10000,4714.492,4764.4033,49.911299999999756
rennes,3,10000,4972.776,4973.0347,0.25870000000031723
rennes,3,10000,4972.776,5025.066,52.289999999999964
rennes,3,10000,4977.793,4977.954,0.1610000000000582
rennes,3,10000,4977.793,5030.0435,52.2505000000001
rennes,3,10000,4982.229,4982.377,0.14800000000013824
rennes,3,10000,4982.229,5034.301,52.072000000000116
rennes,3,10000,4987.8823,4988.0425,0.16019999999934953
rennes,3,10000,4987.8823,5038.163,50.28069999999934
rennes,3,10000,4992.4487,4992.609,0.1603000000004613
rennes,3,10000,4992.4487,5047.8887,55.44000000000051
rennes,3,10000,4963.158,4963.261,0.10300000000006548
rennes,3,10000,4963.158,5013.631,50.472999999999956
rennes,3,10000,4968.098,4968.2285,0.130500000000211
rennes,3,10000,4968.098,5019.9385,51.84050000000025
rennes,3,10000,4972.861,4972.974,0.11300000000028376
rennes,3,10000,4972.861,5026.9814,54.12039999999979
rennes,3,10000,4977.3076,4977.441,0.13339999999971042
rennes,3,10000,4977.3076,5029.388,52.08039999999983
rennes,3,10000,4994.477,4994.5566,0.07960000000002765
rennes,3,10000,4994.477,5048.0034,53.52639999999974
rennes,3,10000,4982.0493,4982.1597,0.11040000000048167
rennes,3,10000,4982.0493,5035.447,53.39770000000044
rennes,3,10000,4958.4604,4958.555,0.09460000000035507
rennes,3,10000,4958.4604,5011.7676,53.30720000000019
rennes,3,10000,4962.9565,4963.0747,0.11819999999988795
rennes,3,10000,4962.9565,5013.829,50.87249999999949
rennes,3,10000,4967.789,4967.882,0.0929999999998472
rennes,3,10000,4967.789,5023.2236,55.4346000000005
rennes,3,10000,4972.585,4972.661,0.07600000000002183
rennes,3,10000,4972.585,5023.126,50.54100000000017
rennes,3,10000,4977.2534,4977.3545,0.1011000000007698
rennes,3,10000,4977.2534,5032.249,54.995600000000195
nancy,3,10000,5008.701,5008.7886,0.08759999999983847
nancy,3,10000,5008.701,5065.6167,56.91569999999956
nancy,3,10000,5012.275,5012.405,0.13000000000010914
nancy,3,10000,5012.275,5069.247,56.97200000000066
nancy,3,10000,5016.3647,5016.5063,0.14159999999992579
nancy,3,10000,5016.3647,5072.8647,56.5
nancy,3,10000,5020.273,5020.36,0.08699999999953434
nancy,3,10000,5020.273,5080.8716,60.59860000000026
rennes,3,10000,4999.154,4999.248,0.09399999999914144
rennes,3,10000,4999.154,5048.6006,49.44659999999931
nancy,3,10000,5024.195,5024.2837,0.08870000000024447
nancy,3,10000,5024.195,5083.9004,59.705400000000736
nantes,3,10000,4899.028,4899.1143,0.08629999999993743
nantes,3,10000,4899.028,4950.6914,51.663399999999456
nantes,3,10000,4904.7026,4904.7896,0.08700000000044383
nantes,3,10000,4904.7026,4957.0977,52.39510000000064
nantes,3,10000,4910.558,4910.6597,0.10170000000016444
nantes,3,10000,4910.558,4963.8374,53.27940000000035
nantes,3,10000,4917.606,4917.6943,0.08830000000034488
nantes,3,10000,4917.606,4967.182,49.57600000000002
nantes,3,10000,4923.2124,4923.315,0.1025999999992564
nantes,3,10000,4923.2124,4976.5444,53.331999999999425
nantes,3,10000,4884.8105,4885.905,1.0945000000001528
nantes,3,10000,4884.8105,4935.7134,50.902900000000045
nantes,3,10000,4889.3496,4889.4365,0.08690000000024156
nantes,3,10000,4889.3496,4942.364,53.01440000000002
nantes,3,10000,4896.3374,4896.4414,0.10399999999935972
nantes,3,10000,4896.3374,4950.6094,54.271999999999935
nantes,3,10000,4901.4385,4901.5254,0.08690000000024156
nantes,3,10000,4901.4385,4955.54,54.10149999999976
rennes,3,10000,5004.278,5004.3574,0.0793999999996231
rennes,3,10000,5004.278,5059.1934,54.91539999999986
nantes,3,10000,4907.315,4907.3984,0.08340000000043801
nantes,3,10000,4907.315,4957.1313,49.81630000000041
rennes,3,10000,4915.5615,4915.7,0.13850000000002183
rennes,3,10000,4915.5615,4969.9834,54.42190000000028
rennes,3,10000,4920.266,4920.4214,0.15540000000055443
rennes,3,10000,4920.266,4972.877,52.611000000000786
rennes,3,10000,4924.964,4925.111,0.14699999999993452
rennes,3,10000,4924.964,4975.9224,50.95840000000044
rennes,3,10000,4929.8823,4930.044,0.16169999999965512
rennes,3,10000,4929.8823,4982.2935,52.41119999999955
rennes,3,10000,4934.035,4934.1816,0.14660000000003492
rennes,3,10000,4934.035,4988.531,54.496000000000095
lyon,3,10000,4890.8765,4890.9946,0.11809999999968568
lyon,3,10000,4890.8765,4945.3203,54.44380000000001
lyon,3,10000,4897.53,4897.622,0.09200000000055297
lyon,3,10000,4897.53,4951.08,53.55000000000018
lyon,3,10000,4902.392,4902.47,0.07800000000042928
lyon,3,10000,4902.392,4953.0796,50.6876000000002
lyon,3,10000,4908.9927,4909.086,0.09330000000045402
lyon,3,10000,4908.9927,4963.5957,54.603000000000065
rennes,3,10000,5008.7783,5008.901,0.12269999999989523
rennes,3,10000,5008.7783,5058.3477,49.569400000000314
lyon,3,10000,4914.6943,4914.812,0.11769999999978609
lyon,3,10000,4914.6943,4967.5386,52.84429999999975
nancy,3,10000,4941.224,4941.3403,0.11629999999968277
nancy,3,10000,4941.224,5002.127,60.90300000000025
nancy,3,10000,4944.821,4944.936,0.11499999999978172
nancy,3,10000,4944.821,5003.617,58.79600000000028
nancy,3,10000,4948.6333,4948.745,0.11169999999947322
nancy,3,10000,4948.6333,5005.789,57.15569999999934
nancy,3,10000,4952.748,4952.8633,0.11530000000038854
nancy,3,10000,4952.748,5009.1016,56.35360000000037
nancy,3,10000,4956.9536,4957.0674,0.11380000000008295
nancy,3,10000,4956.9536,5016.052,59.098399999999856
lyon,3,10000,4847.746,4847.847,0.10099999999965803
lyon,3,10000,4847.746,4896.9966,49.250600000000304
lyon,3,10000,4853.8076,4853.956,0.14840000000003783
lyon,3,10000,4853.8076,4905.708,51.900399999999536
lyon,3,10000,4858.858,4858.9414,0.08339999999952852
lyon,3,10000,4858.858,4908.5347,49.67669999999998
lyon,3,10000,4865.4565,4865.5527,0.09619999999995343
lyon,3,10000,4865.4565,4920.2812,54.82470000000012
nancy,3,10000,5047.418,5047.5747,0.15670000000045547
nancy,3,10000,5047.418,5107.6055,60.1875
lyon,3,10000,4870.967,4871.0454,0.07840000000032887
lyon,3,10000,4870.967,4923.8657,52.898700000000645
nantes,3,10000,4825.8696,4826.035,0.1653999999998632
nantes,3,10000,4825.8696,4880.836,54.96640000000025
nantes,3,10000,4832.1646,4832.305,0.140400000000227
nantes,3,10000,4832.1646,4881.9414,49.77679999999964
nantes,3,10000,4837.6035,4837.7656,0.1620999999995547
nantes,3,10000,4837.6035,4887.678,50.074499999999716
nantes,3,10000,4843.8525,4843.993,0.14050000000042928
nantes,3,10000,4843.8525,4897.7554,53.902900000000045
nantes,3,10000,4849.5767,4849.7363,0.1595999999999549
nantes,3,10000,4849.5767,4903.3467,53.77000000000044
nancy,3,10000,4900.57,4900.7227,0.15270000000055006
nancy,3,10000,4900.57,4957.391,56.82099999999991
nancy,3,10000,4904.412,4904.565,0.1529999999993379
nancy,3,10000,4904.412,4959.077,54.664999999999964
nancy,3,10000,4908.596,4908.747,0.15100000000074942
nancy,3,10000,4908.596,4963.1797,54.583700000000135
nancy,3,10000,4912.382,4912.5337,0.15170000000034634
nancy,3,10000,4912.382,4971.2256,58.84360000000015
nancy,3,10000,5050.981,5051.1357,0.15470000000004802
nancy,3,10000,5050.981,5108.0396,57.0586000000003
nancy,3,10000,4916.513,4916.6646,0.15160000000014406
nancy,3,10000,4916.513,4974.7817,58.268699999999626
nancy,3,10000,4879.792,4879.9473,0.15529999999944266
nancy,3,10000,4879.792,4935.378,55.58599999999933
nancy,3,10000,4883.552,4883.704,0.15200000000004366
nancy,3,10000,4883.552,4943.7583,60.20630000000074
nancy,3,10000,4887.26,4887.4126,0.1525999999994383
nancy,3,10000,4887.26,4943.389,56.128999999999905
nancy,3,10000,4891.39,4891.5415,0.1514999999999418
nancy,3,10000,4891.39,4947.3506,55.96059999999943
nancy,3,10000,4895.4463,4895.5977,0.15140000000064902
nancy,3,10000,4895.4463,4954.6753,59.22900000000027
lyon,3,10000,4785.4946,4785.591,0.09640000000035798
lyon,3,10000,4785.4946,4838.613,53.11840000000029
lyon,3,10000,4791.4736,4791.5527,0.07909999999992579
lyon,3,10000,4791.4736,4844.2236,52.75
lyon,3,10000,4797.1733,4797.272,0.09869999999955326
lyon,3,10000,4797.1733,4849.529,52.35570000000007
lyon,3,10000,4803.335,4803.4155,0.0805000000000291
lyon,3,10000,4803.335,4855.0063,51.671299999999974
nancy,3,10000,5055.108,5055.2603,0.15229999999974098
nancy,3,10000,5055.108,5114.9326,59.82459999999992
lyon,3,10000,4809.209,4809.349,0.14000000000032742
lyon,3,10000,4809.209,4861.6333,52.424300000000585
nantes,3,10000,4757.8086,4757.9097,0.1010999999998603
nantes,3,10000,4757.8086,4811.6226,53.813999999999396
nantes,3,10000,4764.0674,4764.1665,0.09910000000036234
nantes,3,10000,4764.0674,4813.202,49.13460000000032
nantes,3,10000,4769.088,4769.17,0.0820000000003347
nantes,3,10000,4769.088,4823.0156,53.927599999999984
nantes,3,10000,4775.6753,4775.772,0.0967000000000553
nantes,3,10000,4775.6753,4828.564,52.888700000000426
nantes,3,10000,4781.3823,4781.462,0.07970000000022992
nantes,3,10000,4781.3823,4830.5225,49.14019999999982
lyon,3,10000,4372.468,4372.628,0.15999999999985448
lyon,3,10000,4372.468,4423.599,51.13100000000031
lyon,3,10000,4383.38,4383.522,0.14199999999982538
lyon,3,10000,4383.38,4435.4033,52.023299999999836
lyon,3,10000,4394.478,4394.6353,0.15729999999985012
lyon,3,10000,4394.478,4445.433,50.95499999999993
lyon,3,10000,4405.139,4405.2793,0.14030000000002474
lyon,3,10000,4405.139,4460.258,55.11899999999969
nancy,3,10000,5059.1436,5059.2974,0.15380000000004657
nancy,3,10000,5059.1436,5118.288,59.14439999999922
lyon,3,10000,4416.6816,4416.84,0.1584000000002561
lyon,3,10000,4416.6816,4469.0435,52.36189999999988
lyon,3,10000,4734.284,4734.393,0.10900000000037835
lyon,3,10000,4734.284,4783.8525,49.56850000000031
lyon,3,10000,4740.1885,4740.3354,0.14689999999973224
lyon,3,10000,4740.1885,4792.4565,52.26800000000003
lyon,3,10000,4745.0103,4745.1455,0.13519999999971333
lyon,3,10000,4745.0103,4794.8467,49.83640000000014
lyon,3,10000,4751.881,4751.993,0.11200000000008004
lyon,3,10000,4751.881,4803.972,52.09099999999944
lyon,3,10000,4757.156,4757.3193,0.16330000000016298
lyon,3,10000,4757.156,4806.008,48.85199999999986
nantes,3,10000,4690.242,4690.325,0.08299999999962893
nantes,3,10000,4690.242,4739.874,49.63199999999961
nantes,3,10000,4696.6357,4696.731,0.09529999999995198
nantes,3,10000,4696.6357,4750.482,53.846300000000156
nantes,3,10000,4702.091,4702.175,0.08399999999983265
nantes,3,10000,4702.091,4757.692,55.60099999999966
nantes,3,10000,4708.41,4708.5127,0.10270000000036816
nantes,3,10000,4708.41,4761.3105,52.90049999999974
rennes,4,10000,4992.084,4992.158,0.07400000000052387
rennes,4,10000,4992.084,5047.074,54.98999999999978
nancy,4,10000,5064.6606,5064.812,0.15139999999973952
nancy,4,10000,5064.6606,5119.088,54.42739999999958
nantes,4,10000,4729.9536,4730.093,0.13940000000002328
nantes,4,10000,4729.9536,4784.091,54.137400000000525
rennes,4,10000,4970.3,4970.474,0.17399999999997817
rennes,4,10000,4970.3,5020.6787,50.37870000000021
rennes,4,10000,4974.8203,4974.9077,0.08739999999943393
rennes,4,10000,4974.8203,5024.683,49.86269999999968
rennes,4,10000,4979.44,4979.545,0.10500000000047294
rennes,4,10000,4979.44,5032.104,52.66400000000067
rennes,4,10000,4984.914,4984.993,0.07900000000063301
rennes,4,10000,4984.914,5033.9404,49.02640000000065
rennes,4,10000,4989.441,4989.5254,0.08440000000064174
rennes,4,10000,4989.441,5044.8174,55.3764000000001
rennes,4,10000,4937.061,4937.2114,0.1504000000004453
rennes,4,10000,4937.061,4986.7803,49.71930000000066
rennes,4,10000,4941.7896,4941.991,0.20139999999992142
rennes,4,10000,4941.7896,4994.8135,53.02390000000014
rennes,4,10000,4946.5776,4946.726,0.14840000000003783
rennes,4,10000,4946.5776,5002.0825,55.504900000000816
rennes,4,10000,4951.472,4951.6904,0.2184000000006563
rennes,4,10000,4951.472,5005.4287,53.95670000000064
rennes,4,10000,4996.4023,4996.4917,0.08939999999984138
rennes,4,10000,4996.4023,5045.8916,49.489300000000185
rennes,4,10000,4956.3965,4956.5605,0.1639999999997599
rennes,4,10000,4956.3965,5011.582,55.1855000000005
rennes,4,10000,4952.4326,4952.52,0.08740000000034343
rennes,4,10000,4952.4326,5002.8096,50.3769999999995
rennes,4,10000,4956.6426,4956.739,0.09639999999944848
rennes,4,10000,4956.6426,5010.848,54.20539999999983
rennes,4,10000,4961.396,4961.49,0.09400000000005093
rennes,4,10000,4961.396,5009.899,48.50300000000061
rennes,4,10000,4965.909,4966.0015,0.09250000000065484
rennes,4,10000,4965.909,5018.2295,52.32050000000072
rennes,4,10000,4970.9087,4971.0186,0.1099000000003798
rennes,4,10000,4970.9087,5021.6846,50.77589999999964
nancy,4,10000,4998.3916,4998.6416,0.25
nancy,4,10000,4998.3916,5054.89,56.4984000000004
nancy,4,10000,5002.126,5002.329,0.2029999999995198
nancy,4,10000,5002.126,5062.7305,60.60449999999946
nancy,4,10000,5005.783,5005.976,0.1929999999993015
nancy,4,10000,5005.783,5062.6353,56.85229999999956
nancy,4,10000,5009.953,5010.126,0.17299999999977445
nancy,4,10000,5009.953,5070.6133,60.66029999999955
rennes,4,10000,5001.0444,5001.1616,0.11720000000059372
rennes,4,10000,5001.0444,5056.0513,55.006900000000314
nancy,4,10000,5013.925,5014.099,0.17399999999997817
nancy,4,10000,5013.925,5068.426,54.501000000000204
nantes,4,10000,4878.6035,4878.7534,0.14989999999943393
nantes,4,10000,4878.6035,4928.3066,49.70309999999972
nantes,4,10000,4884.4624,4884.582,0.11959999999999127
nantes,4,10000,4884.4624,4935.426,50.96360000000004
nantes,4,10000,4889.461,4889.6143,0.1532999999999447
nantes,4,10000,4889.461,4940.1567,50.695699999999306
nantes,4,10000,4896.8745,4896.9937,0.11920000000009168
nantes,4,10000,4896.8745,4950.5967,53.72220000000016
nantes,4,10000,4902.652,4902.799,0.14699999999993452
nantes,4,10000,4902.652,4954.8584,52.20640000000003
nantes,4,10000,4853.5205,4853.6885,0.1680000000005748
nantes,4,10000,4853.5205,4906.2476,52.727100000000064
nantes,4,10000,4858.3438,4858.5,0.1562000000003536
nantes,4,10000,4858.3438,4912.0996,53.75579999999991
nantes,4,10000,4864.9214,4865.0703,0.1489000000001397
nantes,4,10000,4864.9214,4917.5566,52.63519999999971
nantes,4,10000,4870.5547,4870.706,0.15130000000044674
nantes,4,10000,4870.5547,4923.664,53.109300000000076
rennes,4,10000,5005.795,5005.9097,0.1147000000000844
rennes,4,10000,5005.795,5058.946,53.15099999999984
nantes,4,10000,4876.8613,4877.01,0.14870000000064465
nantes,4,10000,4876.8613,4929.4927,52.63140000000021
rennes,4,10000,4877.92,4878.091,0.1710000000002765
rennes,4,10000,4877.92,4929.0273,51.10729999999967
rennes,4,10000,4882.2397,4882.43,0.19030000000020664
rennes,4,10000,4882.2397,4935.969,53.72929999999997
rennes,4,10000,4887.0024,4887.2812,0.27880000000004657
rennes,4,10000,4887.0024,4938.3613,51.35889999999927
rennes,4,10000,4891.6523,4891.8403,0.18800000000010186
rennes,4,10000,4891.6523,4939.8184,48.16610000000037
rennes,4,10000,4896.6157,4896.8306,0.21489999999994325
rennes,4,10000,4896.6157,4950.869,54.2532999999994
lyon,4,10000,4848.5366,4848.6196,0.08299999999962893
lyon,4,10000,4848.5366,4900.4233,51.88670000000002
lyon,4,10000,4854.9175,4855.005,0.0875000000005457
lyon,4,10000,4854.9175,4906.01,51.092500000000655
lyon,4,10000,4859.796,4859.8716,0.07560000000012224
lyon,4,10000,4859.796,4910.1094,50.3134
lyon,4,10000,4866.047,4866.157,0.11000000000058208
lyon,4,10000,4866.047,4920.7637,54.716700000000856
rennes,4,10000,5010.161,5010.2705,0.10949999999957072
rennes,4,10000,5010.161,5058.6797,48.518699999999626
lyon,4,10000,4871.2085,4871.3047,0.09619999999995343
lyon,4,10000,4871.2085,4924.542,53.33350000000064
nancy,4,10000,4931.806,4931.957,0.15100000000074942
nancy,4,10000,4931.806,4988.7627,56.95670000000064
nancy,4,10000,4935.7617,4935.912,0.15030000000024302
nancy,4,10000,4935.7617,4991.8066,56.04489999999987
nancy,4,10000,4939.707,4939.8584,0.15139999999973952
nancy,4,10000,4939.707,4997.3604,57.65339999999924
nancy,4,10000,4943.665,4943.8154,0.1504000000004453
nancy,4,10000,4943.665,4999.5415,55.876500000000306
nancy,4,10000,4947.5283,4947.6836,0.15530000000035216
nancy,4,10000,4947.5283,5002.1816,54.653299999999945
lyon,4,10000,4828.7505,4828.847,0.09649999999965075
lyon,4,10000,4828.7505,4881.0977,52.34720000000016
lyon,4,10000,4834.4995,4834.623,0.12349999999969441
lyon,4,10000,4834.4995,4885.944,51.44450000000052
lyon,4,10000,4839.255,4839.3423,0.08730000000014115
lyon,4,10000,4839.255,4892.7974,53.54240000000027
lyon,4,10000,4845.455,4845.551,0.09600000000045839
lyon,4,10000,4845.455,4894.553,49.097999999999956
nancy,4,10000,5048.719,5048.872,0.15300000000024738
nancy,4,10000,5048.719,5103.5576,54.83860000000004
lyon,4,10000,4851.105,4851.1875,0.08250000000043656
lyon,4,10000,4851.105,4905.925,54.82000000000062
nantes,4,10000,4788.2197,4788.3228,0.10310000000026776
nantes,4,10000,4788.2197,4843.384,55.16430000000037
nantes,4,10000,4794.5728,4794.6587,0.08590000000003783
nantes,4,10000,4794.5728,4848.0596,53.486799999999675
nantes,4,10000,4799.5625,4799.7754,0.2129000000004453
nantes,4,10000,4799.5625,4852.4473,52.884799999999814
nantes,4,10000,4806.3926,4806.4766,0.08399999999983265
nantes,4,10000,4806.3926,4857.7476,51.35499999999956
nantes,4,10000,4811.745,4811.869,0.12399999999979627
nantes,4,10000,4811.745,4861.939,50.194000000000415
nancy,4,10000,4892.4185,4892.478,0.059500000000298314
nancy,4,10000,4892.4185,4947.88,55.46150000000034
nancy,4,10000,4895.4316,4895.5146,0.08300000000053842
nancy,4,10000,4895.4316,4952.0654,56.63380000000052
nancy,4,10000,4899.1777,4899.2397,0.06199999999989814
nancy,4,10000,4899.1777,4958.1484,58.97069999999985
nancy,4,10000,4903.236,4903.319,0.08300000000053842
nancy,4,10000,4903.236,4963.2974,60.0614000000005
nancy,4,10000,5052.6436,5052.792,0.14840000000003783
nancy,4,10000,5052.6436,5110.6655,58.02189999999973
nancy,4,10000,4907.2925,4907.362,0.06950000000051659
nancy,4,10000,4907.2925,4961.758,54.46550000000025
nancy,4,10000,4877.383,4877.5337,0.1507000000001426
nancy,4,10000,4877.383,4935.514,58.13100000000031
nancy,4,10000,4881.015,4881.169,0.15399999999954161
nancy,4,10000,4881.015,4934.785,53.76999999999953
nancy,4,10000,4884.824,4884.977,0.15300000000024738
nancy,4,10000,4884.824,4939.7944,54.970400000000154
nancy,4,10000,4888.466,4888.6367,0.17069999999966967
nancy,4,10000,4888.466,4943.073,54.60699999999997
nancy,4,10000,4892.247,4892.401,0.15399999999954161
nancy,4,10000,4892.247,4952.252,60.00500000000011
lyon,4,10000,4765.411,4765.493,0.0820000000003347
lyon,4,10000,4765.411,4819.6143,54.20330000000013
lyon,4,10000,4772.137,4772.2314,0.09439999999995052
lyon,4,10000,4772.137,4827.305,55.168000000000575
lyon,4,10000,4777.356,4777.4375,0.08150000000023283
lyon,4,10000,4777.356,4829.2686,51.912600000000566
lyon,4,10000,4783.9746,4784.0625,0.08790000000044529
lyon,4,10000,4783.9746,4838.1724,54.197800000000825
nancy,4,10000,5056.5396,5056.6914,0.1517999999996391
nancy,4,10000,5056.5396,5117.5728,61.03319999999985
lyon,4,10000,4789.2993,4789.382,0.0826999999999316
lyon,4,10000,4789.2993,4839.826,50.526700000000346
nantes,4,10000,4733.2163,4733.3174,0.1010999999998603
nantes,4,10000,4733.2163,4787.719,54.502700000000004
nantes,4,10000,4740.1787,4740.2617,0.08299999999962893
nantes,4,10000,4740.1787,4795.1357,54.956999999999425
nantes,4,10000,4745.6084,4745.7095,0.1010999999998603
nantes,4,10000,4745.6084,4798.865,53.25659999999971
nantes,4,10000,4752.256,4752.336,0.07999999999992724
nantes,4,10000,4752.256,4803.5283,51.27229999999963
nantes,4,10000,4757.691,4757.7954,0.1044000000001688
nantes,4,10000,4757.691,4812.0767,54.385699999999815
lyon,4,10000,4369.504,4369.6816,0.177599999999984
lyon,4,10000,4369.504,4423.2295,53.725500000000466
lyon,4,10000,4380.031,4380.193,0.16200000000026193
lyon,4,10000,4380.031,4433.386,53.35500000000047
lyon,4,10000,4391.1953,4391.36,0.1646999999993568
lyon,4,10000,4391.1953,4442.9424,51.74709999999959
lyon,4,10000,4401.917,4402.099,0.181999999999789
lyon,4,10000,4401.917,4453.54,51.62299999999959
nancy,4,10000,5060.7114,5060.8667,0.15529999999944266
nancy,4,10000,5060.7114,5114.544,53.83259999999973
lyon,4,10000,4412.7896,4412.95,0.16039999999975407
lyon,4,10000,4412.7896,4464.6836,51.89400000000023
lyon,4,10000,4741.0005,4741.084,0.08349999999973079
lyon,4,10000,4741.0005,4792.5776,51.57709999999952
lyon,4,10000,4746.7754,4746.8916,0.1161999999994805
lyon,4,10000,4746.7754,4799.061,52.28559999999925
lyon,4,10000,4751.8696,4751.9463,0.07669999999961874
lyon,4,10000,4751.8696,4803.6265,51.756900000000314
lyon,4,10000,4758.51,4758.73,0.21999999999934516
lyon,4,10000,4758.51,4809.367,50.85699999999997
lyon,4,10000,4763.6763,4763.7754,0.09910000000036234
lyon,4,10000,4763.6763,4816.0425,52.36619999999948
nantes,4,10000,4706.152,4706.29,0.13799999999991996
nantes,4,10000,4706.152,4760.639,54.48700000000008
nantes,4,10000,4712.267,4712.4224,0.15540000000055443
nantes,4,10000,4712.267,4761.705,49.4380000000001
nantes,4,10000,4717.4985,4717.64,0.141500000000633
nantes,4,10000,4717.4985,4766.1353,48.63680000000022
nantes,4,10000,4724.164,4724.322,0.15800000000035652
nantes,4,10000,4724.164,4776.6987,52.53470000000016
rennes,5,10000,5010.2583,5010.4033,0.14499999999952706
rennes,5,10000,5010.2583,5060.5337,50.275399999999536
nancy,5,10000,5084.4165,5084.503,0.08649999999943248
nancy,5,10000,5084.4165,5141.272,56.855499999999665
nantes,5,10000,4752.682,4752.7954,0.11340000000018335
nantes,5,10000,4752.682,4803.697,51.01500000000033
rennes,5,10000,4980.595,4980.6743,0.07929999999942083
rennes,5,10000,4980.595,5033.7446,53.14959999999974
rennes,5,10000,4985.0107,4985.108,0.09730000000035943
rennes,5,10000,4985.0107,5034.6665,49.655800000000454
rennes,5,10000,4990.1094,4990.2104,0.10099999999965803
rennes,5,10000,4990.1094,5038.9346,48.82519999999931
rennes,5,10000,4994.697,4994.789,0.09199999999964348
rennes,5,10000,4994.697,5043.115,48.417999999999665
rennes,5,10000,4999.321,4999.4,0.07899999999972351
rennes,5,10000,4999.321,5052.1772,52.85620000000017
rennes,5,10000,4950.948,4951.103,0.15499999999974534
rennes,5,10000,4950.948,5000.3267,49.3786999999993
rennes,5,10000,4955.43,4955.6133,0.18329999999969004
rennes,5,10000,4955.43,5004.44,49.00999999999931
rennes,5,10000,4960.164,4960.307,0.1430000000000291
rennes,5,10000,4960.164,5013.6655,53.501500000000306
rennes,5,10000,4965.321,4965.484,0.16300000000046566
rennes,5,10000,4965.321,5016.5923,51.27130000000034
rennes,5,10000,5014.983,5015.163,0.17999999999938154
rennes,5,10000,5014.983,5065.8223,50.83929999999964
rennes,5,10000,4969.559,4969.7236,0.16460000000006403
rennes,5,10000,4969.559,5021.2573,51.69830000000002
rennes,5,10000,4953.4194,4953.57,0.15059999999994034
rennes,5,10000,4953.4194,5003.881,50.461600000000544
rennes,5,10000,4958.064,4958.233,0.16899999999986903
rennes,5,10000,4958.064,5011.044,52.97999999999956
rennes,5,10000,4962.6416,4962.783,0.14140000000043074
rennes,5,10000,4962.6416,5015.453,52.8114000000005
rennes,5,10000,4967.783,4967.9414,0.15839999999934662
rennes,5,10000,4967.783,5018.0366,50.253600000000006
rennes,5,10000,4972.8223,4972.907,0.08470000000033906
rennes,5,10000,4972.8223,5021.1943,48.3720000000003
nancy,5,10000,4987.984,4988.073,0.08899999999994179
nancy,5,10000,4987.984,5047.0117,59.02769999999964
nancy,5,10000,4991.522,4991.6123,0.09029999999984284
nancy,5,10000,4991.522,5048.84,57.31800000000021
nancy,5,10000,4995.284,4995.368,0.08400000000074215
nancy,5,10000,4995.284,5052.856,57.572000000000116
nancy,5,10000,4999.4336,4999.5205,0.08689999999933207
nancy,5,10000,4999.4336,5054.4805,55.04689999999937
rennes,5,10000,5019.695,5019.8457,0.1507000000001426
rennes,5,10000,5019.695,5070.3506,50.65560000000005
nancy,5,10000,5003.389,5003.4854,0.09639999999944848
nancy,5,10000,5003.389,5062.3843,58.99529999999959
nantes,5,10000,4878.777,4878.937,0.15999999999985448
nantes,5,10000,4878.777,4929.7725,50.99549999999999
nantes,5,10000,4884.5806,4884.715,0.13439999999991414
nantes,5,10000,4884.5806,4932.8716,48.29100000000017
nantes,5,10000,4890.584,4890.7495,0.16550000000006548
nantes,5,10000,4890.584,4940.633,50.04899999999998
nantes,5,10000,4897.061,4897.1777,0.11670000000049185
nantes,5,10000,4897.061,4949.371,52.3100000000004
nantes,5,10000,4902.9927,4903.15,0.15729999999985012
nantes,5,10000,4902.9927,4952.115,49.122299999999996
nantes,5,10000,4857.8896,4858.0703,0.18069999999988795
nantes,5,10000,4857.8896,4906.9956,49.10599999999977
nantes,5,10000,4864.318,4864.459,0.14099999999962165
nantes,5,10000,4864.318,4913.4937,49.17569999999978
nantes,5,10000,4869.4897,4869.6675,0.17779999999947904
nantes,5,10000,4869.4897,4918.287,48.79730000000018
nantes,5,10000,4875.0894,4875.294,0.20460000000002765
nantes,5,10000,4875.0894,4928.2217,53.132300000000214
rennes,5,10000,5024.751,5024.9097,0.15869999999995343
rennes,5,10000,5024.751,5075.273,50.521999999999935
nantes,5,10000,4881.1504,4881.3096,0.1591999999991458
nantes,5,10000,4881.1504,4932.3276,51.177199999999175
rennes,5,10000,4867.9604,4868.054,0.09360000000015134
rennes,5,10000,4867.9604,4920.1846,52.224199999999655
rennes,5,10000,4872.607,4872.7046,0.09760000000005675
rennes,5,10000,4872.607,4922.495,49.88799999999992
rennes,5,10000,4877.115,4877.2705,0.1554999999998472
rennes,5,10000,4877.115,4927.966,50.85100000000057
rennes,5,10000,4881.707,4881.8574,0.1503999999995358
rennes,5,10000,4881.707,4932.263,50.555999999999585
rennes,5,10000,4886.581,4886.692,0.11099999999987631
rennes,5,10000,4886.581,4935.6553,49.07430000000022
lyon,5,10000,4851.955,4856.144,4.189000000000306
lyon,5,10000,4851.955,4903.5522,51.59720000000016
lyon,5,10000,4856.9297,4857.0713,0.14159999999992579
lyon,5,10000,4856.9297,4907.306,50.3762999999999
lyon,5,10000,4861.914,4862.075,0.1610000000000582
lyon,5,10000,4861.914,4910.397,48.483000000000175
lyon,5,10000,4867.9136,4868.057,0.1433999999999287
lyon,5,10000,4867.9136,4920.1436,52.23000000000047
rennes,5,10000,5029.41,5029.5864,0.17640000000028522
rennes,5,10000,5029.41,5080.854,51.444000000000415
lyon,5,10000,4873.5815,4873.731,0.14949999999953434
lyon,5,10000,4873.5815,4923.6772,50.09569999999985
nancy,5,10000,4935.3594,4935.426,0.06660000000010768
nancy,5,10000,4935.3594,4989.826,54.466599999999744
nancy,5,10000,4939.003,4939.088,0.08500000000003638
nancy,5,10000,4939.003,4996.121,57.11800000000039
nancy,5,10000,4942.6055,4942.6826,0.07710000000042783
nancy,5,10000,4942.6055,4996.507,53.90149999999994
nancy,5,10000,4946.79,4946.8687,0.0787000000000262
nancy,5,10000,4946.79,5005.1587,58.36869999999999
nancy,5,10000,4950.574,4950.6587,0.08470000000033906
nancy,5,10000,4950.574,5005.489,54.914999999999964
lyon,5,10000,4836.7085,4836.7935,0.08500000000003638
lyon,5,10000,4836.7085,4889.912,53.20350000000053
lyon,5,10000,4842.7114,4842.809,0.09760000000005675
lyon,5,10000,4842.7114,4891.8447,49.13329999999951
lyon,5,10000,4848.199,4848.2827,0.08370000000013533
lyon,5,10000,4848.199,4898.444,50.2450000000008
lyon,5,10000,4854.592,4854.6904,0.09840000000076543
lyon,5,10000,4854.592,4903.997,49.405000000000655
nancy,5,10000,5069.025,5069.111,0.0860000000002401
nancy,5,10000,5069.025,5126.5205,57.49549999999999
lyon,5,10000,4860.093,4860.175,0.0820000000003347
lyon,5,10000,4860.093,4913.618,53.525000000000546
nantes,5,10000,4808.35,4808.429,0.07899999999972351
nantes,5,10000,4808.35,4860.6567,52.30669999999918
nantes,5,10000,4815.064,4815.165,0.10099999999965803
nantes,5,10000,4815.064,4866.605,51.54099999999926
nantes,5,10000,4820.4937,4820.5796,0.08590000000003783
nantes,5,10000,4820.4937,4873.921,53.42730000000029
nantes,5,10000,4826.4907,4826.591,0.10030000000006112
nantes,5,10000,4826.4907,4879.709,53.218299999999545
nantes,5,10000,4832.223,4832.31,0.08700000000044383
nantes,5,10000,4832.223,4884.638,52.414999999999964
nancy,5,10000,4899.066,4899.221,0.15499999999974534
nancy,5,10000,4899.066,4956.0195,56.95350000000053
nancy,5,10000,4902.9053,4903.06,0.15470000000004802
nancy,5,10000,4902.9053,4958.717,55.81169999999929
nancy,5,10000,4906.9146,4907.0684,0.15380000000004657
nancy,5,10000,4906.9146,4963.454,56.53939999999966
nancy,5,10000,4910.8857,4911.039,0.1532999999999447
nancy,5,10000,4910.8857,4968.9937,58.108000000000175
nancy,5,10000,5072.6367,5072.7373,0.10059999999975844
nancy,5,10000,5072.6367,5131.066,58.429299999999785
nancy,5,10000,4914.95,4915.102,0.15200000000004366
nancy,5,10000,4914.95,4971.629,56.67900000000009
nancy,5,10000,4898.617,4898.7715,0.15449999999964348
nancy,5,10000,4898.617,4954.332,55.715000000000146
nancy,5,10000,4902.3687,4902.522,0.1532999999999447
nancy,5,10000,4902.3687,4959.5317,57.162999999999556
nancy,5,10000,4906.172,4906.33,0.15800000000035652
nancy,5,10000,4906.172,4963.867,57.69500000000062
nancy,5,10000,4910.039,4910.1987,0.15970000000015716
nancy,5,10000,4910.039,4968.8223,58.783300000000054
nancy,5,10000,4913.867,4914.0205,0.15349999999943975
nancy,5,10000,4913.867,4971.3237,57.45669999999973
lyon,5,10000,4777.797,4777.965,0.1680000000005748
lyon,5,10000,4777.797,4827.4937,49.69670000000042
lyon,5,10000,4784.21,4784.424,0.2139999999999418
lyon,5,10000,4784.21,4833.3296,49.11959999999999
lyon,5,10000,4789.5166,4789.6885,0.17190000000027794
lyon,5,10000,4789.5166,4842.41,52.89339999999993
lyon,5,10000,4795.8687,4796.0303,0.16160000000036234
lyon,5,10000,4795.8687,4847.991,52.122299999999996
nancy,5,10000,5076.6304,5076.7173,0.08690000000024156
nancy,5,10000,5076.6304,5132.655,56.02459999999974
lyon,5,10000,4801.311,4801.4863,0.17529999999987922
lyon,5,10000,4801.311,4854.2236,52.912600000000566
nantes,5,10000,4749.8057,4749.9146,0.10890000000017608
nantes,5,10000,4749.8057,4800.489,50.68329999999969
nantes,5,10000,4756.746,4756.8384,0.09239999999954307
nantes,5,10000,4756.746,4807.0835,50.337499999999636
nantes,5,10000,4762.1357,4762.2505,0.11480000000028667
nantes,5,10000,4762.1357,4812.499,50.36329999999998
nantes,5,10000,4768.726,4768.811,0.08500000000003638
nantes,5,10000,4768.726,4821.8667,53.140699999999924
nantes,5,10000,4774.291,4774.402,0.11099999999987631
nantes,5,10000,4774.291,4826.0996,51.80859999999939
lyon,5,10000,4384.1274,4384.2705,0.14309999999932188
lyon,5,10000,4384.1274,4436.5635,52.4360999999999
lyon,5,10000,4394.972,4395.1187,0.1467000000002372
lyon,5,10000,4394.972,4446.0415,51.06950000000052
lyon,5,10000,4405.391,4405.549,0.15800000000035652
lyon,5,10000,4405.391,4458.178,52.78700000000026
lyon,5,10000,4417.108,4417.2495,0.1414999999997235
lyon,5,10000,4417.108,4468.373,51.26499999999942
nancy,5,10000,5080.3833,5080.4854,0.10209999999915453
nancy,5,10000,5080.3833,5136.731,56.34769999999935
lyon,5,10000,4427.669,4427.8135,0.1445000000003347
lyon,5,10000,4427.669,4476.3057,48.63670000000002
lyon,5,10000,4752.4214,4752.505,0.08359999999993306
lyon,5,10000,4752.4214,4802.6895,50.26810000000023
lyon,5,10000,4758.9844,4759.0615,0.07709999999951833
lyon,5,10000,4758.9844,4807.695,48.71059999999943
lyon,5,10000,4764.0015,4764.086,0.08449999999993452
lyon,5,10000,4764.0015,4812.6885,48.6869999999999
lyon,5,10000,4770.7324,4770.91,0.177599999999984
lyon,5,10000,4770.7324,4821.583,50.85059999999976
lyon,5,10000,4776.2437,4776.3257,0.0820000000003347
lyon,5,10000,4776.2437,4827.9688,51.72509999999966
nantes,5,10000,4729.5317,4729.6274,0.09570000000076107
nantes,5,10000,4729.5317,4782.381,52.84930000000077
nantes,5,10000,4735.378,4735.458,0.07999999999992724
nantes,5,10000,4735.378,4788.445,53.06700000000001
nantes,5,10000,4740.42,4740.521,0.10099999999965803
nantes,5,10000,4740.42,4792.23,51.80999999999949
nantes,5,10000,4747.1357,4747.2163,0.08060000000023138
nantes,5,10000,4747.1357,4799.432,52.296299999999974
rennes,6,10000,4994.3423,4994.415,0.07269999999971333
rennes,6,10000,4994.3423,5046.299,51.95669999999973
nancy,6,10000,5077.7017,5077.8926,0.19090000000051077
nancy,6,10000,5077.7017,5136.117,58.41530000000057
nantes,6,10000,4702.4253,4702.5454,0.12010000000009313
nantes,6,10000,4702.4253,4756.1997,53.77440000000024
rennes,6,10000,4968.0444,4968.145,0.10060000000066793
rennes,6,10000,4968.0444,5018.515,50.47060000000056
rennes,6,10000,4972.8315,4972.93,0.09850000000005821
rennes,6,10000,4972.8315,5027.2866,54.45510000000013
rennes,6,10000,4977.414,4977.49,0.07600000000002183
rennes,6,10000,4977.414,5029.177,51.76299999999992
rennes,6,10000,4982.384,4982.479,0.09500000000025466
rennes,6,10000,4982.384,5035.481,53.09699999999975
rennes,6,10000,4987.0825,4987.1807,0.09819999999945139
rennes,6,10000,4987.0825,5037.535,50.45249999999942
rennes,6,10000,4946.7637,4946.926,0.16229999999995925
rennes,6,10000,4946.7637,4996.155,49.39129999999932
rennes,6,10000,4951.7695,4951.934,0.16449999999986176
rennes,6,10000,4951.7695,5005.455,53.68549999999959
rennes,6,10000,4956.7095,4956.92,0.21050000000013824
rennes,6,10000,4956.7095,5008.122,51.412500000000364
rennes,6,10000,4961.452,4961.656,0.2039999999997235
rennes,6,10000,4961.452,5015.9614,54.509399999999914
rennes,6,10000,4999.0103,5006.785,7.774699999999939
rennes,6,10000,4999.0103,5053.2925,54.28219999999965
rennes,6,10000,4965.8735,4966.0474,0.1739000000006854
rennes,6,10000,4965.8735,5017.397,51.52350000000024
rennes,6,10000,4934.01,4934.124,0.113999999999578
rennes,6,10000,4934.01,4987.7725,53.76249999999982
rennes,6,10000,4938.427,4938.521,0.09400000000005093
rennes,6,10000,4938.427,4987.616,49.189000000000306
rennes,6,10000,4943.08,4943.187,0.1069999999999709
rennes,6,10000,4943.08,4994.442,51.36200000000008
rennes,6,10000,4948.1846,4948.3047,0.12010000000009313
rennes,6,10000,4948.1846,5000.933,52.7484000000004
rennes,6,10000,4952.3813,4952.4565,0.07520000000022264
rennes,6,10000,4952.3813,5006.5547,54.173399999999674
nancy,6,10000,4978.711,4978.866,0.15499999999974534
nancy,6,10000,4978.711,5036.1353,57.424299999999675
nancy,6,10000,4982.105,4982.2583,0.1533000000008542
nancy,6,10000,4982.105,5039.1357,57.03070000000025
nancy,6,10000,4986.385,4986.5415,0.15650000000005093
nancy,6,10000,4986.385,5044.3716,57.98660000000018
nancy,6,10000,4990.1914,4990.347,0.15560000000004948
nancy,6,10000,4990.1914,5049.7817,59.59029999999984
rennes,6,10000,5003.7188,5003.7954,0.07660000000032596
rennes,6,10000,5003.7188,5054.7856,51.06680000000051
nancy,6,10000,4994.015,4994.1724,0.1574000000000524
nancy,6,10000,4994.015,5051.2456,57.23059999999987
nantes,6,10000,4831.827,4831.9404,0.11340000000018335
nantes,6,10000,4831.827,4884.4014,52.574399999999514
nantes,6,10000,4837.523,4837.605,0.0819999999994252
nantes,6,10000,4837.523,4886.9775,49.454499999999825
nantes,6,10000,4843.2495,4843.3477,0.09820000000036089
nantes,6,10000,4843.2495,4893.021,49.77149999999983
nantes,6,10000,4849.4365,4849.514,0.07750000000032742
nantes,6,10000,4849.4365,4903.4106,53.97410000000036
nantes,6,10000,4855.4375,4855.536,0.09850000000005821
nantes,6,10000,4855.4375,4906.496,51.058500000000095
nantes,6,10000,4820.572,4820.71,0.13799999999991996
nantes,6,10000,4820.572,4874.9736,54.401600000000144
nantes,6,10000,4826.9346,4827.087,0.15240000000085274
nantes,6,10000,4826.9346,4875.5522,48.61760000000049
nantes,6,10000,4832.617,4832.7695,0.15250000000014552
nantes,6,10000,4832.617,4883.002,50.38500000000022
nantes,6,10000,4838.9624,4839.128,0.16559999999935826
nantes,6,10000,4838.9624,4889.641,50.67859999999928
rennes,6,10000,5008.2725,5008.3687,0.09619999999995343
rennes,6,10000,5008.2725,5058.899,50.626500000000306
nantes,6,10000,4844.5376,4844.689,0.15140000000064902
nantes,6,10000,4844.5376,4897.135,52.59740000000056
rennes,6,10000,4863.0474,4863.155,0.10759999999936554
rennes,6,10000,4863.0474,4916.4893,53.441899999999805
rennes,6,10000,4867.6025,4867.728,0.12550000000010186
rennes,6,10000,4867.6025,4917.286,49.683500000000095
rennes,6,10000,4872.357,4872.508,0.15099999999983993
rennes,6,10000,4872.357,4924.77,52.413000000000466
rennes,6,10000,4876.9663,4877.092,0.1256999999995969
rennes,6,10000,4876.9663,4930.9214,53.95510000000013
rennes,6,10000,4882.033,4882.165,0.1319999999996071
rennes,6,10000,4882.033,4935.62,53.586999999999534
lyon,6,10000,4825.594,4825.7524,0.1584000000002561
lyon,6,10000,4825.594,4877.3877,51.79370000000017
lyon,6,10000,4831.8184,4831.9775,0.15909999999985303
lyon,6,10000,4831.8184,4884.7266,52.90819999999985
lyon,6,10000,4836.9907,4837.1426,0.15189999999984138
lyon,6,10000,4836.9907,4890.786,53.79529999999977
lyon,6,10000,4842.9697,4843.1724,0.20270000000073196
lyon,6,10000,4842.9697,4892.4316,49.46190000000024
rennes,6,10000,5013.123,5013.206,0.08300000000053842
rennes,6,10000,5013.123,5062.6953,49.57230000000072
lyon,6,10000,4848.8765,4849.042,0.16550000000006548
lyon,6,10000,4848.8765,4903.4336,54.55709999999999
nancy,6,10000,4896.1484,4896.231,0.08259999999972933
nancy,6,10000,4896.1484,4951.451,55.302599999999984
nancy,6,10000,4900.1406,4900.198,0.057400000000598084
nancy,6,10000,4900.1406,4954.5483,54.40770000000066
nancy,6,10000,4903.9873,4904.085,0.09770000000025902
nancy,6,10000,4903.9873,4959.711,55.72370000000046
nancy,6,10000,4907.807,4907.873,0.06599999999980355
nancy,6,10000,4907.807,4964.633,56.82600000000002
nancy,6,10000,4911.8022,4911.8657,0.06350000000020373
nancy,6,10000,4911.8022,4968.3574,56.555199999999786
lyon,6,10000,4802.236,4802.334,0.09799999999995634
lyon,6,10000,4802.236,4855.906,53.67000000000007
lyon,6,10000,4808.52,4808.6,0.07999999999992724
lyon,6,10000,4808.52,4861.776,53.2559999999994
lyon,6,10000,4814.026,4814.133,0.1069999999999709
lyon,6,10000,4814.026,4863.8745,49.84850000000006
lyon,6,10000,4820.406,4820.4946,0.0886000000000422
lyon,6,10000,4820.406,4870.2915,49.88550000000032
nancy,6,10000,5062.076,5062.257,0.18099999999958527
nancy,6,10000,5062.076,5119.822,57.746000000000095
lyon,6,10000,4825.8076,4825.905,0.09739999999965221
lyon,6,10000,4825.8076,4876.938,51.13040000000001
nantes,6,10000,4774.9985,4775.1533,0.1548000000002503
nantes,6,10000,4774.9985,4828.2573,53.25880000000052
nantes,6,10000,4780.98,4781.192,0.21200000000044383
nantes,6,10000,4780.98,4834.5654,53.585400000000845
nantes,6,10000,4786.5527,4786.725,0.17230000000017753
nantes,6,10000,4786.5527,4839.2446,52.691899999999805
nantes,6,10000,4792.916,4793.062,0.1459999999997308
nantes,6,10000,4792.916,4844.485,51.568999999999505
nantes,6,10000,4798.3955,4798.5635,0.1680000000005748
nantes,6,10000,4798.3955,4852.028,53.63250000000062
nancy,6,10000,4856.464,4856.613,0.14900000000034197
nancy,6,10000,4856.464,4916.0317,59.567699999999604
nancy,6,10000,4860.248,4860.4014,0.15340000000014697
nancy,6,10000,4860.248,4916.411,56.163000000000466
nancy,6,10000,4864.153,4864.3047,0.15169999999943684
nancy,6,10000,4864.153,4919.7305,55.57749999999942
nancy,6,10000,4868.266,4868.4194,0.15340000000014697
nancy,6,10000,4868.266,4926.8164,58.55040000000008
nancy,6,10000,5065.8247,5065.9756,0.15089999999963766
nancy,6,10000,5065.8247,5124.402,58.57729999999992
nancy,6,10000,4872.2363,4872.389,0.15270000000055006
nancy,6,10000,4872.2363,4931.525,59.28870000000006
nancy,6,10000,4867.1055,4867.2603,0.1548000000002503
nancy,6,10000,4867.1055,4926.628,59.522500000000036
nancy,6,10000,4870.55,4870.7026,0.1525999999994383
nancy,6,10000,4870.55,4927.626,57.07600000000002
nancy,6,10000,4874.638,4874.7896,0.15160000000014406
nancy,6,10000,4874.638,4932.2974,57.65940000000046
nancy,6,10000,4878.4536,4878.6104,0.15679999999974825
nancy,6,10000,4878.4536,4937.838,59.384399999999914
nancy,6,10000,4882.439,4882.5957,0.15669999999954598
nancy,6,10000,4882.439,4939.8647,57.42569999999978
lyon,6,10000,4741.4893,4741.57,0.08069999999952415
lyon,6,10000,4741.4893,4795.639,54.14969999999994
lyon,6,10000,4747.836,4747.9146,0.07859999999982392
lyon,6,10000,4747.836,4798.841,51.00500000000011
lyon,6,10000,4752.8843,4752.9644,0.08010000000012951
lyon,6,10000,4752.8843,4807.3037,54.41940000000068
lyon,6,10000,4759.039,4759.137,0.09799999999995634
lyon,6,10000,4759.039,4808.054,49.01500000000033
nancy,6,10000,5069.834,5070.0166,0.18260000000009313
nancy,6,10000,5069.834,5127.4487,57.614700000000084
lyon,6,10000,4764.566,4764.6465,0.0805000000000291
lyon,6,10000,4764.566,4815.978,51.41200000000026
nantes,6,10000,4706.851,4707.008,0.1570000000001528
nantes,6,10000,4706.851,4758.6885,51.837500000000546
nantes,6,10000,4712.203,4712.3774,0.17439999999987776
nantes,6,10000,4712.203,4761.48,49.276999999999134
nantes,6,10000,4718.197,4718.3574,0.16039999999975407
nantes,6,10000,4718.197,4770.711,52.514000000000124
nantes,6,10000,4724.547,4724.6836,0.13660000000072614
nantes,6,10000,4724.547,4778.1455,53.59850000000006
nantes,6,10000,4729.972,4730.133,0.1610000000000582
nantes,6,10000,4729.972,4781.9854,52.01339999999982
lyon,6,10000,4342.5327,4342.6753,0.1426000000001295
lyon,6,10000,4342.5327,4395.357,52.82430000000022
lyon,6,10000,4353.227,4353.3853,0.15830000000005384
lyon,6,10000,4353.227,4404.783,51.556000000000495
lyon,6,10000,4363.815,4363.9575,0.14250000000083674
lyon,6,10000,4363.815,4417.575,53.76000000000022
lyon,6,10000,4374.5923,4374.733,0.14069999999992433
lyon,6,10000,4374.5923,4427.2573,52.664999999999964
nancy,6,10000,5073.7134,5073.8647,0.15130000000044674
nancy,6,10000,5073.7134,5128.747,55.03360000000066
lyon,6,10000,4385.848,4385.9883,0.14030000000002474
lyon,6,10000,4385.848,4438.7104,52.86239999999998
lyon,6,10000,4712.5156,4712.66,0.14440000000013242
lyon,6,10000,4712.5156,4762.6997,50.1841000000004
lyon,6,10000,4717.559,4717.812,0.2529999999997017
lyon,6,10000,4717.559,4768.2095,50.65049999999974
lyon,6,10000,4724.3325,4724.5557,0.2231999999994514
lyon,6,10000,4724.3325,4777.1772,52.84469999999965
lyon,6,10000,4729.2993,4729.456,0.15670000000045547
lyon,6,10000,4729.2993,4783.59,54.29070000000047
lyon,6,10000,4735.073,4735.2144,0.14139999999952124
lyon,6,10000,4735.073,4785.3774,50.30439999999999
nantes,6,10000,4679.1655,4679.297,0.13149999999950523
nantes,6,10000,4679.1655,4731.271,52.105499999999665
nantes,6,10000,4685.4146,4685.515,0.10040000000026339
nantes,6,10000,4685.4146,4734.9614,49.546800000000076
nantes,6,10000,4690.4634,4690.5874,0.12400000000070577
nantes,6,10000,4690.4634,4739.7783,49.31490000000031
nantes,6,10000,4696.7085,4696.8613,0.15279999999984284
nantes,6,10000,4696.7085,4750.353,53.644500000000335
rennes,7,10000,4978.347,4985.7993,7.452299999999923
rennes,7,10000,4978.347,5028.7534,50.40639999999985
nancy,7,10000,5051.626,5051.781,0.15499999999974534
nancy,7,10000,5051.626,5111.0156,59.38959999999952
nantes,7,10000,4750.2803,4750.378,0.09769999999934953
nantes,7,10000,4750.2803,4799.7295,49.44920000000002
rennes,7,10000,4942.288,4942.386,0.09800000000086584
rennes,7,10000,4942.288,4994.152,51.86400000000049
rennes,7,10000,4946.6157,4946.6904,0.07470000000012078
rennes,7,10000,4946.6157,4999.391,52.77529999999933
rennes,7,10000,4951.279,4951.3525,0.07349999999951251
rennes,7,10000,4951.279,5000.7646,49.48559999999998
rennes,7,10000,4955.8657,4955.9404,0.07470000000012078
rennes,7,10000,4955.8657,5008.428,52.562299999999595
rennes,7,10000,4960.8477,4960.944,0.0963000000001557
rennes,7,10000,4960.8477,5012.7915,51.94380000000001
rennes,7,10000,4935.8687,4935.9517,0.08299999999962893
rennes,7,10000,4935.8687,4986.947,51.07830000000013
rennes,7,10000,4940.387,4940.4946,0.10760000000027503
rennes,7,10000,4940.387,4990.5054,50.11840000000029
rennes,7,10000,4944.753,4944.8486,0.0956000000005588
rennes,7,10000,4944.753,4997.554,52.801000000000386
rennes,7,10000,4949.8965,4950.01,0.11350000000038563
rennes,7,10000,4949.8965,5000.74,50.84349999999995
rennes,7,10000,4982.478,4982.6313,0.1532999999999447
rennes,7,10000,4982.478,5034.5283,52.05029999999988
rennes,7,10000,4954.5796,4954.6836,0.10400000000026921
rennes,7,10000,4954.5796,5007.824,53.24439999999959
rennes,7,10000,4938.0405,4938.184,0.14350000000013097
rennes,7,10000,4938.0405,4991.3955,53.35499999999956
rennes,7,10000,4942.9404,4943.096,0.15559999999913998
rennes,7,10000,4942.9404,4993.8506,50.91019999999935
rennes,7,10000,4946.991,4947.134,0.1430000000000291
rennes,7,10000,4946.991,4999.243,52.25200000000041
rennes,7,10000,4952.177,4952.348,0.1710000000002765
rennes,7,10000,4952.177,5004.324,52.146999999999935
rennes,7,10000,4956.846,4957.015,0.16900000000077853
rennes,7,10000,4956.846,5008.272,51.426000000000386
nancy,7,10000,4985.9624,4986.118,0.15560000000004948
nancy,7,10000,4985.9624,5044.8013,58.83889999999974
nancy,7,10000,4989.553,4989.7314,0.17839999999978318
nancy,7,10000,4989.553,5045.6553,56.10230000000047
nancy,7,10000,4993.3906,4993.55,0.15940000000045984
nancy,7,10000,4993.3906,5049.751,56.36040000000048
nancy,7,10000,4997.0635,4997.2505,0.18699999999989814
nancy,7,10000,4997.0635,5052.57,55.506499999999505
rennes,7,10000,4987.2056,4987.366,0.16039999999975407
rennes,7,10000,4987.2056,5037.117,49.91139999999996
nancy,7,10000,5000.947,5001.106,0.15899999999965075
nancy,7,10000,5000.947,5059.28,58.33299999999963
nantes,7,10000,4862.9204,4863.0977,0.17730000000028667
nantes,7,10000,4862.9204,4915.0767,52.156299999999646
nantes,7,10000,4868.963,4869.1104,0.1473999999998341
nantes,7,10000,4868.963,4921.191,52.228000000000065
nantes,7,10000,4874.434,4874.6333,0.1993000000002212
nantes,7,10000,4874.434,4928.356,53.92199999999957
nantes,7,10000,4881.6,4881.7837,0.18369999999958964
nantes,7,10000,4881.6,4934.682,53.081999999999425
nantes,7,10000,4887.114,4887.3125,0.198500000000422
nantes,7,10000,4887.114,4941.3467,54.23270000000048
nantes,7,10000,4853.6616,4853.825,0.16339999999945576
nantes,7,10000,4853.6616,4904.017,50.35539999999946
nantes,7,10000,4860.2393,4860.4043,0.16499999999996362
nantes,7,10000,4860.2393,4913.7646,53.52530000000024
nantes,7,10000,4864.9146,4865.085,0.17039999999997235
nantes,7,10000,4864.9146,4916.323,51.408400000000256
nantes,7,10000,4871.156,4871.2935,0.1374999999998181
nantes,7,10000,4871.156,4920.398,49.24200000000019
rennes,7,10000,4992.6055,4992.751,0.14550000000053842
rennes,7,10000,4992.6055,5046.7773,54.171800000000076
nantes,7,10000,4876.6226,4876.784,0.1613999999999578
nantes,7,10000,4876.6226,4930.624,54.0014000000001
rennes,7,10000,4878.6953,4878.8364,0.14109999999982392
rennes,7,10000,4878.6953,4928.6987,50.0033999999996
rennes,7,10000,4883.4517,4883.5347,0.08300000000053842
rennes,7,10000,4883.4517,4933.28,49.82830000000013
rennes,7,10000,4888.119,4888.2656,0.14660000000003492
rennes,7,10000,4888.119,4939.852,51.733000000000175
rennes,7,10000,4892.3794,4892.5376,0.15819999999985157
rennes,7,10000,4892.3794,4941.955,49.57560000000012
rennes,7,10000,4897.3286,4897.4707,0.14210000000002765
rennes,7,10000,4897.3286,4948.7734,51.444800000000214
lyon,7,10000,4864.8965,4864.999,0.10249999999996362
lyon,7,10000,4864.8965,4916.279,51.38250000000062
lyon,7,10000,4870.9355,4871.0195,0.08400000000074215
lyon,7,10000,4870.9355,4925.2847,54.349200000000565
lyon,7,10000,4875.886,4876.063,0.17699999999967986
lyon,7,10000,4875.886,4927.315,51.42899999999918
lyon,7,10000,4882.1787,4882.3013,0.12259999999969295
lyon,7,10000,4882.1787,4932.576,50.39729999999963
rennes,7,10000,4996.9995,4997.1553,0.15580000000045402
rennes,7,10000,4996.9995,5048.863,51.863500000000386
lyon,7,10000,4888.0195,4893.942,5.922499999999673
lyon,7,10000,4888.0195,4941.8906,53.87109999999939
nancy,7,10000,4931.0586,4931.131,0.07240000000001601
nancy,7,10000,4931.0586,4988.257,57.19839999999931
nancy,7,10000,4934.7095,4934.7695,0.06000000000040018
nancy,7,10000,4934.7095,4990.55,55.84050000000025
nancy,7,10000,4938.459,4938.524,0.06500000000050932
nancy,7,10000,4938.459,4993.0522,54.59320000000025
nancy,7,10000,4942.0776,4942.141,0.06340000000000146
nancy,7,10000,4942.0776,5001.318,59.24040000000059
nancy,7,10000,4945.886,4945.945,0.058999999999286956
nancy,7,10000,4945.886,5001.704,55.8179999999993
lyon,7,10000,4838.858,4838.9355,0.07749999999941792
lyon,7,10000,4838.858,4891.2515,52.39350000000013
lyon,7,10000,4845.0684,4845.164,0.0955999999996493
lyon,7,10000,4845.0684,4896.3164,51.24799999999959
lyon,7,10000,4850.0327,4850.112,0.07930000000033033
lyon,7,10000,4850.0327,4899.231,49.19830000000002
lyon,7,10000,4856.2466,4856.374,0.12739999999939755
lyon,7,10000,4856.2466,4909.7837,53.537099999999555
nancy,7,10000,5036.566,5036.7227,0.15670000000045547
nancy,7,10000,5036.566,5094.848,58.28200000000015
lyon,7,10000,4861.407,4861.5205,0.11349999999947613
lyon,7,10000,4861.407,4910.5205,49.113499999999476
nantes,7,10000,4802.1025,4802.2397,0.13720000000012078
nantes,7,10000,4802.1025,4854.8076,52.70510000000013
nantes,7,10000,4808.441,4808.6016,0.16060000000015862
nantes,7,10000,4808.441,4862.667,54.22600000000057
nantes,7,10000,4813.9756,4814.121,0.14540000000033615
nantes,7,10000,4813.9756,4863.7686,49.793000000000575
nantes,7,10000,4820.0864,4820.2407,0.15430000000014843
nantes,7,10000,4820.0864,4870.829,50.742599999999584
nantes,7,10000,4825.7275,4825.8716,0.1441000000004351
nantes,7,10000,4825.7275,4877.6304,51.902900000000045
nancy,7,10000,4894.7134,4894.867,0.15360000000055152
nancy,7,10000,4894.7134,4952.6216,57.90820000000076
nancy,7,10000,4898.534,4898.6855,0.1514999999999418
nancy,7,10000,4898.534,4955.0073,56.47330000000056
nancy,7,10000,4902.4634,4902.6157,0.15230000000065047
nancy,7,10000,4902.4634,4961.4844,59.02100000000064
nancy,7,10000,4906.409,4906.5645,0.1555000000007567
nancy,7,10000,4906.409,4962.3643,55.955300000000534
nancy,7,10000,5040.175,5040.3286,0.15359999999964202
nancy,7,10000,5040.175,5098.395,58.220000000000255
nancy,7,10000,4910.2114,4910.366,0.15459999999984575
nancy,7,10000,4910.2114,4967.531,57.31959999999981
nancy,7,10000,4885.718,4885.8267,0.10869999999977153
nancy,7,10000,4885.718,4944.7188,59.0007999999998
nancy,7,10000,4889.206,4889.3164,0.11039999999957217
nancy,7,10000,4889.206,4947.7812,58.57520000000022
nancy,7,10000,4893.374,4893.484,0.11000000000058208
nancy,7,10000,4893.374,4951.7866,58.412600000000566
nancy,7,10000,4897.2217,4897.3438,0.12209999999959109
nancy,7,10000,4897.2217,4951.604,54.382300000000214
nancy,7,10000,4900.8066,4900.9165,0.1099000000003798
nancy,7,10000,4900.8066,4960.533,59.72640000000047
lyon,7,10000,4780.2944,4780.408,0.1136000000005879
lyon,7,10000,4780.2944,4832.5522,52.257800000000316
lyon,7,10000,4784.9976,4785.1333,0.13570000000072469
lyon,7,10000,4784.9976,4835.878,50.88040000000001
lyon,7,10000,4791.139,4791.252,0.11300000000028376
lyon,7,10000,4791.139,4844.808,53.66899999999987
lyon,7,10000,4796.257,4796.3364,0.0794000000005326
lyon,7,10000,4796.257,4847.873,51.615999999999985
nancy,7,10000,5043.904,5044.0596,0.15559999999913998
nancy,7,10000,5043.904,5099.4355,55.53149999999914
lyon,7,10000,4802.396,4802.538,0.14199999999982538
lyon,7,10000,4802.396,4854.54,52.14400000000023
nantes,7,10000,4739.421,4739.539,0.11799999999948341
nantes,7,10000,4739.421,4791.416,51.99499999999989
nantes,7,10000,4745.0933,4745.195,0.10169999999925494
nantes,7,10000,4745.0933,4799.0723,53.97899999999936
nantes,7,10000,4750.4243,4750.5454,0.12110000000029686
nantes,7,10000,4750.4243,4800.114,49.6896999999999
nantes,7,10000,4757.477,4757.6094,0.13240000000041618
nantes,7,10000,4757.477,4811.4653,53.98829999999998
nantes,7,10000,4763.088,4763.205,0.11700000000018917
nantes,7,10000,4763.088,4816.1333,53.04530000000068
lyon,7,10000,4397.814,4397.973,0.15899999999965075
lyon,7,10000,4397.814,4448.077,50.26299999999992
lyon,7,10000,4408.496,4408.6504,0.1544000000003507
lyon,7,10000,4408.496,4462.3696,53.8735999999999
lyon,7,10000,4419.1714,4419.3315,0.16010000000005675
lyon,7,10000,4419.1714,4472.5254,53.35400000000027
lyon,7,10000,4430.4976,4430.641,0.1433999999999287
lyon,7,10000,4430.4976,4482.069,51.57140000000072
nancy,7,10000,5047.7437,5047.899,0.15530000000035216
nancy,7,10000,5047.7437,5107.5337,59.789999999999964
lyon,7,10000,4441.4263,4441.5747,0.14840000000003783
lyon,7,10000,4441.4263,4491.9844,50.558100000000195
lyon,7,10000,4751.617,4751.761,0.14400000000023283
lyon,7,10000,4751.617,4805.0933,53.476300000000265
lyon,7,10000,4757.545,4757.6797,0.13469999999961146
lyon,7,10000,4757.545,4808.8184,51.27340000000004
lyon,7,10000,4762.55,4762.6875,0.1374999999998181
lyon,7,10000,4762.55,4815.0503,52.5002999999997
lyon,7,10000,4768.7314,4768.872,0.14060000000063155
lyon,7,10000,4768.7314,4821.976,53.24459999999999
lyon,7,10000,4774.408,4774.557,0.14899999999943248
lyon,7,10000,4774.408,4823.692,49.28399999999965
nantes,7,10000,4726.8267,4726.929,0.10230000000046857
nantes,7,10000,4726.8267,4776.5215,49.694800000000214
nantes,7,10000,4733.1235,4733.206,0.08250000000043656
nantes,7,10000,4733.1235,4787.247,54.123500000000604
nantes,7,10000,4738.6245,4738.7236,0.09910000000036234
nantes,7,10000,4738.6245,4791.2026,52.57809999999972
nantes,7,10000,4745.236,4745.316,0.07999999999992724
nantes,7,10000,4745.236,4798.434,53.19800000000032
rennes,8,10000,5018.969,5019.0645,0.09550000000035652
rennes,8,10000,5018.969,5069.4673,50.4983000000002
nancy,8,10000,5075.2603,5075.365,0.10469999999986612
nancy,8,10000,5075.2603,5130.788,55.52769999999964
nantes,8,10000,4756.338,4756.4385,0.10050000000046566
nantes,8,10000,4756.338,4810.653,54.31500000000051
rennes,8,10000,4979.4946,4979.647,0.15239999999994325
rennes,8,10000,4979.4946,5030.7886,51.29399999999987
rennes,8,10000,4984.167,4984.311,0.14399999999932334
rennes,8,10000,4984.167,5037.7207,53.55369999999948
rennes,8,10000,4988.4287,4988.607,0.1782999999995809
rennes,8,10000,4988.4287,5039.512,51.083299999999326
rennes,8,10000,4993.486,4993.6377,0.15170000000034634
rennes,8,10000,4993.486,5046.934,53.44800000000032
rennes,8,10000,4998.283,4998.436,0.1529999999993379
rennes,8,10000,4998.283,5047.494,49.21099999999933
rennes,8,10000,4957.321,4957.4688,0.1477999999997337
rennes,8,10000,4957.321,5012.2563,54.9353000000001
rennes,8,10000,4962.135,4962.2427,0.10769999999956781
rennes,8,10000,4962.135,5017.6064,55.47139999999945
rennes,8,10000,4966.7666,4966.85,0.08340000000043801
rennes,8,10000,4966.7666,5019.547,52.780399999999645
rennes,8,10000,4971.7705,4971.8633,0.09280000000035216
rennes,8,10000,4971.7705,5026.174,54.40350000000035
rennes,8,10000,5023.233,5023.311,0.07799999999951979
rennes,8,10000,5023.233,5076.6396,53.40660000000025
rennes,8,10000,4976.4336,4976.577,0.1433999999999287
rennes,8,10000,4976.4336,5031.3955,54.96189999999933
rennes,8,10000,4948.6465,4948.7886,0.14210000000002765
rennes,8,10000,4948.6465,5000.532,51.88550000000032
rennes,8,10000,4953.3447,4953.5166,0.17190000000027794
rennes,8,10000,4953.3447,5003.9707,50.626000000000204
rennes,8,10000,4957.9365,4958.132,0.19549999999981083
rennes,8,10000,4957.9365,5012.7886,54.852100000000064
rennes,8,10000,4963.501,4963.696,0.19499999999970896
rennes,8,10000,4963.501,5016.261,52.76000000000022
rennes,8,10000,4968.04,4968.1973,0.15729999999985012
rennes,8,10000,4968.04,5022.3506,54.310599999999795
nancy,8,10000,5020.666,5020.8193,0.1532999999999447
nancy,8,10000,5020.666,5081.6353,60.96929999999975
nancy,8,10000,5024.126,5024.281,0.15499999999974534
nancy,8,10000,5024.126,5082.2524,58.1264000000001
nancy,8,10000,5028.2534,5028.407,0.15360000000055152
nancy,8,10000,5028.2534,5087.6294,59.376000000000204
nancy,8,10000,5031.9375,5032.092,0.15449999999964348
nancy,8,10000,5031.9375,5089.196,57.25849999999991
rennes,8,10000,5027.911,5028.0093,0.09829999999965366
rennes,8,10000,5027.911,5079.791,51.88000000000011
nancy,8,10000,5035.7983,5035.9546,0.1562999999996464
nancy,8,10000,5035.7983,5095.4365,59.638199999999415
nantes,8,10000,4895.729,4895.834,0.10499999999956344
nantes,8,10000,4895.729,4945.8496,50.120599999999286
nantes,8,10000,4901.696,4901.7812,0.08520000000044092
nantes,8,10000,4901.696,4954.559,52.863000000000284
nantes,8,10000,4907.0186,4907.124,0.10539999999946303
nantes,8,10000,4907.0186,4956.434,49.41539999999986
nantes,8,10000,4913.4214,4913.505,0.08359999999993306
nantes,8,10000,4913.4214,4968.489,55.0675999999994
nantes,8,10000,4919.234,4919.3574,0.12339999999949214
nantes,8,10000,4919.234,4973.3354,54.10139999999956
nantes,8,10000,4888.1655,4888.3027,0.13720000000012078
nantes,8,10000,4888.1655,4939.545,51.37950000000001
nantes,8,10000,4893.925,4894.015,0.09000000000014552
nantes,8,10000,4893.925,4945.6216,51.69660000000022
nantes,8,10000,4898.7925,4898.9043,0.11180000000058499
nantes,8,10000,4898.7925,4951.9673,53.17480000000069
nantes,8,10000,4905.1694,4905.3125,0.14310000000023138
nantes,8,10000,4905.1694,4956.317,51.14760000000024
rennes,8,10000,5032.77,5032.847,0.07699999999931606
rennes,8,10000,5032.77,5082.156,49.38599999999951
nantes,8,10000,4910.8145,4910.931,0.11649999999917782
nantes,8,10000,4910.8145,4965.121,54.30649999999969
rennes,8,10000,4926.162,4926.2363,0.0742999999993117
rennes,8,10000,4926.162,4975.587,49.42500000000018
rennes,8,10000,4930.455,4930.526,0.07099999999991269
rennes,8,10000,4930.455,4979.6006,49.14559999999983
rennes,8,10000,4935.6,4935.69,0.08999999999923602
rennes,8,10000,4935.6,4987.378,51.77799999999934
rennes,8,10000,4939.9653,4940.0337,0.0684000000001106
rennes,8,10000,4939.9653,4993.644,53.67870000000039
rennes,8,10000,4944.9165,4945.0083,0.09180000000014843
rennes,8,10000,4944.9165,5000.043,55.126499999999396
lyon,8,10000,4900.4976,4900.597,0.09940000000005966
lyon,8,10000,4900.4976,4950.107,49.60940000000028
lyon,8,10000,4906.3423,4906.443,0.10069999999996071
lyon,8,10000,4906.3423,4958.191,51.84869999999955
lyon,8,10000,4911.267,4911.3984,0.13140000000021246
lyon,8,10000,4911.267,4966.7944,55.52739999999994
lyon,8,10000,4917.9204,4918.072,0.15160000000014406
lyon,8,10000,4917.9204,4971.9155,53.99510000000009
rennes,8,10000,5037.3306,5037.4106,0.07999999999992724
rennes,8,10000,5037.3306,5091.6284,54.29779999999937
lyon,8,10000,4922.781,4922.879,0.09799999999995634
lyon,8,10000,4922.781,4972.545,49.764000000000124
nancy,8,10000,4954.9297,4955.058,0.1283000000003085
nancy,8,10000,4954.9297,5013.1743,58.24459999999999
nancy,8,10000,4958.726,4958.788,0.06199999999989814
nancy,8,10000,4958.726,5015.5327,56.80670000000009
nancy,8,10000,4962.5405,4962.6025,0.06199999999989814
nancy,8,10000,4962.5405,5020.3125,57.771999999999935
nancy,8,10000,4966.7886,4966.8477,0.05910000000039872
nancy,8,10000,4966.7886,5023.6294,56.840799999999945
nancy,8,10000,4970.754,4970.812,0.057999999999992724
nancy,8,10000,4970.754,5029.6343,58.88029999999981
lyon,8,10000,4853.7363,4853.876,0.1397000000006301
lyon,8,10000,4853.7363,4903.5776,49.84130000000005
lyon,8,10000,4859.8086,4859.923,0.11439999999947759
lyon,8,10000,4859.8086,4909.9604,50.15179999999964
lyon,8,10000,4864.5615,4864.647,0.08550000000013824
lyon,8,10000,4864.5615,4917.27,52.70850000000064
lyon,8,10000,4871.058,4871.172,0.113999999999578
lyon,8,10000,4871.058,4923.2695,52.21150000000034
nancy,8,10000,5059.61,5059.7153,0.10530000000017026
nancy,8,10000,5059.61,5117.254,57.64400000000023
lyon,8,10000,4876.432,4876.511,0.07900000000063301
lyon,8,10000,4876.432,4927.7046,51.27260000000024
nantes,8,10000,4829.4463,4829.532,0.08570000000054279
nantes,8,10000,4829.4463,4880.266,50.81970000000001
nantes,8,10000,4835.4795,4835.6323,0.15279999999984284
nantes,8,10000,4835.4795,4887.561,52.08149999999932
nantes,8,10000,4840.5967,4840.7515,0.1548000000002503
nantes,8,10000,4840.5967,4890.386,49.78930000000037
nantes,8,10000,4847.9326,4848.088,0.15539999999964493
nantes,8,10000,4847.9326,4902.659,54.72639999999956
nantes,8,10000,4853.4893,4853.651,0.16169999999965512
nantes,8,10000,4853.4893,4906.1836,52.69430000000011
nancy,8,10000,4929.891,4929.9497,0.05870000000049913
nancy,8,10000,4929.891,4988.323,58.4320000000007
nancy,8,10000,4933.4473,4933.594,0.1467000000002372
nancy,8,10000,4933.4473,4992.7266,59.27930000000015
nancy,8,10000,4937.63,4937.6953,0.06530000000020664
nancy,8,10000,4937.63,4993.9985,56.368499999999585
nancy,8,10000,4941.5503,4941.609,0.05870000000049913
nancy,8,10000,4941.5503,5000.291,58.74070000000029
nancy,8,10000,5063.519,5063.6484,0.129399999999805
nancy,8,10000,5063.519,5121.4688,57.949799999999414
nancy,8,10000,4945.335,4945.399,0.06400000000030559
nancy,8,10000,4945.335,5001.5967,56.26170000000002
nancy,8,10000,4918.5913,4918.7456,0.15430000000014843
nancy,8,10000,4918.5913,4976.0,57.40869999999995
nancy,8,10000,4922.033,4922.1836,0.15059999999994034
nancy,8,10000,4922.033,4980.8716,58.83860000000004
nancy,8,10000,4926.408,4926.558,0.1499999999996362
nancy,8,10000,4926.408,4982.182,55.77399999999943
nancy,8,10000,4930.171,4930.322,0.15099999999983993
nancy,8,10000,4930.171,4990.8984,60.72739999999976
nancy,8,10000,4934.631,4934.781,0.1499999999996362
nancy,8,10000,4934.631,4989.3574,54.72639999999956
lyon,8,10000,4804.0664,4804.241,0.1746000000002823
lyon,8,10000,4804.0664,4859.426,55.35960000000068
lyon,8,10000,4810.4097,4810.558,0.14829999999983556
lyon,8,10000,4810.4097,4860.5137,50.10400000000027
lyon,8,10000,4815.866,4816.038,0.17199999999957072
lyon,8,10000,4815.866,4869.036,53.17000000000007
lyon,8,10000,4821.132,4821.308,0.17600000000038563
lyon,8,10000,4821.132,4875.5513,54.419300000000476
nancy,8,10000,5067.5493,5067.6553,0.10600000000067666
nancy,8,10000,5067.5493,5125.2363,57.6869999999999
lyon,8,10000,4826.6685,4826.8115,0.1430000000000291
lyon,8,10000,4826.6685,4881.775,55.10649999999987
nantes,8,10000,4762.1904,4762.319,0.12860000000000582
nantes,8,10000,4762.1904,4815.9937,53.80329999999958
nantes,8,10000,4768.6123,4768.698,0.08570000000054279
nantes,8,10000,4768.6123,4818.7217,50.10940000000028
nantes,8,10000,4774.2524,4774.374,0.12159999999948923
nantes,8,10000,4774.2524,4824.37,50.117599999999584
nantes,8,10000,4780.7944,4780.878,0.08359999999993306
nantes,8,10000,4780.7944,4831.6255,50.83110000000033
nantes,8,10000,4786.504,4786.6724,0.1684000000004744
nantes,8,10000,4786.504,4838.706,52.202000000000226
lyon,8,10000,4400.1436,4400.3013,0.1576999999997497
lyon,8,10000,4400.1436,4451.4795,51.33590000000004
lyon,8,10000,4410.7783,4410.9395,0.16120000000046275
lyon,8,10000,4410.7783,4465.471,54.692699999999604
lyon,8,10000,4421.7847,4421.9263,0.14159999999992579
lyon,8,10000,4421.7847,4473.55,51.765300000000025
lyon,8,10000,4432.9814,4433.124,0.1426000000001295
lyon,8,10000,4432.9814,4487.1064,54.125
nancy,8,10000,5071.3896,5071.496,0.10639999999966676
nancy,8,10000,5071.3896,5129.5483,58.15869999999995
lyon,8,10000,4443.788,4443.9307,0.14270000000033178
lyon,8,10000,4443.788,4496.8047,53.01670000000013
lyon,8,10000,4764.6978,4764.8066,0.1087999999999738
lyon,8,10000,4764.6978,4818.3726,53.67479999999978
lyon,8,10000,4770.6997,4770.795,0.09529999999995198
lyon,8,10000,4770.6997,4824.547,53.84729999999945
lyon,8,10000,4775.774,4775.8726,0.09859999999935098
lyon,8,10000,4775.774,4826.7456,50.97159999999985
lyon,8,10000,4782.316,4782.4307,0.1147000000000844
lyon,8,10000,4782.316,4836.146,53.82999999999993
lyon,8,10000,4787.4824,4787.6304,0.14800000000013824
lyon,8,10000,4787.4824,4837.291,49.8086000000003
nantes,8,10000,4732.4463,4732.5483,0.10200000000077125
nantes,8,10000,4732.4463,4786.9614,54.51510000000053
nantes,8,10000,4738.6265,4738.7075,0.08100000000013097
nantes,8,10000,4738.6265,4790.1016,51.47509999999966
nantes,8,10000,4744.134,4744.2324,0.09839999999985594
nantes,8,10000,4744.134,4794.5728,50.4387999999999
nantes,8,10000,4750.625,4750.7314,0.10639999999966676
nantes,8,10000,4750.625,4805.4424,54.81739999999991
rennes,9,10000,4956.073,4956.167,0.09400000000005093
rennes,9,10000,4956.073,5007.4795,51.40650000000005
nancy,9,10000,5079.64,5079.7935,0.15349999999943975
nancy,9,10000,5079.64,5138.162,58.521999999999935
nantes,9,10000,4740.541,4740.6387,0.09770000000025902
nantes,9,10000,4740.541,4793.169,52.6279999999997
rennes,9,10000,4978.1826,4978.261,0.07840000000032887
rennes,9,10000,4978.1826,5032.372,54.189400000000205
rennes,9,10000,4982.703,4982.7983,0.09529999999995198
rennes,9,10000,4982.703,5033.5854,50.88239999999951
rennes,9,10000,4987.2334,4987.3096,0.07619999999951688
rennes,9,10000,4987.2334,5041.4897,54.25630000000001
rennes,9,10000,4992.1636,4992.257,0.0933999999997468
rennes,9,10000,4992.1636,5047.226,55.0623999999998
rennes,9,10000,4996.682,4996.7773,0.09529999999995198
rennes,9,10000,4996.682,5048.691,52.009000000000015
rennes,9,10000,4914.13,4914.221,0.09099999999943975
rennes,9,10000,4914.13,4967.125,52.99499999999989
rennes,9,10000,4918.74,4918.839,0.09900000000016007
rennes,9,10000,4918.74,4968.9336,50.193600000000515
rennes,9,10000,4923.416,4923.511,0.09500000000025466
rennes,9,10000,4923.416,4973.143,49.72699999999986
rennes,9,10000,4928.561,4928.6426,0.0816000000004351
rennes,9,10000,4928.561,4982.612,54.051000000000386
rennes,9,10000,4960.5654,4960.6426,0.0771999999997206
rennes,9,10000,4960.5654,5011.991,51.42559999999958
rennes,9,10000,4933.416,4933.4956,0.07960000000002765
rennes,9,10000,4933.416,4984.4937,51.07769999999982
rennes,9,10000,4964.26,4964.457,0.19700000000011642
rennes,9,10000,4964.26,5018.628,54.36799999999948
rennes,9,10000,4968.6016,4968.7544,0.15279999999984284
rennes,9,10000,4968.6016,5020.333,51.73139999999967
rennes,9,10000,4973.488,4973.6567,0.16869999999926222
rennes,9,10000,4973.488,5026.019,52.53099999999995
rennes,9,10000,4978.558,4978.7017,0.14369999999962602
rennes,9,10000,4978.558,5033.7363,55.17829999999958
rennes,9,10000,4982.894,4983.073,0.1790000000000873
rennes,9,10000,4982.894,5034.4634,51.569399999999405
nancy,9,10000,5028.7427,5028.8965,0.15380000000004657
nancy,9,10000,5028.7427,5088.184,59.44130000000041
nancy,9,10000,5032.7383,5032.893,0.15470000000004802
nancy,9,10000,5032.7383,5091.829,59.09069999999974
nancy,9,10000,5036.8794,5037.0317,0.15229999999974098
nancy,9,10000,5036.8794,5096.673,59.79359999999997
nancy,9,10000,5040.578,5040.7354,0.1573999999991429
nancy,9,10000,5040.578,5095.798,55.219999999999345
rennes,9,10000,4965.1724,4965.2524,0.07999999999992724
rennes,9,10000,4965.1724,5017.0854,51.912999999999556
nancy,9,10000,5044.824,5044.979,0.15500000000065484
nancy,9,10000,5044.824,5102.9067,58.08269999999993
nantes,9,10000,4906.7744,4907.0015,0.22710000000006403
nantes,9,10000,4906.7744,4958.5796,51.805199999999786
nantes,9,10000,4912.7876,4912.967,0.1793999999999869
nantes,9,10000,4912.7876,4962.942,50.15440000000035
nantes,9,10000,4918.442,4918.6196,0.177599999999984
nantes,9,10000,4918.442,4968.0967,49.65470000000005
nantes,9,10000,4924.487,4924.645,0.15800000000035652
nantes,9,10000,4924.487,4975.0947,50.60769999999957
nantes,9,10000,4930.386,4930.575,0.1889999999993961
nantes,9,10000,4930.386,4981.637,51.250999999999294
nantes,9,10000,4877.5654,4877.7183,0.1529000000000451
nantes,9,10000,4877.5654,4929.8896,52.32420000000002
nantes,9,10000,4884.0127,4884.18,0.1673000000000684
nantes,9,10000,4884.0127,4935.9434,51.93069999999989
nantes,9,10000,4889.118,4889.2734,0.15539999999964493
nantes,9,10000,4889.118,4940.9985,51.8804999999993
nantes,9,10000,4895.9434,4896.108,0.16460000000006403
nantes,9,10000,4895.9434,4949.442,53.4985999999999
rennes,9,10000,4970.4956,4970.5938,0.09819999999945139
rennes,9,10000,4970.4956,5020.4814,49.98579999999947
nantes,9,10000,4902.2627,4902.4165,0.15380000000004657
nantes,9,10000,4902.2627,4956.3247,54.0619999999999
rennes,9,10000,4911.8945,4912.057,0.1624999999994543
rennes,9,10000,4911.8945,4961.5576,49.66309999999976
rennes,9,10000,4916.716,4916.8228,0.10679999999956635
rennes,9,10000,4916.716,4968.879,52.162999999999556
rennes,9,10000,4920.598,4920.7856,0.18760000000020227
rennes,9,10000,4920.598,4975.424,54.82600000000002
rennes,9,10000,4926.165,4926.3394,0.17439999999987776
rennes,9,10000,4926.165,4981.1167,54.95169999999962
rennes,9,10000,4930.7183,4930.9155,0.19719999999961146
rennes,9,10000,4930.7183,4982.369,51.65069999999923
lyon,9,10000,4885.7373,4885.9023,0.16499999999996362
lyon,9,10000,4885.7373,4937.963,52.22569999999996
lyon,9,10000,4892.161,4892.242,0.08100000000013097
lyon,9,10000,4892.161,4940.948,48.78700000000026
lyon,9,10000,4896.6157,4896.783,0.1673000000000684
lyon,9,10000,4896.6157,4946.01,49.39429999999993
lyon,9,10000,4903.2827,4903.4795,0.19680000000062137
lyon,9,10000,4903.2827,4957.381,54.09830000000056
rennes,9,10000,4975.128,4975.2524,0.12440000000060536
rennes,9,10000,4975.128,5029.106,53.978000000000065
lyon,9,10000,4908.519,4908.7275,0.2084999999997308
lyon,9,10000,4908.519,4961.8496,53.33059999999932
nancy,9,10000,4950.792,4950.9473,0.15529999999944266
nancy,9,10000,4950.792,5005.3325,54.540500000000065
nancy,9,10000,4954.424,4954.582,0.15800000000035652
nancy,9,10000,4954.424,5011.3877,56.963700000000244
nancy,9,10000,4958.789,4958.9463,0.15729999999985012
nancy,9,10000,4958.789,5015.1943,56.40530000000035
nancy,9,10000,4962.7163,4962.8887,0.1724000000003798
nancy,9,10000,4962.7163,5020.678,57.96169999999984
nancy,9,10000,4966.583,4966.738,0.15500000000065484
nancy,9,10000,4966.583,5027.3315,60.748500000000604
lyon,9,10000,4842.849,4843.0093,0.1602999999995518
lyon,9,10000,4842.849,4897.651,54.80199999999968
lyon,9,10000,4849.2285,4849.347,0.11849999999958527
lyon,9,10000,4849.2285,4901.6216,52.39310000000023
lyon,9,10000,4854.2227,4854.3726,0.14989999999943393
lyon,9,10000,4854.2227,4908.1787,53.95600000000013
lyon,9,10000,4861.125,4861.28,0.15499999999974534
lyon,9,10000,4861.125,4910.6626,49.53759999999966
nancy,9,10000,5064.132,5064.2856,0.15360000000055152
nancy,9,10000,5064.132,5124.4893,60.35730000000058
lyon,9,10000,4866.9243,4867.0586,0.13430000000062137
lyon,9,10000,4866.9243,4920.009,53.08470000000034
nantes,9,10000,4810.75,4810.8623,0.11229999999977736
nantes,9,10000,4810.75,4862.0835,51.33349999999973
nantes,9,10000,4816.2104,4816.324,0.1135999999996784
nantes,9,10000,4816.2104,4868.754,52.54359999999997
nantes,9,10000,4821.6875,4821.8174,0.12989999999990687
nantes,9,10000,4821.6875,4876.4697,54.78219999999965
nantes,9,10000,4827.8057,4827.9175,0.11179999999967549
nantes,9,10000,4827.8057,4877.636,49.830300000000534
nantes,9,10000,4833.335,4833.4634,0.12839999999960128
nantes,9,10000,4833.335,4882.817,49.48199999999997
nancy,9,10000,4888.715,4888.8667,0.15169999999943684
nancy,9,10000,4888.715,4949.255,60.539999999999964
nancy,9,10000,4892.2544,4892.4087,0.15430000000014843
nancy,9,10000,4892.2544,4947.0493,54.79489999999987
nancy,9,10000,4895.859,4896.011,0.15200000000004366
nancy,9,10000,4895.859,4954.456,58.59699999999975
nancy,9,10000,4899.68,4899.831,0.15099999999983993
nancy,9,10000,4899.68,4955.535,55.85499999999956
nancy,9,10000,5067.9023,5068.057,0.15470000000004802
nancy,9,10000,5067.9023,5125.2363,57.33399999999983
nancy,9,10000,4903.4395,4903.5913,0.1517999999996391
nancy,9,10000,4903.4395,4960.206,56.76649999999972
nancy,9,10000,4884.5757,4884.7275,0.1517999999996391
nancy,9,10000,4884.5757,4944.4707,59.89499999999953
nancy,9,10000,4888.305,4888.4644,0.15939999999955035
nancy,9,10000,4888.305,4948.7837,60.47869999999966
nancy,9,10000,4892.3105,4892.462,0.1515000000008513
nancy,9,10000,4892.3105,4949.565,57.25450000000001
nancy,9,10000,4896.282,4896.432,0.1499999999996362
nancy,9,10000,4896.282,4953.3022,57.02019999999993
nancy,9,10000,4900.129,4900.2793,0.15030000000024302
nancy,9,10000,4900.129,4960.7056,60.576600000000326
lyon,9,10000,4768.2114,4768.287,0.07560000000012224
lyon,9,10000,4768.2114,4818.38,50.16859999999997
lyon,9,10000,4774.5264,4774.642,0.11560000000008586
lyon,9,10000,4774.5264,4829.1016,54.57520000000022
lyon,9,10000,4779.8066,4779.887,0.08039999999982683
lyon,9,10000,4779.8066,4829.1484,49.34180000000015
lyon,9,10000,4786.256,4786.3696,0.1135999999996784
lyon,9,10000,4786.256,4837.8257,51.56970000000001
nancy,9,10000,5071.7905,5071.95,0.15949999999975262
nancy,9,10000,5071.7905,5129.1313,57.340799999999945
lyon,9,10000,4791.6206,4791.7036,0.08299999999962893
lyon,9,10000,4791.6206,4843.3813,51.760699999999815
nantes,9,10000,4751.2583,4751.373,0.1146999999991749
nantes,9,10000,4751.2583,4804.7056,53.447299999999814
nantes,9,10000,4758.1084,4758.213,0.10459999999966385
nantes,9,10000,4758.1084,4810.9653,52.85689999999977
nantes,9,10000,4763.537,4763.652,0.11499999999978172
nantes,9,10000,4763.537,4817.8623,54.325299999999515
nantes,9,10000,4769.9326,4770.0156,0.08299999999962893
nantes,9,10000,4769.9326,4824.2803,54.34770000000026
nantes,9,10000,4775.9565,4776.0723,0.1157999999995809
nantes,9,10000,4775.9565,4830.625,54.66849999999977
lyon,9,10000,4364.414,4364.5728,0.1588000000001557
lyon,9,10000,4364.414,4414.689,50.275000000000546
lyon,9,10000,4375.6807,4375.821,0.14030000000002474
lyon,9,10000,4375.6807,4427.3145,51.63380000000052
lyon,9,10000,4386.61,4386.7646,0.15460000000075524
lyon,9,10000,4386.61,4436.8784,50.26839999999993
lyon,9,10000,4397.604,4397.751,0.14699999999993452
lyon,9,10000,4397.604,4446.9136,49.30959999999959
nancy,9,10000,5075.757,5075.942,0.18500000000040018
nancy,9,10000,5075.757,5133.415,57.65800000000036
lyon,9,10000,4409.219,4409.4004,0.18140000000039436
lyon,9,10000,4409.219,4461.9873,52.768299999999726
lyon,9,10000,4754.8726,4755.0117,0.13910000000032596
lyon,9,10000,4754.8726,4808.172,53.29939999999988
lyon,9,10000,4760.9624,4761.0947,0.13229999999930442
lyon,9,10000,4760.9624,4810.0176,49.055199999999786
lyon,9,10000,4766.263,4766.3965,0.1334999999999127
lyon,9,10000,4766.263,4815.2817,49.018699999999626
lyon,9,10000,4773.179,4773.3096,0.13059999999950378
lyon,9,10000,4773.179,4824.9336,51.75460000000021
lyon,9,10000,4779.0415,4779.184,0.14249999999992724
lyon,9,10000,4779.0415,4832.5483,53.50680000000011
nantes,9,10000,4716.3535,4716.4526,0.09909999999945285
nantes,9,10000,4716.3535,4768.6904,52.33690000000024
nantes,9,10000,4722.4766,4722.56,0.08340000000043801
nantes,9,10000,4722.4766,4775.5464,53.069800000000214
nantes,9,10000,4727.47,4727.5693,0.09929999999985739
nantes,9,10000,4727.47,4777.334,49.86399999999958
nantes,9,10000,4734.708,4734.788,0.07999999999992724
nantes,9,10000,4734.708,4784.5205,49.8125
rennes,0,100000,5002.8735,5271.2075,268.33400000000074
nancy,0,100000,5074.221,5342.6245,268.40350000000035
nantes,0,100000,4790.35,5058.588,268.2379999999994
rennes,0,100000,4999.7197,5268.117,268.39730000000054
rennes,0,100000,5004.787,5273.1704,268.3833999999997
rennes,0,100000,5009.269,5277.649,268.3800000000001
rennes,0,100000,5014.3286,5282.7134,268.3847999999998
rennes,0,100000,5018.9897,5287.384,268.39429999999993
rennes,0,100000,4966.7144,5235.094,268.3796000000002
rennes,0,100000,4971.5835,5239.948,268.3645000000006
rennes,0,100000,4976.075,5244.406,268.33100000000013
rennes,0,100000,4981.286,5249.666,268.3800000000001
rennes,0,100000,5007.6807,5275.9844,268.3037000000004
rennes,0,100000,4985.7866,5254.1685,268.3818999999994
rennes,0,100000,4987.904,5256.279,268.375
rennes,0,100000,4992.9043,5261.2725,268.3681999999999
rennes,0,100000,4997.893,5266.24,268.34699999999975
rennes,0,100000,5002.9634,5271.324,268.3606
rennes,0,100000,5007.5757,5275.955,268.3792999999996
nancy,0,100000,5023.0815,5291.496,268.41449999999986
nancy,0,100000,5026.731,5295.1494,268.4184000000005
nancy,0,100000,5030.618,5299.0347,268.41669999999976
nancy,0,100000,5034.693,5303.084,268.3909999999996
rennes,0,100000,5012.2363,5280.5605,268.3242
nancy,0,100000,5038.688,5307.081,268.39300000000003
nantes,0,100000,4908.7334,5176.841,268.1076000000003
nantes,0,100000,4914.08,5182.2295,268.14950000000044
nantes,0,100000,4920.435,5188.723,268.28799999999956
nantes,0,100000,4925.87,5194.1533,268.28330000000005
nantes,0,100000,4932.2603,5200.5513,268.29100000000017
nantes,0,100000,4895.0347,5163.274,268.2393000000002
nantes,0,100000,4901.608,5169.857,268.2489999999998
nantes,0,100000,4907.2705,5175.2407,267.97020000000066
nantes,0,100000,4913.373,5181.6304,268.2574000000004
rennes,0,100000,5017.478,5285.788,268.3099999999995
nantes,0,100000,4918.813,5187.0425,268.22949999999946
rennes,0,100000,4907.3115,5175.6304,268.3189000000002
rennes,0,100000,4911.8223,5180.1167,268.29439999999977
rennes,0,100000,4916.4585,5184.7896,268.33110000000033
rennes,0,100000,4921.6724,5189.9683,268.2959000000001
rennes,0,100000,4926.425,5194.7295,268.3045000000002
lyon,0,100000,4886.15,5154.4336,268.28360000000066
lyon,0,100000,4892.243,5160.5615,268.3184999999994
lyon,0,100000,4897.372,5165.6587,268.28669999999966
lyon,0,100000,4903.567,5171.88,268.3130000000001
rennes,0,100000,5022.243,5290.5537,268.3107
lyon,0,100000,4909.376,5177.6553,268.27930000000015
nancy,0,100000,4968.021,5236.4263,268.40530000000035
nancy,0,100000,4971.3916,5239.8047,268.41309999999976
nancy,0,100000,4975.365,5243.7783,268.41330000000016
nancy,0,100000,4979.299,5247.7095,268.41049999999996
nancy,0,100000,4983.078,5251.4863,268.40829999999914
lyon,0,100000,4877.6157,5145.8945,268.27880000000005
lyon,0,100000,4883.412,5151.707,268.2950000000001
lyon,0,100000,4888.477,5156.7573,268.28030000000035
lyon,0,100000,4895.396,5163.7,268.3040000000001
nancy,0,100000,5057.5225,5325.926,268.40350000000035
lyon,0,100000,4901.5034,5169.704,268.2006000000001
nantes,0,100000,4836.766,5105.08,268.3140000000003
nantes,0,100000,4843.563,5111.772,268.20899999999983
nantes,0,100000,4848.335,5116.607,268.27199999999993
nantes,0,100000,4855.712,5124.4634,268.7513999999992
nantes,0,100000,4861.5547,5129.871,268.3163000000004
nancy,0,100000,4939.52,5207.9624,268.4423999999999
nancy,0,100000,4943.333,5211.7607,268.4277000000002
nancy,0,100000,4947.9053,5216.3545,268.4492
nancy,0,100000,4951.7515,5220.2007,268.4492
nancy,0,100000,5061.8354,5330.2485,268.41309999999976
nancy,0,100000,4955.9214,5224.383,268.46159999999963
nancy,0,100000,4924.094,5192.527,268.433
nancy,0,100000,4928.032,5196.467,268.4349999999995
nancy,0,100000,4932.284,5200.716,268.4320000000007
nancy,0,100000,4936.208,5204.623,268.41499999999996
nancy,0,100000,4940.105,5208.5415,268.4365000000007
lyon,0,100000,4815.5127,5083.8115,268.2987999999996
lyon,0,100000,4821.4155,5089.7393,268.3238000000001
lyon,0,100000,4826.554,5094.851,268.29699999999957
lyon,0,100000,4833.0527,5101.347,268.29429999999957
nancy,0,100000,5065.8335,5334.255,268.4215000000004
lyon,0,100000,4838.589,5106.9014,268.3123999999998
nantes,0,100000,4795.0234,5063.327,268.3036000000002
nantes,0,100000,4800.156,5068.4927,268.33669999999984
nantes,0,100000,4807.1494,5075.4346,268.28519999999935
nantes,0,100000,4813.0312,5081.359,268.3278
nantes,0,100000,4819.7266,5087.6494,267.9228000000003
lyon,0,100000,4418.077,4686.4077,268.3306999999995
lyon,0,100000,4429.8115,4698.154,268.34250000000065
lyon,0,100000,4439.5,4707.8555,268.35549999999967
lyon,0,100000,4450.8506,4719.2065,268.3559000000005
nancy,0,100000,5070.237,5338.64,268.40300000000025
lyon,0,100000,4461.852,4730.1646,268.3126000000002
lyon,0,100000,4789.2124,5057.479,268.2665999999999
lyon,0,100000,4795.6973,5064.033,268.33570000000054
lyon,0,100000,4801.4844,5069.5444,268.0599999999995
lyon,0,100000,4808.0737,5076.342,268.2682999999997
lyon,0,100000,4813.553,5081.885,268.33200000000033
nantes,0,100000,4766.0527,5034.305,268.2523000000001
nantes,0,100000,4772.311,5040.566,268.2550000000001
nantes,0,100000,4777.5415,5045.7983,268.2568000000001
nantes,0,100000,4784.2993,5052.55,268.2507000000005
rennes,1,100000,4989.2485,5254.9985,265.75
nancy,1,100000,5070.9883,5336.7817,265.79339999999956
nantes,1,100000,4762.2446,5027.976,265.73139999999967
rennes,1,100000,4984.0767,5249.875,265.7983000000004
rennes,1,100000,4989.168,5254.727,265.5590000000002
rennes,1,100000,4993.4785,5259.2925,265.8139999999994
rennes,1,100000,4998.945,5264.7407,265.7957000000006
rennes,1,100000,5003.71,5269.512,265.8019999999997
rennes,1,100000,4984.2153,5249.9897,265.77440000000024
rennes,1,100000,4988.9927,5254.759,265.76630000000023
rennes,1,100000,4993.4233,5259.1772,265.7538999999997
rennes,1,100000,4998.783,5264.549,265.7659999999996
rennes,1,100000,4993.555,5259.421,265.866
rennes,1,100000,5003.059,5268.846,265.78699999999935
rennes,1,100000,4973.559,5239.3555,265.79649999999947
rennes,1,100000,4978.428,5244.193,265.7650000000003
rennes,1,100000,4983.3877,5249.1777,265.78999999999996
rennes,1,100000,4988.166,5253.944,265.77800000000025
rennes,1,100000,4992.891,5258.6816,265.79060000000027
nancy,1,100000,5027.6284,5293.393,265.7646000000004
nancy,1,100000,5031.3135,5297.1055,265.79199999999946
nancy,1,100000,5035.368,5301.136,265.76800000000003
nancy,1,100000,5039.553,5305.3105,265.7574999999997
rennes,1,100000,4997.992,5263.831,265.83899999999994
nancy,1,100000,5043.5728,5309.321,265.7482
nantes,1,100000,4891.513,5157.3203,265.8073000000004
nantes,1,100000,4897.5977,5163.407,265.8092999999999
nantes,1,100000,4902.993,5168.772,265.77899999999954
nantes,1,100000,4909.6187,5175.4365,265.8177999999998
nantes,1,100000,4915.718,5181.519,265.8010000000004
nantes,1,100000,4880.0854,5145.863,265.77760000000035
nantes,1,100000,4886.23,5151.9863,265.7563
nantes,1,100000,4891.9697,5157.7373,265.76760000000013
nantes,1,100000,4898.5337,5164.3047,265.77099999999973
rennes,1,100000,5002.987,5268.785,265.7979999999998
nantes,1,100000,4904.3296,5170.135,265.8054000000002
rennes,1,100000,4903.4873,5169.2944,265.8071
rennes,1,100000,4907.773,5173.561,265.78799999999956
rennes,1,100000,4912.683,5178.4834,265.8004000000001
rennes,1,100000,4917.9287,5183.693,265.7642999999998
rennes,1,100000,4922.1904,5187.9624,265.77199999999993
lyon,1,100000,4863.921,5129.6465,265.72549999999956
lyon,1,100000,4869.8096,5135.557,265.7474000000002
lyon,1,100000,4875.061,5140.792,265.7310000000007
lyon,1,100000,4881.2764,5147.031,265.7546000000002
rennes,1,100000,5008.05,5273.9155,265.8654999999999
lyon,1,100000,4886.6216,5152.389,265.7673999999997
nancy,1,100000,4949.2246,5215.0522,265.82760000000053
nancy,1,100000,4952.7637,5218.5786,265.8148999999994
nancy,1,100000,4956.8574,5222.697,265.83960000000025
nancy,1,100000,4960.7036,5226.522,265.8184000000001
nancy,1,100000,4964.4766,5230.291,265.8144000000002
lyon,1,100000,4857.403,5123.2705,265.8674999999994
lyon,1,100000,4862.9995,5128.8174,265.8179
lyon,1,100000,4868.4453,5134.296,265.85069999999996
lyon,1,100000,4874.6626,5140.478,265.8154000000004
nancy,1,100000,5055.184,5320.979,265.7950000000001
lyon,1,100000,4880.3203,5146.057,265.7366999999995
nantes,1,100000,4805.732,5071.5493,265.8172999999997
nantes,1,100000,4811.9917,5077.8364,265.84470000000056
nantes,1,100000,4817.475,5083.1123,265.6372999999994
nantes,1,100000,4824.1475,5090.0083,265.8608000000004
nantes,1,100000,4829.6494,5095.4814,265.8319999999994
nancy,1,100000,4909.438,5175.2637,265.8257000000003
nancy,1,100000,4913.2417,5179.1206,265.8789000000006
nancy,1,100000,4917.3047,5183.1333,265.82860000000073
nancy,1,100000,4921.417,5187.2446,265.8275999999996
nancy,1,100000,5058.9556,5324.7812,265.8256000000001
nancy,1,100000,4925.2485,5191.1274,265.8789000000006
nancy,1,100000,4900.6025,5166.514,265.91150000000016
nancy,1,100000,4904.7705,5170.68,265.90950000000066
nancy,1,100000,4908.693,5174.5996,265.90659999999934
nancy,1,100000,4912.434,5178.3228,265.8887999999997
nancy,1,100000,4916.2144,5182.124,265.90959999999995
lyon,1,100000,4776.3223,5042.083,265.7606999999998
lyon,1,100000,4782.354,5048.1333,265.77930000000015
lyon,1,100000,4788.0205,5053.7886,265.76810000000023
lyon,1,100000,4794.481,5060.278,265.7970000000005
nancy,1,100000,5062.958,5328.7524,265.7944000000007
lyon,1,100000,4800.3047,5066.0977,265.7930000000006
nantes,1,100000,4768.1562,5033.9663,265.8100999999997
nantes,1,100000,4773.6255,5039.4263,265.8008
nantes,1,100000,4781.076,5046.895,265.8190000000004
nantes,1,100000,4786.793,5052.599,265.8060000000005
nantes,1,100000,4793.28,5059.0938,265.8137999999999
lyon,1,100000,4395.2363,4661.0605,265.8242
lyon,1,100000,4406.2744,4672.0913,265.8168999999998
lyon,1,100000,4417.5205,4683.4565,265.9360000000006
lyon,1,100000,4428.339,4694.17,265.83100000000013
nancy,1,100000,5067.053,5332.8486,265.7956000000004
lyon,1,100000,4439.622,4705.44,265.8179999999993
lyon,1,100000,4762.7476,5028.5083,265.7607000000007
lyon,1,100000,4767.6655,5033.439,265.77350000000024
lyon,1,100000,4773.3076,5039.1133,265.8056999999999
lyon,1,100000,4780.1963,5045.949,265.7527
lyon,1,100000,4785.549,5051.332,265.78300000000036
nantes,1,100000,4738.4277,5004.1655,265.7377999999999
nantes,1,100000,4744.704,5010.4487,265.7447000000002
nantes,1,100000,4749.7847,5015.517,265.73229999999967
nantes,1,100000,4756.42,5022.1777,265.7577000000001
rennes,2,100000,4999.43,5265.838,266.40799999999945
nancy,2,100000,5048.312,5314.736,266.424
nantes,2,100000,4758.2754,5024.6045,266.3290999999999
rennes,2,100000,4951.1865,5217.6035,266.41700000000037
rennes,2,100000,4955.981,5222.376,266.39500000000044
rennes,2,100000,4960.233,5226.708,266.47499999999945
rennes,2,100000,4965.8247,5232.2983,266.47360000000026
rennes,2,100000,4970.532,5236.923,266.3909999999996
rennes,2,100000,4931.5845,5197.6816,266.09709999999995
rennes,2,100000,4935.488,5201.8643,266.3762999999999
rennes,2,100000,4940.2026,5206.576,266.3734000000004
rennes,2,100000,4945.0703,5211.4385,266.3681999999999
rennes,2,100000,5004.0347,5270.427,266.3922999999995
rennes,2,100000,4949.661,5216.0205,266.35949999999957
rennes,2,100000,4945.914,5212.3267,266.41269999999986
rennes,2,100000,4950.4253,5216.841,266.41570000000047
rennes,2,100000,4955.413,5221.8496,266.4366
rennes,2,100000,4960.4536,5226.857,266.40340000000015
rennes,2,100000,4965.5503,5231.917,266.3667000000005
nancy,2,100000,4985.5464,5251.8774,266.33100000000013
nancy,2,100000,4988.9395,5255.28,266.34049999999934
nancy,2,100000,4992.7046,5259.034,266.3293999999996
nancy,2,100000,4996.361,5262.693,266.33200000000033
rennes,2,100000,5008.5464,5274.977,266.4305999999997
nancy,2,100000,5000.2056,5266.536,266.3303999999998
nantes,2,100000,4874.613,5140.985,266.3719999999994
nantes,2,100000,4880.5986,5146.995,266.39639999999963
nantes,2,100000,4886.1836,5152.5576,266.3739999999998
nantes,2,100000,4893.104,5159.517,266.41299999999956
nantes,2,100000,4899.199,5165.5664,266.3674000000001
nantes,2,100000,4867.1475,5133.5107,266.3631999999998
nantes,2,100000,4873.195,5139.5356,266.34060000000045
nantes,2,100000,4878.9185,5145.253,266.33449999999993
nantes,2,100000,4885.0845,5151.432,266.34749999999985
rennes,2,100000,5013.4116,5279.8003,266.3886999999995
nantes,2,100000,4890.9277,5157.278,266.35030000000006
rennes,2,100000,4891.032,5157.4985,266.46649999999954
rennes,2,100000,4895.603,5162.0986,266.4956000000002
rennes,2,100000,4900.3237,5166.7256,266.40189999999984
rennes,2,100000,4904.8906,5171.298,266.40740000000005
rennes,2,100000,4909.5254,5175.9194,266.3939999999993
lyon,2,100000,4864.8613,5131.244,266.3827000000001
lyon,2,100000,4871.0303,5137.4106,266.3802999999998
lyon,2,100000,4876.074,5142.4634,266.3894
lyon,2,100000,4882.628,5149.0176,266.3896000000004
rennes,2,100000,5018.162,5284.559,266.39699999999993
lyon,2,100000,4888.365,5154.744,266.3789999999999
nancy,2,100000,4932.1533,5198.537,266.3837000000003
nancy,2,100000,4935.787,5202.2344,266.4474
nancy,2,100000,4940.0034,5206.463,266.45960000000014
nancy,2,100000,4943.944,5210.3945,266.4504999999999
nancy,2,100000,4947.7354,5214.1816,266.4462000000003
lyon,2,100000,4847.97,5114.354,266.384
lyon,2,100000,4854.1636,5120.6245,266.46090000000004
lyon,2,100000,4859.2573,5125.37,266.1126999999997
lyon,2,100000,4865.1963,5131.7163,266.52000000000044
nancy,2,100000,5032.6694,5299.101,266.4315999999999
lyon,2,100000,4870.4243,5136.8047,266.3804
nantes,2,100000,4812.6543,5079.0303,266.3760000000002
nantes,2,100000,4817.6895,5084.0366,266.34709999999995
nantes,2,100000,4824.4307,5090.7656,266.33489999999983
nantes,2,100000,4830.209,5096.626,266.41700000000037
nantes,2,100000,4836.3433,5102.436,266.09269999999924
nancy,2,100000,4917.8535,5184.2603,266.40679999999975
nancy,2,100000,4921.47,5187.8457,266.3756999999996
nancy,2,100000,4925.461,5191.8364,266.3753999999999
nancy,2,100000,4929.339,5195.716,266.3770000000004
nancy,2,100000,5036.397,5302.782,266.3850000000002
nancy,2,100000,4933.214,5199.5596,266.34559999999965
nancy,2,100000,4907.5117,5173.9253,266.41359999999986
nancy,2,100000,4910.96,5177.376,266.41600000000017
nancy,2,100000,4915.232,5181.643,266.41100000000006
nancy,2,100000,4919.2607,5185.648,266.3873000000003
nancy,2,100000,4923.5225,5189.9346,266.41209999999955
lyon,2,100000,4811.7812,5078.095,266.3137999999999
lyon,2,100000,4816.671,5083.0054,266.33439999999973
lyon,2,100000,4823.3867,5089.7485,266.3617999999997
lyon,2,100000,4829.497,5095.8105,266.3134999999993
nancy,2,100000,5040.2866,5306.7104,266.4237999999996
lyon,2,100000,4835.079,5101.396,266.317
nantes,2,100000,4778.176,5044.5327,266.35669999999936
nantes,2,100000,4784.6147,5051.007,266.3922999999995
nantes,2,100000,4790.3306,5056.6934,266.3627999999999
nantes,2,100000,4797.3145,5063.6904,266.3759
nantes,2,100000,4803.164,5069.5923,266.4283000000005
lyon,2,100000,4408.5923,4675.079,266.4866999999995
lyon,2,100000,4419.365,4685.762,266.39699999999993
lyon,2,100000,4430.1753,4696.543,266.3676999999998
lyon,2,100000,4440.9956,4707.401,266.40539999999964
nancy,2,100000,5044.2446,5310.6816,266.4369999999999
lyon,2,100000,4452.2153,4718.713,266.4976999999999
lyon,2,100000,4763.0176,5029.429,266.41139999999996
lyon,2,100000,4769.613,5035.976,266.3629999999994
lyon,2,100000,4774.913,5041.319,266.40600000000086
lyon,2,100000,4780.85,5047.191,266.34099999999944
lyon,2,100000,4786.676,5053.065,266.3889999999992
nantes,2,100000,4734.7305,5001.065,266.33449999999993
nantes,2,100000,4740.808,5007.1377,266.32970000000023
nantes,2,100000,4746.491,5012.821,266.3299999999999
nantes,2,100000,4752.8647,5019.1895,266.3248000000003
rennes,3,100000,4994.7656,5261.7007,266.9351000000006
nancy,3,100000,5060.7383,5327.5894,266.85109999999986
nantes,3,100000,4776.098,5042.96,266.8620000000001
rennes,3,100000,4955.2876,5222.1357,266.84810000000016
rennes,3,100000,4960.5566,5227.065,266.5083999999997
rennes,3,100000,4964.6187,5231.4883,266.8696
rennes,3,100000,4969.4556,5236.308,266.85239999999976
rennes,3,100000,4974.1816,5240.9995,266.8179
rennes,3,100000,4955.303,5221.861,266.558
rennes,3,100000,4959.422,5226.3237,266.90170000000035
rennes,3,100000,4964.324,5231.224,266.90000000000055
rennes,3,100000,4969.3716,5236.2686,266.89699999999993
rennes,3,100000,4999.709,5266.623,266.91399999999976
rennes,3,100000,4974.146,5241.045,266.89900000000034
rennes,3,100000,4954.0527,5220.892,266.83929999999964
rennes,3,100000,4958.851,5225.7153,266.8643000000002
rennes,3,100000,4963.599,5230.473,266.8739999999998
rennes,3,100000,4968.695,5235.557,266.8620000000001
rennes,3,100000,4973.55,5240.06,266.5100000000002
nancy,3,100000,5002.5864,5269.4336,266.84720000000016
nancy,3,100000,5006.4106,5273.275,266.8643999999995
nancy,3,100000,5010.254,5277.1045,266.85050000000047
nancy,3,100000,5014.572,5281.4243,266.85229999999956
rennes,3,100000,5004.291,5271.2,266.90899999999965
nancy,3,100000,5018.4766,5285.331,266.85440000000017
nantes,3,100000,4882.0493,5148.8955,266.84619999999995
nantes,3,100000,4888.2705,5155.19,266.91949999999997
nantes,3,100000,4893.4985,5160.3506,266.85210000000006
nantes,3,100000,4899.959,5166.8027,266.84370000000035
nantes,3,100000,4905.402,5172.3457,266.9436999999998
nantes,3,100000,4870.8623,5137.739,266.8766999999998
nantes,3,100000,4877.2217,5144.103,266.8813
nantes,3,100000,4882.924,5149.7954,266.8714
nantes,3,100000,4889.4604,5156.335,266.8746000000001
rennes,3,100000,5009.5913,5276.5767,266.9853999999996
nantes,3,100000,4894.798,5161.6626,266.8645999999999
rennes,3,100000,4911.574,5178.4224,266.84840000000077
rennes,3,100000,4916.298,5183.1357,266.83770000000004
rennes,3,100000,4920.855,5187.6616,266.8066000000008
rennes,3,100000,4926.3994,5193.2217,266.8222999999998
rennes,3,100000,4931.4478,5198.2817,266.83389999999963
lyon,3,100000,4859.0835,5125.9688,266.8852999999999
lyon,3,100000,4864.0137,5130.6377,266.6239999999998
lyon,3,100000,4870.185,5137.019,266.83399999999983
lyon,3,100000,4875.9663,5142.904,266.9377000000004
rennes,3,100000,5014.5176,5281.5034,266.9857999999995
lyon,3,100000,4882.6963,5149.601,266.90470000000005
nancy,3,100000,4952.7017,5219.604,266.90230000000065
nancy,3,100000,4956.4644,5223.3945,266.9301000000005
nancy,3,100000,4960.391,5227.321,266.9300000000003
nancy,3,100000,4964.079,5230.9995,266.9205000000002
nancy,3,100000,4968.123,5235.047,266.924
lyon,3,100000,4856.203,5123.069,266.866
lyon,3,100000,4862.441,5129.3047,266.8636999999999
lyon,3,100000,4868.032,5134.8936,266.8616000000002
lyon,3,100000,4874.288,5141.1836,266.89560000000074
nancy,3,100000,5045.038,5311.885,266.84700000000066
lyon,3,100000,4880.3076,5147.179,266.8714
nantes,3,100000,4813.373,5080.22,266.84700000000066
nantes,3,100000,4819.752,5086.611,266.85899999999947
nantes,3,100000,4825.222,5092.0605,266.83849999999984
nantes,3,100000,4831.5796,5098.4424,266.8627999999999
nantes,3,100000,4837.3247,5104.172,266.84729999999945
nancy,3,100000,4908.418,5175.3438,266.9258
nancy,3,100000,4912.6,5179.5107,266.91069999999945
nancy,3,100000,4916.679,5183.5854,266.90639999999985
nancy,3,100000,4920.9287,5187.837,266.90830000000005
nancy,3,100000,5049.1045,5315.946,266.84149999999954
nancy,3,100000,4924.9062,5191.819,266.91280000000006
nancy,3,100000,4899.9717,5166.79,266.8182999999999
nancy,3,100000,4903.7217,5170.539,266.8172999999997
nancy,3,100000,4907.4453,5174.262,266.8166999999994
nancy,3,100000,4911.3403,5178.1875,266.84720000000016
nancy,3,100000,4915.3745,5182.07,266.6954999999998
lyon,3,100000,4816.9185,5083.7227,266.8042000000005
lyon,3,100000,4823.7246,5090.541,266.8164000000006
lyon,3,100000,4828.9976,5095.8613,266.8636999999999
lyon,3,100000,4835.0254,5101.872,266.84659999999985
nancy,3,100000,5052.941,5319.794,266.85300000000007
lyon,3,100000,4840.22,5107.0435,266.8234999999995
nantes,3,100000,4759.6465,5026.51,266.8635000000004
nantes,3,100000,4766.0957,5032.95,266.85429999999997
nantes,3,100000,4771.392,5038.26,266.8680000000004
nantes,3,100000,4778.0293,5044.9014,266.8720999999996
nantes,3,100000,4783.9805,5050.8525,266.8720000000003
lyon,3,100000,4404.003,4670.888,266.8850000000002
lyon,3,100000,4415.121,4681.9956,266.8746000000001
lyon,3,100000,4425.48,4692.3853,266.90530000000035
lyon,3,100000,4436.8184,4703.723,266.90459999999985
nancy,3,100000,5056.7456,5323.5806,266.83500000000004
lyon,3,100000,4447.6035,4714.4824,266.8788999999997
lyon,3,100000,4770.9404,5037.7505,266.8100999999997
lyon,3,100000,4776.634,5043.491,266.85699999999997
lyon,3,100000,4781.876,5048.685,266.8090000000002
lyon,3,100000,4788.008,5054.856,266.84799999999996
lyon,3,100000,4793.976,5060.826,266.85000000000036
nantes,3,100000,4751.8213,5018.7217,266.90040000000045
nantes,3,100000,4758.3467,5025.239,266.8922999999995
nantes,3,100000,4763.336,5030.1914,266.85539999999946
nantes,3,100000,4770.5776,5037.478,266.90040000000045
rennes,4,100000,4993.0146,5258.3477,265.33309999999983
nancy,4,100000,5060.314,5325.631,265.317
nantes,4,100000,4776.944,5042.139,265.1949999999997
rennes,4,100000,4951.6157,5216.9004,265.28470000000016
rennes,4,100000,4956.248,5221.517,265.26900000000023
rennes,4,100000,4960.733,5226.0234,265.29039999999986
rennes,4,100000,4965.7324,5231.0005,265.26810000000023
rennes,4,100000,4970.319,5235.6074,265.28839999999946
rennes,4,100000,4945.9395,5211.1763,265.2367999999997
rennes,4,100000,4950.2173,5215.505,265.28769999999986
rennes,4,100000,4954.9346,5220.2104,265.27580000000034
rennes,4,100000,4960.231,5225.5015,265.27050000000054
rennes,4,100000,4997.9214,5263.151,265.22959999999966
rennes,4,100000,4964.971,5230.274,265.3030000000008
rennes,4,100000,4956.8765,5222.0947,265.21819999999934
rennes,4,100000,4961.428,5226.6743,265.2462999999998
rennes,4,100000,4965.958,5231.179,265.22100000000046
rennes,4,100000,4971.2793,5236.5073,265.22800000000007
rennes,4,100000,4975.9087,5241.1426,265.2339000000002
nancy,4,100000,4992.0615,5257.368,265.3065000000006
nancy,4,100000,4995.751,5261.0884,265.33739999999943
nancy,4,100000,4999.7036,5265.0083,265.3047000000006
nancy,4,100000,5003.539,5268.8467,265.3077000000003
rennes,4,100000,5002.721,5267.9907,265.26970000000074
nancy,4,100000,5007.4346,5272.737,265.3024000000005
nantes,4,100000,4900.1934,5165.372,265.1786000000002
nantes,4,100000,4906.1113,5171.31,265.1987000000008
nantes,4,100000,4911.4995,5176.6865,265.1869999999999
nantes,4,100000,4917.9927,5183.1924,265.1997000000001
nantes,4,100000,4924.184,5189.3677,265.1836999999996
nantes,4,100000,4868.6445,5133.9297,265.28519999999935
nantes,4,100000,4874.7476,5139.9883,265.2407000000003
nantes,4,100000,4880.004,5145.26,265.2560000000003
nantes,4,100000,4886.728,5151.9756,265.2475999999997
rennes,4,100000,5007.9062,5273.1147,265.20849999999973
nantes,4,100000,4892.474,5157.717,265.2429999999995
rennes,4,100000,4898.4854,5163.795,265.3096000000005
rennes,4,100000,4903.125,5168.436,265.3109999999997
rennes,4,100000,4907.7544,5173.016,265.2615999999998
rennes,4,100000,4912.6523,5177.915,265.2627000000002
rennes,4,100000,4917.4067,5182.736,265.32930000000033
lyon,4,100000,4878.754,5143.845,265.09100000000035
lyon,4,100000,4883.1304,5148.4365,265.3060999999998
lyon,4,100000,4889.7095,5154.9907,265.28120000000035
lyon,4,100000,4894.518,5159.8545,265.33650000000034
rennes,4,100000,5012.6147,5277.9424,265.3276999999998
lyon,4,100000,4900.5815,5165.652,265.0704999999998
nancy,4,100000,4929.4727,5194.762,265.28929999999946
nancy,4,100000,4933.209,5198.524,265.3150000000005
nancy,4,100000,4937.171,5202.52,265.34900000000016
nancy,4,100000,4941.034,5206.3477,265.3137000000006
nancy,4,100000,4944.932,5210.2476,265.3155999999999
lyon,4,100000,4865.2734,5130.608,265.33460000000014
lyon,4,100000,4871.7554,5137.1045,265.34910000000036
lyon,4,100000,4877.1777,5142.5273,265.34959999999955
lyon,4,100000,4883.5625,5148.8633,265.3008
nancy,4,100000,5045.014,5310.334,265.3199999999997
lyon,4,100000,4889.194,5154.531,265.33699999999953
nantes,4,100000,4805.1313,5070.388,265.2566999999999
nantes,4,100000,4810.5947,5075.853,265.2583000000004
nantes,4,100000,4815.7524,5080.992,265.2395999999999
nantes,4,100000,4822.569,5087.832,265.2629999999999
nantes,4,100000,4827.8237,5093.0654,265.2417000000005
nancy,4,100000,4923.3203,5188.6265,265.3062
nancy,4,100000,4926.931,5192.2207,265.28970000000027
nancy,4,100000,4930.893,5196.1826,265.28960000000006
nancy,4,100000,4934.4946,5199.782,265.28740000000016
nancy,4,100000,5048.609,5313.9062,265.2972
nancy,4,100000,4938.6685,5203.958,265.28949999999986
nancy,4,100000,4878.6436,5143.9546,265.3109999999997
nancy,4,100000,4882.38,5147.6924,265.3123999999998
nancy,4,100000,4886.3066,5151.6143,265.3077000000003
nancy,4,100000,4889.9814,5155.3037,265.3223000000007
nancy,4,100000,4894.277,5159.59,265.3130000000001
lyon,4,100000,4803.579,5068.8887,265.3097000000007
lyon,4,100000,4809.688,5074.9883,265.3002999999999
lyon,4,100000,4814.6646,5079.943,265.27840000000015
lyon,4,100000,4821.4487,5086.7207,265.27199999999993
nancy,4,100000,5052.413,5317.728,265.3150000000005
lyon,4,100000,4826.5635,5091.8384,265.27489999999943
nantes,4,100000,4789.745,5055.0884,265.34339999999975
nantes,4,100000,4796.211,5061.468,265.2569999999996
nantes,4,100000,4801.742,5067.0854,265.34339999999975
nantes,4,100000,4808.1113,5073.3813,265.27000000000044
nantes,4,100000,4813.7847,5079.0454,265.2606999999998
lyon,4,100000,4405.927,4671.216,265.28900000000067
lyon,4,100000,4417.2925,4682.563,265.27050000000054
lyon,4,100000,4428.0273,4693.419,265.3917000000001
lyon,4,100000,4438.997,4704.375,265.3779999999997
nancy,4,100000,5056.3955,5321.7095,265.3140000000003
lyon,4,100000,4450.253,4715.5376,265.28459999999995
lyon,4,100000,4762.4,5027.7017,265.3017
lyon,4,100000,4768.481,5033.7812,265.3002000000006
lyon,4,100000,4773.6494,5038.953,265.3036000000002
lyon,4,100000,4780.003,5045.306,265.3029999999999
lyon,4,100000,4785.3438,5050.6597,265.3159000000005
nantes,4,100000,4752.724,5017.9346,265.21059999999943
nantes,4,100000,4758.772,5023.9526,265.1805999999997
nantes,4,100000,4764.3223,5029.5186,265.1963000000005
nantes,4,100000,4771.311,5036.5273,265.21630000000005
rennes,5,100000,4991.8555,5257.8706,266.01510000000053
nancy,5,100000,5054.566,5320.581,266.0150000000003
nantes,5,100000,4730.9546,4996.838,265.8833999999997
rennes,5,100000,4938.504,5204.5215,266.0174999999999
rennes,5,100000,4942.871,5208.9346,266.0635999999995
rennes,5,100000,4947.954,5213.95,265.9960000000001
rennes,5,100000,4952.652,5218.6846,266.03259999999955
rennes,5,100000,4957.5317,5223.586,266.0543000000007
rennes,5,100000,4928.688,5194.6816,265.9935999999998
rennes,5,100000,4933.3105,5199.254,265.9435000000003
rennes,5,100000,4937.7085,5203.66,265.9515000000001
rennes,5,100000,4942.8257,5208.771,265.9452999999994
rennes,5,100000,4996.4106,5262.3696,265.95899999999983
rennes,5,100000,4948.0103,5214.004,265.9937
rennes,5,100000,4921.392,5187.3354,265.9434000000001
rennes,5,100000,4926.0312,5191.968,265.9367999999995
rennes,5,100000,4930.58,5196.5474,265.96740000000045
rennes,5,100000,4936.334,5202.1245,265.79050000000007
rennes,5,100000,4940.706,5206.6772,265.97119999999995
nancy,5,100000,4959.2847,5225.3145,266.02980000000025
nancy,5,100000,4962.783,5228.8237,266.04069999999956
nancy,5,100000,4966.5737,5232.607,266.03330000000005
nancy,5,100000,4970.333,5236.3667,266.03369999999995
rennes,5,100000,5001.1484,5267.14,265.9916000000003
nancy,5,100000,4974.0063,5240.039,266.03269999999975
nantes,5,100000,4860.637,5126.6084,265.97140000000036
nantes,5,100000,4866.972,5132.9604,265.9884000000002
nantes,5,100000,4872.023,5137.988,265.96500000000015
nantes,5,100000,4878.494,5144.482,265.9880000000003
nantes,5,100000,4884.4683,5150.438,265.96969999999965
nantes,5,100000,4837.251,5103.186,265.9349999999995
nantes,5,100000,4843.504,5109.4473,265.9432999999999
nantes,5,100000,4849.145,5115.103,265.95799999999963
nantes,5,100000,4855.841,5121.784,265.9429999999993
rennes,5,100000,5006.208,5272.0054,265.7974000000004
nantes,5,100000,4861.1177,5127.0405,265.9228000000003
rennes,5,100000,4876.8677,5142.826,265.95830000000024
rennes,5,100000,4881.5825,5147.317,265.73449999999957
rennes,5,100000,4885.9766,5151.942,265.96540000000005
rennes,5,100000,4891.3525,5157.28,265.9274999999998
rennes,5,100000,4895.985,5161.9243,265.9393
lyon,5,100000,4845.6675,5111.679,266.0115000000005
lyon,5,100000,4851.8833,5117.918,266.03469999999925
lyon,5,100000,4857.0586,5123.071,266.0123999999996
lyon,5,100000,4863.637,5129.6787,266.0417000000007
rennes,5,100000,5010.393,5276.3843,265.9912999999997
lyon,5,100000,4869.3594,5135.3804,266.02099999999973
nancy,5,100000,4932.5254,5198.492,265.96659999999974
nancy,5,100000,4936.224,5202.2207,265.9966999999997
nancy,5,100000,4940.1113,5206.1045,265.9932000000008
nancy,5,100000,4943.8145,5209.815,266.0004999999992
nancy,5,100000,4947.6875,5213.678,265.9904999999999
lyon,5,100000,4843.9,5109.955,266.0550000000003
lyon,5,100000,4850.178,5116.0312,265.85320000000047
lyon,5,100000,4855.088,5121.1436,266.0556000000006
lyon,5,100000,4861.4917,5127.5264,266.03470000000016
nancy,5,100000,5038.645,5304.6675,266.0224999999991
lyon,5,100000,4867.0703,5133.1157,266.0454
nantes,5,100000,4777.486,5043.443,265.95700000000033
nantes,5,100000,4783.9385,5049.9146,265.97609999999986
nantes,5,100000,4789.2427,5055.206,265.96330000000034
nantes,5,100000,4795.6406,5061.616,265.97540000000026
nantes,5,100000,4801.162,5067.1357,265.97369999999955
nancy,5,100000,4898.6704,5164.7183,266.0479000000005
nancy,5,100000,4902.8125,5168.8457,266.03319999999985
nancy,5,100000,4906.64,5172.675,266.03499999999985
nancy,5,100000,4910.5767,5176.6104,266.03369999999995
nancy,5,100000,5042.101,5308.1313,266.03030000000035
nancy,5,100000,4914.2827,5180.319,266.03630000000067
nancy,5,100000,4879.87,5145.881,266.0110000000004
nancy,5,100000,4883.7676,5149.778,266.0104000000001
nancy,5,100000,4887.8013,5153.811,266.0096999999996
nancy,5,100000,4891.827,5157.8506,266.02359999999953
nancy,5,100000,4895.7144,5161.723,266.0086000000001
lyon,5,100000,4768.973,5035.0015,266.02850000000035
lyon,5,100000,4774.808,5040.7925,265.98449999999957
lyon,5,100000,4779.956,5045.98,266.02399999999943
lyon,5,100000,4786.4385,5052.419,265.98049999999967
nancy,5,100000,5046.27,5312.292,266.02199999999993
lyon,5,100000,4791.8306,5057.852,266.02139999999963
nantes,5,100000,4750.438,5016.39,265.9520000000002
nantes,5,100000,4757.281,5023.225,265.9440000000004
nantes,5,100000,4762.609,5028.569,265.96000000000004
nantes,5,100000,4769.7715,5035.7246,265.9530999999997
nantes,5,100000,4775.303,5041.252,265.9490000000005
lyon,5,100000,4382.097,4648.125,266.02800000000025
lyon,5,100000,4393.164,4659.169,266.0050000000001
lyon,5,100000,4403.8403,4669.9463,266.10599999999977
lyon,5,100000,4415.4043,4681.499,266.09469999999965
nancy,5,100000,5050.3145,5316.3374,266.02289999999994
lyon,5,100000,4426.318,4692.3096,265.9915999999994
lyon,5,100000,4741.179,5007.2144,266.03539999999975
lyon,5,100000,4747.448,5013.4434,265.9953999999998
lyon,5,100000,4752.5576,5018.5786,266.02099999999973
lyon,5,100000,4758.616,5024.621,266.0050000000001
lyon,5,100000,4763.798,5029.8154,266.01740000000063
nantes,5,100000,4706.862,4972.804,265.942
nantes,5,100000,4713.0835,4978.991,265.90750000000025
nantes,5,100000,4718.7686,4984.662,265.89339999999993
nantes,5,100000,4725.4263,4991.3394,265.91309999999976
rennes,6,100000,5036.8228,5305.8096,268.9867999999997
nancy,6,100000,5092.783,5361.9307,269.14769999999953
nantes,6,100000,4790.266,5059.1816,268.91560000000027
rennes,6,100000,4994.431,5263.4917,269.0607
rennes,6,100000,4999.1606,5268.173,269.0123999999996
rennes,6,100000,5003.641,5272.723,269.08200000000033
rennes,6,100000,5008.4956,5277.505,269.0093999999999
rennes,6,100000,5013.438,5282.4985,269.0604999999996
rennes,6,100000,4980.915,5249.666,268.7510000000002
rennes,6,100000,4985.2886,5254.249,268.96039999999994
rennes,6,100000,4989.9824,5258.963,268.98059999999987
rennes,6,100000,4994.909,5263.8774,268.96840000000066
rennes,6,100000,5041.1445,5310.1606,269.0160999999998
rennes,6,100000,4999.645,5268.607,268.96199999999953
rennes,6,100000,4984.5596,5253.501,268.9414000000006
rennes,6,100000,4988.9062,5257.871,268.96479999999974
rennes,6,100000,4993.659,5262.6035,268.9445000000005
rennes,6,100000,4998.7197,5267.6816,268.96190000000024
rennes,6,100000,5003.6807,5272.647,268.96630000000005
nancy,6,100000,5027.3193,5296.5337,269.21439999999984
nancy,6,100000,5031.0254,5300.2446,269.21919999999955
nancy,6,100000,5035.0957,5304.379,269.28330000000005
nancy,6,100000,5038.905,5308.118,269.21300000000065
rennes,6,100000,5045.5693,5314.5703,269.0010000000002
nancy,6,100000,5042.6187,5311.834,269.21529999999984
nantes,6,100000,4906.1577,5175.154,268.9963000000007
nantes,6,100000,4911.799,5180.8066,269.0075999999999
nantes,6,100000,4916.777,5185.759,268.98199999999997
nantes,6,100000,4923.528,5192.54,269.0119999999997
nantes,6,100000,4929.313,5198.309,268.9960000000001
nantes,6,100000,4896.2173,5165.212,268.9947000000002
nantes,6,100000,4902.079,5171.004,268.9250000000002
nantes,6,100000,4907.8335,5176.762,268.9285
nantes,6,100000,4913.8804,5182.822,268.9416000000001
rennes,6,100000,5050.91,5319.916,269.0060000000003
nantes,6,100000,4919.939,5188.9746,269.03559999999925
rennes,6,100000,4926.4624,5195.479,269.0165999999999
rennes,6,100000,4931.6997,5200.375,268.6752999999999
rennes,6,100000,4935.8994,5204.923,269.02359999999953
rennes,6,100000,4940.9956,5210.03,269.03439999999955
rennes,6,100000,4945.665,5214.6685,269.0034999999998
lyon,6,100000,4909.0723,5178.0264,268.9540999999999
lyon,6,100000,4915.47,5184.445,268.97499999999945
lyon,6,100000,4920.7183,5189.656,268.9376999999995
lyon,6,100000,4927.144,5196.1587,269.0146999999997
rennes,6,100000,5055.262,5324.3047,269.04269999999997
lyon,6,100000,4932.686,5201.4854,268.7993999999999
nancy,6,100000,4962.988,5232.041,269.0529999999999
nancy,6,100000,4966.536,5235.5684,269.03240000000005
nancy,6,100000,4970.308,5239.3496,269.04159999999956
nancy,6,100000,4974.4463,5243.4785,269.03220000000056
nancy,6,100000,4978.192,5247.2363,269.04429999999957
lyon,6,100000,4888.9785,5157.923,268.9444999999996
lyon,6,100000,4895.212,5164.1904,268.97839999999997
lyon,6,100000,4900.2295,5169.1978,268.96829999999954
lyon,6,100000,4906.7856,5175.7754,268.9898000000003
nancy,6,100000,5076.9585,5346.12,269.16150000000016
lyon,6,100000,4911.8813,5180.8286,268.9472999999998
nantes,6,100000,4846.053,5115.063,269.0100000000002
nantes,6,100000,4852.5825,5121.5703,268.9877999999999
nantes,6,100000,4857.878,5126.8833,269.0053000000007
nantes,6,100000,4864.5527,5133.548,268.9952999999996
nantes,6,100000,4870.615,5139.573,268.95800000000054
nancy,6,100000,4951.8735,5220.8584,268.9849000000004
nancy,6,100000,4955.6587,5224.599,268.9403000000002
nancy,6,100000,4959.4653,5228.465,268.9997000000003
nancy,6,100000,4963.3687,5232.36,268.9912999999997
nancy,6,100000,5080.84,5349.9883,269.14829999999984
nancy,6,100000,4967.238,5236.287,269.049
nancy,6,100000,4931.3184,5200.3276,269.0091999999995
nancy,6,100000,4934.9985,5204.0093,269.0108
nancy,6,100000,4938.9736,5207.986,269.0123999999996
nancy,6,100000,4942.737,5211.758,269.02099999999973
nancy,6,100000,4946.768,5215.7744,269.0064000000002
lyon,6,100000,4841.7803,5110.718,268.9376999999995
lyon,6,100000,4847.816,5116.776,268.96000000000004
lyon,6,100000,4853.16,5122.0977,268.9377000000004
lyon,6,100000,4859.5347,5128.518,268.9832999999999
nancy,6,100000,5084.7544,5353.905,269.15059999999994
lyon,6,100000,4865.2266,5134.2173,268.9907000000003
nantes,6,100000,4804.286,5073.237,268.951
nantes,6,100000,4809.8335,5078.806,268.97249999999985
nantes,6,100000,4815.126,5084.0723,268.9462999999996
nantes,6,100000,4821.8394,5090.8247,268.9853000000003
nantes,6,100000,4827.5664,5096.4956,268.9292000000005
lyon,6,100000,4434.706,4703.7104,269.0043999999998
lyon,6,100000,4445.3394,4714.355,269.0155999999997
lyon,6,100000,4456.1753,4725.239,269.0636999999997
lyon,6,100000,4467.62,4736.6367,269.0167000000001
nancy,6,100000,5088.8403,5357.9897,269.14940000000024
lyon,6,100000,4478.5923,4747.604,269.0117
lyon,6,100000,4780.79,5049.8374,269.0474000000004
lyon,6,100000,4787.103,5056.1704,269.0673999999999
lyon,6,100000,4792.1294,5061.1064,268.97699999999986
lyon,6,100000,4798.584,5067.644,269.0600000000004
lyon,6,100000,4804.2505,5073.322,269.0715
nantes,6,100000,4765.9155,5034.854,268.9385000000002
nantes,6,100000,4771.5947,5040.5044,268.90970000000016
nantes,6,100000,4778.429,5047.3574,268.9283999999998
nantes,6,100000,4784.9043,5053.562,268.65769999999975
rennes,7,100000,4997.607,5264.6226,267.0155999999997
nancy,7,100000,5068.0303,5335.0903,267.0599999999995
nantes,7,100000,4744.5503,5011.479,266.9287000000004
rennes,7,100000,4995.0107,5262.061,267.0502999999999
rennes,7,100000,4999.577,5266.539,266.96199999999953
rennes,7,100000,5004.2217,5271.291,267.0693000000001
rennes,7,100000,5009.022,5276.046,267.02400000000034
rennes,7,100000,5014.1597,5281.191,267.03129999999965
rennes,7,100000,4993.3423,5260.382,267.03969999999936
rennes,7,100000,4997.569,5264.593,267.02399999999943
rennes,7,100000,5002.577,5269.718,267.1409999999996
rennes,7,100000,5007.803,5274.8306,267.02760000000035
rennes,7,100000,5002.1475,5269.159,267.0114999999996
rennes,7,100000,5012.2656,5279.307,267.04140000000007
rennes,7,100000,4969.1978,5236.188,266.9902000000002
rennes,7,100000,4973.4995,5240.5205,267.02099999999973
rennes,7,100000,4978.7354,5245.7026,266.96720000000005
rennes,7,100000,4983.49,5250.5,267.0100000000002
rennes,7,100000,4988.021,5255.0186,266.9976000000006
nancy,7,100000,5008.552,5275.6655,267.1135000000004
nancy,7,100000,5012.258,5279.389,267.1310000000003
nancy,7,100000,5016.073,5283.1875,267.1144999999997
nancy,7,100000,5020.207,5287.323,267.116
rennes,7,100000,5006.673,5273.7314,267.0583999999999
nancy,7,100000,5024.2007,5291.3164,267.1156999999994
nantes,7,100000,4896.1445,5162.9717,266.8271999999997
nantes,7,100000,4902.359,5169.4688,267.10979999999927
nantes,7,100000,4907.3516,5174.398,267.0464000000002
nantes,7,100000,4913.7705,5180.878,267.1075000000001
nantes,7,100000,4919.577,5186.6577,267.0806999999995
nantes,7,100000,4875.8706,5142.926,267.0554000000002
nantes,7,100000,4881.466,5148.532,267.0659999999998
nantes,7,100000,4886.608,5153.682,267.0739999999996
nantes,7,100000,4893.006,5160.0674,267.0613999999996
rennes,7,100000,5011.7734,5278.7915,267.01810000000023
nantes,7,100000,4899.01,5166.0796,267.0695999999998
rennes,7,100000,4871.5894,5138.6255,267.03610000000026
rennes,7,100000,4875.9565,5142.995,267.03849999999966
rennes,7,100000,4880.8257,5147.867,267.04129999999986
rennes,7,100000,4885.703,5152.726,267.02299999999923
rennes,7,100000,4890.8237,5157.845,267.02130000000034
lyon,7,100000,4884.862,5151.9263,267.0643
lyon,7,100000,4891.3877,5158.107,266.71929999999975
lyon,7,100000,4895.971,5163.019,267.0480000000007
lyon,7,100000,4902.756,5169.833,267.0769999999993
rennes,7,100000,5016.5376,5283.5864,267.0488000000005
lyon,7,100000,4908.102,5175.1562,267.0542000000005
nancy,7,100000,4941.1475,5208.159,267.0114999999996
nancy,7,100000,4945.0283,5212.063,267.03470000000016
nancy,7,100000,4948.7583,5215.7915,267.03319999999985
nancy,7,100000,4952.7266,5219.7393,267.0127000000002
nancy,7,100000,4956.701,5223.718,267.0169999999998
lyon,7,100000,4855.941,5122.978,267.03700000000026
lyon,7,100000,4861.744,5128.7524,267.0084000000006
lyon,7,100000,4866.946,5133.983,267.03700000000026
lyon,7,100000,4873.293,5140.298,267.0050000000001
nancy,7,100000,5052.519,5319.5786,267.0595999999996
lyon,7,100000,4878.7803,5145.798,267.0176999999994
nantes,7,100000,4812.5986,5079.6187,267.02009999999973
nantes,7,100000,4818.5703,5085.592,267.0216999999993
nantes,7,100000,4823.9297,5090.9375,267.0078000000003
nantes,7,100000,4830.454,5097.4863,267.03229999999985
nantes,7,100000,4836.159,5103.1685,267.0095000000001
nancy,7,100000,4910.7744,5177.809,267.03459999999995
nancy,7,100000,4914.292,5181.342,267.0499999999993
nancy,7,100000,4918.191,5185.246,267.0550000000003
nancy,7,100000,4922.117,5189.167,267.0500000000002
nancy,7,100000,5056.232,5323.2915,267.0595000000003
nancy,7,100000,4926.2856,5193.3447,267.0590999999995
nancy,7,100000,4892.046,5159.104,267.058
nancy,7,100000,4895.5996,5162.656,267.0564000000004
nancy,7,100000,4899.4673,5166.53,267.0626999999995
nancy,7,100000,4903.5337,5170.5923,267.0586000000003
nancy,7,100000,4907.5166,5174.574,267.0573999999997
lyon,7,100000,4787.7837,5054.816,267.03229999999985
lyon,7,100000,4793.89,5060.9307,267.04069999999956
lyon,7,100000,4799.658,5066.6816,267.02359999999953
lyon,7,100000,4805.939,5072.9766,267.03759999999966
nancy,7,100000,5060.141,5327.204,267.0630000000001
lyon,7,100000,4811.5786,5078.638,267.0594000000001
nantes,7,100000,4758.575,5025.6084,267.03340000000026
nantes,7,100000,4764.751,5031.8037,267.0527000000002
nantes,7,100000,4769.745,5036.8037,267.0587000000005
nantes,7,100000,4776.824,5043.894,267.0700000000006
nantes,7,100000,4782.1426,5049.1763,267.03369999999995
lyon,7,100000,4383.312,4650.3696,267.0576000000001
lyon,7,100000,4393.9824,4661.0645,267.08210000000054
lyon,7,100000,4404.919,4672.0234,267.10440000000017
lyon,7,100000,4416.459,4683.4893,267.03030000000035
nancy,7,100000,5064.038,5331.073,267.03500000000076
lyon,7,100000,4427.146,4694.2295,267.08350000000064
lyon,7,100000,4761.3193,5028.262,266.9426999999996
lyon,7,100000,4767.267,5034.179,266.91200000000026
lyon,7,100000,4771.963,5038.8936,266.9306000000006
lyon,7,100000,4778.5923,5045.5103,266.91799999999967
lyon,7,100000,4783.8945,5050.839,266.9444999999996
nantes,7,100000,4720.739,4987.7056,266.96660000000065
nantes,7,100000,4726.8994,4993.833,266.9335999999994
nantes,7,100000,4732.5205,4999.459,266.9385000000002
nantes,7,100000,4738.761,5005.707,266.9459999999999
rennes,8,100000,5016.6626,5282.215,265.5524000000005
nancy,8,100000,5086.252,5351.907,265.65499999999975
nantes,8,100000,4804.3794,5069.9243,265.54489999999987
rennes,8,100000,5001.34,5266.9224,265.58240000000023
rennes,8,100000,5006.324,5271.8643,265.54030000000057
rennes,8,100000,5010.502,5276.064,265.5619999999999
rennes,8,100000,5015.3857,5280.9272,265.54150000000027
rennes,8,100000,5019.9585,5285.5547,265.59619999999995
rennes,8,100000,4983.033,5248.543,265.5099999999993
rennes,8,100000,4987.696,5253.189,265.4930000000004
rennes,8,100000,4992.3306,5257.8228,265.4921999999997
rennes,8,100000,4997.3867,5262.9155,265.52880000000005
rennes,8,100000,5021.1973,5286.7744,265.5771000000004
rennes,8,100000,5001.99,5267.4785,265.4885000000004
rennes,8,100000,4995.0903,5260.6763,265.58600000000024
rennes,8,100000,4999.4966,5265.1064,265.60979999999927
rennes,8,100000,5004.401,5269.973,265.5720000000001
rennes,8,100000,5008.8394,5274.4717,265.6323000000002
rennes,8,100000,5013.9727,5279.482,265.5092999999997
nancy,8,100000,5033.843,5299.4307,265.58770000000004
nancy,8,100000,5037.539,5303.1284,265.58939999999984
nancy,8,100000,5041.5977,5307.1865,265.58879999999954
nancy,8,100000,5045.372,5310.957,265.58500000000004
rennes,8,100000,5025.8267,5291.3906,265.5639000000001
nancy,8,100000,5049.1685,5314.756,265.58750000000055
nantes,8,100000,4926.9507,5192.444,265.4933000000001
nantes,8,100000,4933.5137,5199.0684,265.5546999999997
nantes,8,100000,4938.672,5204.2134,265.54140000000007
nantes,8,100000,4945.8384,5211.4697,265.6313
nantes,8,100000,4951.324,5216.826,265.5020000000004
nantes,8,100000,4913.15,5178.6675,265.5174999999999
nantes,8,100000,4919.296,5184.8237,265.52769999999964
nantes,8,100000,4924.3228,5189.8706,265.5478000000003
nantes,8,100000,4930.8438,5196.372,265.52820000000065
rennes,8,100000,5030.494,5296.085,265.59100000000035
nantes,8,100000,4936.6855,5202.219,265.53350000000046
rennes,8,100000,4929.8506,5195.422,265.5713999999998
rennes,8,100000,4934.367,5199.9385,265.5715
rennes,8,100000,4939.1377,5204.691,265.5532999999996
rennes,8,100000,4943.693,5209.2837,265.59069999999974
rennes,8,100000,4948.8906,5214.434,265.5434000000005
lyon,8,100000,4901.869,5167.3027,265.4337000000005
lyon,8,100000,4906.792,5171.9907,265.1986999999999
lyon,8,100000,4912.88,5178.3516,265.47159999999985
lyon,8,100000,4918.913,5184.389,265.47600000000057
rennes,8,100000,5035.162,5300.7217,265.5596999999998
lyon,8,100000,4925.064,5190.4897,265.4256999999998
nancy,8,100000,4984.6187,5250.1914,265.5726999999997
nancy,8,100000,4988.581,5254.1445,265.5635000000002
nancy,8,100000,4992.5977,5258.1606,265.5628999999999
nancy,8,100000,4996.497,5262.06,265.5630000000001
nancy,8,100000,5000.3965,5265.96,265.5635000000002
lyon,8,100000,4886.2285,5151.759,265.53049999999985
lyon,8,100000,4891.9414,5157.4766,265.53520000000026
lyon,8,100000,4897.0044,5162.546,265.54160000000047
lyon,8,100000,4903.3433,5168.9,265.5566999999992
nancy,8,100000,5071.7437,5337.335,265.59130000000005
lyon,8,100000,4909.1006,5174.6167,265.5160999999998
nantes,8,100000,4865.854,5131.3574,265.5033999999996
nantes,8,100000,4871.8613,5137.3877,265.52640000000065
nantes,8,100000,4877.5923,5143.0474,265.45510000000013
nantes,8,100000,4884.0796,5149.6104,265.53079999999954
nantes,8,100000,4889.5615,5155.094,265.53250000000025
nancy,8,100000,4954.814,5220.404,265.59000000000015
nancy,8,100000,4958.559,5224.1953,265.6363000000001
nancy,8,100000,4962.697,5228.2812,265.58420000000024
nancy,8,100000,4966.7256,5232.362,265.6364000000003
nancy,8,100000,5075.258,5340.828,265.5700000000006
nancy,8,100000,4970.6323,5236.2197,265.58739999999943
nancy,8,100000,4945.2334,5210.828,265.59460000000036
nancy,8,100000,4948.902,5214.485,265.58299999999963
nancy,8,100000,4952.8115,5218.3955,265.58399999999983
nancy,8,100000,4956.5996,5222.1846,265.58500000000004
nancy,8,100000,4960.309,5225.899,265.59000000000015
lyon,8,100000,4833.9316,5099.44,265.5083999999997
lyon,8,100000,4840.3716,5105.8696,265.4979999999996
lyon,8,100000,4845.312,5110.82,265.5079999999998
lyon,8,100000,4851.666,5117.1562,265.4902000000002
nancy,8,100000,5079.0376,5344.6226,265.58500000000004
lyon,8,100000,4856.9478,5122.4927,265.54489999999987
nantes,8,100000,4783.5806,5049.0967,265.5160999999998
nantes,8,100000,4789.5366,5055.066,265.52939999999944
nantes,8,100000,4794.839,5060.307,265.46799999999985
nantes,8,100000,4801.5,5067.001,265.5010000000002
nantes,8,100000,4807.2363,5072.709,265.47270000000026
lyon,8,100000,4436.4,4701.9277,265.52770000000055
lyon,8,100000,4447.051,4712.646,265.59499999999935
lyon,8,100000,4457.3047,4722.881,265.57630000000063
lyon,8,100000,4469.447,4735.056,265.60899999999947
nancy,8,100000,5082.514,5348.103,265.58899999999994
lyon,8,100000,4479.807,4745.388,265.58100000000013
lyon,8,100000,4801.3164,5066.788,265.47159999999985
lyon,8,100000,4807.389,5072.897,265.5079999999998
lyon,8,100000,4812.6113,5078.0654,265.45410000000084
lyon,8,100000,4819.7856,5085.2744,265.4888000000001
lyon,8,100000,4825.323,5090.818,265.4949999999999
nantes,8,100000,4780.3447,5045.8984,265.5537000000004
nantes,8,100000,4787.275,5052.811,265.53600000000006
nantes,8,100000,4792.629,5058.1763,265.5473000000002
nantes,8,100000,4799.036,5064.5693,265.53330000000005
rennes,9,100000,4988.4067,5255.161,266.7543000000005
nancy,9,100000,5062.496,5329.3335,266.83749999999964
nantes,9,100000,4751.878,5018.6133,266.7353000000003
rennes,9,100000,4974.8174,5241.6055,266.78809999999976
rennes,9,100000,4978.956,5245.663,266.7069999999994
rennes,9,100000,4984.1978,5250.9453,266.7475000000004
rennes,9,100000,4989.2085,5255.9272,266.71870000000035
rennes,9,100000,4994.061,5260.828,266.76700000000073
rennes,9,100000,4947.9233,5214.6523,266.72899999999936
rennes,9,100000,4952.548,5219.316,266.76800000000003
rennes,9,100000,4957.428,5224.166,266.7380000000003
rennes,9,100000,4962.623,5229.386,266.76300000000083
rennes,9,100000,4992.851,5259.6123,266.7613000000001
rennes,9,100000,4966.8643,5233.593,266.72869999999966
rennes,9,100000,4941.822,5208.3706,266.5486000000001
rennes,9,100000,4946.6416,5213.441,266.7993999999999
rennes,9,100000,4951.06,5217.8716,266.8116
rennes,9,100000,4956.5146,5223.322,266.8073999999997
rennes,9,100000,4960.821,5227.6294,266.8083999999999
nancy,9,100000,4978.2104,5245.053,266.84259999999995
nancy,9,100000,4982.1304,5248.9736,266.84320000000025
nancy,9,100000,4986.013,5252.856,266.84299999999985
nancy,9,100000,4990.5327,5257.3765,266.84380000000056
rennes,9,100000,4997.589,5264.3525,266.7635
nancy,9,100000,4994.629,5261.48,266.85099999999966
nantes,9,100000,4863.359,5129.8613,266.5022999999992
nantes,9,100000,4869.51,5136.302,266.79199999999946
nantes,9,100000,4874.81,5141.571,266.7609999999995
nantes,9,100000,4881.5503,5148.3423,266.79200000000037
nantes,9,100000,4887.846,5154.6157,266.76970000000074
nantes,9,100000,4860.4653,5127.2183,266.7530000000006
nantes,9,100000,4866.622,5133.3745,266.7524999999996
nantes,9,100000,4872.4126,5139.1655,266.7529000000004
nantes,9,100000,4879.5586,5146.3306,266.77199999999993
rennes,9,100000,5002.544,5269.2993,266.7552999999998
nantes,9,100000,4884.731,5151.4917,266.7606999999998
rennes,9,100000,4888.362,5155.142,266.77999999999975
rennes,9,100000,4892.8447,5159.615,266.77030000000013
rennes,9,100000,4897.6704,5164.194,266.52360000000044
rennes,9,100000,4902.5083,5169.2563,266.7479999999996
rennes,9,100000,4907.1157,5173.872,266.7563
lyon,9,100000,4867.387,5133.9917,266.60469999999987
lyon,9,100000,4873.542,5140.4224,266.8804
lyon,9,100000,4879.0396,5145.833,266.79339999999956
lyon,9,100000,4885.245,5152.065,266.8199999999997
rennes,9,100000,5007.303,5274.08,266.77700000000004
lyon,9,100000,4890.6343,5157.427,266.79269999999997
nancy,9,100000,4919.1226,5185.926,266.8034000000007
nancy,9,100000,4922.9746,5189.7695,266.7949000000008
nancy,9,100000,4926.879,5193.634,266.7550000000001
nancy,9,100000,4930.977,5197.764,266.78700000000026
nancy,9,100000,4934.8936,5201.6904,266.7968000000001
lyon,9,100000,4831.804,5098.574,266.7699999999995
lyon,9,100000,4837.6606,5104.4224,266.7618000000002
lyon,9,100000,4842.659,5109.4297,266.77070000000003
lyon,9,100000,4849.8486,5116.6924,266.84379999999965
nancy,9,100000,5047.432,5314.2725,266.84050000000025
lyon,9,100000,4855.2446,5122.05,266.8054000000002
nantes,9,100000,4797.882,5064.6157,266.7337000000007
nantes,9,100000,4803.772,5070.6167,266.84469999999965
nantes,9,100000,4809.5244,5076.3447,266.8202999999994
nantes,9,100000,4816.9478,5083.79,266.84220000000005
nantes,9,100000,4821.7393,5088.5146,266.77530000000024
nancy,9,100000,4885.7715,5152.6245,266.85300000000007
nancy,9,100000,4889.5674,5156.4585,266.8910999999998
nancy,9,100000,4893.4653,5160.2905,266.8252000000002
nancy,9,100000,4897.3257,5164.146,266.8202999999994
nancy,9,100000,5050.9683,5317.823,266.85469999999987
nancy,9,100000,4901.068,5167.8887,266.8207000000002
nancy,9,100000,4868.9766,5135.7803,266.8037000000004
nancy,9,100000,4872.49,5139.293,266.8029999999999
nancy,9,100000,4876.4575,5143.258,266.8004999999994
nancy,9,100000,4880.2466,5147.0625,266.8158999999996
nancy,9,100000,4884.3613,5151.159,266.7977000000001
lyon,9,100000,4792.4473,5058.9155,266.46820000000025
lyon,9,100000,4798.4077,5065.1606,266.7529000000004
lyon,9,100000,4803.8887,5070.647,266.7582999999995
lyon,9,100000,4810.3594,5077.1577,266.7982999999995
nancy,9,100000,5054.941,5321.7754,266.83440000000064
lyon,9,100000,4815.9746,5082.747,266.77240000000074
nantes,9,100000,4728.8145,4995.592,266.77749999999924
nantes,9,100000,4734.79,5001.572,266.78200000000015
nantes,9,100000,4740.423,5007.211,266.78800000000047
nantes,9,100000,4747.3213,5014.159,266.83770000000004
nantes,9,100000,4752.957,5019.9473,266.9902999999995
lyon,9,100000,4362.1416,4628.99,266.84839999999986
lyon,9,100000,4372.9346,4639.755,266.8204000000005
lyon,9,100000,4383.608,4650.4424,266.83439999999973
lyon,9,100000,4394.8843,4661.709,266.8247000000001
nancy,9,100000,5058.755,5325.594,266.83899999999994
lyon,9,100000,4406.1035,4672.9155,266.8119999999999
lyon,9,100000,4743.3853,5010.2163,266.83100000000013
lyon,9,100000,4749.5874,5016.435,266.84760000000006
lyon,9,100000,4755.42,5022.244,266.8239999999996
lyon,9,100000,4762.2197,5029.06,266.84030000000075
lyon,9,100000,4768.0425,5034.8755,266.83300000000054
nantes,9,100000,4727.73,4994.531,266.8010000000004
nantes,9,100000,4734.2227,5000.8677,266.6449999999995
nantes,9,100000,4739.269,5005.975,266.70600000000013
nantes,9,100000,4746.272,5012.9985,266.72649999999976
rennes,0,1000000,4996.2646,7687.7446,2691.4799999999996
nancy,0,1000000,5072.157,7763.691,2691.5339999999997
nantes,0,1000000,4700.715,7392.1987,2691.4836999999998
rennes,0,1000000,4953.268,7644.777,2691.509
rennes,0,1000000,4957.8813,7649.3633,2691.482
rennes,0,1000000,4962.501,7654.0483,2691.5473
rennes,0,1000000,4967.2334,7658.7476,2691.5141999999996
rennes,0,1000000,4972.241,7663.7583,2691.5173000000004
rennes,0,1000000,4959.9966,7651.428,2691.4313999999995
rennes,0,1000000,4964.515,7656.0156,2691.5005999999994
rennes,0,1000000,4969.174,7660.6724,2691.4984000000004
rennes,0,1000000,4974.328,7665.843,2691.5149999999994
rennes,0,1000000,5000.8154,7692.277,2691.4615999999996
rennes,0,1000000,4978.7695,7670.2656,2691.4960999999994
rennes,0,1000000,4948.8687,7640.034,2691.1652999999997
rennes,0,1000000,4953.101,7644.583,2691.482
rennes,0,1000000,4958.371,7649.8237,2691.4527
rennes,0,1000000,4963.1807,7654.658,2691.4773000000005
rennes,0,1000000,4968.0137,7659.496,2691.4822999999997
nancy,0,1000000,4994.2656,7685.81,2691.5444000000007
nancy,0,1000000,4997.9497,7689.4937,2691.544
nancy,0,1000000,5001.8413,7693.3887,2691.5474000000004
nancy,0,1000000,5005.8,7697.3433,2691.5433000000003
rennes,0,1000000,5005.4297,7696.8906,2691.4609
nancy,0,1000000,5009.741,7701.29,2691.549
nantes,0,1000000,4888.958,7580.4155,2691.4575000000004
nantes,0,1000000,4894.158,7585.6167,2691.458699999999
nantes,0,1000000,4900.414,7591.925,2691.5110000000004
nantes,0,1000000,4906.4873,7597.9365,2691.4492
nantes,0,1000000,4912.961,7604.395,2691.434
nantes,0,1000000,4877.8364,7569.324,2691.4875999999995
nantes,0,1000000,4883.529,7575.0024,2691.4734
nantes,0,1000000,4889.1406,7580.608,2691.4674000000005
nantes,0,1000000,4896.23,7587.728,2691.4980000000005
rennes,0,1000000,5009.961,7701.4097,2691.4487
nantes,0,1000000,4901.6016,7593.071,2691.4694
rennes,0,1000000,4899.6455,7591.1357,2691.4902
rennes,0,1000000,4904.1875,7595.648,2691.4605
rennes,0,1000000,4908.5977,7600.086,2691.4883
rennes,0,1000000,4913.7773,7605.298,2691.5207
rennes,0,1000000,4918.609,7610.0933,2691.4843
lyon,0,1000000,4872.6655,7564.12,2691.4545
lyon,0,1000000,4878.7373,7570.2207,2691.4834
lyon,0,1000000,4883.879,7575.337,2691.4580000000005
lyon,0,1000000,4890.3945,7581.886,2691.4915
rennes,0,1000000,5014.82,7706.2764,2691.4564
lyon,0,1000000,4896.185,7587.6646,2691.4795999999997
nancy,0,1000000,4938.0693,7629.6074,2691.5380999999998
nancy,0,1000000,4941.7095,7633.2324,2691.5229
nancy,0,1000000,4945.44,7636.965,2691.5250000000005
nancy,0,1000000,4949.401,7640.92,2691.5190000000002
nancy,0,1000000,4953.169,7644.6914,2691.5224
lyon,0,1000000,4845.7007,7537.107,2691.4062999999996
lyon,0,1000000,4851.749,7543.204,2691.455
lyon,0,1000000,4856.84,7548.292,2691.452
lyon,0,1000000,4863.1406,7554.614,2691.4734
nancy,0,1000000,5056.12,7747.6504,2691.5304000000006
lyon,0,1000000,4868.6787,7560.137,2691.4582999999993
nantes,0,1000000,4814.353,7505.7725,2691.4195
nantes,0,1000000,4821.11,7512.4995,2691.3895
nantes,0,1000000,4826.176,7517.6045,2691.4285
nantes,0,1000000,4832.918,7524.3223,2691.4043
nantes,0,1000000,4838.2905,7529.75,2691.4595
nancy,0,1000000,4914.3647,7605.915,2691.5503
nancy,0,1000000,4918.0806,7609.626,2691.5454
nancy,0,1000000,4922.1074,7613.6514,2691.544
nancy,0,1000000,4926.07,7617.6147,2691.5447000000004
nancy,0,1000000,5059.943,7751.4824,2691.5393999999997
nancy,0,1000000,4929.9087,7621.4546,2691.5459
nancy,0,1000000,4890.5586,7582.107,2691.5483999999997
nancy,0,1000000,4894.2817,7585.8296,2691.5479000000005
nancy,0,1000000,4898.327,7589.876,2691.549
nancy,0,1000000,4902.3823,7593.931,2691.5486999999994
nancy,0,1000000,4906.206,7597.7544,2691.5483999999997
lyon,0,1000000,4778.399,7469.8926,2691.4936
lyon,0,1000000,4784.3696,7475.896,2691.5263999999997
lyon,0,1000000,4789.342,7480.844,2691.5020000000004
lyon,0,1000000,4795.7505,7487.2725,2691.522
nancy,0,1000000,5063.878,7755.4126,2691.5346
lyon,0,1000000,4801.117,7492.6045,2691.4875
nantes,0,1000000,4725.485,7416.9385,2691.4535000000005
nantes,0,1000000,4731.89,7423.3438,2691.4537999999993
nantes,0,1000000,4737.2983,7428.7554,2691.4570999999996
nantes,0,1000000,4744.2397,7435.6904,2691.4507000000003
nantes,0,1000000,4749.4478,7440.93,2691.4822000000004
lyon,0,1000000,4388.66,7080.104,2691.4440000000004
lyon,0,1000000,4400.193,7091.6406,2691.4475999999995
lyon,0,1000000,4410.772,7102.222,2691.45
lyon,0,1000000,4422.353,7113.8003,2691.4473
nancy,0,1000000,5068.0376,7759.569,2691.5314000000008
lyon,0,1000000,4432.9326,7124.37,2691.4374
lyon,0,1000000,4743.1455,7434.5786,2691.4331
lyon,0,1000000,4749.877,7441.2993,2691.4222999999993
lyon,0,1000000,4754.6475,7446.083,2691.4354999999996
lyon,0,1000000,4760.924,7452.354,2691.4300000000003
lyon,0,1000000,4766.1294,7457.5654,2691.4360000000006
nantes,0,1000000,4676.4834,7367.972,2691.4885999999997
nantes,0,1000000,4681.1934,7372.671,2691.4776
nantes,0,1000000,4688.788,7380.2725,2691.4845000000005
nantes,0,1000000,4694.79,7386.2817,2691.4916999999996
rennes,1,1000000,5036.8203,7732.873,2696.0526999999993
nancy,1,1000000,5118.36,7814.5005,2696.1405000000004
nantes,1,1000000,4800.6226,7496.366,2695.7434000000003
rennes,1,1000000,5011.082,7707.134,2696.0519999999997
rennes,1,1000000,5016.2085,7712.201,2695.9925000000003
rennes,1,1000000,5021.047,7717.061,2696.014
rennes,1,1000000,5026.1455,7721.804,2695.6585000000005
rennes,1,1000000,5030.4526,7726.4634,2696.0108
rennes,1,1000000,5014.19,7710.2583,2696.068300000001
rennes,1,1000000,5018.352,7714.4604,2696.1084
rennes,1,1000000,5022.967,7719.0654,2696.0984000000008
rennes,1,1000000,5028.077,7724.1753,2696.0982999999997
rennes,1,1000000,5041.5986,7737.3394,2695.7407999999996
rennes,1,1000000,5032.434,7728.524,2696.09
rennes,1,1000000,5004.2646,7700.366,2696.1013999999996
rennes,1,1000000,5009.408,7705.4736,2696.0656
rennes,1,1000000,5013.869,7709.9146,2696.0456000000004
rennes,1,1000000,5018.596,7714.697,2696.1010000000006
rennes,1,1000000,5024.0303,7720.103,2696.0726999999997
nancy,1,1000000,5068.991,7765.148,2696.157
nancy,1,1000000,5072.7144,7768.872,2696.1576000000005
nancy,1,1000000,5076.6797,7772.779,2696.0993000000008
nancy,1,1000000,5080.7104,7776.8657,2696.1553000000004
rennes,1,1000000,5046.146,7742.218,2696.072
nancy,1,1000000,5084.563,7780.719,2696.156
nantes,1,1000000,4944.707,7640.772,2696.0649999999996
nantes,1,1000000,4950.8237,7646.8867,2696.063
nantes,1,1000000,4956.4595,7652.5166,2696.0571
nantes,1,1000000,4963.032,7659.096,2696.0639999999994
nantes,1,1000000,4969.2373,7665.2744,2696.0371000000005
nantes,1,1000000,4923.73,7619.8306,2696.1006000000007
nantes,1,1000000,4929.4365,7625.524,2696.0875000000005
nantes,1,1000000,4934.7026,7630.7734,2696.0708000000004
nantes,1,1000000,4941.391,7637.4995,2696.1085000000003
rennes,1,1000000,5050.6196,7746.637,2696.0173999999997
nantes,1,1000000,4946.894,7642.9653,2696.0712999999996
rennes,1,1000000,4959.241,7655.3716,2696.1306000000004
rennes,1,1000000,4964.0444,7659.962,2695.9176000000007
rennes,1,1000000,4968.394,7664.5215,2696.1274999999996
rennes,1,1000000,4973.8135,7669.9175,2696.1039999999994
rennes,1,1000000,4978.615,7674.7085,2696.0935
lyon,1,1000000,4933.409,7629.383,2695.974
lyon,1,1000000,4938.1436,7634.2324,2696.0887999999995
lyon,1,1000000,4944.564,7640.613,2696.049
lyon,1,1000000,4950.2607,7646.34,2696.0793000000003
rennes,1,1000000,5055.4346,7751.524,2696.0894000000008
lyon,1,1000000,4955.592,7651.662,2696.0700000000006
nancy,1,1000000,5002.988,7699.1133,2696.1252999999997
nancy,1,1000000,5006.7607,7702.8823,2696.1216000000004
nancy,1,1000000,5010.7183,7706.8433,2696.125
nancy,1,1000000,5014.7036,7710.8325,2696.1289000000006
nancy,1,1000000,5018.828,7714.954,2696.1259999999993
lyon,1,1000000,4898.4526,7594.5396,2696.0870000000004
lyon,1,1000000,4904.9272,7601.0083,2696.0811000000003
lyon,1,1000000,4909.7793,7605.8667,2696.0873999999994
lyon,1,1000000,4916.577,7612.672,2696.0949999999993
nancy,1,1000000,5103.11,7799.2515,2696.1415000000006
lyon,1,1000000,4921.964,7618.0522,2696.0882
nantes,1,1000000,4877.005,7573.0674,2696.0624
nantes,1,1000000,4883.4614,7579.539,2696.0775999999996
nantes,1,1000000,4888.8066,7584.873,2696.0663999999997
nantes,1,1000000,4895.366,7591.443,2696.077
nantes,1,1000000,4901.381,7597.4507,2696.0697
nancy,1,1000000,4962.9473,7659.036,2696.0887000000002
nancy,1,1000000,4966.619,7662.71,2696.0910000000003
nancy,1,1000000,4970.564,7666.6523,2696.0882999999994
nancy,1,1000000,4974.7285,7670.8135,2696.085
nancy,1,1000000,5106.947,7803.0693,2696.1223
nancy,1,1000000,4978.703,7674.7905,2696.0874999999996
nancy,1,1000000,4959.612,7655.6646,2696.0526
nancy,1,1000000,4963.0117,7659.091,2696.0793000000003
nancy,1,1000000,4966.6265,7662.7095,2696.0829999999996
nancy,1,1000000,4970.559,7666.629,2696.0699999999997
nancy,1,1000000,4974.26,7670.3364,2696.0764
lyon,1,1000000,4844.944,7541.0264,2696.0823999999993
lyon,1,1000000,4851.037,7547.1035,2696.0665
lyon,1,1000000,4856.31,7552.127,2695.817
lyon,1,1000000,4862.484,7558.562,2696.0779999999995
nancy,1,1000000,5110.79,7806.913,2696.1229999999996
lyon,1,1000000,4867.7275,7563.7803,2696.0528000000004
nantes,1,1000000,4811.7134,7507.7935,2696.0801
nantes,1,1000000,4818.1104,7514.1914,2696.081
nantes,1,1000000,4823.1406,7519.2183,2696.0777000000007
nantes,1,1000000,4829.772,7525.8506,2696.0786
nantes,1,1000000,4835.514,7531.602,2696.0879999999997
lyon,1,1000000,4437.1714,7133.265,2696.0936
lyon,1,1000000,4448.6416,7144.7427,2696.1011
lyon,1,1000000,4458.7393,7154.8174,2696.0780999999997
lyon,1,1000000,4470.4854,7166.6304,2696.1450000000004
nancy,1,1000000,5114.7905,7810.9272,2696.1367
lyon,1,1000000,4480.94,7177.033,2696.0930000000008
lyon,1,1000000,4807.045,7503.1714,2696.1264
lyon,1,1000000,4812.944,7509.051,2696.107
lyon,1,1000000,4818.1704,7514.2407,2696.0703000000003
lyon,1,1000000,4823.4297,7519.5874,2696.1577000000007
lyon,1,1000000,4829.6826,7525.7856,2696.103
nantes,1,1000000,4777.622,7473.6455,2696.0234999999993
nantes,1,1000000,4782.3823,7478.4185,2696.0361999999996
nantes,1,1000000,4788.557,7484.583,2696.026
nantes,1,1000000,4794.5107,7490.523,2696.0123000000003
rennes,2,1000000,4959.381,7652.614,2693.2329999999993
nancy,2,1000000,5042.3584,7735.618,2693.2596000000003
nantes,2,1000000,4779.945,7473.173,2693.228
rennes,2,1000000,4963.2646,7656.456,2693.1913999999997
rennes,2,1000000,4967.6245,7660.876,2693.2515000000003
rennes,2,1000000,4973.064,7666.321,2693.2569999999996
rennes,2,1000000,4977.749,7670.968,2693.219
rennes,2,1000000,4982.829,7676.0645,2693.2355000000007
rennes,2,1000000,4951.8477,7644.91,2693.0622999999996
rennes,2,1000000,4955.987,7649.2764,2693.2893999999997
rennes,2,1000000,4961.205,7654.5156,2693.3106
rennes,2,1000000,4965.68,7658.976,2693.2959999999994
rennes,2,1000000,4964.046,7657.2427,2693.1966999999995
rennes,2,1000000,4970.799,7663.811,2693.0119999999997
rennes,2,1000000,4971.2676,7664.5254,2693.2578000000003
rennes,2,1000000,4976.199,7669.2383,2693.0393000000004
rennes,2,1000000,4980.8423,7674.087,2693.2447
rennes,2,1000000,4985.813,7679.0693,2693.2563
rennes,2,1000000,4990.2905,7683.5386,2693.2481
nancy,2,1000000,5019.2046,7712.4683,2693.2637000000004
nancy,2,1000000,5022.8047,7716.0576,2693.2529000000004
nancy,2,1000000,5026.82,7720.0845,2693.2645
nancy,2,1000000,5030.4243,7723.698,2693.2737000000006
rennes,2,1000000,4968.3296,7661.592,2693.2623999999996
nancy,2,1000000,5034.176,7727.444,2693.268
nantes,2,1000000,4914.091,7607.0854,2692.9943999999996
nantes,2,1000000,4920.001,7613.253,2693.2519999999995
nantes,2,1000000,4925.99,7619.266,2693.276
nantes,2,1000000,4933.011,7626.293,2693.2819999999992
nantes,2,1000000,4938.398,7631.619,2693.2209999999995
nantes,2,1000000,4905.4277,7598.6685,2693.2407999999996
nantes,2,1000000,4911.548,7604.813,2693.2650000000003
nantes,2,1000000,4916.854,7609.9946,2693.1405999999997
nantes,2,1000000,4923.318,7616.577,2693.259
rennes,2,1000000,4973.7935,7667.019,2693.2255000000005
nantes,2,1000000,4929.2886,7622.532,2693.2434000000003
rennes,2,1000000,4926.993,7620.2085,2693.2154999999993
rennes,2,1000000,4931.8247,7625.043,2693.2182999999995
rennes,2,1000000,4936.749,7629.957,2693.2080000000005
rennes,2,1000000,4941.3228,7634.5415,2693.2187000000004
rennes,2,1000000,4946.181,7639.374,2693.193
lyon,2,1000000,4899.182,7592.3643,2693.1823000000004
lyon,2,1000000,4905.3354,7598.5103,2693.1749
lyon,2,1000000,4910.3857,7603.5737,2693.188
lyon,2,1000000,4916.598,7609.8022,2693.2042
rennes,2,1000000,4977.941,7671.214,2693.273
lyon,2,1000000,4921.8306,7615.071,2693.2403999999997
nancy,2,1000000,4968.123,7661.3877,2693.2647000000006
nancy,2,1000000,4972.038,7665.3066,2693.2686000000003
nancy,2,1000000,4975.977,7669.245,2693.268
nancy,2,1000000,4979.722,7672.976,2693.254
nancy,2,1000000,4983.666,7676.934,2693.268
lyon,2,1000000,4876.48,7569.6167,2693.1367
lyon,2,1000000,4882.62,7575.7905,2693.1705
lyon,2,1000000,4887.606,7580.7637,2693.1577000000007
lyon,2,1000000,4893.855,7587.011,2693.156000000001
nancy,2,1000000,5027.401,7720.6597,2693.2587000000003
lyon,2,1000000,4898.6787,7591.79,2693.1112999999996
nantes,2,1000000,4837.9077,7531.124,2693.2163
nantes,2,1000000,4844.6484,7537.8657,2693.2173000000003
nantes,2,1000000,4850.3687,7543.561,2693.1922999999997
nantes,2,1000000,4856.7783,7549.998,2693.2196999999996
nantes,2,1000000,4862.4307,7555.6987,2693.268
nancy,2,1000000,4952.0874,7645.347,2693.2595999999994
nancy,2,1000000,4955.997,7649.2583,2693.2613
nancy,2,1000000,4960.08,7653.341,2693.2610000000004
nancy,2,1000000,4963.8022,7657.063,2693.2608
nancy,2,1000000,5031.35,7724.6074,2693.2573999999995
nancy,2,1000000,4967.786,7661.0503,2693.2643
nancy,2,1000000,4938.646,7631.898,2693.2520000000004
nancy,2,1000000,4942.316,7635.5625,2693.2465
nancy,2,1000000,4945.91,7639.159,2693.249
nancy,2,1000000,4949.9644,7643.215,2693.2506000000003
nancy,2,1000000,4954.3823,7647.632,2693.2496999999994
lyon,2,1000000,4829.299,7522.462,2693.1630000000005
lyon,2,1000000,4833.9634,7527.141,2693.1776
lyon,2,1000000,4840.6304,7533.7935,2693.1630999999998
lyon,2,1000000,4845.7837,7538.968,2693.1843
nancy,2,1000000,5035.0645,7728.323,2693.2585
lyon,2,1000000,4851.844,7545.026,2693.182
nantes,2,1000000,4801.92,7495.1343,2693.2142999999996
nantes,2,1000000,4808.2173,7501.4585,2693.2411999999995
nantes,2,1000000,4813.924,7507.139,2693.215
nantes,2,1000000,4820.684,7513.917,2693.233
nantes,2,1000000,4827.0444,7520.2524,2693.2080000000005
lyon,2,1000000,4421.787,7115.055,2693.268
lyon,2,1000000,4433.0835,7126.262,2693.1785
lyon,2,1000000,4443.8193,7137.0654,2693.2461000000003
lyon,2,1000000,4455.1655,7148.4014,2693.2358999999997
nancy,2,1000000,5038.748,7732.002,2693.254000000001
lyon,2,1000000,4465.948,7159.14,2693.192
lyon,2,1000000,4798.6846,7491.925,2693.2404000000006
lyon,2,1000000,4804.5796,7497.753,2693.1733999999997
lyon,2,1000000,4809.848,7503.0293,2693.1813
lyon,2,1000000,4816.102,7509.354,2693.2520000000004
lyon,2,1000000,4821.364,7514.5503,2693.1863000000003
nantes,2,1000000,4755.747,7448.9985,2693.2514999999994
nantes,2,1000000,4762.133,7455.343,2693.21
nantes,2,1000000,4767.404,7460.6323,2693.2282999999998
nantes,2,1000000,4773.7266,7466.969,2693.2424
rennes,3,1000000,4996.9,7687.723,2690.8230000000003
nancy,3,1000000,5059.9326,7750.8696,2690.937
nantes,3,1000000,4730.73,7421.522,2690.7920000000004
rennes,3,1000000,4972.8164,7663.324,2690.5076
rennes,3,1000000,4978.1367,7668.9546,2690.8179
rennes,3,1000000,4982.6284,7673.4497,2690.8213000000005
rennes,3,1000000,4987.638,7678.468,2690.83
rennes,3,1000000,4992.0635,7682.869,2690.8054999999995
rennes,3,1000000,4935.8975,7626.609,2690.7115000000003
rennes,3,1000000,4940.4663,7631.1733,2690.7070000000003
rennes,3,1000000,4944.8354,7635.595,2690.7596000000003
rennes,3,1000000,4949.956,7640.678,2690.7219999999998
rennes,3,1000000,5001.7036,7692.289,2690.5854
rennes,3,1000000,4954.84,7645.3843,2690.5442999999996
rennes,3,1000000,4925.791,7616.5977,2690.8067
rennes,3,1000000,4930.465,7621.2515,2690.7865
rennes,3,1000000,4935.1255,7625.9824,2690.8568999999998
rennes,3,1000000,4939.726,7630.59,2690.8640000000005
rennes,3,1000000,4944.6294,7635.414,2690.7846
nancy,3,1000000,4970.3506,7661.273,2690.9224000000004
nancy,3,1000000,4974.0703,7664.9326,2690.8623
nancy,3,1000000,4978.162,7669.0244,2690.8624
nancy,3,1000000,4982.291,7673.1587,2690.8677
rennes,3,1000000,5005.954,7696.7964,2690.8424000000005
nancy,3,1000000,4986.003,7676.8667,2690.8637
nantes,3,1000000,4870.4326,7561.1797,2690.7470999999996
nantes,3,1000000,4876.767,7567.517,2690.75
nantes,3,1000000,4882.2876,7573.069,2690.7814000000008
nantes,3,1000000,4888.7603,7579.5107,2690.7504
nantes,3,1000000,4894.8174,7585.5986,2690.7812000000004
nantes,3,1000000,4856.4165,7547.188,2690.7715
nantes,3,1000000,4862.763,7553.558,2690.795
nantes,3,1000000,4868.212,7558.9736,2690.7616
nantes,3,1000000,4874.491,7565.2856,2690.7946
rennes,3,1000000,5011.4487,7702.257,2690.8082999999997
nantes,3,1000000,4880.1357,7570.9,2690.7643
rennes,3,1000000,4868.8804,7559.682,2690.8016
rennes,3,1000000,4873.425,7564.2256,2690.8005999999996
rennes,3,1000000,4878.0728,7568.8813,2690.8085
rennes,3,1000000,4883.4487,7574.2573,2690.8086000000003
rennes,3,1000000,4887.8433,7578.6484,2690.8050999999996
lyon,3,1000000,4852.8066,7543.4053,2690.5987000000005
lyon,3,1000000,4858.487,7549.292,2690.8050000000003
lyon,3,1000000,4863.635,7554.398,2690.763
lyon,3,1000000,4869.913,7560.747,2690.8340000000007
rennes,3,1000000,5015.954,7706.7773,2690.8233
lyon,3,1000000,4876.3584,7566.741,2690.3826
nancy,3,1000000,4931.134,7621.9585,2690.8244999999997
nancy,3,1000000,4934.6714,7625.4634,2690.7919999999995
nancy,3,1000000,4938.2266,7629.03,2690.8034
nancy,3,1000000,4942.3164,7633.114,2690.7976
nancy,3,1000000,4945.8506,7636.645,2690.7944000000007
lyon,3,1000000,4828.2544,7519.0684,2690.8140000000003
lyon,3,1000000,4834.183,7524.9966,2690.8136000000004
lyon,3,1000000,4839.9736,7530.785,2690.8113999999996
lyon,3,1000000,4846.1914,7536.9985,2690.8071
nancy,3,1000000,5043.8076,7734.744,2690.9363999999996
lyon,3,1000000,4851.397,7542.2095,2690.8125
nantes,3,1000000,4803.121,7493.9185,2690.7974999999997
nantes,3,1000000,4807.769,7498.5747,2690.8057
nantes,3,1000000,4813.8047,7504.6025,2690.7978000000003
nantes,3,1000000,4820.775,7511.5938,2690.8188
nantes,3,1000000,4827.02,7517.8193,2690.7992999999997
nancy,3,1000000,4879.841,7570.6675,2690.826499999999
nancy,3,1000000,4883.585,7574.4214,2690.8364
nancy,3,1000000,4887.3433,7578.181,2690.837699999999
nancy,3,1000000,4891.295,7582.131,2690.8360000000002
nancy,3,1000000,5047.8643,7738.802,2690.9376999999995
nancy,3,1000000,4895.06,7585.902,2690.8419999999996
nancy,3,1000000,4871.646,7562.478,2690.8320000000003
nancy,3,1000000,4875.3965,7566.2314,2690.8349
nancy,3,1000000,4879.154,7569.988,2690.834
nancy,3,1000000,4883.552,7574.384,2690.8320000000003
nancy,3,1000000,4887.509,7578.3413,2690.8323
lyon,3,1000000,4778.338,7469.109,2690.7710000000006
lyon,3,1000000,4784.624,7475.3857,2690.7617
lyon,3,1000000,4789.3945,7480.1504,2690.7559
lyon,3,1000000,4796.1953,7486.9453,2690.75
nancy,3,1000000,5051.795,7742.732,2690.937
lyon,3,1000000,4801.6616,7492.478,2690.8163999999997
nantes,3,1000000,4721.113,7411.8906,2690.7775999999994
nantes,3,1000000,4726.39,7417.165,2690.7749999999996
nantes,3,1000000,4733.4204,7424.211,2690.7906000000003
nantes,3,1000000,4739.355,7430.135,2690.7800000000007
nantes,3,1000000,4746.9663,7437.7476,2690.7812999999996
lyon,3,1000000,4351.591,7042.416,2690.825
lyon,3,1000000,4362.035,7052.859,2690.8240000000005
lyon,3,1000000,4372.9326,7063.7407,2690.8081
lyon,3,1000000,4384.9126,7075.7373,2690.8247
nancy,3,1000000,5055.764,7746.7,2690.9359999999997
lyon,3,1000000,4395.8677,7086.6704,2690.8027
lyon,3,1000000,4740.3003,7431.0864,2690.7861000000003
lyon,3,1000000,4747.066,7437.8506,2690.7846
lyon,3,1000000,4752.2446,7443.023,2690.7784
lyon,3,1000000,4758.651,7449.4404,2690.7894000000006
lyon,3,1000000,4764.5815,7455.3545,2690.773
nantes,3,1000000,4706.972,7397.768,2690.7960000000003
nantes,3,1000000,4713.1245,7403.9214,2690.7969000000003
nantes,3,1000000,4718.226,7409.0244,2690.7984000000006
nantes,3,1000000,4725.3228,7416.129,2690.8062
rennes,4,1000000,4972.5293,5971.7676,999.2383
nancy,4,1000000,5028.6816,6028.2476,999.5659999999998
nantes,4,1000000,4709.769,5709.184,999.415
rennes,4,1000000,4922.185,5921.625,999.4399999999996
rennes,4,1000000,4926.7817,5926.218,999.4363000000003
rennes,4,1000000,4932.0723,5931.5264,999.4540999999999
rennes,4,1000000,4936.236,5935.707,999.4710000000005
rennes,4,1000000,4941.556,5941.011,999.4550000000008
rennes,4,1000000,4901.263,5900.6104,999.3473999999997
rennes,4,1000000,4906.0063,5905.3755,999.3692000000001
rennes,4,1000000,4910.777,5910.1436,999.3666000000003
rennes,4,1000000,4915.768,5915.176,999.4080000000004
rennes,4,1000000,4977.407,5976.819,999.4120000000003
rennes,4,1000000,4920.24,5919.6216,999.3816000000006
rennes,4,1000000,4887.182,5886.7046,999.5226000000002
rennes,4,1000000,4891.6963,5891.2485,999.5522000000001
rennes,4,1000000,4896.577,5896.0825,999.5055000000002
rennes,4,1000000,4901.016,5900.568,999.5520000000006
rennes,4,1000000,4906.485,5906.056,999.5709999999999
nancy,4,1000000,4946.2573,5945.791,999.5337
nancy,4,1000000,4950.138,5949.735,999.5969999999998
nancy,4,1000000,4953.9307,5953.4834,999.5527000000002
nancy,4,1000000,4957.826,5957.408,999.5820000000003
rennes,4,1000000,4982.034,5981.4453,999.4113000000007
nancy,4,1000000,4961.6714,5961.25,999.5785999999998
nantes,4,1000000,4843.859,5843.368,999.509
nantes,4,1000000,4849.615,5849.124,999.509
nantes,4,1000000,4855.48,5854.787,999.3070000000007
nantes,4,1000000,4862.0557,5861.5874,999.5317000000005
nantes,4,1000000,4868.3203,5867.8228,999.5024999999996
nantes,4,1000000,4828.4497,5827.98,999.5302999999994
nantes,4,1000000,4834.995,5834.5166,999.5216
nantes,4,1000000,4839.787,5839.302,999.5149999999994
nantes,4,1000000,4846.9165,5846.4277,999.5111999999999
rennes,4,1000000,4987.3467,5986.7314,999.3846999999996
nantes,4,1000000,4852.885,5852.401,999.5159999999996
rennes,4,1000000,4862.581,5862.159,999.5779999999995
rennes,4,1000000,4866.858,5866.4033,999.5452999999998
rennes,4,1000000,4871.9355,5871.5103,999.5748000000003
rennes,4,1000000,4877.1484,5876.717,999.5685999999996
rennes,4,1000000,4881.4375,5881.0234,999.5859
lyon,4,1000000,4825.6323,5824.8794,999.2470999999996
lyon,4,1000000,4831.332,5830.926,999.594
lyon,4,1000000,4836.6553,5836.2163,999.5609999999997
lyon,4,1000000,4843.0366,5842.5566,999.5199999999995
rennes,4,1000000,4991.905,5991.318,999.4130000000005
lyon,4,1000000,4849.256,5848.7207,999.4646999999995
nancy,4,1000000,4894.8506,5894.2046,999.3540000000003
nancy,4,1000000,4898.684,5898.0146,999.3306000000002
nancy,4,1000000,4902.771,5902.1016,999.3306000000002
nancy,4,1000000,4906.7144,5906.041,999.3266000000003
nancy,4,1000000,4910.3496,5909.6665,999.3169000000007
lyon,4,1000000,4772.2627,5771.4766,999.2138999999997
lyon,4,1000000,4778.465,5777.9297,999.4646999999995
lyon,4,1000000,4783.3794,5782.9023,999.5228999999999
lyon,4,1000000,4789.5986,5789.091,999.4924000000001
nancy,4,1000000,5012.7246,6012.255,999.5304000000006
lyon,4,1000000,4794.8477,5794.3335,999.4857999999995
nantes,4,1000000,4758.1978,5757.656,999.4582
nantes,4,1000000,4763.9155,5763.4097,999.4942000000001
nantes,4,1000000,4769.4297,5768.897,999.4673000000003
nantes,4,1000000,4775.4165,5774.9873,999.5707999999995
nantes,4,1000000,4781.6816,5781.247,999.5654000000004
nancy,4,1000000,4870.3594,5869.645,999.2856000000002
nancy,4,1000000,4873.8794,5873.1646,999.2852000000003
nancy,4,1000000,4877.6094,5876.914,999.3045999999995
nancy,4,1000000,4881.5957,5880.871,999.2753000000002
nancy,4,1000000,5016.3584,6015.864,999.5055999999995
nancy,4,1000000,4885.6313,5884.962,999.3307000000004
nancy,4,1000000,4861.8135,5861.1704,999.3568999999998
nancy,4,1000000,4866.028,5865.388,999.3599999999997
nancy,4,1000000,4869.8896,5869.2505,999.3608999999997
nancy,4,1000000,4874.044,5873.3906,999.3465999999999
nancy,4,1000000,4878.116,5877.464,999.348
lyon,4,1000000,4748.6772,5748.3105,999.6332999999995
lyon,4,1000000,4754.9644,5754.5527,999.5883000000003
lyon,4,1000000,4760.239,5759.8335,999.5945000000002
lyon,4,1000000,4766.616,5766.1826,999.5666000000001
nancy,4,1000000,5020.495,6020.0293,999.5343000000003
lyon,4,1000000,4771.9316,5771.532,999.6004000000003
nantes,4,1000000,4714.103,5713.6157,999.5127000000002
nantes,4,1000000,4719.243,5718.7925,999.5494999999992
nantes,4,1000000,4726.002,5725.6455,999.6434999999992
nantes,4,1000000,4731.655,5731.276,999.6210000000001
nantes,4,1000000,4737.8823,5737.4277,999.5454
lyon,4,1000000,4360.2993,5359.9165,999.6172000000006
lyon,4,1000000,4371.1074,5370.7427,999.6352999999999
lyon,4,1000000,4381.6714,5381.2925,999.6210999999994
lyon,4,1000000,4393.3887,5393.032,999.6432999999997
nancy,4,1000000,5024.61,6024.141,999.531
lyon,4,1000000,4404.2075,5403.8506,999.6430999999993
lyon,4,1000000,4731.0024,5730.601,999.5985999999994
lyon,4,1000000,4736.9604,5736.7485,999.7880999999998
lyon,4,1000000,4741.9673,5741.75,999.7826999999997
lyon,4,1000000,4748.113,5747.68,999.567
lyon,4,1000000,4753.6216,5753.2173,999.5956999999999
nantes,4,1000000,4684.9194,5684.356,999.4366
nantes,4,1000000,4691.0312,5690.463,999.4317999999994
nantes,4,1000000,4697.0464,5696.439,999.3926000000001
nantes,4,1000000,4703.5254,5702.9707,999.4452999999994
rennes,5,1000000,4984.284,7683.466,2699.1820000000007
nancy,5,1000000,5031.7773,7731.208,2699.4307
nantes,5,1000000,4760.5796,7460.061,2699.4813999999997
rennes,5,1000000,4941.4365,7640.8926,2699.4561000000003
rennes,5,1000000,4946.7144,7646.141,2699.4266
rennes,5,1000000,4951.171,7650.6196,2699.4485999999997
rennes,5,1000000,4956.6587,7656.097,2699.4383
rennes,5,1000000,4961.4,7660.838,2699.438
rennes,5,1000000,4931.0605,7630.474,2699.4135000000006
rennes,5,1000000,4935.3687,7634.8,2699.4313
rennes,5,1000000,4939.9526,7639.38,2699.4274000000005
rennes,5,1000000,4945.1416,7644.602,2699.4604
rennes,5,1000000,4988.4946,7687.9663,2699.4717
rennes,5,1000000,4949.6924,7649.125,2699.4326
rennes,5,1000000,4935.258,7634.7485,2699.4905
rennes,5,1000000,4939.882,7639.3604,2699.4784
rennes,5,1000000,4944.7817,7644.2686,2699.486900000001
rennes,5,1000000,4949.8374,7649.324,2699.4865999999993
rennes,5,1000000,4954.6885,7654.1577,2699.4691999999995
nancy,5,1000000,4974.8433,7674.2812,2699.4379
nancy,5,1000000,4978.4023,7677.8433,2699.4410000000007
nancy,5,1000000,4982.551,7681.992,2699.441
nancy,5,1000000,4986.5815,7686.02,2699.4385
rennes,5,1000000,4992.8726,7692.338,2699.4654
nancy,5,1000000,4990.3613,7689.8,2699.4387000000006
nantes,5,1000000,4867.0786,7566.5425,2699.4638999999997
nantes,5,1000000,4873.149,7572.6826,2699.5335999999998
nantes,5,1000000,4878.678,7578.204,2699.526
nantes,5,1000000,4885.0024,7584.495,2699.4925999999996
nantes,5,1000000,4891.2944,7590.8286,2699.5342
nantes,5,1000000,4873.208,7572.643,2699.4350000000004
nantes,5,1000000,4879.336,7578.783,2699.447
nantes,5,1000000,4884.7104,7583.971,2699.2605999999996
nantes,5,1000000,4890.4717,7589.918,2699.4462999999996
rennes,5,1000000,4998.1187,7697.5894,2699.4707
nantes,5,1000000,4896.8086,7596.227,2699.4183999999996
rennes,5,1000000,4905.984,7605.4175,2699.433499999999
rennes,5,1000000,4910.469,7609.931,2699.4619999999995
rennes,5,1000000,4915.219,7614.674,2699.455
rennes,5,1000000,4919.955,7619.4014,2699.4464
rennes,5,1000000,4924.5747,7624.0347,2699.46
lyon,5,1000000,4870.042,7569.3667,2699.324699999999
lyon,5,1000000,4876.167,7575.5576,2699.3905999999997
lyon,5,1000000,4881.579,7580.91,2699.331
lyon,5,1000000,4888.227,7587.6104,2699.3833999999997
rennes,5,1000000,5002.379,7701.817,2699.438
lyon,5,1000000,4893.635,7592.9873,2699.3522999999996
nancy,5,1000000,4954.94,7654.394,2699.4540000000006
nancy,5,1000000,4958.5776,7658.022,2699.4444000000003
nancy,5,1000000,4962.4106,7661.869,2699.4583999999995
nancy,5,1000000,4966.2397,7665.6953,2699.4556000000002
nancy,5,1000000,4970.205,7669.661,2699.456
lyon,5,1000000,4850.84,7549.976,2699.1359999999995
lyon,5,1000000,4856.7783,7556.1616,2699.3833000000004
lyon,5,1000000,4861.9434,7561.3433,2699.3999000000003
lyon,5,1000000,4868.2407,7567.6396,2699.3989
nancy,5,1000000,5016.3926,7715.8237,2699.4311
lyon,5,1000000,4873.8276,7573.2163,2699.3887000000004
nantes,5,1000000,4808.3315,7507.7974,2699.4659
nantes,5,1000000,4814.504,7513.987,2699.483
nantes,5,1000000,4819.711,7519.1787,2699.4677
nantes,5,1000000,4826.253,7525.7246,2699.4716
nantes,5,1000000,4832.0254,7531.4897,2699.4642999999996
nancy,5,1000000,4913.3823,7612.806,2699.4236999999994
nancy,5,1000000,4917.4683,7616.921,2699.4527
nancy,5,1000000,4921.271,7620.7227,2699.4517000000005
nancy,5,1000000,4924.945,7624.3984,2699.4534000000003
nancy,5,1000000,5020.226,7719.6787,2699.4527000000007
nancy,5,1000000,4928.963,7628.4644,2699.5014
nancy,5,1000000,4914.094,7613.533,2699.4390000000003
nancy,5,1000000,4917.9087,7617.3545,2699.4458000000004
nancy,5,1000000,4921.933,7621.3706,2699.4376
nancy,5,1000000,4925.8066,7625.274,2699.4674000000005
nancy,5,1000000,4929.443,7628.878,2699.4349999999995
lyon,5,1000000,4798.0786,7497.477,2699.3984
lyon,5,1000000,4804.284,7503.6904,2699.4064000000008
lyon,5,1000000,4809.24,7508.636,2699.3960000000006
lyon,5,1000000,4815.621,7515.025,2699.4039999999995
nancy,5,1000000,5024.06,7723.4927,2699.4326999999994
lyon,5,1000000,4821.4067,7520.809,2699.4023000000007
nantes,5,1000000,4767.1313,7466.59,2699.4587
nantes,5,1000000,4773.269,7472.7124,2699.4434
nantes,5,1000000,4778.578,7478.0444,2699.4663999999993
nantes,5,1000000,4785.346,7484.7954,2699.4494000000004
nantes,5,1000000,4790.7456,7490.206,2699.4604
lyon,5,1000000,4398.1074,7097.495,2699.3876
lyon,5,1000000,4409.333,7108.746,2699.4130000000005
lyon,5,1000000,4420.2354,7119.618,2699.382600000001
lyon,5,1000000,4432.1367,7131.5435,2699.4067999999997
nancy,5,1000000,5027.9473,7727.3774,2699.4301000000005
lyon,5,1000000,4442.3516,7141.734,2699.3824000000004
lyon,5,1000000,4776.8965,7476.3228,2699.4263
lyon,5,1000000,4782.3677,7481.7993,2699.4316
lyon,5,1000000,4788.1377,7487.551,2699.4133
lyon,5,1000000,4794.534,7493.9746,2699.4406
lyon,5,1000000,4800.163,7499.569,2699.406000000001
nantes,5,1000000,4736.183,7435.6396,2699.4566000000004
nantes,5,1000000,4742.6753,7442.1187,2699.4434
nantes,5,1000000,4748.506,7447.968,2699.4619999999995
nantes,5,1000000,4755.293,7454.7495,2699.4565000000002
rennes,6,1000000,5010.255,7699.895,2689.6400000000003
nancy,6,1000000,5085.404,7775.072,2689.6679999999997
nantes,6,1000000,4774.787,7464.4595,2689.6724999999997
rennes,6,1000000,4992.923,7682.591,2689.6680000000006
rennes,6,1000000,4997.764,7687.4106,2689.6466
rennes,6,1000000,5002.4565,7692.126,2689.6695
rennes,6,1000000,5007.552,7697.185,2689.6330000000007
rennes,6,1000000,5011.989,7701.6445,2689.6555000000008
rennes,6,1000000,4991.9043,7681.572,2689.6677
rennes,6,1000000,4996.594,7686.281,2689.687
rennes,6,1000000,5001.302,7690.984,2689.6820000000007
rennes,6,1000000,5005.9434,7695.6396,2689.6962000000003
rennes,6,1000000,5015.155,7704.7656,2689.6106
rennes,6,1000000,5010.7925,7700.481,2689.6885
rennes,6,1000000,4967.4556,7657.1265,2689.6709
rennes,6,1000000,4972.0923,7661.769,2689.6767
rennes,6,1000000,4976.3916,7666.0522,2689.6606
rennes,6,1000000,4981.563,7671.2163,2689.6533
rennes,6,1000000,4986.3223,7675.96,2689.6377
nancy,6,1000000,5023.474,7713.173,2689.6989999999996
nancy,6,1000000,5027.3696,7717.0464,2689.6768
nancy,6,1000000,5031.063,7720.7593,2689.6962999999996
nancy,6,1000000,5034.8135,7724.51,2689.6965
rennes,6,1000000,5019.642,7709.2783,2689.6363
nancy,6,1000000,5038.683,7728.3784,2689.6953999999996
nantes,6,1000000,4890.825,7580.4365,2689.6115
nantes,6,1000000,4896.11,7585.804,2689.6940000000004
nantes,6,1000000,4902.4644,7592.18,2689.7156000000004
nantes,6,1000000,4908.3564,7598.05,2689.6936000000005
nantes,6,1000000,4914.4243,7604.135,2689.7107000000005
nantes,6,1000000,4890.5054,7580.1514,2689.6459999999997
nantes,6,1000000,4895.865,7585.4966,2689.6316000000006
nantes,6,1000000,4901.361,7590.98,2689.6189999999997
nantes,6,1000000,4908.1577,7597.8135,2689.6558000000005
rennes,6,1000000,5025.1016,7714.704,2689.6023999999998
nantes,6,1000000,4913.5996,7603.23,2689.6304
rennes,6,1000000,4915.1484,7604.8687,2689.7203
rennes,6,1000000,4920.074,7609.602,2689.5280000000002
rennes,6,1000000,4924.2275,7613.9507,2689.7232000000004
rennes,6,1000000,4929.926,7619.616,2689.6899999999996
rennes,6,1000000,4934.3,7624.007,2689.7069999999994
lyon,6,1000000,4884.846,7574.5024,2689.6564000000008
lyon,6,1000000,4891.162,7580.8066,2689.6445999999996
lyon,6,1000000,4896.157,7585.808,2689.651
lyon,6,1000000,4902.636,7592.286,2689.6499999999996
rennes,6,1000000,5029.809,7719.431,2689.6219999999994
lyon,6,1000000,4907.5415,7597.222,2689.6804999999995
nancy,6,1000000,4949.7627,7639.4663,2689.7036
nancy,6,1000000,4953.576,7643.2627,2689.6867
nancy,6,1000000,4957.8745,7647.561,2689.6865
nancy,6,1000000,4961.8354,7651.524,2689.6886000000004
nancy,6,1000000,4965.811,7655.5,2689.6890000000003
lyon,6,1000000,4867.965,7557.566,2689.6009999999997
lyon,6,1000000,4873.8945,7563.5317,2689.637199999999
lyon,6,1000000,4878.9717,7568.595,2689.6233
lyon,6,1000000,4885.27,7574.9272,2689.6571999999996
nancy,6,1000000,5070.013,7759.7046,2689.6916
lyon,6,1000000,4890.7417,7580.3486,2689.6069000000007
nantes,6,1000000,4821.9326,7511.616,2689.6834
nantes,6,1000000,4827.596,7517.264,2689.6680000000006
nantes,6,1000000,4833.825,7523.5015,2689.6765000000005
nantes,6,1000000,4838.9995,7528.675,2689.6755000000003
nantes,6,1000000,4845.1147,7534.793,2689.6782999999996
nancy,6,1000000,4931.347,7621.0415,2689.6945000000005
nancy,6,1000000,4934.81,7624.503,2689.6929999999993
nancy,6,1000000,4939.048,7628.7407,2689.6927000000005
nancy,6,1000000,4942.698,7632.3926,2689.6946
nancy,6,1000000,5073.7544,7763.4287,2689.6743000000006
nancy,6,1000000,4946.4795,7636.1855,2689.705999999999
nancy,6,1000000,4919.86,7609.543,2689.683
nancy,6,1000000,4923.4307,7613.143,2689.7123
nancy,6,1000000,4927.4463,7617.1265,2689.6802000000007
nancy,6,1000000,4931.231,7620.998,2689.767
nancy,6,1000000,4935.0693,7624.748,2689.6786999999995
lyon,6,1000000,4810.2407,7499.8555,2689.6147999999994
lyon,6,1000000,4816.264,7505.8926,2689.6286
lyon,6,1000000,4821.1914,7510.8013,2689.6099000000004
lyon,6,1000000,4827.4575,7517.1035,2689.6459999999997
nancy,6,1000000,5077.575,7767.2705,2689.6955
lyon,6,1000000,4833.1846,7522.812,2689.6274000000003
nantes,6,1000000,4762.5454,7452.2305,2689.6850999999997
nantes,6,1000000,4768.1733,7457.8604,2689.687099999999
nantes,6,1000000,4774.3843,7464.0703,2689.6860000000006
nantes,6,1000000,4781.159,7470.882,2689.723
nantes,6,1000000,4787.1543,7476.882,2689.7276999999995
lyon,6,1000000,4410.4834,7100.1416,2689.6582
lyon,6,1000000,4420.8315,7110.522,2689.6904999999997
lyon,6,1000000,4431.8774,7121.5366,2689.6592
lyon,6,1000000,4443.198,7132.8765,2689.6785
nancy,6,1000000,5081.4224,7771.093,2689.6705999999995
lyon,6,1000000,4454.09,7143.7324,2689.6423999999997
lyon,6,1000000,4778.924,7468.4653,2689.5413
lyon,6,1000000,4784.666,7474.233,2689.567
lyon,6,1000000,4789.9155,7479.451,2689.5355
lyon,6,1000000,4796.171,7485.7373,2689.5662999999995
lyon,6,1000000,4801.9995,7491.5376,2689.5380999999998
nantes,6,1000000,4751.467,7440.876,2689.4090000000006
nantes,6,1000000,4756.5205,7446.193,2689.6725000000006
nantes,6,1000000,4762.0415,7451.67,2689.6285
nantes,6,1000000,4768.8574,7458.544,2689.6866
rennes,7,1000000,4990.169,5992.2417,1002.0726999999997
nancy,7,1000000,5096.937,6099.3223,1002.3852999999999
nantes,7,1000000,4803.2607,5805.389,1002.1283000000003
rennes,7,1000000,4988.3555,5990.661,1002.3055000000004
rennes,7,1000000,4993.0107,5995.257,1002.2462999999998
rennes,7,1000000,4997.9214,6000.188,1002.2665999999999
rennes,7,1000000,5002.4956,6004.7754,1002.2798000000003
rennes,7,1000000,5007.504,6009.793,1002.2889999999998
rennes,7,1000000,4994.511,5996.7905,1002.2794999999996
rennes,7,1000000,4999.125,6001.389,1002.2640000000001
rennes,7,1000000,5004.2256,6006.5146,1002.2890000000007
rennes,7,1000000,5009.0117,6011.274,1002.2623000000003
rennes,7,1000000,4994.5186,5996.8174,1002.2987999999996
rennes,7,1000000,5013.518,6015.807,1002.2889999999998
rennes,7,1000000,4981.003,5983.341,1002.3380000000006
rennes,7,1000000,4985.9126,5987.966,1002.0534000000007
rennes,7,1000000,4990.0664,5992.436,1002.3696
rennes,7,1000000,4995.272,5997.6094,1002.3374000000003
rennes,7,1000000,4999.676,6002.0,1002.3239999999996
nancy,7,1000000,5034.255,6036.6006,1002.3455999999996
nancy,7,1000000,5037.759,6040.1963,1002.4372999999996
nancy,7,1000000,5041.4937,6043.846,1002.3522999999996
nancy,7,1000000,5045.1597,6047.531,1002.3712999999998
rennes,7,1000000,4999.16,6001.4473,1002.2873
nancy,7,1000000,5049.057,6051.4014,1002.3444
nantes,7,1000000,4914.697,5916.9307,1002.2336999999998
nantes,7,1000000,4919.631,5921.8623,1002.2312999999995
nantes,7,1000000,4925.854,5928.039,1002.1849999999995
nantes,7,1000000,4931.8545,5934.0312,1002.1767
nantes,7,1000000,4938.11,5940.253,1002.143
nantes,7,1000000,4910.087,5912.377,1002.29
nantes,7,1000000,4916.2817,5918.4985,1002.2168000000001
nantes,7,1000000,4922.3237,5924.2793,1001.9556000000002
nantes,7,1000000,4928.221,5930.442,1002.2210000000005
rennes,7,1000000,5003.236,6005.5347,1002.2987000000003
nantes,7,1000000,4933.7666,5935.9756,1002.2089999999998
rennes,7,1000000,4937.998,5940.254,1002.2560000000003
rennes,7,1000000,4942.181,5944.4805,1002.2995000000001
rennes,7,1000000,4947.4336,5949.7524,1002.3188
rennes,7,1000000,4952.126,5954.412,1002.2860000000001
rennes,7,1000000,4957.2866,5959.5337,1002.2470999999996
lyon,7,1000000,4898.3867,5900.7295,1002.3428000000004
lyon,7,1000000,4904.7207,5906.636,1001.9153000000006
lyon,7,1000000,4909.447,5911.784,1002.3369999999995
lyon,7,1000000,4915.7554,5918.093,1002.3375999999998
rennes,7,1000000,5009.2334,6011.519,1002.2856000000002
lyon,7,1000000,4920.7065,5923.048,1002.3414999999995
nancy,7,1000000,4976.889,5979.4043,1002.5153
nancy,7,1000000,4980.541,5983.044,1002.5029999999997
nancy,7,1000000,4984.356,5986.8564,1002.5003999999999
nancy,7,1000000,4988.143,5990.646,1002.5029999999997
nancy,7,1000000,4992.129,5994.6333,1002.5043000000005
lyon,7,1000000,4883.4487,5885.81,1002.3613000000005
lyon,7,1000000,4890.0728,5892.4204,1002.3476
lyon,7,1000000,4894.991,5897.3916,1002.4005999999999
lyon,7,1000000,4902.0303,5904.363,1002.3326999999999
nancy,7,1000000,5081.137,6083.522,1002.3850000000002
lyon,7,1000000,4907.745,5910.1123,1002.3672999999999
nantes,7,1000000,4844.292,5846.5063,1002.2142999999996
nantes,7,1000000,4850.2554,5852.475,1002.2196000000004
nantes,7,1000000,4855.822,5858.0312,1002.2092000000002
nantes,7,1000000,4862.3286,5864.5503,1002.2217
nantes,7,1000000,4868.3833,5870.5933,1002.21
nancy,7,1000000,4952.3237,5954.806,1002.4822999999997
nancy,7,1000000,4956.101,5958.552,1002.451
nancy,7,1000000,4960.201,5962.7144,1002.5133999999998
nancy,7,1000000,4964.275,5966.7485,1002.4735000000001
nancy,7,1000000,5085.255,6087.6597,1002.4047
nancy,7,1000000,4968.239,5970.774,1002.5350000000008
nancy,7,1000000,4945.4893,5947.929,1002.4396999999999
nancy,7,1000000,4949.191,5951.643,1002.4520000000002
nancy,7,1000000,4952.982,5955.4424,1002.4603999999999
nancy,7,1000000,4957.074,5959.5596,1002.4856
nancy,7,1000000,4960.8555,5963.2896,1002.4341000000004
lyon,7,1000000,4844.0234,5846.3315,1002.3081000000002
lyon,7,1000000,4850.068,5852.3657,1002.2977000000001
lyon,7,1000000,4855.611,5857.9175,1002.3064999999997
lyon,7,1000000,4861.8916,5864.1875,1002.2959000000001
nancy,7,1000000,5089.2324,6091.6196,1002.3872000000001
lyon,7,1000000,4867.191,5869.5205,1002.3294999999998
nantes,7,1000000,4798.407,5800.6113,1002.2042999999994
nantes,7,1000000,4804.3906,5806.5815,1002.1909000000005
nantes,7,1000000,4810.1323,5812.337,1002.2047000000002
nantes,7,1000000,4816.8125,5818.988,1002.1755000000003
nantes,7,1000000,4822.969,5825.1655,1002.1965
lyon,7,1000000,4440.453,5442.9165,1002.4634999999998
lyon,7,1000000,4450.581,5452.984,1002.4030000000002
lyon,7,1000000,4461.1064,5463.514,1002.4076000000005
lyon,7,1000000,4473.032,5475.376,1002.344
nancy,7,1000000,5093.0615,6095.445,1002.3834999999999
lyon,7,1000000,4484.5107,5486.841,1002.3303000000005
lyon,7,1000000,4798.448,5800.7803,1002.3323
lyon,7,1000000,4804.645,5806.96,1002.3149999999996
lyon,7,1000000,4810.241,5812.607,1002.366
lyon,7,1000000,4816.378,5818.711,1002.3330000000005
lyon,7,1000000,4821.991,5824.3247,1002.3337000000001
nantes,7,1000000,4779.8716,5782.0117,1002.1400999999996
nantes,7,1000000,4786.071,5788.176,1002.1050000000005
nantes,7,1000000,4791.3086,5793.431,1002.1223999999993
nantes,7,1000000,4797.5566,5799.713,1002.1563999999998
rennes,8,1000000,4907.629,7614.319,2706.6900000000005
nancy,8,1000000,5080.9126,7787.7793,2706.8667000000005
nantes,8,1000000,4684.1904,7390.9375,2706.7470999999996
rennes,8,1000000,4892.812,7599.594,2706.782
rennes,8,1000000,4897.312,7604.082,2706.7700000000004
rennes,8,1000000,4901.986,7608.766,2706.7799999999997
rennes,8,1000000,4907.566,7614.352,2706.786
rennes,8,1000000,4912.391,7619.185,2706.794000000001
rennes,8,1000000,4869.383,7576.078,2706.6950000000006
rennes,8,1000000,4873.8433,7580.556,2706.712699999999
rennes,8,1000000,4878.4053,7585.1133,2706.7079999999996
rennes,8,1000000,4883.683,7590.4214,2706.7384
rennes,8,1000000,4912.5967,7619.278,2706.6813
rennes,8,1000000,4888.732,7595.452,2706.7200000000003
rennes,8,1000000,4847.247,7554.0303,2706.7833
rennes,8,1000000,4851.8457,7558.6147,2706.7690000000002
rennes,8,1000000,4856.4023,7563.161,2706.7587000000003
rennes,8,1000000,4861.4014,7568.158,2706.7566000000006
rennes,8,1000000,4865.8213,7572.5825,2706.761200000001
nancy,8,1000000,4924.4893,7631.3877,2706.8984
nancy,8,1000000,4928.137,7635.0537,2706.9167000000007
nancy,8,1000000,4932.376,7639.272,2706.8959999999997
nancy,8,1000000,4936.346,7643.248,2706.902
rennes,8,1000000,4917.466,7624.1846,2706.7185999999992
nancy,8,1000000,4940.323,7647.2207,2706.8976999999995
nantes,8,1000000,4782.93,7489.2617,2706.3316999999997
nantes,8,1000000,4788.803,7495.5894,2706.7864
nantes,8,1000000,4794.4116,7501.1714,2706.7598
nantes,8,1000000,4800.4644,7507.2485,2706.7841
nantes,8,1000000,4806.879,7513.408,2706.5290000000005
nantes,8,1000000,4788.255,7495.0137,2706.7587000000003
nantes,8,1000000,4793.2573,7499.958,2706.7006999999994
nantes,8,1000000,4799.6685,7506.4155,2706.7470000000003
nantes,8,1000000,4805.4346,7512.1797,2706.7451
rennes,8,1000000,4922.74,7629.212,2706.4720000000007
nantes,8,1000000,4811.147,7517.85,2706.7030000000004
rennes,8,1000000,4815.7104,7522.4697,2706.7592999999997
rennes,8,1000000,4820.359,7527.1157,2706.7567
rennes,8,1000000,4825.0864,7531.579,2706.4925999999996
rennes,8,1000000,4830.2646,7537.0293,2706.7646999999997
rennes,8,1000000,4834.797,7541.5225,2706.7255000000005
lyon,8,1000000,4795.861,7502.7227,2706.8617000000004
lyon,8,1000000,4802.649,7509.102,2706.4529999999995
lyon,8,1000000,4807.286,7514.1406,2706.8545999999997
lyon,8,1000000,4813.952,7520.783,2706.831
rennes,8,1000000,4927.188,7633.899,2706.7110000000002
lyon,8,1000000,4819.165,7526.047,2706.8819999999996
nancy,8,1000000,4884.904,7591.7866,2706.8826
nancy,8,1000000,4888.5557,7595.4663,2706.9106
nancy,8,1000000,4892.2837,7599.1924,2706.9087
nancy,8,1000000,4896.181,7603.09,2706.9090000000006
nancy,8,1000000,4899.7817,7606.7334,2706.9517000000005
lyon,8,1000000,4794.2466,7501.0225,2706.7758999999996
lyon,8,1000000,4800.7886,7507.5454,2706.7568
lyon,8,1000000,4806.3296,7513.115,2706.7853999999998
lyon,8,1000000,4812.7764,7519.5806,2706.8042000000005
nancy,8,1000000,5065.5615,7772.432,2706.8705
lyon,8,1000000,4818.108,7524.8896,2706.7816000000003
nantes,8,1000000,4771.5522,7478.3667,2706.8144999999995
nantes,8,1000000,4777.932,7484.6553,2706.7233000000006
nantes,8,1000000,4783.571,7490.3286,2706.7576
nantes,8,1000000,4789.988,7496.724,2706.736
nantes,8,1000000,4795.145,7501.959,2706.8139999999994
nancy,8,1000000,4853.152,7560.053,2706.901
nancy,8,1000000,4856.922,7563.805,2706.8830000000007
nancy,8,1000000,4860.736,7567.6294,2706.8934
nancy,8,1000000,4864.791,7571.6704,2706.8794
nancy,8,1000000,5069.288,7776.17,2706.8820000000005
nancy,8,1000000,4868.6377,7575.5205,2706.8827999999994
nancy,8,1000000,4835.6577,7542.553,2706.8953
nancy,8,1000000,4839.2256,7546.1196,2706.8940000000002
nancy,8,1000000,4843.1733,7550.0693,2706.8959999999997
nancy,8,1000000,4847.0967,7553.9697,2706.8729999999996
nancy,8,1000000,4850.7954,7557.6953,2706.8999000000003
lyon,8,1000000,4710.021,7416.7837,2706.7627
lyon,8,1000000,4716.2266,7423.0654,2706.8388000000004
lyon,8,1000000,4721.4463,7428.2153,2706.7690000000002
lyon,8,1000000,4728.3657,7435.148,2706.7823
nancy,8,1000000,5073.211,7780.056,2706.8449999999993
lyon,8,1000000,4733.6147,7440.42,2706.8053
nantes,8,1000000,4679.5728,7386.346,2706.7731999999996
nantes,8,1000000,4686.166,7392.929,2706.763
nantes,8,1000000,4691.5312,7398.3145,2706.7833
nantes,8,1000000,4698.8345,7405.6084,2706.7739
nantes,8,1000000,4704.326,7411.1025,2706.7765
lyon,8,1000000,4328.516,7035.402,2706.8860000000004
lyon,8,1000000,4338.7715,7045.6323,2706.8608000000004
lyon,8,1000000,4349.941,7056.8135,2706.8725000000004
lyon,8,1000000,4360.6694,7067.529,2706.8596000000007
nancy,8,1000000,5077.044,7783.8794,2706.8354
lyon,8,1000000,4371.7695,7078.634,2706.8644999999997
lyon,8,1000000,4675.159,7382.11,2706.951
lyon,8,1000000,4681.0117,7387.867,2706.8553
lyon,8,1000000,4686.1016,7392.9785,2706.8769
lyon,8,1000000,4692.751,7399.649,2706.898
lyon,8,1000000,4697.8735,7404.7407,2706.8672000000006
nantes,8,1000000,4660.578,7367.3325,2706.7545
nantes,8,1000000,4666.6963,7373.4653,2706.7690000000002
nantes,8,1000000,4672.089,7378.8394,2706.7504
nantes,8,1000000,4678.553,7385.319,2706.7660000000005
rennes,9,1000000,5002.8423,7704.9746,2702.1322999999993
nancy,9,1000000,5082.526,7787.852,2705.326
nantes,9,1000000,4798.4766,7500.385,2701.9084000000003
rennes,9,1000000,4976.234,7678.3447,2702.1106999999993
rennes,9,1000000,4980.9624,7682.9844,2702.022
rennes,9,1000000,4985.386,7687.534,2702.1479999999992
rennes,9,1000000,4990.555,7692.619,2702.0639999999994
rennes,9,1000000,4995.428,7697.575,2702.147
rennes,9,1000000,4971.5625,7673.6445,2702.0820000000003
rennes,9,1000000,4976.5967,7678.582,2701.9853000000003
rennes,9,1000000,4980.598,7682.6885,2702.0905000000002
rennes,9,1000000,4986.086,7688.158,2702.072
rennes,9,1000000,5007.6206,7709.71,2702.0894
rennes,9,1000000,4990.9253,7692.963,2702.0377
rennes,9,1000000,4954.3057,7656.479,2702.1733000000004
rennes,9,1000000,4959.131,7661.2886,2702.1575999999995
rennes,9,1000000,4963.423,7665.581,2702.1580000000004
rennes,9,1000000,4968.746,7670.9033,2702.1573
rennes,9,1000000,4973.3833,7675.528,2702.1447
nancy,9,1000000,5027.9326,7733.239,2705.3063999999995
nancy,9,1000000,5031.716,7737.011,2705.295
nancy,9,1000000,5035.8184,7741.1235,2705.3050999999996
nancy,9,1000000,5039.739,7745.0454,2705.3064000000004
rennes,9,1000000,5012.279,7714.3823,2702.1032999999998
nancy,9,1000000,5043.9644,7749.273,2705.3086000000003
nantes,9,1000000,4900.11,7602.196,2702.0860000000002
nantes,9,1000000,4906.799,7608.8345,2702.0355
nantes,9,1000000,4911.734,7613.8267,2702.0926999999992
nantes,9,1000000,4918.7334,7620.7686,2702.0352000000003
nantes,9,1000000,4924.2246,7626.25,2702.0254000000004
nantes,9,1000000,4895.2417,7597.334,2702.0923000000003
nantes,9,1000000,4901.523,7603.5684,2702.0454
nantes,9,1000000,4906.7246,7608.8076,2702.0830000000005
nantes,9,1000000,4913.7886,7615.846,2702.0573999999997
rennes,9,1000000,5017.5576,7719.604,2702.0464
nantes,9,1000000,4919.8667,7621.9316,2702.0649000000003
rennes,9,1000000,4920.4478,7622.5376,2702.0897999999997
rennes,9,1000000,4924.7227,7626.815,2702.0922999999993
rennes,9,1000000,4930.1562,7632.254,2702.0977999999996
rennes,9,1000000,4934.615,7636.731,2702.116
rennes,9,1000000,4939.7065,7641.7905,2702.084
lyon,9,1000000,4882.8813,7587.7163,2704.835
lyon,9,1000000,4888.453,7593.761,2705.308
lyon,9,1000000,4893.751,7599.01,2705.259
lyon,9,1000000,4899.9673,7605.2563,2705.2889999999998
rennes,9,1000000,5022.237,7724.348,2702.111
lyon,9,1000000,4905.403,7610.653,2705.25
nancy,9,1000000,4970.601,7675.895,2705.294000000001
nancy,9,1000000,4974.3486,7679.6333,2705.2847
nancy,9,1000000,4978.5356,7683.8384,2705.3027999999995
nancy,9,1000000,4982.502,7687.786,2705.2839999999997
nancy,9,1000000,4986.9062,7692.1885,2705.2823
lyon,9,1000000,4891.532,7596.489,2704.9569999999994
lyon,9,1000000,4897.571,7602.8267,2705.2556999999997
lyon,9,1000000,4902.924,7608.181,2705.2569999999996
lyon,9,1000000,4908.4487,7613.742,2705.2933000000003
nancy,9,1000000,5067.0654,7772.392,2705.3265999999994
lyon,9,1000000,4914.6626,7619.956,2705.2934000000005
nantes,9,1000000,4859.977,7561.986,2702.009
nantes,9,1000000,4866.183,7568.206,2702.023
nantes,9,1000000,4871.2803,7573.29,2702.0096999999996
nantes,9,1000000,4878.1147,7580.143,2702.0283
nantes,9,1000000,4883.8057,7585.6064,2701.8007
nancy,9,1000000,4949.959,7655.264,2705.3050000000003
nancy,9,1000000,4953.8057,7659.107,2705.3013
nancy,9,1000000,4957.736,7663.0356,2705.2996000000003
nancy,9,1000000,4962.048,7667.351,2705.303
nancy,9,1000000,5070.9336,7776.2544,2705.3207999999995
nancy,9,1000000,4965.911,7671.213,2705.3019999999997
nancy,9,1000000,4939.905,7645.18,2705.2750000000005
nancy,9,1000000,4943.517,7648.79,2705.273
nancy,9,1000000,4947.5625,7652.866,2705.3035
nancy,9,1000000,4951.349,7656.638,2705.2889999999998
nancy,9,1000000,4955.312,7660.6123,2705.3003
lyon,9,1000000,4837.449,7542.7314,2705.2824
lyon,9,1000000,4842.513,7547.467,2704.9539999999997
lyon,9,1000000,4847.9272,7553.187,2705.2598
lyon,9,1000000,4854.4126,7559.6826,2705.2700000000004
nancy,9,1000000,5074.728,7780.055,2705.327
lyon,9,1000000,4859.7188,7565.0327,2705.3139
nantes,9,1000000,4790.674,7492.768,2702.094
nantes,9,1000000,4797.3853,7499.4604,2702.0751
nantes,9,1000000,4802.3813,7504.4746,2702.0932999999995
nantes,9,1000000,4809.1343,7511.2134,2702.0791
nantes,9,1000000,4814.7393,7516.8433,2702.1040000000003
lyon,9,1000000,4429.489,7134.7974,2705.308400000001
lyon,9,1000000,4439.788,7145.0874,2705.299400000001
lyon,9,1000000,4451.004,7156.231,2705.227
lyon,9,1000000,4462.7744,7168.0747,2705.3003
nancy,9,1000000,5078.5396,7783.8643,2705.3247
lyon,9,1000000,4473.881,7179.155,2705.2739999999994
lyon,9,1000000,4797.809,7503.098,2705.2889999999998
lyon,9,1000000,4804.4453,7509.6885,2705.2432
lyon,9,1000000,4809.149,7514.409,2705.2599999999993
lyon,9,1000000,4816.3306,7521.6143,2705.2837
lyon,9,1000000,4821.777,7527.0522,2705.2752
nantes,9,1000000,4774.446,7476.553,2702.107
nantes,9,1000000,4780.0703,7482.188,2702.1177
nantes,9,1000000,4786.1826,7488.259,2702.0764
nantes,9,1000000,4792.6636,7494.7827,2702.1191
rennes,0,10000000,4993.676,21503.357,16509.681
nancy,0,10000000,5059.141,21556.729,16497.588
nantes,0,10000000,4759.6714,21269.643,16509.9716
rennes,0,10000000,4951.466,21461.213,16509.747
rennes,0,10000000,4955.928,21465.656,16509.728
rennes,0,10000000,4960.3804,21470.107,16509.7266
rennes,0,10000000,4965.7383,21475.438,16509.699699999997
rennes,0,10000000,4970.229,21479.951,16509.722
rennes,0,10000000,4925.5933,21435.236,16509.6427
rennes,0,10000000,4930.2397,21439.88,16509.6403
rennes,0,10000000,4934.7007,21444.332,16509.631299999997
rennes,0,10000000,4939.7153,21449.377,16509.6617
rennes,0,10000000,4998.1533,21507.91,16509.756699999998
rennes,0,10000000,4944.2227,21453.885,16509.662299999996
rennes,0,10000000,4929.5566,21439.41,16509.8534
rennes,0,10000000,4934.2334,21444.092,16509.8586
rennes,0,10000000,4938.969,21448.855,16509.886
rennes,0,10000000,4944.0474,21453.889,16509.8416
rennes,0,10000000,4948.383,21458.26,16509.877
nancy,0,10000000,4987.6465,21485.324,16497.6775
nancy,0,10000000,4991.3994,21489.002,16497.6026
nancy,0,10000000,4995.3604,21493.076,16497.715600000003
nancy,0,10000000,4999.2886,21496.928,16497.6394
rennes,0,10000000,5002.9253,21512.615,16509.689700000003
nancy,0,10000000,5003.219,21500.898,16497.679
nantes,0,10000000,4866.86,21376.797,16509.936999999998
nantes,0,10000000,4873.0977,21382.945,16509.8473
nantes,0,10000000,4878.617,21388.479,16509.862
nantes,0,10000000,4885.2803,21395.182,16509.901700000002
nantes,0,10000000,4890.738,21400.594,16509.856
nantes,0,10000000,4857.6665,21367.549,16509.8825
nantes,0,10000000,4864.007,21373.902,16509.894999999997
nantes,0,10000000,4869.201,21379.125,16509.924
nantes,0,10000000,4875.5073,21385.34,16509.8327
rennes,0,10000000,5007.917,21517.67,16509.752999999997
nantes,0,10000000,4881.371,21391.203,16509.832000000002
rennes,0,10000000,4881.3354,21391.16,16509.8246
rennes,0,10000000,4886.001,21395.832,16509.831
rennes,0,10000000,4890.6953,21400.521,16509.8257
rennes,0,10000000,4895.89,21405.725,16509.835
rennes,0,10000000,4900.3237,21410.215,16509.8913
lyon,0,10000000,4866.207,21363.688,16497.481
lyon,0,10000000,4872.2856,21369.844,16497.5584
lyon,0,10000000,4877.4536,21374.941,16497.487399999998
lyon,0,10000000,4883.6587,21381.172,16497.5133
rennes,0,10000000,5012.398,21522.215,16509.817
lyon,0,10000000,4889.2637,21386.836,16497.5723
nancy,0,10000000,4932.5337,21430.037,16497.5033
nancy,0,10000000,4936.27,21433.775,16497.505
nancy,0,10000000,4940.135,21437.63,16497.495000000003
nancy,0,10000000,4943.961,21441.475,16497.514
nancy,0,10000000,4948.146,21445.64,16497.494
lyon,0,10000000,4848.429,21345.584,16497.155
lyon,0,10000000,4854.4287,21351.957,16497.528299999998
lyon,0,10000000,4859.5986,21357.186,16497.5874
lyon,0,10000000,4865.7817,21363.273,16497.4913
nancy,0,10000000,5044.1787,21541.773,16497.5943
lyon,0,10000000,4871.3667,21368.926,16497.5593
nantes,0,10000000,4805.2812,21315.26,16509.978799999997
nantes,0,10000000,4811.763,21321.691,16509.928
nantes,0,10000000,4816.931,21326.947,16510.016
nantes,0,10000000,4823.754,21333.691,16509.936999999998
nantes,0,10000000,4829.636,21339.604,16509.968
nancy,0,10000000,4901.0293,21398.695,16497.665699999998
nancy,0,10000000,4904.4067,21402.045,16497.6383
nancy,0,10000000,4908.979,21406.617,16497.638
nancy,0,10000000,4912.909,21410.557,16497.648
nancy,0,10000000,5047.605,21545.213,16497.608
nancy,0,10000000,4917.1035,21414.764,16497.660499999998
nancy,0,10000000,4891.021,21388.713,16497.692
nancy,0,10000000,4894.575,21392.27,16497.695
nancy,0,10000000,4898.4077,21396.102,16497.6943
nancy,0,10000000,4902.1646,21399.848,16497.6834
nancy,0,10000000,4906.1084,21403.805,16497.6966
lyon,0,10000000,4781.1543,21278.736,16497.581700000002
lyon,0,10000000,4787.2686,21284.84,16497.5714
lyon,0,10000000,4792.7314,21290.355,16497.6236
lyon,0,10000000,4799.51,21297.121,16497.610999999997
nancy,0,10000000,5051.4536,21549.05,16497.5964
lyon,0,10000000,4804.9976,21302.602,16497.6044
nantes,0,10000000,4763.6875,21273.521,16509.8335
nantes,0,10000000,4768.511,21278.438,16509.926999999996
nantes,0,10000000,4775.5127,21285.432,16509.9193
nantes,0,10000000,4780.5103,21290.45,16509.939700000003
nantes,0,10000000,4787.579,21297.418,16509.839
lyon,0,10000000,4387.6646,20885.291,16497.6264
lyon,0,10000000,4398.7314,20896.16,16497.4286
lyon,0,10000000,4409.469,20907.133,16497.664
lyon,0,10000000,4420.7095,20918.357,16497.6475
nancy,0,10000000,5055.337,21552.94,16497.603
lyon,0,10000000,4432.388,20930.018,16497.63
lyon,0,10000000,4768.931,21266.564,16497.632999999998
lyon,0,10000000,4774.402,21272.049,16497.646999999997
lyon,0,10000000,4779.795,21277.467,16497.672
lyon,0,10000000,4786.469,21284.113,16497.644
lyon,0,10000000,4791.8853,21289.525,16497.6397
nantes,0,10000000,4737.2188,21246.824,16509.6052
nantes,0,10000000,4741.619,21251.62,16510.001
nantes,0,10000000,4748.312,21258.225,16509.913
nantes,0,10000000,4754.3223,21264.26,16509.9377
rennes,1,10000000,4994.0137,21598.451,16604.4373
nancy,1,10000000,5082.311,21691.473,16609.162000000004
nantes,1,10000000,4716.8413,21321.39,16604.5487
rennes,1,10000000,4956.678,21561.338,16604.66
rennes,1,10000000,4961.4775,21566.13,16604.6525
rennes,1,10000000,4966.373,21571.01,16604.637
rennes,1,10000000,4971.4355,21576.053,16604.6175
rennes,1,10000000,4975.8555,21580.445,16604.589500000002
rennes,1,10000000,4933.1895,21537.438,16604.248499999998
rennes,1,10000000,4938.688,21543.086,16604.398
rennes,1,10000000,4942.9565,21547.297,16604.3405
rennes,1,10000000,4948.056,21552.428,16604.372
rennes,1,10000000,4998.6353,21603.045,16604.409699999997
rennes,1,10000000,4952.5913,21557.695,16605.1037
rennes,1,10000000,4882.163,21486.518,16604.355
rennes,1,10000000,4887.404,21491.342,16603.938000000002
rennes,1,10000000,4891.5083,21496.295,16604.786699999997
rennes,1,10000000,4896.6636,21501.098,16604.434400000002
rennes,1,10000000,4901.322,21506.285,16604.963
nancy,1,10000000,4961.0015,21569.854,16608.8525
nancy,1,10000000,4964.676,21573.543,16608.867000000002
nancy,1,10000000,4968.393,21577.27,16608.877
nancy,1,10000000,4972.584,21581.455,16608.871000000003
rennes,1,10000000,5003.4346,21607.852,16604.4174
nancy,1,10000000,4976.605,21585.486,16608.881
nantes,1,10000000,4847.136,21451.66,16604.523999999998
nantes,1,10000000,4853.4897,21458.01,16604.520299999996
nantes,1,10000000,4858.6777,21463.164,16604.4863
nantes,1,10000000,4864.9766,21469.469,16604.492400000003
nantes,1,10000000,4870.7056,21476.004,16605.2984
nantes,1,10000000,4832.14,21436.762,16604.622
nantes,1,10000000,4838.761,21443.33,16604.569000000003
nantes,1,10000000,4844.5674,21449.18,16604.6126
nantes,1,10000000,4851.785,21456.402,16604.617
rennes,1,10000000,5007.8203,21612.246,16604.4257
nantes,1,10000000,4857.7266,21462.348,16604.621400000004
rennes,1,10000000,4824.186,21428.652,16604.466
rennes,1,10000000,4828.6284,21433.066,16604.437599999997
rennes,1,10000000,4833.117,21437.531,16604.413999999997
rennes,1,10000000,4838.4546,21442.81,16604.3554
rennes,1,10000000,4842.8457,21447.188,16604.342299999997
lyon,1,10000000,4834.1074,21442.77,16608.6626
lyon,1,10000000,4840.294,21449.062,16608.768000000004
lyon,1,10000000,4845.692,21454.336,16608.644
lyon,1,10000000,4851.9614,21460.637,16608.6756
rennes,1,10000000,5013.3447,21617.496,16604.151299999998
lyon,1,10000000,4857.7236,21466.408,16608.6844
nancy,1,10000000,4899.324,21507.822,16608.498
nancy,1,10000000,4903.092,21511.564,16608.471999999998
nancy,1,10000000,4907.3057,21515.775,16608.4693
nancy,1,10000000,4911.3706,21519.855,16608.4844
nancy,1,10000000,4915.2837,21523.762,16608.4783
lyon,1,10000000,4789.389,21398.395,16609.006
lyon,1,10000000,4795.5254,21404.61,16609.084600000002
lyon,1,10000000,4800.583,21409.652,16609.069
lyon,1,10000000,4806.7803,21415.787,16609.006699999998
nancy,1,10000000,5066.7104,21675.885,16609.1746
lyon,1,10000000,4812.4688,21421.486,16609.017200000002
nantes,1,10000000,4777.114,21382.719,16605.605000000003
nantes,1,10000000,4782.6597,21387.467,16604.8073
nantes,1,10000000,4788.161,21393.896,16605.735
nantes,1,10000000,4794.3794,21399.145,16604.7656
nantes,1,10000000,4800.203,21404.94,16604.736999999997
nancy,1,10000000,4867.1323,21476.05,16608.917699999998
nancy,1,10000000,4870.8247,21479.717,16608.8923
nancy,1,10000000,4875.107,21484.0,16608.893
nancy,1,10000000,4879.0034,21487.914,16608.910600000003
nancy,1,10000000,5070.5527,21679.781,16609.2283
nancy,1,10000000,4883.2495,21492.133,16608.883500000004
nancy,1,10000000,4860.344,21469.238,16608.894
nancy,1,10000000,4863.9277,21473.152,16609.224299999998
nancy,1,10000000,4867.846,21476.738,16608.892
nancy,1,10000000,4871.459,21480.367,16608.908
nancy,1,10000000,4875.2783,21484.188,16608.909699999997
lyon,1,10000000,4748.4253,21357.105,16608.6797
lyon,1,10000000,4754.059,21362.896,16608.837
lyon,1,10000000,4758.935,21367.76,16608.824999999997
lyon,1,10000000,4765.934,21374.78,16608.845999999998
nancy,1,10000000,5074.4434,21683.615,16609.1716
lyon,1,10000000,4770.936,21379.734,16608.798000000003
nantes,1,10000000,4704.9185,21309.37,16604.4515
nantes,1,10000000,4711.201,21315.736,16604.535
nantes,1,10000000,4716.514,21321.002,16604.488
nantes,1,10000000,4723.281,21327.793,16604.512000000002
nantes,1,10000000,4728.678,21333.092,16604.414
lyon,1,10000000,4343.862,20953.072,16609.21
lyon,1,10000000,4354.2925,20963.55,16609.2575
lyon,1,10000000,4365.487,20974.69,16609.202999999998
lyon,1,10000000,4376.363,20985.662,16609.299
nancy,1,10000000,5078.56,21687.719,16609.159
lyon,1,10000000,4386.89,20996.137,16609.247
lyon,1,10000000,4722.5547,21331.344,16608.7893
lyon,1,10000000,4728.7393,21337.5,16608.7607
lyon,1,10000000,4733.6133,21342.236,16608.6227
lyon,1,10000000,4739.538,21348.336,16608.798
lyon,1,10000000,4745.269,21354.049,16608.78
nantes,1,10000000,4692.4453,21297.064,16604.6187
nantes,1,10000000,4698.7104,21303.316,16604.6056
nantes,1,10000000,4704.6714,21309.076,16604.4046
nantes,1,10000000,4711.237,21315.854,16604.617
rennes,2,10000000,5027.5947,20263.479,15235.8843
nancy,2,10000000,5081.4575,20328.775,15247.317500000001
nantes,2,10000000,4802.5283,20038.338,15235.8097
rennes,2,10000000,5000.836,20236.742,15235.905999999999
rennes,2,10000000,5005.2964,20241.184,15235.887600000002
rennes,2,10000000,5009.695,20245.58,15235.885000000002
rennes,2,10000000,5014.994,20250.926,15235.932
rennes,2,10000000,5019.2993,20255.215,15235.915700000001
rennes,2,10000000,4979.9907,20215.934,15235.9433
rennes,2,10000000,4984.847,20220.787,15235.94
rennes,2,10000000,4989.5723,20225.504,15235.931700000001
rennes,2,10000000,4994.131,20230.068,15235.936999999998
rennes,2,10000000,5032.826,20268.998,15236.171999999999
rennes,2,10000000,4999.025,20234.963,15235.938
rennes,2,10000000,4978.3286,20214.273,15235.9444
rennes,2,10000000,4983.095,20219.066,15235.970999999998
rennes,2,10000000,4987.6904,20223.637,15235.9466
rennes,2,10000000,4992.912,20228.86,15235.948
rennes,2,10000000,4997.4,20233.598,15236.198000000002
nancy,2,10000000,5024.49,20271.89,15247.4
nancy,2,10000000,5028.1987,20275.615,15247.4163
nancy,2,10000000,5031.992,20279.438,15247.445999999998
nancy,2,10000000,5036.07,20283.475,15247.404999999999
rennes,2,10000000,5037.1636,20273.164,15236.0004
nancy,2,10000000,5039.8516,20287.295,15247.443399999998
nantes,2,10000000,4900.8306,20136.652,15235.821399999997
nantes,2,10000000,4907.4424,20143.3,15235.8576
nantes,2,10000000,4912.9326,20148.766,15235.8334
nantes,2,10000000,4919.2705,20155.111,15235.840500000002
nantes,2,10000000,4924.4526,20160.275,15235.822400000001
nantes,2,10000000,4892.831,20128.768,15235.937
nantes,2,10000000,4899.003,20135.105,15236.101999999999
nantes,2,10000000,4904.4517,20140.465,15236.0133
nantes,2,10000000,4911.0444,20147.045,15236.0006
rennes,2,10000000,5042.287,20278.28,15235.992999999999
nantes,2,10000000,4916.695,20152.639,15235.944
rennes,2,10000000,4926.4116,20162.441,15236.0294
rennes,2,10000000,4931.0264,20167.012,15235.9856
rennes,2,10000000,4935.191,20171.266,15236.075
rennes,2,10000000,4940.5933,20176.61,15236.0167
rennes,2,10000000,4945.1753,20181.174,15235.9987
lyon,2,10000000,4891.038,20138.309,15247.271
lyon,2,10000000,4895.558,20142.816,15247.257999999998
lyon,2,10000000,4901.4634,20148.633,15247.169600000001
lyon,2,10000000,4907.999,20155.174,15247.175
rennes,2,10000000,5047.0957,20283.018,15235.9223
lyon,2,10000000,4913.448,20160.559,15247.111
nancy,2,10000000,4963.1733,20210.37,15247.196699999999
nancy,2,10000000,4967.246,20214.447,15247.201000000001
nancy,2,10000000,4971.167,20218.367,15247.199999999997
nancy,2,10000000,4975.3374,20222.53,15247.192599999998
nancy,2,10000000,4979.309,20226.496,15247.186999999998
lyon,2,10000000,4884.4067,20131.656,15247.2493
lyon,2,10000000,4889.039,20136.338,15247.298999999999
lyon,2,10000000,4895.4907,20142.758,15247.267300000001
lyon,2,10000000,4901.0396,20148.334,15247.294399999999
nancy,2,10000000,5066.502,20313.822,15247.32
lyon,2,10000000,4907.133,20154.438,15247.304999999998
nantes,2,10000000,4835.1406,20071.102,15235.9614
nantes,2,10000000,4840.521,20076.486,15235.965
nantes,2,10000000,4846.9834,20082.951,15235.9676
nantes,2,10000000,4852.53,20088.475,15235.945
nantes,2,10000000,4858.8765,20094.85,15235.973499999998
nancy,2,10000000,4936.9536,20184.324,15247.3704
nancy,2,10000000,4940.624,20187.951,15247.327000000001
nancy,2,10000000,4944.361,20191.734,15247.373
nancy,2,10000000,4948.5376,20195.885,15247.347399999999
nancy,2,10000000,5070.162,20317.467,15247.305
nancy,2,10000000,4952.278,20199.605,15247.327
nancy,2,10000000,4925.3228,20172.809,15247.486200000001
nancy,2,10000000,4928.923,20176.367,15247.444
nancy,2,10000000,4932.5605,20180.006,15247.445500000002
nancy,2,10000000,4936.249,20183.748,15247.499
nancy,2,10000000,4940.3037,20187.787,15247.4833
lyon,2,10000000,4825.707,20073.0,15247.293
lyon,2,10000000,4830.8975,20078.137,15247.2395
lyon,2,10000000,4837.67,20084.938,15247.267999999998
lyon,2,10000000,4842.694,20089.982,15247.288
nancy,2,10000000,5073.928,20321.229,15247.301
lyon,2,10000000,4848.804,20096.002,15247.198
nantes,2,10000000,4779.206,20015.041,15235.835000000001
nantes,2,10000000,4785.41,20021.264,15235.854
nantes,2,10000000,4790.7305,20026.57,15235.8395
nantes,2,10000000,4797.085,20032.928,15235.843
nantes,2,10000000,4802.7246,20038.516,15235.7914
lyon,2,10000000,4432.182,19679.562,15247.380000000001
lyon,2,10000000,4442.515,19690.914,15248.399000000001
lyon,2,10000000,4453.9355,19701.195,15247.2595
lyon,2,10000000,4464.5415,19713.02,15248.478500000001
nancy,2,10000000,5077.702,20325.031,15247.328999999998
lyon,2,10000000,4475.238,19722.535,15247.296999999999
lyon,2,10000000,4784.6064,20031.719,15247.1126
lyon,2,10000000,4790.4805,20037.635,15247.154499999999
lyon,2,10000000,4795.922,20043.053,15247.131000000001
lyon,2,10000000,4802.2344,20049.375,15247.140599999999
lyon,2,10000000,4807.4243,20054.59,15247.165700000001
nantes,2,10000000,4778.7646,20014.645,15235.8804
nantes,2,10000000,4784.7974,20020.633,15235.835600000002
nantes,2,10000000,4790.433,20026.258,15235.825
nantes,2,10000000,4796.8105,20032.648,15235.837500000001
rennes,3,10000000,4847.4224,29322.242,24474.8196
nancy,3,10000000,4911.6123,29386.627,24475.0147
nantes,3,10000000,4556.7827,29031.486,24474.7033
rennes,3,10000000,4829.6357,29304.486,24474.850300000002
rennes,3,10000000,4834.634,29309.414,24474.78
rennes,3,10000000,4839.03,29313.824,24474.794
rennes,3,10000000,4844.2905,29319.05,24474.7595
rennes,3,10000000,4849.0063,29323.83,24474.8237
rennes,3,10000000,4818.8384,29293.59,24474.7516
rennes,3,10000000,4823.5186,29298.293,24474.774400000002
rennes,3,10000000,4828.228,29303.0,24474.772
rennes,3,10000000,4833.4375,29308.166,24474.7285
rennes,3,10000000,4852.1816,29326.637,24474.4554
rennes,3,10000000,4837.9893,29312.734,24474.7447
rennes,3,10000000,4811.3735,29286.15,24474.7765
rennes,3,10000000,4816.083,29290.88,24474.797000000002
rennes,3,10000000,4821.018,29295.623,24474.605
rennes,3,10000000,4826.0527,29300.822,24474.7693
rennes,3,10000000,4830.7515,29305.576,24474.824500000002
nancy,3,10000000,4856.944,29331.826,24474.882
nancy,3,10000000,4860.56,29335.51,24474.949999999997
nancy,3,10000000,4864.595,29339.537,24474.942
nancy,3,10000000,4868.523,29343.443,24474.92
rennes,3,10000000,4856.4214,29331.248,24474.8266
nancy,3,10000000,4872.3467,29347.188,24474.8413
nantes,3,10000000,4726.7534,29201.486,24474.732600000003
nantes,3,10000000,4733.2915,29208.074,24474.7825
nantes,3,10000000,4738.958,29213.727,24474.769
nantes,3,10000000,4746.4717,29221.191,24474.719299999997
nantes,3,10000000,4751.7427,29226.533,24474.7903
nantes,3,10000000,4723.3174,29198.016,24474.6986
nantes,3,10000000,4729.477,29204.158,24474.681
nantes,3,10000000,4735.1304,29209.793,24474.662600000003
nantes,3,10000000,4741.6196,29216.3,24474.680399999997
rennes,3,10000000,4861.567,29336.402,24474.835
nantes,3,10000000,4747.3945,29222.08,24474.6855
rennes,3,10000000,4755.0537,29229.936,24474.8823
rennes,3,10000000,4759.8213,29234.723,24474.901700000002
rennes,3,10000000,4763.7734,29238.777,24475.003599999996
rennes,3,10000000,4769.9917,29244.861,24474.869300000002
rennes,3,10000000,4774.7505,29249.615,24474.864500000003
lyon,3,10000000,4710.477,29185.287,24474.81
lyon,3,10000000,4716.5127,29191.285,24474.7723
lyon,3,10000000,4721.4883,29196.271,24474.7827
lyon,3,10000000,4727.732,29202.547,24474.815
rennes,3,10000000,4866.3945,29341.215,24474.8205
lyon,3,10000000,4733.9185,29208.477,24474.5585
nancy,3,10000000,4781.733,29256.771,24475.038
nancy,3,10000000,4785.498,29260.52,24475.022
nancy,3,10000000,4789.6206,29264.639,24475.0184
nancy,3,10000000,4793.376,29268.395,24475.019
nancy,3,10000000,4797.1836,29272.203,24475.0194
lyon,3,10000000,4692.217,29167.111,24474.894
lyon,3,10000000,4698.528,29173.375,24474.847
lyon,3,10000000,4703.515,29178.383,24474.868000000002
lyon,3,10000000,4709.892,29184.766,24474.874
nancy,3,10000000,4895.854,29370.867,24475.013
lyon,3,10000000,4714.732,29189.6,24474.868
nantes,3,10000000,4653.084,29127.814,24474.73
nantes,3,10000000,4659.0664,29133.803,24474.7366
nantes,3,10000000,4664.5273,29139.23,24474.7027
nantes,3,10000000,4671.7764,29146.52,24474.7436
nantes,3,10000000,4677.4863,29151.947,24474.4607
nancy,3,10000000,4738.1875,29213.227,24475.0395
nancy,3,10000000,4741.903,29216.916,24475.013
nancy,3,10000000,4745.5938,29220.623,24475.0292
nancy,3,10000000,4749.8813,29224.895,24475.0137
nancy,3,10000000,4899.379,29374.39,24475.011
nancy,3,10000000,4753.7524,29228.764,24475.011599999998
nancy,3,10000000,4725.1753,29200.213,24475.0377
nancy,3,10000000,4728.982,29204.06,24475.078
nancy,3,10000000,4732.774,29207.807,24475.033
nancy,3,10000000,4736.745,29211.844,24475.099000000002
nancy,3,10000000,4740.634,29215.68,24475.046000000002
lyon,3,10000000,4622.6333,29097.424,24474.790699999998
lyon,3,10000000,4628.2817,29103.227,24474.9453
lyon,3,10000000,4633.8687,29108.744,24474.8753
lyon,3,10000000,4640.6875,29115.566,24474.8785
nancy,3,10000000,4903.335,29378.346,24475.011000000002
lyon,3,10000000,4646.1626,29121.05,24474.8874
nantes,3,10000000,4587.236,29061.955,24474.719
nantes,3,10000000,4593.414,29068.195,24474.781
nantes,3,10000000,4599.0283,29073.785,24474.756699999998
nantes,3,10000000,4605.2886,29080.027,24474.7384
nantes,3,10000000,4610.948,29085.688,24474.739999999998
lyon,3,10000000,4232.6978,28707.602,24474.904199999997
lyon,3,10000000,4243.486,28718.355,24474.869
lyon,3,10000000,4254.3994,28729.287,24474.887600000002
lyon,3,10000000,4265.7056,28740.594,24474.8884
nancy,3,10000000,4907.445,29382.457,24475.012
lyon,3,10000000,4276.512,28751.36,24474.848
lyon,3,10000000,4595.2446,29069.965,24474.7204
lyon,3,10000000,4601.9404,29076.674,24474.7336
lyon,3,10000000,4607.7495,29082.445,24474.6955
lyon,3,10000000,4613.861,29088.57,24474.709
lyon,3,10000000,4619.3325,29094.115,24474.7825
nantes,3,10000000,4532.578,29007.273,24474.695
nantes,3,10000000,4538.048,29012.75,24474.702
nantes,3,10000000,4544.3716,29019.053,24474.6814
nantes,3,10000000,4551.146,29025.842,24474.696
rennes,4,10000000,4908.875,23210.986,18302.111
nancy,4,10000000,5117.498,23407.445,18289.947
nantes,4,10000000,4785.2734,23087.426,18302.1526
rennes,4,10000000,4876.6226,23178.822,18302.1994
rennes,4,10000000,4881.2935,23183.473,18302.179500000002
rennes,4,10000000,4885.355,23187.52,18302.165
rennes,4,10000000,4891.7773,23193.951,18302.1737
rennes,4,10000000,4896.272,23198.502,18302.23
rennes,4,10000000,4883.2104,23185.402,18302.1916
rennes,4,10000000,4887.393,23189.584,18302.191
rennes,4,10000000,4892.416,23194.592,18302.176
rennes,4,10000000,4896.99,23199.172,18302.182
rennes,4,10000000,4912.9604,23215.1,18302.1396
rennes,4,10000000,4901.7314,23203.904,18302.172599999998
rennes,4,10000000,4897.853,23199.994,18302.141
rennes,4,10000000,4902.8774,23205.041,18302.1636
rennes,4,10000000,4907.9175,23209.984,18302.0665
rennes,4,10000000,4912.3994,23214.55,18302.1506
rennes,4,10000000,4917.1636,23219.23,18302.0664
nancy,4,10000000,5008.2383,23298.283,18290.0447
nancy,4,10000000,5012.0776,23302.107,18290.0294
nancy,4,10000000,5015.9854,23306.031,18290.045599999998
nancy,4,10000000,5019.8154,23309.855,18290.0396
rennes,4,10000000,4917.77,23219.906,18302.136
nancy,4,10000000,5023.662,23313.71,18290.048
nantes,4,10000000,4909.8506,23212.023,18302.172400000003
nantes,4,10000000,4916.087,23218.285,18302.198
nantes,4,10000000,4921.81,23224.031,18302.220999999998
nantes,4,10000000,4928.2393,23230.451,18302.2117
nantes,4,10000000,4934.325,23236.5,18302.175
nantes,4,10000000,4896.426,23198.602,18302.176
nantes,4,10000000,4902.487,23204.693,18302.206
nantes,4,10000000,4908.323,23210.46,18302.137
nantes,4,10000000,4914.8013,23216.963,18302.1617
rennes,4,10000000,4923.1206,23225.234,18302.113400000002
nantes,4,10000000,4920.441,23222.576,18302.135000000002
rennes,4,10000000,4826.503,23128.672,18302.168999999998
rennes,4,10000000,4831.034,23133.217,18302.183
rennes,4,10000000,4836.1743,23138.143,18301.9687
rennes,4,10000000,4840.935,23143.13,18302.195
rennes,4,10000000,4845.4893,23147.621,18302.131699999998
lyon,4,10000000,4672.587,22962.553,18289.966
lyon,4,10000000,4678.8364,22968.81,18289.9736
lyon,4,10000000,4683.9224,22973.873,18289.9506
lyon,4,10000000,4690.618,22980.564,18289.945999999996
rennes,4,10000000,4927.8066,23229.94,18302.1334
lyon,4,10000000,4695.8286,22985.766,18289.9374
nancy,4,10000000,4962.595,23252.56,18289.965
nancy,4,10000000,4966.422,23256.383,18289.961000000003
nancy,4,10000000,4970.478,23260.436,18289.958000000002
nancy,4,10000000,4974.6733,23264.633,18289.9597
nancy,4,10000000,4978.6426,23268.596,18289.953400000002
lyon,4,10000000,4886.183,23176.178,18289.995
lyon,4,10000000,4892.063,23182.074,18290.011
lyon,4,10000000,4897.239,23187.234,18289.995000000003
lyon,4,10000000,4903.467,23193.479,18290.012
nancy,4,10000000,5102.225,23392.176,18289.951
lyon,4,10000000,4908.874,23198.871,18289.997
nantes,4,10000000,4843.988,23146.158,18302.17
nantes,4,10000000,4848.9375,23151.072,18302.1345
nantes,4,10000000,4855.3906,23157.535,18302.1444
nantes,4,10000000,4861.1265,23163.3,18302.173499999997
nantes,4,10000000,4866.647,23168.77,18302.123
nancy,4,10000000,4947.5015,23237.426,18289.9245
nancy,4,10000000,4951.8115,23241.732,18289.9205
nancy,4,10000000,4955.593,23245.459,18289.865999999998
nancy,4,10000000,4959.366,23249.287,18289.921000000002
nancy,4,10000000,5105.8457,23395.832,18289.986299999997
nancy,4,10000000,4963.21,23253.215,18290.005
nancy,4,10000000,4936.6157,23226.668,18290.052300000003
nancy,4,10000000,4940.2324,23230.27,18290.0376
nancy,4,10000000,4943.892,23234.014,18290.122
nancy,4,10000000,4947.875,23237.854,18289.979
nancy,4,10000000,4951.7334,23241.775,18290.0416
lyon,4,10000000,4833.034,23122.969,18289.935
lyon,4,10000000,4839.217,23129.111,18289.894
lyon,4,10000000,4844.319,23134.248,18289.929
lyon,4,10000000,4850.845,23140.752,18289.907
nancy,4,10000000,5109.7935,23399.748,18289.9545
lyon,4,10000000,4856.0747,23146.043,18289.9683
nantes,4,10000000,4769.5444,23071.752,18302.2076
nantes,4,10000000,4775.487,23077.746,18302.259
nantes,4,10000000,4781.0576,23083.217,18302.1594
nantes,4,10000000,4788.0903,23090.326,18302.2357
nantes,4,10000000,4793.676,23095.83,18302.154000000002
lyon,4,10000000,4423.8027,22713.81,18290.0073
lyon,4,10000000,4434.581,22724.59,18290.009
lyon,4,10000000,4445.789,22735.766,18289.977
lyon,4,10000000,4456.574,22746.578,18290.004
nancy,4,10000000,5113.687,23403.629,18289.942000000003
lyon,4,10000000,4467.6255,22757.459,18289.8335
lyon,4,10000000,4773.06,23063.049,18289.988999999998
lyon,4,10000000,4779.406,23069.438,18290.032
lyon,4,10000000,4784.5854,23074.578,18289.9926
lyon,4,10000000,4790.727,23080.734,18290.007
lyon,4,10000000,4796.3535,23086.344,18289.9905
nantes,4,10000000,4761.477,23063.637,18302.16
nantes,4,10000000,4767.5493,23069.693,18302.1437
nantes,4,10000000,4772.985,23075.227,18302.242
nantes,4,10000000,4779.516,23081.67,18302.154
rennes,5,10000000,4922.9287,21119.02,16196.0913
nancy,5,10000000,5027.0405,21223.242,16196.2015
nantes,5,10000000,4762.014,20958.21,16196.196
rennes,5,10000000,4979.248,21175.402,16196.153999999999
rennes,5,10000000,4983.816,21179.625,16195.809000000001
rennes,5,10000000,4988.43,21184.553,16196.123
rennes,5,10000000,4993.4863,21189.703,16196.2167
rennes,5,10000000,4998.11,21194.217,16196.107
rennes,5,10000000,4950.1577,21146.607,16196.4493
rennes,5,10000000,4954.923,21151.15,16196.227000000003
rennes,5,10000000,4959.4946,21155.725,16196.230399999999
rennes,5,10000000,4964.6167,21160.906,16196.2893
rennes,5,10000000,4927.75,21123.842,16196.092
rennes,5,10000000,4969.1763,21165.422,16196.2457
rennes,5,10000000,4916.8486,21113.14,16196.291399999998
rennes,5,10000000,4921.468,21117.703,16196.235
rennes,5,10000000,4926.155,21122.379,16196.224000000002
rennes,5,10000000,4930.8433,21127.16,16196.3167
rennes,5,10000000,4936.0557,21132.062,16196.006300000001
nancy,5,10000000,4960.4683,21156.635,16196.166699999998
nancy,5,10000000,4964.218,21160.465,16196.247
nancy,5,10000000,4968.0195,21164.203,16196.183500000001
nancy,5,10000000,4971.674,21167.85,16196.176
rennes,5,10000000,4932.4946,21128.621,16196.1264
nancy,5,10000000,4975.5884,21171.754,16196.1656
nantes,5,10000000,4854.244,21050.277,16196.033
nantes,5,10000000,4860.219,21056.621,16196.401999999998
nantes,5,10000000,4865.4795,21061.754,16196.2745
nantes,5,10000000,4872.0063,21068.361,16196.3547
nantes,5,10000000,4878.2627,21074.553,16196.2903
nantes,5,10000000,4811.6426,21007.93,16196.287400000001
nantes,5,10000000,4817.787,21014.057,16196.27
nantes,5,10000000,4823.638,21019.947,16196.309000000001
nantes,5,10000000,4830.09,21026.371,16196.280999999999
rennes,5,10000000,4936.971,21133.053,16196.082
nantes,5,10000000,4835.5493,21031.8,16196.2507
rennes,5,10000000,4805.249,21001.35,16196.100999999999
rennes,5,10000000,4809.92,21006.055,16196.135
rennes,5,10000000,4814.712,21010.865,16196.153000000002
rennes,5,10000000,4819.849,21015.957,16196.107999999998
rennes,5,10000000,4824.529,21020.623,16196.094
lyon,5,10000000,4835.39,21031.697,16196.307
lyon,5,10000000,4841.8633,21038.115,16196.2517
lyon,5,10000000,4846.9023,21043.176,16196.2737
lyon,5,10000000,4853.237,21049.617,16196.379999999997
rennes,5,10000000,4941.9263,21138.037,16196.110700000001
lyon,5,10000000,4859.407,21055.67,16196.262999999999
nancy,5,10000000,4929.9194,21126.18,16196.260600000001
nancy,5,10000000,4933.4365,21129.76,16196.323499999999
nancy,5,10000000,4937.644,21133.867,16196.222999999998
nancy,5,10000000,4941.6187,21137.832,16196.2133
nancy,5,10000000,4945.581,21141.898,16196.317000000001
lyon,5,10000000,4837.775,21033.91,16196.135
lyon,5,10000000,4844.0005,21040.154,16196.153499999999
lyon,5,10000000,4849.732,21045.832,16196.099999999999
lyon,5,10000000,4856.288,21052.41,16196.122
nancy,5,10000000,5011.4224,21207.617,16196.194599999999
lyon,5,10000000,4861.908,21058.045,16196.136999999999
nantes,5,10000000,4780.1226,20976.453,16196.330400000003
nantes,5,10000000,4786.6396,20982.938,16196.298399999998
nantes,5,10000000,4791.7886,20988.104,16196.3154
nantes,5,10000000,4798.5605,20994.9,16196.339500000002
nantes,5,10000000,4804.063,21000.143,16196.08
nancy,5,10000000,4852.894,21049.293,16196.399000000001
nancy,5,10000000,4856.5566,21052.898,16196.341400000001
nancy,5,10000000,4860.3735,21056.705,16196.331500000002
nancy,5,10000000,4864.232,21060.568,16196.336
nancy,5,10000000,5015.0454,21211.283,16196.2376
nancy,5,10000000,4868.2925,21064.654,16196.361499999999
nancy,5,10000000,4864.455,21060.885,16196.429999999998
nancy,5,10000000,4868.1206,21064.47,16196.349400000001
nancy,5,10000000,4872.083,21068.432,16196.349000000002
nancy,5,10000000,4875.561,21071.941,16196.38
nancy,5,10000000,4879.669,21076.018,16196.349
lyon,5,10000000,4780.214,20977.275,16197.061000000002
lyon,5,10000000,4786.3916,20982.777,16196.3854
lyon,5,10000000,4791.471,20987.812,16196.341000000002
lyon,5,10000000,4798.1577,20994.531,16196.3733
nancy,5,10000000,5019.0835,21215.305,16196.2215
lyon,5,10000000,4803.5996,20999.969,16196.369400000001
nantes,5,10000000,4768.249,20964.486,16196.237000000001
nantes,5,10000000,4774.498,20970.732,16196.234
nantes,5,10000000,4780.4536,20976.701,16196.2474
nantes,5,10000000,4786.997,20983.227,16196.23
nantes,5,10000000,4792.4155,20988.652,16196.236499999999
lyon,5,10000000,4387.12,20583.79,16196.670000000002
lyon,5,10000000,4398.2207,20594.902,16196.681299999998
lyon,5,10000000,4409.0933,20605.746,16196.652699999999
lyon,5,10000000,4419.8115,20616.627,16196.8155
nancy,5,10000000,5023.1553,21219.354,16196.198699999999
lyon,5,10000000,4430.6733,20627.365,16196.691700000001
lyon,5,10000000,4785.6816,20981.975,16196.293399999999
lyon,5,10000000,4791.9053,20988.115,16196.209700000001
lyon,5,10000000,4797.2944,20993.596,16196.301600000003
lyon,5,10000000,4803.3765,20999.613,16196.2365
lyon,5,10000000,4809.019,21005.262,16196.242999999999
nantes,5,10000000,4738.5684,20934.79,16196.2216
nantes,5,10000000,4743.9414,20940.19,16196.248599999999
nantes,5,10000000,4750.257,20946.453,16196.196000000002
nantes,5,10000000,4756.112,20952.395,16196.283
rennes,6,10000000,5018.194,21260.2,16242.006000000001
nancy,6,10000000,5094.7593,21336.828,16242.068700000002
nantes,6,10000000,4731.3447,20973.172,16241.827299999999
rennes,6,10000000,5012.869,21254.582,16241.713
rennes,6,10000000,5017.3613,21259.105,16241.743699999999
rennes,6,10000000,5022.383,21264.18,16241.797
rennes,6,10000000,5027.018,21268.748,16241.73
rennes,6,10000000,5032.16,21273.861,16241.701000000001
rennes,6,10000000,4987.914,21229.512,16241.597999999998
rennes,6,10000000,4992.4077,21234.191,16241.7833
rennes,6,10000000,4997.0635,21238.887,16241.823499999999
rennes,6,10000000,5002.157,21243.924,16241.767
rennes,6,10000000,5022.974,21264.934,16241.960000000001
rennes,6,10000000,5006.8945,21248.7,16241.8055
rennes,6,10000000,4989.6714,21231.424,16241.7526
rennes,6,10000000,4994.356,21236.121,16241.765
rennes,6,10000000,4999.0215,21240.797,16241.7755
rennes,6,10000000,5004.4277,21246.23,16241.8023
rennes,6,10000000,5008.8164,21250.576,16241.759600000001
nancy,6,10000000,5028.228,21270.08,16241.852000000003
nancy,6,10000000,5032.119,21273.965,16241.846000000001
nancy,6,10000000,5035.963,21277.775,16241.812000000002
nancy,6,10000000,5039.8066,21281.646,16241.8394
rennes,6,10000000,5027.4746,21269.455,16241.980400000002
nancy,6,10000000,5043.7617,21285.592,16241.830300000001
nantes,6,10000000,4906.1304,21148.049,16241.918599999999
nantes,6,10000000,4912.0205,21154.213,16242.192500000001
nantes,6,10000000,4917.142,21159.293,16242.151000000002
nantes,6,10000000,4923.5723,21165.814,16242.241699999999
nantes,6,10000000,4929.8657,21172.027,16242.161299999998
nantes,6,10000000,4905.366,21147.316,16241.949999999999
nantes,6,10000000,4912.3643,21154.348,16241.9837
nantes,6,10000000,4917.501,21159.457,16241.955999999998
nantes,6,10000000,4924.281,21166.271,16241.990000000002
rennes,6,10000000,5032.6006,21274.758,16242.157400000002
nantes,6,10000000,4929.9116,21171.887,16241.9754
rennes,6,10000000,4938.71,21180.715,16242.005000000001
rennes,6,10000000,4943.5186,21185.463,16241.9444
rennes,6,10000000,4948.336,21190.51,16242.173999999999
rennes,6,10000000,4953.4766,21195.428,16241.9514
rennes,6,10000000,4958.133,21200.115,16241.982000000002
lyon,6,10000000,4893.8066,21136.033,16242.2264
lyon,6,10000000,4899.8633,21142.076,16242.2127
lyon,6,10000000,4904.9785,21147.186,16242.2075
lyon,6,10000000,4911.9297,21154.08,16242.150300000001
rennes,6,10000000,5037.419,21279.4,16241.981000000002
lyon,6,10000000,4917.0776,21159.293,16242.215400000001
nancy,6,10000000,4972.4097,21214.559,16242.149300000001
nancy,6,10000000,4976.185,21218.307,16242.122
nancy,6,10000000,4980.258,21222.645,16242.387
nancy,6,10000000,4984.1436,21226.277,16242.133399999999
nancy,6,10000000,4988.35,21230.842,16242.492
lyon,6,10000000,4870.0557,21111.92,16241.864299999997
lyon,6,10000000,4876.4077,21118.314,16241.906299999999
lyon,6,10000000,4881.3066,21123.246,16241.9394
lyon,6,10000000,4887.925,21129.844,16241.919000000002
nancy,6,10000000,5079.5303,21321.607,16242.0767
lyon,6,10000000,4893.021,21134.914,16241.893
nantes,6,10000000,4832.699,21074.686,16241.987000000001
nantes,6,10000000,4838.8335,21080.752,16241.9185
nantes,6,10000000,4844.089,21085.986,16241.897
nantes,6,10000000,4850.7495,21092.705,16241.955500000002
nantes,6,10000000,4856.578,21098.473,16241.895
nancy,6,10000000,4912.173,21154.543,16242.370000000003
nancy,6,10000000,4915.8794,21158.242,16242.362599999999
nancy,6,10000000,4919.9224,21162.23,16242.3076
nancy,6,10000000,4923.718,21166.096,16242.378
nancy,6,10000000,5082.977,21325.086,16242.109
nancy,6,10000000,4927.676,21169.992,16242.315999999999
nancy,6,10000000,4893.285,21135.15,16241.865000000002
nancy,6,10000000,4897.279,21139.14,16241.860999999999
nancy,6,10000000,4901.0093,21142.92,16241.910699999999
nancy,6,10000000,4904.7,21146.586,16241.885999999999
nancy,6,10000000,4908.412,21150.268,16241.856
lyon,6,10000000,4765.1533,21007.11,16241.9567
lyon,6,10000000,4771.7466,21013.71,16241.963399999999
lyon,6,10000000,4776.811,21018.861,16242.050000000001
lyon,6,10000000,4782.605,21024.508,16241.903000000002
nancy,6,10000000,5086.9873,21329.076,16242.0887
lyon,6,10000000,4788.16,21030.14,16241.98
nantes,6,10000000,4752.8745,20994.846,16241.971500000001
nantes,6,10000000,4758.95,21000.93,16241.98
nantes,6,10000000,4764.9556,21006.912,16241.9564
nantes,6,10000000,4771.704,21013.738,16242.034000000001
nantes,6,10000000,4777.1196,21019.062,16241.942400000002
lyon,6,10000000,4379.985,20622.318,16242.332999999999
lyon,6,10000000,4390.9834,20633.303,16242.319599999999
lyon,6,10000000,4402.008,20644.324,16242.316
lyon,6,10000000,4412.7446,20655.05,16242.3054
nancy,6,10000000,5090.831,21332.91,16242.079
lyon,6,10000000,4424.0493,20666.3,16242.2507
lyon,6,10000000,4742.3926,20984.35,16241.9574
lyon,6,10000000,4747.9346,20989.906,16241.971399999999
lyon,6,10000000,4753.491,20995.457,16241.965999999999
lyon,6,10000000,4760.047,21002.07,16242.023000000001
lyon,6,10000000,4765.62,21007.572,16241.952000000001
nantes,6,10000000,4707.378,20949.219,16241.841
nantes,6,10000000,4713.306,20955.07,16241.764
nantes,6,10000000,4718.376,20960.17,16241.793999999998
nantes,6,10000000,4725.395,20967.252,16241.857
rennes,7,10000000,5029.684,22030.002,17000.318
nancy,7,10000000,5092.0244,22092.082,17000.0576
nantes,7,10000000,4792.142,21792.533,17000.391
rennes,7,10000000,5001.9043,22002.055,17000.1507
rennes,7,10000000,5006.658,22006.752,17000.094
rennes,7,10000000,5011.8213,22011.893,17000.0717
rennes,7,10000000,5016.9194,22016.979,17000.0596
rennes,7,10000000,5021.0557,22021.197,17000.1413
rennes,7,10000000,5014.578,22014.873,17000.295
rennes,7,10000000,5019.0566,22019.447,17000.3904
rennes,7,10000000,5023.7593,22024.037,17000.2777
rennes,7,10000000,5029.1934,22029.54,17000.3466
rennes,7,10000000,5034.3765,22034.63,17000.2535
rennes,7,10000000,5034.2495,22034.572,17000.322500000002
rennes,7,10000000,4976.135,21976.455,17000.32
rennes,7,10000000,4980.5796,21980.771,17000.1914
rennes,7,10000000,4984.9536,21985.117,17000.163399999998
rennes,7,10000000,4990.0957,21990.232,17000.1363
rennes,7,10000000,4994.365,21994.48,17000.114999999998
nancy,7,10000000,5049.2524,22049.49,17000.2376
nancy,7,10000000,5052.809,22053.105,17000.296
nancy,7,10000000,5056.7427,22056.96,17000.2173
nancy,7,10000000,5060.4805,22060.738,17000.2575
rennes,7,10000000,5038.9873,22039.305,17000.3177
nancy,7,10000000,5064.414,22064.64,17000.226
nantes,7,10000000,4915.674,21915.97,17000.296000000002
nantes,7,10000000,4922.364,21922.686,17000.322
nantes,7,10000000,4927.328,21927.693,17000.364999999998
nantes,7,10000000,4934.86,21935.248,17000.388
nantes,7,10000000,4940.479,21940.875,17000.396
nantes,7,10000000,4914.858,21915.182,17000.324
nantes,7,10000000,4921.523,21921.865,17000.342
nantes,7,10000000,4926.6553,21926.982,17000.326699999998
nantes,7,10000000,4933.247,21933.633,17000.386000000002
rennes,7,10000000,5044.065,22044.365,17000.300000000003
nantes,7,10000000,4939.1587,21939.475,17000.3163
rennes,7,10000000,4941.933,21942.248,17000.315
rennes,7,10000000,4947.0005,21947.314,17000.313499999997
rennes,7,10000000,4951.5605,21951.89,17000.3295
rennes,7,10000000,4956.793,21957.127,17000.334000000003
rennes,7,10000000,4961.5815,21961.857,17000.2755
lyon,7,10000000,4903.0938,21903.627,17000.5332
lyon,7,10000000,4909.8213,21910.367,17000.5457
lyon,7,10000000,4914.839,21915.338,17000.499
lyon,7,10000000,4921.3164,21921.791,17000.4746
rennes,7,10000000,5048.5933,22048.846,17000.2527
lyon,7,10000000,4926.354,21926.926,17000.572
nancy,7,10000000,4968.32,21968.455,17000.135000000002
nancy,7,10000000,4972.1255,21972.273,17000.1475
nancy,7,10000000,4976.0835,21976.271,17000.1875
nancy,7,10000000,4979.7866,21979.898,17000.1114
nancy,7,10000000,4983.8105,21983.918,17000.107500000002
lyon,7,10000000,4898.666,21899.59,17000.924
lyon,7,10000000,4904.2524,21904.57,17000.3176
lyon,7,10000000,4909.7837,21910.08,17000.2963
lyon,7,10000000,4916.5273,21916.83,17000.3027
nancy,7,10000000,5076.5483,22076.617,17000.068699999996
lyon,7,10000000,4922.2715,21922.533,17000.2615
nantes,7,10000000,4844.3066,21844.748,17000.4414
nantes,7,10000000,4851.349,21851.795,17000.445999999996
nantes,7,10000000,4856.4893,21856.975,17000.485699999997
nantes,7,10000000,4863.096,21863.58,17000.484000000004
nantes,7,10000000,4868.732,21869.191,17000.459
nancy,7,10000000,4956.8184,21956.984,17000.1656
nancy,7,10000000,4960.5664,21960.74,17000.173600000002
nancy,7,10000000,4964.8535,21965.04,17000.1865
nancy,7,10000000,4968.8555,21969.01,17000.154499999997
nancy,7,10000000,5080.202,22080.256,17000.054
nancy,7,10000000,4972.469,21972.648,17000.179
nancy,7,10000000,4943.8555,21944.25,17000.394500000002
nancy,7,10000000,4947.534,21947.912,17000.378
nancy,7,10000000,4951.121,21951.494,17000.373
nancy,7,10000000,4954.9053,21955.314,17000.4087
nancy,7,10000000,4958.922,21959.297,17000.375
lyon,7,10000000,4842.9346,21843.572,17000.6374
lyon,7,10000000,4849.168,21849.932,17000.764000000003
lyon,7,10000000,4854.63,21855.342,17000.712
lyon,7,10000000,4861.177,21861.906,17000.729
nancy,7,10000000,5084.155,22084.258,17000.103000000003
lyon,7,10000000,4866.4927,21867.205,17000.712300000003
nantes,7,10000000,4802.655,21802.979,17000.324
nantes,7,10000000,4808.881,21809.217,17000.336
nantes,7,10000000,4814.926,21815.27,17000.344
nantes,7,10000000,4821.125,21821.438,17000.313
nantes,7,10000000,4826.544,21826.836,17000.292
lyon,7,10000000,4452.5015,21453.414,17000.9125
lyon,7,10000000,4462.8,21463.68,17000.88
lyon,7,10000000,4473.8237,21474.768,17000.9443
lyon,7,10000000,4484.789,21485.695,17000.906
nancy,7,10000000,5087.9263,22087.986,17000.0597
lyon,7,10000000,4495.8457,21496.758,17000.912300000004
lyon,7,10000000,4794.4526,21794.867,17000.414399999998
lyon,7,10000000,4800.6963,21801.12,17000.4237
lyon,7,10000000,4805.6177,21806.03,17000.4123
lyon,7,10000000,4812.029,21812.46,17000.430999999997
lyon,7,10000000,4817.419,21817.924,17000.504999999997
nantes,7,10000000,4767.6387,21768.209,17000.5703
nantes,7,10000000,4773.8076,21774.186,17000.3784
nantes,7,10000000,4779.868,21780.295,17000.426999999996
nantes,7,10000000,4786.2075,21786.602,17000.3945
rennes,8,10000000,4966.4424,20847.148,15880.705600000001
nancy,8,10000000,5039.96,20920.459,15880.499
nantes,8,10000000,4733.2676,20614.193,15880.9254
rennes,8,10000000,4947.2686,20828.455,15881.186400000002
rennes,8,10000000,4952.042,20832.992,15880.949999999997
rennes,8,10000000,4956.718,20837.709,15880.990999999998
rennes,8,10000000,4961.5044,20842.42,15880.915599999998
rennes,8,10000000,4966.218,20848.143,15881.925
rennes,8,10000000,4935.171,20816.15,15880.979000000001
rennes,8,10000000,4939.9717,20821.012,15881.040299999999
rennes,8,10000000,4944.7227,20825.627,15880.9043
rennes,8,10000000,4949.502,20830.477,15880.974999999999
rennes,8,10000000,4971.0244,20851.781,15880.756599999999
rennes,8,10000000,4953.9224,20834.834,15880.9116
rennes,8,10000000,4929.9614,20810.84,15880.8786
rennes,8,10000000,4934.413,20815.248,15880.835
rennes,8,10000000,4938.848,20819.748,15880.9
rennes,8,10000000,4943.827,20824.607,15880.779999999999
rennes,8,10000000,4948.4854,20829.223,15880.737600000002
nancy,8,10000000,4972.468,20853.178,15880.71
nancy,8,10000000,4976.6235,20857.303,15880.6795
nancy,8,10000000,4980.456,20861.172,15880.715999999999
nancy,8,10000000,4984.86,20865.555,15880.695
rennes,8,10000000,4975.3584,20856.133,15880.7746
nancy,8,10000000,4988.6187,20869.395,15880.776300000001
nantes,8,10000000,4844.28,20725.207,15880.927
nantes,8,10000000,4850.3267,20731.285,15880.9583
nantes,8,10000000,4856.3394,20737.3,15880.960599999999
nantes,8,10000000,4862.805,20743.732,15880.927
nantes,8,10000000,4868.784,20749.74,15880.956000000002
nantes,8,10000000,4833.4062,20714.389,15880.982799999998
nantes,8,10000000,4839.348,20720.291,15880.943000000001
nantes,8,10000000,4844.7607,20725.787,15881.026300000001
nantes,8,10000000,4851.7524,20732.752,15880.9996
rennes,8,10000000,4980.6562,20861.379,15880.7228
nantes,8,10000000,4858.3564,20739.312,15880.955600000001
rennes,8,10000000,4866.489,20747.512,15881.023
rennes,8,10000000,4871.112,20752.182,15881.07
rennes,8,10000000,4875.5664,20756.684,15881.117600000001
rennes,8,10000000,4880.616,20761.607,15880.991
rennes,8,10000000,4885.1006,20766.355,15881.2544
lyon,8,10000000,4852.0527,20732.678,15880.6253
lyon,8,10000000,4857.975,20738.844,15880.869
lyon,8,10000000,4863.0337,20743.912,15880.8783
lyon,8,10000000,4869.207,20750.105,15880.898
rennes,8,10000000,4985.372,20866.086,15880.714
lyon,8,10000000,4875.1733,20762.707,15887.533699999998
nancy,8,10000000,4919.0557,20799.736,15880.6803
nancy,8,10000000,4922.786,20803.436,15880.650000000001
nancy,8,10000000,4926.988,20807.646,15880.658
nancy,8,10000000,4931.0312,20811.693,15880.661799999998
nancy,8,10000000,4934.768,20815.445,15880.677
lyon,8,10000000,4832.1343,20713.057,15880.922700000001
lyon,8,10000000,4837.954,20718.893,15880.939
lyon,8,10000000,4843.3594,20724.307,15880.9476
lyon,8,10000000,4849.424,20730.318,15880.894
nancy,8,10000000,5025.1445,20905.648,15880.5035
lyon,8,10000000,4855.1636,20736.07,15880.9064
nantes,8,10000000,4789.289,20670.305,15881.016
nantes,8,10000000,4795.497,20676.531,15881.034
nantes,8,10000000,4800.698,20681.682,15880.984
nantes,8,10000000,4808.013,20689.059,15881.046000000002
nantes,8,10000000,4813.809,20694.863,15881.054
nancy,8,10000000,4876.757,20757.62,15880.863
nancy,8,10000000,4880.255,20761.102,15880.846999999998
nancy,8,10000000,4884.7554,20765.588,15880.8326
nancy,8,10000000,4888.714,20769.54,15880.826000000001
nancy,8,10000000,5028.2686,20908.82,15880.5514
nancy,8,10000000,4892.6313,20773.518,15880.8867
nancy,8,10000000,4870.9595,20751.76,15880.800499999998
nancy,8,10000000,4874.883,20755.7,15880.817000000001
nancy,8,10000000,4878.9224,20759.715,15880.7926
nancy,8,10000000,4882.739,20763.598,15880.859000000002
nancy,8,10000000,4886.6865,20767.486,15880.799500000001
lyon,8,10000000,4755.5107,20636.346,15880.835300000002
lyon,8,10000000,4761.367,20642.275,15880.908000000001
lyon,8,10000000,4766.478,20647.322,15880.844000000001
lyon,8,10000000,4772.5527,20653.48,15880.9273
nancy,8,10000000,5032.434,20912.941,15880.506999999998
lyon,8,10000000,4778.39,20659.299,15880.909
nantes,8,10000000,4729.3145,20610.742,15881.427499999998
nantes,8,10000000,4735.1304,20616.139,15881.0086
nantes,8,10000000,4740.633,20622.066,15881.432999999999
nantes,8,10000000,4747.295,20628.266,15880.971
nantes,8,10000000,4752.7354,20633.686,15880.950600000002
lyon,8,10000000,4356.3086,20237.709,15881.400399999999
lyon,8,10000000,4366.9097,20248.266,15881.3563
lyon,8,10000000,4377.4,20258.719,15881.319000000001
lyon,8,10000000,4389.3794,20270.725,15881.345599999999
nancy,8,10000000,5036.188,20916.691,15880.502999999999
lyon,8,10000000,4399.565,20280.947,15881.382000000001
lyon,8,10000000,4735.46,20616.375,15880.915
lyon,8,10000000,4741.3306,20622.217,15880.8864
lyon,8,10000000,4746.789,20627.691,15880.901999999998
lyon,8,10000000,4753.586,20634.445,15880.859
lyon,8,10000000,4758.9707,20639.846,15880.875300000002
nantes,8,10000000,4708.9834,20589.936,15880.9526
nantes,8,10000000,4715.471,20596.43,15880.959
nantes,8,10000000,4720.656,20601.607,15880.951000000001
nantes,8,10000000,4727.2275,20608.307,15881.0795
rennes,9,10000000,5004.2505,21553.52,16549.269500000002
nancy,9,10000000,5040.2017,21589.055,16548.853300000002
nantes,9,10000000,4750.625,21299.83,16549.205
rennes,9,10000000,4948.5166,21497.627,16549.1104
rennes,9,10000000,4953.6826,21502.836,16549.1534
rennes,9,10000000,4958.267,21507.45,16549.183
rennes,9,10000000,4963.0947,21512.236,16549.141300000003
rennes,9,10000000,4967.5737,21516.719,16549.1453
rennes,9,10000000,4949.58,21498.47,16548.89
rennes,9,10000000,4953.821,21502.83,16549.009000000002
rennes,9,10000000,4958.5674,21507.568,16549.0006
rennes,9,10000000,4963.334,21512.328,16548.994000000002
rennes,9,10000000,5008.6865,21557.963,16549.2765
rennes,9,10000000,4968.481,21517.318,16548.837
rennes,9,10000000,4925.6567,21474.73,16549.0733
rennes,9,10000000,4930.6914,21479.781,16549.0896
rennes,9,10000000,4935.4307,21484.467,16549.0363
rennes,9,10000000,4940.5557,21489.68,16549.1243
rennes,9,10000000,4945.2373,21494.262,16549.024699999998
nancy,9,10000000,4986.8213,21536.121,16549.2997
nancy,9,10000000,4990.355,21539.693,16549.338
nancy,9,10000000,4994.2153,21543.514,16549.2987
nancy,9,10000000,4997.962,21547.26,16549.298
rennes,9,10000000,5013.438,21562.67,16549.231999999996
nancy,9,10000000,5001.7827,21551.072,16549.2893
nantes,9,10000000,4863.5923,21413.045,16549.452699999998
nantes,9,10000000,4869.555,21419.105,16549.55
nantes,9,10000000,4875.3823,21424.889,16549.506699999998
nantes,9,10000000,4881.919,21431.49,16549.571000000004
nantes,9,10000000,4887.863,21437.389,16549.525999999998
nantes,9,10000000,4860.8037,21409.932,16549.1283
nantes,9,10000000,4866.768,21416.686,16549.918
nantes,9,10000000,4872.742,21421.857,16549.114999999998
nantes,9,10000000,4879.5225,21428.637,16549.1145
rennes,9,10000000,5018.285,21567.666,16549.381
nantes,9,10000000,4885.154,21434.273,16549.119
rennes,9,10000000,4885.4556,21434.58,16549.1244
rennes,9,10000000,4889.7407,21438.893,16549.1523
rennes,9,10000000,4894.763,21444.785,16550.022
rennes,9,10000000,4899.432,21448.578,16549.146
rennes,9,10000000,4903.74,21452.883,16549.143000000004
lyon,9,10000000,4867.817,21416.906,16549.089
lyon,9,10000000,4874.08,21422.996,16548.915999999997
lyon,9,10000000,4878.742,21427.873,16549.131
lyon,9,10000000,4885.066,21434.215,16549.149
rennes,9,10000000,5023.6787,21572.719,16549.0403
lyon,9,10000000,4890.3936,21439.57,16549.1764
nancy,9,10000000,4921.4365,21470.922,16549.4855
nancy,9,10000000,4925.295,21474.812,16549.517
nancy,9,10000000,4929.667,21479.139,16549.471999999998
nancy,9,10000000,4933.8774,21483.383,16549.5056
nancy,9,10000000,4938.0205,21487.51,16549.4895
lyon,9,10000000,4846.146,21395.22,16549.074
lyon,9,10000000,4852.2188,21401.287,16549.0682
lyon,9,10000000,4857.1885,21406.232,16549.0435
lyon,9,10000000,4863.8022,21412.8,16548.997799999997
nancy,9,10000000,5024.224,21573.086,16548.862
lyon,9,10000000,4869.769,21418.758,16548.989
nantes,9,10000000,4798.6567,21347.861,16549.2043
nantes,9,10000000,4804.8594,21354.05,16549.190599999998
nantes,9,10000000,4810.0938,21359.26,16549.1662
nantes,9,10000000,4816.914,21366.094,16549.18
nantes,9,10000000,4821.6973,21371.893,16550.1957
nancy,9,10000000,4896.0527,21445.064,16549.0113
nancy,9,10000000,4899.6177,21448.61,16548.9923
nancy,9,10000000,4903.5044,21452.52,16549.0156
nancy,9,10000000,4907.5015,21456.469,16548.9675
nancy,9,10000000,5028.0728,21576.94,16548.8672
nancy,9,10000000,4911.486,21460.465,16548.979
nancy,9,10000000,4890.326,21439.459,16549.132999999998
nancy,9,10000000,4894.2427,21443.066,16548.8233
nancy,9,10000000,4898.3022,21447.129,16548.826800000003
nancy,9,10000000,4901.9736,21450.828,16548.8544
nancy,9,10000000,4905.6733,21454.498,16548.824699999997
lyon,9,10000000,4767.4126,21316.39,16548.9774
lyon,9,10000000,4773.3223,21322.332,16549.0097
lyon,9,10000000,4778.506,21327.498,16548.992
lyon,9,10000000,4785.0747,21333.81,16548.7353
nancy,9,10000000,5031.9204,21580.82,16548.8996
lyon,9,10000000,4790.407,21339.4,16548.993000000002
nantes,9,10000000,4742.924,21291.857,16548.933
nantes,9,10000000,4748.8765,21297.879,16549.002500000002
nantes,9,10000000,4754.585,21303.56,16548.975000000002
nantes,9,10000000,4761.7637,21310.773,16549.0093
nantes,9,10000000,4767.523,21316.467,16548.944
lyon,9,10000000,4388.078,20937.145,16549.067
lyon,9,10000000,4398.3657,20947.803,16549.437299999998
lyon,9,10000000,4408.938,20958.281,16549.343
lyon,9,10000000,4420.495,20969.932,16549.437
nancy,9,10000000,5036.149,21585.01,16548.860999999997
lyon,9,10000000,4431.3115,20980.615,16549.3035
lyon,9,10000000,4749.1753,21298.3,16549.1247
lyon,9,10000000,4754.6016,21303.736,16549.134400000003
lyon,9,10000000,4759.808,21308.922,16549.113999999998
lyon,9,10000000,4766.022,21315.062,16549.04
lyon,9,10000000,4771.2983,21320.412,16549.1137
nantes,9,10000000,4726.326,21275.188,16548.861999999997
nantes,9,10000000,4733.0503,21282.246,16549.1957
nantes,9,10000000,4738.2607,21287.477,16549.2163
nantes,9,10000000,4745.348,21294.54,16549.192000000003
