cluster,msg_size,start,end,duration
lyon,1000,5074.468,5074.468,0
lyon,1000,5120.453,5120.453,0
nancy,1000,5155.691,5155.691,0
nancy,1000,5206.6245,5206.6245,0
rennes,1000,4854.5913,4854.5913,0
rennes,1000,4900.06,4900.06,0
rennes,1000,5044.8096,5044.8096,0
rennes,1000,5090.835,5090.835,0
rennes,1000,5049.455,5049.455,0
rennes,1000,5095.445,5095.445,0
rennes,1000,5054.8916,5054.8916,0
rennes,1000,5100.5605,5100.5605,0
rennes,1000,5059.547,5059.547,0
rennes,1000,5104.6206,5104.6206,0
rennes,1000,5063.945,5063.945,0
rennes,1000,5109.2197,5109.2197,0
nantes,1000,5017.107,5017.107,0
nantes,1000,5062.9253,5062.9253,0
nantes,1000,5023.084,5023.084,0
nantes,1000,5068.939,5068.939,0
nantes,1000,5028.522,5028.522,0
nantes,1000,5073.7837,5073.7837,0
nantes,1000,5035.087,5035.087,0
nantes,1000,5080.1675,5080.1675,0
lyon,1000,5080.7744,5080.7744,0
lyon,1000,5125.938,5125.938,0
nantes,1000,5040.907,5040.907,0
nantes,1000,5086.762,5086.762,0
nantes,1000,4973.9707,4973.9707,0
nantes,1000,5019.2197,5019.2197,0
nantes,1000,4980.0405,4980.0405,0
nantes,1000,5025.5225,5025.5225,0
nantes,1000,4985.7485,4985.7485,0
nantes,1000,5030.8276,5030.8276,0
nantes,1000,4992.0093,4992.0093,0
nantes,1000,5037.766,5037.766,0
nantes,1000,4997.771,4997.771,0
nantes,1000,5043.1255,5043.1255,0
nancy,1000,5073.107,5073.107,0
nancy,1000,5123.8506,5123.8506,0
nancy,1000,5076.9146,5076.9146,0
nancy,1000,5127.9175,5127.9175,0
nancy,1000,5081.377,5081.377,0
nancy,1000,5132.821,5132.821,0
nancy,1000,5085.281,5085.281,0
nancy,1000,5135.9927,5135.9927,0
lyon,1000,5086.16,5086.16,0
lyon,1000,5131.672,5131.672,0
nancy,1000,5089.4736,5089.4736,0
nancy,1000,5140.6133,5140.6133,0
lyon,1000,4972.8633,4972.8633,0
lyon,1000,5018.4517,5018.4517,0
lyon,1000,4977.3857,4977.3857,0
lyon,1000,5022.4883,5022.4883,0
lyon,1000,4983.7793,4983.7793,0
lyon,1000,5029.1333,5029.1333,0
lyon,1000,4989.9424,4989.9424,0
lyon,1000,5036.163,5036.163,0
lyon,1000,4995.531,4995.531,0
lyon,1000,5041.521,5041.521,0
lyon,1000,4963.9404,4963.9404,0
lyon,1000,5009.4526,5009.4526,0
lyon,1000,4969.9766,4969.9766,0
lyon,1000,5015.707,5015.707,0
lyon,1000,4974.8916,4974.8916,0
lyon,1000,5020.2236,5020.2236,0
lyon,1000,4981.74,4981.74,0
lyon,1000,5027.023,5027.023,0
lyon,1000,5092.905,5092.905,0
lyon,1000,5138.55,5138.55,0
lyon,1000,4987.286,4987.286,0
lyon,1000,5033.0015,5033.0015,0
rennes,1000,4966.299,4966.299,0
rennes,1000,5011.4814,5011.4814,0
rennes,1000,4970.7573,4970.7573,0
rennes,1000,5016.668,5016.668,0
rennes,1000,4975.6396,4975.6396,0
rennes,1000,5021.387,5021.387,0
rennes,1000,4980.992,4980.992,0
rennes,1000,5026.7847,5026.7847,0
rennes,1000,4985.487,4985.487,0
rennes,1000,5031.154,5031.154,0
nantes,1000,4911.006,4911.006,0
nantes,1000,4956.312,4956.312,0
nantes,1000,4917.5405,4917.5405,0
nantes,1000,4962.44,4962.44,0
nantes,1000,4922.8584,4922.8584,0
nantes,1000,4968.273,4968.273,0
nantes,1000,4930.301,4930.301,0
nantes,1000,4975.2397,4975.2397,0
lyon,1000,5098.589,5098.589,0
lyon,1000,5144.2544,5144.2544,0
nantes,1000,4935.6094,4935.6094,0
nantes,1000,4981.3647,4981.3647,0
nantes,1000,4901.2173,4901.2173,0
nantes,1000,4947.13,4947.13,0
nantes,1000,4906.609,4906.609,0
nantes,1000,4952.0884,4952.0884,0
nantes,1000,4913.0977,4913.0977,0
nantes,1000,4958.448,4958.448,0
nantes,1000,4919.8086,4919.8086,0
nantes,1000,4964.766,4964.766,0
nantes,1000,4924.9497,4924.9497,0
nantes,1000,4970.038,4970.038,0
lyon,1000,4901.2837,4901.2837,0
lyon,1000,4947.34,4947.34,0
lyon,1000,4907.1167,4907.1167,0
lyon,1000,4953.038,4953.038,0
lyon,1000,4912.3647,4912.3647,0
lyon,1000,4957.829,4957.829,0
lyon,1000,4919.397,4919.397,0
lyon,1000,4965.2505,4965.2505,0
nancy,1000,5140.069,5140.069,0
nancy,1000,5190.846,5190.846,0
lyon,1000,4924.7134,4924.7134,0
lyon,1000,4969.981,4969.981,0
nancy,1000,4979.096,4979.096,0
nancy,1000,5029.952,5029.952,0
nancy,1000,4982.5425,4982.5425,0
nancy,1000,5033.611,5033.611,0
nancy,1000,4986.252,4986.252,0
nancy,1000,5037.0894,5037.0894,0
nancy,1000,4990.55,4990.55,0
nancy,1000,5041.4204,5041.4204,0
nancy,1000,4994.441,4994.441,0
nancy,1000,5045.78,5045.78,0
nancy,1000,4969.1553,4969.1553,0
nancy,1000,5019.773,5019.773,0
nancy,1000,4972.6904,4972.6904,0
nancy,1000,5023.1987,5023.1987,0
nancy,1000,4976.694,4976.694,0
nancy,1000,5027.36,5027.36,0
nancy,1000,4980.655,4980.655,0
nancy,1000,5031.7046,5031.7046,0
nancy,1000,5143.914,5143.914,0
nancy,1000,5194.997,5194.997,0
nancy,1000,4984.5605,4984.5605,0
nancy,1000,5035.463,5035.463,0
rennes,1000,4884.488,4884.488,0
rennes,1000,4929.573,4929.573,0
rennes,1000,4889.152,4889.152,0
rennes,1000,4934.208,4934.208,0
rennes,1000,4893.934,4893.934,0
rennes,1000,4939.736,4939.736,0
rennes,1000,4898.6987,4898.6987,0
rennes,1000,4944.125,4944.125,0
rennes,1000,4903.5713,4903.5713,0
rennes,1000,4948.7354,4948.7354,0
lyon,1000,4857.3604,4857.3604,0
lyon,1000,4903.4043,4903.4043,0
lyon,1000,4862.9077,4862.9077,0
lyon,1000,4908.2583,4908.2583,0
lyon,1000,4868.351,4868.351,0
lyon,1000,4913.9463,4913.9463,0
lyon,1000,4875.021,4875.021,0
lyon,1000,4920.8774,4920.8774,0
nancy,1000,5147.636,5147.636,0
nancy,1000,5198.248,5198.248,0
lyon,1000,4881.0015,4881.0015,0
lyon,1000,4926.4004,4926.4004,0
rennes,1000,4857.0415,4857.0415,0
rennes,1000,4902.2617,4902.2617,0
rennes,1000,4861.5034,4861.5034,0
rennes,1000,4906.7573,4906.7573,0
rennes,1000,4866.257,4866.257,0
rennes,1000,4911.675,4911.675,0
rennes,1000,4871.9287,4871.9287,0
rennes,1000,4917.056,4917.056,0
rennes,1000,4876.541,4876.541,0
rennes,1000,4922.2656,4922.2656,0
nantes,1000,4801.7524,4801.7524,0
nantes,1000,4847.2417,4847.2417,0
nantes,1000,4807.364,4807.364,0
nantes,1000,4852.546,4852.546,0
nantes,1000,4813.3696,4813.3696,0
nantes,1000,4859.207,4859.207,0
nantes,1000,4819.968,4819.968,0
nantes,1000,4865.0693,4865.0693,0
nancy,1000,5151.668,5151.668,0
nancy,1000,5202.9893,5202.9893,0
nantes,1000,4826.3696,4826.3696,0
nantes,1000,4871.53,4871.53,0
nancy,1000,4903.1763,4903.1763,0
nancy,1000,4953.7676,4953.7676,0
nancy,1000,4907.339,4907.339,0
nancy,1000,4958.411,4958.411,0
nancy,1000,4911.173,4911.173,0
nancy,1000,4962.525,4962.525,0
nancy,1000,4915.264,4915.264,0
nancy,1000,4966.108,4966.108,0
nancy,1000,4919.781,4919.781,0
nancy,1000,4970.627,4970.627,0
rennes,1000,4835.027,4835.027,0
rennes,1000,4881.0464,4881.0464,0
rennes,1000,4840.235,4840.235,0
rennes,1000,4885.314,4885.314,0
rennes,1000,4845.0854,4845.0854,0
rennes,1000,4890.862,4890.862,0
rennes,1000,4849.8965,4849.8965,0
rennes,1000,4894.976,4894.976,0
lyon,1000,5093.1626,5093.1626,0
lyon,1000,5139.211,5139.211,0
nancy,1000,5195.0654,5195.0654,0
nancy,1000,5246.4185,5246.4185,0
rennes,1000,4869.4272,4869.4272,0
rennes,1000,4915.262,4915.262,0
rennes,1000,5073.5996,5073.5996,0
rennes,1000,5119.781,5119.781,0
rennes,1000,5078.4214,5078.4214,0
rennes,1000,5124.4927,5124.4927,0
rennes,1000,5083.2124,5083.2124,0
rennes,1000,5128.7705,5128.7705,0
rennes,1000,5087.8276,5087.8276,0
rennes,1000,5133.925,5133.925,0
rennes,1000,5092.3076,5092.3076,0
rennes,1000,5138.5503,5138.5503,0
nantes,1000,5050.4536,5050.4536,0
nantes,1000,5096.4194,5096.4194,0
nantes,1000,5055.9346,5055.9346,0
nantes,1000,5101.892,5101.892,0
nantes,1000,5062.5156,5062.5156,0
nantes,1000,5108.5366,5108.5366,0
nantes,1000,5068.154,5068.154,0
nantes,1000,5113.5967,5113.5967,0
lyon,1000,5099.5713,5099.5713,0
lyon,1000,5145.143,5145.143,0
nantes,1000,5073.625,5073.625,0
nantes,1000,5119.043,5119.043,0
nantes,1000,5021.5166,5021.5166,0
nantes,1000,5067.048,5067.048,0
nantes,1000,5027.5366,5027.5366,0
nantes,1000,5073.113,5073.113,0
nantes,1000,5033.6206,5033.6206,0
nantes,1000,5079.626,5079.626,0
nantes,1000,5040.2544,5040.2544,0
nantes,1000,5086.1646,5086.1646,0
nantes,1000,5046.034,5046.034,0
nantes,1000,5092.1846,5092.1846,0
nancy,1000,5116.8975,5116.8975,0
nancy,1000,5168.246,5168.246,0
nancy,1000,5120.7188,5120.7188,0
nancy,1000,5172.3164,5172.3164,0
nancy,1000,5124.969,5124.969,0
nancy,1000,5175.844,5175.844,0
nancy,1000,5129.2935,5129.2935,0
nancy,1000,5180.5664,5180.5664,0
lyon,1000,5104.401,5104.401,0
lyon,1000,5149.91,5149.91,0
nancy,1000,5133.3984,5133.3984,0
nancy,1000,5184.8716,5184.8716,0
lyon,1000,5009.7544,5009.7544,0
lyon,1000,5055.6973,5055.6973,0
lyon,1000,5014.7173,5014.7173,0
lyon,1000,5060.534,5060.534,0
lyon,1000,5020.4736,5020.4736,0
lyon,1000,5066.3247,5066.3247,0
lyon,1000,5026.7524,5026.7524,0
lyon,1000,5072.7847,5072.7847,0
lyon,1000,5032.3384,5032.3384,0
lyon,1000,5077.852,5077.852,0
lyon,1000,5002.623,5002.623,0
lyon,1000,5048.254,5048.254,0
lyon,1000,5008.2295,5008.2295,0
lyon,1000,5054.0303,5054.0303,0
lyon,1000,5013.7227,5013.7227,0
lyon,1000,5059.124,5059.124,0
lyon,1000,5020.1704,5020.1704,0
lyon,1000,5065.567,5065.567,0
lyon,1000,5111.235,5111.235,0
lyon,1000,5156.818,5156.818,0
lyon,1000,5025.474,5025.474,0
lyon,1000,5071.386,5071.386,0
rennes,1000,5004.499,5004.499,0
rennes,1000,5050.195,5050.195,0
rennes,1000,5009.0605,5009.0605,0
rennes,1000,5054.7227,5054.7227,0
rennes,1000,5014.603,5014.603,0
rennes,1000,5060.3076,5060.3076,0
rennes,1000,5019.5933,5019.5933,0
rennes,1000,5065.1724,5065.1724,0
rennes,1000,5024.011,5024.011,0
rennes,1000,5070.101,5070.101,0
nantes,1000,4934.81,4934.81,0
nantes,1000,4980.8174,4980.8174,0
nantes,1000,4941.191,4941.191,0
nantes,1000,4986.624,4986.624,0
nantes,1000,4946.62,4946.62,0
nantes,1000,4992.0415,4992.0415,0
nantes,1000,4953.4414,4953.4414,0
nantes,1000,4998.8696,4998.8696,0
lyon,1000,5116.506,5116.506,0
lyon,1000,5162.034,5162.034,0
nantes,1000,4959.4536,4959.4536,0
nantes,1000,5005.2188,5005.2188,0
nantes,1000,4923.0356,4923.0356,0
nantes,1000,4968.4346,4968.4346,0
nantes,1000,4929.513,4929.513,0
nantes,1000,4974.9214,4974.9214,0
nantes,1000,4935.0776,4935.0776,0
nantes,1000,4980.723,4980.723,0
nantes,1000,4941.7144,4941.7144,0
nantes,1000,4987.233,4987.233,0
nantes,1000,4947.1147,4947.1147,0
nantes,1000,4992.6763,4992.6763,0
lyon,1000,4938.4224,4938.4224,0
lyon,1000,4983.897,4983.897,0
lyon,1000,4945.0674,4945.0674,0
lyon,1000,4991.222,4991.222,0
lyon,1000,4950.6113,4950.6113,0
lyon,1000,4996.2666,4996.2666,0
lyon,1000,4957.275,4957.275,0
lyon,1000,5003.168,5003.168,0
nancy,1000,5179.8975,5179.8975,0
nancy,1000,5231.39,5231.39,0
lyon,1000,4963.085,4963.085,0
lyon,1000,5008.532,5008.532,0
nancy,1000,5019.3516,5019.3516,0
nancy,1000,5070.459,5070.459,0
nancy,1000,5023.205,5023.205,0
nancy,1000,5074.025,5074.025,0
nancy,1000,5027.207,5027.207,0
nancy,1000,5078.7964,5078.7964,0
nancy,1000,5030.969,5030.969,0
nancy,1000,5082.2944,5082.2944,0
nancy,1000,5034.57,5034.57,0
nancy,1000,5086.0044,5086.0044,0
nancy,1000,4993.107,4993.107,0
nancy,1000,5044.362,5044.362,0
nancy,1000,4997.023,4997.023,0
nancy,1000,5048.1836,5048.1836,0
nancy,1000,5001.312,5001.312,0
nancy,1000,5052.219,5052.219,0
nancy,1000,5005.473,5005.473,0
nancy,1000,5056.7607,5056.7607,0
nancy,1000,5183.4614,5183.4614,0
nancy,1000,5235.1426,5235.1426,0
nancy,1000,5009.622,5009.622,0
nancy,1000,5060.7983,5060.7983,0
rennes,1000,4886.507,4886.507,0
rennes,1000,4932.041,4932.041,0
rennes,1000,4891.4453,4891.4453,0
rennes,1000,4936.9927,4936.9927,0
rennes,1000,4896.219,4896.219,0
rennes,1000,4941.753,4941.753,0
rennes,1000,4901.6895,4901.6895,0
rennes,1000,4947.792,4947.792,0
rennes,1000,4906.617,4906.617,0
rennes,1000,4952.0654,4952.0654,0
lyon,1000,4878.473,4878.473,0
lyon,1000,4924.403,4924.403,0
lyon,1000,4884.389,4884.389,0
lyon,1000,4930.44,4930.44,0
lyon,1000,4889.3486,4889.3486,0
lyon,1000,4935.3467,4935.3467,0
lyon,1000,4895.559,4895.559,0
lyon,1000,4941.265,4941.265,0
nancy,1000,5187.2837,5187.2837,0
nancy,1000,5238.7344,5238.7344,0
lyon,1000,4901.0557,4901.0557,0
lyon,1000,4947.3228,4947.3228,0
rennes,1000,4867.828,4867.828,0
rennes,1000,4913.2744,4913.2744,0
rennes,1000,4872.293,4872.293,0
rennes,1000,4918.133,4918.133,0
rennes,1000,4876.927,4876.927,0
rennes,1000,4923.1357,4923.1357,0
rennes,1000,4881.936,4881.936,0
rennes,1000,4927.37,4927.37,0
rennes,1000,4887.2363,4887.2363,0
rennes,1000,4933.1226,4933.1226,0
nantes,1000,4829.9463,4829.9463,0
nantes,1000,4875.6978,4875.6978,0
nantes,1000,4836.302,4836.302,0
nantes,1000,4882.0176,4882.0176,0
nantes,1000,4842.2563,4842.2563,0
nantes,1000,4887.7183,4887.7183,0
nantes,1000,4849.0674,4849.0674,0
nantes,1000,4894.638,4894.638,0
nancy,1000,5191.3276,5191.3276,0
nancy,1000,5242.2017,5242.2017,0
nantes,1000,4854.812,4854.812,0
nantes,1000,4900.812,4900.812,0
nancy,1000,4925.326,4925.326,0
nancy,1000,4976.4897,4976.4897,0
nancy,1000,4928.91,4928.91,0
nancy,1000,4980.5815,4980.5815,0
nancy,1000,4932.846,4932.846,0
nancy,1000,4983.684,4983.684,0
nancy,1000,4936.8022,4936.8022,0
nancy,1000,4987.9536,4987.9536,0
nancy,1000,4940.311,4940.311,0
nancy,1000,4991.408,4991.408,0
rennes,1000,4850.9116,4850.9116,0
rennes,1000,4896.514,4896.514,0
rennes,1000,4855.593,4855.593,0
rennes,1000,4901.462,4901.462,0
rennes,1000,4860.4624,4860.4624,0
rennes,1000,4905.95,4905.95,0
rennes,1000,4864.9385,4864.9385,0
rennes,1000,4910.92,4910.92,0
lyon,1000,4984.97,4984.97,0
lyon,1000,5030.598,5030.598,0
nancy,1000,5059.614,5059.614,0
nancy,1000,5110.6455,5110.6455,0
rennes,1000,4851.299,4851.299,0
rennes,1000,4897.166,4897.166,0
rennes,1000,4978.7207,4978.7207,0
rennes,1000,5024.2085,5024.2085,0
rennes,1000,4983.44,4983.44,0
rennes,1000,5029.983,5029.983,0
rennes,1000,4988.149,4988.149,0
rennes,1000,5033.643,5033.643,0
rennes,1000,4993.5073,4993.5073,0
rennes,1000,5038.8003,5038.8003,0
rennes,1000,4998.0273,4998.0273,0
rennes,1000,5043.6455,5043.6455,0
nantes,1000,4925.3564,4925.3564,0
nantes,1000,4970.8623,4970.8623,0
nantes,1000,4930.669,4930.669,0
nantes,1000,4975.776,4975.776,0
nantes,1000,4936.3794,4936.3794,0
nantes,1000,4981.5366,4981.5366,0
nantes,1000,4942.4805,4942.4805,0
nantes,1000,4987.559,4987.559,0
lyon,1000,4991.0137,4991.0137,0
lyon,1000,5037.183,5037.183,0
nantes,1000,4948.5073,4948.5073,0
nantes,1000,4994.3696,4994.3696,0
nantes,1000,4906.5645,4906.5645,0
nantes,1000,4951.656,4951.656,0
nantes,1000,4912.6255,4912.6255,0
nantes,1000,4958.97,4958.97,0
nantes,1000,4918.324,4918.324,0
nantes,1000,4964.655,4964.655,0
nantes,1000,4924.7417,4924.7417,0
nantes,1000,4970.391,4970.391,0
nantes,1000,4930.362,4930.362,0
nantes,1000,4976.3276,4976.3276,0
nancy,1000,5035.319,5035.319,0
nancy,1000,5086.125,5086.125,0
nancy,1000,5039.0146,5039.0146,0
nancy,1000,5089.798,5089.798,0
nancy,1000,5043.082,5043.082,0
nancy,1000,5094.268,5094.268,0
nancy,1000,5046.993,5046.993,0
nancy,1000,5099.1343,5099.1343,0
lyon,1000,4996.2944,4996.2944,0
lyon,1000,5042.366,5042.366,0
nancy,1000,5050.9004,5050.9004,0
nancy,1000,5101.8877,5101.8877,0
lyon,1000,4921.902,4921.902,0
lyon,1000,4967.518,4967.518,0
lyon,1000,4928.5195,4928.5195,0
lyon,1000,4973.9595,4973.9595,0
lyon,1000,4933.5405,4933.5405,0
lyon,1000,4979.0645,4979.0645,0
lyon,1000,4940.0522,4940.0522,0
lyon,1000,4986.0034,4986.0034,0
lyon,1000,4945.7007,4945.7007,0
lyon,1000,4991.2466,4991.2466,0
lyon,1000,4902.225,4902.225,0
lyon,1000,4948.39,4948.39,0
lyon,1000,4908.269,4908.269,0
lyon,1000,4953.837,4953.837,0
lyon,1000,4913.1587,4913.1587,0
lyon,1000,4959.364,4959.364,0
lyon,1000,4919.2725,4919.2725,0
lyon,1000,4965.7246,4965.7246,0
lyon,1000,5002.6772,5002.6772,0
lyon,1000,5049.136,5049.136,0
lyon,1000,4925.045,4925.045,0
lyon,1000,4971.4546,4971.4546,0
rennes,1000,4926.985,4926.985,0
rennes,1000,4973.1304,4973.1304,0
rennes,1000,4931.5425,4931.5425,0
rennes,1000,4977.118,4977.118,0
rennes,1000,4936.451,4936.451,0
rennes,1000,4982.7617,4982.7617,0
rennes,1000,4941.502,4941.502,0
rennes,1000,4986.6753,4986.6753,0
rennes,1000,4946.028,4946.028,0
rennes,1000,4992.294,4992.294,0
nantes,1000,4860.3306,4860.3306,0
nantes,1000,4906.0347,4906.0347,0
nantes,1000,4866.809,4866.809,0
nantes,1000,4911.9653,4911.9653,0
nantes,1000,4872.327,4872.327,0
nantes,1000,4918.5015,4918.5015,0
nantes,1000,4879.7246,4879.7246,0
nantes,1000,4926.091,4926.091,0
lyon,1000,5008.232,5008.232,0
lyon,1000,5053.6284,5053.6284,0
nantes,1000,4885.2314,4885.2314,0
nantes,1000,4931.228,4931.228,0
nantes,1000,4824.177,4824.177,0
nantes,1000,4869.455,4869.455,0
nantes,1000,4830.3364,4830.3364,0
nantes,1000,4876.37,4876.37,0
nantes,1000,4835.491,4835.491,0
nantes,1000,4882.0283,4882.0283,0
nantes,1000,4842.031,4842.031,0
nantes,1000,4887.975,4887.975,0
nantes,1000,4848.041,4848.041,0
nantes,1000,4893.9097,4893.9097,0
lyon,1000,4866.5493,4866.5493,0
lyon,1000,4912.354,4912.354,0
lyon,1000,4872.752,4872.752,0
lyon,1000,4918.3545,4918.3545,0
lyon,1000,4877.963,4877.963,0
lyon,1000,4923.968,4923.968,0
lyon,1000,4884.526,4884.526,0
lyon,1000,4930.581,4930.581,0
nancy,1000,5043.444,5043.444,0
nancy,1000,5094.2466,5094.2466,0
lyon,1000,4889.88,4889.88,0
lyon,1000,4935.26,4935.26,0
nancy,1000,4945.974,4945.974,0
nancy,1000,4996.7,4996.7,0
nancy,1000,4950.146,4950.146,0
nancy,1000,5001.7217,5001.7217,0
nancy,1000,4954.0645,4954.0645,0
nancy,1000,5005.6055,5005.6055,0
nancy,1000,4958.1113,4958.1113,0
nancy,1000,5009.966,5009.966,0
nancy,1000,4961.9346,4961.9346,0
nancy,1000,5012.94,5012.94,0
nancy,1000,4961.7026,4961.7026,0
nancy,1000,5012.461,5012.461,0
nancy,1000,4965.1484,4965.1484,0
nancy,1000,5016.1494,5016.1494,0
nancy,1000,4968.933,4968.933,0
nancy,1000,5020.5728,5020.5728,0
nancy,1000,4972.8403,4972.8403,0
nancy,1000,5024.0884,5024.0884,0
nancy,1000,5047.272,5047.272,0
nancy,1000,5098.6987,5098.6987,0
nancy,1000,4976.864,4976.864,0
nancy,1000,5027.568,5027.568,0
rennes,1000,4886.569,4886.569,0
rennes,1000,4932.089,4932.089,0
rennes,1000,4891.096,4891.096,0
rennes,1000,4937.2236,4937.2236,0
rennes,1000,4895.874,4895.874,0
rennes,1000,4941.4033,4941.4033,0
rennes,1000,4900.571,4900.571,0
rennes,1000,4946.624,4946.624,0
rennes,1000,4905.5938,4905.5938,0
rennes,1000,4951.952,4951.952,0
lyon,1000,4862.2617,4862.2617,0
lyon,1000,4908.3813,4908.3813,0
lyon,1000,4868.518,4868.518,0
lyon,1000,4913.87,4913.87,0
lyon,1000,4873.637,4873.637,0
lyon,1000,4919.367,4919.367,0
lyon,1000,4880.4595,4880.4595,0
lyon,1000,4926.084,4926.084,0
nancy,1000,5051.475,5051.475,0
nancy,1000,5102.7246,5102.7246,0
lyon,1000,4885.9785,4885.9785,0
lyon,1000,4932.497,4932.497,0
rennes,1000,4892.367,4892.367,0
rennes,1000,4937.9785,4937.9785,0
rennes,1000,4896.815,4896.815,0
rennes,1000,4942.248,4942.248,0
rennes,1000,4901.55,4901.55,0
rennes,1000,4947.0835,4947.0835,0
rennes,1000,4905.904,4905.904,0
rennes,1000,4951.6494,4951.6494,0
rennes,1000,4910.9927,4910.9927,0
rennes,1000,4956.6,4956.6,0
nantes,1000,4805.584,4805.584,0
nantes,1000,4852.499,4852.499,0
nantes,1000,4811.6606,4811.6606,0
nantes,1000,4858.325,4858.325,0
nantes,1000,4817.6616,4817.6616,0
nantes,1000,4862.98,4862.98,0
nantes,1000,4824.1504,4824.1504,0
nantes,1000,4869.72,4869.72,0
nancy,1000,5055.4307,5055.4307,0
nancy,1000,5106.107,5106.107,0
nantes,1000,4829.538,4829.538,0
nantes,1000,4875.5337,4875.5337,0
nancy,1000,4933.4937,4933.4937,0
nancy,1000,4984.2046,4984.2046,0
nancy,1000,4937.183,4937.183,0
nancy,1000,4989.0835,4989.0835,0
nancy,1000,4941.1523,4941.1523,0
nancy,1000,4992.045,4992.045,0
nancy,1000,4945.3467,4945.3467,0
nancy,1000,4997.103,4997.103,0
nancy,1000,4949.4756,4949.4756,0
nancy,1000,5001.713,5001.713,0
rennes,1000,4831.619,4831.619,0
rennes,1000,4877.2993,4877.2993,0
rennes,1000,4836.4634,4836.4634,0
rennes,1000,4881.815,4881.815,0
rennes,1000,4841.661,4841.661,0
rennes,1000,4886.977,4886.977,0
rennes,1000,4846.4404,4846.4404,0
rennes,1000,4891.7725,4891.7725,0
lyon,1000,5081.6235,5081.6235,0
lyon,1000,5126.3936,5126.3936,0
nancy,1000,5173.831,5173.831,0
nancy,1000,5223.9863,5223.9863,0
rennes,1000,4899.9556,4899.9556,0
rennes,1000,4944.271,4944.271,0
rennes,1000,5086.362,5086.362,0
rennes,1000,5130.8584,5130.8584,0
rennes,1000,5091.356,5091.356,0
rennes,1000,5136.3247,5136.3247,0
rennes,1000,5095.987,5095.987,0
rennes,1000,5140.497,5140.497,0
rennes,1000,5100.543,5100.543,0
rennes,1000,5145.759,5145.759,0
rennes,1000,5105.0806,5105.0806,0
rennes,1000,5150.1167,5150.1167,0
nantes,1000,5034.829,5034.829,0
nantes,1000,5079.1084,5079.1084,0
nantes,1000,5040.431,5040.431,0
nantes,1000,5084.8965,5084.8965,0
nantes,1000,5045.5034,5045.5034,0
nantes,1000,5089.769,5089.769,0
nantes,1000,5052.7046,5052.7046,0
nantes,1000,5096.9585,5096.9585,0
lyon,1000,5087.578,5087.578,0
lyon,1000,5132.474,5132.474,0
nantes,1000,5058.1846,5058.1846,0
nantes,1000,5103.082,5103.082,0
nantes,1000,5014.592,5014.592,0
nantes,1000,5059.2886,5059.2886,0
nantes,1000,5021.1562,5021.1562,0
nantes,1000,5065.903,5065.903,0
nantes,1000,5026.2705,5026.2705,0
nantes,1000,5070.976,5070.976,0
nantes,1000,5032.539,5032.539,0
nantes,1000,5077.3887,5077.3887,0
nantes,1000,5038.058,5038.058,0
nantes,1000,5082.9355,5082.9355,0
nancy,1000,5130.423,5130.423,0
nancy,1000,5180.4775,5180.4775,0
nancy,1000,5134.3623,5134.3623,0
nancy,1000,5184.699,5184.699,0
nancy,1000,5138.548,5138.548,0
nancy,1000,5189.197,5189.197,0
nancy,1000,5142.8184,5142.8184,0
nancy,1000,5192.8926,5192.8926,0
lyon,1000,5092.6924,5092.6924,0
lyon,1000,5137.2295,5137.2295,0
nancy,1000,5146.812,5146.812,0
nancy,1000,5197.464,5197.464,0
lyon,1000,5011.7554,5011.7554,0
lyon,1000,5056.4873,5056.4873,0
lyon,1000,5016.174,5016.174,0
lyon,1000,5061.3735,5061.3735,0
lyon,1000,5021.9287,5021.9287,0
lyon,1000,5066.975,5066.975,0
lyon,1000,5028.644,5028.644,0
lyon,1000,5073.8765,5073.8765,0
lyon,1000,5033.7725,5033.7725,0
lyon,1000,5078.7886,5078.7886,0
lyon,1000,4988.103,4988.103,0
lyon,1000,5032.9727,5032.9727,0
lyon,1000,4993.7925,4993.7925,0
lyon,1000,5038.973,5038.973,0
lyon,1000,4998.998,4998.998,0
lyon,1000,5043.8833,5043.8833,0
lyon,1000,5005.24,5005.24,0
lyon,1000,5050.135,5050.135,0
lyon,1000,5099.7812,5099.7812,0
lyon,1000,5144.3687,5144.3687,0
lyon,1000,5011.0737,5011.0737,0
lyon,1000,5056.1353,5056.1353,0
rennes,1000,5005.6836,5005.6836,0
rennes,1000,5050.4434,5050.4434,0
rennes,1000,5010.016,5010.016,0
rennes,1000,5054.89,5054.89,0
rennes,1000,5014.6196,5014.6196,0
rennes,1000,5059.1665,5059.1665,0
rennes,1000,5019.624,5019.624,0
rennes,1000,5064.503,5064.503,0
rennes,1000,5024.554,5024.554,0
rennes,1000,5069.4146,5069.4146,0
nantes,1000,4959.3125,4959.3125,0
nantes,1000,5003.5767,5003.5767,0
nantes,1000,4965.808,4965.808,0
nantes,1000,5010.065,5010.065,0
nantes,1000,4971.008,4971.008,0
nantes,1000,5015.396,5015.396,0
nantes,1000,4977.8394,4977.8394,0
nantes,1000,5022.4106,5022.4106,0
lyon,1000,5105.204,5105.204,0
lyon,1000,5150.032,5150.032,0
nantes,1000,4983.7505,4983.7505,0
nantes,1000,5028.646,5028.646,0
nantes,1000,4955.179,4955.179,0
nantes,1000,5000.1943,5000.1943,0
nantes,1000,4960.7114,4960.7114,0
nantes,1000,5005.0083,5005.0083,0
nantes,1000,4966.9883,4966.9883,0
nantes,1000,5012.4155,5012.4155,0
nantes,1000,4972.36,4972.36,0
nantes,1000,5016.593,5016.593,0
nantes,1000,4978.4155,4978.4155,0
nantes,1000,5023.531,5023.531,0
lyon,1000,4954.831,4954.831,0
lyon,1000,4999.3486,4999.3486,0
lyon,1000,4960.9106,4960.9106,0
lyon,1000,5005.598,5005.598,0
lyon,1000,4965.854,4965.854,0
lyon,1000,5010.262,5010.262,0
lyon,1000,4972.4673,4972.4673,0
lyon,1000,5017.613,5017.613,0
nancy,1000,5157.9463,5157.9463,0
nancy,1000,5208.503,5208.503,0
lyon,1000,4977.856,4977.856,0
lyon,1000,5022.865,5022.865,0
nancy,1000,5025.082,5025.082,0
nancy,1000,5075.289,5075.289,0
nancy,1000,5029.015,5029.015,0
nancy,1000,5079.1777,5079.1777,0
nancy,1000,5033.1514,5033.1514,0
nancy,1000,5083.375,5083.375,0
nancy,1000,5037.1724,5037.1724,0
nancy,1000,5087.1284,5087.1284,0
nancy,1000,5041.255,5041.255,0
nancy,1000,5091.646,5091.646,0
nancy,1000,5032.761,5032.761,0
nancy,1000,5083.2295,5083.2295,0
nancy,1000,5036.5127,5036.5127,0
nancy,1000,5086.59,5086.59,0
nancy,1000,5040.2354,5040.2354,0
nancy,1000,5090.784,5090.784,0
nancy,1000,5044.2305,5044.2305,0
nancy,1000,5094.3813,5094.3813,0
nancy,1000,5161.7676,5161.7676,0
nancy,1000,5211.985,5211.985,0
nancy,1000,5047.841,5047.841,0
nancy,1000,5098.4146,5098.4146,0
rennes,1000,4936.1685,4936.1685,0
rennes,1000,4980.6147,4980.6147,0
rennes,1000,4940.955,4940.955,0
rennes,1000,4985.8374,4985.8374,0
rennes,1000,4946.0664,4946.0664,0
rennes,1000,4990.4673,4990.4673,0
rennes,1000,4951.0674,4951.0674,0
rennes,1000,4996.023,4996.023,0
rennes,1000,4955.829,4955.829,0
rennes,1000,5000.511,5000.511,0
lyon,1000,4899.108,4899.108,0
lyon,1000,4943.47,4943.47,0
lyon,1000,4904.1074,4904.1074,0
lyon,1000,4949.2036,4949.2036,0
lyon,1000,4909.7183,4909.7183,0
lyon,1000,4954.2886,4954.2886,0
lyon,1000,4916.1074,4916.1074,0
lyon,1000,4960.635,4960.635,0
nancy,1000,5165.6626,5165.6626,0
nancy,1000,5216.2466,5216.2466,0
lyon,1000,4921.8853,4921.8853,0
lyon,1000,4966.3823,4966.3823,0
rennes,1000,4922.754,4922.754,0
rennes,1000,4967.605,4967.605,0
rennes,1000,4927.173,4927.173,0
rennes,1000,4972.001,4972.001,0
rennes,1000,4932.055,4932.055,0
rennes,1000,4976.8076,4976.8076,0
rennes,1000,4936.723,4936.723,0
rennes,1000,4981.745,4981.745,0
rennes,1000,4941.387,4941.387,0
rennes,1000,4986.173,4986.173,0
nantes,1000,4865.2124,4865.2124,0
nantes,1000,4910.28,4910.28,0
nantes,1000,4871.4897,4871.4897,0
nantes,1000,4916.552,4916.552,0
nantes,1000,4877.345,4877.345,0
nantes,1000,4921.7095,4921.7095,0
nantes,1000,4883.4395,4883.4395,0
nantes,1000,4928.104,4928.104,0
nancy,1000,5169.933,5169.933,0
nancy,1000,5219.9033,5219.9033,0
nantes,1000,4889.7007,4889.7007,0
nantes,1000,4934.269,4934.269,0
nancy,1000,4959.8975,4959.8975,0
nancy,1000,5009.996,5009.996,0
nancy,1000,4963.607,4963.607,0
nancy,1000,5013.57,5013.57,0
nancy,1000,4967.599,4967.599,0
nancy,1000,5017.4673,5017.4673,0
nancy,1000,4971.6616,4971.6616,0
nancy,1000,5022.07,5022.07,0
nancy,1000,4975.6074,4975.6074,0
nancy,1000,5025.7505,5025.7505,0
rennes,1000,4880.3384,4880.3384,0
rennes,1000,4925.0435,4925.0435,0
rennes,1000,4885.1045,4885.1045,0
rennes,1000,4930.3066,4930.3066,0
rennes,1000,4889.586,4889.586,0
rennes,1000,4934.3613,4934.3613,0
rennes,1000,4895.333,4895.333,0
rennes,1000,4940.524,4940.524,0
lyon,1000,5056.195,5056.195,0
lyon,1000,5101.6885,5101.6885,0
nancy,1000,5145.404,5145.404,0
nancy,1000,5195.59,5195.59,0
rennes,1000,4879.8647,4879.8647,0
rennes,1000,4924.4976,4924.4976,0
rennes,1000,5041.1895,5041.1895,0
rennes,1000,5086.27,5086.27,0
rennes,1000,5045.6616,5045.6616,0
rennes,1000,5090.752,5090.752,0
rennes,1000,5050.6636,5050.6636,0
rennes,1000,5095.297,5095.297,0
rennes,1000,5055.1963,5055.1963,0
rennes,1000,5099.8555,5099.8555,0
rennes,1000,5060.0366,5060.0366,0
rennes,1000,5105.138,5105.138,0
nantes,1000,5014.0244,5014.0244,0
nantes,1000,5058.7256,5058.7256,0
nantes,1000,5020.477,5020.477,0
nantes,1000,5065.517,5065.517,0
nantes,1000,5026.171,5026.171,0
nantes,1000,5070.7065,5070.7065,0
nantes,1000,5033.0356,5033.0356,0
nantes,1000,5077.9023,5077.9023,0
lyon,1000,5062.4224,5062.4224,0
lyon,1000,5107.703,5107.703,0
nantes,1000,5038.6006,5038.6006,0
nantes,1000,5083.2837,5083.2837,0
nantes,1000,4985.768,4985.768,0
nantes,1000,5030.548,5030.548,0
nantes,1000,4991.8374,4991.8374,0
nantes,1000,5037.178,5037.178,0
nantes,1000,4997.6094,4997.6094,0
nantes,1000,5042.1504,5042.1504,0
nantes,1000,5004.049,5004.049,0
nantes,1000,5049.1724,5049.1724,0
nantes,1000,5009.7354,5009.7354,0
nantes,1000,5054.6724,5054.6724,0
nancy,1000,5093.014,5093.014,0
nancy,1000,5143.7754,5143.7754,0
nancy,1000,5096.8164,5096.8164,0
nancy,1000,5147.005,5147.005,0
nancy,1000,5100.4365,5100.4365,0
nancy,1000,5150.7896,5150.7896,0
nancy,1000,5104.5225,5104.5225,0
nancy,1000,5154.674,5154.674,0
lyon,1000,5067.5225,5067.5225,0
lyon,1000,5112.8516,5112.8516,0
nancy,1000,5108.6377,5108.6377,0
nancy,1000,5158.8237,5158.8237,0
lyon,1000,4986.8457,4986.8457,0
lyon,1000,5031.4194,5031.4194,0
lyon,1000,4992.852,4992.852,0
lyon,1000,5038.2534,5038.2534,0
lyon,1000,4998.37,4998.37,0
lyon,1000,5043.7197,5043.7197,0
lyon,1000,5004.863,5004.863,0
lyon,1000,5050.1943,5050.1943,0
lyon,1000,5010.3403,5010.3403,0
lyon,1000,5055.635,5055.635,0
lyon,1000,4979.136,4979.136,0
lyon,1000,5024.5884,5024.5884,0
lyon,1000,4985.4897,4985.4897,0
lyon,1000,5030.7837,5030.7837,0
lyon,1000,4990.9634,4990.9634,0
lyon,1000,5036.3857,5036.3857,0
lyon,1000,4997.2925,4997.2925,0
lyon,1000,5041.9297,5041.9297,0
lyon,1000,5074.267,5074.267,0
lyon,1000,5119.105,5119.105,0
lyon,1000,5002.8374,5002.8374,0
lyon,1000,5047.483,5047.483,0
rennes,1000,4989.0835,4989.0835,0
rennes,1000,5034.2886,5034.2886,0
rennes,1000,4993.637,4993.637,0
rennes,1000,5038.5234,5038.5234,0
rennes,1000,4998.5767,4998.5767,0
rennes,1000,5043.6426,5043.6426,0
rennes,1000,5003.2354,5003.2354,0
rennes,1000,5048.083,5048.083,0
rennes,1000,5008.448,5008.448,0
rennes,1000,5053.383,5053.383,0
nantes,1000,4930.137,4930.137,0
nantes,1000,4974.9385,4974.9385,0
nantes,1000,4936.2495,4936.2495,0
nantes,1000,4981.481,4981.481,0
nantes,1000,4941.7676,4941.7676,0
nantes,1000,4986.447,4986.447,0
nantes,1000,4948.448,4948.448,0
nantes,1000,4993.3687,4993.3687,0
lyon,1000,5079.42,5079.42,0
lyon,1000,5124.39,5124.39,0
nantes,1000,4953.657,4953.657,0
nantes,1000,4998.401,4998.401,0
nantes,1000,4919.8057,4919.8057,0
nantes,1000,4965.177,4965.177,0
nantes,1000,4926.861,4926.861,0
nantes,1000,4971.2812,4971.2812,0
nantes,1000,4932.101,4932.101,0
nantes,1000,4976.5728,4976.5728,0
nantes,1000,4938.8755,4938.8755,0
nantes,1000,4983.9946,4983.9946,0
nantes,1000,4944.6245,4944.6245,0
nantes,1000,4989.9873,4989.9873,0
lyon,1000,4927.327,4927.327,0
lyon,1000,4972.434,4972.434,0
lyon,1000,4932.9814,4932.9814,0
lyon,1000,4977.97,4977.97,0
lyon,1000,4938.8164,4938.8164,0
lyon,1000,4984.645,4984.645,0
lyon,1000,4945.565,4945.565,0
lyon,1000,4990.703,4990.703,0
nancy,1000,5129.7056,5129.7056,0
nancy,1000,5180.132,5180.132,0
lyon,1000,4950.834,4950.834,0
lyon,1000,4995.9644,4995.9644,0
nancy,1000,4992.328,4992.328,0
nancy,1000,5042.816,5042.816,0
nancy,1000,4996.1636,4996.1636,0
nancy,1000,5046.271,5046.271,0
nancy,1000,5000.02,5000.02,0
nancy,1000,5050.272,5050.272,0
nancy,1000,5004.1416,5004.1416,0
nancy,1000,5054.2705,5054.2705,0
nancy,1000,5007.9688,5007.9688,0
nancy,1000,5058.147,5058.147,0
nancy,1000,4988.6733,4988.6733,0
nancy,1000,5038.6865,5038.6865,0
nancy,1000,4992.2603,4992.2603,0
nancy,1000,5042.8794,5042.8794,0
nancy,1000,4995.7983,4995.7983,0
nancy,1000,5046.517,5046.517,0
nancy,1000,4999.5923,4999.5923,0
nancy,1000,5050.281,5050.281,0
nancy,1000,5133.5166,5133.5166,0
nancy,1000,5183.6943,5183.6943,0
nancy,1000,5003.277,5003.277,0
nancy,1000,5053.694,5053.694,0
rennes,1000,4899.8193,4899.8193,0
rennes,1000,4944.806,4944.806,0
rennes,1000,4904.4243,4904.4243,0
rennes,1000,4949.515,4949.515,0
rennes,1000,4908.9243,4908.9243,0
rennes,1000,4953.9097,4953.9097,0
rennes,1000,4914.0176,4914.0176,0
rennes,1000,4959.4443,4959.4443,0
rennes,1000,4918.6035,4918.6035,0
rennes,1000,4963.6064,4963.6064,0
lyon,1000,4866.9575,4866.9575,0
lyon,1000,4911.964,4911.964,0
lyon,1000,4873.1304,4873.1304,0
lyon,1000,4918.4375,4918.4375,0
lyon,1000,4878.0967,4878.0967,0
lyon,1000,4923.121,4923.121,0
lyon,1000,4884.7036,4884.7036,0
lyon,1000,4929.6387,4929.6387,0
nancy,1000,5137.436,5137.436,0
nancy,1000,5187.785,5187.785,0
lyon,1000,4889.944,4889.944,0
lyon,1000,4934.885,4934.885,0
rennes,1000,4900.0615,4900.0615,0
rennes,1000,4945.1553,4945.1553,0
rennes,1000,4904.65,4904.65,0
rennes,1000,4950.4146,4950.4146,0
rennes,1000,4909.2896,4909.2896,0
rennes,1000,4954.3247,4954.3247,0
rennes,1000,4914.408,4914.408,0
rennes,1000,4959.7266,4959.7266,0
rennes,1000,4919.0327,4919.0327,0
rennes,1000,4964.2305,4964.2305,0
nantes,1000,4846.386,4846.386,0
nantes,1000,4891.3257,4891.3257,0
nantes,1000,4852.2856,4852.2856,0
nantes,1000,4897.0435,4897.0435,0
nantes,1000,4857.563,4857.563,0
nantes,1000,4902.5215,4902.5215,0
nantes,1000,4864.446,4864.446,0
nantes,1000,4909.105,4909.105,0
nancy,1000,5141.51,5141.51,0
nancy,1000,5191.8604,5191.8604,0
nantes,1000,4869.95,4869.95,0
nantes,1000,4914.5693,4914.5693,0
nancy,1000,4936.022,4936.022,0
nancy,1000,4986.6416,4986.6416,0
nancy,1000,4939.376,4939.376,0
nancy,1000,4990.072,4990.072,0
nancy,1000,4943.5957,4943.5957,0
nancy,1000,4993.644,4993.644,0
nancy,1000,4947.689,4947.689,0
nancy,1000,4997.9077,4997.9077,0
nancy,1000,4951.8516,4951.8516,0
nancy,1000,5002.5083,5002.5083,0
rennes,1000,4861.1255,4861.1255,0
rennes,1000,4905.7793,4905.7793,0
rennes,1000,4865.4883,4865.4883,0
rennes,1000,4910.857,4910.857,0
rennes,1000,4870.3677,4870.3677,0
rennes,1000,4915.2075,4915.2075,0
rennes,1000,4875.4883,4875.4883,0
rennes,1000,4920.8735,4920.8735,0
lyon,1000,5041.0146,5041.0146,0
lyon,1000,5087.087,5087.087,0
nancy,1000,5171.301,5171.301,0
nancy,1000,5222.111,5222.111,0
rennes,1000,4899.7476,4899.7476,0
rennes,1000,4945.391,4945.391,0
rennes,1000,5049.416,5049.416,0
rennes,1000,5094.4653,5094.4653,0
rennes,1000,5053.796,5053.796,0
rennes,1000,5099.3735,5099.3735,0
rennes,1000,5058.6333,5058.6333,0
rennes,1000,5104.0264,5104.0264,0
rennes,1000,5063.732,5063.732,0
rennes,1000,5109.475,5109.475,0
rennes,1000,5068.293,5068.293,0
rennes,1000,5113.4004,5113.4004,0
nantes,1000,5022.25,5022.25,0
nantes,1000,5067.3916,5067.3916,0
nantes,1000,5028.1284,5028.1284,0
nantes,1000,5072.367,5072.367,0
nantes,1000,5033.917,5033.917,0
nantes,1000,5078.8657,5078.8657,0
nantes,1000,5040.577,5040.577,0
nantes,1000,5084.9814,5084.9814,0
lyon,1000,5046.7964,5046.7964,0
lyon,1000,5091.132,5091.132,0
nantes,1000,5046.193,5046.193,0
nantes,1000,5090.609,5090.609,0
nantes,1000,4997.5684,4997.5684,0
nantes,1000,5041.7754,5041.7754,0
nantes,1000,5003.65,5003.65,0
nantes,1000,5049.238,5049.238,0
nantes,1000,5009.461,5009.461,0
nantes,1000,5053.882,5053.882,0
nantes,1000,5016.3506,5016.3506,0
nantes,1000,5061.653,5061.653,0
nantes,1000,5021.9287,5021.9287,0
nantes,1000,5066.1777,5066.1777,0
nancy,1000,5094.869,5094.869,0
nancy,1000,5144.915,5144.915,0
nancy,1000,5099.0757,5099.0757,0
nancy,1000,5150.2837,5150.2837,0
nancy,1000,5103.2993,5103.2993,0
nancy,1000,5153.306,5153.306,0
nancy,1000,5107.3076,5107.3076,0
nancy,1000,5157.3535,5157.3535,0
lyon,1000,5051.911,5051.911,0
lyon,1000,5096.9854,5096.9854,0
nancy,1000,5111.3994,5111.3994,0
nancy,1000,5161.646,5161.646,0
lyon,1000,5000.415,5000.415,0
lyon,1000,5046.106,5046.106,0
lyon,1000,5006.5093,5006.5093,0
lyon,1000,5051.1777,5051.1777,0
lyon,1000,5011.4224,5011.4224,0
lyon,1000,5057.3096,5057.3096,0
lyon,1000,5018.0117,5018.0117,0
lyon,1000,5062.393,5062.393,0
lyon,1000,5023.657,5023.657,0
lyon,1000,5069.1367,5069.1367,0
lyon,1000,4992.4976,4992.4976,0
lyon,1000,5037.8135,5037.8135,0
lyon,1000,4998.816,4998.816,0
lyon,1000,5045.4,5045.4,0
lyon,1000,5004.111,5004.111,0
lyon,1000,5049.246,5049.246,0
lyon,1000,5010.381,5010.381,0
lyon,1000,5055.1855,5055.1855,0
lyon,1000,5058.4307,5058.4307,0
lyon,1000,5102.9707,5102.9707,0
lyon,1000,5015.9185,5015.9185,0
lyon,1000,5062.04,5062.04,0
rennes,1000,5023.0884,5023.0884,0
rennes,1000,5067.3574,5067.3574,0
rennes,1000,5027.6875,5027.6875,0
rennes,1000,5073.116,5073.116,0
rennes,1000,5032.6587,5032.6587,0
rennes,1000,5076.974,5076.974,0
rennes,1000,5037.117,5037.117,0
rennes,1000,5082.766,5082.766,0
rennes,1000,5042.2266,5042.2266,0
rennes,1000,5088.129,5088.129,0
nantes,1000,4942.023,4942.023,0
nantes,1000,4987.937,4987.937,0
nantes,1000,4948.75,4948.75,0
nantes,1000,4993.94,4993.94,0
nantes,1000,4954.0024,4954.0024,0
nantes,1000,4998.583,4998.583,0
nantes,1000,4960.6294,4960.6294,0
nantes,1000,5004.924,5004.924,0
lyon,1000,5064.164,5064.164,0
lyon,1000,5111.176,5111.176,0
nantes,1000,4966.3643,4966.3643,0
nantes,1000,5010.7505,5010.7505,0
nantes,1000,4956.588,4956.588,0
nantes,1000,5002.775,5002.775,0
nantes,1000,4962.5312,4962.5312,0
nantes,1000,5007.593,5007.593,0
nantes,1000,4968.071,4968.071,0
nantes,1000,5012.6724,5012.6724,0
nantes,1000,4974.5366,4974.5366,0
nantes,1000,5019.3223,5019.3223,0
nantes,1000,4980.3545,4980.3545,0
nantes,1000,5025.275,5025.275,0
lyon,1000,4929.8594,4929.8594,0
lyon,1000,4976.117,4976.117,0
lyon,1000,4936.5054,4936.5054,0
lyon,1000,4982.135,4982.135,0
lyon,1000,4941.8735,4941.8735,0
lyon,1000,4986.341,4986.341,0
lyon,1000,4948.3496,4948.3496,0
lyon,1000,4993.458,4993.458,0
nancy,1000,5155.263,5155.263,0
nancy,1000,5207.5425,5207.5425,0
lyon,1000,4954.1777,4954.1777,0
lyon,1000,4999.707,4999.707,0
nancy,1000,5029.1714,5029.1714,0
nancy,1000,5081.7,5081.7,0
nancy,1000,5032.864,5032.864,0
nancy,1000,5083.581,5083.581,0
nancy,1000,5036.8604,5036.8604,0
nancy,1000,5087.8965,5087.8965,0
nancy,1000,5041.027,5041.027,0
nancy,1000,5091.6367,5091.6367,0
nancy,1000,5044.8726,5044.8726,0
nancy,1000,5096.3813,5096.3813,0
nancy,1000,5005.5557,5005.5557,0
nancy,1000,5055.5513,5055.5513,0
nancy,1000,5009.1895,5009.1895,0
nancy,1000,5059.738,5059.738,0
nancy,1000,5013.233,5013.233,0
nancy,1000,5063.66,5063.66,0
nancy,1000,5017.0825,5017.0825,0
nancy,1000,5068.326,5068.326,0
nancy,1000,5159.077,5159.077,0
nancy,1000,5209.179,5209.179,0
nancy,1000,5020.7837,5020.7837,0
nancy,1000,5070.4844,5070.4844,0
rennes,1000,4934.05,4934.05,0
rennes,1000,4978.615,4978.615,0
rennes,1000,4938.6616,4938.6616,0
rennes,1000,4983.624,4983.624,0
rennes,1000,4943.269,4943.269,0
rennes,1000,4987.908,4987.908,0
rennes,1000,4948.3154,4948.3154,0
rennes,1000,4994.1665,4994.1665,0
rennes,1000,4953.0527,4953.0527,0
rennes,1000,4998.2437,4998.2437,0
lyon,1000,4900.0825,4900.0825,0
lyon,1000,4944.842,4944.842,0
lyon,1000,4905.647,4905.647,0
lyon,1000,4951.4736,4951.4736,0
lyon,1000,4910.8657,4910.8657,0
lyon,1000,4956.7476,4956.7476,0
lyon,1000,4917.0776,4917.0776,0
lyon,1000,4962.2324,4962.2324,0
nancy,1000,5163.0195,5163.0195,0
nancy,1000,5214.0503,5214.0503,0
lyon,1000,4922.5454,4922.5454,0
lyon,1000,4969.303,4969.303,0
rennes,1000,4923.0464,4923.0464,0
rennes,1000,4967.5273,4967.5273,0
rennes,1000,4928.055,4928.055,0
rennes,1000,4972.9,4972.9,0
rennes,1000,4932.9253,4932.9253,0
rennes,1000,4978.537,4978.537,0
rennes,1000,4937.8633,4937.8633,0
rennes,1000,4982.7783,4982.7783,0
rennes,1000,4942.4766,4942.4766,0
rennes,1000,4988.1396,4988.1396,0
nantes,1000,4856.02,4856.02,0
nantes,1000,4900.127,4900.127,0
nantes,1000,4861.2056,4861.2056,0
nantes,1000,4905.7866,4905.7866,0
nantes,1000,4867.3193,4867.3193,0
nantes,1000,4913.1367,4913.1367,0
nantes,1000,4874.5254,4874.5254,0
nantes,1000,4918.8164,4918.8164,0
nancy,1000,5167.134,5167.134,0
nancy,1000,5217.828,5217.828,0
nantes,1000,4880.367,4880.367,0
nantes,1000,4926.04,4926.04,0
nancy,1000,4948.3433,4948.3433,0
nancy,1000,4998.0693,4998.0693,0
nancy,1000,4952.2666,4952.2666,0
nancy,1000,5003.7075,5003.7075,0
nancy,1000,4956.11,4956.11,0
nancy,1000,5007.104,5007.104,0
nancy,1000,4960.309,4960.309,0
nancy,1000,5011.182,5011.182,0
nancy,1000,4964.4395,4964.4395,0
nancy,1000,5015.676,5015.676,0
rennes,1000,4880.687,4880.687,0
rennes,1000,4926.6426,4926.6426,0
rennes,1000,4885.518,4885.518,0
rennes,1000,4929.8784,4929.8784,0
rennes,1000,4890.34,4890.34,0
rennes,1000,4934.6494,4934.6494,0
rennes,1000,4894.94,4894.94,0
rennes,1000,4940.8413,4940.8413,0
lyon,1000,5077.0894,5077.0894,0
lyon,1000,5121.5713,5121.5713,0
nancy,1000,5160.0728,5160.0728,0
nancy,1000,5210.2935,5210.2935,0
rennes,1000,4904.048,4904.048,0
rennes,1000,4948.849,4948.849,0
rennes,1000,5044.445,5044.445,0
rennes,1000,5089.3267,5089.3267,0
rennes,1000,5049.4033,5049.4033,0
rennes,1000,5094.205,5094.205,0
rennes,1000,5053.916,5053.916,0
rennes,1000,5099.1626,5099.1626,0
rennes,1000,5058.98,5058.98,0
rennes,1000,5103.661,5103.661,0
rennes,1000,5063.4897,5063.4897,0
rennes,1000,5107.8955,5107.8955,0
nantes,1000,5021.644,5021.644,0
nantes,1000,5066.474,5066.474,0
nantes,1000,5028.5986,5028.5986,0
nantes,1000,5073.1274,5073.1274,0
nantes,1000,5033.4214,5033.4214,0
nantes,1000,5078.495,5078.495,0
nantes,1000,5039.8604,5039.8604,0
nantes,1000,5083.948,5083.948,0
lyon,1000,5081.5557,5081.5557,0
lyon,1000,5127.223,5127.223,0
nantes,1000,5045.0015,5045.0015,0
nantes,1000,5089.574,5089.574,0
nantes,1000,5009.939,5009.939,0
nantes,1000,5054.2036,5054.2036,0
nantes,1000,5016.4727,5016.4727,0
nantes,1000,5060.759,5060.759,0
nantes,1000,5021.7666,5021.7666,0
nantes,1000,5066.4097,5066.4097,0
nantes,1000,5027.8916,5027.8916,0
nantes,1000,5072.768,5072.768,0
nantes,1000,5033.63,5033.63,0
nantes,1000,5078.6064,5078.6064,0
nancy,1000,5111.9194,5111.9194,0
nancy,1000,5162.1025,5162.1025,0
nancy,1000,5115.644,5115.644,0
nancy,1000,5165.786,5165.786,0
nancy,1000,5119.777,5119.777,0
nancy,1000,5169.7144,5169.7144,0
nancy,1000,5124.022,5124.022,0
nancy,1000,5173.8037,5173.8037,0
lyon,1000,5087.318,5087.318,0
lyon,1000,5131.9194,5131.9194,0
nancy,1000,5127.907,5127.907,0
nancy,1000,5178.73,5178.73,0
lyon,1000,5005.895,5005.895,0
lyon,1000,5050.095,5050.095,0
lyon,1000,5011.6304,5011.6304,0
lyon,1000,5056.1626,5056.1626,0
lyon,1000,5017.083,5017.083,0
lyon,1000,5062.198,5062.198,0
lyon,1000,5023.5166,5023.5166,0
lyon,1000,5067.9194,5067.9194,0
lyon,1000,5029.2056,5029.2056,0
lyon,1000,5074.0825,5074.0825,0
lyon,1000,4997.006,4997.006,0
lyon,1000,5041.3315,5041.3315,0
lyon,1000,5002.7563,5002.7563,0
lyon,1000,5047.086,5047.086,0
lyon,1000,5008.198,5008.198,0
lyon,1000,5052.6426,5052.6426,0
lyon,1000,5014.793,5014.793,0
lyon,1000,5059.1245,5059.1245,0
lyon,1000,5093.5586,5093.5586,0
lyon,1000,5138.23,5138.23,0
lyon,1000,5020.38,5020.38,0
lyon,1000,5064.669,5064.669,0
rennes,1000,5015.261,5015.261,0
rennes,1000,5059.8286,5059.8286,0
rennes,1000,5019.7036,5019.7036,0
rennes,1000,5064.051,5064.051,0
rennes,1000,5024.176,5024.176,0
rennes,1000,5069.3486,5069.3486,0
rennes,1000,5029.5444,5029.5444,0
rennes,1000,5074.9565,5074.9565,0
rennes,1000,5034.1914,5034.1914,0
rennes,1000,5078.569,5078.569,0
nantes,1000,4949.6943,4949.6943,0
nantes,1000,4994.477,4994.477,0
nantes,1000,4955.8677,4955.8677,0
nantes,1000,5000.1455,5000.1455,0
nantes,1000,4961.2935,4961.2935,0
nantes,1000,5006.325,5006.325,0
nantes,1000,4967.8203,4967.8203,0
nantes,1000,5011.973,5011.973,0
lyon,1000,5098.9556,5098.9556,0
lyon,1000,5143.742,5143.742,0
nantes,1000,4973.818,4973.818,0
nantes,1000,5018.6455,5018.6455,0
nantes,1000,4949.7905,4949.7905,0
nantes,1000,4994.246,4994.246,0
nantes,1000,4955.165,4955.165,0
nantes,1000,4999.7793,4999.7793,0
nantes,1000,4961.143,4961.143,0
nantes,1000,5005.9487,5005.9487,0
nantes,1000,4967.0933,4967.0933,0
nantes,1000,5011.7275,5011.7275,0
nantes,1000,4973.603,4973.603,0
nantes,1000,5018.3013,5018.3013,0
lyon,1000,4951.564,4951.564,0
lyon,1000,4996.0625,4996.0625,0
lyon,1000,4958.2056,4958.2056,0
lyon,1000,5003.899,5003.899,0
lyon,1000,4963.5054,4963.5054,0
lyon,1000,5007.924,5007.924,0
lyon,1000,4970.004,4970.004,0
lyon,1000,5014.4756,5014.4756,0
nancy,1000,5144.0195,5144.0195,0
nancy,1000,5194.034,5194.034,0
lyon,1000,4975.5645,4975.5645,0
lyon,1000,5020.8154,5020.8154,0
nancy,1000,5010.2964,5010.2964,0
nancy,1000,5060.964,5060.964,0
nancy,1000,5014.123,5014.123,0
nancy,1000,5064.032,5064.032,0
nancy,1000,5018.1987,5018.1987,0
nancy,1000,5068.7666,5068.7666,0
nancy,1000,5022.2476,5022.2476,0
nancy,1000,5073.485,5073.485,0
nancy,1000,5026.25,5026.25,0
nancy,1000,5076.814,5076.814,0
nancy,1000,5003.339,5003.339,0
nancy,1000,5052.978,5052.978,0
nancy,1000,5007.1455,5007.1455,0
nancy,1000,5056.8047,5056.8047,0
nancy,1000,5011.1235,5011.1235,0
nancy,1000,5061.773,5061.773,0
nancy,1000,5015.1934,5015.1934,0
nancy,1000,5064.9194,5064.9194,0
nancy,1000,5147.834,5147.834,0
nancy,1000,5197.66,5197.66,0
nancy,1000,5019.1064,5019.1064,0
nancy,1000,5068.8984,5068.8984,0
rennes,1000,4927.026,4927.026,0
rennes,1000,4971.532,4971.532,0
rennes,1000,4931.334,4931.334,0
rennes,1000,4976.426,4976.426,0
rennes,1000,4936.389,4936.389,0
rennes,1000,4981.0596,4981.0596,0
rennes,1000,4940.815,4940.815,0
rennes,1000,4985.3086,4985.3086,0
rennes,1000,4945.7446,4945.7446,0
rennes,1000,4990.7217,4990.7217,0
lyon,1000,4899.9272,4899.9272,0
lyon,1000,4944.146,4944.146,0
lyon,1000,4906.1216,4906.1216,0
lyon,1000,4950.709,4950.709,0
lyon,1000,4911.409,4911.409,0
lyon,1000,4956.432,4956.432,0
lyon,1000,4917.915,4917.915,0
lyon,1000,4962.6274,4962.6274,0
nancy,1000,5151.941,5151.941,0
nancy,1000,5202.6177,5202.6177,0
lyon,1000,4923.141,4923.141,0
lyon,1000,4967.684,4967.684,0
rennes,1000,4920.829,4920.829,0
rennes,1000,4965.8413,4965.8413,0
rennes,1000,4925.5137,4925.5137,0
rennes,1000,4970.541,4970.541,0
rennes,1000,4930.161,4930.161,0
rennes,1000,4975.174,4975.174,0
rennes,1000,4935.1704,4935.1704,0
rennes,1000,4980.1846,4980.1846,0
rennes,1000,4939.979,4939.979,0
rennes,1000,4984.2866,4984.2866,0
nantes,1000,4870.4033,4870.4033,0
nantes,1000,4915.337,4915.337,0
nantes,1000,4874.7637,4874.7637,0
nantes,1000,4919.0913,4919.0913,0
nantes,1000,4881.521,4881.521,0
nantes,1000,4925.8496,4925.8496,0
nantes,1000,4887.8384,4887.8384,0
nantes,1000,4932.973,4932.973,0
nancy,1000,5156.0474,5156.0474,0
nancy,1000,5206.3853,5206.3853,0
nantes,1000,4893.431,4893.431,0
nantes,1000,4938.437,4938.437,0
nancy,1000,4961.109,4961.109,0
nancy,1000,5010.8184,5010.8184,0
nancy,1000,4965.0415,4965.0415,0
nancy,1000,5014.8706,5014.8706,0
nancy,1000,4968.876,4968.876,0
nancy,1000,5019.523,5019.523,0
nancy,1000,4973.192,4973.192,0
nancy,1000,5023.4297,5023.4297,0
nancy,1000,4977.2344,4977.2344,0
nancy,1000,5026.916,5026.916,0
rennes,1000,4884.93,4884.93,0
rennes,1000,4929.2095,4929.2095,0
rennes,1000,4889.4565,4889.4565,0
rennes,1000,4934.347,4934.347,0
rennes,1000,4894.4453,4894.4453,0
rennes,1000,4940.005,4940.005,0
rennes,1000,4899.019,4899.019,0
rennes,1000,4943.994,4943.994,0
lyon,1000,5105.5386,5105.5386,0
lyon,1000,5151.7295,5151.7295,0
nancy,1000,5205.0957,5205.0957,0
nancy,1000,5256.5034,5256.5034,0
rennes,1000,4932.1416,4932.1416,0
rennes,1000,4979.066,4979.066,0
rennes,1000,5078.0664,5078.0664,0
rennes,1000,5124.595,5124.595,0
rennes,1000,5082.271,5082.271,0
rennes,1000,5128.4507,5128.4507,0
rennes,1000,5087.04,5087.04,0
rennes,1000,5133.4053,5133.4053,0
rennes,1000,5092.266,5092.266,0
rennes,1000,5138.304,5138.304,0
rennes,1000,5096.4863,5096.4863,0
rennes,1000,5142.2666,5142.2666,0
nantes,1000,5055.466,5055.466,0
nantes,1000,5100.987,5100.987,0
nantes,1000,5061.655,5061.655,0
nantes,1000,5107.5347,5107.5347,0
nantes,1000,5067.4824,5067.4824,0
nantes,1000,5113.9087,5113.9087,0
nantes,1000,5073.9263,5073.9263,0
nantes,1000,5119.108,5119.108,0
lyon,1000,5111.6094,5111.6094,0
lyon,1000,5157.773,5157.773,0
nantes,1000,5079.689,5079.689,0
nantes,1000,5125.7437,5125.7437,0
nantes,1000,5046.6113,5046.6113,0
nantes,1000,5092.645,5092.645,0
nantes,1000,5052.779,5052.779,0
nantes,1000,5099.125,5099.125,0
nantes,1000,5057.944,5057.944,0
nantes,1000,5103.1816,5103.1816,0
nantes,1000,5064.189,5064.189,0
nantes,1000,5110.111,5110.111,0
nantes,1000,5069.8394,5069.8394,0
nantes,1000,5114.9463,5114.9463,0
nancy,1000,5144.225,5144.225,0
nancy,1000,5195.3945,5195.3945,0
nancy,1000,5147.935,5147.935,0
nancy,1000,5199.593,5199.593,0
nancy,1000,5151.861,5151.861,0
nancy,1000,5202.991,5202.991,0
nancy,1000,5155.399,5155.399,0
nancy,1000,5208.0396,5208.0396,0
lyon,1000,5116.684,5116.684,0
lyon,1000,5162.268,5162.268,0
nancy,1000,5159.113,5159.113,0
nancy,1000,5210.5205,5210.5205,0
lyon,1000,5039.088,5039.088,0
lyon,1000,5085.258,5085.258,0
lyon,1000,5045.1235,5045.1235,0
lyon,1000,5090.5566,5090.5566,0
lyon,1000,5050.515,5050.515,0
lyon,1000,5095.959,5095.959,0
lyon,1000,5057.01,5057.01,0
lyon,1000,5102.7554,5102.7554,0
lyon,1000,5062.742,5062.742,0
lyon,1000,5108.63,5108.63,0
lyon,1000,5014.254,5014.254,0
lyon,1000,5060.3374,5060.3374,0
lyon,1000,5020.351,5020.351,0
lyon,1000,5066.9023,5066.9023,0
lyon,1000,5026.0493,5026.0493,0
lyon,1000,5071.883,5071.883,0
lyon,1000,5032.0986,5032.0986,0
lyon,1000,5077.7153,5077.7153,0
lyon,1000,5123.314,5123.314,0
lyon,1000,5169.0693,5169.0693,0
lyon,1000,5037.518,5037.518,0
lyon,1000,5083.252,5083.252,0
rennes,1000,5030.384,5030.384,0
rennes,1000,5075.759,5075.759,0
rennes,1000,5034.7036,5034.7036,0
rennes,1000,5081.4688,5081.4688,0
rennes,1000,5039.653,5039.653,0
rennes,1000,5086.1113,5086.1113,0
rennes,1000,5044.6465,5044.6465,0
rennes,1000,5091.026,5091.026,0
rennes,1000,5049.4814,5049.4814,0
rennes,1000,5095.7847,5095.7847,0
nantes,1000,4977.466,4977.466,0
nantes,1000,5023.3486,5023.3486,0
nantes,1000,4983.6406,4983.6406,0
nantes,1000,5028.893,5028.893,0
nantes,1000,4989.281,4989.281,0
nantes,1000,5034.5376,5034.5376,0
nantes,1000,4995.68,4995.68,0
nantes,1000,5041.049,5041.049,0
lyon,1000,5128.3857,5128.3857,0
lyon,1000,5173.851,5173.851,0
nantes,1000,5001.36,5001.36,0
nantes,1000,5046.5835,5046.5835,0
nantes,1000,4973.5977,4973.5977,0
nantes,1000,5018.8994,5018.8994,0
nantes,1000,4980.0015,4980.0015,0
nantes,1000,5025.3804,5025.3804,0
nantes,1000,4985.25,4985.25,0
nantes,1000,5031.0503,5031.0503,0
nantes,1000,4992.2417,4992.2417,0
nantes,1000,5038.198,5038.198,0
nantes,1000,4998.136,4998.136,0
nantes,1000,5044.7334,5044.7334,0
lyon,1000,4951.824,4951.824,0
lyon,1000,4997.878,4997.878,0
lyon,1000,4957.7705,4957.7705,0
lyon,1000,5004.1514,5004.1514,0
lyon,1000,4962.7627,4962.7627,0
lyon,1000,5008.5957,5008.5957,0
lyon,1000,4969.176,4969.176,0
lyon,1000,5015.2856,5015.2856,0
nancy,1000,5189.2427,5189.2427,0
nancy,1000,5240.095,5240.095,0
lyon,1000,4974.497,4974.497,0
lyon,1000,5020.627,5020.627,0
nancy,1000,5067.0337,5067.0337,0
nancy,1000,5117.776,5117.776,0
nancy,1000,5070.736,5070.736,0
nancy,1000,5121.696,5121.696,0
nancy,1000,5074.5537,5074.5537,0
nancy,1000,5125.3286,5125.3286,0
nancy,1000,5078.552,5078.552,0
nancy,1000,5129.3745,5129.3745,0
nancy,1000,5082.558,5082.558,0
nancy,1000,5133.627,5133.627,0
nancy,1000,5041.3228,5041.3228,0
nancy,1000,5092.5874,5092.5874,0
nancy,1000,5045.0103,5045.0103,0
nancy,1000,5095.8647,5095.8647,0
nancy,1000,5048.9604,5048.9604,0
nancy,1000,5100.2085,5100.2085,0
nancy,1000,5053.069,5053.069,0
nancy,1000,5104.415,5104.415,0
nancy,1000,5193.1763,5193.1763,0
nancy,1000,5245.6406,5245.6406,0
nancy,1000,5057.0513,5057.0513,0
nancy,1000,5108.209,5108.209,0
rennes,1000,4956.9004,4956.9004,0
rennes,1000,5002.5913,5002.5913,0
rennes,1000,4961.551,4961.551,0
rennes,1000,5007.316,5007.316,0
rennes,1000,4966.2676,4966.2676,0
rennes,1000,5011.9272,5011.9272,0
rennes,1000,4971.375,4971.375,0
rennes,1000,5017.0513,5017.0513,0
rennes,1000,4976.269,4976.269,0
rennes,1000,5021.6685,5021.6685,0
lyon,1000,4918.9224,4918.9224,0
lyon,1000,4964.186,4964.186,0
lyon,1000,4925.029,4925.029,0
lyon,1000,4971.0903,4971.0903,0
lyon,1000,4930.307,4930.307,0
lyon,1000,4977.338,4977.338,0
lyon,1000,4937.1255,4937.1255,0
lyon,1000,4982.5615,4982.5615,0
nancy,1000,5197.279,5197.279,0
nancy,1000,5248.764,5248.764,0
lyon,1000,4942.3003,4942.3003,0
lyon,1000,4987.579,4987.579,0
rennes,1000,4946.2974,4946.2974,0
rennes,1000,4991.9155,4991.9155,0
rennes,1000,4950.751,4950.751,0
rennes,1000,4996.689,4996.689,0
rennes,1000,4955.191,4955.191,0
rennes,1000,5001.22,5001.22,0
rennes,1000,4960.303,4960.303,0
rennes,1000,5006.731,5006.731,0
rennes,1000,4964.7827,4964.7827,0
rennes,1000,5011.028,5011.028,0
nantes,1000,4863.283,4863.283,0
nantes,1000,4908.427,4908.427,0
nantes,1000,4869.4775,4869.4775,0
nantes,1000,4914.876,4914.876,0
nantes,1000,4874.648,4874.648,0
nantes,1000,4920.031,4920.031,0
nantes,1000,4881.3374,4881.3374,0
nantes,1000,4927.5806,4927.5806,0
nancy,1000,5201.204,5201.204,0
nancy,1000,5252.2646,5252.2646,0
nantes,1000,4886.9155,4886.9155,0
nantes,1000,4932.743,4932.743,0
nancy,1000,4967.365,4967.365,0
nancy,1000,5018.637,5018.637,0
nancy,1000,4971.0127,4971.0127,0
nancy,1000,5022.8975,5022.8975,0
nancy,1000,4975.0996,4975.0996,0
nancy,1000,5026.462,5026.462,0
nancy,1000,4979.092,4979.092,0
nancy,1000,5030.8164,5030.8164,0
nancy,1000,4983.147,4983.147,0
nancy,1000,5033.86,5033.86,0
rennes,1000,4912.531,4912.531,0
rennes,1000,4957.811,4957.811,0
rennes,1000,4917.2456,4917.2456,0
rennes,1000,4963.1606,4963.1606,0
rennes,1000,4921.91,4921.91,0
rennes,1000,4967.2085,4967.2085,0
rennes,1000,4927.6675,4927.6675,0
rennes,1000,4973.0527,4973.0527,0
lyon,1000,5083.433,5083.433,0
lyon,1000,5128.9746,5128.9746,0
nancy,1000,5186.7163,5186.7163,0
nancy,1000,5238.108,5238.108,0
rennes,1000,4777.359,4777.359,0
rennes,1000,4823.538,4823.538,0
rennes,1000,5048.7324,5048.7324,0
rennes,1000,5094.076,5094.076,0
rennes,1000,5053.596,5053.596,0
rennes,1000,5099.075,5099.075,0
rennes,1000,5058.3135,5058.3135,0
rennes,1000,5104.4736,5104.4736,0
rennes,1000,5063.063,5063.063,0
rennes,1000,5108.7524,5108.7524,0
rennes,1000,5068.058,5068.058,0
rennes,1000,5113.887,5113.887,0
nantes,1000,5050.2266,5050.2266,0
nantes,1000,5095.7847,5095.7847,0
nantes,1000,5056.3535,5056.3535,0
nantes,1000,5101.579,5101.579,0
nantes,1000,5061.7773,5061.7773,0
nantes,1000,5106.9536,5106.9536,0
nantes,1000,5068.2524,5068.2524,0
nantes,1000,5113.878,5113.878,0
lyon,1000,5089.551,5089.551,0
lyon,1000,5135.0884,5135.0884,0
nantes,1000,5074.2134,5074.2134,0
nantes,1000,5119.798,5119.798,0
nantes,1000,5017.232,5017.232,0
nantes,1000,5062.763,5062.763,0
nantes,1000,5023.5273,5023.5273,0
nantes,1000,5068.831,5068.831,0
nantes,1000,5028.7734,5028.7734,0
nantes,1000,5074.537,5074.537,0
nantes,1000,5035.854,5035.854,0
nantes,1000,5081.1475,5081.1475,0
nantes,1000,5041.525,5041.525,0
nantes,1000,5087.487,5087.487,0
nancy,1000,5115.0566,5115.0566,0
nancy,1000,5166.7847,5166.7847,0
nancy,1000,5118.978,5118.978,0
nancy,1000,5170.434,5170.434,0
nancy,1000,5122.965,5122.965,0
nancy,1000,5174.1904,5174.1904,0
nancy,1000,5126.828,5126.828,0
nancy,1000,5177.92,5177.92,0
lyon,1000,5094.2544,5094.2544,0
lyon,1000,5140.0786,5140.0786,0
nancy,1000,5130.599,5130.599,0
nancy,1000,5182.0576,5182.0576,0
lyon,1000,5004.8438,5004.8438,0
lyon,1000,5050.913,5050.913,0
lyon,1000,5011.317,5011.317,0
lyon,1000,5057.613,5057.613,0
lyon,1000,5016.5854,5016.5854,0
lyon,1000,5062.3354,5062.3354,0
lyon,1000,5022.723,5022.723,0
lyon,1000,5068.812,5068.812,0
lyon,1000,5028.5103,5028.5103,0
lyon,1000,5074.234,5074.234,0
lyon,1000,5002.4927,5002.4927,0
lyon,1000,5047.916,5047.916,0
lyon,1000,5008.613,5008.613,0
lyon,1000,5054.57,5054.57,0
lyon,1000,5013.974,5013.974,0
lyon,1000,5059.506,5059.506,0
lyon,1000,5020.2114,5020.2114,0
lyon,1000,5065.63,5065.63,0
lyon,1000,5101.5493,5101.5493,0
lyon,1000,5147.3936,5147.3936,0
lyon,1000,5026.0,5026.0,0
lyon,1000,5071.949,5071.949,0
rennes,1000,5019.3438,5019.3438,0
rennes,1000,5065.3994,5065.3994,0
rennes,1000,5023.7534,5023.7534,0
rennes,1000,5069.931,5069.931,0
rennes,1000,5028.548,5028.548,0
rennes,1000,5074.2783,5074.2783,0
rennes,1000,5033.045,5033.045,0
rennes,1000,5078.6357,5078.6357,0
rennes,1000,5037.9053,5037.9053,0
rennes,1000,5084.4507,5084.4507,0
nantes,1000,4956.949,4956.949,0
nantes,1000,5002.9873,5002.9873,0
nantes,1000,4962.5977,4962.5977,0
nantes,1000,5007.925,5007.925,0
nantes,1000,4968.823,4968.823,0
nantes,1000,5014.0117,5014.0117,0
nantes,1000,4975.0176,4975.0176,0
nantes,1000,5020.69,5020.69,0
lyon,1000,5107.069,5107.069,0
lyon,1000,5153.2354,5153.2354,0
nantes,1000,4981.182,4981.182,0
nantes,1000,5027.6235,5027.6235,0
nantes,1000,4939.6113,4939.6113,0
nantes,1000,4985.837,4985.837,0
nantes,1000,4946.0874,4946.0874,0
nantes,1000,4992.462,4992.462,0
nantes,1000,4951.992,4951.992,0
nantes,1000,4997.2754,4997.2754,0
nantes,1000,4958.747,4958.747,0
nantes,1000,5004.2124,5004.2124,0
nantes,1000,4964.361,4964.361,0
nantes,1000,5009.6416,5009.6416,0
lyon,1000,4955.061,4955.061,0
lyon,1000,5000.5107,5000.5107,0
lyon,1000,4961.543,4961.543,0
lyon,1000,5007.514,5007.514,0
lyon,1000,4966.665,4966.665,0
lyon,1000,5012.212,5012.212,0
lyon,1000,4973.2935,4973.2935,0
lyon,1000,5018.833,5018.833,0
nancy,1000,5170.914,5170.914,0
nancy,1000,5222.591,5222.591,0
lyon,1000,4978.3545,4978.3545,0
lyon,1000,5024.0366,5024.0366,0
nancy,1000,5017.175,5017.175,0
nancy,1000,5068.57,5068.57,0
nancy,1000,5020.8564,5020.8564,0
nancy,1000,5072.283,5072.283,0
nancy,1000,5024.794,5024.794,0
nancy,1000,5075.9683,5075.9683,0
nancy,1000,5028.711,5028.711,0
nancy,1000,5079.9404,5079.9404,0
nancy,1000,5032.435,5032.435,0
nancy,1000,5083.634,5083.634,0
nancy,1000,5006.919,5006.919,0
nancy,1000,5057.973,5057.973,0
nancy,1000,5010.624,5010.624,0
nancy,1000,5061.5874,5061.5874,0
nancy,1000,5014.204,5014.204,0
nancy,1000,5065.7573,5065.7573,0
nancy,1000,5018.3022,5018.3022,0
nancy,1000,5069.255,5069.255,0
nancy,1000,5174.72,5174.72,0
nancy,1000,5226.01,5226.01,0
nancy,1000,5022.309,5022.309,0
nancy,1000,5073.758,5073.758,0
rennes,1000,4815.1284,4815.1284,0
rennes,1000,4860.8486,4860.8486,0
rennes,1000,4819.709,4819.709,0
rennes,1000,4865.7573,4865.7573,0
rennes,1000,4824.3804,4824.3804,0
rennes,1000,4870.5566,4870.5566,0
rennes,1000,4829.279,4829.279,0
rennes,1000,4875.0933,4875.0933,0
rennes,1000,4833.7915,4833.7915,0
rennes,1000,4879.1875,4879.1875,0
lyon,1000,4789.3296,4789.3296,0
lyon,1000,4835.2026,4835.2026,0
lyon,1000,4793.76,4793.76,0
lyon,1000,4839.0757,4839.0757,0
lyon,1000,4800.0503,4800.0503,0
lyon,1000,4845.432,4845.432,0
lyon,1000,4805.282,4805.282,0
lyon,1000,4850.659,4850.659,0
nancy,1000,5178.7534,5178.7534,0
nancy,1000,5229.746,5229.746,0
lyon,1000,4812.276,4812.276,0
lyon,1000,4858.1475,4858.1475,0
rennes,1000,4789.653,4789.653,0
rennes,1000,4835.337,4835.337,0
rennes,1000,4794.1035,4794.1035,0
rennes,1000,4840.169,4840.169,0
rennes,1000,4798.67,4798.67,0
rennes,1000,4845.1616,4845.1616,0
rennes,1000,4803.7456,4803.7456,0
rennes,1000,4849.794,4849.794,0
rennes,1000,4808.641,4808.641,0
rennes,1000,4854.136,4854.136,0
nantes,1000,4728.872,4728.872,0
nantes,1000,4774.5386,4774.5386,0
nantes,1000,4735.1807,4735.1807,0
nantes,1000,4780.688,4780.688,0
nantes,1000,4740.2666,4740.2666,0
nantes,1000,4785.9067,4785.9067,0
nantes,1000,4747.7734,4747.7734,0
nantes,1000,4793.69,4793.69,0
nancy,1000,5182.576,5182.576,0
nancy,1000,5233.4614,5233.4614,0
nantes,1000,4753.3467,4753.3467,0
nantes,1000,4798.8228,4798.8228,0
nancy,1000,4848.853,4848.853,0
nancy,1000,4900.192,4900.192,0
nancy,1000,4852.377,4852.377,0
nancy,1000,4903.534,4903.534,0
nancy,1000,4856.3213,4856.3213,0
nancy,1000,4908.0503,4908.0503,0
nancy,1000,4859.87,4859.87,0
nancy,1000,4911.577,4911.577,0
nancy,1000,4863.8604,4863.8604,0
nancy,1000,4915.0283,4915.0283,0
rennes,1000,4758.2847,4758.2847,0
rennes,1000,4804.3545,4804.3545,0
rennes,1000,4763.188,4763.188,0
rennes,1000,4808.5264,4808.5264,0
rennes,1000,4767.7,4767.7,0
rennes,1000,4813.3403,4813.3403,0
rennes,1000,4772.669,4772.669,0
rennes,1000,4818.2085,4818.2085,0
lyon,1000,5119.544,5119.544,0
lyon,1000,5163.9775,5163.9775,0
nancy,1000,5220.2407,5220.2407,0
nancy,1000,5270.767,5270.767,0
rennes,1000,4925.665,4925.665,0
rennes,1000,4970.528,4970.528,0
rennes,1000,5106.9556,5106.9556,0
rennes,1000,5151.5986,5151.5986,0
rennes,1000,5111.572,5111.572,0
rennes,1000,5156.5117,5156.5117,0
rennes,1000,5116.5044,5116.5044,0
rennes,1000,5161.734,5161.734,0
rennes,1000,5121.8936,5121.8936,0
rennes,1000,5166.25,5166.25,0
rennes,1000,5126.2417,5126.2417,0
rennes,1000,5171.5386,5171.5386,0
nantes,1000,5090.7627,5090.7627,0
nantes,1000,5135.7207,5135.7207,0
nantes,1000,5097.323,5097.323,0
nantes,1000,5141.814,5141.814,0
nantes,1000,5102.615,5102.615,0
nantes,1000,5147.1406,5147.1406,0
nantes,1000,5109.1904,5109.1904,0
nantes,1000,5153.9814,5153.9814,0
lyon,1000,5125.8037,5125.8037,0
lyon,1000,5170.1333,5170.1333,0
nantes,1000,5114.9844,5114.9844,0
nantes,1000,5159.274,5159.274,0
nantes,1000,5042.2734,5042.2734,0
nantes,1000,5086.672,5086.672,0
nantes,1000,5048.3,5048.3,0
nantes,1000,5093.1973,5093.1973,0
nantes,1000,5053.784,5053.784,0
nantes,1000,5098.399,5098.399,0
nantes,1000,5060.1655,5060.1655,0
nantes,1000,5104.3994,5104.3994,0
nantes,1000,5065.867,5065.867,0
nantes,1000,5109.98,5109.98,0
nancy,1000,5159.9395,5159.9395,0
nancy,1000,5210.47,5210.47,0
nancy,1000,5163.6455,5163.6455,0
nancy,1000,5214.3506,5214.3506,0
nancy,1000,5167.378,5167.378,0
nancy,1000,5217.904,5217.904,0
nancy,1000,5171.0156,5171.0156,0
nancy,1000,5220.8955,5220.8955,0
lyon,1000,5131.084,5131.084,0
lyon,1000,5176.258,5176.258,0
nancy,1000,5174.894,5174.894,0
nancy,1000,5225.5386,5225.5386,0
lyon,1000,5037.133,5037.133,0
lyon,1000,5081.4136,5081.4136,0
lyon,1000,5043.425,5043.425,0
lyon,1000,5087.87,5087.87,0
lyon,1000,5048.367,5048.367,0
lyon,1000,5093.222,5093.222,0
lyon,1000,5054.665,5054.665,0
lyon,1000,5099.4336,5099.4336,0
lyon,1000,5060.2,5060.2,0
lyon,1000,5105.235,5105.235,0
lyon,1000,5029.965,5029.965,0
lyon,1000,5074.5234,5074.5234,0
lyon,1000,5035.947,5035.947,0
lyon,1000,5080.7876,5080.7876,0
lyon,1000,5041.5547,5041.5547,0
lyon,1000,5086.163,5086.163,0
lyon,1000,5047.7397,5047.7397,0
lyon,1000,5092.0635,5092.0635,0
lyon,1000,5137.585,5137.585,0
lyon,1000,5181.9673,5181.9673,0
lyon,1000,5053.0195,5053.0195,0
lyon,1000,5097.827,5097.827,0
rennes,1000,5062.473,5062.473,0
rennes,1000,5106.9106,5106.9106,0
rennes,1000,5066.997,5066.997,0
rennes,1000,5112.021,5112.021,0
rennes,1000,5071.7134,5071.7134,0
rennes,1000,5116.7144,5116.7144,0
rennes,1000,5076.374,5076.374,0
rennes,1000,5120.781,5120.781,0
rennes,1000,5081.379,5081.379,0
rennes,1000,5126.154,5126.154,0
nantes,1000,4995.4194,4995.4194,0
nantes,1000,5039.8423,5039.8423,0
nantes,1000,5002.256,5002.256,0
nantes,1000,5046.9536,5046.9536,0
nantes,1000,5007.7344,5007.7344,0
nantes,1000,5051.9185,5051.9185,0
nantes,1000,5014.3813,5014.3813,0
nantes,1000,5058.6035,5058.6035,0
lyon,1000,5142.9985,5142.9985,0
lyon,1000,5187.385,5187.385,0
nantes,1000,5019.8037,5019.8037,0
nantes,1000,5064.6055,5064.6055,0
nantes,1000,4973.63,4973.63,0
nantes,1000,5018.345,5018.345,0
nantes,1000,4979.3076,4979.3076,0
nantes,1000,5024.22,5024.22,0
nantes,1000,4985.097,4985.097,0
nantes,1000,5029.688,5029.688,0
nantes,1000,4991.3022,4991.3022,0
nantes,1000,5036.0205,5036.0205,0
nantes,1000,4997.2783,4997.2783,0
nantes,1000,5042.0693,5042.0693,0
lyon,1000,4973.815,4973.815,0
lyon,1000,5018.1733,5018.1733,0
lyon,1000,4979.9927,4979.9927,0
lyon,1000,5024.6133,5024.6133,0
lyon,1000,4984.828,4984.828,0
lyon,1000,5029.3013,5029.3013,0
lyon,1000,4991.146,4991.146,0
lyon,1000,5035.9805,5035.9805,0
nancy,1000,5204.915,5204.915,0
nancy,1000,5255.617,5255.617,0
lyon,1000,4997.1104,4997.1104,0
lyon,1000,5041.9834,5041.9834,0
nancy,1000,5071.762,5071.762,0
nancy,1000,5122.479,5122.479,0
nancy,1000,5075.718,5075.718,0
nancy,1000,5126.1367,5126.1367,0
nancy,1000,5079.525,5079.525,0
nancy,1000,5130.161,5130.161,0
nancy,1000,5083.35,5083.35,0
nancy,1000,5133.267,5133.267,0
nancy,1000,5087.2183,5087.2183,0
nancy,1000,5137.0938,5137.0938,0
nancy,1000,5053.2554,5053.2554,0
nancy,1000,5103.458,5103.458,0
nancy,1000,5056.9277,5056.9277,0
nancy,1000,5106.641,5106.641,0
nancy,1000,5061.068,5061.068,0
nancy,1000,5111.0605,5111.0605,0
nancy,1000,5065.1484,5065.1484,0
nancy,1000,5114.8335,5114.8335,0
nancy,1000,5208.6562,5208.6562,0
nancy,1000,5258.75,5258.75,0
nancy,1000,5069.2427,5069.2427,0
nancy,1000,5119.517,5119.517,0
rennes,1000,4930.495,4930.495,0
rennes,1000,4975.0264,4975.0264,0
rennes,1000,4934.8096,4934.8096,0
rennes,1000,4979.7183,4979.7183,0
rennes,1000,4939.683,4939.683,0
rennes,1000,4984.064,4984.064,0
rennes,1000,4943.8477,4943.8477,0
rennes,1000,4988.197,4988.197,0
rennes,1000,4949.2026,4949.2026,0
rennes,1000,4993.6216,4993.6216,0
lyon,1000,4919.9653,4919.9653,0
lyon,1000,4964.8813,4964.8813,0
lyon,1000,4926.6685,4926.6685,0
lyon,1000,4971.5557,4971.5557,0
lyon,1000,4932.151,4932.151,0
lyon,1000,4976.7686,4976.7686,0
lyon,1000,4938.6426,4938.6426,0
lyon,1000,4983.522,4983.522,0
nancy,1000,5212.5737,5212.5737,0
nancy,1000,5262.3696,5262.3696,0
lyon,1000,4944.2207,4944.2207,0
lyon,1000,4988.7935,4988.7935,0
rennes,1000,4938.1567,4938.1567,0
rennes,1000,4982.563,4982.563,0
rennes,1000,4942.564,4942.564,0
rennes,1000,4987.21,4987.21,0
rennes,1000,4947.593,4947.593,0
rennes,1000,4991.975,4991.975,0
rennes,1000,4952.425,4952.425,0
rennes,1000,4997.5303,4997.5303,0
rennes,1000,4957.1167,4957.1167,0
rennes,1000,5002.5864,5002.5864,0
nantes,1000,4886.2266,4886.2266,0
nantes,1000,4931.526,4931.526,0
nantes,1000,4892.7856,4892.7856,0
nantes,1000,4937.7544,4937.7544,0
nantes,1000,4898.2036,4898.2036,0
nantes,1000,4942.692,4942.692,0
nantes,1000,4904.7773,4904.7773,0
nantes,1000,4949.07,4949.07,0
nancy,1000,5216.423,5216.423,0
nancy,1000,5266.7134,5266.7134,0
nantes,1000,4910.6943,4910.6943,0
nantes,1000,4955.0815,4955.0815,0
nancy,1000,4986.7715,4986.7715,0
nancy,1000,5036.762,5036.762,0
nancy,1000,4990.4565,4990.4565,0
nancy,1000,5040.726,5040.726,0
nancy,1000,4994.566,4994.566,0
nancy,1000,5044.691,5044.691,0
nancy,1000,4998.5513,4998.5513,0
nancy,1000,5048.9443,5048.9443,0
nancy,1000,5002.4575,5002.4575,0
nancy,1000,5052.4795,5052.4795,0
rennes,1000,4906.9165,4906.9165,0
rennes,1000,4951.833,4951.833,0
rennes,1000,4911.3843,4911.3843,0
rennes,1000,4956.4604,4956.4604,0
rennes,1000,4916.077,4916.077,0
rennes,1000,4960.583,4960.583,0
rennes,1000,4921.3765,4921.3765,0
rennes,1000,4966.493,4966.493,0
lyon,10000,5056.352,5056.529,0.17700000000058935
lyon,10000,5056.352,5106.3525,50.0005000000001
nancy,10000,5158.5684,5158.749,0.18059999999968568
nancy,10000,5158.5684,5209.962,51.39360000000033
rennes,10000,4891.087,4891.2383,0.15129999999953725
rennes,10000,4891.087,4940.964,49.8769999999995
rennes,10000,5065.3525,5065.5317,0.17919999999958236
rennes,10000,5065.3525,5118.7573,53.40480000000025
rennes,10000,5069.902,5070.068,0.16600000000016735
rennes,10000,5069.902,5124.5327,54.630699999999706
rennes,10000,5074.47,5074.7295,0.2595000000001164
rennes,10000,5074.47,5127.4414,52.97139999999945
rennes,10000,5079.456,5079.6377,0.18170000000009168
rennes,10000,5079.456,5134.201,54.74499999999989
rennes,10000,5084.429,5084.6016,0.17259999999987485
rennes,10000,5084.429,5138.885,54.45600000000013
nantes,10000,5024.799,5024.989,0.18999999999959982
nantes,10000,5024.799,5071.9116,47.112600000000384
nantes,10000,5031.5195,5031.6978,0.1782999999995809
nantes,10000,5031.5195,5083.3257,51.80619999999999
nantes,10000,5036.7007,5036.8857,0.18499999999949068
nantes,10000,5036.7007,5091.169,54.468299999999545
nantes,10000,5042.8716,5043.0347,0.16309999999975844
nantes,10000,5042.8716,5091.199,48.327399999999216
lyon,10000,5062.4673,5062.6387,0.17140000000017608
lyon,10000,5062.4673,5116.5,54.03269999999975
nantes,10000,5048.7544,5048.944,0.18960000000060973
nantes,10000,5048.7544,5096.1616,47.40720000000056
nantes,10000,4992.6743,4992.9404,0.2661000000007334
nantes,10000,4992.6743,5044.901,52.226700000000164
nantes,10000,4998.8813,4999.1074,0.2260999999998603
nantes,10000,4998.8813,5050.4443,51.5630000000001
nantes,10000,5004.654,5004.8525,0.1984999999995125
nantes,10000,5004.654,5058.951,54.29699999999957
nantes,10000,5011.1523,5011.348,0.19570000000021537
nantes,10000,5011.1523,5058.1416,46.989300000000185
nantes,10000,5016.7505,5016.9546,0.20409999999992579
nantes,10000,5016.7505,5062.2153,45.46479999999974
nancy,10000,5112.4624,5112.7163,0.25389999999970314
nancy,10000,5112.4624,5172.5024,60.039999999999964
nancy,10000,5116.2363,5116.4897,0.25340000000051077
nancy,10000,5116.2363,5173.9873,57.751000000000204
nancy,10000,5120.323,5120.498,0.1749999999992724
nancy,10000,5120.323,5175.928,55.60499999999956
nancy,10000,5124.2095,5124.3853,0.17579999999998108
nancy,10000,5124.2095,5176.26,52.050500000000284
lyon,10000,5067.7114,5067.8936,0.18220000000019354
lyon,10000,5067.7114,5121.4556,53.74420000000009
nancy,10000,5127.9946,5128.1694,0.17479999999977736
nancy,10000,5127.9946,5187.4673,59.47270000000026
lyon,10000,5001.5303,5001.697,0.16669999999976426
lyon,10000,5001.5303,5054.6094,53.079099999999926
lyon,10000,5008.014,5008.161,0.14699999999993452
lyon,10000,5008.014,5062.689,54.67500000000018
lyon,10000,5012.9224,5013.089,0.166599999999562
lyon,10000,5012.9224,5066.4756,53.55319999999938
lyon,10000,5019.3335,5019.4785,0.14500000000043656
lyon,10000,5019.3335,5072.694,53.360500000000684
lyon,10000,5024.8184,5024.9883,0.1698999999998705
lyon,10000,5024.8184,5075.3877,50.56930000000011
lyon,10000,5004.4043,5004.5806,0.17630000000008295
lyon,10000,5004.4043,5052.472,48.067699999999604
lyon,10000,5010.849,5011.0137,0.1647000000002663
lyon,10000,5010.849,5064.328,53.47900000000027
lyon,10000,5016.4956,5021.786,5.290399999999863
lyon,10000,5016.4956,5065.873,49.3773999999994
lyon,10000,5022.7695,5022.935,0.16550000000006548
lyon,10000,5022.7695,5070.448,47.678499999999985
lyon,10000,5074.2437,5074.4126,0.16889999999966676
lyon,10000,5074.2437,5122.1836,47.93990000000031
lyon,10000,5027.875,5028.051,0.17600000000038563
lyon,10000,5027.875,5074.797,46.92199999999957
rennes,10000,5029.0156,5029.1274,0.11180000000058499
rennes,10000,5029.0156,5082.1123,53.096700000000055
rennes,10000,5033.7114,5033.9023,0.19089999999960128
rennes,10000,5033.7114,5083.4053,49.69390000000021
rennes,10000,5038.267,5038.428,0.1610000000000582
rennes,10000,5038.267,5084.1743,45.90729999999985
rennes,10000,5043.5767,5043.67,0.09330000000045402
rennes,10000,5043.5767,5098.642,55.06530000000021
rennes,10000,5047.9087,5048.053,0.14429999999993015
rennes,10000,5047.9087,5096.577,48.66830000000027
nantes,10000,4954.8237,4955.007,0.18329999999969004
nantes,10000,4954.8237,5004.507,49.68329999999969
nantes,10000,4961.324,4961.4766,0.1526000000003478
nantes,10000,4961.324,5011.93,50.60600000000068
nantes,10000,4967.11,4967.252,0.14200000000073487
nantes,10000,4967.11,5013.622,46.512000000000626
nantes,10000,4973.491,4973.6484,0.1574000000000524
nantes,10000,4973.491,5028.6226,55.13159999999971
lyon,10000,5079.659,5079.824,0.16499999999996362
lyon,10000,5079.659,5126.451,46.79200000000037
nantes,10000,4979.0137,4979.146,0.13229999999930442
nantes,10000,4979.0137,5032.186,53.17229999999927
nantes,10000,4943.4834,4943.5786,0.09519999999974971
nantes,10000,4943.4834,4989.3105,45.82709999999952
nantes,10000,4949.662,4949.848,0.1859999999996944
nantes,10000,4949.662,5001.9897,52.32769999999982
nantes,10000,4954.761,4954.87,0.10899999999946886
nantes,10000,4954.761,5002.5522,47.79119999999966
nantes,10000,4961.6797,4961.8228,0.14310000000023138
nantes,10000,4961.6797,5008.8486,47.168900000000576
nantes,10000,4967.4424,4967.544,0.10159999999996217
nantes,10000,4967.4424,5016.558,49.115600000000086
lyon,10000,4942.5757,4942.7466,0.17090000000007421
lyon,10000,4942.5757,4994.239,51.66329999999925
lyon,10000,4948.038,4948.351,0.31300000000010186
lyon,10000,4948.038,4994.4,46.36200000000008
lyon,10000,4953.558,4953.7754,0.21740000000045256
lyon,10000,4953.558,5008.414,54.85599999999977
lyon,10000,4959.8994,4960.063,0.1635999999998603
lyon,10000,4959.8994,5009.951,50.05159999999978
nancy,10000,5143.7373,5143.9146,0.17730000000028667
nancy,10000,5143.7373,5200.5356,56.79830000000038
lyon,10000,4965.9077,4966.1216,0.21390000000064902
lyon,10000,4965.9077,5015.931,50.023299999999836
nancy,10000,5039.551,5039.73,0.17899999999917782
nancy,10000,5039.551,5096.651,57.099999999999454
nancy,10000,5043.376,5043.5527,0.17669999999998254
nancy,10000,5043.376,5104.0327,60.656699999999546
nancy,10000,5047.524,5047.6997,0.1756999999997788
nancy,10000,5047.524,5099.281,51.75699999999961
nancy,10000,5051.484,5051.661,0.17699999999967986
nancy,10000,5051.484,5109.7104,58.22639999999956
nancy,10000,5055.462,5055.639,0.17699999999967986
nancy,10000,5055.462,5113.766,58.30399999999918
nancy,10000,5008.6904,5008.8945,0.20409999999992579
nancy,10000,5008.6904,5059.7036,51.013199999999415
nancy,10000,5012.473,5012.6597,0.18670000000020082
nancy,10000,5012.473,5067.6294,55.15639999999985
nancy,10000,5016.263,5016.437,0.17399999999997817
nancy,10000,5016.263,5070.8745,54.61149999999998
nancy,10000,5020.2974,5020.499,0.20159999999941647
nancy,10000,5020.2974,5072.4463,52.14889999999923
nancy,10000,5147.4053,5147.582,0.17669999999998254
nancy,10000,5147.4053,5203.4233,56.01800000000003
nancy,10000,5024.0923,5024.291,0.19869999999991705
nancy,10000,5024.0923,5083.778,59.6857
rennes,10000,4927.252,4927.3896,0.13760000000002037
rennes,10000,4927.252,4973.2705,46.01849999999922
rennes,10000,4932.015,4932.11,0.09499999999934516
rennes,10000,4932.015,4983.3716,51.35660000000007
rennes,10000,4937.0044,4937.1387,0.13430000000062137
rennes,10000,4937.0044,4985.1904,48.186000000000604
rennes,10000,4941.759,4941.852,0.0929999999998472
rennes,10000,4941.759,4989.025,47.26599999999962
rennes,10000,4946.5854,4946.701,0.11560000000008586
rennes,10000,4946.5854,4992.7036,46.11819999999989
lyon,10000,4897.688,4897.872,0.18400000000019645
lyon,10000,4897.688,4948.6636,50.97559999999976
lyon,10000,4903.536,4903.7163,0.18029999999998836
lyon,10000,4903.536,4952.446,48.909999999999854
lyon,10000,4908.929,4909.093,0.1639999999997599
lyon,10000,4908.929,4955.3096,46.380599999999504
lyon,10000,4915.278,4915.442,0.1639999999997599
lyon,10000,4915.278,4965.776,50.49799999999959
nancy,10000,5151.139,5151.3145,0.17550000000028376
nancy,10000,5151.139,5204.2183,53.07930000000033
lyon,10000,4921.0693,4921.223,0.1536999999998443
lyon,10000,4921.0693,4973.605,52.53569999999945
rennes,10000,4922.1475,4922.4375,0.2899999999999636
rennes,10000,4922.1475,4975.0815,52.9340000000002
rennes,10000,4926.6914,4926.902,0.21060000000034051
rennes,10000,4926.6914,4978.823,52.13160000000062
rennes,10000,4931.277,4931.451,0.17399999999997817
rennes,10000,4931.277,4980.5034,49.22639999999956
rennes,10000,4936.6797,4936.9717,0.2920000000003711
rennes,10000,4936.6797,4985.841,49.161300000000665
rennes,10000,4941.396,4941.577,0.18100000000049477
rennes,10000,4941.396,4995.6377,54.24170000000049
nantes,10000,4865.672,4865.819,0.147000000000844
nantes,10000,4865.672,4920.189,54.517000000000735
nantes,10000,4871.996,4872.0913,0.09529999999995198
nantes,10000,4871.996,4926.8115,54.8154999999997
nantes,10000,4877.3726,4877.5293,0.15670000000045547
nantes,10000,4877.3726,4926.1274,48.754800000000614
nantes,10000,4883.788,4883.908,0.12000000000080036
nantes,10000,4883.788,4936.5645,52.77650000000085
nancy,10000,5154.903,5155.08,0.17699999999967986
nancy,10000,5154.903,5213.2544,58.35139999999956
nantes,10000,4889.3564,4889.504,0.14760000000023865
nantes,10000,4889.3564,4943.8735,54.51710000000003
nancy,10000,4950.701,4950.8276,0.12659999999959837
nancy,10000,4950.701,5004.717,54.01599999999962
nancy,10000,4954.753,4954.8813,0.1283000000003085
nancy,10000,4954.753,5011.3887,56.635700000000725
nancy,10000,4958.714,4958.847,0.13299999999981083
nancy,10000,4958.714,5016.5107,57.79669999999987
nancy,10000,4962.7095,4962.839,0.12950000000000728
nancy,10000,4962.7095,5021.783,59.07350000000042
nancy,10000,4966.8525,4966.9795,0.12700000000040745
nancy,10000,4966.8525,5026.9478,60.09529999999995
rennes,10000,4872.4062,4872.5654,0.1592000000000553
rennes,10000,4872.4062,4923.1445,50.73829999999998
rennes,10000,4876.7812,4876.8843,0.10309999999935826
rennes,10000,4876.7812,4925.6265,48.84529999999995
rennes,10000,4881.5874,4881.6934,0.10599999999976717
rennes,10000,4881.5874,4933.663,52.07559999999921
rennes,10000,4886.6753,4886.7954,0.12010000000009313
rennes,10000,4886.6753,4937.931,51.255699999999706
lyon,10000,5029.1265,5029.2236,0.09709999999995489
lyon,10000,5029.1265,5077.9927,48.86619999999948
nancy,10000,5126.495,5126.675,0.18000000000029104
nancy,10000,5126.495,5180.018,53.52300000000014
rennes,10000,4822.634,4822.7974,0.16340000000036525
rennes,10000,4822.634,4867.686,45.05199999999968
rennes,10000,5039.621,5039.897,0.27599999999983993
rennes,10000,5039.621,5084.5693,44.94830000000002
rennes,10000,5044.229,5044.4,0.170999999999367
rennes,10000,5044.229,5092.453,48.22400000000016
rennes,10000,5048.565,5048.8413,0.27630000000044674
rennes,10000,5048.565,5095.425,46.86000000000058
rennes,10000,5053.691,5053.862,0.1710000000002765
rennes,10000,5053.691,5099.9307,46.239700000000084
rennes,10000,5058.2734,5058.453,0.17960000000039145
rennes,10000,5058.2734,5105.4277,47.15430000000015
nantes,10000,5034.49,5034.66,0.17000000000007276
nantes,10000,5034.49,5081.8784,47.38839999999982
nantes,10000,5041.093,5041.3564,0.26339999999981956
nantes,10000,5041.093,5087.627,46.53400000000056
nantes,10000,5046.313,5046.475,0.16200000000026193
nantes,10000,5046.313,5091.8545,45.54150000000027
nantes,10000,5053.401,5053.581,0.18000000000029104
nantes,10000,5053.401,5101.7705,48.36949999999979
lyon,10000,5035.653,5035.7656,0.11259999999947468
lyon,10000,5035.653,5085.15,49.49699999999939
nantes,10000,5058.839,5059.0073,0.16830000000027212
nantes,10000,5058.839,5105.2236,46.38460000000032
nantes,10000,4994.316,4994.477,0.1610000000000582
nantes,10000,4994.316,5041.7285,47.412500000000364
nantes,10000,5000.13,5000.245,0.11499999999978172
nantes,10000,5000.13,5047.1865,47.05649999999969
nantes,10000,5005.7783,5005.8794,0.1010999999998603
nantes,10000,5005.7783,5054.9004,49.1221000000005
nantes,10000,5012.019,5012.148,0.1289999999999054
nantes,10000,5012.019,5059.303,47.28399999999965
nantes,10000,5017.5576,5017.678,0.12039999999979045
nantes,10000,5017.5576,5065.2295,47.67190000000028
nancy,10000,5072.112,5072.2905,0.17849999999998545
nancy,10000,5072.112,5124.257,52.14499999999953
nancy,10000,5075.755,5075.9365,0.18149999999968713
nancy,10000,5075.755,5126.905,51.149999999999636
nancy,10000,5079.634,5079.815,0.18099999999958527
nancy,10000,5079.634,5134.8833,55.2493000000004
nancy,10000,5083.2007,5083.3774,0.17669999999998254
nancy,10000,5083.2007,5136.898,53.697299999999814
lyon,10000,5041.131,5048.507,7.375999999999294
lyon,10000,5041.131,5090.6416,49.51059999999961
nancy,10000,5086.9624,5087.143,0.18059999999968568
nancy,10000,5086.9624,5138.6196,51.65719999999965
lyon,10000,5004.129,5004.2236,0.09460000000035507
lyon,10000,5004.129,5052.031,47.902000000000044
lyon,10000,5009.8325,5009.9556,0.12309999999979482
lyon,10000,5009.8325,5054.724,44.89149999999972
lyon,10000,5015.1846,5015.2812,0.09660000000076252
lyon,10000,5015.1846,5063.52,48.335400000000845
lyon,10000,5021.2285,5021.325,0.09649999999965075
lyon,10000,5021.2285,5069.81,48.58150000000023
lyon,10000,5027.1055,5027.2104,0.10490000000027067
lyon,10000,5027.1055,5076.4644,49.358900000000176
lyon,10000,4988.3794,4988.5264,0.14699999999993452
lyon,10000,4988.3794,5038.23,49.85059999999976
lyon,10000,4994.5244,4994.708,0.18359999999938736
lyon,10000,4994.5244,5040.562,46.03759999999966
lyon,10000,4999.638,4999.738,0.1000000000003638
lyon,10000,4999.638,5047.88,48.24200000000019
lyon,10000,5005.98,5006.1025,0.12250000000040018
lyon,10000,5005.98,5051.501,45.52100000000064
lyon,10000,5047.3853,5047.533,0.14770000000044092
lyon,10000,5047.3853,5096.089,48.703700000000026
lyon,10000,5011.1426,5011.235,0.09239999999954307
lyon,10000,5011.1426,5057.67,46.52739999999994
rennes,10000,4975.877,4976.003,0.12599999999929423
rennes,10000,4975.877,5022.564,46.6869999999999
rennes,10000,4980.6353,4980.7495,0.11419999999998254
rennes,10000,4980.6353,5029.932,49.29669999999987
rennes,10000,4985.1294,4985.2524,0.12300000000050204
rennes,10000,4985.1294,5032.993,47.86360000000059
rennes,10000,4989.8647,4989.9756,0.11089999999967404
rennes,10000,4989.8647,5039.542,49.67730000000029
rennes,10000,4995.019,4995.133,0.113999999999578
rennes,10000,4995.019,5040.28,45.26099999999951
nantes,10000,4902.3013,4902.4297,0.12839999999960128
nantes,10000,4902.3013,4947.7534,45.45209999999952
nantes,10000,4908.619,4908.795,0.17600000000038563
nantes,10000,4908.619,4953.8613,45.24229999999989
nantes,10000,4914.287,4914.4434,0.15639999999984866
nantes,10000,4914.287,4963.114,48.826999999999316
nantes,10000,4920.8804,4921.022,0.14159999999992579
nantes,10000,4920.8804,4969.7876,48.90719999999965
lyon,10000,5053.2314,5053.326,0.09460000000035507
lyon,10000,5053.2314,5099.732,46.500600000000304
nantes,10000,4926.683,4926.8325,0.14950000000044383
nantes,10000,4926.683,4972.7764,46.09339999999975
nantes,10000,4900.9995,4901.172,0.17249999999967258
nantes,10000,4900.9995,4949.256,48.256500000000415
nantes,10000,4906.442,4906.7046,0.2626000000000204
nantes,10000,4906.442,4953.34,46.89800000000014
nantes,10000,4912.38,4912.5454,0.1653999999998632
nantes,10000,4912.38,4957.798,45.417999999999665
nantes,10000,4919.4263,4919.5635,0.13720000000012078
nantes,10000,4919.4263,4968.716,49.289700000000266
nantes,10000,4925.0654,4925.1655,0.10009999999965657
nantes,10000,4925.0654,4972.9966,47.93119999999999
lyon,10000,4902.763,4903.002,0.2390000000004875
lyon,10000,4902.763,4952.366,49.603000000000065
lyon,10000,4909.007,4909.247,0.24000000000069122
lyon,10000,4909.007,4956.111,47.10400000000027
lyon,10000,4914.263,4914.454,0.19099999999980355
lyon,10000,4914.263,4963.734,49.47100000000046
lyon,10000,4920.5356,4920.723,0.18739999999979773
lyon,10000,4920.5356,4966.769,46.233400000000074
nancy,10000,5111.437,5111.664,0.22699999999986176
nancy,10000,5111.437,5164.3486,52.91160000000036
lyon,10000,4925.489,4925.719,0.23000000000047294
lyon,10000,4925.489,4972.597,47.108000000000175
nancy,10000,4959.938,4960.115,0.17699999999967986
nancy,10000,4959.938,5012.2354,52.29739999999947
nancy,10000,4963.832,4964.0083,0.17630000000008295
nancy,10000,4963.832,5018.201,54.36899999999969
nancy,10000,4967.7725,4967.9443,0.17180000000007567
nancy,10000,4967.7725,5019.352,51.579499999999825
nancy,10000,4971.677,4971.8506,0.17360000000007858
nancy,10000,4971.677,5023.4976,51.82060000000001
nancy,10000,4975.543,4975.7256,0.18260000000009313
nancy,10000,4975.543,5030.076,54.53300000000036
nancy,10000,4964.962,4965.0957,0.13369999999940774
nancy,10000,4964.962,5019.0645,54.102499999999964
nancy,10000,4968.883,4969.0024,0.11940000000049622
nancy,10000,4968.883,5020.218,51.335000000000036
nancy,10000,4972.836,4973.0015,0.16550000000006548
nancy,10000,4972.836,5026.81,53.97400000000016
nancy,10000,4977.035,4977.1553,0.12030000000049768
nancy,10000,4977.035,5027.4434,50.408400000000256
nancy,10000,5114.73,5114.904,0.17400000000088767
nancy,10000,5114.73,5166.4326,51.70260000000053
nancy,10000,4981.0386,4981.1562,0.11760000000049331
nancy,10000,4981.0386,5031.6387,50.600100000000566
rennes,10000,4881.67,4881.9277,0.2577000000001135
rennes,10000,4881.67,4928.4136,46.74359999999979
rennes,10000,4886.166,4886.262,0.09599999999954889
rennes,10000,4886.166,4931.73,45.563999999999396
rennes,10000,4890.4097,4890.582,0.17230000000017753
rennes,10000,4890.4097,4937.8975,47.48779999999988
rennes,10000,4895.657,4895.8213,0.1642999999994572
rennes,10000,4895.657,4940.546,44.889000000000124
rennes,10000,4900.3374,4900.5073,0.1698999999998705
rennes,10000,4900.3374,4949.5054,49.167999999999665
lyon,10000,4793.8994,4794.0303,0.1309000000001106
lyon,10000,4793.8994,4839.1016,45.20219999999972
lyon,10000,4799.9624,4800.079,0.11659999999938009
lyon,10000,4799.9624,4847.672,47.70959999999923
lyon,10000,4805.156,4805.2856,0.12960000000020955
lyon,10000,4805.156,4854.5015,49.34550000000036
lyon,10000,4812.164,4812.284,0.11999999999989086
lyon,10000,4812.164,4861.0054,48.84140000000025
nancy,10000,5118.7993,5118.981,0.18170000000009168
nancy,10000,5118.7993,5171.348,52.54870000000028
lyon,10000,4817.726,4817.859,0.13300000000072032
lyon,10000,4817.726,4862.681,44.95499999999993
rennes,10000,4818.5737,4818.7427,0.16899999999986903
rennes,10000,4818.5737,4864.3823,45.8086000000003
rennes,10000,4823.4355,4823.6,0.16450000000077125
rennes,10000,4823.4355,4870.9814,47.545900000000074
rennes,10000,4827.9307,4828.0986,0.16790000000037253
rennes,10000,4827.9307,4875.175,47.244300000000294
rennes,10000,4832.4053,4832.574,0.16869999999926222
rennes,10000,4832.4053,4880.787,48.38169999999991
rennes,10000,4837.2666,4837.4307,0.16409999999996217
rennes,10000,4837.2666,4882.869,45.60239999999976
nantes,10000,4770.7534,4770.855,0.10159999999996217
nantes,10000,4770.7534,4819.2817,48.528299999999945
nantes,10000,4777.391,4777.5146,0.12360000000080618
nantes,10000,4777.391,4826.092,48.70100000000002
nantes,10000,4782.945,4783.0415,0.09650000000056025
nantes,10000,4782.945,4828.7793,45.83430000000044
nantes,10000,4789.669,4789.906,0.23700000000008004
nantes,10000,4789.669,4838.917,49.2480000000005
nancy,10000,5122.7344,5122.9224,0.18800000000010186
nancy,10000,5122.7344,5175.5854,52.85099999999966
nantes,10000,4795.157,4795.263,0.10599999999976717
nantes,10000,4795.157,4840.255,45.097999999999956
nancy,10000,4883.094,4883.28,0.1859999999996944
nancy,10000,4883.094,4936.632,53.537999999999556
nancy,10000,4886.7456,4886.9443,0.19869999999991705
nancy,10000,4886.7456,4937.348,50.60239999999976
nancy,10000,4890.8765,4891.0605,0.18399999999928696
nancy,10000,4890.8765,4942.243,51.36650000000009
nancy,10000,4894.7993,4895.02,0.22070000000076107
nancy,10000,4894.7993,4950.154,55.354700000000776
nancy,10000,4899.0522,4899.2354,0.18319999999948777
nancy,10000,4899.0522,4949.8516,50.79939999999988
rennes,10000,4803.402,4803.568,0.16600000000016735
rennes,10000,4803.402,4850.358,46.95600000000013
rennes,10000,4808.3657,4808.4673,0.10159999999996217
rennes,10000,4808.3657,4854.5967,46.23099999999977
rennes,10000,4812.933,4813.0996,0.166599999999562
rennes,10000,4812.933,4860.8784,47.94539999999961
rennes,10000,4817.536,4817.7227,0.18670000000020082
rennes,10000,4817.536,4867.2944,49.75839999999971
lyon,10000,5095.5786,5095.7627,0.18410000000039872
lyon,10000,5095.5786,5147.134,51.55540000000019
nancy,10000,5171.478,5171.6533,0.17529999999987922
nancy,10000,5171.478,5229.5386,58.060599999999795
rennes,10000,4866.5264,4866.6157,0.08930000000054861
rennes,10000,4866.5264,4916.9897,50.463300000000345
rennes,10000,5064.8706,5064.952,0.08140000000003056
rennes,10000,5064.8706,5117.0034,52.132799999999406
rennes,10000,5069.822,5069.9478,0.12579999999979918
rennes,10000,5069.822,5123.617,53.79500000000007
rennes,10000,5074.7554,5074.869,0.1135999999996784
rennes,10000,5074.7554,5125.8774,51.1220000000003
rennes,10000,5079.4175,5079.551,0.13350000000082218
rennes,10000,5079.4175,5130.15,50.73250000000007
rennes,10000,5084.101,5084.1914,0.09040000000004511
rennes,10000,5084.101,5134.2397,50.138700000000426
nantes,10000,5054.8174,5054.9814,0.1639999999997599
nantes,10000,5054.8174,5103.139,48.32160000000022
nantes,10000,5061.2847,5061.4243,0.13959999999951833
nantes,10000,5061.2847,5111.331,50.046299999999974
nantes,10000,5066.202,5066.3623,0.1602999999995518
nantes,10000,5066.202,5115.757,49.55499999999938
nantes,10000,5072.5537,5072.7295,0.17579999999998108
nantes,10000,5072.5537,5127.431,54.877299999999195
lyon,10000,5101.6045,5101.8057,0.20119999999951688
lyon,10000,5101.6045,5156.7485,55.14399999999932
nantes,10000,5078.3887,5078.557,0.16829999999936263
nantes,10000,5078.3887,5133.4595,55.07079999999951
nantes,10000,5021.34,5021.475,0.13500000000021828
nantes,10000,5021.34,5073.4883,52.148299999999836
nantes,10000,5027.934,5028.0654,0.13140000000021246
nantes,10000,5027.934,5076.3164,48.38239999999951
nantes,10000,5033.139,5033.303,0.1639999999997599
nantes,10000,5033.139,5082.511,49.3720000000003
nantes,10000,5040.634,5040.771,0.13699999999971624
nantes,10000,5040.634,5092.052,51.417999999999665
nantes,10000,5046.1113,5046.274,0.16270000000076834
nantes,10000,5046.1113,5098.181,52.06970000000001
nancy,10000,5111.045,5111.22,0.1750000000001819
nancy,10000,5111.045,5167.461,56.41600000000017
nancy,10000,5114.7515,5114.9214,0.1698999999998705
nancy,10000,5114.7515,5170.317,55.5654999999997
nancy,10000,5118.6025,5118.781,0.17849999999998545
nancy,10000,5118.6025,5179.132,60.52949999999964
nancy,10000,5122.7153,5122.891,0.1756999999997788
nancy,10000,5122.7153,5182.131,59.41570000000047
lyon,10000,5106.853,5107.038,0.18499999999949068
lyon,10000,5106.853,5155.701,48.847999999999956
nancy,10000,5127.0054,5127.179,0.17360000000007858
nancy,10000,5127.0054,5185.384,58.378600000000006
lyon,10000,5012.8013,5020.2686,7.46730000000025
lyon,10000,5012.8013,5064.0015,51.20020000000022
lyon,10000,5018.4565,5018.615,0.1584999999995489
lyon,10000,5018.4565,5068.055,49.59850000000006
lyon,10000,5024.079,5024.26,0.18100000000049477
lyon,10000,5024.079,5079.4,55.32099999999991
lyon,10000,5030.9546,5031.124,0.16939999999976862
lyon,10000,5030.9546,5083.4736,52.51900000000023
lyon,10000,5036.549,5036.7603,0.21129999999993743
lyon,10000,5036.549,5090.296,53.7470000000003
lyon,10000,4995.33,4995.534,0.2039999999997235
lyon,10000,4995.33,5048.794,53.46399999999994
lyon,10000,5001.4375,5001.608,0.17050000000017462
lyon,10000,5001.4375,5056.55,55.11250000000018
lyon,10000,5006.945,5007.1807,0.235700000000179
lyon,10000,5006.945,5057.4233,50.47830000000067
lyon,10000,5013.631,5013.8276,0.19659999999930733
lyon,10000,5013.631,5065.337,51.70600000000013
lyon,10000,5113.4272,5113.6895,0.26230000000032305
lyon,10000,5113.4272,5161.999,48.57179999999971
lyon,10000,5019.4434,5019.6187,0.17529999999987922
lyon,10000,5019.4434,5073.7466,54.30320000000029
rennes,10000,4994.873,4994.9883,0.11530000000038854
rennes,10000,4994.873,5043.2925,48.41949999999997
rennes,10000,4999.25,4999.3657,0.11570000000028813
rennes,10000,4999.25,5049.653,50.40300000000025
rennes,10000,5003.964,5004.115,0.15099999999983993
rennes,10000,5003.964,5055.7104,51.746399999999994
rennes,10000,5008.9536,5009.0684,0.11480000000028667
rennes,10000,5008.9536,5061.311,52.35739999999987
rennes,10000,5013.7153,5013.811,0.09569999999985157
rennes,10000,5013.7153,5065.568,51.85270000000037
nantes,10000,4956.2056,4956.311,0.10539999999946303
nantes,10000,4956.2056,5006.19,49.98439999999937
nantes,10000,4962.8594,4962.9536,0.09419999999954598
nantes,10000,4962.8594,5012.8115,49.95209999999952
nantes,10000,4968.0347,4968.1494,0.1147000000000844
nantes,10000,4968.0347,5017.671,49.63630000000012
nantes,10000,4974.598,4974.691,0.0929999999998472
nantes,10000,4974.598,5023.5186,48.92060000000038
lyon,10000,5119.0215,5119.2773,0.2557999999999083
lyon,10000,5119.0215,5170.634,51.61250000000018
nantes,10000,4980.1924,4980.3403,0.14789999999993597
nantes,10000,4980.1924,5035.4463,55.2538999999997
nantes,10000,4945.417,4945.591,0.17399999999997817
nantes,10000,4945.417,4997.9756,52.55859999999939
nantes,10000,4952.0156,4952.199,0.18339999999989232
nantes,10000,4952.0156,5001.7236,49.70800000000054
nantes,10000,4957.5986,4957.774,0.1754000000000815
nantes,10000,4957.5986,5011.462,53.86340000000018
nantes,10000,4963.8853,4964.062,0.17669999999998254
nantes,10000,4963.8853,5017.4985,53.61319999999978
nantes,10000,4969.5674,4969.7354,0.1679999999996653
nantes,10000,4969.5674,5020.7456,51.17820000000029
lyon,10000,4937.738,4937.917,0.1790000000000873
lyon,10000,4937.738,4987.579,49.84099999999944
lyon,10000,4944.041,4944.2266,0.18559999999979482
lyon,10000,4944.041,4995.4453,51.40430000000015
lyon,10000,4949.048,4949.216,0.1680000000005748
lyon,10000,4949.048,5001.9727,52.924700000000485
lyon,10000,4956.188,4956.458,0.26999999999952706
lyon,10000,4956.188,5010.808,54.61999999999989
nancy,10000,5155.5654,5155.7393,0.1738999999997759
nancy,10000,5155.5654,5215.22,59.654599999999846
lyon,10000,4961.53,4961.8086,0.2786000000005515
lyon,10000,4961.53,5012.7666,51.23660000000018
nancy,10000,5019.3154,5019.4287,0.11329999999998108
nancy,10000,5019.3154,5072.6455,53.33009999999922
nancy,10000,5023.2104,5023.3096,0.09919999999965512
nancy,10000,5023.2104,5079.7583,56.54790000000048
nancy,10000,5027.1177,5027.225,0.10730000000057771
nancy,10000,5027.1177,5083.2656,56.147899999999936
nancy,10000,5030.917,5031.034,0.11699999999927968
nancy,10000,5030.917,5087.6685,56.751499999999396
nancy,10000,5035.0244,5035.1177,0.09329999999954453
nancy,10000,5035.0244,5092.2573,57.23289999999997
nancy,10000,5011.524,5011.598,0.07399999999961437
nancy,10000,5011.524,5071.379,59.85499999999956
nancy,10000,5015.104,5015.1763,0.07229999999981374
nancy,10000,5015.104,5074.327,59.222999999999956
nancy,10000,5018.9814,5019.073,0.09160000000065338
nancy,10000,5018.9814,5073.1333,54.15190000000075
nancy,10000,5022.6543,5022.719,0.0646999999999025
nancy,10000,5022.6543,5083.566,60.911699999999655
nancy,10000,5159.457,5159.628,0.170999999999367
nancy,10000,5159.457,5213.7085,54.251499999999396
nancy,10000,5026.6846,5026.752,0.06740000000081636
nancy,10000,5026.6846,5080.917,54.23240000000078
rennes,10000,4915.1665,4915.2925,0.12599999999929423
rennes,10000,4915.1665,4965.1797,50.013199999999415
rennes,10000,4919.671,4919.7896,0.11859999999978754
rennes,10000,4919.671,4974.8306,55.159599999999955
rennes,10000,4924.1987,4924.32,0.12129999999979191
rennes,10000,4924.1987,4977.5034,53.304699999999684
rennes,10000,4928.856,4928.9673,0.11130000000048312
rennes,10000,4928.856,4979.362,50.50600000000031
rennes,10000,4933.7173,4933.837,0.11970000000019354
rennes,10000,4933.7173,4984.5796,50.86229999999978
lyon,10000,4879.545,4879.715,0.17000000000007276
lyon,10000,4879.545,4934.8037,55.25870000000032
lyon,10000,4885.7993,4885.9336,0.13430000000062137
lyon,10000,4885.7993,4938.6406,52.84130000000005
lyon,10000,4891.1157,4891.3066,0.19089999999960128
lyon,10000,4891.1157,4946.459,55.343299999999545
lyon,10000,4897.259,4897.4526,0.19359999999960564
lyon,10000,4897.259,4946.2476,48.98859999999968
nancy,10000,5163.5127,5163.6924,0.17969999999968422
nancy,10000,5163.5127,5222.3384,58.825699999999415
lyon,10000,4902.725,4902.8735,0.1484999999993306
lyon,10000,4902.725,4951.2554,48.530399999999645
rennes,10000,4882.129,4882.2476,0.11859999999978754
rennes,10000,4882.129,4935.067,52.9380000000001
rennes,10000,4886.288,4886.419,0.13100000000031287
rennes,10000,4886.288,4935.654,49.366000000000895
rennes,10000,4890.987,4891.106,0.11899999999968713
rennes,10000,4890.987,4942.864,51.8769999999995
rennes,10000,4896.101,4896.2466,0.1456000000007407
rennes,10000,4896.101,4949.7495,53.64850000000024
rennes,10000,4900.5537,4900.671,0.1172999999998865
rennes,10000,4900.5537,4948.7344,48.18069999999989
nantes,10000,4811.8574,4812.052,0.19459999999980937
nantes,10000,4811.8574,4861.431,49.573599999999715
nantes,10000,4817.84,4818.0063,0.16629999999986467
nantes,10000,4817.84,4872.3716,54.53160000000025
nantes,10000,4823.744,4823.936,0.19200000000000728
nantes,10000,4823.744,4872.454,48.710000000000036
nantes,10000,4830.377,4830.544,0.16699999999946158
nantes,10000,4830.377,4878.451,48.073999999999614
nancy,10000,5167.5283,5167.7065,0.17820000000028813
nancy,10000,5167.5283,5227.722,60.19369999999981
nantes,10000,4836.197,4836.427,0.22999999999956344
nantes,10000,4836.197,4887.048,50.85099999999966
nancy,10000,4920.8477,4920.9536,0.1058999999995649
nancy,10000,4920.8477,4976.7837,55.935999999999694
nancy,10000,4924.4897,4924.617,0.12730000000010477
nancy,10000,4924.4897,4982.9463,58.456599999999526
nancy,10000,4928.3257,4928.4287,0.10300000000006548
nancy,10000,4928.3257,4984.8623,56.53659999999945
nancy,10000,4932.476,4932.5845,0.10850000000027649
nancy,10000,4932.476,4987.428,54.952000000000226
nancy,10000,4936.897,4936.9985,0.1014999999997599
nancy,10000,4936.897,4994.669,57.771999999999935
rennes,10000,4847.3003,4847.4443,0.14400000000023283
rennes,10000,4847.3003,4895.382,48.08169999999973
rennes,10000,4852.0684,4852.2207,0.15229999999974098
rennes,10000,4852.0684,4904.914,52.84559999999965
rennes,10000,4856.5776,4856.6895,0.11190000000078726
rennes,10000,4856.5776,4911.1597,54.58210000000054
rennes,10000,4861.751,4861.84,0.08899999999994179
rennes,10000,4861.751,4914.95,53.198999999999614
lyon,10000,5052.921,5053.0215,0.10049999999955617
lyon,10000,5052.921,5102.8486,49.927599999999984
nancy,10000,5171.7954,5171.9717,0.17630000000008295
nancy,10000,5171.7954,5226.163,54.367599999999584
rennes,10000,4867.923,4868.0464,0.12340000000040163
rennes,10000,4867.923,4917.7827,49.859699999999975
rennes,10000,5062.592,5062.8325,0.24050000000079308
rennes,10000,5062.592,5112.864,50.271999999999935
rennes,10000,5067.055,5067.3257,0.27070000000003347
rennes,10000,5067.055,5117.8857,50.830699999999524
rennes,10000,5072.366,5080.5156,8.149599999999737
rennes,10000,5072.366,5121.8433,49.47730000000047
rennes,10000,5076.9985,5077.2075,0.20900000000074215
rennes,10000,5076.9985,5125.556,48.55749999999989
rennes,10000,5082.093,5082.3535,0.26050000000032014
rennes,10000,5082.093,5132.2188,50.1257999999998
nantes,10000,5029.2085,5029.3984,0.18990000000030705
nantes,10000,5029.2085,5077.767,48.558500000000095
nantes,10000,5035.273,5035.437,0.1639999999997599
nantes,10000,5035.273,5082.058,46.784999999999854
nantes,10000,5041.0737,5041.2515,0.17780000000038854
nantes,10000,5041.0737,5086.5176,45.44390000000021
nantes,10000,5047.536,5047.6997,0.16370000000006257
nantes,10000,5047.536,5094.5415,47.00550000000021
lyon,10000,5059.4473,5059.567,0.11970000000019354
lyon,10000,5059.4473,5107.253,47.80569999999989
nantes,10000,5052.634,5052.812,0.17799999999988358
nantes,10000,5052.634,5099.674,47.039999999999964
nantes,10000,4997.929,4998.069,0.14000000000032742
nantes,10000,4997.929,5047.1885,49.259500000000116
nantes,10000,5003.9595,5004.113,0.15350000000034925
nantes,10000,5003.9595,5054.4614,50.501900000000205
nantes,10000,5009.638,5009.786,0.14800000000013824
nantes,10000,5009.638,5059.47,49.832000000000335
nantes,10000,5016.389,5016.546,0.1570000000001528
nantes,10000,5016.389,5062.151,45.761999999999716
nantes,10000,5022.125,5022.2686,0.14360000000033324
nantes,10000,5022.125,5071.4067,49.281699999999546
nancy,10000,5094.774,5094.845,0.07099999999991269
nancy,10000,5094.774,5147.7153,52.9412999999995
nancy,10000,5098.232,5098.3076,0.07560000000012224
nancy,10000,5098.232,5153.119,54.886999999999716
nancy,10000,5102.395,5102.47,0.0749999999998181
nancy,10000,5102.395,5155.193,52.797999999999774
nancy,10000,5106.078,5106.151,0.07299999999941065
nancy,10000,5106.078,5159.1304,53.05239999999958
lyon,10000,5064.5464,5064.663,0.11659999999938009
lyon,10000,5064.5464,5110.341,45.79460000000017
nancy,10000,5109.755,5109.829,0.07399999999961437
nancy,10000,5109.755,5160.589,50.83399999999983
lyon,10000,4997.137,4997.279,0.14200000000073487
lyon,10000,4997.137,5043.1567,46.01969999999983
lyon,10000,5003.1978,5003.377,0.17920000000049185
lyon,10000,5003.1978,5048.9277,45.72990000000027
lyon,10000,5009.133,5009.2754,0.14240000000063446
lyon,10000,5009.133,5058.77,49.637000000000626
lyon,10000,5015.411,5015.5933,0.1823000000003958
lyon,10000,5015.411,5061.1313,45.72029999999995
lyon,10000,5020.8667,5021.0273,0.16060000000015862
lyon,10000,5020.8667,5067.306,46.4393
lyon,10000,4984.853,4984.973,0.11999999999989086
lyon,10000,4984.853,5033.9404,49.08740000000034
lyon,10000,4991.1733,4991.265,0.09169999999994616
lyon,10000,4991.1733,5039.9346,48.76129999999921
lyon,10000,4996.315,4996.47,0.15500000000065484
lyon,10000,4996.315,5046.6973,50.382300000000214
lyon,10000,5002.8706,5003.009,0.13839999999981956
lyon,10000,5002.8706,5052.889,50.01839999999993
lyon,10000,5071.6357,5071.749,0.11329999999998108
lyon,10000,5071.6357,5119.2188,47.58309999999983
lyon,10000,5008.0093,5008.153,0.1437000000005355
lyon,10000,5008.0093,5056.939,48.929700000000594
rennes,10000,4991.098,4991.274,0.17600000000038563
rennes,10000,4991.098,5038.1616,47.063600000000406
rennes,10000,4995.705,4995.88,0.1750000000001819
rennes,10000,4995.705,5044.5244,48.819400000000314
rennes,10000,5000.7305,5001.182,0.4515000000001237
rennes,10000,5000.7305,5049.808,49.07750000000033
rennes,10000,5005.9805,5006.1416,0.16110000000026048
rennes,10000,5005.9805,5056.63,50.649500000000444
rennes,10000,5010.7153,5010.9004,0.18510000000060245
rennes,10000,5010.7153,5061.0093,50.29399999999987
nantes,10000,4934.8003,4934.905,0.10469999999986612
nantes,10000,4934.8003,4982.335,47.53470000000016
nantes,10000,4940.8066,4940.9077,0.1010999999998603
nantes,10000,4940.8066,4990.6294,49.822799999999916
nantes,10000,4946.5728,4946.674,0.10120000000006257
nantes,10000,4946.5728,4994.333,47.76019999999971
nantes,10000,4953.005,4953.122,0.11700000000018917
nantes,10000,4953.005,5000.219,47.21399999999994
lyon,10000,5077.2393,5077.339,0.09969999999975698
lyon,10000,5077.2393,5123.1245,45.88519999999971
nantes,10000,4959.214,4959.3086,0.09460000000035507
nantes,10000,4959.214,5004.5195,45.30550000000039
nantes,10000,4937.638,4937.7354,0.09739999999965221
nantes,10000,4937.638,4982.6934,45.05540000000019
nantes,10000,4942.3076,4942.445,0.13739999999961583
nantes,10000,4942.3076,4990.6465,48.33889999999974
nantes,10000,4949.047,4949.151,0.10400000000026921
nantes,10000,4949.047,4995.206,46.15900000000056
nantes,10000,4954.777,4954.9043,0.12730000000010477
nantes,10000,4954.777,5001.6685,46.89149999999972
nantes,10000,4960.323,4960.454,0.13099999999940337
nantes,10000,4960.323,5006.178,45.85499999999956
lyon,10000,4927.449,4927.6167,0.16769999999996799
lyon,10000,4927.449,4974.9375,47.488500000000386
lyon,10000,4933.17,4933.2915,0.12150000000019645
lyon,10000,4933.17,4981.211,48.04100000000017
lyon,10000,4938.7266,4938.8853,0.15869999999995343
lyon,10000,4938.7266,4989.556,50.82939999999962
lyon,10000,4944.6724,4944.8384,0.16599999999925785
lyon,10000,4944.6724,4992.7637,48.09130000000005
nancy,10000,5155.7573,5155.932,0.17469999999957508
nancy,10000,5155.7573,5207.826,52.06869999999981
lyon,10000,4951.177,4951.344,0.16700000000037107
lyon,10000,4951.177,4999.221,48.04399999999987
nancy,10000,4997.916,4998.094,0.17799999999988358
nancy,10000,4997.916,5049.7627,51.846700000000055
nancy,10000,5001.688,5001.8633,0.17529999999987922
nancy,10000,5001.688,5054.68,52.99200000000019
nancy,10000,5005.5386,5005.71,0.17140000000017608
nancy,10000,5005.5386,5057.6875,52.14890000000014
nancy,10000,5009.5674,5009.739,0.17159999999967113
nancy,10000,5009.5674,5063.692,54.1246000000001
nancy,10000,5013.2783,5013.454,0.1756999999997788
nancy,10000,5013.2783,5069.147,55.86869999999999
nancy,10000,5000.297,5000.368,0.07100000000082218
nancy,10000,5000.297,5054.883,54.58600000000024
nancy,10000,5004.2485,5004.3115,0.06300000000010186
nancy,10000,5004.2485,5056.9375,52.689000000000306
nancy,10000,5008.206,5008.2827,0.07669999999961874
nancy,10000,5008.206,5061.6494,53.44340000000011
nancy,10000,5012.0244,5012.097,0.07259999999951106
nancy,10000,5012.0244,5068.2974,56.27300000000014
nancy,10000,5159.486,5159.66,0.17399999999997817
nancy,10000,5159.486,5211.131,51.64500000000044
nancy,10000,5015.94,5016.0117,0.0717000000004191
nancy,10000,5015.94,5070.7935,54.85350000000017
rennes,10000,4922.7188,4922.8335,0.1147000000000844
rennes,10000,4922.7188,4969.2627,46.543900000000576
rennes,10000,4927.3506,4927.437,0.0864000000001397
rennes,10000,4927.3506,4974.189,46.83840000000055
rennes,10000,4932.04,4932.1943,0.15430000000014843
rennes,10000,4932.04,4978.347,46.30699999999979
rennes,10000,4937.384,4937.4863,0.10229999999955908
rennes,10000,4937.384,4983.784,46.399999999999636
rennes,10000,4941.7876,4941.9604,0.1728000000002794
rennes,10000,4941.7876,4987.4434,45.655800000000454
lyon,10000,4879.083,4879.254,0.1710000000002765
lyon,10000,4879.083,4928.271,49.1880000000001
lyon,10000,4885.159,4885.33,0.1710000000002765
lyon,10000,4885.159,4932.226,47.06700000000001
lyon,10000,4890.269,4890.44,0.170999999999367
lyon,10000,4890.269,4940.5205,50.251499999999396
lyon,10000,4896.358,4896.5293,0.1712999999999738
lyon,10000,4896.358,4946.819,50.46100000000024
nancy,10000,5163.422,5163.595,0.17300000000068394
nancy,10000,5163.422,5217.6,54.17800000000079
lyon,10000,4901.9307,4902.133,0.20229999999992287
lyon,10000,4901.9307,4951.347,49.416299999999865
rennes,10000,4897.9473,4898.1323,0.18500000000040018
rennes,10000,4897.9473,4945.948,48.000700000000506
rennes,10000,4902.6646,4902.882,0.21739999999954307
rennes,10000,4902.6646,4953.323,50.658400000000256
rennes,10000,4907.1963,4907.362,0.16570000000047003
rennes,10000,4907.1963,4957.7905,50.594200000000455
rennes,10000,4912.4272,4912.593,0.1657999999997628
rennes,10000,4912.4272,4962.06,49.632800000000316
rennes,10000,4916.9595,4917.1226,0.16309999999975844
rennes,10000,4916.9595,4962.337,45.37750000000051
nantes,10000,4843.2427,4843.3496,0.10689999999976862
nantes,10000,4843.2427,4889.093,45.85030000000006
nantes,10000,4848.598,4848.731,0.13299999999981083
nantes,10000,4848.598,4899.2656,50.667599999999766
nantes,10000,4855.2207,4855.322,0.10130000000026484
nantes,10000,4855.2207,4904.524,49.30330000000049
nantes,10000,4861.2593,4861.36,0.10069999999996071
nantes,10000,4861.2593,4907.7715,46.51220000000012
nancy,10000,5167.211,5167.386,0.1750000000001819
nancy,10000,5167.211,5219.6724,52.46140000000014
nantes,10000,4866.5063,4866.6484,0.14210000000002765
nantes,10000,4866.5063,4912.6353,46.128999999999905
nancy,10000,4940.341,4940.5127,0.1716999999998734
nancy,10000,4940.341,4994.297,53.95599999999922
nancy,10000,4943.842,4944.016,0.17399999999997817
nancy,10000,4943.842,4999.605,55.76299999999992
nancy,10000,4947.5913,4947.764,0.17270000000007713
nancy,10000,4947.5913,4999.7046,52.11329999999998
nancy,10000,4951.272,4951.445,0.17299999999977445
nancy,10000,4951.272,5006.5293,55.257300000000214
nancy,10000,4955.1304,4955.3047,0.1742999999996755
nancy,10000,4955.1304,5011.1514,56.02099999999973
rennes,10000,4848.3,4848.399,0.09900000000016007
rennes,10000,4848.3,4896.682,48.38199999999961
rennes,10000,4853.6045,4853.722,0.11749999999938154
rennes,10000,4853.6045,4901.963,48.35849999999937
rennes,10000,4858.4116,4858.512,0.1003999999993539
rennes,10000,4858.4116,4908.486,50.074399999999514
rennes,10000,4862.991,4863.08,0.08899999999994179
rennes,10000,4862.991,4912.689,49.69800000000032
lyon,10000,5049.082,5049.316,0.23399999999946886
lyon,10000,5049.082,5096.2095,47.1274999999996
nancy,10000,5139.0435,5139.2163,0.1728000000002794
nancy,10000,5139.0435,5193.5435,54.5
rennes,10000,4826.975,4827.1455,0.17049999999926513
rennes,10000,4826.975,4875.5854,48.61039999999957
rennes,10000,5025.0933,5025.271,0.17769999999927677
rennes,10000,5025.0933,5071.5527,46.45939999999973
rennes,10000,5029.7236,5029.9185,0.1948999999995067
rennes,10000,5029.7236,5075.744,46.02039999999943
rennes,10000,5034.2485,5034.511,0.2625000000007276
rennes,10000,5034.2485,5083.167,48.91850000000068
rennes,10000,5039.48,5039.7334,0.25340000000051077
rennes,10000,5039.48,5084.4175,44.9375
rennes,10000,5044.046,5044.205,0.15899999999965075
rennes,10000,5044.046,5092.022,47.97599999999966
nantes,10000,4998.7417,4998.851,0.10930000000007567
nantes,10000,4998.7417,5043.5845,44.84280000000035
nantes,10000,5005.0156,5005.316,0.3004000000000815
nantes,10000,5005.0156,5054.103,49.08740000000034
nantes,10000,5010.238,5010.328,0.09000000000014552
nantes,10000,5010.238,5060.0444,49.806399999999485
nantes,10000,5017.504,5017.647,0.1430000000000291
nantes,10000,5017.504,5064.607,47.103000000000065
lyon,10000,5055.687,5055.8228,0.13580000000001746
lyon,10000,5055.687,5102.161,46.47400000000016
nantes,10000,5023.04,5023.1655,0.12550000000010186
nantes,10000,5023.04,5070.119,47.07899999999972
nantes,10000,4991.8955,4992.884,0.9885000000003856
nantes,10000,4991.8955,5038.8896,46.9941000000008
nantes,10000,4997.8535,4998.0283,0.17479999999977736
nantes,10000,4997.8535,5046.177,48.32349999999951
nantes,10000,5003.7236,5003.8765,0.1529000000000451
nantes,10000,5003.7236,5051.2485,47.524899999999434
nantes,10000,5010.258,5010.442,0.18400000000019645
nantes,10000,5010.258,5056.07,45.8119999999999
nantes,10000,5016.0547,5016.2246,0.1698999999998705
nantes,10000,5016.0547,5061.799,45.744300000000294
nancy,10000,5082.1416,5082.322,0.18040000000019063
nancy,10000,5082.1416,5136.0107,53.86909999999989
nancy,10000,5086.0176,5086.1895,0.17190000000027794
nancy,10000,5086.0176,5139.1147,53.097099999999955
nancy,10000,5090.1133,5090.288,0.17469999999957508
nancy,10000,5090.1133,5145.4077,55.29439999999977
nancy,10000,5094.034,5094.2114,0.17740000000048894
nancy,10000,5094.034,5146.278,52.2440000000006
lyon,10000,5060.5015,5060.7095,0.20799999999962893
lyon,10000,5060.5015,5110.4536,49.95209999999952
nancy,10000,5097.881,5098.055,0.17399999999997817
nancy,10000,5097.881,5151.468,53.586999999999534
lyon,10000,4962.2993,4974.8105,12.511199999999917
lyon,10000,4962.2993,5008.9824,46.683100000000195
lyon,10000,4968.5747,4981.159,12.58429999999953
lyon,10000,4968.5747,5014.3037,45.72900000000027
lyon,10000,4973.6616,4986.1763,12.51469999999972
lyon,10000,4973.6616,5018.91,45.24839999999949
lyon,10000,4980.0,4992.5527,12.552700000000186
lyon,10000,4980.0,5025.6597,45.65970000000016
lyon,10000,4985.4634,4998.03,12.566600000000108
lyon,10000,4985.4634,5030.618,45.154600000000755
lyon,10000,4946.4653,4946.602,0.13670000000001892
lyon,10000,4946.4653,4993.939,47.47370000000046
lyon,10000,4952.9844,4953.0776,0.09319999999934225
lyon,10000,4952.9844,4999.922,46.93759999999929
lyon,10000,4957.936,4958.0664,0.13040000000000873
lyon,10000,4957.936,5007.3486,49.412600000000566
lyon,10000,4964.683,4964.8276,0.14459999999962747
lyon,10000,4964.683,5013.6567,48.97369999999955
lyon,10000,5067.323,5067.464,0.14099999999962165
lyon,10000,5067.323,5117.357,50.03399999999965
lyon,10000,4970.005,4970.186,0.18099999999958527
lyon,10000,4970.005,5016.5464,46.54140000000007
rennes,10000,4958.451,4958.5396,0.0886000000000422
rennes,10000,4958.451,5006.657,48.20600000000013
rennes,10000,4963.365,4963.466,0.10100000000056752
rennes,10000,4963.365,5010.9595,47.59450000000015
rennes,10000,4967.9995,4968.089,0.08950000000004366
rennes,10000,4967.9995,5015.9473,47.947799999999916
rennes,10000,4973.115,4973.2217,0.10670000000027358
rennes,10000,4973.115,5019.8926,46.77760000000035
rennes,10000,4977.5474,4977.6494,0.10199999999986176
rennes,10000,4977.5474,5022.9775,45.430099999999584
nantes,10000,4908.404,4908.689,0.2849999999998545
nantes,10000,4908.404,4953.1133,44.70929999999953
nantes,10000,4913.588,4913.762,0.17399999999997817
nantes,10000,4913.588,4958.8994,45.3114000000005
nantes,10000,4919.653,4919.942,0.2889999999997599
nantes,10000,4919.653,4968.8105,49.157499999999345
nantes,10000,4926.515,4926.776,0.2609999999995125
nantes,10000,4926.515,4975.3394,48.824399999999514
lyon,10000,5072.5537,5072.6587,0.10499999999956344
lyon,10000,5072.5537,5120.618,48.0643
nantes,10000,4932.818,4932.988,0.17000000000007276
nantes,10000,4932.818,4982.2563,49.4382999999998
nantes,10000,4904.855,4904.952,0.09700000000066211
nantes,10000,4904.855,4950.65,45.79500000000007
nantes,10000,4911.231,4911.3438,0.11279999999987922
nantes,10000,4911.231,4957.305,46.074000000000524
nantes,10000,4916.6157,4916.719,0.1032999999997628
nantes,10000,4916.6157,4962.7383,46.12259999999969
nantes,10000,4922.677,4922.7764,0.09940000000005966
nantes,10000,4922.677,4971.0405,48.363500000000386
nantes,10000,4928.754,4928.849,0.09500000000025466
nantes,10000,4928.754,4974.9126,46.15859999999975
lyon,10000,4908.279,4908.554,0.2749999999996362
lyon,10000,4908.279,4955.5283,47.249299999999494
lyon,10000,4914.4443,4914.656,0.21169999999983702
lyon,10000,4914.4443,4962.4995,48.055199999999786
lyon,10000,4919.7515,4920.005,0.25349999999980355
lyon,10000,4919.7515,4969.5483,49.796800000000076
lyon,10000,4926.3203,4926.525,0.20469999999932043
lyon,10000,4926.3203,4972.5293,46.20899999999983
nancy,10000,5123.648,5123.8203,0.17230000000017753
nancy,10000,5123.648,5176.1235,52.475499999999556
lyon,10000,4932.231,4932.456,0.2250000000003638
lyon,10000,4932.231,4981.557,49.32600000000002
nancy,10000,4994.615,4994.6846,0.06959999999980937
nancy,10000,4994.615,5049.335,54.720000000000255
nancy,10000,4998.475,4998.542,0.06700000000000728
nancy,10000,4998.475,5052.265,53.789999999999964
nancy,10000,5002.4756,5002.5474,0.07180000000062137
nancy,10000,5002.4756,5056.054,53.57840000000033
nancy,10000,5006.861,5006.93,0.06900000000041473
nancy,10000,5006.861,5059.802,52.9409999999998
nancy,10000,5010.8228,5010.8936,0.07080000000041764
nancy,10000,5010.8228,5064.04,53.21720000000005
nancy,10000,4963.4414,4963.5864,0.14500000000043656
nancy,10000,4963.4414,5014.9146,51.47320000000036
nancy,10000,4967.0063,4967.1895,0.18320000000039727
nancy,10000,4967.0063,5021.6685,54.66219999999976
nancy,10000,4971.0293,4971.1865,0.15719999999964784
nancy,10000,4971.0293,5023.737,52.70769999999993
nancy,10000,4974.9014,4975.045,0.14360000000033324
nancy,10000,4974.9014,5029.6904,54.78900000000067
nancy,10000,5127.1587,5127.331,0.17230000000017753
nancy,10000,5127.1587,5181.644,54.48530000000028
nancy,10000,4978.956,4979.101,0.14499999999952706
nancy,10000,4978.956,5033.434,54.478000000000065
rennes,10000,4881.6987,4881.866,0.1673000000000684
rennes,10000,4881.6987,4929.3115,47.61279999999988
rennes,10000,4886.394,4886.6255,0.23149999999986903
rennes,10000,4886.394,4931.693,45.29899999999998
rennes,10000,4891.2134,4891.408,0.19460000000071886
rennes,10000,4891.2134,4938.001,46.787600000000566
rennes,10000,4896.304,4896.4966,0.1926000000003114
rennes,10000,4896.304,4941.449,45.14499999999953
rennes,10000,4901.5103,4901.7207,0.21039999999993597
rennes,10000,4901.5103,4951.22,49.70970000000034
lyon,10000,4829.39,4829.513,0.12299999999959255
lyon,10000,4829.39,4877.6455,48.2554999999993
lyon,10000,4834.756,4834.8477,0.09169999999994616
lyon,10000,4834.756,4881.5947,46.838699999999335
lyon,10000,4839.635,4839.7407,0.10570000000006985
lyon,10000,4839.635,4889.0903,49.455299999999625
lyon,10000,4846.423,4846.5176,0.09460000000035507
lyon,10000,4846.423,4893.6055,47.18249999999989
nancy,10000,5131.3726,5131.5454,0.1728000000002794
nancy,10000,5131.3726,5182.448,51.07540000000063
lyon,10000,4851.8394,4851.9346,0.09519999999974971
lyon,10000,4851.8394,4900.0767,48.23729999999978
rennes,10000,4848.1455,4848.265,0.11950000000069849
rennes,10000,4848.1455,4894.439,46.29350000000068
rennes,10000,4852.5195,4852.635,0.11549999999988358
rennes,10000,4852.5195,4902.42,49.90049999999974
rennes,10000,4857.291,4857.4185,0.12749999999959982
rennes,10000,4857.291,4904.267,46.97599999999966
rennes,10000,4862.244,4862.3604,0.11639999999988504
rennes,10000,4862.244,4910.282,48.038000000000466
rennes,10000,4867.232,4867.335,0.10300000000006548
rennes,10000,4867.232,4914.99,47.75799999999981
nantes,10000,4793.1143,4793.236,0.1216999999996915
nantes,10000,4793.1143,4839.436,46.32169999999951
nantes,10000,4798.795,4798.972,0.17699999999967986
nantes,10000,4798.795,4848.6216,49.826600000000326
nantes,10000,4804.3115,4804.473,0.16150000000016007
nantes,10000,4804.3115,4849.8237,45.51220000000012
nantes,10000,4811.3135,4811.492,0.17849999999998545
nantes,10000,4811.3135,4856.68,45.36650000000009
nancy,10000,5135.126,5135.309,0.18299999999999272
nancy,10000,5135.126,5188.139,53.01299999999992
nantes,10000,4816.6904,4816.856,0.16559999999935826
nantes,10000,4816.6904,4865.9673,49.27689999999984
nancy,10000,4876.244,4876.3086,0.06460000000060973
nancy,10000,4876.244,4931.751,55.50700000000052
nancy,10000,4880.1104,4880.1733,0.06290000000080909
nancy,10000,4880.1104,4933.1816,53.07120000000032
nancy,10000,4883.784,4883.866,0.0820000000003347
nancy,10000,4883.784,4938.7495,54.96550000000025
nancy,10000,4887.5425,4887.615,0.07250000000021828
nancy,10000,4887.5425,4942.9297,55.38720000000012
nancy,10000,4891.0435,4891.1597,0.11620000000038999
nancy,10000,4891.0435,4945.3467,54.30320000000029
rennes,10000,4807.7104,4807.847,0.13659999999981665
rennes,10000,4807.7104,4856.471,48.76059999999961
rennes,10000,4812.6157,4812.758,0.1422999999995227
rennes,10000,4812.6157,4858.736,46.12029999999959
rennes,10000,4817.501,4817.6206,0.11959999999999127
rennes,10000,4817.501,4865.9287,48.427700000000186
rennes,10000,4822.473,4822.6,0.12700000000040745
rennes,10000,4822.473,4868.4194,45.94639999999981
lyon,10000,5100.935,5101.1113,0.17629999999917345
lyon,10000,5100.935,5146.576,45.64099999999962
nancy,10000,5183.945,5184.2056,0.2606000000005224
nancy,10000,5183.945,5236.096,52.15099999999984
rennes,10000,4896.3438,4896.5063,0.1625000000003638
rennes,10000,4896.3438,4943.741,47.39720000000034
rennes,10000,5062.06,5062.269,0.20899999999983265
rennes,10000,5062.06,5107.07,45.00999999999931
rennes,10000,5066.9863,5067.223,0.23670000000038272
rennes,10000,5066.9863,5112.0015,45.01520000000073
rennes,10000,5071.676,5071.9287,0.25270000000000437
rennes,10000,5071.676,5116.4336,44.75759999999991
rennes,10000,5076.905,5077.066,0.1610000000000582
rennes,10000,5076.905,5123.833,46.927999999999884
rennes,10000,5081.222,5081.473,0.2510000000002037
rennes,10000,5081.222,5130.9546,49.732600000000275
nantes,10000,5040.4014,5040.4956,0.09420000000045547
nantes,10000,5040.4014,5086.1875,45.78610000000026
nantes,10000,5046.1104,5046.2646,0.15420000000085565
nantes,10000,5046.1104,5094.34,48.22960000000057
nantes,10000,5051.4834,5051.6143,0.1309000000001106
nantes,10000,5051.4834,5097.459,45.97559999999976
nantes,10000,5058.2017,5058.35,0.14830000000074506
nantes,10000,5058.2017,5106.3916,48.18990000000031
lyon,10000,5107.54,5107.7188,0.17879999999968277
lyon,10000,5107.54,5155.5146,47.974600000000464
nantes,10000,5064.593,5064.7417,0.14869999999973516
nantes,10000,5064.593,5109.2354,44.642399999999725
nantes,10000,5004.2036,5004.298,0.09439999999995052
nantes,10000,5004.2036,5052.8237,48.62010000000009
nantes,10000,5009.4556,5009.623,0.16739999999936117
nantes,10000,5009.4556,5055.1885,45.73289999999997
nantes,10000,5016.042,5016.1353,0.09329999999954453
nantes,10000,5016.042,5062.776,46.73399999999947
nantes,10000,5022.2764,5022.444,0.1676000000006752
nantes,10000,5022.2764,5070.475,48.198600000000624
nantes,10000,5028.1997,5028.334,0.13429999999971187
nantes,10000,5028.1997,5075.896,47.69629999999961
nancy,10000,5125.964,5126.1387,0.17470000000048458
nancy,10000,5125.964,5181.6353,55.671299999999974
nancy,10000,5129.6265,5129.8057,0.17919999999958236
nancy,10000,5129.6265,5180.84,51.21349999999984
nancy,10000,5133.468,5133.6416,0.17360000000007858
nancy,10000,5133.468,5185.286,51.81800000000021
nancy,10000,5137.794,5137.974,0.18000000000029104
nancy,10000,5137.794,5189.614,51.81999999999971
lyon,10000,5112.5454,5112.7114,0.16600000000016735
lyon,10000,5112.5454,5159.994,47.448599999999715
nancy,10000,5141.629,5141.851,0.22199999999975262
nancy,10000,5141.629,5195.6655,54.03650000000016
lyon,10000,5012.4653,5012.6333,0.1680000000005748
lyon,10000,5012.4653,5060.012,47.54669999999987
lyon,10000,5019.195,5025.9297,6.734699999999975
lyon,10000,5019.195,5068.5093,49.3143
lyon,10000,5023.569,5023.73,0.1609999999991487
lyon,10000,5023.569,5068.4326,44.86359999999968
lyon,10000,5030.078,5030.2715,0.19349999999940337
lyon,10000,5030.078,5079.8037,49.72569999999996
lyon,10000,5036.0547,5036.225,0.17030000000067957
lyon,10000,5036.0547,5083.667,47.61230000000069
lyon,10000,5015.9756,5016.128,0.15239999999994325
lyon,10000,5015.9756,5064.6313,48.65570000000025
lyon,10000,5021.788,5021.9355,0.14750000000003638
lyon,10000,5021.788,5069.692,47.90400000000045
lyon,10000,5026.8394,5027.017,0.177599999999984
lyon,10000,5026.8394,5077.0205,50.18109999999979
lyon,10000,5033.118,5033.3013,0.18329999999969004
lyon,10000,5033.118,5081.0176,47.89959999999974
lyon,10000,5118.8203,5119.0225,0.2021999999997206
lyon,10000,5118.8203,5165.657,46.83669999999984
lyon,10000,5038.589,5038.7793,0.19030000000020664
lyon,10000,5038.589,5083.267,44.677999999999884
rennes,10000,5022.63,5022.8115,0.18149999999968713
rennes,10000,5022.63,5070.3374,47.707400000000234
rennes,10000,5027.0293,5027.312,0.2826999999997497
rennes,10000,5027.0293,5076.5625,49.53319999999985
rennes,10000,5031.8755,5032.158,0.28250000000025466
rennes,10000,5031.8755,5079.0825,47.207000000000335
rennes,10000,5036.7144,5037.0015,0.2871000000004642
rennes,10000,5036.7144,5083.0947,46.38029999999981
rennes,10000,5041.202,5041.4844,0.2824000000000524
rennes,10000,5041.202,5090.5415,49.339500000000044
nantes,10000,4977.4263,4977.613,0.18670000000020082
nantes,10000,4977.4263,5024.573,47.14670000000024
nantes,10000,4983.883,4984.061,0.17799999999988358
nantes,10000,4983.883,5031.769,47.88600000000042
nantes,10000,4989.1567,4989.3286,0.17190000000027794
nantes,10000,4989.1567,5036.5396,47.38290000000052
nantes,10000,4995.8555,4996.031,0.17550000000028376
nantes,10000,4995.8555,5045.623,49.76749999999993
lyon,10000,5124.5435,5124.7134,0.1698999999998705
lyon,10000,5124.5435,5172.0796,47.53610000000026
nantes,10000,5001.479,5001.6567,0.17769999999927677
nantes,10000,5001.479,5050.6934,49.21439999999984
nantes,10000,4968.6147,4968.723,0.10829999999987194
nantes,10000,4968.6147,5013.915,45.30029999999988
nantes,10000,4975.1426,4975.2617,0.1190999999998894
nantes,10000,4975.1426,5022.15,47.00739999999951
nantes,10000,4979.9805,4980.0947,0.11419999999998254
nantes,10000,4979.9805,5029.9014,49.920900000000074
nantes,10000,4985.922,4986.046,0.12400000000070577
nantes,10000,4985.922,5034.6396,48.71760000000086
nantes,10000,4992.3525,4992.47,0.11750000000029104
nantes,10000,4992.3525,5038.0933,45.74080000000049
lyon,10000,4961.9316,4962.1113,0.17969999999968422
lyon,10000,4961.9316,5011.505,49.57340000000022
lyon,10000,4967.8076,4967.9824,0.17479999999977736
lyon,10000,4967.8076,5012.9897,45.18209999999999
lyon,10000,4972.556,4972.725,0.16900000000077853
lyon,10000,4972.556,5020.8926,48.336600000000544
lyon,10000,4979.223,4979.4346,0.21159999999963475
lyon,10000,4979.223,5028.107,48.884000000000015
nancy,10000,5167.819,5168.119,0.2999999999992724
nancy,10000,5167.819,5221.784,53.964999999999236
lyon,10000,4984.782,4984.994,0.21199999999953434
lyon,10000,4984.782,5033.9033,49.12129999999979
nancy,10000,5038.2017,5038.376,0.174300000000585
nancy,10000,5038.2017,5088.8545,50.65280000000075
nancy,10000,5042.017,5042.1904,0.17340000000058353
nancy,10000,5042.017,5093.8174,51.80040000000008
nancy,10000,5046.0,5046.172,0.17199999999957072
nancy,10000,5046.0,5101.497,55.4970000000003
nancy,10000,5049.9287,5050.102,0.17329999999947177
nancy,10000,5049.9287,5104.7153,54.78659999999945
nancy,10000,5054.0176,5054.1914,0.17379999999957363
nancy,10000,5054.0176,5104.436,50.418399999999565
nancy,10000,5022.226,5022.296,0.07000000000061846
nancy,10000,5022.226,5076.9062,54.680200000000696
nancy,10000,5025.885,5025.956,0.07099999999991269
nancy,10000,5025.885,5075.962,50.077000000000226
nancy,10000,5029.646,5029.71,0.06400000000030559
nancy,10000,5029.646,5084.772,55.126000000000204
nancy,10000,5033.3857,5033.4478,0.06210000000010041
nancy,10000,5033.3857,5087.255,53.869300000000294
nancy,10000,5171.808,5171.987,0.1790000000000873
nancy,10000,5171.808,5226.6772,54.86920000000009
nancy,10000,5037.206,5037.281,0.0749999999998181
nancy,10000,5037.206,5091.4385,54.23250000000007
rennes,10000,4950.6294,4950.806,0.17659999999978027
rennes,10000,4950.6294,4999.5356,48.906200000000354
rennes,10000,4955.4097,4955.5884,0.1786999999994805
rennes,10000,4955.4097,5000.493,45.083300000000236
rennes,10000,4959.86,4960.0386,0.17860000000018772
rennes,10000,4959.86,5007.944,48.08400000000074
rennes,10000,4964.802,4965.065,0.26299999999991996
rennes,10000,4964.802,5014.5815,49.77950000000055
rennes,10000,4969.4385,4969.6265,0.18800000000010186
rennes,10000,4969.4385,5016.1133,46.67479999999978
lyon,10000,4903.506,4903.6255,0.119499999999789
lyon,10000,4903.506,4952.3193,48.8132999999998
lyon,10000,4909.33,4909.4946,0.16460000000006403
lyon,10000,4909.33,4959.607,50.277000000000044
lyon,10000,4914.427,4914.6577,0.23070000000006985
lyon,10000,4914.427,4961.481,47.05400000000009
lyon,10000,4920.969,4921.143,0.17399999999997817
lyon,10000,4920.969,4968.396,47.42699999999968
nancy,10000,5175.8135,5176.114,0.30049999999937427
nancy,10000,5175.8135,5228.1113,52.29779999999937
lyon,10000,4926.7485,4926.9316,0.183100000000195
lyon,10000,4926.7485,4972.532,45.78350000000046
rennes,10000,4929.6187,4929.7124,0.09370000000035361
rennes,10000,4929.6187,4979.711,50.09230000000025
rennes,10000,4933.9136,4934.0186,0.10500000000047294
rennes,10000,4933.9136,4983.208,49.29439999999977
rennes,10000,4938.588,4938.6855,0.09749999999985448
rennes,10000,4938.588,4988.5815,49.993500000000495
rennes,10000,4943.052,4943.144,0.09200000000055297
rennes,10000,4943.052,4991.0615,48.009500000000116
rennes,10000,4948.016,4948.125,0.10900000000037835
rennes,10000,4948.016,4997.823,49.8070000000007
nantes,10000,4878.0703,4878.2104,0.1400999999996202
nantes,10000,4878.0703,4926.435,48.364700000000084
nantes,10000,4884.9287,4885.0327,0.10399999999935972
nantes,10000,4884.9287,4931.9897,47.060999999999694
nantes,10000,4890.049,4890.1978,0.14879999999993743
nantes,10000,4890.049,4936.5977,46.54870000000028
nantes,10000,4896.8,4896.907,0.1069999999999709
nantes,10000,4896.8,4946.765,49.965000000000146
nancy,10000,5180.045,5180.269,0.22400000000016007
nancy,10000,5180.045,5234.6577,54.61269999999968
nantes,10000,4902.6797,4902.809,0.12930000000051223
nantes,10000,4902.6797,4947.904,45.22430000000077
nancy,10000,4963.84,4964.013,0.17299999999977445
nancy,10000,4963.84,5015.303,51.46299999999974
nancy,10000,4967.2744,4967.448,0.17360000000007858
nancy,10000,4967.2744,5021.5273,54.2528999999995
nancy,10000,4970.864,4971.0415,0.17750000000069122
nancy,10000,4970.864,5022.6626,51.79860000000008
nancy,10000,4974.897,4975.067,0.17000000000007276
nancy,10000,4974.897,5025.804,50.90700000000015
nancy,10000,4978.614,4978.7886,0.1746000000002823
nancy,10000,4978.614,5032.9893,54.37530000000061
rennes,10000,4877.2275,4877.411,0.1835000000000946
rennes,10000,4877.2275,4923.6523,46.42479999999978
rennes,10000,4881.9917,4882.16,0.16830000000027212
rennes,10000,4881.9917,4929.922,47.93029999999999
rennes,10000,4886.6934,4886.9097,0.21630000000004657
rennes,10000,4886.6934,4933.74,47.04659999999967
rennes,10000,4891.7534,4891.9175,0.16409999999996217
rennes,10000,4891.7534,4938.652,46.89860000000044
lyon,10000,4829.9463,4830.115,0.1687000000001717
lyon,10000,4829.9463,4876.1626,46.21630000000005
nancy,10000,4894.597,4894.7744,0.17740000000048894
nancy,10000,4894.597,4944.828,50.23100000000068
rennes,10000,4643.2783,4643.385,0.10670000000027358
rennes,10000,4643.2783,4692.3413,49.0630000000001
rennes,10000,4793.8594,4793.9487,0.08929999999963911
rennes,10000,4793.8594,4843.6924,49.83299999999963
rennes,10000,4798.4062,4798.5503,0.1440999999995256
rennes,10000,4798.4062,4844.8105,46.40429999999924
rennes,10000,4803.324,4803.4375,0.11350000000038563
rennes,10000,4803.324,4851.123,47.79899999999998
rennes,10000,4808.2754,4808.4146,0.13919999999961874
rennes,10000,4808.2754,4854.897,46.62159999999949
rennes,10000,4813.2935,4813.3843,0.0907999999999447
rennes,10000,4813.2935,4862.53,49.23649999999998
nantes,10000,4781.586,4781.6997,0.11369999999988067
nantes,10000,4781.586,4826.727,45.14099999999962
nantes,10000,4788.021,4788.121,0.1000000000003638
nantes,10000,4788.021,4837.423,49.402000000000044
nantes,10000,4792.9077,4793.037,0.12930000000051223
nantes,10000,4792.9077,4838.037,45.12930000000051
nantes,10000,4799.9956,4800.093,0.09739999999965221
nantes,10000,4799.9956,4849.404,49.408400000000256
lyon,10000,4836.2896,4836.4146,0.125
lyon,10000,4836.2896,4883.3794,47.08979999999974
nantes,10000,4806.205,4806.3545,0.14950000000044383
nantes,10000,4806.205,4853.8076,47.602600000000166
nantes,10000,4728.404,4728.553,0.14899999999943248
nantes,10000,4728.404,4774.541,46.136999999999716
nantes,10000,4734.349,4734.5073,0.15830000000005384
nantes,10000,4734.349,4782.3804,48.03139999999985
nantes,10000,4739.77,4739.9253,0.15529999999944266
nantes,10000,4739.77,4785.6323,45.86229999999978
nantes,10000,4746.0366,4746.2227,0.18609999999989668
nantes,10000,4746.0366,4792.0234,45.986799999999675
nantes,10000,4752.284,4752.4463,0.16229999999995925
nantes,10000,4752.284,4800.8633,48.57930000000033
nancy,10000,4826.834,4826.9033,0.06930000000011205
nancy,10000,4826.834,4880.848,54.014000000000124
nancy,10000,4830.6343,4830.7266,0.09230000000025029
nancy,10000,4830.6343,4885.641,55.00669999999991
nancy,10000,4834.883,4834.952,0.06900000000041473
nancy,10000,4834.883,4886.7866,51.90360000000055
nancy,10000,4838.669,4838.79,0.12100000000009459
nancy,10000,4838.669,4891.5127,52.843700000000354
lyon,10000,4841.5586,4841.7485,0.18989999999939755
lyon,10000,4841.5586,4886.548,44.98939999999948
nancy,10000,4842.718,4842.7837,0.06570000000010623
nancy,10000,4842.718,4897.41,54.69200000000001
lyon,10000,4731.0767,4731.2603,0.18360000000029686
lyon,10000,4731.0767,4778.3345,47.257800000000316
lyon,10000,4736.9546,4737.139,0.18440000000009604
lyon,10000,4736.9546,4785.0137,48.0591000000004
lyon,10000,4742.646,4742.7866,0.14060000000063155
lyon,10000,4742.646,4791.0806,48.4346000000005
lyon,10000,4748.6123,4748.76,0.14770000000044092
lyon,10000,4748.6123,4793.33,44.71770000000015
lyon,10000,4754.321,4754.4746,0.15359999999964202
lyon,10000,4754.321,4798.803,44.48199999999997
lyon,10000,4730.414,4730.576,0.16200000000026193
lyon,10000,4730.414,4775.4136,44.9996000000001
lyon,10000,4736.368,4736.5195,0.1514999999999418
lyon,10000,4736.368,4783.3936,47.02559999999994
lyon,10000,4741.932,4742.0435,0.11149999999997817
lyon,10000,4741.932,4786.1626,44.23059999999987
lyon,10000,4747.6465,4747.797,0.15049999999973807
lyon,10000,4747.6465,4795.462,47.81550000000061
lyon,10000,4848.0283,4848.1763,0.14800000000013824
lyon,10000,4848.0283,4894.3003,46.271999999999935
lyon,10000,4753.389,4753.5522,0.1631999999999607
lyon,10000,4753.389,4802.7266,49.33759999999984
rennes,10000,4755.683,4755.95,0.2669999999998254
rennes,10000,4755.683,4802.948,47.26500000000033
rennes,10000,4760.0195,4760.2036,0.18409999999948923
rennes,10000,4760.0195,4806.4863,46.46679999999924
rennes,10000,4764.651,4764.818,0.16700000000037107
rennes,10000,4764.651,4810.9,46.248999999999796
rennes,10000,4769.5615,4769.741,0.17950000000018917
rennes,10000,4769.5615,4817.177,47.615499999999884
rennes,10000,4774.851,4775.118,0.26700000000073487
rennes,10000,4774.851,4824.879,50.02800000000025
nantes,10000,4705.1665,4705.346,0.17949999999927968
nantes,10000,4705.1665,4753.5317,48.36519999999928
nantes,10000,4710.9424,4711.1245,0.18209999999999127
nantes,10000,4710.9424,4758.9844,48.04200000000037
nantes,10000,4716.805,4716.9673,0.16229999999995925
nantes,10000,4716.805,4766.5327,49.72769999999946
nantes,10000,4723.2227,4723.4043,0.1815999999998894
nantes,10000,4723.2227,4772.049,48.82629999999972
lyon,10000,4853.2427,4853.363,0.12030000000049768
lyon,10000,4853.2427,4900.1235,46.88079999999991
nantes,10000,4728.861,4729.0264,0.1653999999998632
nantes,10000,4728.861,4776.395,47.53400000000056
nantes,10000,4683.3955,4683.59,0.1945000000005166
nantes,10000,4683.3955,4730.789,47.39350000000013
nantes,10000,4689.7354,4689.9185,0.183100000000195
nantes,10000,4689.7354,4737.1655,47.43010000000049
nantes,10000,4694.9673,4695.172,0.20469999999932043
nantes,10000,4694.9673,4742.6587,47.6913999999997
nantes,10000,4702.0254,4702.2217,0.19629999999961
nantes,10000,4702.0254,4750.551,48.52559999999994
nantes,10000,4707.57,4707.767,0.19700000000011642
nantes,10000,4707.57,4755.251,47.681000000000495
lyon,10000,4696.1206,4696.241,0.12039999999979045
lyon,10000,4696.1206,4745.895,49.77440000000024
lyon,10000,4702.4126,4702.5093,0.0967000000000553
lyon,10000,4702.4126,4752.397,49.98440000000028
lyon,10000,4707.793,4707.902,0.10900000000037835
lyon,10000,4707.793,4755.0786,47.28560000000016
lyon,10000,4714.296,4714.3945,0.09850000000005821
lyon,10000,4714.296,4759.9937,45.69769999999971
nancy,10000,4879.038,4879.2095,0.17150000000037835
nancy,10000,4879.038,4932.829,53.79100000000017
lyon,10000,4719.9326,4720.0464,0.11380000000008295
lyon,10000,4719.9326,4769.6196,49.6869999999999
nancy,10000,4767.159,4767.26,0.10100000000056752
nancy,10000,4767.159,4818.5947,51.4357
nancy,10000,4770.983,4771.053,0.06999999999970896
nancy,10000,4770.983,4823.3955,52.412499999999454
nancy,10000,4775.171,4775.2446,0.07359999999971478
nancy,10000,4775.171,4828.95,53.77899999999954
nancy,10000,4779.0786,4779.145,0.06640000000061264
nancy,10000,4779.0786,4831.487,52.408400000000256
nancy,10000,4783.346,4783.4185,0.07250000000021828
nancy,10000,4783.346,4835.5083,52.16230000000087
nancy,10000,4759.0503,4759.2246,0.1742999999996755
nancy,10000,4759.0503,4810.667,51.61670000000049
nancy,10000,4763.05,4763.2285,0.17849999999998545
nancy,10000,4763.05,4813.689,50.639000000000124
nancy,10000,4766.7646,4766.9365,0.17189999999936845
nancy,10000,4766.7646,4817.5195,50.75489999999991
nancy,10000,4770.918,4771.0933,0.1753000000007887
nancy,10000,4770.918,4823.2695,52.35150000000067
nancy,10000,4882.4824,4882.653,0.1706000000003769
nancy,10000,4882.4824,4936.4917,54.00929999999971
nancy,10000,4774.919,4775.089,0.17000000000007276
nancy,10000,4774.919,4829.4585,54.53949999999986
rennes,10000,4656.9688,4657.1523,0.1835000000000946
rennes,10000,4656.9688,4701.7314,44.76260000000002
rennes,10000,4661.404,4661.5713,0.1672999999991589
rennes,10000,4661.404,4707.328,45.92399999999998
rennes,10000,4666.567,4666.722,0.15499999999974534
rennes,10000,4666.567,4712.7417,46.174699999999575
rennes,10000,4671.0703,4671.225,0.15470000000004802
rennes,10000,4671.0703,4718.9863,47.91599999999926
rennes,10000,4676.3467,4676.5166,0.1698999999998705
rennes,10000,4676.3467,4722.106,45.75929999999971
lyon,10000,4642.077,4642.2803,0.2033000000001266
lyon,10000,4642.077,4691.5874,49.51040000000012
lyon,10000,4647.748,4647.951,0.20300000000042928
lyon,10000,4647.748,4696.9414,49.19340000000011
lyon,10000,4652.822,4652.9814,0.15939999999955035
lyon,10000,4652.822,4700.0864,47.26440000000002
lyon,10000,4659.1196,4659.2817,0.1620999999995547
lyon,10000,4659.1196,4708.129,49.009399999999914
nancy,10000,4886.5493,4886.7197,0.17039999999997235
nancy,10000,4886.5493,4941.553,55.00370000000021
lyon,10000,4664.4434,4664.611,0.16759999999976571
lyon,10000,4664.4434,4711.053,46.60959999999977
rennes,10000,4648.834,4648.957,0.12300000000050204
rennes,10000,4648.834,4695.4,46.5659999999998
rennes,10000,4653.1816,4653.3228,0.1412000000000262
rennes,10000,4653.1816,4703.169,49.98739999999998
rennes,10000,4658.2236,4658.352,0.12839999999960128
rennes,10000,4658.2236,4704.7935,46.56989999999951
rennes,10000,4663.0884,4663.2373,0.1489000000001397
rennes,10000,4663.0884,4712.102,49.013600000000224
rennes,10000,4667.996,4668.1265,0.130500000000211
rennes,10000,4667.996,4716.0986,48.102600000000166
nantes,10000,4590.626,4590.737,0.11099999999987631
nantes,10000,4590.626,4636.1885,45.5625
nantes,10000,4594.8813,4594.989,0.10769999999956781
nantes,10000,4594.8813,4643.587,48.705700000000434
nantes,10000,4600.913,4601.024,0.1110000000007858
nantes,10000,4600.913,4649.656,48.74300000000039
nantes,10000,4608.1035,4608.2485,0.14499999999952706
nantes,10000,4608.1035,4656.197,48.09349999999995
nancy,10000,4890.6772,4890.8477,0.17050000000017462
nancy,10000,4890.6772,4945.547,54.869799999999486
nantes,10000,4614.101,4614.2456,0.14460000000053697
nantes,10000,4614.101,4662.753,48.652000000000044
nancy,10000,4692.764,4692.852,0.08799999999973807
nancy,10000,4692.764,4746.3447,53.580699999999524
nancy,10000,4696.574,4696.66,0.0860000000002401
nancy,10000,4696.574,4748.9375,52.363500000000386
nancy,10000,4700.314,4700.4365,0.12249999999949068
nancy,10000,4700.314,4755.741,55.42699999999968
nancy,10000,4704.537,4704.618,0.08100000000013097
nancy,10000,4704.537,4759.851,55.313999999999396
nancy,10000,4708.3794,4708.4727,0.09330000000045402
nancy,10000,4708.3794,4758.86,50.48059999999987
rennes,10000,4624.432,4624.545,0.11300000000028376
rennes,10000,4624.432,4669.528,45.09600000000046
rennes,10000,4629.024,4629.112,0.08799999999973807
rennes,10000,4629.024,4674.189,45.164999999999964
rennes,10000,4634.069,4634.1733,0.10429999999996653
rennes,10000,4634.069,4682.6978,48.6287999999995
rennes,10000,4638.8774,4638.972,0.09459999999944557
rennes,10000,4638.8774,4685.938,47.060599999999795
lyon,10000,5102.787,5102.906,0.11899999999968713
lyon,10000,5102.787,5147.9253,45.13829999999962
nancy,10000,5194.193,5194.3706,0.177599999999984
nancy,10000,5194.193,5245.8604,51.66739999999936
rennes,10000,4918.425,4918.518,0.0929999999998472
rennes,10000,4918.425,4968.6743,50.249299999999494
rennes,10000,5085.8228,5085.938,0.11520000000018626
rennes,10000,5085.8228,5132.6187,46.795900000000074
rennes,10000,5090.1665,5090.2583,0.09180000000014843
rennes,10000,5090.1665,5139.9595,49.792999999999665
rennes,10000,5095.003,5095.1514,0.14840000000003783
rennes,10000,5095.003,5143.375,48.3720000000003
rennes,10000,5099.3574,5099.453,0.0956000000005588
rennes,10000,5099.3574,5147.261,47.90360000000055
rennes,10000,5104.421,5104.5234,0.10239999999976135
rennes,10000,5104.421,5154.5337,50.11269999999968
nantes,10000,5055.1943,5055.3687,0.17439999999987776
nantes,10000,5055.1943,5106.2607,51.0663999999997
nantes,10000,5061.1494,5061.316,0.166599999999562
nantes,10000,5061.1494,5111.668,50.518599999999424
nantes,10000,5066.897,5067.085,0.18800000000010186
nantes,10000,5066.897,5112.5986,45.701600000000326
nantes,10000,5073.354,5073.5205,0.16649999999935972
nantes,10000,5073.354,5119.788,46.43399999999929
lyon,10000,5108.842,5108.9526,0.11059999999997672
lyon,10000,5108.842,5156.05,47.20800000000054
nantes,10000,5078.622,5078.805,0.18299999999999272
nantes,10000,5078.622,5127.8394,49.21739999999954
nantes,10000,5032.564,5032.7266,0.16259999999965657
nantes,10000,5032.564,5079.542,46.978000000000065
nantes,10000,5038.8315,5039.0405,0.20899999999983265
nantes,10000,5038.8315,5087.057,48.225499999999556
nantes,10000,5044.102,5044.219,0.11700000000018917
nantes,10000,5044.102,5092.226,48.123999999999796
nantes,10000,5050.5986,5050.7544,0.15579999999954453
nantes,10000,5050.5986,5095.205,44.60639999999967
nantes,10000,5056.063,5056.1846,0.12159999999948923
nantes,10000,5056.063,5105.636,49.57300000000032
nancy,10000,5120.671,5120.8457,0.17469999999957508
nancy,10000,5120.671,5177.0176,56.34659999999985
nancy,10000,5124.484,5124.66,0.17599999999947613
nancy,10000,5124.484,5181.4634,56.97939999999926
nancy,10000,5128.3984,5128.57,0.17159999999967113
nancy,10000,5128.3984,5183.8867,55.48829999999998
nancy,10000,5132.2983,5132.472,0.17369999999937136
nancy,10000,5132.2983,5186.4937,54.19539999999961
lyon,10000,5114.179,5114.272,0.0929999999998472
lyon,10000,5114.179,5162.3794,48.20039999999972
nancy,10000,5136.314,5136.4927,0.1786999999994805
nancy,10000,5136.314,5187.114,50.79999999999927
lyon,10000,5013.0854,5013.2876,0.2021999999997206
lyon,10000,5013.0854,5063.039,49.953599999999824
lyon,10000,5019.4966,5019.644,0.1473999999998341
lyon,10000,5019.4966,5064.533,45.03639999999996
lyon,10000,5024.838,5025.0215,0.1835000000000946
lyon,10000,5024.838,5074.805,49.96700000000055
lyon,10000,5031.488,5031.6353,0.14729999999963184
lyon,10000,5031.488,5076.553,45.0649999999996
lyon,10000,5036.4585,5036.6387,0.18020000000069558
lyon,10000,5036.4585,5085.1216,48.66310000000067
lyon,10000,5011.4824,5011.63,0.14760000000023865
lyon,10000,5011.4824,5059.33,47.84760000000006
lyon,10000,5017.3633,5017.455,0.09169999999994616
lyon,10000,5017.3633,5066.1196,48.75630000000001
lyon,10000,5022.653,5022.783,0.13000000000010914
lyon,10000,5022.653,5069.768,47.11499999999978
lyon,10000,5029.189,5029.2925,0.10349999999925785
lyon,10000,5029.189,5075.666,46.47699999999986
lyon,10000,5120.407,5120.514,0.1069999999999709
lyon,10000,5120.407,5166.4263,46.01929999999993
lyon,10000,5034.6187,5034.743,0.12430000000040309
lyon,10000,5034.6187,5080.533,45.91430000000037
rennes,10000,5040.9233,5041.1055,0.18219999999928405
rennes,10000,5040.9233,5085.6143,44.6909999999998
rennes,10000,5045.821,5056.1167,10.29569999999967
rennes,10000,5045.821,5090.1562,44.33520000000044
rennes,10000,5050.5405,5050.7817,0.2411999999994805
rennes,10000,5050.5405,5097.778,47.23750000000018
rennes,10000,5055.4927,5055.711,0.21830000000045402
rennes,10000,5055.4927,5101.858,46.36530000000039
rennes,10000,5060.008,5060.223,0.21500000000014552
rennes,10000,5060.008,5110.954,50.94599999999991
nantes,10000,4970.103,4970.255,0.15200000000004366
nantes,10000,4970.103,5018.8965,48.79349999999977
nantes,10000,4975.8735,4976.016,0.14249999999992724
nantes,10000,4975.8735,5021.236,45.36250000000018
nantes,10000,4981.8125,4982.066,0.25349999999980355
nantes,10000,4981.8125,5031.84,50.027500000000146
nantes,10000,4987.951,4988.107,0.15599999999994907
nantes,10000,4987.951,5033.3105,45.35949999999957
lyon,10000,5125.721,5125.814,0.0930000000007567
lyon,10000,5125.721,5172.4536,46.732600000000275
nantes,10000,4994.3013,4994.4463,0.14499999999952706
nantes,10000,4994.3013,5044.0205,49.719199999999546
nantes,10000,4966.946,4967.086,0.14000000000032742
nantes,10000,4966.946,5011.5527,44.606700000000274
nantes,10000,4973.161,4973.277,0.11599999999998545
nantes,10000,4973.161,5021.8535,48.69250000000011
nantes,10000,4978.493,4978.5923,0.09929999999985739
nantes,10000,4978.493,5026.4946,48.0015999999996
nantes,10000,4985.1475,4985.2637,0.11620000000038999
nantes,10000,4985.1475,5033.715,48.56750000000011
nantes,10000,4990.7397,4991.004,0.264299999999821
nantes,10000,4990.7397,5040.6045,49.86480000000029
lyon,10000,4980.049,4980.1704,0.12139999999999418
lyon,10000,4980.049,5026.8467,46.79770000000008
lyon,10000,4985.9663,4986.134,0.16769999999996799
lyon,10000,4985.9663,5032.1953,46.22900000000027
lyon,10000,4990.926,4991.13,0.2039999999997235
lyon,10000,4990.926,5041.526,50.599999999999454
lyon,10000,4996.9683,4997.142,0.17369999999937136
lyon,10000,4996.9683,5042.434,45.46569999999974
nancy,10000,5179.5156,5179.6904,0.17480000000068685
nancy,10000,5179.5156,5232.3906,52.875
lyon,10000,5003.0327,5003.162,0.12930000000051223
lyon,10000,5003.0327,5052.287,49.25430000000051
nancy,10000,5051.765,5051.938,0.17299999999977445
nancy,10000,5051.765,5105.0146,53.2496000000001
nancy,10000,5055.777,5055.949,0.17199999999957072
nancy,10000,5055.777,5110.662,54.88500000000022
nancy,10000,5059.859,5060.0312,0.17219999999997526
nancy,10000,5059.859,5113.9155,54.05649999999969
nancy,10000,5063.6934,5063.8667,0.17329999999947177
nancy,10000,5063.6934,5114.5737,50.88029999999981
nancy,10000,5067.5845,5067.7593,0.17479999999977736
nancy,10000,5067.5845,5123.882,56.29749999999967
nancy,10000,5032.79,5032.9595,0.1694999999999709
nancy,10000,5032.79,5083.966,51.176000000000386
nancy,10000,5036.6836,5036.8516,0.1679999999996653
nancy,10000,5036.6836,5089.718,53.03439999999955
nancy,10000,5040.577,5040.7515,0.17450000000008004
nancy,10000,5040.577,5092.8447,52.26769999999942
nancy,10000,5044.3794,5044.5503,0.17090000000007421
nancy,10000,5044.3794,5095.5654,51.186000000000604
nancy,10000,5182.867,5183.0454,0.17839999999978318
nancy,10000,5182.867,5234.4233,51.55630000000019
nancy,10000,5048.427,5048.5996,0.17259999999987485
nancy,10000,5048.427,5100.421,51.9940000000006
rennes,10000,4941.2764,4941.38,0.10360000000036962
rennes,10000,4941.2764,4988.376,47.099600000000464
rennes,10000,4945.712,4945.847,0.13499999999930878
rennes,10000,4945.712,4990.57,44.857999999999265
rennes,10000,4950.431,4950.5347,0.10370000000057189
rennes,10000,4950.431,4996.7324,46.301400000000285
rennes,10000,4955.675,4955.8037,0.1287000000002081
rennes,10000,4955.675,5000.7095,45.03449999999975
rennes,10000,4960.069,4960.2026,0.13359999999920547
rennes,10000,4960.069,5009.1753,49.106299999999464
lyon,10000,4896.6694,4896.8403,0.17090000000007421
lyon,10000,4896.6694,4947.455,50.78560000000016
lyon,10000,4902.819,4902.984,0.16499999999996362
lyon,10000,4902.819,4949.737,46.917999999999665
lyon,10000,4908.0513,4908.251,0.19970000000012078
lyon,10000,4908.0513,4955.332,47.28070000000025
lyon,10000,4914.9478,4915.1616,0.21380000000044674
lyon,10000,4914.9478,4965.6826,50.73480000000018
nancy,10000,5186.552,5186.725,0.17300000000068394
nancy,10000,5186.552,5242.54,55.988000000000284
lyon,10000,4920.19,4920.38,0.19000000000050932
lyon,10000,4920.19,4966.3247,46.13470000000052
rennes,10000,4910.4033,4910.618,0.2147000000004482
rennes,10000,4910.4033,4957.0146,46.61130000000048
rennes,10000,4915.186,4915.3154,0.1294000000007145
rennes,10000,4915.186,4964.218,49.03200000000015
rennes,10000,4919.7207,4919.899,0.1783000000004904
rennes,10000,4919.7207,4965.6953,45.974600000000464
rennes,10000,4924.9346,4925.0747,0.1401000000005297
rennes,10000,4924.9346,4972.9067,47.972099999999955
rennes,10000,4929.3823,4929.512,0.12969999999950232
rennes,10000,4929.3823,4973.9834,44.60109999999986
nantes,10000,4857.439,4857.593,0.15399999999954161
nantes,10000,4857.439,4902.4507,45.01170000000002
nantes,10000,4863.657,4863.8706,0.2136000000000422
nantes,10000,4863.657,4912.696,49.03899999999976
nantes,10000,4869.1714,4869.32,0.14859999999953288
nantes,10000,4869.1714,4915.3433,46.17190000000028
nantes,10000,4875.357,4875.5264,0.16939999999976862
nantes,10000,4875.357,4925.397,50.039999999999964
nancy,10000,5190.497,5190.671,0.17399999999997817
nancy,10000,5190.497,5243.4277,52.93069999999989
nantes,10000,4881.247,4881.415,0.1679999999996653
nantes,10000,4881.247,4932.4824,51.23539999999957
nancy,10000,4974.7344,4974.847,0.11259999999947468
nancy,10000,4974.7344,5027.571,52.836599999999635
nancy,10000,4978.6978,4978.812,0.11419999999998254
nancy,10000,4978.6978,5031.139,52.44120000000021
nancy,10000,4982.494,4982.6357,0.14170000000012806
nancy,10000,4982.494,5032.904,50.410000000000764
nancy,10000,4986.653,4986.765,0.11200000000008004
nancy,10000,4986.653,5042.3477,55.69470000000001
nancy,10000,4990.6206,4990.7256,0.10499999999956344
nancy,10000,4990.6206,5041.4365,50.8158999999996
rennes,10000,4899.4243,4899.5293,0.10500000000047294
rennes,10000,4899.4243,4947.9316,48.507300000000214
rennes,10000,4904.0537,4904.149,0.09529999999995198
rennes,10000,4904.0537,4954.5327,50.47899999999936
rennes,10000,4908.5894,4913.388,4.798600000000079
rennes,10000,4908.5894,4957.261,48.67160000000058
rennes,10000,4913.587,4913.677,0.08999999999923602
rennes,10000,4913.587,4961.651,48.063999999999396
lyon,10000,4964.9087,4965.0684,0.15970000000015716
lyon,10000,4964.9087,5017.0728,52.16409999999996
nancy,10000,5052.966,5053.079,0.11299999999937427
nancy,10000,5052.966,5106.8643,53.898299999999836
rennes,10000,4754.0454,4754.166,0.120600000000195
rennes,10000,4754.0454,4806.0874,52.04200000000037
rennes,10000,4965.5225,4965.659,0.13649999999961437
rennes,10000,4965.5225,5012.753,47.230499999999665
rennes,10000,4969.8716,4970.0063,0.13469999999961146
rennes,10000,4969.8716,5020.6455,50.77389999999923
rennes,10000,4974.427,4974.604,0.17700000000058935
rennes,10000,4974.427,5021.4814,47.05439999999999
rennes,10000,4978.997,4979.17,0.17299999999977445
rennes,10000,4978.997,5025.6343,46.637299999999414
rennes,10000,4984.4116,4984.5513,0.1396999999997206
rennes,10000,4984.4116,5032.8877,48.47609999999986
nantes,10000,4932.1846,4932.325,0.140400000000227
nantes,10000,4932.1846,4983.97,51.785400000000664
nantes,10000,4938.433,4938.626,0.193000000000211
nantes,10000,4938.433,4986.208,47.774999999999636
nantes,10000,4943.351,4943.4917,0.14069999999992433
nantes,10000,4943.351,4994.6724,51.32140000000072
nantes,10000,4950.491,4950.656,0.16499999999996362
nantes,10000,4950.491,5002.267,51.77599999999984
lyon,10000,4970.634,4970.7373,0.1032999999997628
lyon,10000,4970.634,5022.3076,51.67360000000008
nantes,10000,4955.9956,4956.1274,0.13180000000011205
nantes,10000,4955.9956,5006.2627,50.26710000000003
nantes,10000,4906.335,4906.4644,0.129399999999805
nantes,10000,4906.335,4958.6113,52.27629999999954
nantes,10000,4912.568,4912.7803,0.21230000000014115
nantes,10000,4912.568,4958.73,46.16199999999935
nantes,10000,4918.311,4918.4434,0.13240000000041618
nantes,10000,4918.311,4970.6035,52.29250000000047
nantes,10000,4924.759,4924.968,0.20899999999983265
nantes,10000,4924.759,4970.8286,46.06959999999981
nantes,10000,4930.113,4930.26,0.14699999999993452
nantes,10000,4930.113,4980.723,50.60999999999967
nancy,10000,4996.129,4996.256,0.12700000000040745
nancy,10000,4996.129,5051.8975,55.76850000000013
nancy,10000,5000.0967,5000.2305,0.13379999999961
nancy,10000,5000.0967,5050.972,50.8752999999997
nancy,10000,5004.1035,5004.216,0.1125000000001819
nancy,10000,5004.1035,5056.8076,52.704099999999926
nancy,10000,5008.0347,5008.15,0.11529999999947904
nancy,10000,5008.0347,5065.426,57.39130000000023
lyon,10000,4975.764,4975.8877,0.12370000000009895
lyon,10000,4975.764,5027.561,51.79699999999957
nancy,10000,5012.1104,5012.224,0.1136000000005879
nancy,10000,5012.1104,5062.8467,50.73630000000048
lyon,10000,4911.342,4911.505,0.16300000000046566
lyon,10000,4911.342,4961.157,49.81500000000051
lyon,10000,4916.2266,4916.414,0.18739999999979773
lyon,10000,4916.2266,4966.945,50.71839999999975
lyon,10000,4922.607,4922.8066,0.1995999999999185
lyon,10000,4922.607,4973.6147,51.00770000000011
lyon,10000,4928.1455,4928.3237,0.17820000000028813
lyon,10000,4928.1455,4976.203,48.0575000000008
lyon,10000,4933.532,4933.7173,0.1853000000000975
lyon,10000,4933.532,4981.3833,47.851300000000265
lyon,10000,4895.6885,4895.856,0.16749999999956344
lyon,10000,4895.6885,4945.5166,49.82809999999972
lyon,10000,4901.6846,4901.8647,0.1801000000004933
lyon,10000,4901.6846,4952.1396,50.45500000000084
lyon,10000,4906.8667,4907.026,0.15930000000025757
lyon,10000,4906.8667,4955.2085,48.34180000000015
lyon,10000,4913.304,4913.4966,0.1926000000003114
lyon,10000,4913.304,4959.6724,46.36840000000029
lyon,10000,4982.2407,4982.333,0.0922999999993408
lyon,10000,4982.2407,5033.0054,50.76469999999972
lyon,10000,4918.874,4919.046,0.1720000000004802
lyon,10000,4918.874,4968.484,49.61000000000058
rennes,10000,4898.0933,4898.1973,0.10399999999935972
rennes,10000,4898.0933,4950.3433,52.25
rennes,10000,4902.352,4902.476,0.12399999999979627
rennes,10000,4902.352,4950.288,47.935999999999694
rennes,10000,4907.0854,4907.197,0.11160000000018044
rennes,10000,4907.0854,4952.0977,45.01230000000032
rennes,10000,4911.835,4911.9644,0.129399999999805
rennes,10000,4911.835,4963.786,51.95100000000002
rennes,10000,4916.5396,4916.646,0.10639999999966676
rennes,10000,4916.5396,4965.5713,49.031699999999546
nantes,10000,4833.066,4833.183,0.11700000000018917
nantes,10000,4833.066,4881.925,48.85900000000038
nantes,10000,4839.5044,4839.622,0.11760000000049331
nantes,10000,4839.5044,4888.547,49.042599999999766
nantes,10000,4844.802,4844.941,0.1390000000001237
nantes,10000,4844.802,4890.8477,46.04570000000058
nantes,10000,4851.3286,4851.4688,0.14019999999982247
nantes,10000,4851.3286,4896.7944,45.465799999999945
lyon,10000,4988.4175,4988.5474,0.12990000000081636
lyon,10000,4988.4175,5034.2544,45.83690000000024
nantes,10000,4857.028,4857.1255,0.09749999999985448
nantes,10000,4857.028,4907.738,50.710000000000036
nantes,10000,4831.2075,4831.3335,0.12599999999929423
nantes,10000,4831.2075,4881.309,50.10149999999976
nantes,10000,4837.4443,4837.5776,0.13329999999950815
nantes,10000,4837.4443,4888.888,51.44369999999981
nantes,10000,4842.555,4842.7896,0.234599999999773
nantes,10000,4842.555,4892.8555,50.300499999999374
nantes,10000,4849.024,4849.1616,0.13760000000002037
nantes,10000,4849.024,4899.5034,50.47939999999926
nantes,10000,4854.753,4854.8887,0.13570000000072469
nantes,10000,4854.753,4899.496,44.74300000000039
lyon,10000,4811.5903,4811.76,0.16970000000037544
lyon,10000,4811.5903,4863.2715,51.68119999999999
lyon,10000,4818.196,4818.3794,0.18339999999989232
lyon,10000,4818.196,4865.1865,46.990499999999884
lyon,10000,4822.934,4823.0967,0.16269999999985885
lyon,10000,4822.934,4872.5386,49.604599999999664
lyon,10000,4829.13,4829.3086,0.17860000000018772
lyon,10000,4829.13,4875.4326,46.302599999999984
nancy,10000,5036.839,5036.955,0.11599999999998545
nancy,10000,5036.839,5094.117,57.27800000000025
lyon,10000,4835.0674,4835.2407,0.17330000000038126
lyon,10000,4835.0674,4883.437,48.36959999999999
nancy,10000,4906.222,4906.4688,0.24679999999989377
nancy,10000,4906.222,4964.201,57.97900000000027
nancy,10000,4909.897,4910.076,0.1790000000000873
nancy,10000,4909.897,4960.5146,50.61760000000049
nancy,10000,4913.825,4914.0015,0.1765000000004875
nancy,10000,4913.825,4969.291,55.46600000000035
nancy,10000,4917.41,4917.5903,0.18029999999998836
nancy,10000,4917.41,4973.9805,56.57049999999981
nancy,10000,4921.453,4921.625,0.17199999999957072
nancy,10000,4921.453,4972.103,50.649999999999636
nancy,10000,4899.0386,4899.212,0.17340000000058353
nancy,10000,4899.0386,4954.3745,55.33590000000004
nancy,10000,4903.028,4903.2026,0.1745999999993728
nancy,10000,4903.028,4958.91,55.88199999999961
nancy,10000,4906.9473,4907.122,0.17470000000048458
nancy,10000,4906.9473,4961.919,54.971700000000055
nancy,10000,4910.7285,4910.903,0.17450000000008004
nancy,10000,4910.7285,4967.4634,56.73489999999947
nancy,10000,5040.8096,5040.9346,0.125
nancy,10000,5040.8096,5096.592,55.78240000000005
nancy,10000,4914.3857,4914.5605,0.17479999999977736
nancy,10000,4914.3857,4971.937,57.55130000000008
rennes,10000,4803.088,4803.1914,0.10339999999996508
rennes,10000,4803.088,4851.242,48.15400000000045
rennes,10000,4807.817,4807.903,0.0860000000002401
rennes,10000,4807.817,4854.676,46.85900000000038
rennes,10000,4812.8184,4812.9214,0.10300000000006548
rennes,10000,4812.8184,4862.3213,49.5028999999995
rennes,10000,4817.7183,4817.821,0.10269999999945867
rennes,10000,4817.7183,4869.3535,51.63519999999971
rennes,10000,4822.1914,4822.2837,0.09230000000025029
rennes,10000,4822.1914,4872.369,50.177599999999984
lyon,10000,4760.41,4760.503,0.0929999999998472
lyon,10000,4760.41,4807.9956,47.58560000000034
lyon,10000,4766.6577,4766.768,0.1103000000002794
lyon,10000,4766.6577,4819.0312,52.373500000000604
lyon,10000,4771.902,4771.996,0.09400000000005093
lyon,10000,4771.902,4822.9272,51.02520000000004
lyon,10000,4778.5723,4778.7607,0.18840000000000146
lyon,10000,4778.5723,4825.8374,47.26510000000053
nancy,10000,5044.985,5045.101,0.11599999999998545
nancy,10000,5044.985,5097.256,52.27100000000064
lyon,10000,4783.817,4783.9604,0.1433999999999287
lyon,10000,4783.817,4828.8574,45.04039999999986
rennes,10000,4787.8623,4788.0405,0.17820000000028813
rennes,10000,4787.8623,4836.6245,48.76220000000012
rennes,10000,4792.345,4792.509,0.1639999999997599
rennes,10000,4792.345,4839.91,47.5649999999996
rennes,10000,4797.1274,4797.305,0.177599999999984
rennes,10000,4797.1274,4844.657,47.529599999999846
rennes,10000,4801.798,4801.967,0.16899999999986903
rennes,10000,4801.798,4852.595,50.79700000000048
rennes,10000,4806.539,4806.702,0.16300000000046566
rennes,10000,4806.539,4859.0435,52.50450000000001
nantes,10000,4723.276,4723.372,0.09600000000045839
nantes,10000,4723.276,4772.014,48.738000000000284
nantes,10000,4729.27,4729.3916,0.12159999999948923
nantes,10000,4729.27,4779.1416,49.87159999999949
nantes,10000,4734.853,4734.9487,0.09569999999985157
nantes,10000,4734.853,4780.4043,45.55130000000008
nantes,10000,4741.1577,4741.288,0.13029999999980646
nantes,10000,4741.1577,4789.6313,48.47360000000026
nancy,10000,5049.043,5049.158,0.11500000000069122
nancy,10000,5049.043,5103.5537,54.510700000000725
nantes,10000,4746.621,4746.72,0.09900000000016007
nantes,10000,4746.621,4797.7476,51.1265999999996
nancy,10000,4820.974,4821.1484,0.17439999999987776
nancy,10000,4820.974,4878.629,57.654999999999745
nancy,10000,4824.683,4824.858,0.1750000000001819
nancy,10000,4824.683,4876.1904,51.507400000000416
nancy,10000,4828.562,4828.731,0.16899999999986903
nancy,10000,4828.562,4884.0693,55.507300000000214
nancy,10000,4832.2397,4832.4077,0.1679999999996653
nancy,10000,4832.2397,4889.807,57.567299999999705
nancy,10000,4836.32,4836.491,0.1710000000002765
nancy,10000,4836.32,4893.199,56.878999999999905
rennes,10000,4735.507,4735.6206,0.1136000000005879
rennes,10000,4735.507,4787.13,51.6230000000005
rennes,10000,4740.045,4740.1636,0.11859999999978754
rennes,10000,4740.045,4790.6514,50.60639999999967
rennes,10000,4744.493,4744.6055,0.1124999999992724
rennes,10000,4744.493,4789.981,45.487999999999374
rennes,10000,4749.5625,4749.6846,0.12209999999959109
rennes,10000,4749.5625,4796.0947,46.53219999999965
lyon,10000,5097.6987,5097.8657,0.16700000000037107
lyon,10000,5097.6987,5162.357,64.65830000000005
nancy,10000,5170.9653,5171.032,0.06670000000030996
nancy,10000,5170.9653,5240.875,69.90970000000016
rennes,10000,4916.7954,4916.961,0.16560000000026776
rennes,10000,4916.7954,4980.2036,63.40819999999985
rennes,10000,5060.8965,5061.025,0.12849999999980355
rennes,10000,5060.8965,5124.349,63.45250000000033
rennes,10000,5065.222,5065.354,0.1320000000005166
rennes,10000,5065.222,5133.9795,68.75750000000062
rennes,10000,5069.879,5070.0156,0.13659999999981665
rennes,10000,5069.879,5136.479,66.60000000000036
rennes,10000,5075.0117,5075.128,0.11629999999968277
rennes,10000,5075.0117,5138.6763,63.664600000000064
rennes,10000,5079.703,5079.837,0.13400000000001455
rennes,10000,5079.703,5147.7686,68.0655999999999
nantes,10000,5034.421,5034.5615,0.1404999999995198
nantes,10000,5034.421,5098.812,64.39099999999962
nantes,10000,5041.18,5041.28,0.0999999999994543
nantes,10000,5041.18,5106.4526,65.27259999999933
nantes,10000,5046.753,5046.9043,0.15130000000044674
nantes,10000,5046.753,5110.685,63.9320000000007
nantes,10000,5053.2485,5053.3677,0.11920000000009168
nantes,10000,5053.2485,5118.273,65.02450000000044
lyon,10000,5103.735,5103.9165,0.18150000000059663
lyon,10000,5103.735,5169.263,65.52800000000025
nantes,10000,5058.9263,5059.0527,0.12640000000010332
nantes,10000,5058.9263,5122.075,63.148699999999735
nantes,10000,5018.698,5018.8374,0.13940000000002328
nantes,10000,5018.698,5080.659,61.96099999999933
nantes,10000,5024.0996,5024.274,0.17440000000078726
nantes,10000,5024.0996,5088.479,64.37940000000071
nantes,10000,5029.8022,5029.927,0.12479999999959546
nantes,10000,5029.8022,5093.1167,63.3144999999995
nantes,10000,5036.0938,5036.2495,0.15570000000025175
nantes,10000,5036.0938,5103.671,67.57720000000063
nantes,10000,5041.259,5041.39,0.13100000000031287
nantes,10000,5041.259,5108.187,66.92799999999988
nancy,10000,5099.075,5099.1484,0.07340000000021973
nancy,10000,5099.075,5171.183,72.10800000000017
nancy,10000,5102.968,5103.046,0.07800000000042928
nancy,10000,5102.968,5175.8555,72.88749999999982
nancy,10000,5107.01,5107.0796,0.06959999999980937
nancy,10000,5107.01,5179.8643,72.85429999999997
nancy,10000,5110.973,5111.0527,0.07970000000022992
nancy,10000,5110.973,5184.941,73.96799999999985
lyon,10000,5108.979,5109.1426,0.1635999999998603
lyon,10000,5108.979,5174.6196,65.64059999999972
nancy,10000,5115.3853,5115.4595,0.07420000000001892
nancy,10000,5115.3853,5187.2505,71.86520000000019
lyon,10000,5002.9365,5003.056,0.119499999999789
lyon,10000,5002.9365,5069.1025,66.16600000000017
lyon,10000,5009.0195,5009.143,0.12349999999969441
lyon,10000,5009.0195,5076.3413,67.32179999999971
lyon,10000,5014.319,5014.4463,0.12729999999919528
lyon,10000,5014.319,5083.046,68.72699999999986
lyon,10000,5020.685,5020.8027,0.11769999999978609
lyon,10000,5020.685,5088.9556,68.27059999999983
lyon,10000,5026.079,5026.215,0.136000000000422
lyon,10000,5026.079,5090.1313,64.05230000000029
lyon,10000,5013.8057,5013.9297,0.12399999999979627
lyon,10000,5013.8057,5080.45,66.64429999999993
lyon,10000,5019.8696,5020.011,0.14140000000043074
lyon,10000,5019.8696,5086.4087,66.53909999999996
lyon,10000,5024.7944,5024.89,0.0956000000005588
lyon,10000,5024.7944,5087.3857,62.59130000000005
lyon,10000,5031.6504,5031.7607,0.1102999999993699
lyon,10000,5031.6504,5100.218,68.5675999999994
lyon,10000,5115.223,5115.4062,0.18320000000039727
lyon,10000,5115.223,5183.319,68.09600000000046
lyon,10000,5036.9307,5037.0337,0.10300000000006548
lyon,10000,5036.9307,5104.1245,67.19380000000001
rennes,10000,5034.606,5034.769,0.16300000000046566
rennes,10000,5034.606,5098.1753,63.56930000000011
rennes,10000,5039.3423,5039.4653,0.12299999999959255
rennes,10000,5039.3423,5107.6406,68.29829999999947
rennes,10000,5044.508,5044.6665,0.15850000000045839
rennes,10000,5044.508,5107.7065,63.19850000000042
rennes,10000,5049.073,5049.183,0.10999999999967258
rennes,10000,5049.073,5115.7236,66.65059999999994
rennes,10000,5054.054,5054.1787,0.12470000000030268
rennes,10000,5054.054,5121.7017,67.64769999999953
nantes,10000,4970.3447,4970.514,0.16930000000047585
nantes,10000,4970.3447,5033.652,63.307300000000396
nantes,10000,4976.593,4976.7837,0.19070000000010623
nantes,10000,4976.593,5039.2476,62.654599999999846
nantes,10000,4982.1255,4982.2876,0.1620999999995547
nantes,10000,4982.1255,5048.8613,66.73579999999947
nantes,10000,4988.673,4988.8696,0.19660000000021682
nantes,10000,4988.673,5050.8306,62.15760000000046
lyon,10000,5120.892,5121.062,0.17000000000007276
lyon,10000,5120.892,5185.522,64.63000000000011
nantes,10000,4994.329,4994.4966,0.1676000000006752
nantes,10000,4994.329,5060.104,65.77500000000055
nantes,10000,4961.226,4961.4175,0.1914999999999054
nantes,10000,4961.226,5026.857,65.63100000000031
nantes,10000,4966.443,4966.632,0.1889999999993961
nantes,10000,4966.443,5034.646,68.20299999999952
nantes,10000,4972.081,4972.2573,0.17630000000008295
nantes,10000,4972.081,5039.7666,67.6855999999998
nantes,10000,4978.853,4979.0195,0.1665000000002692
nantes,10000,4978.853,5042.511,63.65800000000036
nantes,10000,4984.285,4984.475,0.19000000000050932
nantes,10000,4984.285,5047.088,62.802999999999884
lyon,10000,4962.977,4963.1084,0.13140000000021246
lyon,10000,4962.977,5028.9146,65.9376000000002
lyon,10000,4968.998,4969.1304,0.13240000000041618
lyon,10000,4968.998,5036.2827,67.28470000000016
lyon,10000,4974.208,4974.322,0.11400000000048749
lyon,10000,4974.208,5042.7964,68.58840000000055
lyon,10000,4981.235,4981.37,0.13500000000021828
lyon,10000,4981.235,5045.9883,64.75330000000031
nancy,10000,5155.1094,5155.176,0.06660000000010768
nancy,10000,5155.1094,5229.3657,74.25630000000001
lyon,10000,4986.562,4986.7188,0.15679999999974825
lyon,10000,4986.562,5055.1733,68.61130000000048
nancy,10000,5037.7407,5037.916,0.17529999999987922
nancy,10000,5037.7407,5109.217,71.47629999999936
nancy,10000,5041.7715,5041.9463,0.17479999999977736
nancy,10000,5041.7715,5111.5806,69.8091000000004
nancy,10000,5045.8735,5046.056,0.18249999999989086
nancy,10000,5045.8735,5116.724,70.85050000000047
nancy,10000,5049.798,5049.972,0.17399999999997817
nancy,10000,5049.798,5122.865,73.06700000000001
nancy,10000,5053.8213,5053.9927,0.17140000000017608
nancy,10000,5053.8213,5126.009,72.1877000000004
nancy,10000,5018.028,5018.1616,0.13360000000011496
nancy,10000,5018.028,5090.762,72.73399999999947
nancy,10000,5021.6084,5021.7266,0.11819999999988795
nancy,10000,5021.6084,5093.2407,71.63230000000021
nancy,10000,5025.317,5025.4307,0.11369999999988067
nancy,10000,5025.317,5095.012,69.69499999999971
nancy,10000,5029.3223,5029.439,0.11670000000049185
nancy,10000,5029.3223,5103.4272,74.10490000000027
nancy,10000,5158.796,5158.8735,0.07749999999941792
nancy,10000,5158.796,5231.7607,72.96469999999954
nancy,10000,5033.044,5033.168,0.12399999999979627
nancy,10000,5033.044,5106.998,73.95399999999972
rennes,10000,4940.3,4940.4316,0.1315999999997075
rennes,10000,4940.3,5006.4395,66.13950000000023
rennes,10000,4944.956,4945.077,0.12100000000009459
rennes,10000,4944.956,5012.7056,67.7496000000001
rennes,10000,4949.785,4949.927,0.14199999999982538
rennes,10000,4949.785,5015.1914,65.40639999999985
rennes,10000,4955.103,4955.2163,0.11329999999998108
rennes,10000,4955.103,5022.705,67.60199999999986
rennes,10000,4959.5645,4959.6865,0.12199999999938882
rennes,10000,4959.5645,5023.115,63.550499999999374
lyon,10000,4907.5015,4907.6685,0.16699999999946158
lyon,10000,4907.5015,4973.9854,66.48389999999927
lyon,10000,4913.657,4913.7803,0.12330000000019936
lyon,10000,4913.657,4976.258,62.60099999999966
lyon,10000,4918.763,4918.943,0.18000000000029104
lyon,10000,4918.763,4983.6064,64.84339999999975
lyon,10000,4925.248,4925.3994,0.15140000000064902
lyon,10000,4925.248,4991.198,65.95000000000073
nancy,10000,5162.82,5162.8853,0.06530000000020664
nancy,10000,5162.82,5233.3555,70.53549999999996
lyon,10000,4930.404,4930.578,0.17399999999997817
lyon,10000,4930.404,4993.1523,62.74829999999929
rennes,10000,4926.099,4926.3203,0.2213000000001557
rennes,10000,4926.099,4994.1978,68.09879999999976
rennes,10000,4930.757,4930.9253,0.16830000000027212
rennes,10000,4930.757,4998.7246,67.96759999999995
rennes,10000,4935.5874,4935.8105,0.22309999999924912
rennes,10000,4935.5874,5003.624,68.03659999999945
rennes,10000,4940.6416,4940.813,0.17140000000017608
rennes,10000,4940.6416,5006.25,65.60840000000007
rennes,10000,4945.261,4945.4346,0.17359999999916909
rennes,10000,4945.261,5013.173,67.91199999999935
nantes,10000,4879.1763,4879.3623,0.1859999999996944
nantes,10000,4879.1763,4946.2515,67.07520000000022
nantes,10000,4884.684,4884.8623,0.1782999999995809
nantes,10000,4884.684,4949.8545,65.17050000000017
nantes,10000,4889.9336,4890.1104,0.17679999999927531
nantes,10000,4889.9336,4952.388,62.45439999999962
nantes,10000,4896.5254,4896.731,0.20559999999932188
nantes,10000,4896.5254,4963.5938,67.0683999999992
nancy,10000,5166.534,5166.599,0.06500000000050932
nancy,10000,5166.534,5235.333,68.79899999999998
nantes,10000,4902.265,4902.4585,0.19349999999940337
nantes,10000,4902.265,4967.665,65.39999999999964
nancy,10000,4975.927,4975.9976,0.0706000000000131
nancy,10000,4975.927,5044.41,68.48300000000017
nancy,10000,4979.5024,4979.572,0.06959999999980937
nancy,10000,4979.5024,5053.541,74.03859999999986
nancy,10000,4983.03,4983.0977,0.06770000000051368
nancy,10000,4983.03,5056.4536,73.42360000000008
nancy,10000,4987.553,4987.625,0.07200000000011642
nancy,10000,4987.553,5061.424,73.8710000000001
nancy,10000,4991.5366,4991.606,0.06939999999940483
nancy,10000,4991.5366,5058.9653,67.42869999999948
rennes,10000,4897.5044,4897.6772,0.1728000000002794
rennes,10000,4897.5044,4962.3423,64.83790000000045
rennes,10000,4902.4644,4902.6675,0.20309999999972206
rennes,10000,4902.4644,4965.7227,63.25830000000042
rennes,10000,4906.7886,4906.952,0.16340000000036525
rennes,10000,4906.7886,4971.177,64.38839999999982
rennes,10000,4911.995,4912.1753,0.18029999999998836
rennes,10000,4911.995,4977.285,65.28999999999996
lyon,100000,5073.999,5315.0034,241.0043999999998
nancy,100000,5163.192,5404.226,241.03399999999965
rennes,100000,4916.561,5157.4766,240.91560000000027
rennes,100000,5070.128,5311.0107,240.8827000000001
rennes,100000,5074.8506,5315.7563,240.90570000000025
rennes,100000,5079.511,5320.4062,240.89519999999993
rennes,100000,5084.1157,5325.024,240.90830000000005
rennes,100000,5088.777,5329.665,240.88799999999992
nantes,100000,5041.643,5282.589,240.9459999999999
nantes,100000,5047.9546,5288.8726,240.91799999999967
nantes,100000,5052.7563,5293.686,240.92969999999968
nantes,100000,5059.8203,5300.765,240.9447
lyon,100000,5080.627,5321.635,241.0079999999998
nantes,100000,5065.5986,5306.5366,240.9380000000001
nantes,100000,5004.709,5245.528,240.81900000000041
nantes,100000,5011.0757,5251.913,240.83729999999923
nantes,100000,5017.148,5257.7573,240.60930000000008
nantes,100000,5023.564,5264.4165,240.85249999999996
nantes,100000,5029.2256,5270.064,240.83840000000055
nancy,100000,5122.342,5363.421,241.07900000000063
nancy,100000,5125.983,5367.054,241.0709999999999
nancy,100000,5129.868,5371.005,241.13699999999972
nancy,100000,5133.764,5374.9014,241.13739999999962
lyon,100000,5085.915,5326.894,240.97900000000027
nancy,100000,5137.513,5378.596,241.08299999999963
lyon,100000,5010.75,5251.706,240.95600000000013
lyon,100000,5017.009,5257.9604,240.95139999999992
lyon,100000,5022.248,5263.2183,240.97030000000086
lyon,100000,5028.361,5269.329,240.96799999999985
lyon,100000,5033.9644,5274.972,241.0075999999999
lyon,100000,5007.735,5248.787,241.0520000000006
lyon,100000,5013.8237,5254.7974,240.97370000000046
lyon,100000,5018.6567,5259.6167,240.96000000000004
lyon,100000,5024.9766,5265.964,240.98739999999998
lyon,100000,5092.07,5333.0776,241.0075999999999
lyon,100000,5030.358,5271.303,240.9449999999997
rennes,100000,5005.6,5246.56,240.96000000000004
rennes,100000,5009.8657,5250.8213,240.95559999999932
rennes,100000,5014.673,5255.627,240.95400000000063
rennes,100000,5019.122,5260.068,240.9459999999999
rennes,100000,5023.949,5264.9434,240.9944000000005
nantes,100000,4972.2563,5213.169,240.91269999999986
nantes,100000,4978.395,5219.3105,240.91549999999916
nantes,100000,4984.283,5225.185,240.90200000000004
nantes,100000,4990.9233,5231.8394,240.91609999999946
lyon,100000,5097.3203,5338.336,241.01569999999992
nantes,100000,4996.3877,5237.286,240.89829999999984
nantes,100000,4960.321,5201.7637,241.4427000000005
nantes,100000,4966.933,5207.9707,241.03769999999986
nantes,100000,4972.291,5213.3403,241.04929999999968
nantes,100000,4978.6157,5219.558,240.9422999999997
nantes,100000,4984.4424,5225.508,241.0655999999999
lyon,100000,4973.2817,5214.2964,241.01470000000063
lyon,100000,4979.1484,5220.1323,240.98390000000018
lyon,100000,4984.434,5225.4316,240.9975999999997
lyon,100000,4990.7837,5231.764,240.98030000000017
nancy,100000,5147.462,5388.5103,241.04829999999947
lyon,100000,4995.78,5236.7983,241.01830000000064
nancy,100000,5033.661,5274.7124,241.05140000000029
nancy,100000,5037.3013,5278.3354,241.03409999999985
nancy,100000,5041.0225,5282.102,241.07949999999983
nancy,100000,5044.966,5286.0425,241.0764999999992
nancy,100000,5048.7046,5289.7783,241.07369999999992
nancy,100000,5043.339,5284.394,241.0550000000003
nancy,100000,5047.084,5288.14,241.0560000000005
nancy,100000,5050.9414,5292.017,241.07560000000012
nancy,100000,5055.2153,5296.275,241.0596999999998
nancy,100000,5151.3867,5392.451,241.0643
nancy,100000,5059.214,5300.2744,241.0604000000003
rennes,100000,4951.7495,5192.665,240.91550000000007
rennes,100000,4956.2246,5197.132,240.90740000000005
rennes,100000,4960.7227,5201.6104,240.8876999999993
rennes,100000,4965.4443,5206.34,240.89570000000003
rennes,100000,4970.079,5210.9844,240.90540000000055
lyon,100000,4917.0815,5158.0854,241.0038999999997
lyon,100000,4923.165,5164.1836,241.01860000000033
lyon,100000,4928.5254,5169.5503,241.02489999999943
lyon,100000,4934.905,5175.8916,240.98660000000018
nancy,100000,5155.415,5396.4873,241.0722999999998
lyon,100000,4940.314,5181.3076,240.9935999999998
rennes,100000,4908.7305,5149.745,241.01450000000023
rennes,100000,4913.6313,5154.732,241.10069999999996
rennes,100000,4918.1924,5159.296,241.10360000000037
rennes,100000,4923.173,5164.184,241.01100000000042
rennes,100000,4927.8184,5168.8237,241.0052999999998
nantes,100000,4857.749,5098.6665,240.91750000000047
nantes,100000,4864.139,5105.0454,240.90639999999985
nantes,100000,4869.7754,5110.692,240.91659999999956
nantes,100000,4876.279,5117.286,241.0069999999996
nancy,100000,5159.301,5400.3354,241.03439999999955
nantes,100000,4882.0503,5122.969,240.91870000000017
nancy,100000,4984.1333,5225.2124,241.07909999999993
nancy,100000,4988.045,5229.1284,241.08339999999953
nancy,100000,4991.691,5232.804,241.11300000000028
nancy,100000,4995.894,5236.9775,241.08349999999973
nancy,100000,4999.8584,5240.949,241.09059999999954
rennes,100000,4897.483,5138.342,240.85899999999947
rennes,100000,4901.596,5142.472,240.8760000000002
rennes,100000,4906.6963,5147.563,240.8667000000005
rennes,100000,4911.7837,5152.66,240.8762999999999
lyon,100000,5073.981,5307.617,233.63600000000042
nancy,100000,5153.2603,5386.943,233.6827000000003
rennes,100000,4888.3145,5122.003,233.6884999999993
rennes,100000,5038.1143,5271.8154,233.70110000000022
rennes,100000,5042.794,5276.4844,233.6904000000004
rennes,100000,5047.28,5281.012,233.73199999999997
rennes,100000,5052.6206,5286.3003,233.67969999999968
rennes,100000,5057.453,5291.1357,233.6826999999994
nantes,100000,5000.841,5234.5137,233.67270000000008
nantes,100000,5007.345,5240.785,233.4399999999996
nantes,100000,5012.4165,5246.0703,233.65380000000005
nantes,100000,5018.952,5252.6743,233.72229999999945
lyon,100000,5079.8027,5313.539,233.73629999999957
nantes,100000,5024.708,5258.4014,233.6934000000001
nantes,100000,4995.7036,5229.4067,233.70309999999972
nantes,100000,5001.7207,5235.4253,233.70460000000003
nantes,100000,5007.2383,5240.939,233.70070000000032
nantes,100000,5013.967,5247.711,233.7440000000006
nantes,100000,5019.695,5253.388,233.6930000000002
nancy,100000,5077.1934,5310.9697,233.77629999999954
nancy,100000,5080.752,5314.5063,233.7542999999996
nancy,100000,5084.7407,5318.5176,233.77689999999984
nancy,100000,5088.557,5322.3477,233.79070000000047
lyon,100000,5085.3774,5319.1167,233.73929999999928
nancy,100000,5092.6543,5326.409,233.7546999999995
lyon,100000,4975.6406,5209.321,233.6804000000002
lyon,100000,4981.7715,5215.5063,233.73480000000018
lyon,100000,4986.849,5220.5073,233.65830000000005
lyon,100000,4993.7407,5227.4756,233.73489999999947
lyon,100000,4999.0044,5232.7163,233.71190000000024
lyon,100000,4980.0737,5213.8022,233.72850000000017
lyon,100000,4986.2256,5219.9604,233.73480000000018
lyon,100000,4991.0576,5224.746,233.6884
lyon,100000,4997.6387,5231.347,233.70829999999933
lyon,100000,5091.71,5325.426,233.71600000000035
lyon,100000,5003.331,5237.1104,233.77939999999944
rennes,100000,4998.9556,5232.6313,233.67569999999978
rennes,100000,5003.4595,5237.1724,233.71290000000045
rennes,100000,5008.1714,5241.8467,233.67529999999988
rennes,100000,5013.3467,5246.999,233.65229999999974
rennes,100000,5017.981,5251.687,233.70600000000013
nantes,100000,4937.329,5171.079,233.75
nantes,100000,4943.5264,5177.3154,233.78900000000067
nantes,100000,4949.1133,5182.9106,233.79730000000018
nantes,100000,4955.874,5189.5967,233.72270000000026
lyon,100000,5097.367,5331.0586,233.6916000000001
nantes,100000,4961.281,5195.0083,233.72730000000047
nantes,100000,4926.568,5160.2363,233.66829999999936
nantes,100000,4932.7515,5166.439,233.6875
nantes,100000,4938.1646,5171.842,233.67739999999958
nantes,100000,4944.4536,5178.122,233.66840000000047
nantes,100000,4949.813,5183.4976,233.6845999999996
lyon,100000,4945.038,5178.7505,233.71250000000055
lyon,100000,4951.1133,5184.7617,233.64840000000004
lyon,100000,4956.5728,5190.21,233.63720000000012
lyon,100000,4963.5786,5197.245,233.66640000000007
nancy,100000,5137.8276,5371.499,233.67140000000018
lyon,100000,4968.42,5202.0674,233.64739999999983
nancy,100000,5033.4673,5267.1772,233.70989999999983
nancy,100000,5037.3394,5271.074,233.73459999999977
nancy,100000,5041.2524,5274.981,233.72859999999946
nancy,100000,5045.1333,5278.8677,233.73439999999937
nancy,100000,5049.072,5282.804,233.73199999999997
nancy,100000,4999.237,5232.987,233.75
nancy,100000,5003.0864,5236.8315,233.7451000000001
nancy,100000,5007.03,5240.7563,233.72630000000026
nancy,100000,5011.118,5244.843,233.72499999999945
nancy,100000,5141.185,5374.879,233.6939999999995
nancy,100000,5015.1865,5248.9116,233.72510000000057
rennes,100000,4901.473,5135.1777,233.70470000000023
rennes,100000,4905.9736,5139.6787,233.70510000000013
rennes,100000,4910.8335,5144.522,233.6885000000002
rennes,100000,4915.195,5148.9097,233.71470000000045
rennes,100000,4920.401,5154.1025,233.70150000000012
lyon,100000,4886.2676,5119.9927,233.72509999999966
lyon,100000,4892.396,5126.1396,233.7436000000007
lyon,100000,4898.14,5131.506,233.36599999999999
lyon,100000,4904.0806,5137.8047,233.72409999999945
nancy,100000,5145.4126,5379.0815,233.66890000000058
lyon,100000,4909.1587,5142.8794,233.72069999999985
rennes,100000,4906.4326,5140.1646,233.73199999999997
rennes,100000,4911.116,5144.8394,233.72339999999986
rennes,100000,4915.7437,5149.4497,233.70600000000013
rennes,100000,4920.83,5154.5566,233.72659999999996
rennes,100000,4925.5933,5159.3223,233.72899999999936
nantes,100000,4844.7905,5078.449,233.65849999999955
nantes,100000,4851.3267,5084.9424,233.6157000000003
nantes,100000,4856.368,5090.002,233.63400000000001
nantes,100000,4863.367,5096.568,233.20100000000002
nancy,100000,5149.3164,5382.988,233.67160000000058
nantes,100000,4868.518,5102.16,233.64199999999983
nancy,100000,4952.378,5186.1055,233.72749999999996
nancy,100000,4955.924,5189.65,233.72599999999966
nancy,100000,4959.9854,5193.7305,233.7451000000001
nancy,100000,4964.0054,5197.7676,233.76220000000012
nancy,100000,4968.1675,5201.8955,233.72800000000007
rennes,100000,4869.294,5103.0044,233.71039999999994
rennes,100000,4873.9316,5107.635,233.70340000000033
rennes,100000,4878.403,5112.071,233.66799999999967
rennes,100000,4883.651,5117.343,233.692
lyon,100000,5075.722,5310.2993,234.57729999999992
nancy,100000,5170.6465,5405.131,234.48450000000048
rennes,100000,4844.182,5078.701,234.51900000000023
rennes,100000,5044.378,5278.978,234.60000000000036
rennes,100000,5048.984,5283.5938,234.60979999999927
rennes,100000,5053.443,5287.964,234.52099999999973
rennes,100000,5058.7397,5293.2773,234.53759999999966
rennes,100000,5063.19,5297.7373,234.54730000000018
nantes,100000,5030.044,5264.5483,234.5043000000005
nantes,100000,5036.1577,5270.657,234.4993000000004
nantes,100000,5041.456,5275.9546,234.4985999999999
nantes,100000,5047.746,5282.2397,234.4937
lyon,100000,5081.866,5316.102,234.23599999999988
nantes,100000,5053.388,5287.9023,234.51429999999982
nantes,100000,4994.2236,5228.714,234.49039999999968
nantes,100000,5000.224,5234.74,234.51599999999962
nantes,100000,5005.561,5240.058,234.4970000000003
nantes,100000,5011.6987,5246.181,234.48229999999967
nantes,100000,5018.0405,5252.5366,234.4961000000003
nancy,100000,5105.9478,5340.4673,234.51950000000033
nancy,100000,5109.87,5344.3667,234.4966999999997
nancy,100000,5113.763,5348.2744,234.51140000000032
nancy,100000,5117.642,5352.176,234.53400000000056
lyon,100000,5086.611,5321.174,234.5630000000001
nancy,100000,5121.4995,5356.0073,234.50780000000032
lyon,100000,4978.873,5213.3335,234.46050000000014
lyon,100000,4984.8926,5219.3467,234.45409999999993
lyon,100000,4989.9683,5224.4375,234.46919999999955
lyon,100000,4996.2393,5230.694,234.45470000000023
lyon,100000,5001.7095,5236.1953,234.48580000000038
lyon,100000,4977.3613,5211.927,234.5657000000001
lyon,100000,4983.6895,5218.2725,234.58299999999963
lyon,100000,4988.6646,5223.223,234.5583999999999
lyon,100000,4994.791,5229.3906,234.59959999999955
lyon,100000,5092.883,5327.487,234.60400000000027
lyon,100000,5000.449,5234.75,234.30100000000039
rennes,100000,4987.2124,5221.754,234.54159999999956
rennes,100000,4991.8613,5226.3936,234.53230000000076
rennes,100000,4996.7056,5231.242,234.53639999999996
rennes,100000,5001.4927,5236.0293,234.53660000000036
rennes,100000,5006.108,5240.586,234.47800000000007
nantes,100000,4917.34,5151.8584,234.51839999999993
nantes,100000,4923.862,5158.3394,234.47739999999976
nantes,100000,4929.066,5163.548,234.48199999999997
nantes,100000,4935.5234,5170.016,234.49259999999958
lyon,100000,5098.6455,5333.226,234.58050000000003
nantes,100000,4941.317,5175.7974,234.48040000000037
nantes,100000,4899.6606,5134.1265,234.46590000000015
nantes,100000,4905.7676,5140.238,234.47040000000015
nantes,100000,4910.998,5145.4644,234.46640000000025
nantes,100000,4917.099,5151.5615,234.46249999999964
nantes,100000,4922.846,5157.32,234.47400000000016
lyon,100000,4898.52,5133.029,234.50900000000001
lyon,100000,4903.511,5138.017,234.5059999999994
lyon,100000,4909.44,5143.9507,234.51070000000072
lyon,100000,4915.126,5149.6245,234.4984999999997
nancy,100000,5154.452,5388.944,234.4920000000002
lyon,100000,4921.207,5155.714,234.5069999999996
nancy,100000,4984.154,5218.6284,234.47439999999915
nancy,100000,4987.832,5222.3325,234.5005000000001
nancy,100000,4991.722,5226.2227,234.5007000000005
nancy,100000,4995.694,5230.196,234.5019999999995
nancy,100000,4999.459,5233.953,234.4940000000006
nancy,100000,4949.891,5184.531,234.64000000000033
nancy,100000,4953.6484,5188.223,234.57459999999992
nancy,100000,4957.4634,5192.012,234.54860000000008
nancy,100000,4961.337,5195.9185,234.58149999999932
nancy,100000,5158.2827,5392.7886,234.5059000000001
nancy,100000,4965.3794,5199.9546,234.57520000000022
rennes,100000,4899.499,5134.044,234.54500000000007
rennes,100000,4904.127,5138.6685,234.54149999999936
rennes,100000,4908.938,5143.464,234.52599999999984
rennes,100000,4914.2153,5148.7524,234.53710000000046
rennes,100000,4918.712,5153.2705,234.55849999999919
lyon,100000,4843.523,5078.096,234.5729999999994
lyon,100000,4849.4976,5084.0327,234.53510000000006
lyon,100000,4854.744,5089.302,234.558
lyon,100000,4861.17,5095.5234,234.35339999999997
nancy,100000,5162.4194,5396.8994,234.48000000000047
lyon,100000,4866.7266,5101.2812,234.5546000000004
rennes,100000,4864.745,5099.2437,234.4987000000001
rennes,100000,4868.561,5103.0957,234.53470000000016
rennes,100000,4873.948,5108.083,234.1349999999993
rennes,100000,4878.398,5112.959,234.5609999999997
rennes,100000,4883.1724,5117.748,234.5755999999992
nantes,100000,4807.208,5041.6763,234.46830000000045
nantes,100000,4812.559,5046.7817,234.22269999999935
nantes,100000,4818.9966,5053.482,234.48539999999957
nantes,100000,4825.343,5059.843,234.5
nancy,100000,5166.478,5400.9585,234.48049999999967
nantes,100000,4831.211,5065.6855,234.47449999999935
nancy,100000,4900.0435,5134.6196,234.57610000000022
nancy,100000,4903.783,5138.361,234.57799999999952
nancy,100000,4907.701,5142.2954,234.59439999999995
nancy,100000,4911.468,5146.047,234.57899999999972
nancy,100000,4915.475,5150.052,234.57699999999932
rennes,100000,4825.6836,5060.2725,234.58889999999974
rennes,100000,4830.1143,5064.659,234.54469999999947
rennes,100000,4834.8804,5069.396,234.51559999999972
rennes,100000,4839.624,5074.218,234.59400000000005
lyon,100000,5112.561,5346.6074,234.04640000000018
nancy,100000,5185.556,5419.7505,234.19450000000052
rennes,100000,4897.265,5131.094,233.82899999999972
rennes,100000,5095.238,5329.3813,234.14329999999973
rennes,100000,5100.4155,5334.368,233.95250000000033
rennes,100000,5104.7466,5338.8984,234.15179999999964
rennes,100000,5110.103,5344.1123,234.0092999999997
rennes,100000,5114.653,5348.793,234.13999999999942
nantes,100000,5058.604,5292.6997,234.09569999999985
nantes,100000,5064.916,5299.003,234.08699999999953
nantes,100000,5069.7593,5303.859,234.09970000000067
nantes,100000,5076.8784,5310.969,234.09060000000045
lyon,100000,5118.7896,5352.8457,234.0560999999998
nantes,100000,5082.6147,5316.7417,234.1269999999995
nantes,100000,5030.6025,5264.7783,234.17579999999998
nantes,100000,5037.003,5271.162,234.15900000000056
nantes,100000,5042.568,5276.7524,234.1844000000001
nantes,100000,5049.36,5283.524,234.16400000000067
nantes,100000,5055.0967,5289.278,234.1813000000002
nancy,100000,5147.0015,5381.1543,234.15279999999984
nancy,100000,5150.6133,5384.7153,234.10199999999986
nancy,100000,5154.7837,5388.8945,234.11080000000038
nancy,100000,5158.7344,5392.854,234.1196
lyon,100000,5124.0586,5357.793,233.73439999999937
nancy,100000,5162.598,5396.7124,234.1144000000004
lyon,100000,5003.5713,5237.756,234.1847000000007
lyon,100000,5008.7617,5242.9326,234.17090000000007
lyon,100000,5015.3687,5249.597,234.22829999999976
lyon,100000,5020.278,5254.458,234.17999999999938
lyon,100000,5027.086,5261.297,234.21099999999933
lyon,100000,4986.2275,5220.3726,234.14509999999973
lyon,100000,4992.441,5226.5244,234.08340000000044
lyon,100000,4997.5767,5231.6714,234.09470000000056
lyon,100000,5003.92,5238.0225,234.10249999999996
lyon,100000,5130.196,5364.2866,234.09060000000045
lyon,100000,5009.198,5243.305,234.10699999999997
rennes,100000,5018.85,5252.934,234.08399999999983
rennes,100000,5023.622,5257.497,233.875
rennes,100000,5027.935,5262.0264,234.09139999999934
