time,cluster,msg_size,smoothed_rtt
0.022468,lyon,1000,333.0
1029.5186,lyon,1000,15.015959
1044.0598,lyon,1000,14.891883
1058.9739,lyon,1000,14.777106
1072.8625,lyon,1000,14.653284
5074.468,lyon,1000,333.0
0.017361,nancy,1000,333.0
18.794806,nancy,1000,9.941096
28.371454,nancy,1000,9.799736
37.770267,nancy,1000,9.657265
46.42811,nancy,1000,9.525869
5155.691,nancy,1000,333.0
0.034221,rennes,1000,333.0
31.06555,rennes,1000,15.877628
46.352818,rennes,1000,15.760634
62.12079,rennes,1000,15.643677
77.08411,rennes,1000,15.548515
4854.5913,rennes,1000,333.0
0.016627,rennes,1000,333.0
30.899595,rennes,1000,15.831264
46.22971,rennes,1000,15.725868
61.95439,rennes,1000,15.608485
76.96586,rennes,1000,15.516673
5044.8096,rennes,1000,333.0
0.025662001,rennes,1000,333.0
30.804476,rennes,1000,15.73596
46.056778,rennes,1000,15.636671
61.618717,rennes,1000,15.536044
76.45207,rennes,1000,15.4413805
5049.455,rennes,1000,333.0
0.017993,rennes,1000,333.0
30.840397,rennes,1000,15.814226
46.023586,rennes,1000,15.700856
61.794773,rennes,1000,15.5901165
76.675705,rennes,1000,15.493694
5054.8916,rennes,1000,333.0
0.018704,rennes,1000,333.0
30.901373,rennes,1000,15.871113
46.355186,rennes,1000,15.758962
61.83494,rennes,1000,15.630869
76.69155,rennes,1000,15.523974
5059.547,rennes,1000,333.0
0.029056,rennes,1000,333.0
30.871256,rennes,1000,15.750909
46.277218,rennes,1000,15.64882
61.985916,rennes,1000,15.551674
76.953804,rennes,1000,15.462164
5063.945,rennes,1000,333.0
0.022477,nantes,1000,333.0
34.278656,nantes,1000,17.437809
51.07401,nantes,1000,17.316208
68.502365,nantes,1000,17.220926
85.24,nantes,1000,17.142574
5017.107,nantes,1000,333.0
0.024895,nantes,1000,333.0
34.31447,nantes,1000,17.477905
51.264114,nantes,1000,17.369795
68.83373,nantes,1000,17.259264
85.4033,nantes,1000,17.157576
5023.084,nantes,1000,333.0
0.028735999,nantes,1000,333.0
34.454426,nantes,1000,17.546947
51.547478,nantes,1000,17.439552
68.97892,nantes,1000,17.322691
85.504944,nantes,1000,17.214567
5028.522,nantes,1000,333.0
0.025303999,nantes,1000,333.0
34.374996,nantes,1000,17.556166
51.3841,nantes,1000,17.446081
68.73748,nantes,1000,17.33427
85.34791,nantes,1000,17.23153
5035.087,nantes,1000,333.0
0.069226,lyon,1000,333.0
28.942875,lyon,1000,14.764527
43.116688,lyon,1000,14.653067
57.809807,lyon,1000,14.555921
71.6485,lyon,1000,14.458864
5080.7744,lyon,1000,333.0
0.028091,nantes,1000,333.0
34.190548,nantes,1000,17.416437
51.17678,nantes,1000,17.316679
68.60487,nantes,1000,17.228233
85.03686,nantes,1000,17.11992
5040.907,nantes,1000,333.0
0.022155,nantes,1000,333.0
42.58132,nantes,1000,22.58019
59.60155,nantes,1000,21.81932
76.815346,nantes,1000,21.119225
93.12717,nantes,1000,20.50857
4973.9707,nantes,1000,333.0
0.025225999,nantes,1000,333.0
49.41979,nantes,1000,23.301016
66.43066,nantes,1000,22.459465
83.59552,nantes,1000,21.702553
100.15039,nantes,1000,21.047209
4980.0405,nantes,1000,333.0
0.021463,nantes,1000,333.0
53.56081,nantes,1000,23.307423
70.52734,nantes,1000,22.477007
88.08988,nantes,1000,21.73712
104.76933,nantes,1000,21.088005
4985.7485,nantes,1000,333.0
0.035449002,nantes,1000,333.0
53.70818,nantes,1000,19.602684
70.87559,nantes,1000,19.22988
88.204956,nantes,1000,18.887293
104.76028,nantes,1000,18.587944
4992.0093,nantes,1000,333.0
0.036275,nantes,1000,333.0
43.77836,nantes,1000,26.962671
60.8474,nantes,1000,25.66718
78.48515,nantes,1000,24.530708
95.1311,nantes,1000,23.514288
4997.771,nantes,1000,333.0
0.014301,nancy,1000,333.0
18.665895,nancy,1000,9.580638
28.159658,nancy,1000,9.470533
38.27404,nancy,1000,9.361563
46.983337,nancy,1000,9.266141
5073.107,nancy,1000,333.0
0.014149,nancy,1000,333.0
19.039776,nancy,1000,10.258535
28.022024,nancy,1000,10.061708
37.39592,nancy,1000,9.879244
46.154846,nancy,1000,9.720137
5076.9146,nancy,1000,333.0
0.014453,nancy,1000,333.0
18.31967,nancy,1000,9.535958
27.292858,nancy,1000,9.424112
36.75268,nancy,1000,9.316726
45.51355,nancy,1000,9.22792
5081.377,nancy,1000,333.0
0.018298,nancy,1000,333.0
18.254335,nancy,1000,9.512877
27.127361,nancy,1000,9.391805
36.527515,nancy,1000,9.288455
45.229176,nancy,1000,9.195376
5085.281,nancy,1000,333.0
0.022047,lyon,1000,333.0
28.9832,lyon,1000,14.844095
43.475178,lyon,1000,14.732126
58.17529,lyon,1000,14.61761
72.06045,lyon,1000,14.517563
5086.16,lyon,1000,333.0
0.020249,nancy,1000,333.0
18.084148,nancy,1000,9.399147
27.454683,nancy,1000,9.2955475
36.810314,nancy,1000,9.193897
45.4239,nancy,1000,9.103119
5089.4736,nancy,1000,333.0
0.025445001,lyon,1000,333.0
36.97632,lyon,1000,17.859688
51.16555,lyon,1000,17.36218
65.87839,lyon,1000,16.900991
80.31064,lyon,1000,16.572601
4972.8633,lyon,1000,333.0
0.024445001,lyon,1000,333.0
40.83923,lyon,1000,17.20553
55.308304,lyon,1000,16.801773
70.29911,lyon,1000,16.433853
84.18563,lyon,1000,16.095396
4977.3857,lyon,1000,333.0
0.020949,lyon,1000,333.0
43.283264,lyon,1000,14.871802
57.671967,lyon,1000,14.757934
72.387344,lyon,1000,14.629114
86.18303,lyon,1000,14.516268
4983.7793,lyon,1000,333.0
0.026656,lyon,1000,333.0
47.095375,lyon,1000,14.892638
61.446056,lyon,1000,14.781064
76.01676,lyon,1000,14.659744
89.867676,lyon,1000,14.550982
4989.9424,lyon,1000,333.0
0.031694,lyon,1000,333.0
40.90856,lyon,1000,26.718588
55.223907,lyon,1000,25.122936
69.91645,lyon,1000,23.703396
83.75959,lyon,1000,22.460348
4995.531,lyon,1000,333.0
0.022083001,lyon,1000,333.0
35.089264,lyon,1000,21.0385
49.344173,lyon,1000,20.152292
64.32438,lyon,1000,19.361095
78.12293,lyon,1000,18.647429
4963.9404,lyon,1000,333.0
0.0652,lyon,1000,333.0
34.91667,lyon,1000,18.663456
49.207996,lyon,1000,18.078848
63.852562,lyon,1000,17.5402
77.87053,lyon,1000,17.082708
4969.9766,lyon,1000,333.0
0.025541,lyon,1000,333.0
37.496918,lyon,1000,16.311129
51.68864,lyon,1000,16.009798
66.55732,lyon,1000,15.7368355
80.452446,lyon,1000,15.498234
4974.8916,lyon,1000,333.0
0.029044,lyon,1000,333.0
42.081413,lyon,1000,15.629833
56.27683,lyon,1000,15.403666
70.851456,lyon,1000,15.196461
84.63329,lyon,1000,15.012137
4981.74,lyon,1000,333.0
0.036521,lyon,1000,333.0
28.880127,lyon,1000,14.723678
43.215252,lyon,1000,14.63106
57.968952,lyon,1000,14.525167
71.78151,lyon,1000,14.428437
5092.905,lyon,1000,333.0
0.035662,lyon,1000,333.0
45.227627,lyon,1000,14.814002
59.616737,lyon,1000,14.70506
74.3062,lyon,1000,14.587308
88.1617,lyon,1000,14.486121
4987.286,lyon,1000,333.0
0.021252,rennes,1000,333.0
36.625717,rennes,1000,21.533522
51.85527,rennes,1000,20.708557
67.50417,rennes,1000,19.977398
82.453964,rennes,1000,19.332724
4966.299,rennes,1000,333.0
0.016516,rennes,1000,333.0
37.9136,rennes,1000,20.939905
53.105724,rennes,1000,20.186735
68.65117,rennes,1000,19.517471
83.44997,rennes,1000,18.920788
4970.7573,rennes,1000,333.0
0.019757,rennes,1000,333.0
42.121784,rennes,1000,20.25411
57.2148,rennes,1000,19.574593
72.692566,rennes,1000,18.968866
87.41426,rennes,1000,18.430832
4975.6396,rennes,1000,333.0
0.020228999,rennes,1000,333.0
46.698383,rennes,1000,20.285816
62.007298,rennes,1000,19.621094
77.64662,rennes,1000,19.00734
92.53466,rennes,1000,18.474985
4980.992,rennes,1000,333.0
0.023518,rennes,1000,333.0
46.534912,rennes,1000,17.216356
61.84284,rennes,1000,16.935541
77.35713,rennes,1000,16.665619
92.238556,rennes,1000,16.431273
4985.487,rennes,1000,333.0
0.02211,nantes,1000,333.0
52.791256,nantes,1000,17.382484
69.75723,nantes,1000,17.274721
87.24064,nantes,1000,17.173399
103.739204,nantes,1000,17.072859
4911.006,nantes,1000,333.0
0.021338,nantes,1000,333.0
46.823513,nantes,1000,30.126966
63.69011,nantes,1000,28.433302
81.16434,nantes,1000,26.94158
97.6311,nantes,1000,25.624905
4917.5405,nantes,1000,333.0
0.029139,nantes,1000,333.0
50.586983,nantes,1000,33.814575
67.41637,nantes,1000,31.653603
84.693665,nantes,1000,29.750824
101.23391,nantes,1000,28.089956
4922.8584,nantes,1000,333.0
0.027657,nantes,1000,333.0
53.89951,nantes,1000,37.182903
70.77821,nantes,1000,34.60255
88.03892,nantes,1000,32.338116
104.49377,nantes,1000,30.345243
4930.301,nantes,1000,333.0
0.030102002,lyon,1000,333.0
29.073654,lyon,1000,14.874866
43.355927,lyon,1000,14.755296
58.10116,lyon,1000,14.638894
72.033455,lyon,1000,14.5411215
5098.589,lyon,1000,333.0
0.028329,nantes,1000,333.0
34.16757,nantes,1000,17.495422
51.407177,nantes,1000,17.38446
68.73876,nantes,1000,17.274948
85.29605,nantes,1000,17.168524
4935.6094,nantes,1000,333.0
0.021572,nantes,1000,333.0
48.492558,nantes,1000,18.688696
65.51675,nantes,1000,18.43182
83.01006,nantes,1000,18.196888
99.55757,nantes,1000,17.983292
4901.2173,nantes,1000,333.0
0.024538,nantes,1000,333.0
50.777596,nantes,1000,17.359694
67.589714,nantes,1000,17.252453
85.15469,nantes,1000,17.142313
101.86776,nantes,1000,17.070528
4906.609,nantes,1000,333.0
0.021223001,nantes,1000,333.0
54.157944,nantes,1000,17.414345
71.354774,nantes,1000,17.312408
88.90389,nantes,1000,17.213736
105.5504,nantes,1000,17.1252
4913.0977,nantes,1000,333.0
0.028121,nantes,1000,333.0
48.34735,nantes,1000,31.208624
65.295006,nantes,1000,29.379755
82.508286,nantes,1000,27.758615
99.02569,nantes,1000,26.345083
4919.8086,nantes,1000,333.0
0.029459001,nantes,1000,333.0
51.635998,nantes,1000,33.901855
68.50057,nantes,1000,31.725828
85.86829,nantes,1000,29.823645
102.357315,nantes,1000,28.148792
4924.9497,nantes,1000,333.0
0.024188,lyon,1000,333.0
44.07693,lyon,1000,14.784658
58.25075,lyon,1000,14.670963
73.1675,lyon,1000,14.565036
87.0243,lyon,1000,14.468385
4901.2837,lyon,1000,333.0
0.018964,lyon,1000,333.0
46.279606,lyon,1000,14.6680975
60.38919,lyon,1000,14.563855
75.11545,lyon,1000,14.470694
88.954254,lyon,1000,14.383978
4907.1167,lyon,1000,333.0
0.019556,lyon,1000,333.0
49.28004,lyon,1000,14.75347
63.588024,lyon,1000,14.643756
78.3045,lyon,1000,14.527381
92.22615,lyon,1000,14.4357815
4912.3647,lyon,1000,333.0
0.030639,lyon,1000,333.0
44.62105,lyon,1000,30.49106
58.963028,lyon,1000,28.420567
73.90359,lyon,1000,26.584633
87.66426,lyon,1000,24.97308
4919.397,lyon,1000,333.0
0.015005999,nancy,1000,333.0
18.527601,nancy,1000,9.659591
27.855968,nancy,1000,9.547481
37.82467,nancy,1000,9.430112
46.59405,nancy,1000,9.327991
5140.069,nancy,1000,333.0
0.031783998,lyon,1000,333.0
47.59582,lyon,1000,33.615868
61.778847,lyon,1000,31.141895
76.53198,lyon,1000,28.960411
90.30685,lyon,1000,27.052347
4924.7134,lyon,1000,333.0
0.013271,nancy,1000,333.0
36.336544,nancy,1000,9.544612
45.276688,nancy,1000,9.44276
54.640297,nancy,1000,9.335986
63.400986,nancy,1000,9.244668
4979.096,nancy,1000,333.0
0.015841,nancy,1000,333.0
32.566196,nancy,1000,23.69723
41.617676,nancy,1000,21.829079
51.354233,nancy,1000,20.178885
60.058907,nancy,1000,18.729887
4982.5425,nancy,1000,333.0
0.0146470005,nancy,1000,333.0
34.611774,nancy,1000,25.598898
43.37452,nancy,1000,23.468334
52.498272,nancy,1000,21.60454
61.054344,nancy,1000,19.964767
4986.252,nancy,1000,333.0
0.017656,nancy,1000,333.0
38.190468,nancy,1000,29.438696
47.09673,nancy,1000,26.844334
56.39471,nancy,1000,24.564236
65.06498,nancy,1000,22.558876
4990.55,nancy,1000,333.0
0.017678,nancy,1000,333.0
18.250128,nancy,1000,9.488693
27.2977,nancy,1000,9.400649
36.514202,nancy,1000,9.305609
45.351078,nancy,1000,9.226375
4994.441,nancy,1000,333.0
0.013013001,nancy,1000,333.0
29.799086,nancy,1000,9.717453
39.23926,nancy,1000,9.587184
48.77152,nancy,1000,9.466361
57.356705,nancy,1000,9.344487
4969.1553,nancy,1000,333.0
0.016743999,nancy,1000,333.0
32.46024,nancy,1000,9.751981
41.197914,nancy,1000,9.597312
50.320686,nancy,1000,9.454286
58.96088,nancy,1000,9.3309555
4972.6904,nancy,1000,333.0
0.015697,nancy,1000,333.0
35.78012,nancy,1000,10.564305
44.771748,nancy,1000,10.3303385
54.399952,nancy,1000,10.118478
63.307755,nancy,1000,9.932785
4976.694,nancy,1000,333.0
0.016334,nancy,1000,333.0
38.839176,nancy,1000,10.520948
48.331306,nancy,1000,10.299843
58.196266,nancy,1000,10.088955
66.92293,nancy,1000,9.898701
4980.655,nancy,1000,333.0
0.015824,nancy,1000,333.0
18.466112,nancy,1000,9.640158
27.698069,nancy,1000,9.525856
37.056057,nancy,1000,9.424251
46.07906,nancy,1000,9.325961
5143.914,nancy,1000,333.0
0.01754,nancy,1000,333.0
33.804367,nancy,1000,24.935553
42.89527,nancy,1000,22.896793
52.66185,nancy,1000,21.109917
61.449818,nancy,1000,19.546732
4984.5605,nancy,1000,333.0
0.019242,rennes,1000,333.0
32.68195,rennes,1000,17.73952
47.919693,rennes,1000,17.390078
63.473583,rennes,1000,17.069353
78.42196,rennes,1000,16.7925
4884.488,rennes,1000,333.0
0.019934999,rennes,1000,333.0
35.820206,rennes,1000,17.150476
51.14628,rennes,1000,16.88063
66.90677,rennes,1000,16.622711
81.684395,rennes,1000,16.385437
4889.152,rennes,1000,333.0
0.022578001,rennes,1000,333.0
39.743416,rennes,1000,16.344326
55.008736,rennes,1000,16.17451
70.48969,rennes,1000,15.995836
85.32699,rennes,1000,15.843179
4893.934,rennes,1000,333.0
0.02026,rennes,1000,333.0
43.684345,rennes,1000,15.600541
58.99461,rennes,1000,15.500666
74.400085,rennes,1000,15.402974
89.247665,rennes,1000,15.317601
4898.6987,rennes,1000,333.0
0.032861,rennes,1000,333.0
47.134007,rennes,1000,15.622088
62.39812,rennes,1000,15.538628
78.01983,rennes,1000,15.449661
93.08743,rennes,1000,15.382882
4903.5713,rennes,1000,333.0
0.022001,lyon,1000,333.0
28.877369,lyon,1000,14.814099
43.24675,lyon,1000,14.704417
58.2396,lyon,1000,14.603277
72.16336,lyon,1000,14.50974
4857.3604,lyon,1000,333.0
0.020868,lyon,1000,333.0
28.79527,lyon,1000,14.671457
42.982246,lyon,1000,14.573633
57.607178,lyon,1000,14.486418
71.534874,lyon,1000,14.402551
4862.9077,lyon,1000,333.0
0.022264,lyon,1000,333.0
31.3798,lyon,1000,14.720979
45.75156,lyon,1000,14.627531
60.577866,lyon,1000,14.515347
74.384186,lyon,1000,14.411922
4868.351,lyon,1000,333.0
0.023266,lyon,1000,333.0
29.81964,lyon,1000,15.587743
44.04462,lyon,1000,15.377265
58.75512,lyon,1000,15.183008
72.654564,lyon,1000,15.006317
4875.021,lyon,1000,333.0
0.016579,nancy,1000,333.0
18.43446,nancy,1000,9.6398945
27.370747,nancy,1000,9.51847
37.37933,nancy,1000,9.393314
46.02459,nancy,1000,9.28161
5147.636,nancy,1000,333.0
0.051846,lyon,1000,333.0
30.026318,lyon,1000,15.931628
44.433727,lyon,1000,15.693131
59.103424,lyon,1000,15.458035
72.8887,lyon,1000,15.240261
4881.0015,lyon,1000,333.0
0.016252,rennes,1000,333.0
31.457811,rennes,1000,15.730836
46.731552,rennes,1000,15.613374
62.390644,rennes,1000,15.511306
77.1787,rennes,1000,15.404893
4857.0415,rennes,1000,333.0
0.021767,rennes,1000,333.0
1030.9489,rennes,1000,15.694886
1046.1041,rennes,1000,15.576387
1061.69,rennes,1000,15.475964
1076.5271,rennes,1000,15.389757
4861.5034,rennes,1000,333.0
0.023077,rennes,1000,333.0
30.950453,rennes,1000,15.608103
46.269665,rennes,1000,15.533522
61.889904,rennes,1000,15.440718
76.96576,rennes,1000,15.376938
4866.257,rennes,1000,333.0
0.018167,rennes,1000,333.0
30.5881,rennes,1000,15.854658
45.87298,rennes,1000,15.722619
61.37941,rennes,1000,15.5830965
76.223656,rennes,1000,15.4829235
4871.9287,rennes,1000,333.0
0.044285,rennes,1000,333.0
30.614067,rennes,1000,15.741192
45.853424,rennes,1000,15.631482
61.34487,rennes,1000,15.522804
76.19654,rennes,1000,15.431731
4876.541,rennes,1000,333.0
0.020029,nantes,1000,333.0
34.040543,nantes,1000,17.316893
50.80466,nantes,1000,17.211975
68.209915,nantes,1000,17.122244
84.77552,nantes,1000,17.044231
4801.7524,nantes,1000,333.0
0.017451001,nantes,1000,333.0
34.52784,nantes,1000,17.784828
51.45796,nantes,1000,17.641975
68.86228,nantes,1000,17.503267
85.37113,nantes,1000,17.371376
4807.364,nantes,1000,333.0
0.021512,nantes,1000,333.0
34.47188,nantes,1000,17.622835
51.453293,nantes,1000,17.504385
68.96209,nantes,1000,17.385206
85.61535,nantes,1000,17.277744
4813.3696,nantes,1000,333.0
0.026287,nantes,1000,333.0
34.32658,nantes,1000,17.524767
51.367237,nantes,1000,17.4226
68.834015,nantes,1000,17.317879
85.45058,nantes,1000,17.214136
4819.968,nantes,1000,333.0
0.016209,nancy,1000,333.0
18.436949,nancy,1000,9.608296
28.007004,nancy,1000,9.5111065
37.255997,nancy,1000,9.395804
45.98358,nancy,1000,9.294016
5151.668,nancy,1000,333.0
0.034147,nantes,1000,333.0
34.391502,nantes,1000,17.508238
51.544132,nantes,1000,17.40955
69.04392,nantes,1000,17.300724
85.63276,nantes,1000,17.202822
4826.3696,nantes,1000,333.0
0.014684999,nancy,1000,333.0
34.64116,nancy,1000,25.9574
44.09389,nancy,1000,23.803371
53.590424,nancy,1000,21.908037
62.274082,nancy,1000,20.236467
4903.1763,nancy,1000,333.0
0.014086001,nancy,1000,333.0
37.242874,nancy,1000,28.399826
46.235466,nancy,1000,25.93546
55.752003,nancy,1000,23.75572
64.51491,nancy,1000,21.860195
4907.339,nancy,1000,333.0
0.015334999,nancy,1000,333.0
38.68152,nancy,1000,29.065649
48.235355,nancy,1000,26.53481
57.54558,nancy,1000,24.289013
66.2064,nancy,1000,22.32864
4911.173,nancy,1000,333.0
0.016201,nancy,1000,333.0
18.164652,nancy,1000,9.470294
27.21812,nancy,1000,9.35287
36.532494,nancy,1000,9.248871
45.11896,nancy,1000,9.156232
4915.264,nancy,1000,333.0
0.025173,nancy,1000,333.0
18.127668,nancy,1000,9.403634
27.001009,nancy,1000,9.30644
36.30834,nancy,1000,9.211163
44.980488,nancy,1000,9.125322
4919.781,nancy,1000,333.0
0.019615,rennes,1000,333.0
30.704264,rennes,1000,15.679574
45.751045,rennes,1000,15.565264
61.129887,rennes,1000,15.452184
75.92703,rennes,1000,15.362379
4835.027,rennes,1000,333.0
0.019082999,rennes,1000,333.0
30.890724,rennes,1000,15.815768
46.062176,rennes,1000,15.700532
61.710144,rennes,1000,15.600104
76.61076,rennes,1000,15.502333
4840.235,rennes,1000,333.0
0.026101999,rennes,1000,333.0
30.901485,rennes,1000,15.801653
46.184383,rennes,1000,15.696866
62.16767,rennes,1000,15.597533
77.15646,rennes,1000,15.504353
4845.0854,rennes,1000,333.0
0.016858999,rennes,1000,333.0
30.676464,rennes,1000,15.720303
45.816833,rennes,1000,15.612802
61.611397,rennes,1000,15.511468
76.360596,rennes,1000,15.409232
4849.8965,rennes,1000,333.0
0.026347,lyon,1000,333.0
28.813416,lyon,1000,14.790376
43.165985,lyon,1000,14.690461
58.16961,lyon,1000,14.57687
72.09589,lyon,1000,14.478225
5093.1626,lyon,1000,333.0
0.018803999,nancy,1000,333.0
18.805782,nancy,1000,9.968674
28.265757,nancy,1000,9.812786
38.446518,nancy,1000,9.668646
47.133846,nancy,1000,9.534983
5195.0654,nancy,1000,333.0
0.025719,rennes,1000,333.0
30.847616,rennes,1000,15.785873
46.312496,rennes,1000,15.684392
61.953457,rennes,1000,15.584894
76.88549,rennes,1000,15.487038
4869.4272,rennes,1000,333.0
0.015901,rennes,1000,333.0
30.981115,rennes,1000,15.87918
46.41403,rennes,1000,15.764991
62.349262,rennes,1000,15.654789
77.26565,rennes,1000,15.555612
5073.5996,rennes,1000,333.0
0.017294,rennes,1000,333.0
30.922657,rennes,1000,15.835133
46.180473,rennes,1000,15.728505
61.797527,rennes,1000,15.6233015
76.685356,rennes,1000,15.524148
5078.4214,rennes,1000,333.0
0.022563,rennes,1000,333.0
31.02376,rennes,1000,15.936324
46.556087,rennes,1000,15.816042
62.357666,rennes,1000,15.691994
77.28021,rennes,1000,15.579366
5083.2124,rennes,1000,333.0
0.023706,rennes,1000,333.0
31.0867,rennes,1000,15.934143
46.477627,rennes,1000,15.8085
62.21148,rennes,1000,15.688095
77.14626,rennes,1000,15.577565
5087.8276,rennes,1000,333.0
0.024159001,rennes,1000,333.0
30.921963,rennes,1000,15.836241
46.480465,rennes,1000,15.735988
62.336433,rennes,1000,15.634048
77.32544,rennes,1000,15.537057
5092.3076,rennes,1000,333.0
0.017763,nantes,1000,333.0
61.872158,nantes,1000,44.74958
78.66924,nantes,1000,41.220177
96.062584,nantes,1000,38.13053
112.64587,nantes,1000,35.428814
5050.4536,nantes,1000,333.0
0.023447001,nantes,1000,333.0
34.818798,nantes,1000,17.95278
51.714622,nantes,1000,17.780567
69.46413,nantes,1000,17.631618
86.10862,nantes,1000,17.49132
5055.9346,nantes,1000,333.0
0.030193,nantes,1000,333.0
34.527542,nantes,1000,17.60928
51.680126,nantes,1000,17.48388
69.19233,nantes,1000,17.35987
85.825294,nantes,1000,17.251768
5062.5156,nantes,1000,333.0
0.026732,nantes,1000,333.0
34.330692,nantes,1000,17.526884
51.500824,nantes,1000,17.421993
69.26194,nantes,1000,17.317995
85.970215,nantes,1000,17.22452
5068.154,nantes,1000,333.0
0.018103,lyon,1000,333.0
29.063135,lyon,1000,14.928457
43.234856,lyon,1000,14.788681
58.036217,lyon,1000,14.67358
72.020035,lyon,1000,14.568621
5099.5713,lyon,1000,333.0
0.04645,nantes,1000,333.0
34.508286,nantes,1000,17.522348
51.35487,nantes,1000,17.387724
68.9448,nantes,1000,17.270391
85.48582,nantes,1000,17.169113
5073.625,nantes,1000,333.0
0.027428,nantes,1000,333.0
62.956154,nantes,1000,26.853693
79.8264,nantes,1000,25.56738
97.45604,nantes,1000,24.440536
114.19268,nantes,1000,23.453554
5021.5166,nantes,1000,333.0
0.01824,nantes,1000,333.0
68.31308,nantes,1000,27.021795
85.201164,nantes,1000,25.719387
102.453,nantes,1000,24.558764
119.10231,nantes,1000,23.557016
5027.5366,nantes,1000,333.0
0.025956,nantes,1000,333.0
64.27668,nantes,1000,19.325083
81.24951,nantes,1000,18.991907
98.75704,nantes,1000,18.680174
115.195206,nantes,1000,18.391075
5033.6206,nantes,1000,333.0
0.027075,nantes,1000,333.0
54.82821,nantes,1000,38.00575
71.89078,nantes,1000,35.322063
89.64862,nantes,1000,32.97115
106.14891,nantes,1000,30.904501
5040.2544,nantes,1000,333.0
0.028857,nantes,1000,333.0
58.977516,nantes,1000,42.09184
76.19103,nantes,1000,38.92029
93.65986,nantes,1000,36.099506
110.1869,nantes,1000,33.643047
5046.034,nantes,1000,333.0
0.013320999,nancy,1000,333.0
18.515762,nancy,1000,9.664962
27.696276,nancy,1000,9.5453205
36.85865,nancy,1000,9.427778
45.560284,nancy,1000,9.318808
5116.8975,nancy,1000,333.0
0.01557,nancy,1000,333.0
18.58448,nancy,1000,9.741418
27.580761,nancy,1000,9.612757
37.54895,nancy,1000,9.485144
46.313675,nancy,1000,9.375903
5120.7188,nancy,1000,333.0
0.014624,nancy,1000,333.0
18.477583,nancy,1000,9.612207
27.473856,nancy,1000,9.484486
37.02611,nancy,1000,9.370389
45.784477,nancy,1000,9.274543
5124.969,nancy,1000,333.0
0.020146001,nancy,1000,333.0
18.16238,nancy,1000,9.3899975
27.141079,nancy,1000,9.294914
36.476524,nancy,1000,9.212019
45.21775,nancy,1000,9.134948
5129.2935,nancy,1000,333.0
0.035442002,lyon,1000,333.0
29.135424,lyon,1000,14.913094
43.55571,lyon,1000,14.7929325
58.611958,lyon,1000,14.682813
72.52689,lyon,1000,14.569536
5104.401,lyon,1000,333.0
0.024931,nancy,1000,333.0
18.20998,nancy,1000,9.502736
27.612207,nancy,1000,9.396687
36.681133,nancy,1000,9.282669
45.161106,nancy,1000,9.175594
5133.3984,nancy,1000,333.0
0.018161999,lyon,1000,333.0
43.710896,lyon,1000,19.175629
57.881668,lyon,1000,18.515347
72.577576,lyon,1000,17.922905
86.35487,lyon,1000,17.396276
5009.7544,lyon,1000,333.0
0.021928,lyon,1000,333.0
49.432747,lyon,1000,19.953053
63.714645,lyon,1000,19.195732
78.46207,lyon,1000,18.513449
92.15775,lyon,1000,17.902851
5014.7173,lyon,1000,333.0
0.020703001,lyon,1000,333.0
56.72458,lyon,1000,21.481127
71.072334,lyon,1000,20.535751
85.936714,lyon,1000,19.696505
99.87777,lyon,1000,18.960463
5020.4736,lyon,1000,333.0
0.024964,lyon,1000,333.0
56.01328,lyon,1000,16.840519
70.21734,lyon,1000,16.470879
84.75475,lyon,1000,16.12922
98.62231,lyon,1000,15.829803
5026.7524,lyon,1000,333.0
0.035279002,lyon,1000,333.0
60.88226,lyon,1000,17.731867
75.16777,lyon,1000,17.253239
89.84956,lyon,1000,16.817348
103.84049,lyon,1000,16.443356
5032.3384,lyon,1000,333.0
0.017151,lyon,1000,333.0
35.77671,lyon,1000,18.416573
50.203297,lyon,1000,17.852291
64.890434,lyon,1000,17.350786
78.78424,lyon,1000,16.903168
5002.623,lyon,1000,333.0
0.018822,lyon,1000,333.0
40.58679,lyon,1000,17.646374
54.71277,lyon,1000,17.167437
69.37581,lyon,1000,16.737844
83.13409,lyon,1000,16.358217
5008.2295,lyon,1000,333.0
0.053473,lyon,1000,333.0
49.18012,lyon,1000,20.714197
63.357838,lyon,1000,19.85926
78.123276,lyon,1000,19.11033
91.97471,lyon,1000,18.442284
5013.7227,lyon,1000,333.0
0.023397,lyon,1000,333.0
51.839935,lyon,1000,16.92746
66.171974,lyon,1000,16.543407
80.906136,lyon,1000,16.201315
94.64989,lyon,1000,15.886551
5020.1704,lyon,1000,333.0
0.025116,lyon,1000,333.0
28.95508,lyon,1000,14.817745
43.20122,lyon,1000,14.706113
57.76373,lyon,1000,14.589487
71.53139,lyon,1000,14.479391
5111.235,lyon,1000,333.0
0.038478,lyon,1000,333.0
55.524086,lyon,1000,16.948893
69.90534,lyon,1000,16.569431
84.74243,lyon,1000,16.228481
98.58688,lyon,1000,15.921777
5025.474,lyon,1000,333.0
0.021489,rennes,1000,333.0
44.606644,rennes,1000,25.356113
59.977543,rennes,1000,24.04658
75.60877,rennes,1000,22.892208
90.42871,rennes,1000,21.875696
5004.499,rennes,1000,333.0
0.021894,rennes,1000,333.0
47.565346,rennes,1000,23.786215
62.70408,rennes,1000,22.669708
78.196365,rennes,1000,21.68743
93.11849,rennes,1000,20.824757
5009.0605,rennes,1000,333.0
0.016849998,rennes,1000,333.0
53.921688,rennes,1000,24.567179
69.11072,rennes,1000,23.360403
84.79133,rennes,1000,22.294296
99.71353,rennes,1000,21.356163
5014.603,rennes,1000,333.0
0.023954,rennes,1000,333.0
57.135857,rennes,1000,23.057924
72.42417,rennes,1000,22.024668
87.89071,rennes,1000,21.11536
102.521706,rennes,1000,20.297892
5019.5933,rennes,1000,333.0
0.028,rennes,1000,333.0
61.026417,rennes,1000,23.07461
76.267365,rennes,1000,22.056171
91.96742,rennes,1000,21.160072
106.811356,rennes,1000,20.363058
5024.011,rennes,1000,333.0
0.021911,nantes,1000,333.0
58.756447,nantes,1000,17.418253
75.70839,nantes,1000,17.32098
93.27168,nantes,1000,17.231081
109.83937,nantes,1000,17.133427
4934.81,nantes,1000,333.0
0.025342,nantes,1000,333.0
62.769585,nantes,1000,17.537851
79.69064,nantes,1000,17.423225
97.28352,nantes,1000,17.311468
113.85696,nantes,1000,17.211397
4941.191,nantes,1000,333.0
0.024653,nantes,1000,333.0
55.72628,nantes,1000,38.92586
72.56192,nantes,1000,36.12676
89.950096,nantes,1000,33.665596
106.63846,nantes,1000,31.523787
4946.62,nantes,1000,333.0
0.030473,nantes,1000,333.0
59.90952,nantes,1000,43.177456
76.78499,nantes,1000,39.844326
94.236984,nantes,1000,36.92346
110.675514,nantes,1000,34.346466
4953.4414,nantes,1000,333.0
0.045533,lyon,1000,333.0
28.879795,lyon,1000,14.7792635
43.206097,lyon,1000,14.674114
58.052074,lyon,1000,14.573516
71.98399,lyon,1000,14.484267
5116.506,lyon,1000,333.0
0.036472,nantes,1000,333.0
62.74899,nantes,1000,45.929703
79.875984,nantes,1000,42.261192
97.454666,nantes,1000,39.043587
114.07879,nantes,1000,36.226295
4959.4536,nantes,1000,333.0
0.022888,nantes,1000,333.0
49.413013,nantes,1000,17.250889
66.16388,nantes,1000,17.149828
83.742096,nantes,1000,17.063385
100.31093,nantes,1000,16.98457
4923.0356,nantes,1000,333.0
0.018352998,nantes,1000,333.0
56.661755,nantes,1000,17.96219
73.54541,nantes,1000,17.79203
91.08404,nantes,1000,17.633028
107.63059,nantes,1000,17.480888
4929.513,nantes,1000,333.0
0.024511,nantes,1000,333.0
59.918705,nantes,1000,18.223095
76.92541,nantes,1000,18.029013
94.379906,nantes,1000,17.830385
110.95149,nantes,1000,17.663422
4935.0776,nantes,1000,333.0
0.031168,nantes,1000,333.0
62.713684,nantes,1000,17.556444
79.73643,nantes,1000,17.44516
97.17171,nantes,1000,17.337252
113.75611,nantes,1000,17.203821
4941.7144,nantes,1000,333.0
0.033601,nantes,1000,333.0
55.48144,nantes,1000,38.735313
72.61679,nantes,1000,35.968555
90.03493,nantes,1000,33.51844
106.306816,nantes,1000,31.353832
4947.1147,nantes,1000,333.0
0.019405,lyon,1000,333.0
57.621845,lyon,1000,14.866805
71.72848,lyon,1000,14.732645
86.68089,lyon,1000,14.619007
100.52388,lyon,1000,14.512978
4938.4224,lyon,1000,333.0
0.020359999,lyon,1000,333.0
52.544403,lyon,1000,38.448154
66.94393,lyon,1000,35.3857
81.657524,lyon,1000,32.691334
95.545494,lyon,1000,30.333487
4945.0674,lyon,1000,333.0
0.01997,lyon,1000,333.0
55.725704,lyon,1000,41.669933
70.13983,lyon,1000,38.20178
84.826515,lyon,1000,35.154396
98.689095,lyon,1000,32.484585
4950.6113,lyon,1000,333.0
0.027915,lyon,1000,333.0
28.744612,lyon,1000,14.639142
43.285,lyon,1000,14.560592
57.8806,lyon,1000,14.465038
71.70468,lyon,1000,14.377168
4957.275,lyon,1000,333.0
0.012936,nancy,1000,333.0
18.479002,nancy,1000,9.638953
27.933752,nancy,1000,9.524604
37.257107,nancy,1000,9.4057665
45.794754,nancy,1000,9.289169
5179.8975,nancy,1000,333.0
0.037646,lyon,1000,333.0
29.204443,lyon,1000,14.9527235
43.813377,lyon,1000,14.835226
58.763683,lyon,1000,14.712831
72.66411,lyon,1000,14.602688
4963.085,lyon,1000,333.0
0.014718,nancy,1000,333.0
45.94859,nancy,1000,9.618272
55.473835,nancy,1000,9.510667
64.85962,nancy,1000,9.374476
73.519516,nancy,1000,9.275793
5019.3516,nancy,1000,333.0
0.014854,nancy,1000,333.0
42.424282,nancy,1000,33.58953
51.562172,nancy,1000,30.469471
61.535984,nancy,1000,27.728142
70.06021,nancy,1000,25.309256
5023.205,nancy,1000,333.0
0.012554,nancy,1000,333.0
44.948963,nancy,1000,36.126812
54.294785,nancy,1000,32.686993
63.746506,nancy,1000,29.6769
72.39469,nancy,1000,27.03258
5027.207,nancy,1000,333.0
0.013317,nancy,1000,333.0
47.142376,nancy,1000,38.365353
56.369984,nancy,1000,34.659046
65.6529,nancy,1000,31.390257
74.4943,nancy,1000,28.546091
5030.969,nancy,1000,333.0
0.019789001,nancy,1000,333.0
18.108576,nancy,1000,9.483493
27.357712,nancy,1000,9.374327
36.73117,nancy,1000,9.278556
45.39281,nancy,1000,9.183372
5034.57,nancy,1000,333.0
0.015756,nancy,1000,333.0
23.088743,nancy,1000,9.71226
31.931196,nancy,1000,9.557972
41.169758,nancy,1000,9.433643
49.690617,nancy,1000,9.311117
4993.107,nancy,1000,333.0
0.01492,nancy,1000,333.0
30.058565,nancy,1000,12.789984
38.80684,nancy,1000,12.260013
48.54184,nancy,1000,11.798663
57.344017,nancy,1000,11.400711
4997.023,nancy,1000,333.0
0.016208,nancy,1000,333.0
32.983006,nancy,1000,11.36327
41.848907,nancy,1000,11.025409
51.02087,nancy,1000,10.722293
59.528004,nancy,1000,10.43833
5001.312,nancy,1000,333.0
0.021295,nancy,1000,333.0
37.898582,nancy,1000,12.179972
47.13628,nancy,1000,11.748589
56.973606,nancy,1000,11.352706
65.79403,nancy,1000,11.010498
5005.473,nancy,1000,333.0
0.014351,nancy,1000,333.0
18.349243,nancy,1000,9.538108
27.176891,nancy,1000,9.421986
36.33876,nancy,1000,9.31997
45.088467,nancy,1000,9.230428
5183.4614,nancy,1000,333.0
0.019056,nancy,1000,333.0
40.47349,nancy,1000,10.630783
49.40292,nancy,1000,10.376604
58.527454,nancy,1000,10.150315
67.24894,nancy,1000,9.952466
5009.622,nancy,1000,333.0
0.01898,rennes,1000,333.0
31.794426,rennes,1000,16.363674
47.03667,rennes,1000,16.1682
62.87697,rennes,1000,15.999438
77.803276,rennes,1000,15.849143
4886.507,rennes,1000,333.0
0.019518,rennes,1000,333.0
32.626034,rennes,1000,16.265816
47.928986,rennes,1000,16.108143
63.57559,rennes,1000,15.941706
78.36684,rennes,1000,15.791332
4891.4453,rennes,1000,333.0
0.024573999,rennes,1000,333.0
31.48663,rennes,1000,16.020147
47.09144,rennes,1000,15.893353
62.98799,rennes,1000,15.7683935
77.90885,rennes,1000,15.646401
4896.219,rennes,1000,333.0
0.019904,rennes,1000,333.0
30.59719,rennes,1000,15.821319
45.959236,rennes,1000,15.69836
61.573746,rennes,1000,15.570594
76.36902,rennes,1000,15.460559
4901.6895,rennes,1000,333.0
0.02761,rennes,1000,333.0
32.32095,rennes,1000,16.444788
47.7034,rennes,1000,16.269201
63.37925,rennes,1000,16.08262
78.347466,rennes,1000,15.926068
4906.617,rennes,1000,333.0
0.02202,lyon,1000,333.0
28.958323,lyon,1000,14.855933
43.378586,lyon,1000,14.740642
58.131794,lyon,1000,14.625445
72.0108,lyon,1000,14.523494
4878.473,lyon,1000,333.0
0.017245,lyon,1000,333.0
28.950731,lyon,1000,14.868043
43.23556,lyon,1000,14.74014
57.858208,lyon,1000,14.621873
71.77746,lyon,1000,14.517392
4884.389,lyon,1000,333.0
0.025988,lyon,1000,333.0
29.784496,lyon,1000,14.689858
43.9591,lyon,1000,14.588641
58.72701,lyon,1000,14.488608
72.683624,lyon,1000,14.40565
4889.3486,lyon,1000,333.0
0.0228,lyon,1000,333.0
29.642433,lyon,1000,14.844226
43.87415,lyon,1000,14.716303
58.44652,lyon,1000,14.603842
72.26572,lyon,1000,14.498025
4895.559,lyon,1000,333.0
0.016014999,nancy,1000,333.0
18.400482,nancy,1000,9.577006
27.557905,nancy,1000,9.472523
36.869865,nancy,1000,9.368714
45.778656,nancy,1000,9.27659
5187.2837,nancy,1000,333.0
0.035150997,lyon,1000,333.0
29.233719,lyon,1000,15.178397
43.447647,lyon,1000,15.012277
58.1012,lyon,1000,14.857223
72.04953,lyon,1000,14.723457
4901.0557,lyon,1000,333.0
0.019472,rennes,1000,333.0
30.774752,rennes,1000,15.714264
46.01613,rennes,1000,15.620743
61.616455,rennes,1000,15.526687
76.61943,rennes,1000,15.445025
4867.828,rennes,1000,333.0
0.019837,rennes,1000,333.0
30.55254,rennes,1000,15.702307
45.588184,rennes,1000,15.584304
61.157803,rennes,1000,15.49154
76.08753,rennes,1000,15.401296
4872.293,rennes,1000,333.0
0.01929,rennes,1000,333.0
30.97125,rennes,1000,15.810748
46.314686,rennes,1000,15.703324
61.66139,rennes,1000,15.571146
76.53427,rennes,1000,15.476212
4876.927,rennes,1000,333.0
0.023566,rennes,1000,333.0
30.730207,rennes,1000,15.727131
45.961945,rennes,1000,15.621422
61.44723,rennes,1000,15.510102
76.2372,rennes,1000,15.413333
4881.936,rennes,1000,333.0
0.023425,rennes,1000,333.0
31.006989,rennes,1000,15.6258545
46.275978,rennes,1000,15.538887
61.731518,rennes,1000,15.429642
76.46207,rennes,1000,15.334186
4887.2363,rennes,1000,333.0
0.019947,nantes,1000,333.0
34.32501,nantes,1000,17.462805
51.24185,nantes,1000,17.353333
68.79002,nantes,1000,17.251848
85.50626,nantes,1000,17.166864
4829.9463,nantes,1000,333.0
0.019663999,nantes,1000,333.0
34.080097,nantes,1000,17.385801
51.062622,nantes,1000,17.277416
68.349625,nantes,1000,17.180588
84.8451,nantes,1000,17.086712
4836.302,nantes,1000,333.0
0.026313001,nantes,1000,333.0
34.145554,nantes,1000,17.473396
51.33812,nantes,1000,17.370598
68.809975,nantes,1000,17.258696
85.44781,nantes,1000,17.162796
4842.2563,nantes,1000,333.0
0.033547,nantes,1000,333.0
34.687855,nantes,1000,17.813084
51.585335,nantes,1000,17.66338
69.147964,nantes,1000,17.519188
85.60009,nantes,1000,17.378061
4849.0674,nantes,1000,333.0
0.015058,nancy,1000,333.0
18.370363,nancy,1000,9.558631
27.402384,nancy,1000,9.466689
36.521435,nancy,1000,9.357946
45.14802,nancy,1000,9.2480755
5191.3276,nancy,1000,333.0
0.031611003,nantes,1000,333.0
34.245758,nantes,1000,17.457611
51.213497,nantes,1000,17.347996
68.71041,nantes,1000,17.243736
85.22418,nantes,1000,17.144215
4854.812,nantes,1000,333.0
0.014481,nancy,1000,333.0
45.331234,nancy,1000,9.485139
54.545265,nancy,1000,9.369983
64.17686,nancy,1000,9.269
72.8586,nancy,1000,9.177233
4925.326,nancy,1000,333.0
0.015682,nancy,1000,333.0
47.2191,nancy,1000,9.428226
56.067764,nancy,1000,9.32896
65.048584,nancy,1000,9.215612
73.698235,nancy,1000,9.135974
4928.91,nancy,1000,333.0
0.014436,nancy,1000,333.0
44.097027,nancy,1000,35.231388
53.0869,nancy,1000,31.89532
62.482117,nancy,1000,28.976633
71.17634,nancy,1000,26.421732
4932.846,nancy,1000,333.0
0.016785,nancy,1000,333.0
46.515903,nancy,1000,37.682014
55.99141,nancy,1000,34.06316
65.01941,nancy,1000,30.866957
73.7612,nancy,1000,28.0819
4936.8022,nancy,1000,333.0
0.019524999,nancy,1000,333.0
48.354088,nancy,1000,39.695976
57.683914,nancy,1000,35.81683
67.28164,nancy,1000,32.40957
75.87866,nancy,1000,29.422312
4940.311,nancy,1000,333.0
0.019297,rennes,1000,333.0
31.3575,rennes,1000,16.26654
46.63029,rennes,1000,16.102617
62.183872,rennes,1000,15.939535
77.02627,rennes,1000,15.795653
4850.9116,rennes,1000,333.0
0.022549,rennes,1000,333.0
30.999023,rennes,1000,15.763752
46.214897,rennes,1000,15.65926
61.842064,rennes,1000,15.559878
76.68849,rennes,1000,15.461196
4855.593,rennes,1000,333.0
0.018904,rennes,1000,333.0
30.738579,rennes,1000,15.735643
46.03417,rennes,1000,15.64193
61.955994,rennes,1000,15.54004
76.83587,rennes,1000,15.450718
4860.4624,rennes,1000,333.0
0.02255,rennes,1000,333.0
31.367641,rennes,1000,15.693844
46.65552,rennes,1000,15.598869
62.21829,rennes,1000,15.498416
77.11499,rennes,1000,15.415082
4864.9385,rennes,1000,333.0
0.026162999,lyon,1000,333.0
29.083307,lyon,1000,14.914538
43.367264,lyon,1000,14.797926
58.314255,lyon,1000,14.691661
72.218575,lyon,1000,14.579316
4984.97,lyon,1000,333.0
0.016783,nancy,1000,333.0
18.824533,nancy,1000,10.057104
27.942598,nancy,1000,9.881958
37.058495,nancy,1000,9.715234
45.59995,nancy,1000,9.562635
5059.614,nancy,1000,333.0
0.020227,rennes,1000,333.0
35.125107,rennes,1000,19.976908
50.433617,rennes,1000,19.343405
66.08948,rennes,1000,18.763952
81.00894,rennes,1000,18.27292
4851.299,rennes,1000,333.0
0.017475,rennes,1000,333.0
54.94113,rennes,1000,39.10097
70.5709,rennes,1000,36.103664
86.39939,rennes,1000,33.440987
101.20502,rennes,1000,31.10472
4978.7207,rennes,1000,333.0
0.016349,rennes,1000,333.0
30.76374,rennes,1000,15.835395
45.935104,rennes,1000,15.717723
61.505863,rennes,1000,15.60474
76.26785,rennes,1000,15.4925785
4983.44,rennes,1000,333.0
0.023534,rennes,1000,333.0
30.902355,rennes,1000,15.777318
46.175434,rennes,1000,15.674788
61.700855,rennes,1000,15.56834
76.59532,rennes,1000,15.46896
4988.149,rennes,1000,333.0
0.018573001,rennes,1000,333.0
30.590313,rennes,1000,15.642168
45.746197,rennes,1000,15.545272
61.522484,rennes,1000,15.459493
76.512985,rennes,1000,15.381992
4993.5073,rennes,1000,333.0
0.027404,rennes,1000,333.0
31.415585,rennes,1000,16.295673
46.79333,rennes,1000,16.131428
62.292152,rennes,1000,15.96007
77.19683,rennes,1000,15.813522
4998.0273,rennes,1000,333.0
0.022316001,nantes,1000,333.0
35.03488,nantes,1000,17.384764
52.1243,nantes,1000,17.299517
69.80049,nantes,1000,17.20326
86.44215,nantes,1000,17.124561
4925.3564,nantes,1000,333.0
0.026015999,nantes,1000,333.0
37.68385,nantes,1000,18.99276
54.502865,nantes,1000,18.685207
71.89541,nantes,1000,18.416988
88.433426,nantes,1000,18.174673
4930.669,nantes,1000,333.0
0.025092,nantes,1000,333.0
35.198986,nantes,1000,18.448822
52.25559,nantes,1000,18.210234
69.630806,nantes,1000,17.990154
86.358536,nantes,1000,17.814447
4936.3794,nantes,1000,333.0
0.028685002,nantes,1000,333.0
40.49604,nantes,1000,20.175165
57.40564,nantes,1000,19.721325
74.71574,nantes,1000,19.315226
91.28162,nantes,1000,18.961664
4942.4805,nantes,1000,333.0
0.020044,lyon,1000,333.0
29.012407,lyon,1000,14.970264
43.19887,lyon,1000,14.837621
58.17825,lyon,1000,14.712663
71.95147,lyon,1000,14.587786
4991.0137,lyon,1000,333.0
0.036656003,nantes,1000,333.0
45.013016,nantes,1000,18.687572
62.14877,nantes,1000,18.417015
79.64322,nantes,1000,18.18067
96.21672,nantes,1000,17.96232
4948.5073,nantes,1000,333.0
0.026846,nantes,1000,333.0
62.648968,nantes,1000,45.419075
79.57482,nantes,1000,41.819565
97.089554,nantes,1000,38.655247
113.647896,nantes,1000,35.88477
4906.5645,nantes,1000,333.0
0.024205,nantes,1000,333.0
64.77401,nantes,1000,48.201916
81.58315,nantes,1000,44.24169
98.883385,nantes,1000,40.77052
115.51671,nantes,1000,37.73619
4912.6255,nantes,1000,333.0
0.032529,nantes,1000,333.0
35.52795,nantes,1000,17.477812
52.458145,nantes,1000,17.370068
70.07852,nantes,1000,17.271553
86.68061,nantes,1000,17.170597
4918.324,nantes,1000,333.0
0.026759,nantes,1000,333.0
35.365097,nantes,1000,17.294653
52.194,nantes,1000,17.194965
69.38556,nantes,1000,17.086142
86.03987,nantes,1000,17.014967
4924.7417,nantes,1000,333.0
0.041495,nantes,1000,333.0
35.802425,nantes,1000,17.374584
52.99617,nantes,1000,17.27902
70.55976,nantes,1000,17.17825
87.1707,nantes,1000,17.090216
4930.362,nantes,1000,333.0
0.0147359995,nancy,1000,333.0
18.830595,nancy,1000,9.963506
27.985252,nancy,1000,9.808583
37.445293,nancy,1000,9.666646
46.215042,nancy,1000,9.536225
5035.319,nancy,1000,333.0
0.015509,nancy,1000,333.0
18.407606,nancy,1000,9.530073
27.325584,nancy,1000,9.417913
36.720383,nancy,1000,9.312893
45.35104,nancy,1000,9.21415
5039.0146,nancy,1000,333.0
0.01421,nancy,1000,333.0
18.947643,nancy,1000,10.174906
28.487164,nancy,1000,10.003263
37.755135,nancy,1000,9.8197155
46.467865,nancy,1000,9.660831
5043.082,nancy,1000,333.0
0.01694,nancy,1000,333.0
18.160254,nancy,1000,9.429314
27.616402,nancy,1000,9.343232
36.75548,nancy,1000,9.250738
45.432076,nancy,1000,9.1696415
5046.993,nancy,1000,333.0
0.020937,lyon,1000,333.0
28.96543,lyon,1000,14.863221
43.228012,lyon,1000,14.741741
57.885757,lyon,1000,14.626101
71.84257,lyon,1000,14.525324
4996.2944,lyon,1000,333.0
0.019197,nancy,1000,333.0
18.248253,nancy,1000,9.613962
27.211197,nancy,1000,9.4703
36.508503,nancy,1000,9.334601
45.027374,nancy,1000,9.220382
5050.9004,nancy,1000,333.0
0.040113,lyon,1000,333.0
30.666288,lyon,1000,15.251071
44.879356,lyon,1000,15.081439
59.633347,lyon,1000,14.927684
73.53844,lyon,1000,14.791357
4921.902,lyon,1000,333.0
0.020033,lyon,1000,333.0
30.028696,lyon,1000,14.833689
44.18035,lyon,1000,14.713745
58.91264,lyon,1000,14.607447
72.87784,lyon,1000,14.510849
4928.5195,lyon,1000,333.0
0.028488,lyon,1000,333.0
30.97322,lyon,1000,16.873268
45.192116,lyon,1000,16.504871
59.98219,lyon,1000,16.175755
73.91638,lyon,1000,15.88728
4933.5405,lyon,1000,333.0
0.041796,lyon,1000,333.0
33.533863,lyon,1000,15.447592
47.951397,lyon,1000,15.257326
62.791004,lyon,1000,15.076876
76.58851,lyon,1000,14.909269
4940.0522,lyon,1000,333.0
0.036426,lyon,1000,333.0
38.34822,lyon,1000,14.653093
52.65381,lyon,1000,14.553199
67.375786,lyon,1000,14.4615755
81.26652,lyon,1000,14.3734255
4945.7007,lyon,1000,333.0
0.022156,lyon,1000,333.0
57.796333,lyon,1000,43.70972
72.23362,lyon,1000,39.99569
86.91419,lyon,1000,36.723484
100.797226,lyon,1000,33.86019
4902.225,lyon,1000,333.0
0.022702,lyon,1000,333.0
61.42376,lyon,1000,45.138123
75.93142,lyon,1000,41.241737
90.86994,lyon,1000,37.82792
104.81821,lyon,1000,34.82526
4908.269,lyon,1000,333.0
0.020833,lyon,1000,333.0
29.746094,lyon,1000,14.9845495
44.03996,lyon,1000,14.846594
58.699215,lyon,1000,14.710809
72.71775,lyon,1000,14.606289
4913.1587,lyon,1000,333.0
0.029797,lyon,1000,333.0
32.256424,lyon,1000,14.7814865
46.53733,lyon,1000,14.674708
61.298443,lyon,1000,14.577424
75.26574,lyon,1000,14.484899
4919.2725,lyon,1000,333.0
0.028196,lyon,1000,333.0
28.918976,lyon,1000,14.787078
43.21242,lyon,1000,14.685074
58.107212,lyon,1000,14.576545
71.89815,lyon,1000,14.470568
5002.6772,lyon,1000,333.0
0.03199,lyon,1000,333.0
31.479229,lyon,1000,15.615022
45.76723,lyon,1000,15.403533
60.70276,lyon,1000,15.211522
74.68483,lyon,1000,15.040605
4925.045,lyon,1000,333.0
0.02005,rennes,1000,333.0
34.908127,rennes,1000,17.142776
50.002037,rennes,1000,16.851887
65.584076,rennes,1000,16.598766
80.48934,rennes,1000,16.370611
4926.985,rennes,1000,333.0
0.019515999,rennes,1000,333.0
31.311937,rennes,1000,16.379105
46.41455,rennes,1000,16.178967
62.08777,rennes,1000,15.9960375
76.956635,rennes,1000,15.837896
4931.5425,rennes,1000,333.0
0.025957001,rennes,1000,333.0
32.270252,rennes,1000,17.194403
47.402393,rennes,1000,16.898106
62.7639,rennes,1000,16.618347
77.8824,rennes,1000,16.413473
4936.451,rennes,1000,333.0
0.019382,rennes,1000,333.0
36.47173,rennes,1000,17.111881
51.47739,rennes,1000,16.813904
66.89914,rennes,1000,16.545515
81.76744,rennes,1000,16.326902
4941.502,rennes,1000,333.0
0.032581,rennes,1000,333.0
40.221558,rennes,1000,16.343412
55.452934,rennes,1000,16.161657
71.35962,rennes,1000,16.00529
86.294655,rennes,1000,15.864544
4946.028,rennes,1000,333.0
0.019453,nantes,1000,333.0
40.78635,nantes,1000,20.815126
57.612934,nantes,1000,20.278208
74.91892,nantes,1000,19.79506
91.41372,nantes,1000,19.365429
4860.3306,nantes,1000,333.0
0.025133,nantes,1000,333.0
48.02278,nantes,1000,21.541752
65.054886,nantes,1000,20.925192
82.45069,nantes,1000,20.375051
99.314224,nantes,1000,19.884048
4866.809,nantes,1000,333.0
0.028331,nantes,1000,333.0
55.112373,nantes,1000,23.16765
72.20363,nantes,1000,22.341988
89.707344,nantes,1000,21.610064
106.31303,nantes,1000,20.9675
4872.327,nantes,1000,333.0
0.024286,nantes,1000,333.0
61.78375,nantes,1000,22.377666
78.738914,nantes,1000,21.635983
96.02794,nantes,1000,20.986467
112.447754,nantes,1000,20.408245
4879.7246,nantes,1000,333.0
0.027253,lyon,1000,333.0
28.901651,lyon,1000,14.865276
43.203876,lyon,1000,14.749213
58.01071,lyon,1000,14.640636
71.75879,lyon,1000,14.520086
5008.232,lyon,1000,333.0
0.034217,nantes,1000,333.0
64.96365,nantes,1000,21.674528
82.06179,nantes,1000,21.040293
99.527916,nantes,1000,20.463612
116.0821,nantes,1000,19.964926
4885.2314,nantes,1000,333.0
0.019612,nantes,1000,333.0
34.145847,nantes,1000,17.411
51.036003,nantes,1000,17.308117
68.493484,nantes,1000,17.19802
85.10937,nantes,1000,17.108065
4824.177,nantes,1000,333.0
0.017521001,nantes,1000,333.0
34.533295,nantes,1000,17.229336
51.589767,nantes,1000,17.147823
69.55314,nantes,1000,17.077358
86.08913,nantes,1000,17.00073
4830.3364,nantes,1000,333.0
0.026447,nantes,1000,333.0
36.877296,nantes,1000,17.659407
53.84953,nantes,1000,17.534344
71.266464,nantes,1000,17.40616
87.88948,nantes,1000,17.294964
4835.491,nantes,1000,333.0
0.032648,nantes,1000,333.0
39.245014,nantes,1000,17.455976
56.310036,nantes,1000,17.353397
73.49585,nantes,1000,17.235285
90.13666,nantes,1000,17.144085
4842.031,nantes,1000,333.0
0.028202,nantes,1000,333.0
34.966923,nantes,1000,17.570892
51.90253,nantes,1000,17.43841
69.30894,nantes,1000,17.311209
85.93975,nantes,1000,17.213596
4848.041,nantes,1000,333.0
0.025575,lyon,1000,333.0
44.223385,lyon,1000,17.815617
58.56655,lyon,1000,17.328377
73.35143,lyon,1000,16.893852
87.352066,lyon,1000,16.513851
4866.5493,lyon,1000,333.0
0.021124,lyon,1000,333.0
48.831944,lyon,1000,16.27685
62.995686,lyon,1000,15.978202
77.73456,lyon,1000,15.71152
91.67003,lyon,1000,15.473204
4872.752,lyon,1000,333.0
0.02874,lyon,1000,333.0
57.119167,lyon,1000,19.3448
71.41214,lyon,1000,18.669857
86.216805,lyon,1000,18.061792
100.02048,lyon,1000,17.52089
4877.963,lyon,1000,333.0
0.032204,lyon,1000,333.0
58.257195,lyon,1000,15.432698
72.71312,lyon,1000,15.259997
87.32875,lyon,1000,15.078228
101.17112,lyon,1000,14.916213
4884.526,lyon,1000,333.0
0.012894999,nancy,1000,333.0
18.53601,nancy,1000,9.663977
27.543404,nancy,1000,9.531022
36.768127,nancy,1000,9.413455
45.506744,nancy,1000,9.310202
5043.444,nancy,1000,333.0
0.040251,lyon,1000,333.0
57.830864,lyon,1000,14.774897
72.37843,lyon,1000,14.67979
87.327736,lyon,1000,14.575409
101.19664,lyon,1000,14.478087
4889.88,lyon,1000,333.0
0.014109001,nancy,1000,333.0
39.592403,nancy,1000,10.972894
48.47243,nancy,1000,10.685216
57.59424,nancy,1000,10.423664
66.194374,nancy,1000,10.18962
4945.974,nancy,1000,333.0
0.015686,nancy,1000,333.0
42.146152,nancy,1000,10.225202
51.18898,nancy,1000,10.027225
60.25227,nancy,1000,9.822117
68.97118,nancy,1000,9.664853
4950.146,nancy,1000,333.0
0.014606,nancy,1000,333.0
37.355053,nancy,1000,28.479057
46.397312,nancy,1000,26.008886
55.662888,nancy,1000,23.832682
64.35178,nancy,1000,21.926998
4954.0645,nancy,1000,333.0
0.017181,nancy,1000,333.0
40.620827,nancy,1000,31.786871
50.13123,nancy,1000,28.90994
59.498398,nancy,1000,26.363726
68.189285,nancy,1000,24.147268
4958.1113,nancy,1000,333.0
0.018066999,nancy,1000,333.0
18.271526,nancy,1000,9.513388
27.811235,nancy,1000,9.421988
37.21147,nancy,1000,9.314735
45.761208,nancy,1000,9.212872
4961.9346,nancy,1000,333.0
0.013046999,nancy,1000,333.0
18.907665,nancy,1000,10.04596
28.413961,nancy,1000,9.885595
37.709175,nancy,1000,9.744409
46.451736,nancy,1000,9.600784
4961.7026,nancy,1000,333.0
0.014446,nancy,1000,333.0
18.797796,nancy,1000,10.021034
27.840467,nancy,1000,9.858064
37.32576,nancy,1000,9.7000885
46.044567,nancy,1000,9.557622
4965.1484,nancy,1000,333.0
0.014466,nancy,1000,333.0
19.238888,nancy,1000,10.495108
28.398216,nancy,1000,10.282494
37.84167,nancy,1000,10.066422
46.538048,nancy,1000,9.885697
4968.933,nancy,1000,333.0
0.016811,nancy,1000,333.0
18.241285,nancy,1000,9.567642
27.258326,nancy,1000,9.457626
36.282627,nancy,1000,9.334963
44.857048,nancy,1000,9.231075
4972.8403,nancy,1000,333.0
0.016187,nancy,1000,333.0
19.310322,nancy,1000,10.452115
28.347412,nancy,1000,10.228725
37.458694,nancy,1000,10.018878
46.175095,nancy,1000,9.836463
5047.272,nancy,1000,333.0
0.016917,nancy,1000,333.0
18.211802,nancy,1000,9.476206
27.580734,nancy,1000,9.383058
36.75356,nancy,1000,9.2866955
45.440353,nancy,1000,9.198006
4976.864,nancy,1000,333.0
0.02046,rennes,1000,333.0
59.432213,rennes,1000,15.801912
74.73574,rennes,1000,15.704902
90.38076,rennes,1000,15.590851
105.22898,rennes,1000,15.488778
4886.569,rennes,1000,333.0
0.017316,rennes,1000,333.0
60.610878,rennes,1000,16.3933
75.870285,rennes,1000,16.21676
91.616745,rennes,1000,16.0536
106.57731,rennes,1000,15.9005575
4891.096,rennes,1000,333.0
0.020357,rennes,1000,333.0
55.62965,rennes,1000,39.77422
70.70011,rennes,1000,36.641186
86.1249,rennes,1000,33.90034
100.81576,rennes,1000,31.492315
4895.874,rennes,1000,333.0
0.026681,rennes,1000,333.0
58.702133,rennes,1000,43.595345
74.239624,rennes,1000,40.024223
89.785866,rennes,1000,36.87322
104.681694,rennes,1000,34.11453
4900.571,rennes,1000,333.0
0.023459999,rennes,1000,333.0
60.291813,rennes,1000,44.7036
75.57076,rennes,1000,40.986473
91.38728,rennes,1000,37.71635
106.26422,rennes,1000,34.845127
4905.5938,rennes,1000,333.0
0.024106001,lyon,1000,333.0
40.58164,lyon,1000,18.528532
54.80015,lyon,1000,17.950346
69.44749,lyon,1000,17.432241
83.23539,lyon,1000,16.96458
4862.2617,lyon,1000,333.0
0.024509,lyon,1000,333.0
45.31145,lyon,1000,17.077057
59.482765,lyon,1000,16.678553
74.22624,lyon,1000,16.326017
88.191956,lyon,1000,16.014774
4868.518,lyon,1000,333.0
0.030298999,lyon,1000,333.0
48.890625,lyon,1000,15.450735
63.260242,lyon,1000,15.247561
77.83227,lyon,1000,15.048178
91.50447,lyon,1000,14.867752
4873.637,lyon,1000,333.0
0.053968,lyon,1000,333.0
54.91453,lyon,1000,15.43084
69.19799,lyon,1000,15.243797
83.96734,lyon,1000,15.066048
97.899574,lyon,1000,14.906087
4880.4595,lyon,1000,333.0
0.017893,nancy,1000,333.0
18.128334,nancy,1000,9.428556
27.528152,nancy,1000,9.33078
36.919567,nancy,1000,9.221881
45.626637,nancy,1000,9.117255
5051.475,nancy,1000,333.0
0.037662,lyon,1000,333.0
57.28093,lyon,1000,14.882614
71.908356,lyon,1000,14.765655
86.55055,lyon,1000,14.647206
100.311554,lyon,1000,14.526795
4885.9785,lyon,1000,333.0
0.022235999,rennes,1000,333.0
61.128006,rennes,1000,15.6101885
76.49029,rennes,1000,15.52109
92.22181,rennes,1000,15.429923
107.02626,rennes,1000,15.335417
4892.367,rennes,1000,333.0
0.020175999,rennes,1000,333.0
55.66482,rennes,1000,40.55246
70.89945,rennes,1000,37.34894
86.79745,rennes,1000,34.535122
101.713326,rennes,1000,32.073048
4896.815,rennes,1000,333.0
0.019611,rennes,1000,333.0
58.614754,rennes,1000,43.61731
73.9174,rennes,1000,40.02752
89.57343,rennes,1000,36.884575
104.4949,rennes,1000,34.122738
4901.55,rennes,1000,333.0
0.026085999,rennes,1000,333.0
59.870075,rennes,1000,44.77071
75.284676,rennes,1000,41.033535
91.0751,rennes,1000,37.755394
105.92547,rennes,1000,34.884056
4905.904,rennes,1000,333.0
0.023807,rennes,1000,333.0
30.848608,rennes,1000,15.772654
46.295197,rennes,1000,15.655449
61.771534,rennes,1000,15.536981
76.59393,rennes,1000,15.4396
4910.9927,rennes,1000,333.0
0.024053,nantes,1000,333.0
34.27925,nantes,1000,17.551577
51.16724,nantes,1000,17.4203
68.909615,nantes,1000,17.307516
85.459175,nantes,1000,17.204124
4805.584,nantes,1000,333.0
0.023133,nantes,1000,333.0
34.205368,nantes,1000,17.459473
51.09696,nantes,1000,17.352104
68.44542,nantes,1000,17.243357
85.041954,nantes,1000,17.152102
4811.6606,nantes,1000,333.0
0.02334,nantes,1000,333.0
34.743702,nantes,1000,17.52534
51.77441,nantes,1000,17.407833
69.34694,nantes,1000,17.306236
85.96666,nantes,1000,17.21214
4817.6616,nantes,1000,333.0
0.026557,nantes,1000,333.0
35.172222,nantes,1000,18.43087
51.957645,nantes,1000,18.17895
69.286316,nantes,1000,17.975798
85.83738,nantes,1000,17.78907
4824.1504,nantes,1000,333.0
0.013859,nancy,1000,333.0
18.30508,nancy,1000,9.5205
27.566442,nancy,1000,9.420403
36.807064,nancy,1000,9.320275
45.387447,nancy,1000,9.221642
5055.4307,nancy,1000,333.0
0.032253,nantes,1000,333.0
34.593254,nantes,1000,17.73203
51.68661,nantes,1000,17.585344
69.05233,nantes,1000,17.44042
85.61183,nantes,1000,17.312185
4829.538,nantes,1000,333.0
0.016307,nancy,1000,333.0
28.172876,nancy,1000,11.309504
37.65676,nancy,1000,10.989001
47.114628,nancy,1000,10.679066
55.899994,nancy,1000,10.422039
4933.4937,nancy,1000,333.0
0.014316,nancy,1000,333.0
32.61782,nancy,1000,12.07066
41.46254,nancy,1000,11.6337595
50.8563,nancy,1000,11.246384
59.55754,nancy,1000,10.908957
4937.183,nancy,1000,333.0
0.014931,nancy,1000,333.0
37.39359,nancy,1000,12.798416
46.2947,nancy,1000,12.283518
55.54611,nancy,1000,11.823573
64.26376,nancy,1000,11.417203
4941.1523,nancy,1000,333.0
0.016471,nancy,1000,333.0
38.14204,nancy,1000,10.235896
47.602573,nancy,1000,10.045249
56.837265,nancy,1000,9.862212
65.40882,nancy,1000,9.686026
4945.3467,nancy,1000,333.0
0.021556,nancy,1000,333.0
40.69991,nancy,1000,9.599343
49.71455,nancy,1000,9.481185
59.079487,nancy,1000,9.379361
67.86661,nancy,1000,9.286997
4949.4756,nancy,1000,333.0
0.022201,rennes,1000,333.0
31.234434,rennes,1000,15.738333
46.662415,rennes,1000,15.627695
62.2239,rennes,1000,15.521583
77.048355,rennes,1000,15.41685
4831.619,rennes,1000,333.0
0.022393,rennes,1000,333.0
35.332424,rennes,1000,15.882949
50.56967,rennes,1000,15.762722
66.1981,rennes,1000,15.649901
81.14323,rennes,1000,15.545517
4836.4634,rennes,1000,333.0
0.027170999,rennes,1000,333.0
34.19347,rennes,1000,15.936911
49.496944,rennes,1000,15.809786
65.34857,rennes,1000,15.689865
80.35617,rennes,1000,15.587384
4841.661,rennes,1000,333.0
0.021094,rennes,1000,333.0
32.0021,rennes,1000,15.950067
47.25206,rennes,1000,15.824253
62.850475,rennes,1000,15.7017765
77.74663,rennes,1000,15.585069
4846.4404,rennes,1000,333.0
0.033283,lyon,1000,333.0
28.860767,lyon,1000,14.788769
43.26105,lyon,1000,14.680846
58.187096,lyon,1000,14.579985
72.07658,lyon,1000,14.47649
5081.6235,lyon,1000,333.0
0.019172,nancy,1000,333.0
18.659588,nancy,1000,9.829134
27.936722,nancy,1000,9.693908
37.382862,nancy,1000,9.562226
46.19432,nancy,1000,9.449086
5173.831,nancy,1000,333.0
0.022754,rennes,1000,333.0
30.59575,rennes,1000,15.655846
46.03937,rennes,1000,15.565621
61.728092,rennes,1000,15.464316
76.58468,rennes,1000,15.380172
4899.9556,rennes,1000,333.0
0.034153,rennes,1000,333.0
31.168493,rennes,1000,15.871281
46.421696,rennes,1000,15.758892
62.10419,rennes,1000,15.644705
77.0425,rennes,1000,15.545077
5086.362,rennes,1000,333.0
0.022131,rennes,1000,333.0
30.582644,rennes,1000,15.719332
45.800343,rennes,1000,15.621361
61.428253,rennes,1000,15.5122795
76.319664,rennes,1000,15.417642
5091.356,rennes,1000,333.0
0.022426,rennes,1000,333.0
30.76903,rennes,1000,15.774039
46.181915,rennes,1000,15.673468
61.95337,rennes,1000,15.568
76.850006,rennes,1000,15.476093
5095.987,rennes,1000,333.0
0.024274,rennes,1000,333.0
30.833103,rennes,1000,15.771909
46.289616,rennes,1000,15.659385
61.90236,rennes,1000,15.556868
76.93984,rennes,1000,15.472387
5100.543,rennes,1000,333.0
0.032219,rennes,1000,333.0
30.85822,rennes,1000,15.829229
46.053852,rennes,1000,15.707731
61.754192,rennes,1000,15.605442
76.76519,rennes,1000,15.513798
5105.0806,rennes,1000,333.0
0.045598,nantes,1000,333.0
58.29066,nantes,1000,22.976034
75.204346,nantes,1000,22.182505
92.75182,nantes,1000,21.478256
109.25335,nantes,1000,20.84866
5034.829,nantes,1000,333.0
0.01846,nantes,1000,333.0
56.1383,nantes,1000,17.54995
73.30216,nantes,1000,17.440872
90.87016,nantes,1000,17.338945
107.49398,nantes,1000,17.24206
5040.431,nantes,1000,333.0
0.027283,nantes,1000,333.0
47.55272,nantes,1000,30.534605
64.31138,nantes,1000,28.774332
81.68147,nantes,1000,27.235315
98.25101,nantes,1000,25.892656
5045.5034,nantes,1000,333.0
0.032903,nantes,1000,333.0
53.17225,nantes,1000,35.58714
70.082756,nantes,1000,33.20682
87.55434,nantes,1000,31.120457
104.15581,nantes,1000,29.288515
5052.7046,nantes,1000,333.0
0.021986,lyon,1000,333.0
28.84168,lyon,1000,14.803027
43.10037,lyon,1000,14.6844845
57.691536,lyon,1000,14.567458
71.49148,lyon,1000,14.464393
5087.578,lyon,1000,333.0
0.029233001,nantes,1000,333.0
55.49152,nantes,1000,38.638557
72.56203,nantes,1000,35.896782
89.919,nantes,1000,33.46579
106.439926,nantes,1000,31.338793
5058.1846,nantes,1000,333.0
0.025067,nantes,1000,333.0
39.59303,nantes,1000,22.907623
56.642075,nantes,1000,22.105824
74.038414,nantes,1000,21.385952
90.437744,nantes,1000,20.754124
5014.592,nantes,1000,333.0
0.035422,nantes,1000,333.0
47.72317,nantes,1000,24.454435
64.91179,nantes,1000,23.469873
82.250824,nantes,1000,22.60926
98.82921,nantes,1000,21.839205
5021.1562,nantes,1000,333.0
0.021325,nantes,1000,333.0
52.024593,nantes,1000,23.652287
69.01271,nantes,1000,22.776936
86.48303,nantes,1000,21.990376
102.956436,nantes,1000,21.292057
5026.2705,nantes,1000,333.0
0.025564998,nantes,1000,333.0
56.903824,nantes,1000,22.956053
74.08604,nantes,1000,22.173946
91.5095,nantes,1000,21.475021
108.05458,nantes,1000,20.84264
5032.539,nantes,1000,333.0
0.033183,nantes,1000,333.0
55.361607,nantes,1000,18.401236
72.427864,nantes,1000,18.187014
90.18381,nantes,1000,17.983614
106.74312,nantes,1000,17.796305
5038.058,nantes,1000,333.0
0.028482,nancy,1000,333.0
18.483421,nancy,1000,9.629108
27.959013,nancy,1000,9.516519
37.16071,nancy,1000,9.406062
45.874874,nancy,1000,9.30137
5130.423,nancy,1000,333.0
0.029520001,nancy,1000,333.0
18.392729,nancy,1000,9.582774
27.867468,nancy,1000,9.475576
37.12483,nancy,1000,9.367446
45.92303,nancy,1000,9.277574
5134.3623,nancy,1000,333.0
0.016129,nancy,1000,333.0
18.319212,nancy,1000,9.5485525
27.823376,nancy,1000,9.446503
37.020424,nancy,1000,9.338854
45.688946,nancy,1000,9.236606
5138.548,nancy,1000,333.0
0.017252,nancy,1000,333.0
18.407305,nancy,1000,9.521974
27.976648,nancy,1000,9.435614
37.04398,nancy,1000,9.319309
45.564213,nancy,1000,9.212935
5142.8184,nancy,1000,333.0
0.023802001,lyon,1000,333.0
28.964497,lyon,1000,14.857892
43.220524,lyon,1000,14.730463
58.11805,lyon,1000,14.61994
72.02384,lyon,1000,14.513396
5092.6924,lyon,1000,333.0
0.021496,nancy,1000,333.0
18.184225,nancy,1000,9.482371
27.246283,nancy,1000,9.384387
36.6909,nancy,1000,9.27598
45.288414,nancy,1000,9.183007
5146.812,nancy,1000,333.0
0.025094999,lyon,1000,333.0
31.509459,lyon,1000,17.515736
45.643787,lyon,1000,17.055319
60.13071,lyon,1000,16.629036
73.88991,lyon,1000,16.254015
5011.7554,lyon,1000,333.0
0.024512999,lyon,1000,333.0
35.21141,lyon,1000,16.807243
49.678352,lyon,1000,16.453844
64.41026,lyon,1000,16.119139
78.37915,lyon,1000,15.832247
5016.174,lyon,1000,333.0
0.023194,lyon,1000,333.0
40.1996,lyon,1000,16.03684
54.399685,lyon,1000,15.765589
69.13682,lyon,1000,15.523215
83.017975,lyon,1000,15.301756
5021.9287,lyon,1000,333.0
0.024829,lyon,1000,333.0
45.298058,lyon,1000,15.245227
59.544647,lyon,1000,15.080139
74.10829,lyon,1000,14.918266
87.908585,lyon,1000,14.761904
5028.644,lyon,1000,333.0
0.039903,lyon,1000,333.0
48.38981,lyon,1000,14.737551
62.929386,lyon,1000,14.637212
78.05522,lyon,1000,14.541308
92.0194,lyon,1000,14.457292
5033.7725,lyon,1000,333.0
0.025711998,lyon,1000,333.0
31.750347,lyon,1000,14.837267
46.22697,lyon,1000,14.729141
61.0172,lyon,1000,14.617056
74.90746,lyon,1000,14.512502
4988.103,lyon,1000,333.0
0.023225,lyon,1000,333.0
36.30752,lyon,1000,14.999019
50.57434,lyon,1000,14.867452
65.363556,lyon,1000,14.718839
79.04266,lyon,1000,14.581247
4993.7925,lyon,1000,333.0
0.026628,lyon,1000,333.0
29.625818,lyon,1000,14.736399
44.124493,lyon,1000,14.636686
58.903774,lyon,1000,14.523479
72.74378,lyon,1000,14.425162
4998.998,lyon,1000,333.0
0.02978,lyon,1000,333.0
33.542496,lyon,1000,19.487263
47.767784,lyon,1000,18.788761
62.39417,lyon,1000,18.15555
76.29104,lyon,1000,17.612907
5005.24,lyon,1000,333.0
0.046425,lyon,1000,333.0
28.687124,lyon,1000,14.667243
42.915535,lyon,1000,14.559901
57.48278,lyon,1000,14.46252
71.211555,lyon,1000,14.363546
5099.7812,lyon,1000,333.0
0.033037,lyon,1000,333.0
32.393585,lyon,1000,18.27458
46.805473,lyon,1000,17.73522
61.49902,lyon,1000,17.242664
75.442924,lyon,1000,16.81214
5011.0737,lyon,1000,333.0
0.019451,rennes,1000,333.0
34.68196,rennes,1000,19.739388
50.189823,rennes,1000,19.151772
66.07285,rennes,1000,18.604357
80.89084,rennes,1000,18.124353
5005.6836,rennes,1000,333.0
0.020003,rennes,1000,333.0
37.477898,rennes,1000,22.377487
52.632084,rennes,1000,21.440004
68.286766,rennes,1000,20.618887
83.1931,rennes,1000,19.898045
5010.016,rennes,1000,333.0
0.017435001,rennes,1000,333.0
35.209885,rennes,1000,18.327835
50.305668,rennes,1000,17.881096
65.963036,rennes,1000,17.48184
80.76652,rennes,1000,17.138952
5014.6196,rennes,1000,333.0
0.019309,rennes,1000,333.0
41.731346,rennes,1000,19.948528
57.169888,rennes,1000,19.32524
72.68446,rennes,1000,18.753176
87.520615,rennes,1000,18.255568
5019.624,rennes,1000,333.0
0.037391,rennes,1000,333.0
47.35577,rennes,1000,20.58152
62.614933,rennes,1000,19.871336
78.27664,rennes,1000,19.241615
93.084274,rennes,1000,18.680464
5024.554,rennes,1000,333.0
0.030400999,nantes,1000,333.0
49.397633,nantes,1000,18.866776
66.517395,nantes,1000,18.595367
84.0977,nantes,1000,18.349272
100.74399,nantes,1000,18.119305
4959.3125,nantes,1000,333.0
0.047552,nantes,1000,333.0
51.06854,nantes,1000,17.51741
68.09426,nantes,1000,17.38909
85.58252,nantes,1000,17.266575
102.0954,nantes,1000,17.163633
4965.808,nantes,1000,333.0
0.024844,nantes,1000,333.0
53.92903,nantes,1000,17.543787
70.88903,nantes,1000,17.432497
88.315414,nantes,1000,17.317797
104.92607,nantes,1000,17.219492
4971.008,nantes,1000,333.0
0.059636,nantes,1000,333.0
47.97203,nantes,1000,31.119148
65.10467,nantes,1000,29.305841
82.55669,nantes,1000,27.711195
99.12051,nantes,1000,26.309784
4977.8394,nantes,1000,333.0
0.038658,lyon,1000,333.0
28.716139,lyon,1000,14.710173
43.133892,lyon,1000,14.612949
58.20566,lyon,1000,14.521567
72.08471,lyon,1000,14.424167
5105.204,lyon,1000,333.0
0.032449,nantes,1000,333.0
50.727646,nantes,1000,34.080585
67.67963,nantes,1000,31.89293
85.17281,nantes,1000,29.963236
101.67611,nantes,1000,28.271778
4983.7505,nantes,1000,333.0
0.020854,nantes,1000,333.0
46.817287,nantes,1000,19.67372
63.785366,nantes,1000,19.282242
81.19458,nantes,1000,18.938854
97.68604,nantes,1000,18.62439
4955.179,nantes,1000,333.0
0.028202,nantes,1000,333.0
48.38562,nantes,1000,17.570873
65.22452,nantes,1000,17.436445
82.64912,nantes,1000,17.306631
98.99746,nantes,1000,17.178064
4960.7114,nantes,1000,333.0
0.021639,nantes,1000,333.0
51.56929,nantes,1000,18.276556
68.40023,nantes,1000,18.060583
85.66141,nantes,1000,17.850883
102.17333,nantes,1000,17.667423
4966.9883,nantes,1000,333.0
0.037738,nantes,1000,333.0
44.252754,nantes,1000,27.48614
61.239254,nantes,1000,26.126505
78.74291,nantes,1000,24.90248
95.54056,nantes,1000,23.83249
4972.36,nantes,1000,333.0
0.026682999,nantes,1000,333.0
47.746807,nantes,1000,31.01079
64.670555,nantes,1000,29.206228
82.14839,nantes,1000,27.625282
98.68113,nantes,1000,26.231127
4978.4155,nantes,1000,333.0
0.026406,lyon,1000,333.0
41.095413,lyon,1000,14.88471
55.457527,lyon,1000,14.762344
70.0621,lyon,1000,14.634012
83.9342,lyon,1000,14.520565
4954.831,lyon,1000,333.0
0.02419,lyon,1000,333.0
44.767723,lyon,1000,15.18738
58.85041,lyon,1000,15.014216
73.46605,lyon,1000,14.85926
87.39859,lyon,1000,14.730255
4960.9106,lyon,1000,333.0
0.028664,lyon,1000,333.0
46.124855,lyon,1000,14.854595
60.566483,lyon,1000,14.742074
75.248604,lyon,1000,14.625272
89.1577,lyon,1000,14.526587
4965.854,lyon,1000,333.0
0.034307,lyon,1000,333.0
43.800385,lyon,1000,28.824718
58.18268,lyon,1000,26.947437
72.84554,lyon,1000,25.304585
86.79983,lyon,1000,23.86572
4972.4673,lyon,1000,333.0
0.01159,nancy,1000,333.0
18.434952,nancy,1000,9.58333
27.356909,nancy,1000,9.460833
36.549618,nancy,1000,9.345977
45.262096,nancy,1000,9.247388
5157.9463,nancy,1000,333.0
0.033012,lyon,1000,333.0
45.71873,lyon,1000,31.706575
60.02332,lyon,1000,29.486061
74.78798,lyon,1000,27.534054
88.70173,lyon,1000,25.814632
4977.856,lyon,1000,333.0
0.013699,nancy,1000,333.0
38.760853,nancy,1000,9.867327
48.251427,nancy,1000,9.725425
57.511227,nancy,1000,9.57015
66.2286,nancy,1000,9.441537
5025.082,nancy,1000,333.0
0.014248,nancy,1000,333.0
35.88042,nancy,1000,26.959461
45.108547,nancy,1000,24.671577
54.44789,nancy,1000,22.66056
63.265724,nancy,1000,20.908665
5029.015,nancy,1000,333.0
0.014473001,nancy,1000,333.0
37.604618,nancy,1000,28.827883
47.01574,nancy,1000,26.307766
56.54904,nancy,1000,24.086067
65.20523,nancy,1000,22.144943
5033.1514,nancy,1000,333.0
0.016647,nancy,1000,333.0
18.29095,nancy,1000,9.488011
27.82343,nancy,1000,9.394766
37.553204,nancy,1000,9.300306
46.34978,nancy,1000,9.218802
5037.1724,nancy,1000,333.0
0.022333,nancy,1000,333.0
18.370144,nancy,1000,9.521873
27.300175,nancy,1000,9.408922
36.739994,nancy,1000,9.3099575
45.42765,nancy,1000,9.213683
5041.255,nancy,1000,333.0
0.014449,nancy,1000,333.0
37.91529,nancy,1000,29.206806
46.757637,nancy,1000,26.625727
55.832096,nancy,1000,24.362234
64.28244,nancy,1000,22.366976
5032.761,nancy,1000,333.0
0.018778998,nancy,1000,333.0
40.195854,nancy,1000,31.419992
49.300026,nancy,1000,28.56529
59.270596,nancy,1000,26.064037
68.01083,nancy,1000,23.879255
5036.5127,nancy,1000,333.0
0.013046999,nancy,1000,333.0
18.511644,nancy,1000,9.652513
28.009571,nancy,1000,9.541258
37.982224,nancy,1000,9.410671
46.65029,nancy,1000,9.306326
5040.2354,nancy,1000,333.0
0.017533,nancy,1000,333.0
18.189167,nancy,1000,9.491166
27.095875,nancy,1000,9.386312
36.291275,nancy,1000,9.28049
44.77909,nancy,1000,9.169765
5044.2305,nancy,1000,333.0
0.012688001,nancy,1000,333.0
18.39099,nancy,1000,9.55381
27.884672,nancy,1000,9.454188
37.159824,nancy,1000,9.342569
45.926407,nancy,1000,9.25111
5161.7676,nancy,1000,333.0
0.019398,nancy,1000,333.0
18.323555,nancy,1000,9.543264
27.561625,nancy,1000,9.424569
36.556965,nancy,1000,9.304739
45.26909,nancy,1000,9.210236
5047.841,nancy,1000,333.0
0.018561,rennes,1000,333.0
31.191832,rennes,1000,16.17407
46.495323,rennes,1000,16.029957
62.377422,rennes,1000,15.879145
77.30539,rennes,1000,15.741806
4936.1685,rennes,1000,333.0
0.018226,rennes,1000,333.0
33.44402,rennes,1000,18.396294
48.731407,rennes,1000,17.972952
64.4524,rennes,1000,17.586973
79.35601,rennes,1000,17.235533
4940.955,rennes,1000,333.0
0.029148,rennes,1000,333.0
34.688927,rennes,1000,16.533222
49.977303,rennes,1000,16.33206
65.739914,rennes,1000,16.140425
80.93178,rennes,1000,15.969673
4946.0664,rennes,1000,333.0
0.016947001,rennes,1000,333.0
40.272408,rennes,1000,17.213991
55.59514,rennes,1000,16.913612
71.11243,rennes,1000,16.644197
85.89242,rennes,1000,16.404364
4951.0674,rennes,1000,333.0
0.025506001,rennes,1000,333.0
42.88652,rennes,1000,15.73223
58.175323,rennes,1000,15.634714
73.92479,rennes,1000,15.546382
88.94816,rennes,1000,15.464891
4955.829,rennes,1000,333.0
0.02564,lyon,1000,333.0
28.91913,lyon,1000,14.80245
43.20849,lyon,1000,14.695513
58.148216,lyon,1000,14.590949
72.06802,lyon,1000,14.490913
4899.108,lyon,1000,333.0
0.019123,lyon,1000,333.0
28.615505,lyon,1000,14.753149
43.091637,lyon,1000,14.643038
57.7152,lyon,1000,14.533544
71.51338,lyon,1000,14.433214
4904.1074,lyon,1000,333.0
0.025001,lyon,1000,333.0
28.852142,lyon,1000,14.833744
43.044743,lyon,1000,14.704389
57.64312,lyon,1000,14.587309
71.49094,lyon,1000,14.477922
4909.7183,lyon,1000,333.0
0.026064001,lyon,1000,333.0
28.934433,lyon,1000,14.847912
43.377323,lyon,1000,14.7439575
58.009373,lyon,1000,14.623985
71.958206,lyon,1000,14.522149
4916.1074,lyon,1000,333.0
0.014475,nancy,1000,333.0
18.136572,nancy,1000,9.356557
27.137808,nancy,1000,9.266996
36.23434,nancy,1000,9.178862
44.80935,nancy,1000,9.084977
5165.6626,nancy,1000,333.0
0.027148,lyon,1000,333.0
29.19076,lyon,1000,14.7667885
43.52908,lyon,1000,14.667764
58.577618,lyon,1000,14.57449
72.44368,lyon,1000,14.470343
4921.8853,lyon,1000,333.0
0.01849,rennes,1000,333.0
31.106441,rennes,1000,15.752224
46.328674,rennes,1000,15.651541
62.19818,rennes,1000,15.552722
77.18105,rennes,1000,15.465434
4922.754,rennes,1000,333.0
0.019419,rennes,1000,333.0
32.59043,rennes,1000,15.929667
47.670376,rennes,1000,15.788119
63.18728,rennes,1000,15.659393
78.06084,rennes,1000,15.552351
4927.173,rennes,1000,333.0
0.024473,rennes,1000,333.0
31.756182,rennes,1000,15.793443
46.964592,rennes,1000,15.6733465
62.5517,rennes,1000,15.567894
77.33595,rennes,1000,15.463135
4932.055,rennes,1000,333.0
0.020012999,rennes,1000,333.0
31.04795,rennes,1000,15.903698
46.38903,rennes,1000,15.789456
61.852924,rennes,1000,15.662016
76.78674,rennes,1000,15.553746
4936.723,rennes,1000,333.0
0.027169,rennes,1000,333.0
32.44233,rennes,1000,17.44304
47.82948,rennes,1000,17.13273
63.441128,rennes,1000,16.844416
78.404274,rennes,1000,16.59227
4941.387,rennes,1000,333.0
0.022931999,nantes,1000,333.0
34.896923,nantes,1000,17.61627
51.87728,nantes,1000,17.48639
69.43844,nantes,1000,17.36637
86.06113,nantes,1000,17.25642
4865.2124,nantes,1000,333.0
0.024155,nantes,1000,333.0
34.221363,nantes,1000,17.312885
51.17904,nantes,1000,17.221516
68.73072,nantes,1000,17.12906
85.37848,nantes,1000,17.051632
4871.4897,nantes,1000,333.0
0.024223,nantes,1000,333.0
34.127853,nantes,1000,17.571592
51.022114,nantes,1000,17.444372
68.36707,nantes,1000,17.314604
84.958015,nantes,1000,17.206074
4877.345,nantes,1000,333.0
0.03164,nantes,1000,333.0
35.41563,nantes,1000,18.669334
52.330776,nantes,1000,18.405802
70.103546,nantes,1000,18.181545
86.60484,nantes,1000,17.963789
4883.4395,nantes,1000,333.0
0.017213,nancy,1000,333.0
18.4028,nancy,1000,9.570527
27.50928,nancy,1000,9.463083
36.628376,nancy,1000,9.350126
45.236637,nancy,1000,9.250769
5169.933,nancy,1000,333.0
0.038498003,nantes,1000,333.0
34.322163,nantes,1000,17.493303
51.26234,nantes,1000,17.375652
68.79384,nantes,1000,17.250908
85.38869,nantes,1000,17.150337
4889.7007,nantes,1000,333.0
0.014808,nancy,1000,333.0
33.992104,nancy,1000,24.713968
43.531025,nancy,1000,22.714256
52.842785,nancy,1000,20.952877
61.625546,nancy,1000,19.413351
4959.8975,nancy,1000,333.0
0.012379,nancy,1000,333.0
35.264977,nancy,1000,26.52722
44.409256,nancy,1000,24.298187
54.34524,nancy,1000,22.325544
63.01643,nancy,1000,20.599724
4963.607,nancy,1000,333.0
0.01337,nancy,1000,333.0
38.4357,nancy,1000,29.605488
47.413944,nancy,1000,26.991587
56.678734,nancy,1000,24.693817
65.34015,nancy,1000,22.671288
4967.599,nancy,1000,333.0
0.016571,nancy,1000,333.0
18.384928,nancy,1000,9.550413
27.291925,nancy,1000,9.424134
37.2417,nancy,1000,9.313832
45.934967,nancy,1000,9.218058
4971.6616,nancy,1000,333.0
0.022268,nancy,1000,333.0
19.450945,nancy,1000,9.28736
28.434807,nancy,1000,9.210962
38.064873,nancy,1000,9.133555
46.577377,nancy,1000,9.037449
4975.6074,nancy,1000,333.0
0.018224,rennes,1000,333.0
31.451061,rennes,1000,15.702933
46.70677,rennes,1000,15.606357
62.184883,rennes,1000,15.502316
77.15654,rennes,1000,15.418783
4880.3384,rennes,1000,333.0
0.019352999,rennes,1000,333.0
30.71017,rennes,1000,15.748354
46.128338,rennes,1000,15.638649
61.85238,rennes,1000,15.545397
76.76692,rennes,1000,15.450241
4885.1045,rennes,1000,333.0
0.019728001,rennes,1000,333.0
30.866877,rennes,1000,15.757518
46.03288,rennes,1000,15.649362
61.698994,rennes,1000,15.555527
76.64237,rennes,1000,15.4628315
4889.586,rennes,1000,333.0
0.020504,rennes,1000,333.0
30.695732,rennes,1000,15.701114
45.812687,rennes,1000,15.588667
61.6536,rennes,1000,15.491179
76.46665,rennes,1000,15.399472
4895.333,rennes,1000,333.0
0.019945001,lyon,1000,333.0
28.630312,lyon,1000,14.6718445
43.00383,lyon,1000,14.572876
57.88048,lyon,1000,14.490662
71.79909,lyon,1000,14.40213
5056.195,lyon,1000,333.0
0.020058,nancy,1000,333.0
18.770885,nancy,1000,9.869497
28.320969,nancy,1000,9.735062
37.56071,nancy,1000,9.595857
46.257256,nancy,1000,9.465113
5145.404,nancy,1000,333.0
0.032404,rennes,1000,333.0
31.516928,rennes,1000,16.462893
46.775208,rennes,1000,16.26978
62.293564,rennes,1000,16.083462
77.01988,rennes,1000,15.906787
4879.8647,rennes,1000,333.0
0.016422,rennes,1000,333.0
30.766329,rennes,1000,15.780471
46.11412,rennes,1000,15.676377
61.850273,rennes,1000,15.566878
76.67474,rennes,1000,15.467187
5041.1895,rennes,1000,333.0
0.016369,rennes,1000,333.0
30.968712,rennes,1000,15.776077
46.46087,rennes,1000,15.66839
62.052784,rennes,1000,15.556299
77.023346,rennes,1000,15.465867
5045.6616,rennes,1000,333.0
0.021831,rennes,1000,333.0
30.650867,rennes,1000,15.666315
45.74003,rennes,1000,15.559295
61.409367,rennes,1000,15.473663
76.2747,rennes,1000,15.39082
5050.6636,rennes,1000,333.0
0.022938,rennes,1000,333.0
30.773281,rennes,1000,15.739756
46.059433,rennes,1000,15.643071
61.668404,rennes,1000,15.5491
76.4401,rennes,1000,15.445101
5055.1963,rennes,1000,333.0
0.026349,rennes,1000,333.0
30.783655,rennes,1000,15.717135
45.958164,rennes,1000,15.61053
61.55774,rennes,1000,15.515529
76.417656,rennes,1000,15.426588
5060.0366,rennes,1000,333.0
0.024075,nantes,1000,333.0
49.712547,nantes,1000,32.94009
66.535416,nantes,1000,30.877697
84.09784,nantes,1000,29.086143
100.39264,nantes,1000,27.478535
5014.0244,nantes,1000,333.0
0.039917998,nantes,1000,333.0
52.754272,nantes,1000,35.98741
69.6536,nantes,1000,33.55906
87.0561,nantes,1000,31.430428
103.64577,nantes,1000,29.567768
5020.477,nantes,1000,333.0
0.022727,nantes,1000,333.0
34.09248,nantes,1000,17.385986
50.96414,nantes,1000,17.28038
68.55938,nantes,1000,17.18548
85.240814,nantes,1000,17.11294
5026.171,nantes,1000,333.0
0.031547,nantes,1000,333.0
34.170464,nantes,1000,17.417982
51.39266,nantes,1000,17.312927
68.72376,nantes,1000,17.204172
85.333565,nantes,1000,17.112427
5033.0356,nantes,1000,333.0
0.019160999,lyon,1000,333.0
28.893206,lyon,1000,14.774183
43.13742,lyon,1000,14.660533
57.692142,lyon,1000,14.542246
71.59124,lyon,1000,14.444315
5062.4224,lyon,1000,333.0
0.073293,nantes,1000,333.0
34.453655,nantes,1000,17.59052
51.575844,nantes,1000,17.45893
69.22737,nantes,1000,17.34242
85.71323,nantes,1000,17.226524
5038.6006,nantes,1000,333.0
0.022643,nantes,1000,333.0
42.670315,nantes,1000,19.546465
59.707867,nantes,1000,19.18506
77.16371,nantes,1000,18.8512
93.84344,nantes,1000,18.561792
4985.768,nantes,1000,333.0
0.023393,nantes,1000,333.0
49.465393,nantes,1000,20.33379
66.2983,nantes,1000,19.860073
83.671555,nantes,1000,19.432056
100.24382,nantes,1000,19.0583
4991.8374,nantes,1000,333.0
0.020367999,nantes,1000,333.0
52.193947,nantes,1000,19.886642
69.118225,nantes,1000,19.474628
86.625374,nantes,1000,19.096338
103.18228,nantes,1000,18.767456
4997.6094,nantes,1000,333.0
0.02987,nantes,1000,333.0
53.915337,nantes,1000,18.31293
70.86912,nantes,1000,18.097824
88.37213,nantes,1000,17.909565
104.87824,nantes,1000,17.726267
5004.049,nantes,1000,333.0
0.033342,nantes,1000,333.0
47.070835,nantes,1000,29.389013
64.31647,nantes,1000,27.79848
81.821976,nantes,1000,26.36907
98.42715,nantes,1000,25.138496
5009.7354,nantes,1000,333.0
0.0147,nancy,1000,333.0
18.411144,nancy,1000,9.580857
27.907648,nancy,1000,9.478252
37.560284,nancy,1000,9.362662
46.20365,nancy,1000,9.254434
5093.014,nancy,1000,333.0
0.015361,nancy,1000,333.0
18.443514,nancy,1000,9.578267
27.367233,nancy,1000,9.464614
37.29979,nancy,1000,9.343075
45.859886,nancy,1000,9.227655
5096.8164,nancy,1000,333.0
0.01285,nancy,1000,333.0
18.233452,nancy,1000,9.427454
27.744436,nancy,1000,9.346446
37.101654,nancy,1000,9.2518425
45.76819,nancy,1000,9.160248
5100.4365,nancy,1000,333.0
0.015303,nancy,1000,333.0
18.277128,nancy,1000,9.403751
27.797253,nancy,1000,9.325804
37.138447,nancy,1000,9.238325
45.78442,nancy,1000,9.145874
5104.5225,nancy,1000,333.0
0.021876,lyon,1000,333.0
29.000168,lyon,1000,14.832659
43.206963,lyon,1000,14.717612
57.93638,lyon,1000,14.607842
71.79662,lyon,1000,14.503411
5067.5225,lyon,1000,333.0
0.021878999,nancy,1000,333.0
18.266302,nancy,1000,9.467071
27.788744,nancy,1000,9.378093
37.05121,nancy,1000,9.28645
45.59305,nancy,1000,9.174815
5108.6377,nancy,1000,333.0
0.019362,lyon,1000,333.0
42.201164,lyon,1000,17.905241
56.41783,lyon,1000,17.40584
71.1603,lyon,1000,16.95367
84.93767,lyon,1000,16.548304
4986.8457,lyon,1000,333.0
0.022699,lyon,1000,333.0
43.546207,lyon,1000,14.882097
57.693275,lyon,1000,14.754765
72.28969,lyon,1000,14.638535
86.203735,lyon,1000,14.53966
4992.852,lyon,1000,333.0
0.021378001,lyon,1000,333.0
45.491417,lyon,1000,14.656021
59.710266,lyon,1000,14.563817
74.624886,lyon,1000,14.47699
88.42059,lyon,1000,14.3834915
4998.37,lyon,1000,333.0
0.029344,lyon,1000,333.0
49.589645,lyon,1000,14.691207
63.99876,lyon,1000,14.596922
78.61887,lyon,1000,14.495009
92.395935,lyon,1000,14.397614
5004.863,lyon,1000,333.0
0.037173998,lyon,1000,333.0
45.12607,lyon,1000,31.101812
59.41894,lyon,1000,28.9564
74.10543,lyon,1000,27.070526
87.93916,lyon,1000,25.407284
5010.3403,lyon,1000,333.0
0.022187,lyon,1000,333.0
32.969,lyon,1000,16.322622
47.237038,lyon,1000,16.01432
62.126747,lyon,1000,15.730759
75.963936,lyon,1000,15.475774
4979.136,lyon,1000,333.0
0.021362001,lyon,1000,333.0
38.5753,lyon,1000,15.672395
52.847694,lyon,1000,15.45912
67.423225,lyon,1000,15.245989
81.32352,lyon,1000,15.069402
4985.4897,lyon,1000,333.0
0.024046,lyon,1000,333.0
42.475426,lyon,1000,14.902204
56.62596,lyon,1000,14.770414
71.393524,lyon,1000,14.65216
85.32851,lyon,1000,14.545872
4990.9634,lyon,1000,333.0
0.030774001,lyon,1000,333.0
45.245064,lyon,1000,14.751593
59.669575,lyon,1000,14.646763
74.569885,lyon,1000,14.546583
88.41712,lyon,1000,14.451491
4997.2925,lyon,1000,333.0
0.030526,lyon,1000,333.0
28.951384,lyon,1000,14.864736
43.426743,lyon,1000,14.748039
57.989464,lyon,1000,14.615412
71.988754,lyon,1000,14.520567
5074.267,lyon,1000,333.0
0.025830999,lyon,1000,333.0
48.45504,lyon,1000,15.636129
62.8998,lyon,1000,15.426993
77.66649,lyon,1000,15.221455
91.52535,lyon,1000,15.042575
5002.8374,lyon,1000,333.0
0.02204,rennes,1000,333.0
45.313717,rennes,1000,18.812424
60.560005,rennes,1000,18.318375
76.313614,rennes,1000,17.889395
91.16566,rennes,1000,17.502522
4989.0835,rennes,1000,333.0
0.019625,rennes,1000,333.0
45.884117,rennes,1000,16.456436
61.11173,rennes,1000,16.258715
76.63714,rennes,1000,16.073294
91.520775,rennes,1000,15.914738
4993.637,rennes,1000,333.0
0.022709,rennes,1000,333.0
47.73848,rennes,1000,15.872494
62.922894,rennes,1000,15.73853
78.3534,rennes,1000,15.606888
93.1837,rennes,1000,15.5018015
4998.5767,rennes,1000,333.0
0.026366001,rennes,1000,333.0
49.625736,rennes,1000,16.315649
65.02241,rennes,1000,16.138182
80.59146,rennes,1000,15.982984
95.47924,rennes,1000,15.8299675
5003.2354,rennes,1000,333.0
0.029504001,rennes,1000,333.0
45.08519,rennes,1000,29.919096
60.379745,rennes,1000,28.044014
75.93965,rennes,1000,26.389967
90.919975,rennes,1000,24.94615
5008.448,rennes,1000,333.0
0.021852,nantes,1000,333.0
39.118523,nantes,1000,19.03232
56.079037,nantes,1000,18.735176
73.60632,nantes,1000,18.460627
90.29779,nantes,1000,18.221697
4930.137,nantes,1000,333.0
0.024135001,nantes,1000,333.0
43.59425,nantes,1000,18.19078
60.41804,nantes,1000,17.9737
77.57765,nantes,1000,17.767845
94.06843,nantes,1000,17.599323
4936.2495,nantes,1000,333.0
0.027479,nantes,1000,333.0
46.75937,nantes,1000,18.180183
63.86552,nantes,1000,17.989683
81.572235,nantes,1000,17.794212
98.114746,nantes,1000,17.628305
4941.7676,nantes,1000,333.0
0.02748,nantes,1000,333.0
38.347702,nantes,1000,21.836031
55.190536,nantes,1000,21.16005
72.46354,nantes,1000,20.538363
89.049484,nantes,1000,20.03364
4948.448,nantes,1000,333.0
0.03238,lyon,1000,333.0
29.028383,lyon,1000,14.840565
43.405384,lyon,1000,14.738551
58.197582,lyon,1000,14.62516
72.15283,lyon,1000,14.524064
5079.42,lyon,1000,333.0
0.029473,nantes,1000,333.0
42.789272,nantes,1000,25.919447
59.963272,nantes,1000,24.759464
77.495674,nantes,1000,23.728807
94.24259,nantes,1000,22.837595
4953.657,nantes,1000,333.0
0.028673999,nantes,1000,333.0
34.30597,nantes,1000,17.508156
51.36901,nantes,1000,17.4059
68.86492,nantes,1000,17.302671
85.37453,nantes,1000,17.190836
4919.8057,nantes,1000,333.0
0.024237001,nantes,1000,333.0
36.40821,nantes,1000,19.474903
53.551342,nantes,1000,19.113552
70.849686,nantes,1000,18.789465
87.43318,nantes,1000,18.50602
4926.861,nantes,1000,333.0
0.025007,nantes,1000,333.0
40.291256,nantes,1000,19.023155
57.18534,nantes,1000,18.716915
74.75314,nantes,1000,18.438608
91.30414,nantes,1000,18.182339
4932.101,nantes,1000,333.0
0.034266,nantes,1000,333.0
45.53057,nantes,1000,18.241404
62.87466,nantes,1000,18.054184
80.24251,nantes,1000,17.870392
96.65661,nantes,1000,17.680605
4938.8755,nantes,1000,333.0
0.026765,nantes,1000,333.0
48.074406,nantes,1000,17.536917
65.134224,nantes,1000,17.424744
82.59929,nantes,1000,17.314283
99.208046,nantes,1000,17.216368
4944.6245,nantes,1000,333.0
0.024501,lyon,1000,333.0
33.269917,lyon,1000,15.79765
47.380665,lyon,1000,15.54798
62.102116,lyon,1000,15.335207
76.02928,lyon,1000,15.142241
4927.327,lyon,1000,333.0
0.021414,lyon,1000,333.0
37.247658,lyon,1000,15.105877
51.361626,lyon,1000,14.943255
66.249054,lyon,1000,14.80271
80.19973,lyon,1000,14.6800585
4932.9814,lyon,1000,333.0
0.066904,lyon,1000,333.0
40.741848,lyon,1000,15.029927
54.866024,lyon,1000,14.877638
69.71283,lyon,1000,14.753542
83.665436,lyon,1000,14.642276
4938.8164,lyon,1000,333.0
0.025828,lyon,1000,333.0
46.376194,lyon,1000,14.857069
60.723637,lyon,1000,14.742104
75.27545,lyon,1000,14.623998
89.10695,lyon,1000,14.515356
4945.565,lyon,1000,333.0
0.014108,nancy,1000,333.0
18.493753,nancy,1000,9.647451
27.858551,nancy,1000,9.528837
37.50495,nancy,1000,9.4085245
46.186634,nancy,1000,9.299529
5129.7056,nancy,1000,333.0
0.03889,lyon,1000,333.0
39.291122,lyon,1000,25.06387
53.957603,lyon,1000,23.678425
68.83534,lyon,1000,22.452621
82.74608,lyon,1000,21.371141
4950.834,lyon,1000,333.0
0.013029,nancy,1000,333.0
37.490948,nancy,1000,9.677948
46.38144,nancy,1000,9.534213
55.73224,nancy,1000,9.414383
64.484695,nancy,1000,9.312495
4992.328,nancy,1000,333.0
0.0144960005,nancy,1000,333.0
34.74163,nancy,1000,25.89296
43.670918,nancy,1000,23.74452
53.48268,nancy,1000,21.857962
62.150135,nancy,1000,20.19104
4996.1636,nancy,1000,333.0
0.015044,nancy,1000,333.0
36.234154,nancy,1000,27.40927
45.202335,nancy,1000,25.073404
54.37348,nancy,1000,22.9973
63.044453,nancy,1000,21.197277
5000.02,nancy,1000,333.0
0.01846,nancy,1000,333.0
18.297504,nancy,1000,9.493424
27.366602,nancy,1000,9.392569
37.025185,nancy,1000,9.28587
45.748806,nancy,1000,9.196261
5004.1416,nancy,1000,333.0
0.020308,nancy,1000,333.0
18.525476,nancy,1000,9.257715
27.900818,nancy,1000,9.187588
37.167667,nancy,1000,9.113161
45.881866,nancy,1000,9.044593
5007.9688,nancy,1000,333.0
0.013135,nancy,1000,333.0
36.110977,nancy,1000,9.647206
44.937637,nancy,1000,9.518145
54.07454,nancy,1000,9.401953
62.658085,nancy,1000,9.293905
4988.6733,nancy,1000,333.0
0.012679,nancy,1000,333.0
38.20452,nancy,1000,10.459681
47.68923,nancy,1000,10.244081
57.261246,nancy,1000,10.035274
65.960945,nancy,1000,9.859287
4992.2603,nancy,1000,333.0
0.016148001,nancy,1000,333.0
35.271088,nancy,1000,25.937384
44.17486,nancy,1000,23.775806
53.655712,nancy,1000,21.878262
62.396202,nancy,1000,20.217772
4995.7983,nancy,1000,333.0
0.014471999,nancy,1000,333.0
36.585903,nancy,1000,27.959414
45.840897,nancy,1000,25.545103
55.40147,nancy,1000,23.417372
64.140495,nancy,1000,21.563133
4999.5923,nancy,1000,333.0
0.015735,nancy,1000,333.0
18.387617,nancy,1000,9.6005
27.743345,nancy,1000,9.484013
37.744404,nancy,1000,9.372576
46.41581,nancy,1000,9.272001
5133.5166,nancy,1000,333.0
0.018199,nancy,1000,333.0
38.66468,nancy,1000,29.968437
47.923515,nancy,1000,27.309958
57.346554,nancy,1000,24.969574
66.13311,nancy,1000,22.925625
5003.277,nancy,1000,333.0
0.021651,rennes,1000,333.0
31.56554,rennes,1000,16.660074
46.93583,rennes,1000,16.434721
62.615692,rennes,1000,16.238255
77.581055,rennes,1000,16.062765
4899.8193,rennes,1000,333.0
0.02229,rennes,1000,333.0
31.349607,rennes,1000,16.273418
46.56919,rennes,1000,16.1067
62.10488,rennes,1000,15.934964
76.95212,rennes,1000,15.788471
4904.4243,rennes,1000,333.0
0.024237001,rennes,1000,333.0
33.16705,rennes,1000,15.825979
48.547943,rennes,1000,15.700039
63.9593,rennes,1000,15.57388
78.80717,rennes,1000,15.473361
4908.9243,rennes,1000,333.0
0.02091,rennes,1000,333.0
31.584564,rennes,1000,15.666993
46.78054,rennes,1000,15.562882
62.2019,rennes,1000,15.458544
76.82433,rennes,1000,15.347157
4914.0176,rennes,1000,333.0
0.031732,rennes,1000,333.0
31.173157,rennes,1000,16.194141
46.559185,rennes,1000,16.026426
62.33267,rennes,1000,15.88043
77.31408,rennes,1000,15.751658
4918.6035,rennes,1000,333.0
0.022472,lyon,1000,333.0
28.947844,lyon,1000,14.811825
43.224262,lyon,1000,14.702152
58.006725,lyon,1000,14.592758
71.91262,lyon,1000,14.494935
4866.9575,lyon,1000,333.0
0.024790999,lyon,1000,333.0
29.46466,lyon,1000,15.520379
43.69882,lyon,1000,15.32365
58.420315,lyon,1000,15.143023
72.20135,lyon,1000,14.959214
4873.1304,lyon,1000,333.0
0.028626,lyon,1000,333.0
28.950068,lyon,1000,14.841644
43.48924,lyon,1000,14.729054
58.353645,lyon,1000,14.61974
72.156105,lyon,1000,14.5086565
4878.0967,lyon,1000,333.0
0.022669999,lyon,1000,333.0
28.958263,lyon,1000,14.861924
43.203087,lyon,1000,14.743592
57.8168,lyon,1000,14.630176
71.67695,lyon,1000,14.52565
4884.7036,lyon,1000,333.0
0.014160001,nancy,1000,333.0
18.416052,nancy,1000,9.552189
27.748459,nancy,1000,9.4514
37.754852,nancy,1000,9.345167
46.409332,nancy,1000,9.233384
5137.436,nancy,1000,333.0
0.034783,lyon,1000,333.0
29.03774,lyon,1000,14.819311
43.287624,lyon,1000,14.705774
58.26692,lyon,1000,14.598645
72.0299,lyon,1000,14.486305
4889.944,lyon,1000,333.0
0.024164999,rennes,1000,333.0
30.960772,rennes,1000,15.843678
46.152557,rennes,1000,15.725425
61.724117,rennes,1000,15.6136675
76.789314,rennes,1000,15.505879
4900.0615,rennes,1000,333.0
0.031581,rennes,1000,333.0
30.893824,rennes,1000,15.800398
46.0876,rennes,1000,15.681933
61.89712,rennes,1000,15.582522
76.85454,rennes,1000,15.488241
4904.65,rennes,1000,333.0
0.021801999,rennes,1000,333.0
32.749252,rennes,1000,15.874369
48.12893,rennes,1000,15.754856
63.78825,rennes,1000,15.637777
78.73619,rennes,1000,15.535269
4909.2896,rennes,1000,333.0
0.018686,rennes,1000,333.0
31.198992,rennes,1000,15.872644
46.590626,rennes,1000,15.747907
62.35573,rennes,1000,15.636751
77.31374,rennes,1000,15.535439
4914.408,rennes,1000,333.0
0.023543,rennes,1000,333.0
30.8081,rennes,1000,15.814681
46.09956,rennes,1000,15.706662
61.635395,rennes,1000,15.592401
76.45366,rennes,1000,15.488785
4919.0327,rennes,1000,333.0
0.021978,nantes,1000,333.0
34.593914,nantes,1000,17.329561
51.45333,nantes,1000,17.231455
68.76372,nantes,1000,17.124998
85.240486,nantes,1000,17.034204
4846.386,nantes,1000,333.0
0.021088999,nantes,1000,333.0
35.129616,nantes,1000,17.491186
51.998714,nantes,1000,17.378256
69.35088,nantes,1000,17.274763
85.95208,nantes,1000,17.183186
4852.2856,nantes,1000,333.0
0.021510001,nantes,1000,333.0
34.36744,nantes,1000,17.552324
51.62824,nantes,1000,17.446808
69.06419,nantes,1000,17.338537
85.701294,nantes,1000,17.234093
4857.563,nantes,1000,333.0
0.048040003,nantes,1000,333.0
35.319195,nantes,1000,18.452862
52.248558,nantes,1000,18.211483
69.57007,nantes,1000,17.983418
86.22858,nantes,1000,17.798412
4864.446,nantes,1000,333.0
0.015151001,nancy,1000,333.0
18.23216,nancy,1000,9.489471
27.105616,nancy,1000,9.375602
36.306923,nancy,1000,9.2676115
44.95464,nancy,1000,9.1715765
5141.51,nancy,1000,333.0
0.036791,nantes,1000,333.0
34.46214,nantes,1000,17.535042
51.405437,nantes,1000,17.414345
68.7925,nantes,1000,17.309175
85.435844,nantes,1000,17.208897
4869.95,nantes,1000,333.0
0.018325,nancy,1000,333.0
29.085672,nancy,1000,20.131176
38.250248,nancy,1000,18.696264
47.53839,nancy,1000,17.405613
56.262257,nancy,1000,16.301014
4936.022,nancy,1000,333.0
0.014632,nancy,1000,333.0
31.550829,nancy,1000,22.693804
40.35212,nancy,1000,20.929554
49.43947,nancy,1000,19.374163
58.14026,nancy,1000,18.020832
4939.376,nancy,1000,333.0
0.015342001,nancy,1000,333.0
34.91889,nancy,1000,26.215727
44.04609,nancy,1000,24.008488
53.56808,nancy,1000,22.084534
62.34931,nancy,1000,20.401695
4943.5957,nancy,1000,333.0
0.01501,nancy,1000,333.0
20.274038,nancy,1000,9.44627
29.416039,nancy,1000,9.324533
39.084637,nancy,1000,9.219667
47.60104,nancy,1000,9.113567
4947.689,nancy,1000,333.0
0.021841,nancy,1000,333.0
22.30818,nancy,1000,9.574841
31.114887,nancy,1000,9.448626
40.542595,nancy,1000,9.339952
49.305573,nancy,1000,9.248265
4951.8516,nancy,1000,333.0
0.016568,rennes,1000,333.0
31.10084,rennes,1000,15.97391
46.501377,rennes,1000,15.84547
62.271816,rennes,1000,15.729429
77.07174,rennes,1000,15.6035
4861.1255,rennes,1000,333.0
0.020102,rennes,1000,333.0
30.9382,rennes,1000,15.936715
46.20049,rennes,1000,15.811047
62.17617,rennes,1000,15.695255
77.037766,rennes,1000,15.5735445
4865.4883,rennes,1000,333.0
0.0267,rennes,1000,333.0
31.047672,rennes,1000,15.871773
46.402905,rennes,1000,15.766898
62.01968,rennes,1000,15.647631
76.91446,rennes,1000,15.544549
4870.3677,rennes,1000,333.0
0.018696,rennes,1000,333.0
31.004276,rennes,1000,15.968108
46.141857,rennes,1000,15.828868
61.86512,rennes,1000,15.699996
76.83001,rennes,1000,15.590716
4875.4883,rennes,1000,333.0
0.02342,lyon,1000,333.0
29.147709,lyon,1000,14.92458
43.38604,lyon,1000,14.79715
58.135895,lyon,1000,14.681923
72.01623,lyon,1000,14.568994
5041.0146,lyon,1000,333.0
0.024656,nancy,1000,333.0
18.625587,nancy,1000,9.799025
28.15162,nancy,1000,9.66826
37.500607,nancy,1000,9.530508
46.12916,nancy,1000,9.399127
5171.301,nancy,1000,333.0
0.024538,rennes,1000,333.0
31.114563,rennes,1000,15.83731
46.321182,rennes,1000,15.717573
61.993,rennes,1000,15.606083
76.921776,rennes,1000,15.504949
4899.7476,rennes,1000,333.0
0.022197,rennes,1000,333.0
30.811287,rennes,1000,15.781965
46.17037,rennes,1000,15.6748
61.861008,rennes,1000,15.576121
76.84163,rennes,1000,15.485335
5049.416,rennes,1000,333.0
0.022271998,rennes,1000,333.0
31.313974,rennes,1000,16.299305
46.718132,rennes,1000,16.116295
62.31962,rennes,1000,15.955474
77.19839,rennes,1000,15.813876
5053.796,rennes,1000,333.0
0.020037,rennes,1000,333.0
31.405676,rennes,1000,16.321072
46.534527,rennes,1000,16.127747
62.359608,rennes,1000,15.955825
77.19348,rennes,1000,15.807752
5058.6333,rennes,1000,333.0
0.024016999,rennes,1000,333.0
30.844225,rennes,1000,15.797097
46.07964,rennes,1000,15.688445
61.441334,rennes,1000,15.559822
76.20415,rennes,1000,15.452345
5063.732,rennes,1000,333.0
0.032286,rennes,1000,333.0
30.9334,rennes,1000,15.816147
46.273857,rennes,1000,15.703483
62.160416,rennes,1000,15.59807
76.92833,rennes,1000,15.485208
5068.293,rennes,1000,333.0
0.024392,nantes,1000,333.0
48.924187,nantes,1000,18.829836
66.045555,nantes,1000,18.557667
83.799095,nantes,1000,18.298214
100.31677,nantes,1000,18.066883
5022.25,nantes,1000,333.0
0.01935,nantes,1000,333.0
50.8423,nantes,1000,17.286835
67.66646,nantes,1000,17.19368
85.0346,nantes,1000,17.107067
101.91572,nantes,1000,17.036512
5028.1284,nantes,1000,333.0
0.025298001,nantes,1000,333.0
44.307686,nantes,1000,27.558712
61.07596,nantes,1000,26.171368
78.484055,nantes,1000,24.954805
95.05004,nantes,1000,23.896236
5033.917,nantes,1000,333.0
0.035255,nantes,1000,333.0
48.359493,nantes,1000,30.392487
65.57946,nantes,1000,28.663197
82.82369,nantes,1000,27.140396
99.24733,nantes,1000,25.792109
5040.577,nantes,1000,333.0
0.020903,lyon,1000,333.0
28.97725,lyon,1000,15.009855
43.30498,lyon,1000,14.872115
57.839912,lyon,1000,14.73572
71.662346,lyon,1000,14.61441
5046.7964,lyon,1000,333.0
0.033328,nantes,1000,333.0
50.808853,nantes,1000,33.92003
67.82514,nantes,1000,31.759523
85.267075,nantes,1000,29.849482
101.898895,nantes,1000,28.187223
5046.193,nantes,1000,333.0
0.024475,nantes,1000,333.0
34.130615,nantes,1000,17.4979
51.060665,nantes,1000,17.38798
68.616104,nantes,1000,17.272957
85.23233,nantes,1000,17.181177
4997.5684,nantes,1000,333.0
0.022071999,nantes,1000,333.0
36.468052,nantes,1000,19.816904
53.45822,nantes,1000,19.428352
71.07515,nantes,1000,19.06216
87.686325,nantes,1000,18.747396
5003.65,nantes,1000,333.0
0.027272,nantes,1000,333.0
39.214367,nantes,1000,19.281387
56.103645,nantes,1000,18.938267
73.48045,nantes,1000,18.631596
89.944336,nantes,1000,18.34766
5009.461,nantes,1000,333.0
0.031144999,nantes,1000,333.0
46.835354,nantes,1000,20.07956
63.703136,nantes,1000,19.636112
81.06129,nantes,1000,19.243336
97.677704,nantes,1000,18.898432
5016.3506,nantes,1000,333.0
0.047755998,nantes,1000,333.0
50.896824,nantes,1000,20.326017
67.95823,nantes,1000,19.868885
85.49901,nantes,1000,19.452072
102.07146,nantes,1000,19.074894
5021.9287,nantes,1000,333.0
0.014929,nancy,1000,333.0
18.556042,nancy,1000,9.675683
28.152008,nancy,1000,9.573519
37.328697,nancy,1000,9.437535
46.12159,nancy,1000,9.3377
5094.869,nancy,1000,333.0
0.016167,nancy,1000,333.0
18.465439,nancy,1000,9.623962
27.457697,nancy,1000,9.502328
36.893757,nancy,1000,9.383457
45.46288,nancy,1000,9.275453
5099.0757,nancy,1000,333.0
0.01617,nancy,1000,333.0
18.044516,nancy,1000,9.396045
27.366278,nancy,1000,9.294457
36.782753,nancy,1000,9.194641
45.355865,nancy,1000,9.109976
5103.2993,nancy,1000,333.0
0.020061,nancy,1000,333.0
18.322878,nancy,1000,9.473335
27.779972,nancy,1000,9.375016
37.070354,nancy,1000,9.280411
45.8401,nancy,1000,9.198281
5107.3076,nancy,1000,333.0
0.029263,lyon,1000,333.0
30.093412,lyon,1000,15.712077
44.567886,lyon,1000,15.487143
59.408722,lyon,1000,15.285188
73.19507,lyon,1000,15.089829
5051.911,lyon,1000,333.0
0.019249002,nancy,1000,333.0
18.433508,nancy,1000,9.562088
27.477715,nancy,1000,9.445902
37.07651,nancy,1000,9.345972
45.656464,nancy,1000,9.237965
5111.3994,nancy,1000,333.0
0.019822,lyon,1000,333.0
31.843945,lyon,1000,17.805277
46.060703,lyon,1000,17.31962
60.756676,lyon,1000,16.880978
74.71504,lyon,1000,16.49754
5000.415,lyon,1000,333.0
0.022264,lyon,1000,333.0
34.096535,lyon,1000,16.924263
48.2547,lyon,1000,16.543684
62.89236,lyon,1000,16.20659
76.73269,lyon,1000,15.903495
5006.5093,lyon,1000,333.0
0.029117,lyon,1000,333.0
39.79108,lyon,1000,17.688833
54.23582,lyon,1000,17.218056
69.148026,lyon,1000,16.792233
83.06589,lyon,1000,16.424368
5011.4224,lyon,1000,333.0
0.026246,lyon,1000,333.0
41.71592,lyon,1000,14.887385
56.048233,lyon,1000,14.7614
70.65481,lyon,1000,14.646486
84.60806,lyon,1000,14.540586
5018.0117,lyon,1000,333.0
0.032392,lyon,1000,333.0
43.821472,lyon,1000,14.540957
58.10821,lyon,1000,14.461519
72.63852,lyon,1000,14.361666
86.47247,lyon,1000,14.27724
5023.657,lyon,1000,333.0
0.019532999,lyon,1000,333.0
30.076431,lyon,1000,15.438303
44.423077,lyon,1000,15.247658
59.224262,lyon,1000,15.06284
73.09368,lyon,1000,14.904475
4992.4976,lyon,1000,333.0
0.017159,lyon,1000,333.0
31.056404,lyon,1000,16.862759
45.68824,lyon,1000,16.499048
60.44238,lyon,1000,16.161716
74.32125,lyon,1000,15.867421
4998.816,lyon,1000,333.0
0.02476,lyon,1000,333.0
29.332623,lyon,1000,14.597437
43.508827,lyon,1000,14.505104
58.258694,lyon,1000,14.4119625
72.019554,lyon,1000,14.322369
5004.111,lyon,1000,333.0
0.028561,lyon,1000,333.0
36.422607,lyon,1000,15.415429
50.688824,lyon,1000,15.214065
65.614174,lyon,1000,15.045276
79.355705,lyon,1000,14.8716955
5010.381,lyon,1000,333.0
0.031232001,lyon,1000,333.0
28.874763,lyon,1000,14.767448
43.17991,lyon,1000,14.669462
57.838696,lyon,1000,14.565346
71.73531,lyon,1000,14.4655485
5058.4307,lyon,1000,333.0
0.027021,lyon,1000,333.0
40.403538,lyon,1000,14.961741
54.83343,lyon,1000,14.8413
69.555756,lyon,1000,14.704882
83.39439,lyon,1000,14.586928
5015.9185,lyon,1000,333.0
0.020863999,rennes,1000,333.0
45.114567,rennes,1000,15.686559
60.46012,rennes,1000,15.58244
76.151405,rennes,1000,15.489116
90.96483,rennes,1000,15.389113
5023.0884,rennes,1000,333.0
0.021936001,rennes,1000,333.0
1031.4005,rennes,1000,15.947392
1046.6987,rennes,1000,15.827036
1062.4331,rennes,1000,15.711882
1077.3969,rennes,1000,15.605795
5027.6875,rennes,1000,333.0
0.019459,rennes,1000,333.0
42.209747,rennes,1000,27.12706
57.516872,rennes,1000,25.607992
73.274216,rennes,1000,24.262325
88.24179,rennes,1000,23.084248
5032.6587,rennes,1000,333.0
0.027153999,rennes,1000,333.0
44.214493,rennes,1000,28.787107
59.217793,rennes,1000,27.025581
74.71012,rennes,1000,25.475037
89.50601,rennes,1000,24.124119
5037.117,rennes,1000,333.0
0.029189,rennes,1000,333.0
47.751087,rennes,1000,32.746517
62.94395,rennes,1000,30.509548
78.45241,rennes,1000,28.541555
93.18813,rennes,1000,26.800024
5042.2266,rennes,1000,333.0
0.021374,nantes,1000,333.0
47.828773,nantes,1000,24.390303
64.84045,nantes,1000,23.425411
82.1056,nantes,1000,22.52894
98.544685,nantes,1000,21.758352
4942.023,nantes,1000,333.0
0.025977,nantes,1000,333.0
53.766888,nantes,1000,24.33452
70.76194,nantes,1000,23.372807
88.29256,nantes,1000,22.507381
104.78745,nantes,1000,21.74108
4948.75,nantes,1000,333.0
0.02046,nantes,1000,333.0
51.93664,nantes,1000,19.644651
68.81237,nantes,1000,19.261316
86.103516,nantes,1000,18.901129
102.578995,nantes,1000,18.588692
4954.0024,nantes,1000,333.0
0.030187,nantes,1000,333.0
55.520645,nantes,1000,18.226948
72.61507,nantes,1000,18.038355
90.04008,nantes,1000,17.848913
106.58126,nantes,1000,17.668121
4960.6294,nantes,1000,333.0
0.02733,lyon,1000,333.0
29.02019,lyon,1000,14.854416
43.31527,lyon,1000,14.7382345
57.96531,lyon,1000,14.617643
71.8281,lyon,1000,14.514881
5064.164,lyon,1000,333.0
0.0461,nantes,1000,333.0
46.998554,nantes,1000,30.198298
64.08642,nantes,1000,28.492477
81.238434,nantes,1000,26.971685
97.75986,nantes,1000,25.653618
4966.3643,nantes,1000,333.0
0.023431,nantes,1000,333.0
53.770485,nantes,1000,18.998198
70.8206,nantes,1000,18.715422
88.11595,nantes,1000,18.422739
104.618515,nantes,1000,18.172997
4956.588,nantes,1000,333.0
0.073416,nantes,1000,333.0
43.927055,nantes,1000,26.631157
61.075687,nantes,1000,25.3762
78.37503,nantes,1000,24.265928
94.91128,nantes,1000,23.283638
4962.5312,nantes,1000,333.0
0.028868001,nantes,1000,333.0
47.67002,nantes,1000,30.88373
64.60118,nantes,1000,29.10092
82.11373,nantes,1000,27.525648
98.59,nantes,1000,26.13581
4968.071,nantes,1000,333.0
0.036027998,nantes,1000,333.0
51.95195,nantes,1000,35.229286
68.991936,nantes,1000,32.896786
86.39659,nantes,1000,30.860668
102.95262,nantes,1000,29.056494
4974.5366,nantes,1000,333.0
0.039481003,nantes,1000,333.0
35.12821,nantes,1000,17.363588
52.12742,nantes,1000,17.26892
69.606346,nantes,1000,17.183086
86.18996,nantes,1000,17.097025
4980.3545,nantes,1000,333.0
0.026372999,lyon,1000,333.0
36.60701,lyon,1000,22.546904
50.8967,lyon,1000,21.463266
65.72066,lyon,1000,20.514776
79.64877,lyon,1000,19.67436
4929.8594,lyon,1000,333.0
0.020053,lyon,1000,333.0
36.22375,lyon,1000,18.124208
50.632183,lyon,1000,17.596231
65.40322,lyon,1000,17.117907
79.252625,lyon,1000,16.693018
4936.5054,lyon,1000,333.0
0.02367,lyon,1000,333.0
40.780212,lyon,1000,17.315067
54.887245,lyon,1000,16.876726
69.51503,lyon,1000,16.484652
83.43321,lyon,1000,16.143045
4941.8735,lyon,1000,333.0
0.030996999,lyon,1000,333.0
44.192657,lyon,1000,15.9360485
58.7467,lyon,1000,15.698837
73.37774,lyon,1000,15.461262
87.24505,lyon,1000,15.253536
4948.3496,lyon,1000,333.0
0.019732,nancy,1000,333.0
18.494984,nancy,1000,9.673219
28.06505,nancy,1000,9.556902
37.65122,nancy,1000,9.440923
46.443626,nancy,1000,9.340515
5155.263,nancy,1000,333.0
0.037275,lyon,1000,333.0
47.594074,lyon,1000,15.00391
61.973232,lyon,1000,14.879494
76.73488,lyon,1000,14.727713
90.63937,lyon,1000,14.610542
4954.1777,lyon,1000,333.0
0.014154,nancy,1000,333.0
18.488634,nancy,1000,9.71397
27.860249,nancy,1000,9.57833
37.043175,nancy,1000,9.447339
45.578243,nancy,1000,9.326707
5029.1714,nancy,1000,333.0
0.012569,nancy,1000,333.0
18.507433,nancy,1000,9.623773
27.882433,nancy,1000,9.511244
37.23729,nancy,1000,9.396838
45.88717,nancy,1000,9.284916
5032.864,nancy,1000,333.0
0.016368,nancy,1000,333.0
19.077225,nancy,1000,9.645046
28.54904,nancy,1000,9.535475
37.91438,nancy,1000,9.4044695
46.405266,nancy,1000,9.281963
5036.8604,nancy,1000,333.0
0.013546,nancy,1000,333.0
18.378399,nancy,1000,9.426261
27.740774,nancy,1000,9.326026
36.814487,nancy,1000,9.225644
45.49783,nancy,1000,9.150613
5041.027,nancy,1000,333.0
0.020214,nancy,1000,333.0
18.373589,nancy,1000,9.503491
27.712875,nancy,1000,9.401106
36.89274,nancy,1000,9.298086
45.56782,nancy,1000,9.20384
5044.8726,nancy,1000,333.0
0.013003999,nancy,1000,333.0
30.156733,nancy,1000,9.607957
39.31863,nancy,1000,9.483393
48.619976,nancy,1000,9.375689
57.39811,nancy,1000,9.281576
5005.5557,nancy,1000,333.0
0.015511,nancy,1000,333.0
31.368069,nancy,1000,9.48196
39.98935,nancy,1000,9.347017
48.952553,nancy,1000,9.2284355
57.481014,nancy,1000,9.121307
5009.1895,nancy,1000,333.0
0.015537,nancy,1000,333.0
34.01235,nancy,1000,9.661147
43.575577,nancy,1000,9.557327
52.642303,nancy,1000,9.427767
61.2772,nancy,1000,9.310575
5013.233,nancy,1000,333.0
0.015371,nancy,1000,333.0
31.23826,nancy,1000,22.552212
40.387596,nancy,1000,20.8138
49.77019,nancy,1000,19.261496
58.359844,nancy,1000,17.905132
5017.0825,nancy,1000,333.0
0.018877,nancy,1000,333.0
18.57383,nancy,1000,9.682564
27.370115,nancy,1000,9.546163
36.813393,nancy,1000,9.4277
45.564983,nancy,1000,9.324197
5159.077,nancy,1000,333.0
0.021678,nancy,1000,333.0
32.57023,nancy,1000,23.741549
42.149162,nancy,1000,21.875273
51.454723,nancy,1000,20.210915
60.087494,nancy,1000,18.75551
5020.7837,nancy,1000,333.0
0.016443001,rennes,1000,333.0
36.0391,rennes,1000,20.310968
51.460518,rennes,1000,19.637495
66.97904,rennes,1000,19.025469
81.918236,rennes,1000,18.497377
4934.05,rennes,1000,333.0
0.016288001,rennes,1000,333.0
42.21183,rennes,1000,21.890688
57.435814,rennes,1000,21.021076
73.2582,rennes,1000,20.24821
88.12504,rennes,1000,19.559488
4938.6616,rennes,1000,333.0
0.020312,rennes,1000,333.0
45.978706,rennes,1000,21.095024
61.10846,rennes,1000,20.311483
76.609436,rennes,1000,19.617733
91.49459,rennes,1000,19.01021
4943.269,rennes,1000,333.0
0.021171,rennes,1000,333.0
44.8964,rennes,1000,16.63933
60.417393,rennes,1000,16.43574
76.035484,rennes,1000,16.244959
91.0112,rennes,1000,16.06998
4948.3154,rennes,1000,333.0
0.024275,rennes,1000,333.0
47.228374,rennes,1000,15.809048
62.44494,rennes,1000,15.69274
77.88027,rennes,1000,15.566602
92.7188,rennes,1000,15.458321
4953.0527,rennes,1000,333.0
0.023459999,lyon,1000,333.0
28.930573,lyon,1000,14.780243
43.124603,lyon,1000,14.669866
57.97894,lyon,1000,14.5712385
71.843155,lyon,1000,14.466465
4900.0825,lyon,1000,333.0
0.018589001,lyon,1000,333.0
29.162926,lyon,1000,14.511845
43.252617,lyon,1000,14.419295
58.076393,lyon,1000,14.33658
71.9019,lyon,1000,14.264143
4905.647,lyon,1000,333.0
0.028059,lyon,1000,333.0
33.226135,lyon,1000,14.837468
47.484478,lyon,1000,14.713035
62.25213,lyon,1000,14.598746
76.14754,lyon,1000,14.498637
4910.8657,lyon,1000,333.0
0.0319,lyon,1000,333.0
35.506275,lyon,1000,14.82135
49.954433,lyon,1000,14.708091
64.56507,lyon,1000,14.593686
78.43707,lyon,1000,14.494272
4917.0776,lyon,1000,333.0
0.013246,nancy,1000,333.0
18.451532,nancy,1000,9.636179
27.986279,nancy,1000,9.52981
37.336514,nancy,1000,9.420993
46.090336,nancy,1000,9.319066
5163.0195,nancy,1000,333.0
0.026714,lyon,1000,333.0
30.765461,lyon,1000,16.29243
45.15273,lyon,1000,15.998219
59.915325,lyon,1000,15.722433
73.655785,lyon,1000,15.465569
4922.5454,lyon,1000,333.0
0.017701,rennes,1000,333.0
32.09152,rennes,1000,17.114511
47.477028,rennes,1000,16.846895
63.20933,rennes,1000,16.593458
78.181946,rennes,1000,16.373638
4923.0464,rennes,1000,333.0
0.016595999,rennes,1000,333.0
35.45482,rennes,1000,20.46502
50.603825,rennes,1000,19.765867
66.17488,rennes,1000,19.141655
81.05391,rennes,1000,18.591036
4928.055,rennes,1000,333.0
0.026165001,rennes,1000,333.0
37.2592,rennes,1000,22.214672
52.580673,rennes,1000,21.314383
68.01865,rennes,1000,20.487965
82.88201,rennes,1000,19.773129
4932.9253,rennes,1000,333.0
0.018445,rennes,1000,333.0
38.310963,rennes,1000,18.898556
53.445885,rennes,1000,18.38457
68.97664,rennes,1000,17.93325
83.96844,rennes,1000,17.546017
4937.8633,rennes,1000,333.0
0.030885,rennes,1000,333.0
43.683933,rennes,1000,19.67767
59.067898,rennes,1000,19.078674
74.69591,rennes,1000,18.55056
89.55702,rennes,1000,18.08244
4942.4766,rennes,1000,333.0
0.021512,nantes,1000,333.0
34.231983,nantes,1000,17.488611
51.270916,nantes,1000,17.382484
68.634026,nantes,1000,17.283602
85.24832,nantes,1000,17.192104
4856.02,nantes,1000,333.0
0.02506,nantes,1000,333.0
34.255886,nantes,1000,17.44048
51.256226,nantes,1000,17.343452
68.813126,nantes,1000,17.241299
85.3362,nantes,1000,17.143307
4861.2056,nantes,1000,333.0
0.03819,nantes,1000,333.0
35.284916,nantes,1000,17.874016
52.31277,nantes,1000,17.718304
69.87872,nantes,1000,17.560555
86.40871,nantes,1000,17.421385
4867.3193,nantes,1000,333.0
0.028618,nantes,1000,333.0
34.41859,nantes,1000,17.620005
51.49761,nantes,1000,17.495085
69.134384,nantes,1000,17.377337
85.7327,nantes,1000,17.271198
4874.5254,nantes,1000,333.0
0.03259,nancy,1000,333.0
18.379684,nancy,1000,9.5697975
27.232433,nancy,1000,9.453996
36.309555,nancy,1000,9.331074
44.84487,nancy,1000,9.224113
5167.134,nancy,1000,333.0
0.031754,nantes,1000,333.0
34.342888,nantes,1000,17.51666
51.504898,nantes,1000,17.416855
69.158104,nantes,1000,17.308247
85.7365,nantes,1000,17.207859
4880.367,nantes,1000,333.0
0.015087,nancy,1000,333.0
32.930374,nancy,1000,24.189207
41.928345,nancy,1000,22.258856
51.217815,nancy,1000,20.552523
59.841354,nancy,1000,19.054905
4948.3433,nancy,1000,333.0
0.014051,nancy,1000,333.0
36.0364,nancy,1000,27.391811
45.62372,nancy,1000,25.074316
54.970158,nancy,1000,23.01408
63.661903,nancy,1000,21.20544
4952.2666,nancy,1000,333.0
0.014692,nancy,1000,333.0
38.229633,nancy,1000,29.63285
47.474182,nancy,1000,27.00679
56.667976,nancy,1000,24.698553
65.368675,nancy,1000,22.67948
4956.11,nancy,1000,333.0
0.017926,nancy,1000,333.0
18.1423,nancy,1000,9.449219
27.61454,nancy,1000,9.358695
36.98551,nancy,1000,9.253402
45.6732,nancy,1000,9.163725
4960.309,nancy,1000,333.0
0.016681,nancy,1000,333.0
18.239096,nancy,1000,9.5224285
27.261412,nancy,1000,9.41211
36.886173,nancy,1000,9.30677
45.606537,nancy,1000,9.215082
4964.4395,nancy,1000,333.0
0.022251999,rennes,1000,333.0
30.839163,rennes,1000,15.781274
46.098167,rennes,1000,15.679891
61.820885,rennes,1000,15.574881
76.70691,rennes,1000,15.482067
4880.687,rennes,1000,333.0
0.022665001,rennes,1000,333.0
30.750902,rennes,1000,15.758347
46.074345,rennes,1000,15.6445675
61.75378,rennes,1000,15.526192
76.646736,rennes,1000,15.43271
4885.518,rennes,1000,333.0
0.021889,rennes,1000,333.0
30.964321,rennes,1000,15.864864
46.402615,rennes,1000,15.748735
62.253284,rennes,1000,15.631223
77.22352,rennes,1000,15.531699
4890.34,rennes,1000,333.0
0.020113,rennes,1000,333.0
31.036716,rennes,1000,15.894243
46.36118,rennes,1000,15.767711
61.89759,rennes,1000,15.646292
76.91134,rennes,1000,15.547505
4894.94,rennes,1000,333.0
0.021964999,lyon,1000,333.0
28.9774,lyon,1000,14.846487
43.13241,lyon,1000,14.725071
57.778286,lyon,1000,14.618372
71.68368,lyon,1000,14.511261
5077.0894,lyon,1000,333.0
0.022615999,nancy,1000,333.0
18.80342,nancy,1000,9.950307
28.380268,nancy,1000,9.805015
37.788017,nancy,1000,9.658935
46.54122,nancy,1000,9.527038
5160.0728,nancy,1000,333.0
0.03272,rennes,1000,333.0
30.854652,rennes,1000,15.710335
46.046383,rennes,1000,15.602903
61.706955,rennes,1000,15.495396
76.59008,rennes,1000,15.402292
4904.048,rennes,1000,333.0
0.023302,rennes,1000,333.0
31.826313,rennes,1000,16.618979
47.041496,rennes,1000,16.402739
62.660114,rennes,1000,16.209364
77.615234,rennes,1000,16.036297
5044.445,rennes,1000,333.0
0.022059,rennes,1000,333.0
31.021498,rennes,1000,15.907081
46.30602,rennes,1000,15.79432
62.13159,rennes,1000,15.67761
76.97689,rennes,1000,15.566705
5049.4033,rennes,1000,333.0
0.024341,rennes,1000,333.0
31.082472,rennes,1000,15.922003
46.34079,rennes,1000,15.799945
61.933327,rennes,1000,15.680371
76.86234,rennes,1000,15.576418
5053.916,rennes,1000,333.0
0.020645,rennes,1000,333.0
30.94497,rennes,1000,15.856489
46.385174,rennes,1000,15.751153
61.908794,rennes,1000,15.624591
76.8428,rennes,1000,15.528188
5058.98,rennes,1000,333.0
0.048945,rennes,1000,333.0
31.254276,rennes,1000,15.83089
46.59005,rennes,1000,15.72651
62.328278,rennes,1000,15.609353
77.26388,rennes,1000,15.516904
5063.4897,rennes,1000,333.0
0.021549,nantes,1000,333.0
55.98218,nantes,1000,18.188702
72.95496,nantes,1000,17.999147
90.63554,nantes,1000,17.812147
106.99113,nantes,1000,17.621277
5021.644,nantes,1000,333.0
0.023423,nantes,1000,333.0
53.616833,nantes,1000,36.7284
70.52573,nantes,1000,34.21408
87.834076,nantes,1000,32.005463
104.32897,nantes,1000,30.058977
5028.5986,nantes,1000,333.0
0.025111,nantes,1000,333.0
54.2637,nantes,1000,37.65655
71.13449,nantes,1000,35.02016
88.77036,nantes,1000,32.71168
105.208954,nantes,1000,30.668676
5033.4214,nantes,1000,333.0
0.032033,nantes,1000,333.0
34.351948,nantes,1000,17.506458
51.38317,nantes,1000,17.401848
68.945404,nantes,1000,17.300396
85.55721,nantes,1000,17.197899
5039.8604,nantes,1000,333.0
0.022639,lyon,1000,333.0
28.894415,lyon,1000,14.769892
43.456394,lyon,1000,14.683805
58.12173,lyon,1000,14.5658865
72.066154,lyon,1000,14.469939
5081.5557,lyon,1000,333.0
0.037860002,nantes,1000,333.0
34.38086,nantes,1000,17.531654
51.356293,nantes,1000,17.414454
68.780785,nantes,1000,17.301714
85.4281,nantes,1000,17.202532
5045.0015,nantes,1000,333.0
0.023549,nantes,1000,333.0
54.582302,nantes,1000,18.052744
71.48655,nantes,1000,17.87108
88.85521,nantes,1000,17.6984
105.402466,nantes,1000,17.53797
5009.939,nantes,1000,333.0
0.026491,nantes,1000,333.0
56.02268,nantes,1000,17.641329
73.08935,nantes,1000,17.515484
90.47409,nantes,1000,17.385828
107.12565,nantes,1000,17.276833
5016.4727,nantes,1000,333.0
0.02464,nantes,1000,333.0
55.288185,nantes,1000,17.360498
72.1709,nantes,1000,17.249249
89.4754,nantes,1000,17.15554
105.916725,nantes,1000,17.058073
5021.7666,nantes,1000,333.0
0.034476,nantes,1000,333.0
54.521725,nantes,1000,37.27592
71.689766,nantes,1000,34.70159
89.03059,nantes,1000,32.416916
105.57102,nantes,1000,30.421024
5027.8916,nantes,1000,333.0
0.027237,nantes,1000,333.0
53.818527,nantes,1000,37.073414
70.81353,nantes,1000,34.518726
88.23885,nantes,1000,32.26943
104.77877,nantes,1000,30.294764
5033.63,nantes,1000,333.0
0.020703001,nancy,1000,333.0
18.342182,nancy,1000,9.551592
27.555756,nancy,1000,9.419114
37.046474,nancy,1000,9.31142
45.58416,nancy,1000,9.203854
5111.9194,nancy,1000,333.0
0.018481,nancy,1000,333.0
18.455568,nancy,1000,9.6568775
27.637552,nancy,1000,9.521233
37.617405,nancy,1000,9.403345
46.263336,nancy,1000,9.299859
5115.644,nancy,1000,333.0
0.020370001,nancy,1000,333.0
18.293177,nancy,1000,9.576371
27.515724,nancy,1000,9.452256
37.05319,nancy,1000,9.34386
45.78916,nancy,1000,9.249516
5119.777,nancy,1000,333.0
0.019258,nancy,1000,333.0
18.575668,nancy,1000,9.685223
27.87278,nancy,1000,9.536159
37.181343,nancy,1000,9.414545
45.824043,nancy,1000,9.31056
5124.022,nancy,1000,333.0
0.027932,lyon,1000,333.0
28.799097,lyon,1000,14.737806
43.08146,lyon,1000,14.64321
57.63761,lyon,1000,14.532527
71.50519,lyon,1000,14.439856
5087.318,lyon,1000,333.0
0.026427,nancy,1000,333.0
18.35973,nancy,1000,9.535927
27.48158,nancy,1000,9.417758
36.780277,nancy,1000,9.309962
45.30532,nancy,1000,9.205011
5127.907,nancy,1000,333.0
0.039293002,lyon,1000,333.0
49.887737,lyon,1000,16.44674
64.1917,lyon,1000,16.130863
78.82983,lyon,1000,15.840325
92.75673,lyon,1000,15.591566
5005.895,lyon,1000,333.0
0.031396,lyon,1000,333.0
50.16455,lyon,1000,14.837032
64.32248,lyon,1000,14.711346
79.00763,lyon,1000,14.593807
92.83054,lyon,1000,14.489773
5011.6304,lyon,1000,333.0
0.023148,lyon,1000,333.0
49.977844,lyon,1000,14.912022
64.213936,lyon,1000,14.790928
79.09508,lyon,1000,14.669421
93.05538,lyon,1000,14.56399
5017.083,lyon,1000,333.0
0.036045,lyon,1000,333.0
47.918674,lyon,1000,33.197495
62.036484,lyon,1000,30.76062
76.58362,lyon,1000,28.620527
90.30861,lyon,1000,26.748049
5023.5166,lyon,1000,333.0
0.038723,lyon,1000,333.0
48.718357,lyon,1000,34.5747
62.934788,lyon,1000,31.97955
77.78643,lyon,1000,29.703108
91.546684,lyon,1000,27.701458
5029.2056,lyon,1000,333.0
0.021999,lyon,1000,333.0
39.42088,lyon,1000,14.794497
53.544205,lyon,1000,14.673716
68.201416,lyon,1000,14.565314
82.02031,lyon,1000,14.4637985
4997.006,lyon,1000,333.0
0.019653,lyon,1000,333.0
45.966297,lyon,1000,15.542795
60.107594,lyon,1000,15.33352
74.80964,lyon,1000,15.136349
88.497505,lyon,1000,14.94735
5002.7563,lyon,1000,333.0
0.02319,lyon,1000,333.0
48.672375,lyon,1000,15.219455
62.964924,lyon,1000,15.051744
77.63754,lyon,1000,14.896553
91.37266,lyon,1000,14.734299
5008.198,lyon,1000,333.0
0.028959,lyon,1000,333.0
50.119625,lyon,1000,15.762204
64.58814,lyon,1000,15.535544
79.13221,lyon,1000,15.30924
92.97576,lyon,1000,15.117461
5014.793,lyon,1000,333.0
0.030192,lyon,1000,333.0
28.767597,lyon,1000,14.758464
43.02807,lyon,1000,14.656231
57.62464,lyon,1000,14.551044
71.43865,lyon,1000,14.45143
5093.5586,lyon,1000,333.0
0.027355,lyon,1000,333.0
47.931087,lyon,1000,33.7289
62.313004,lyon,1000,31.25202
76.93497,lyon,1000,29.06188
90.791275,lyon,1000,27.15137
5020.38,lyon,1000,333.0
0.01956,rennes,1000,333.0
51.31517,rennes,1000,16.579926
66.44307,rennes,1000,16.362122
81.92156,rennes,1000,16.165152
96.708015,rennes,1000,15.985975
5015.261,rennes,1000,333.0
0.016608002,rennes,1000,333.0
51.75964,rennes,1000,15.767436
66.84046,rennes,1000,15.6459675
82.334915,rennes,1000,15.534699
97.29166,rennes,1000,15.444519
5019.7036,rennes,1000,333.0
0.026271,rennes,1000,333.0
50.08989,rennes,1000,34.725372
65.308,rennes,1000,32.248474
80.934074,rennes,1000,30.075855
95.81443,rennes,1000,28.169132
5024.176,rennes,1000,333.0
0.018291999,rennes,1000,333.0
51.61272,rennes,1000,36.61873
66.87351,rennes,1000,33.884457
82.44503,rennes,1000,31.4921
97.24424,rennes,1000,29.391428
5029.5444,rennes,1000,333.0
0.032176003,rennes,1000,333.0
51.31598,rennes,1000,36.388996
66.72625,rennes,1000,33.70753
82.292336,rennes,1000,31.339474
97.069534,rennes,1000,29.262115
5034.1914,rennes,1000,333.0
0.022370001,nantes,1000,333.0
37.818817,nantes,1000,19.135365
54.71583,nantes,1000,18.819023
72.086494,nantes,1000,18.523298
88.55578,nantes,1000,18.259077
4949.6943,nantes,1000,333.0
0.025781,nantes,1000,333.0
44.70582,nantes,1000,19.888397
61.69665,nantes,1000,19.478487
79.067184,nantes,1000,19.113272
95.51202,nantes,1000,18.772402
4955.8677,nantes,1000,333.0
0.028552,nantes,1000,333.0
47.02068,nantes,1000,19.116962
64.01811,nantes,1000,18.809477
81.28967,nantes,1000,18.509695
97.90283,nantes,1000,18.262417
4961.2935,nantes,1000,333.0
0.026573,nantes,1000,333.0
50.440697,nantes,1000,17.54522
67.553215,nantes,1000,17.427284
84.99005,nantes,1000,17.317944
101.52322,nantes,1000,17.211967
4967.8203,nantes,1000,333.0
0.065786,lyon,1000,333.0
29.062025,lyon,1000,14.836683
43.51607,lyon,1000,14.727357
58.31757,lyon,1000,14.619281
72.20575,lyon,1000,14.510593
5098.9556,lyon,1000,333.0
0.030919,nantes,1000,333.0
41.95983,nantes,1000,24.192215
59.05506,nantes,1000,23.231997
76.59512,nantes,1000,22.380833
93.10024,nantes,1000,21.636623
4973.818,nantes,1000,333.0
0.022163,nantes,1000,333.0
39.392185,nantes,1000,20.712444
56.319187,nantes,1000,20.202915
73.70777,nantes,1000,19.740713
90.31058,nantes,1000,19.331917
4949.7905,nantes,1000,333.0
0.026841,nantes,1000,333.0
42.41836,nantes,1000,18.327248
59.35421,nantes,1000,18.107943
76.901764,nantes,1000,17.906145
93.43987,nantes,1000,17.726025
4955.165,nantes,1000,333.0
0.018925,nantes,1000,333.0
46.13769,nantes,1000,18.44441
63.07341,nantes,1000,18.198364
80.368324,nantes,1000,17.986797
96.89155,nantes,1000,17.787655
4961.143,nantes,1000,333.0
0.035911,nantes,1000,333.0
50.46241,nantes,1000,18.316343
67.54885,nantes,1000,18.1149
85.15555,nantes,1000,17.928635
101.8598,nantes,1000,17.759588
4967.0933,nantes,1000,333.0
0.02304,nantes,1000,333.0
42.82162,nantes,1000,25.340736
59.785328,nantes,1000,24.23848
77.0984,nantes,1000,23.272621
93.65829,nantes,1000,22.423822
4973.603,nantes,1000,333.0
0.022564,lyon,1000,333.0
35.923096,lyon,1000,15.202068
50.090927,lyon,1000,15.035214
65.14411,lyon,1000,14.883153
79.031425,lyon,1000,14.741836
4951.564,lyon,1000,333.0
0.019085001,lyon,1000,333.0
39.592808,lyon,1000,14.702004
53.721695,lyon,1000,14.594309
68.23799,lyon,1000,14.484986
82.03446,lyon,1000,14.389112
4958.2056,lyon,1000,333.0
0.020080999,lyon,1000,333.0
43.49573,lyon,1000,14.918334
57.684544,lyon,1000,14.790188
72.328896,lyon,1000,14.6538925
86.275375,lyon,1000,14.55015
4963.5054,lyon,1000,333.0
0.026654,lyon,1000,333.0
37.403168,lyon,1000,22.545511
51.675632,lyon,1000,21.458275
66.12031,lyon,1000,20.474058
79.77572,lyon,1000,19.613031
4970.004,lyon,1000,333.0
0.018520001,nancy,1000,333.0
18.511915,nancy,1000,9.615287
27.720276,nancy,1000,9.507004
37.703953,nancy,1000,9.388005
46.50111,nancy,1000,9.294766
5144.0195,nancy,1000,333.0
0.03145,lyon,1000,333.0
41.43736,lyon,1000,27.306055
55.78178,lyon,1000,25.625908
70.3691,lyon,1000,24.13998
84.16153,lyon,1000,22.837532
4975.5645,lyon,1000,333.0
0.013324,nancy,1000,333.0
39.397797,nancy,1000,30.568415
48.517673,nancy,1000,27.83568
57.758682,nancy,1000,25.42914
66.34262,nancy,1000,23.314384
5010.2964,nancy,1000,333.0
0.014556,nancy,1000,333.0
38.223316,nancy,1000,29.102322
47.22317,nancy,1000,26.55572
56.766068,nancy,1000,24.303667
65.47037,nancy,1000,22.340014
5014.123,nancy,1000,333.0
0.016081,nancy,1000,333.0
39.927837,nancy,1000,31.078974
49.466614,nancy,1000,28.294289
58.641117,nancy,1000,25.820793
67.412025,nancy,1000,23.669935
5018.1987,nancy,1000,333.0
0.017205,nancy,1000,333.0
18.718496,nancy,1000,9.430893
27.656523,nancy,1000,9.333832
36.95894,nancy,1000,9.23976
45.478096,nancy,1000,9.143655
5022.2476,nancy,1000,333.0
0.018146,nancy,1000,333.0
18.197184,nancy,1000,9.419017
27.001574,nancy,1000,9.312768
36.845863,nancy,1000,9.221386
45.61225,nancy,1000,9.145323
5026.25,nancy,1000,333.0
0.012947,nancy,1000,333.0
39.493587,nancy,1000,9.61167
48.331158,nancy,1000,9.484583
57.68977,nancy,1000,9.372569
66.361015,nancy,1000,9.266716
5003.339,nancy,1000,333.0
0.014645,nancy,1000,333.0
40.914562,nancy,1000,11.133744
50.06721,nancy,1000,10.821928
59.819664,nancy,1000,10.5461235
68.602806,nancy,1000,10.306534
5007.1455,nancy,1000,333.0
0.014978,nancy,1000,333.0
39.445198,nancy,1000,30.668882
49.02661,nancy,1000,27.939178
58.41106,nancy,1000,25.504568
66.8273,nancy,1000,23.358324
5011.1235,nancy,1000,333.0
0.01543,nancy,1000,333.0
38.51296,nancy,1000,29.699366
47.515602,nancy,1000,27.077478
56.652576,nancy,1000,24.763138
65.46317,nancy,1000,22.749645
5015.1934,nancy,1000,333.0
0.016178,nancy,1000,333.0
18.44384,nancy,1000,9.5906105
27.525114,nancy,1000,9.464015
37.06913,nancy,1000,9.35592
45.767887,nancy,1000,9.255207
5147.834,nancy,1000,333.0
0.021030001,nancy,1000,333.0
18.384447,nancy,1000,9.602551
27.336243,nancy,1000,9.4735775
37.416344,nancy,1000,9.366565
46.13111,nancy,1000,9.266813
5019.1064,nancy,1000,333.0
0.016368,rennes,1000,333.0
32.552006,rennes,1000,15.712345
47.73758,rennes,1000,15.611987
63.38021,rennes,1000,15.505976
78.21329,rennes,1000,15.414192
4927.026,rennes,1000,333.0
0.02283,rennes,1000,333.0
32.886497,rennes,1000,15.654711
48.118626,rennes,1000,15.566795
63.829327,rennes,1000,15.481164
78.765335,rennes,1000,15.396655
4931.334,rennes,1000,333.0
0.019957,rennes,1000,333.0
30.98907,rennes,1000,15.908534
46.327957,rennes,1000,15.780883
61.912,rennes,1000,15.666019
76.963196,rennes,1000,15.571916
4936.389,rennes,1000,333.0
0.025801001,rennes,1000,333.0
31.360111,rennes,1000,16.400572
46.61574,rennes,1000,16.218445
62.237514,rennes,1000,16.04726
77.05045,rennes,1000,15.885925
4940.815,rennes,1000,333.0
0.024208998,rennes,1000,333.0
32.415474,rennes,1000,17.235514
47.64657,rennes,1000,16.942572
63.267483,rennes,1000,16.676865
78.22958,rennes,1000,16.450172
4945.7446,rennes,1000,333.0
0.026313001,lyon,1000,333.0
28.6862,lyon,1000,14.716819
42.94048,lyon,1000,14.621237
57.886665,lyon,1000,14.524006
71.75897,lyon,1000,14.425586
4899.9272,lyon,1000,333.0
0.026569,lyon,1000,333.0
28.88028,lyon,1000,14.808128
43.061535,lyon,1000,14.694863
57.762966,lyon,1000,14.581021
71.65358,lyon,1000,14.478402
4906.1216,lyon,1000,333.0
0.026108,lyon,1000,333.0
29.222694,lyon,1000,14.865838
43.797443,lyon,1000,14.758215
58.7276,lyon,1000,14.649918
72.62049,lyon,1000,14.536654
4911.409,lyon,1000,333.0
0.030142,lyon,1000,333.0
29.236992,lyon,1000,15.10826
43.53813,lyon,1000,14.959064
58.21647,lyon,1000,14.8174515
72.098274,lyon,1000,14.692744
4917.915,lyon,1000,333.0
0.0164,nancy,1000,333.0
18.25288,nancy,1000,9.480035
27.362265,nancy,1000,9.35394
36.59135,nancy,1000,9.245516
45.268105,nancy,1000,9.153056
5151.941,nancy,1000,333.0
0.045911003,lyon,1000,333.0
29.547771,lyon,1000,15.046693
43.99755,lyon,1000,14.903244
58.56047,lyon,1000,14.758335
72.42747,lyon,1000,14.626613
4923.141,lyon,1000,333.0
0.018494,rennes,1000,333.0
31.382755,rennes,1000,15.804818
46.735977,rennes,1000,15.675014
62.235943,rennes,1000,15.559145
77.09396,rennes,1000,15.463466
4920.829,rennes,1000,333.0
0.023133,rennes,1000,333.0
32.62459,rennes,1000,16.268057
47.80616,rennes,1000,16.097689
63.4635,rennes,1000,15.9398985
78.36746,rennes,1000,15.802464
4925.5137,rennes,1000,333.0
0.020092001,rennes,1000,333.0
32.95596,rennes,1000,15.9762745
48.143486,rennes,1000,15.8386345
63.866474,rennes,1000,15.722405
78.785805,rennes,1000,15.605755
4930.161,rennes,1000,333.0
0.025987,rennes,1000,333.0
31.11162,rennes,1000,15.879903
46.3842,rennes,1000,15.764061
61.915092,rennes,1000,15.639997
76.7025,rennes,1000,15.522468
4935.1704,rennes,1000,333.0
0.027875999,rennes,1000,333.0
31.40533,rennes,1000,16.476072
46.747025,rennes,1000,16.288723
62.27313,rennes,1000,16.095793
77.137375,rennes,1000,15.93365
4939.979,rennes,1000,333.0
0.022731999,nantes,1000,333.0
34.850727,nantes,1000,17.331892
51.799366,nantes,1000,17.244673
69.44693,nantes,1000,17.152428
86.05342,nantes,1000,17.068136
4870.4033,nantes,1000,333.0
0.022919,nantes,1000,333.0
34.14704,nantes,1000,17.54918
51.082336,nantes,1000,17.426601
68.44202,nantes,1000,17.316923
85.05107,nantes,1000,17.21321
4874.7637,nantes,1000,333.0
0.020867001,nantes,1000,333.0
34.212,nantes,1000,17.562803
51.283844,nantes,1000,17.461924
68.83156,nantes,1000,17.345594
85.39491,nantes,1000,17.230318
4881.521,nantes,1000,333.0
0.033637,nantes,1000,333.0
34.92314,nantes,1000,18.06629
51.933884,nantes,1000,17.878023
69.36017,nantes,1000,17.702635
85.89365,nantes,1000,17.548035
4887.8384,nantes,1000,333.0
0.021978,nancy,1000,333.0
18.348198,nancy,1000,9.53105
27.46831,nancy,1000,9.413745
36.854244,nancy,1000,9.31301
45.430912,nancy,1000,9.21462
5156.0474,nancy,1000,333.0
0.033056,nantes,1000,333.0
34.22352,nantes,1000,17.428488
51.181026,nantes,1000,17.3242
68.52685,nantes,1000,17.210932
85.06979,nantes,1000,17.117332
4893.431,nantes,1000,333.0
0.011545001,nancy,1000,333.0
33.199093,nancy,1000,22.569487
42.027405,nancy,1000,20.82458
51.64007,nancy,1000,19.295647
60.374226,nancy,1000,17.957453
4961.109,nancy,1000,333.0
0.014305,nancy,1000,333.0
35.51654,nancy,1000,26.46813
44.370213,nancy,1000,24.238684
53.48846,nancy,1000,22.270155
62.169888,nancy,1000,20.55186
4965.0415,nancy,1000,333.0
0.01399,nancy,1000,333.0
38.496487,nancy,1000,28.009613
47.914127,nancy,1000,25.594385
57.325443,nancy,1000,23.46598
66.02919,nancy,1000,21.602411
4968.876,nancy,1000,333.0
0.016033,nancy,1000,333.0
19.855816,nancy,1000,10.512885
29.22251,nancy,1000,10.285741
39.420746,nancy,1000,10.071752
48.199,nancy,1000,9.88927
4973.192,nancy,1000,333.0
0.018052,nancy,1000,333.0
20.394793,nancy,1000,9.478864
29.398243,nancy,1000,9.381759
38.704285,nancy,1000,9.295113
47.405827,nancy,1000,9.188222
4977.2344,nancy,1000,333.0
0.016328,rennes,1000,333.0
31.063528,rennes,1000,15.923653
46.22689,rennes,1000,15.794041
61.80572,rennes,1000,15.6736
76.65009,rennes,1000,15.55373
4884.93,rennes,1000,333.0
0.016730001,rennes,1000,333.0
31.160503,rennes,1000,16.01595
46.384007,rennes,1000,15.872039
61.89406,rennes,1000,15.732136
76.76359,rennes,1000,15.61646
4889.4565,rennes,1000,333.0
0.01725,rennes,1000,333.0
30.913301,rennes,1000,15.799194
46.165653,rennes,1000,15.690804
61.83349,rennes,1000,15.587545
76.8096,rennes,1000,15.494943
4894.4453,rennes,1000,333.0
0.025393,rennes,1000,333.0
30.909533,rennes,1000,15.789931
46.19776,rennes,1000,15.689027
61.898243,rennes,1000,15.577562
76.777534,rennes,1000,15.482387
4899.019,rennes,1000,333.0
0.022609,lyon,1000,333.0
28.88612,lyon,1000,14.741325
43.14358,lyon,1000,14.642976
57.81995,lyon,1000,14.536738
71.76951,lyon,1000,14.452257
5105.5386,lyon,1000,333.0
0.019786999,nancy,1000,333.0
18.443878,nancy,1000,9.664457
27.484392,nancy,1000,9.53869
36.882637,nancy,1000,9.422579
45.594513,nancy,1000,9.313721
5205.0957,nancy,1000,333.0
0.032948,rennes,1000,333.0
32.537815,rennes,1000,16.450829
47.808105,rennes,1000,16.248236
63.31446,rennes,1000,16.064182
78.20147,rennes,1000,15.907153
4932.1416,rennes,1000,333.0
0.016105,rennes,1000,333.0
30.698048,rennes,1000,15.712068
46.066463,rennes,1000,15.619934
62.07437,rennes,1000,15.541898
77.06379,rennes,1000,15.45694
5078.0664,rennes,1000,333.0
0.020996,rennes,1000,333.0
30.80242,rennes,1000,15.7510195
46.05205,rennes,1000,15.635174
61.651695,rennes,1000,15.535508
76.62554,rennes,1000,15.448081
5082.271,rennes,1000,333.0
0.025937,rennes,1000,333.0
30.865513,rennes,1000,15.731544
46.050194,rennes,1000,15.623843
61.864227,rennes,1000,15.531101
76.84413,rennes,1000,15.445727
5087.04,rennes,1000,333.0
0.016615,rennes,1000,333.0
31.451424,rennes,1000,15.896285
46.645462,rennes,1000,15.762314
62.242672,rennes,1000,15.64612
77.08294,rennes,1000,15.537294
5092.266,rennes,1000,333.0
0.021292001,rennes,1000,333.0
31.68225,rennes,1000,16.610668
46.913334,rennes,1000,16.398714
62.632805,rennes,1000,16.203741
77.540985,rennes,1000,16.028952
5096.4863,rennes,1000,333.0
0.027367,nantes,1000,333.0
58.153366,nantes,1000,18.293749
75.29174,nantes,1000,18.086271
92.76104,nantes,1000,17.892408
109.48353,nantes,1000,17.727757
5055.466,nantes,1000,333.0
0.021706,nantes,1000,333.0
61.70691,nantes,1000,17.264963
78.67659,nantes,1000,17.18984
96.30178,nantes,1000,17.097864
112.818375,nantes,1000,17.017696
5061.655,nantes,1000,333.0
0.026061,nantes,1000,333.0
54.21551,nantes,1000,37.296234
71.22829,nantes,1000,34.711754
88.77366,nantes,1000,32.428745
105.39711,nantes,1000,30.434532
5067.4824,nantes,1000,333.0
0.023184,nantes,1000,333.0
58.31223,nantes,1000,40.694153
75.06652,nantes,1000,37.66332
92.44556,nantes,1000,35.016205
108.9893,nantes,1000,32.6894
5073.9263,nantes,1000,333.0
0.021243,lyon,1000,333.0
29.030197,lyon,1000,14.871504
43.244267,lyon,1000,14.754765
57.90058,lyon,1000,14.643372
71.7525,lyon,1000,14.537
5111.6094,lyon,1000,333.0
0.039234,nantes,1000,333.0
61.70318,nantes,1000,45.05998
78.708496,nantes,1000,41.50902
96.12378,nantes,1000,38.386658
112.66503,nantes,1000,35.63966
5079.689,nantes,1000,333.0
0.019428,nantes,1000,333.0
57.718422,nantes,1000,23.297453
74.750046,nantes,1000,22.46014
92.072426,nantes,1000,21.707994
108.566124,nantes,1000,21.047964
5046.6113,nantes,1000,333.0
0.026285999,nantes,1000,333.0
57.04944,nantes,1000,19.03889
74.07255,nantes,1000,18.734991
91.480415,nantes,1000,18.439327
108.00622,nantes,1000,18.190296
5052.779,nantes,1000,333.0
0.020478,nantes,1000,333.0
59.050537,nantes,1000,17.44512
75.967155,nantes,1000,17.339375
93.486305,nantes,1000,17.22791
110.00883,nantes,1000,17.131207
5057.944,nantes,1000,333.0
0.028691,nantes,1000,333.0
51.98288,nantes,1000,35.205917
68.87718,nantes,1000,32.870834
86.15964,nantes,1000,30.82612
102.714806,nantes,1000,29.034483
5064.189,nantes,1000,333.0
0.037007,nantes,1000,333.0
55.02201,nantes,1000,38.195187
71.97037,nantes,1000,35.48817
89.549576,nantes,1000,33.114334
106.24205,nantes,1000,31.04124
5069.8394,nantes,1000,333.0
0.0129700005,nancy,1000,333.0
18.52615,nancy,1000,9.655804
28.060108,nancy,1000,9.548266
37.453743,nancy,1000,9.428132
46.433445,nancy,1000,9.32971
5144.225,nancy,1000,333.0
0.015222,nancy,1000,333.0
18.353605,nancy,1000,9.56744
27.752647,nancy,1000,9.45421
36.937794,nancy,1000,9.338557
45.46811,nancy,1000,9.231305
5147.935,nancy,1000,333.0
0.014191001,nancy,1000,333.0
18.425638,nancy,1000,9.596782
27.285795,nancy,1000,9.478502
36.425686,nancy,1000,9.365609
45.007057,nancy,1000,9.261037
5151.861,nancy,1000,333.0
0.013934,nancy,1000,333.0
18.18233,nancy,1000,9.487639
27.207516,nancy,1000,9.375701
36.464073,nancy,1000,9.274303
45.10692,nancy,1000,9.170015
5155.399,nancy,1000,333.0
0.024013,lyon,1000,333.0
28.876009,lyon,1000,14.785502
43.118114,lyon,1000,14.680743
58.049084,lyon,1000,14.583086
71.842766,lyon,1000,14.476028
5116.684,lyon,1000,333.0
0.019607,nancy,1000,333.0
18.187965,nancy,1000,9.566188
27.636292,nancy,1000,9.459867
36.72622,nancy,1000,9.32763
45.376698,nancy,1000,9.223744
5159.113,nancy,1000,333.0
0.024497,lyon,1000,333.0
45.769,lyon,1000,18.631233
59.962337,lyon,1000,18.03907
74.84566,lyon,1000,17.505442
88.75043,lyon,1000,17.044823
5039.088,lyon,1000,333.0
0.027148,lyon,1000,333.0
47.18921,lyon,1000,15.141026
61.502853,lyon,1000,14.992088
76.2764,lyon,1000,14.854611
90.06616,lyon,1000,14.714156
5045.1235,lyon,1000,333.0
0.023381,lyon,1000,333.0
50.020535,lyon,1000,14.839981
64.33537,lyon,1000,14.725711
79.31236,lyon,1000,14.613463
93.223,lyon,1000,14.5137
5050.515,lyon,1000,333.0
0.030972999,lyon,1000,333.0
54.96496,lyon,1000,14.899436
69.55966,lyon,1000,14.785577
84.388725,lyon,1000,14.66834
98.19272,lyon,1000,14.552874
5057.01,lyon,1000,333.0
0.029705,lyon,1000,333.0
48.923264,lyon,1000,34.739384
63.33463,lyon,1000,32.143353
78.04625,lyon,1000,29.858168
91.829025,lyon,1000,27.839083
5062.742,lyon,1000,333.0
0.026705,lyon,1000,333.0
29.37224,lyon,1000,14.78893
43.54445,lyon,1000,14.67373
58.453266,lyon,1000,14.560277
72.281136,lyon,1000,14.460252
5014.254,lyon,1000,333.0
0.017405,lyon,1000,333.0
32.437428,lyon,1000,17.983347
46.59667,lyon,1000,17.470856
61.212143,lyon,1000,17.011091
75.09203,lyon,1000,16.611515
5020.351,lyon,1000,333.0
0.031200001,lyon,1000,333.0
31.904022,lyon,1000,17.744648
46.040375,lyon,1000,17.237022
60.70032,lyon,1000,16.797523
74.532074,lyon,1000,16.40923
5026.0493,lyon,1000,333.0
0.02853,lyon,1000,333.0
37.27168,lyon,1000,17.076263
51.632103,lyon,1000,16.689474
66.345825,lyon,1000,16.330692
80.30554,lyon,1000,16.017805
5032.0986,lyon,1000,333.0
0.033415,lyon,1000,333.0
28.856485,lyon,1000,14.786664
43.131313,lyon,1000,14.678545
57.61695,lyon,1000,14.559613
71.3775,lyon,1000,14.451863
5123.314,lyon,1000,333.0
0.034398,lyon,1000,333.0
45.00625,lyon,1000,19.367125
59.27014,lyon,1000,18.690449
74.181496,lyon,1000,18.091806
88.031784,lyon,1000,17.553055
5037.518,lyon,1000,333.0
0.022374,rennes,1000,333.0
39.312073,rennes,1000,20.869677
54.521534,rennes,1000,20.12437
69.95849,rennes,1000,19.443993
84.8568,rennes,1000,18.86482
5030.384,rennes,1000,333.0
0.019810999,rennes,1000,333.0
45.25365,rennes,1000,22.515654
60.595047,rennes,1000,21.562551
76.23884,rennes,1000,20.728802
91.06276,rennes,1000,19.983566
5034.7036,rennes,1000,333.0
0.022742001,rennes,1000,333.0
47.915016,rennes,1000,20.193626
63.245373,rennes,1000,19.53814
78.94737,rennes,1000,18.947144
93.901924,rennes,1000,18.434553
5039.653,rennes,1000,333.0
0.0202,rennes,1000,333.0
54.3501,rennes,1000,21.687239
69.51698,rennes,1000,20.835588
85.1051,rennes,1000,20.078201
99.910934,rennes,1000,19.412348
5044.6465,rennes,1000,333.0
0.022823,rennes,1000,333.0
53.14584,rennes,1000,17.450813
68.541214,rennes,1000,17.118843
84.39017,rennes,1000,16.827963
99.241394,rennes,1000,16.573858
5049.4814,rennes,1000,333.0
0.022888,nantes,1000,333.0
53.524338,nantes,1000,19.53051
70.524796,nantes,1000,19.168114
88.1625,nantes,1000,18.836138
104.71003,nantes,1000,18.541138
4977.466,nantes,1000,333.0
0.018731,nantes,1000,333.0
55.73881,nantes,1000,18.024628
72.66543,nantes,1000,17.852112
90.05647,nantes,1000,17.675974
106.58793,nantes,1000,17.52442
4983.6406,nantes,1000,333.0
0.021519,nantes,1000,333.0
48.092274,nantes,1000,31.345543
65.18544,nantes,1000,29.506811
82.66697,nantes,1000,27.872068
99.26157,nantes,1000,26.452658
4989.281,nantes,1000,333.0
0.027044,nantes,1000,333.0
52.113308,nantes,1000,35.368378
69.07261,nantes,1000,33.02132
86.33468,nantes,1000,30.94903
102.882774,nantes,1000,29.140368
4995.68,nantes,1000,333.0
0.033609997,lyon,1000,333.0
28.971888,lyon,1000,14.848823
43.466583,lyon,1000,14.735699
58.120052,lyon,1000,14.618908
72.00744,lyon,1000,14.510439
5128.3857,lyon,1000,333.0
0.034245,nantes,1000,333.0
34.291058,nantes,1000,17.39333
51.514904,nantes,1000,17.303228
69.19665,nantes,1000,17.205387
85.709366,nantes,1000,17.109911
5001.36,nantes,1000,333.0
0.023241,nantes,1000,333.0
54.297295,nantes,1000,22.633055
71.40136,nantes,1000,21.873764
88.96971,nantes,1000,21.210869
105.48517,nantes,1000,20.615385
4973.5977,nantes,1000,333.0
0.03402,nantes,1000,333.0
53.699177,nantes,1000,18.727287
70.68669,nantes,1000,18.46438
88.33218,nantes,1000,18.226986
104.88579,nantes,1000,18.010328
4980.0015,nantes,1000,333.0
0.025224999,nantes,1000,333.0
45.116573,nantes,1000,28.464762
62.084946,nantes,1000,26.976437
79.55199,nantes,1000,25.669888
95.96487,nantes,1000,24.50413
4985.25,nantes,1000,333.0
0.028426,nantes,1000,333.0
50.24043,nantes,1000,33.52944
67.11483,nantes,1000,31.404081
84.549934,nantes,1000,29.541666
100.99882,nantes,1000,27.897594
4992.2417,nantes,1000,333.0
0.029093001,nantes,1000,333.0
52.996433,nantes,1000,36.153305
70.002884,nantes,1000,33.697952
87.5719,nantes,1000,31.550825
104.30575,nantes,1000,29.680166
4998.136,nantes,1000,333.0
0.019049,lyon,1000,333.0
34.997948,lyon,1000,20.94941
49.049835,lyon,1000,20.046865
63.903748,lyon,1000,19.273159
77.88283,lyon,1000,18.591938
4951.824,lyon,1000,333.0
0.020961002,lyon,1000,333.0
1033.0338,lyon,1000,15.015151
1047.4066,lyon,1000,14.891056
1062.2438,lyon,1000,14.763918
1076.0768,lyon,1000,14.637853
4957.7705,lyon,1000,333.0
0.030904,lyon,1000,333.0
39.756325,lyon,1000,16.912271
54.364048,lyon,1000,16.548481
69.09299,lyon,1000,16.2141
82.9655,lyon,1000,15.913068
4962.7627,lyon,1000,333.0
0.025285,lyon,1000,333.0
43.83633,lyon,1000,15.638258
58.0822,lyon,1000,15.419956
72.92765,lyon,1000,15.232825
86.88668,lyon,1000,15.06262
4969.176,lyon,1000,333.0
0.013165001,nancy,1000,333.0
18.446325,nancy,1000,9.626947
27.772276,nancy,1000,9.504782
37.697575,nancy,1000,9.377294
46.242905,nancy,1000,9.266352
5189.2427,nancy,1000,333.0
0.03494,lyon,1000,333.0
45.91184,lyon,1000,14.794754
60.33873,lyon,1000,14.680439
75.03116,lyon,1000,14.574808
88.91167,lyon,1000,14.470713
4974.497,lyon,1000,333.0
0.014214,nancy,1000,333.0
18.309427,nancy,1000,9.492429
27.376453,nancy,1000,9.391496
36.542564,nancy,1000,9.281292
45.083195,nancy,1000,9.182342
5067.0337,nancy,1000,333.0
0.014169,nancy,1000,333.0
18.470161,nancy,1000,9.656716
27.761023,nancy,1000,9.5207205
36.836594,nancy,1000,9.398192
45.666504,nancy,1000,9.292329
5070.736,nancy,1000,333.0
0.0145459995,nancy,1000,333.0
18.133348,nancy,1000,9.42453
27.546736,nancy,1000,9.331634
36.927814,nancy,1000,9.213905
45.65279,nancy,1000,9.133529
5074.5537,nancy,1000,333.0
0.016890999,nancy,1000,333.0
18.467342,nancy,1000,9.697662
27.443201,nancy,1000,9.5582485
36.661423,nancy,1000,9.438344
45.28156,nancy,1000,9.316356
5078.552,nancy,1000,333.0
0.022597,nancy,1000,333.0
18.355747,nancy,1000,9.57428
27.293682,nancy,1000,9.464077
36.79229,nancy,1000,9.357526
45.38844,nancy,1000,9.253862
5082.558,nancy,1000,333.0
0.011847,nancy,1000,333.0
40.755295,nancy,1000,9.443077
49.531624,nancy,1000,9.334586
59.40501,nancy,1000,9.212431
68.07389,nancy,1000,9.124862
5041.3228,nancy,1000,333.0
0.012849,nancy,1000,333.0
42.92406,nancy,1000,9.456423
51.627525,nancy,1000,9.335304
60.685112,nancy,1000,9.226059
69.202126,nancy,1000,9.131037
5045.0103,nancy,1000,333.0
0.016143,nancy,1000,333.0
46.147064,nancy,1000,9.550554
55.163116,nancy,1000,9.435777
64.25087,nancy,1000,9.318618
72.76314,nancy,1000,9.211814
5048.9604,nancy,1000,333.0
0.014797,nancy,1000,333.0
42.29421,nancy,1000,33.457523
51.850098,nancy,1000,30.37708
61.269283,nancy,1000,27.662228
70.03615,nancy,1000,25.282064
5053.069,nancy,1000,333.0
0.017569,nancy,1000,333.0
18.319435,nancy,1000,9.575823
27.595161,nancy,1000,9.460333
36.98341,nancy,1000,9.335992
45.589146,nancy,1000,9.237707
5193.1763,nancy,1000,333.0
0.020678,nancy,1000,333.0
45.457817,nancy,1000,36.787582
54.28002,nancy,1000,33.260536
63.58868,nancy,1000,30.171871
72.20202,nancy,1000,27.468372
5057.0513,nancy,1000,333.0
0.026752999,rennes,1000,333.0
36.948006,rennes,1000,20.077688
52.35076,rennes,1000,19.434416
67.927086,rennes,1000,18.843851
82.90715,rennes,1000,18.34504
4956.9004,rennes,1000,333.0
0.017267,rennes,1000,333.0
39.97529,rennes,1000,18.483606
55.154305,rennes,1000,18.035563
70.82427,rennes,1000,17.634235
85.74391,rennes,1000,17.278727
4961.551,rennes,1000,333.0
0.026441999,rennes,1000,333.0
43.97358,rennes,1000,17.754984
59.15168,rennes,1000,17.394567
74.69282,rennes,1000,17.068079
89.45137,rennes,1000,16.772608
4966.2676,rennes,1000,333.0
0.01839,rennes,1000,333.0
46.713802,rennes,1000,17.16438
62.07506,rennes,1000,16.894552
77.90033,rennes,1000,16.641245
92.90671,rennes,1000,16.420345
4971.375,rennes,1000,333.0
0.024426,rennes,1000,333.0
49.230312,rennes,1000,16.4202
64.54172,rennes,1000,16.242147
80.315186,rennes,1000,16.07003
95.3295,rennes,1000,15.920811
4976.269,rennes,1000,333.0
0.025254,lyon,1000,333.0
28.539764,lyon,1000,14.673505
42.74025,lyon,1000,14.573685
57.326855,lyon,1000,14.471427
71.16983,lyon,1000,14.383385
4918.9224,lyon,1000,333.0
0.026006,lyon,1000,333.0
28.53353,lyon,1000,14.630666
42.737103,lyon,1000,14.539896
57.438274,lyon,1000,14.448977
71.313446,lyon,1000,14.359913
4925.029,lyon,1000,333.0
0.061658997,lyon,1000,333.0
29.956785,lyon,1000,14.861484
44.397373,lyon,1000,14.752887
59.077354,lyon,1000,14.637407
73.012856,lyon,1000,14.532964
4930.307,lyon,1000,333.0
0.033242,lyon,1000,333.0
35.13798,lyon,1000,14.793639
49.295704,lyon,1000,14.670218
64.00435,lyon,1000,14.56283
77.868835,lyon,1000,14.467904
4937.1255,lyon,1000,333.0
0.01263,nancy,1000,333.0
18.316706,nancy,1000,9.604439
27.638466,nancy,1000,9.483573
36.737934,nancy,1000,9.369747
45.47749,nancy,1000,9.271697
5197.279,nancy,1000,333.0
0.080498,lyon,1000,333.0
30.148615,lyon,1000,14.784183
44.46227,lyon,1000,14.678834
59.2533,lyon,1000,14.576987
73.104065,lyon,1000,14.473038
4942.3003,lyon,1000,333.0
0.02258,rennes,1000,333.0
30.95368,rennes,1000,15.952453
46.180126,rennes,1000,15.822252
61.80671,rennes,1000,15.704214
76.7481,rennes,1000,15.592839
4946.2974,rennes,1000,333.0
0.01986,rennes,1000,333.0
34.689743,rennes,1000,19.439953
49.86919,rennes,1000,18.873028
65.40574,rennes,1000,18.360819
80.29359,rennes,1000,17.918577
4950.751,rennes,1000,333.0
0.031395,rennes,1000,333.0
34.469543,rennes,1000,19.272505
49.892887,rennes,1000,18.721842
65.552826,rennes,1000,18.227652
80.36331,rennes,1000,17.793447
4955.191,rennes,1000,333.0
0.021504,rennes,1000,333.0
41.877922,rennes,1000,21.508972
57.08732,rennes,1000,20.682476
72.75713,rennes,1000,19.95086
87.679245,rennes,1000,19.314552
4960.303,rennes,1000,333.0
0.033394,rennes,1000,333.0
47.14706,rennes,1000,22.293943
62.32489,rennes,1000,21.368507
77.88441,rennes,1000,20.54434
92.669106,rennes,1000,19.817589
4964.7827,rennes,1000,333.0
0.022181999,nantes,1000,333.0
34.32212,nantes,1000,17.487356
51.25748,nantes,1000,17.380188
68.70035,nantes,1000,17.267256
85.373825,nantes,1000,17.180233
4863.283,nantes,1000,333.0
0.022919,nantes,1000,333.0
34.509933,nantes,1000,17.593987
51.274155,nantes,1000,17.454742
68.73043,nantes,1000,17.340584
85.29812,nantes,1000,17.234367
4869.4775,nantes,1000,333.0
0.025309,nantes,1000,333.0
34.760838,nantes,1000,17.86492
51.765224,nantes,1000,17.717623
69.34848,nantes,1000,17.582209
86.04062,nantes,1000,17.453655
4874.648,nantes,1000,333.0
0.031241002,nantes,1000,333.0
34.235508,nantes,1000,17.430634
51.18462,nantes,1000,17.323765
68.589,nantes,1000,17.22782
85.16758,nantes,1000,17.130396
4881.3374,nantes,1000,333.0
0.016476,nancy,1000,333.0
17.898354,nancy,1000,9.367501
26.582392,nancy,1000,9.256137
35.842075,nancy,1000,9.158665
44.50478,nancy,1000,9.076135
5201.204,nancy,1000,333.0
0.034578,nantes,1000,333.0
34.30656,nantes,1000,17.501755
51.344814,nantes,1000,17.37866
68.766914,nantes,1000,17.277952
85.533775,nantes,1000,17.193777
4886.9155,nantes,1000,333.0
0.012984999,nancy,1000,333.0
37.26479,nancy,1000,9.475834
46.45576,nancy,1000,9.373523
55.733925,nancy,1000,9.259938
64.4485,nancy,1000,9.172619
4967.365,nancy,1000,333.0
0.016184,nancy,1000,333.0
33.78187,nancy,1000,25.022966
43.2144,nancy,1000,22.980688
53.13901,nancy,1000,21.18554
61.797653,nancy,1000,19.613424
4971.0127,nancy,1000,333.0
0.015940001,nancy,1000,333.0
36.332943,nancy,1000,27.730177
45.58251,nancy,1000,25.335228
54.490845,nancy,1000,23.209484
63.064217,nancy,1000,21.369177
4975.0996,nancy,1000,333.0
0.016234,nancy,1000,333.0
38.59504,nancy,1000,30.084389
48.068687,nancy,1000,27.414473
57.25028,nancy,1000,25.051165
65.92575,nancy,1000,22.986788
4979.092,nancy,1000,333.0
0.016960999,nancy,1000,333.0
18.116362,nancy,1000,9.433458
27.314983,nancy,1000,9.346667
37.12112,nancy,1000,9.248062
45.86856,nancy,1000,9.166184
4983.147,nancy,1000,333.0
0.01641,rennes,1000,333.0
30.969036,rennes,1000,16.002035
46.245235,rennes,1000,15.861075
61.933994,rennes,1000,15.736822
76.686165,rennes,1000,15.606985
4912.531,rennes,1000,333.0
0.018752,rennes,1000,333.0
31.002958,rennes,1000,15.7205105
46.290512,rennes,1000,15.606977
61.97169,rennes,1000,15.512158
76.78768,rennes,1000,15.418275
4917.2456,rennes,1000,333.0
0.026282,rennes,1000,333.0
30.456253,rennes,1000,15.637452
45.614967,rennes,1000,15.538635
61.16282,rennes,1000,15.444997
76.107544,rennes,1000,15.367078
4921.91,rennes,1000,333.0
0.016448,rennes,1000,333.0
31.966276,rennes,1000,16.4091
47.11292,rennes,1000,16.216982
62.69814,rennes,1000,16.049877
77.643364,rennes,1000,15.895644
4927.6675,rennes,1000,333.0
0.019212998,lyon,1000,333.0
28.876976,lyon,1000,14.802657
43.13072,lyon,1000,14.696049
57.877983,lyon,1000,14.594498
71.65312,lyon,1000,14.478548
5083.433,lyon,1000,333.0
0.019454999,nancy,1000,333.0
18.687658,nancy,1000,9.853072
28.221544,nancy,1000,9.7191
37.680386,nancy,1000,9.583068
46.39045,nancy,1000,9.455606
5186.7163,nancy,1000,333.0
0.024853,rennes,1000,333.0
30.866055,rennes,1000,15.691625
46.02388,rennes,1000,15.579419
61.61064,rennes,1000,15.481258
76.52474,rennes,1000,15.402165
4777.359,rennes,1000,333.0
0.019394,rennes,1000,333.0
30.882318,rennes,1000,15.69863
46.087955,rennes,1000,15.600358
61.950577,rennes,1000,15.50527
76.76668,rennes,1000,15.412211
5048.7324,rennes,1000,333.0
0.023366999,rennes,1000,333.0
30.798,rennes,1000,15.743664
46.118782,rennes,1000,15.619211
61.551735,rennes,1000,15.509749
76.49271,rennes,1000,15.419492
5053.596,rennes,1000,333.0
0.020806,rennes,1000,333.0
30.720661,rennes,1000,15.789688
45.86975,rennes,1000,15.675074
61.314713,rennes,1000,15.553028
76.05393,rennes,1000,15.44454
5058.3135,rennes,1000,333.0
0.025595,rennes,1000,333.0
31.039568,rennes,1000,15.893571
46.48723,rennes,1000,15.775915
62.300262,rennes,1000,15.661672
77.4693,rennes,1000,15.550507
5063.063,rennes,1000,333.0
0.027765,rennes,1000,333.0
30.69519,rennes,1000,15.655223
45.89519,rennes,1000,15.550921
61.34669,rennes,1000,15.4457855
76.05648,rennes,1000,15.346846
5068.058,rennes,1000,333.0
0.019729,nantes,1000,333.0
47.10428,nantes,1000,30.199415
64.16489,nantes,1000,28.510574
81.7345,nantes,1000,27.017883
98.34581,nantes,1000,25.704773
5050.2266,nantes,1000,333.0
0.035565,nantes,1000,333.0
34.529907,nantes,1000,17.625063
51.279762,nantes,1000,17.479273
68.69524,nantes,1000,17.353575
85.25023,nantes,1000,17.237728
5056.3535,nantes,1000,333.0
0.02121,nantes,1000,333.0
34.74289,nantes,1000,17.92746
51.76498,nantes,1000,17.764935
69.340294,nantes,1000,17.623932
85.763016,nantes,1000,17.459991
5061.7773,nantes,1000,333.0
0.033484,nantes,1000,333.0
34.598206,nantes,1000,17.70748
51.625904,nantes,1000,17.561396
69.30873,nantes,1000,17.434256
85.70159,nantes,1000,17.296312
5068.2524,nantes,1000,333.0
0.0321,lyon,1000,333.0
28.89562,lyon,1000,14.811204
43.08075,lyon,1000,14.698795
57.74299,lyon,1000,14.599594
71.60134,lyon,1000,14.490905
5089.551,lyon,1000,333.0
0.038552,nantes,1000,333.0
34.415165,nantes,1000,17.551147
51.44708,nantes,1000,17.425735
68.96957,nantes,1000,17.31764
85.59689,nantes,1000,17.221596
5074.2134,nantes,1000,333.0
0.023634,nantes,1000,333.0
39.56072,nantes,1000,19.65487
56.630463,nantes,1000,19.290297
74.26193,nantes,1000,18.952665
90.86742,nantes,1000,18.642561
5017.232,nantes,1000,333.0
0.021534001,nantes,1000,333.0
44.32682,nantes,1000,19.923847
61.422333,nantes,1000,19.511787
78.96895,nantes,1000,19.151579
95.57549,nantes,1000,18.825972
5023.5273,nantes,1000,333.0
0.029401999,nantes,1000,333.0
44.939182,nantes,1000,18.467077
62.07136,nantes,1000,18.237389
79.579865,nantes,1000,18.023623
96.119606,nantes,1000,17.829264
5028.7734,nantes,1000,333.0
0.030192,nantes,1000,333.0
38.566696,nantes,1000,21.925013
55.335213,nantes,1000,21.240614
72.5727,nantes,1000,20.641666
89.09195,nantes,1000,20.110147
5035.854,nantes,1000,333.0
0.036587,nantes,1000,333.0
41.660126,nantes,1000,24.839363
58.709377,nantes,1000,23.822096
76.533455,nantes,1000,22.923725
92.99703,nantes,1000,22.108139
5041.525,nantes,1000,333.0
0.013066,nancy,1000,333.0
18.477486,nancy,1000,9.638322
27.87176,nancy,1000,9.519172
37.044914,nancy,1000,9.39508
45.72284,nancy,1000,9.28574
5115.0566,nancy,1000,333.0
0.012401001,nancy,1000,333.0
18.40888,nancy,1000,9.570889
27.856699,nancy,1000,9.464094
36.94894,nancy,1000,9.352534
45.48538,nancy,1000,9.244748
5118.978,nancy,1000,333.0
0.013366,nancy,1000,333.0
18.418932,nancy,1000,9.596245
27.795532,nancy,1000,9.481478
37.34526,nancy,1000,9.3764305
46.1091,nancy,1000,9.281776
5122.965,nancy,1000,333.0
0.017061,nancy,1000,333.0
18.243776,nancy,1000,9.485619
27.572903,nancy,1000,9.378337
36.653126,nancy,1000,9.273246
45.30266,nancy,1000,9.175684
5126.828,nancy,1000,333.0
0.025026,lyon,1000,333.0
29.102083,lyon,1000,14.925452
43.318935,lyon,1000,14.788991
58.196636,lyon,1000,14.676788
72.05545,lyon,1000,14.557467
5094.2544,lyon,1000,333.0
0.020592999,nancy,1000,333.0
18.123339,nancy,1000,9.376352
27.431885,nancy,1000,9.283385
36.85648,nancy,1000,9.190724
45.531498,nancy,1000,9.107643
5130.599,nancy,1000,333.0
0.02292,lyon,1000,333.0
28.85874,lyon,1000,14.741793
43.31886,lyon,1000,14.637977
58.01582,lyon,1000,14.538168
71.92407,lyon,1000,14.4499035
5004.8438,lyon,1000,333.0
0.024508,lyon,1000,333.0
31.559385,lyon,1000,17.273876
45.92149,lyon,1000,16.856724
60.81571,lyon,1000,16.483444
74.68474,lyon,1000,16.140207
5011.317,lyon,1000,333.0
0.025633,lyon,1000,333.0
35.23579,lyon,1000,16.582989
49.46666,lyon,1000,16.248278
64.097404,lyon,1000,15.939781
77.99776,lyon,1000,15.673993
5016.5854,lyon,1000,333.0
0.026608001,lyon,1000,333.0
37.46556,lyon,1000,15.194097
51.746456,lyon,1000,15.036133
66.39401,lyon,1000,14.889344
80.25096,lyon,1000,14.75005
5022.723,lyon,1000,333.0
0.027998,lyon,1000,333.0
40.861374,lyon,1000,15.2540245
55.334824,lyon,1000,15.090768
70.11756,lyon,1000,14.938578
84.09608,lyon,1000,14.801497
5028.5103,lyon,1000,333.0
0.01926,lyon,1000,333.0
29.73806,lyon,1000,14.897212
44.19325,lyon,1000,14.787005
58.885536,lyon,1000,14.656836
72.74708,lyon,1000,14.54798
5002.4927,lyon,1000,333.0
0.020264,lyon,1000,333.0
30.371431,lyon,1000,16.251022
44.55339,lyon,1000,15.941153
59.28051,lyon,1000,15.680569
73.048904,lyon,1000,15.43437
5008.613,lyon,1000,333.0
0.028643,lyon,1000,333.0
33.402588,lyon,1000,16.516563
47.98323,lyon,1000,16.193918
62.57984,lyon,1000,15.893493
76.53391,lyon,1000,15.632618
5013.974,lyon,1000,333.0
0.028114,lyon,1000,333.0
37.305794,lyon,1000,16.101946
51.604527,lyon,1000,15.832555
66.50044,lyon,1000,15.568396
80.313995,lyon,1000,15.340429
5020.2114,lyon,1000,333.0
0.026803,lyon,1000,333.0
28.885069,lyon,1000,14.771914
43.2726,lyon,1000,14.66435
57.885994,lyon,1000,14.559192
71.77934,lyon,1000,14.46616
5101.5493,lyon,1000,333.0
0.037678,lyon,1000,333.0
39.15638,lyon,1000,15.3514185
53.54065,lyon,1000,15.172149
68.38427,lyon,1000,15.000928
82.19703,lyon,1000,14.843603
5026.0,lyon,1000,333.0
0.02352,rennes,1000,333.0
37.161587,rennes,1000,16.746777
52.370865,rennes,1000,16.510393
67.86379,rennes,1000,16.29594
82.76615,rennes,1000,16.113926
5019.3438,rennes,1000,333.0
0.01921,rennes,1000,333.0
39.297337,rennes,1000,16.844917
54.474346,rennes,1000,16.600689
70.06198,rennes,1000,16.380516
84.97336,rennes,1000,16.190107
5023.7534,rennes,1000,333.0
0.019705,rennes,1000,333.0
42.506954,rennes,1000,16.754242
57.67724,rennes,1000,16.520979
73.62251,rennes,1000,16.317408
88.50051,rennes,1000,16.121124
5028.548,rennes,1000,333.0
0.02685,rennes,1000,333.0
35.094887,rennes,1000,19.723091
50.320744,rennes,1000,19.117424
65.944305,rennes,1000,18.581675
80.837906,rennes,1000,18.104635
5033.045,rennes,1000,333.0
0.021182999,rennes,1000,333.0
38.96536,rennes,1000,23.684986
54.197475,rennes,1000,22.588932
69.77091,rennes,1000,21.614653
84.67737,rennes,1000,20.759377
5037.9053,rennes,1000,333.0
0.019827,nantes,1000,333.0
51.570488,nantes,1000,17.57456
68.449,nantes,1000,17.441872
85.838196,nantes,1000,17.319231
102.4544,nantes,1000,17.218147
4956.949,nantes,1000,333.0
0.024926,nantes,1000,333.0
43.449867,nantes,1000,26.72045
60.522064,nantes,1000,25.463432
77.896126,nantes,1000,24.340466
94.35104,nantes,1000,23.346514
4962.5977,nantes,1000,333.0
0.02341,nantes,1000,333.0
47.31306,nantes,1000,30.627018
64.18987,nantes,1000,28.868563
81.79241,nantes,1000,27.329178
98.483826,nantes,1000,25.982368
4968.823,nantes,1000,333.0
0.043949,nantes,1000,333.0
51.91952,nantes,1000,34.972458
68.858406,nantes,1000,32.666176
86.51739,nantes,1000,30.649921
103.15665,nantes,1000,28.881403
4975.0176,nantes,1000,333.0
0.028502,lyon,1000,333.0
29.018288,lyon,1000,14.89279
43.57205,lyon,1000,14.778737
58.55595,lyon,1000,14.667918
72.46212,lyon,1000,14.5552435
5107.069,lyon,1000,333.0
0.036723997,nantes,1000,333.0
34.3229,nantes,1000,17.503159
51.399586,nantes,1000,17.394197
68.857285,nantes,1000,17.283073
85.4078,nantes,1000,17.182896
4981.182,nantes,1000,333.0
0.019479,nantes,1000,333.0
37.954865,nantes,1000,17.487001
55.07993,nantes,1000,17.392239
72.65759,nantes,1000,17.288258
89.50752,nantes,1000,17.193388
4939.6113,nantes,1000,333.0
0.023611002,nantes,1000,333.0
43.642605,nantes,1000,17.481096
60.829502,nantes,1000,17.385695
78.02705,nantes,1000,17.264954
94.582565,nantes,1000,17.167921
4946.0874,nantes,1000,333.0
0.02027,nantes,1000,333.0
48.143784,nantes,1000,17.566412
65.055984,nantes,1000,17.44631
82.64585,nantes,1000,17.337593
99.36343,nantes,1000,17.242624
4951.992,nantes,1000,333.0
0.052075,nantes,1000,333.0
52.633644,nantes,1000,17.692122
69.89334,nantes,1000,17.56508
87.13656,nantes,1000,17.416744
103.747185,nantes,1000,17.307014
4958.747,nantes,1000,333.0
0.032938,nantes,1000,333.0
44.474503,nantes,1000,27.756317
61.63526,nantes,1000,26.364307
79.14296,nantes,1000,25.128176
95.84167,nantes,1000,24.056044
4964.361,nantes,1000,333.0
0.02478,lyon,1000,333.0
47.024364,lyon,1000,14.91051
61.336315,lyon,1000,14.793131
76.05875,lyon,1000,14.663048
89.97579,lyon,1000,14.555095
4955.061,lyon,1000,333.0
0.022033,lyon,1000,333.0
40.931408,lyon,1000,25.992977
55.262173,lyon,1000,24.487135
70.011154,lyon,1000,23.15292
83.95595,lyon,1000,21.989609
4961.543,lyon,1000,333.0
0.024325,lyon,1000,333.0
44.5052,lyon,1000,30.41744
58.72523,lyon,1000,28.353115
73.34972,lyon,1000,26.529243
87.13155,lyon,1000,24.92735
4966.665,lyon,1000,333.0
0.030356,lyon,1000,333.0
49.501778,lyon,1000,35.409695
63.794865,lyon,1000,32.728912
78.74886,lyon,1000,30.372555
92.630104,lyon,1000,28.303703
4973.2935,lyon,1000,333.0
0.01215,nancy,1000,333.0
18.387648,nancy,1000,9.55709
27.626692,nancy,1000,9.453188
37.271233,nancy,1000,9.345497
45.995678,nancy,1000,9.249523
5170.914,nancy,1000,333.0
0.029365,lyon,1000,333.0
28.92777,lyon,1000,14.826565
43.23925,lyon,1000,14.709389
58.090923,lyon,1000,14.605659
72.022385,lyon,1000,14.501958
4978.3545,lyon,1000,333.0
0.01236,nancy,1000,333.0
29.314896,nancy,1000,9.520762
38.479687,nancy,1000,9.4224825
47.861404,nancy,1000,9.323817
56.59541,nancy,1000,9.231076
5017.175,nancy,1000,333.0
0.0145539995,nancy,1000,333.0
25.696487,nancy,1000,16.853544
35.119553,nancy,1000,15.839319
44.516293,nancy,1000,14.934211
53.21593,nancy,1000,14.136539
5020.8564,nancy,1000,333.0
0.0144690005,nancy,1000,333.0
28.144167,nancy,1000,19.423307
37.076946,nancy,1000,18.086288
46.35546,nancy,1000,16.888004
54.99191,nancy,1000,15.849028
5024.794,nancy,1000,333.0
0.016958,nancy,1000,333.0
30.462595,nancy,1000,21.862032
39.939808,nancy,1000,20.221256
48.992943,nancy,1000,18.758564
57.647102,nancy,1000,17.47667
5028.711,nancy,1000,333.0
0.016241,nancy,1000,333.0
18.133707,nancy,1000,9.452764
27.441488,nancy,1000,9.343829
36.69261,nancy,1000,9.244348
45.313732,nancy,1000,9.147038
5032.435,nancy,1000,333.0
0.0127570005,nancy,1000,333.0
23.256325,nancy,1000,9.746698
32.727535,nancy,1000,9.620111
42.302345,nancy,1000,9.488531
51.042423,nancy,1000,9.374094
5006.919,nancy,1000,333.0
0.014149,nancy,1000,333.0
27.604904,nancy,1000,10.462009
36.427685,nancy,1000,10.220997
45.920822,nancy,1000,10.008928
54.588306,nancy,1000,9.82291
5010.624,nancy,1000,333.0
0.014338001,nancy,1000,333.0
27.905893,nancy,1000,10.206234
36.841965,nancy,1000,10.020296
45.941357,nancy,1000,9.836575
54.611595,nancy,1000,9.679005
5014.204,nancy,1000,333.0
0.015894,nancy,1000,333.0
31.305946,nancy,1000,10.331854
40.314064,nancy,1000,10.124829
49.739063,nancy,1000,9.915535
58.72139,nancy,1000,9.7501135
5018.3022,nancy,1000,333.0
0.016319,nancy,1000,333.0
18.376152,nancy,1000,9.5445385
27.412088,nancy,1000,9.445119
36.617954,nancy,1000,9.341412
45.260483,nancy,1000,9.247882
5174.72,nancy,1000,333.0
0.018778,nancy,1000,333.0
26.353434,nancy,1000,17.761318
35.72363,nancy,1000,16.61724
44.782333,nancy,1000,15.598992
53.450962,nancy,1000,14.7223425
5022.309,nancy,1000,333.0
0.019483,rennes,1000,333.0
31.053892,rennes,1000,15.903922
46.37345,rennes,1000,15.796415
62.08475,rennes,1000,15.675068
77.011246,rennes,1000,15.5738535
4815.1284,rennes,1000,333.0
0.022165,rennes,1000,333.0
30.895844,rennes,1000,15.819134
46.077393,rennes,1000,15.704554
61.690464,rennes,1000,15.595108
76.558815,rennes,1000,15.49731
4819.709,rennes,1000,333.0
0.021967,rennes,1000,333.0
31.00342,rennes,1000,15.810124
46.26998,rennes,1000,15.703899
62.053303,rennes,1000,15.600112
76.87051,rennes,1000,15.495351
4824.3804,rennes,1000,333.0
0.019351,rennes,1000,333.0
31.028639,rennes,1000,15.884912
46.42628,rennes,1000,15.769342
61.95234,rennes,1000,15.650341
76.94738,rennes,1000,15.551356
4829.279,rennes,1000,333.0
0.021055,rennes,1000,333.0
31.144936,rennes,1000,15.816135
46.433285,rennes,1000,15.711391
62.231464,rennes,1000,15.597105
77.099884,rennes,1000,15.49796
4833.7915,rennes,1000,333.0
0.023643,lyon,1000,333.0
28.915607,lyon,1000,14.810795
43.268917,lyon,1000,14.696433
58.077488,lyon,1000,14.579766
71.955444,lyon,1000,14.482042
4789.3296,lyon,1000,333.0
0.029211,lyon,1000,333.0
28.832493,lyon,1000,14.78417
43.37811,lyon,1000,14.683161
58.101986,lyon,1000,14.567267
72.00638,lyon,1000,14.467051
4793.76,lyon,1000,333.0
0.025792,lyon,1000,333.0
28.905136,lyon,1000,14.813391
43.417625,lyon,1000,14.70693
58.206036,lyon,1000,14.59368
72.04777,lyon,1000,14.492327
4800.0503,lyon,1000,333.0
0.027712,lyon,1000,333.0
28.96736,lyon,1000,14.835726
43.45093,lyon,1000,14.731557
58.292522,lyon,1000,14.618118
72.15357,lyon,1000,14.514849
4805.282,lyon,1000,333.0
0.014179,nancy,1000,333.0
18.332277,nancy,1000,9.510439
27.264793,nancy,1000,9.403086
36.37934,nancy,1000,9.298088
45.085346,nancy,1000,9.213842
5178.7534,nancy,1000,333.0
0.048035,lyon,1000,333.0
29.05794,lyon,1000,14.813678
43.55464,lyon,1000,14.717743
58.34349,lyon,1000,14.612848
72.34266,lyon,1000,14.518122
4812.276,lyon,1000,333.0
0.018227,rennes,1000,333.0
30.736675,rennes,1000,15.765675
45.8832,rennes,1000,15.653772
61.38011,rennes,1000,15.540548
76.33797,rennes,1000,15.448823
4789.653,rennes,1000,333.0
0.017119,rennes,1000,333.0
30.844515,rennes,1000,15.841592
46.294487,rennes,1000,15.723467
61.889328,rennes,1000,15.613502
76.88594,rennes,1000,15.5194435
4794.1035,rennes,1000,333.0
0.020869,rennes,1000,333.0
31.295616,rennes,1000,15.861794
46.470043,rennes,1000,15.736918
62.139736,rennes,1000,15.630653
77.11232,rennes,1000,15.5322275
4798.67,rennes,1000,333.0
0.022165999,rennes,1000,333.0
30.902475,rennes,1000,15.844466
46.126038,rennes,1000,15.728101
61.840775,rennes,1000,15.620129
76.79731,rennes,1000,15.526603
4803.7456,rennes,1000,333.0
0.024903,rennes,1000,333.0
31.15825,rennes,1000,15.844295
46.451744,rennes,1000,15.725391
62.08395,rennes,1000,15.608922
77.02974,rennes,1000,15.508858
4808.641,rennes,1000,333.0
0.026518,nantes,1000,333.0
34.464638,nantes,1000,17.55432
51.61393,nantes,1000,17.445732
69.308205,nantes,1000,17.339136
86.01272,nantes,1000,17.240704
4728.872,nantes,1000,333.0
0.017316999,nantes,1000,333.0
34.262936,nantes,1000,17.452787
51.132893,nantes,1000,17.337627
68.61758,nantes,1000,17.240114
85.38264,nantes,1000,17.158178
4735.1807,nantes,1000,333.0
0.020252999,nantes,1000,333.0
34.43463,nantes,1000,17.590532
51.5836,nantes,1000,17.479883
69.14607,nantes,1000,17.362452
85.906,nantes,1000,17.267805
4740.2666,nantes,1000,333.0
0.026983,nantes,1000,333.0
34.64931,nantes,1000,17.798595
51.644062,nantes,1000,17.662643
69.09603,nantes,1000,17.527876
85.63647,nantes,1000,17.396936
4747.7734,nantes,1000,333.0
0.017397,nancy,1000,333.0
18.25701,nancy,1000,9.467072
27.3619,nancy,1000,9.37612
36.498962,nancy,1000,9.2750025
45.176014,nancy,1000,9.181711
5182.576,nancy,1000,333.0
0.034808,nantes,1000,333.0
34.26213,nantes,1000,17.50938
51.283943,nantes,1000,17.396975
68.853485,nantes,1000,17.285467
85.37345,nantes,1000,17.181377
4753.3467,nantes,1000,333.0
0.014226,nancy,1000,333.0
18.417677,nancy,1000,9.568459
27.398825,nancy,1000,9.447833
37.286415,nancy,1000,9.344135
45.98116,nancy,1000,9.251555
4848.853,nancy,1000,333.0
0.01271,nancy,1000,333.0
18.463528,nancy,1000,9.650063
27.574932,nancy,1000,9.532206
36.938362,nancy,1000,9.4052725
45.52084,nancy,1000,9.293546
4852.377,nancy,1000,333.0
0.012341,nancy,1000,333.0
18.505404,nancy,1000,9.650187
27.403746,nancy,1000,9.530924
36.68081,nancy,1000,9.416832
45.43544,nancy,1000,9.3156395
4856.3213,nancy,1000,333.0
0.015432,nancy,1000,333.0
18.148943,nancy,1000,9.460659
27.243128,nancy,1000,9.370152
36.373936,nancy,1000,9.274189
45.07229,nancy,1000,9.183963
4859.87,nancy,1000,333.0
0.017359,nancy,1000,333.0
18.327616,nancy,1000,9.456363
27.889917,nancy,1000,9.373891
37.252064,nancy,1000,9.28618
45.91233,nancy,1000,9.189276
4863.8604,nancy,1000,333.0
0.022976,rennes,1000,333.0
31.006018,rennes,1000,15.954705
46.370335,rennes,1000,15.8197155
62.283573,rennes,1000,15.702928
77.20618,rennes,1000,15.598449
4758.2847,rennes,1000,333.0
0.020882,rennes,1000,333.0
31.07163,rennes,1000,15.979081
46.47844,rennes,1000,15.84389
62.212177,rennes,1000,15.719896
77.12602,rennes,1000,15.605866
4763.188,rennes,1000,333.0
0.025599,rennes,1000,333.0
30.88853,rennes,1000,15.86437
46.45955,rennes,1000,15.75022
62.35274,rennes,1000,15.636569
77.25779,rennes,1000,15.538135
4767.7,rennes,1000,333.0
0.02028,rennes,1000,333.0
30.837755,rennes,1000,15.831361
46.30355,rennes,1000,15.716934
61.92204,rennes,1000,15.609162
76.67268,rennes,1000,15.494886
4772.669,rennes,1000,333.0
0.02783,lyon,1000,333.0
29.540287,lyon,1000,15.486546
43.89178,lyon,1000,15.290767
58.653282,lyon,1000,15.1125765
73.076675,lyon,1000,14.935962
5119.544,lyon,1000,333.0
0.01996,nancy,1000,333.0
18.79892,nancy,1000,9.852681
28.3137,nancy,1000,9.713725
37.76163,nancy,1000,9.590334
46.548893,nancy,1000,9.471436
5220.2407,nancy,1000,333.0
0.028417,rennes,1000,333.0
31.672705,rennes,1000,15.757645
46.978836,rennes,1000,15.657095
62.812283,rennes,1000,15.560794
77.76756,rennes,1000,15.4681015
4925.665,rennes,1000,333.0
0.019855,rennes,1000,333.0
30.787907,rennes,1000,15.8125515
46.050392,rennes,1000,15.702201
61.514473,rennes,1000,15.584859
76.480095,rennes,1000,15.4985075
5106.9556,rennes,1000,333.0
0.020255,rennes,1000,333.0
30.580637,rennes,1000,15.671195
45.7385,rennes,1000,15.568535
61.444748,rennes,1000,15.448019
76.21877,rennes,1000,15.354741
5111.572,rennes,1000,333.0
0.022552,rennes,1000,333.0
31.02822,rennes,1000,15.86457
46.49916,rennes,1000,15.761793
62.33201,rennes,1000,15.6647415
77.14874,rennes,1000,15.551788
5116.5044,rennes,1000,333.0
0.020194,rennes,1000,333.0
31.004845,rennes,1000,15.915597
46.405525,rennes,1000,15.797435
62.036594,rennes,1000,15.681843
76.82047,rennes,1000,15.562928
5121.8936,rennes,1000,333.0
0.028208,rennes,1000,333.0
30.893185,rennes,1000,15.767201
46.236298,rennes,1000,15.663266
61.843002,rennes,1000,15.558333
76.62416,rennes,1000,15.451051
5126.2417,rennes,1000,333.0
0.022719,nantes,1000,333.0
48.48446,nantes,1000,31.563763
65.55675,nantes,1000,29.687885
83.099464,nantes,1000,28.045288
99.675705,nantes,1000,26.603392
5090.7627,nantes,1000,333.0
0.021034,nantes,1000,333.0
53.48635,nantes,1000,36.441536
70.54239,nantes,1000,33.969093
88.16414,nantes,1000,31.796577
104.75989,nantes,1000,29.887629
5097.323,nantes,1000,333.0
0.024773,nantes,1000,333.0
34.48901,nantes,1000,17.518639
51.4212,nantes,1000,17.40496
68.688896,nantes,1000,17.284712
85.22392,nantes,1000,17.176702
5102.615,nantes,1000,333.0
0.031944,nantes,1000,333.0
34.59194,nantes,1000,17.67024
51.72456,nantes,1000,17.539589
69.10047,nantes,1000,17.418001
85.79947,nantes,1000,17.3113
5109.1904,nantes,1000,333.0
0.022131,lyon,1000,333.0
28.884516,lyon,1000,14.825264
43.117317,lyon,1000,14.716233
57.760136,lyon,1000,14.611725
71.776085,lyon,1000,14.520744
5125.8037,lyon,1000,333.0
0.036852002,nantes,1000,333.0
34.71904,nantes,1000,17.883667
51.706764,nantes,1000,17.715794
69.05483,nantes,1000,17.556705
85.639786,nantes,1000,17.42234
5114.9844,nantes,1000,333.0
0.059605002,nantes,1000,333.0
36.879486,nantes,1000,17.444283
53.921104,nantes,1000,17.349573
71.427216,nantes,1000,17.243355
87.978836,nantes,1000,17.148495
5042.2734,nantes,1000,333.0
0.055093,nantes,1000,333.0
34.41103,nantes,1000,17.63143
51.42301,nantes,1000,17.494484
68.79334,nantes,1000,17.35914
85.36055,nantes,1000,17.247719
5048.3,nantes,1000,333.0
0.023752,nantes,1000,333.0
35.127407,nantes,1000,18.287905
52.062256,nantes,1000,18.080809
69.473366,nantes,1000,17.879644
86.13164,nantes,1000,17.70486
5053.784,nantes,1000,333.0
0.044458,nantes,1000,333.0
36.675312,nantes,1000,18.793205
53.759758,nantes,1000,18.53127
71.28439,nantes,1000,18.272795
87.82021,nantes,1000,18.047003
5060.1655,nantes,1000,333.0
0.032217998,nantes,1000,333.0
43.193134,nantes,1000,19.582474
60.127407,nantes,1000,19.201796
77.55359,nantes,1000,18.850441
94.13176,nantes,1000,18.54445
5065.867,nantes,1000,333.0
0.011244,nancy,1000,333.0
18.44582,nancy,1000,9.649064
27.463865,nancy,1000,9.537567
37.502728,nancy,1000,9.420087
46.35682,nancy,1000,9.317775
5159.9395,nancy,1000,333.0
0.016803,nancy,1000,333.0
18.386845,nancy,1000,9.555492
27.807114,nancy,1000,9.445389
37.07125,nancy,1000,9.340424
45.70279,nancy,1000,9.233788
5163.6455,nancy,1000,333.0
0.014690001,nancy,1000,333.0
18.461508,nancy,1000,9.586292
27.667524,nancy,1000,9.471706
36.9854,nancy,1000,9.355252
45.673943,nancy,1000,9.253537
5167.378,nancy,1000,333.0
0.017104,nancy,1000,333.0
18.276787,nancy,1000,9.532935
27.34769,nancy,1000,9.425193
36.72905,nancy,1000,9.313207
45.50676,nancy,1000,9.227119
5171.0156,nancy,1000,333.0
0.025205,lyon,1000,333.0
29.035141,lyon,1000,14.860373
43.28587,lyon,1000,14.74497
58.03231,lyon,1000,14.633564
71.97432,lyon,1000,14.529875
5131.084,lyon,1000,333.0
0.017834,nancy,1000,333.0
18.289083,nancy,1000,9.578278
27.341906,nancy,1000,9.472757
36.595146,nancy,1000,9.360599
45.20547,nancy,1000,9.253377
5174.894,nancy,1000,333.0
0.024793,lyon,1000,333.0
30.218647,lyon,1000,14.781074
44.591072,lyon,1000,14.678378
59.328815,lyon,1000,14.568096
73.2208,lyon,1000,14.466914
5037.133,lyon,1000,333.0
0.025184,lyon,1000,333.0
28.930145,lyon,1000,14.836864
43.4502,lyon,1000,14.728932
58.043697,lyon,1000,14.617724
71.97856,lyon,1000,14.519969
5043.425,lyon,1000,333.0
0.024323002,lyon,1000,333.0
29.148243,lyon,1000,14.921529
43.53101,lyon,1000,14.799937
58.116848,lyon,1000,14.668221
72.08522,lyon,1000,14.564211
5048.367,lyon,1000,333.0
0.031119002,lyon,1000,333.0
30.657942,lyon,1000,16.50639
45.08837,lyon,1000,16.20287
59.939293,lyon,1000,15.910143
73.89695,lyon,1000,15.646638
5054.665,lyon,1000,333.0
0.026555,lyon,1000,333.0
33.01874,lyon,1000,14.912506
47.223343,lyon,1000,14.780295
62.066036,lyon,1000,14.66509
76.01189,lyon,1000,14.559768
5060.2,lyon,1000,333.0
0.022511,lyon,1000,333.0
28.876417,lyon,1000,14.796362
43.03481,lyon,1000,14.6794815
57.787197,lyon,1000,14.581177
71.706795,lyon,1000,14.490344
5029.965,lyon,1000,333.0
0.021665001,lyon,1000,333.0
29.781002,lyon,1000,15.493417
43.98179,lyon,1000,15.292339
58.473953,lyon,1000,15.095447
72.348434,lyon,1000,14.925584
5035.947,lyon,1000,333.0
0.095293,lyon,1000,333.0
29.174517,lyon,1000,14.775026
43.43609,lyon,1000,14.673839
58.2641,lyon,1000,14.565836
72.13261,lyon,1000,14.470549
5041.5547,lyon,1000,333.0
0.028314,lyon,1000,333.0
30.022535,lyon,1000,15.4378395
44.290684,lyon,1000,15.245232
59.01134,lyon,1000,15.073796
72.897484,lyon,1000,14.917967
5047.7397,lyon,1000,333.0
0.034776,lyon,1000,333.0
28.947933,lyon,1000,14.8341465
43.45048,lyon,1000,14.726685
58.13953,lyon,1000,14.62312
72.137314,lyon,1000,14.528451
5137.585,lyon,1000,333.0
0.035849,lyon,1000,333.0
31.393099,lyon,1000,17.315145
45.557896,lyon,1000,16.862766
60.21827,lyon,1000,16.466095
73.98494,lyon,1000,16.1198
5053.0195,lyon,1000,333.0
0.016603,rennes,1000,333.0
36.103493,rennes,1000,15.72109
51.40561,rennes,1000,15.62348
67.12493,rennes,1000,15.503006
82.00251,rennes,1000,15.400685
5062.473,rennes,1000,333.0
0.016812999,rennes,1000,333.0
42.13289,rennes,1000,17.262604
57.33163,rennes,1000,16.96496
72.94864,rennes,1000,16.703379
87.88449,rennes,1000,16.466124
5066.997,rennes,1000,333.0
0.025002,rennes,1000,333.0
46.072086,rennes,1000,16.446058
61.27222,rennes,1000,16.253942
76.8405,rennes,1000,16.06598
91.69444,rennes,1000,15.905224
5071.7134,rennes,1000,333.0
0.022702,rennes,1000,333.0
48.393684,rennes,1000,15.7777815
63.613937,rennes,1000,15.660092
79.6369,rennes,1000,15.568171
94.58917,rennes,1000,15.474537
5076.374,rennes,1000,333.0
0.021358998,rennes,1000,333.0
51.97495,rennes,1000,15.930522
67.32419,rennes,1000,15.818622
83.257095,rennes,1000,15.708618
98.064735,rennes,1000,15.58894
5081.379,rennes,1000,333.0
0.022736,nantes,1000,333.0
55.90326,nantes,1000,20.399519
72.930374,nantes,1000,19.937855
90.49148,nantes,1000,19.521896
107.08667,nantes,1000,19.139404
4995.4194,nantes,1000,333.0
0.020612,nantes,1000,333.0
58.87516,nantes,1000,18.151108
76.14096,nantes,1000,17.975895
93.695206,nantes,1000,17.789246
110.23223,nantes,1000,17.623213
5002.256,nantes,1000,333.0
0.027304001,nantes,1000,333.0
49.308353,nantes,1000,32.37569
66.186516,nantes,1000,30.40081
83.80751,nantes,1000,28.664148
100.45644,nantes,1000,27.14539
5007.7344,nantes,1000,333.0
0.026866999,nantes,1000,333.0
54.384834,nantes,1000,37.51995
71.311485,nantes,1000,34.897133
88.77966,nantes,1000,32.5956
105.34172,nantes,1000,30.582285
5014.3813,nantes,1000,333.0
0.031807,lyon,1000,333.0
28.842161,lyon,1000,14.7460985
43.251236,lyon,1000,14.649549
58.085934,lyon,1000,14.555411
71.964096,lyon,1000,14.459862
5142.9985,lyon,1000,333.0
0.034088,nantes,1000,333.0
58.192905,nantes,1000,41.365543
75.0852,nantes,1000,38.259167
92.48611,nantes,1000,35.542023
109.059364,nantes,1000,33.16231
5019.8037,nantes,1000,333.0
0.017497,nantes,1000,333.0
37.153824,nantes,1000,20.500689
54.00157,nantes,1000,19.99766
71.21707,nantes,1000,19.531488
87.688644,nantes,1000,19.138617
4973.63,nantes,1000,333.0
0.022967,nantes,1000,333.0
41.27243,nantes,1000,20.263348
58.080246,nantes,1000,19.793995
75.56458,nantes,1000,19.381044
92.03308,nantes,1000,19.009825
4979.3076,nantes,1000,333.0
0.024434,nantes,1000,333.0
47.904163,nantes,1000,21.085808
65.10367,nantes,1000,20.539797
82.729935,nantes,1000,20.041203
99.328285,nantes,1000,19.601685
4985.097,nantes,1000,333.0
0.027993,nantes,1000,333.0
52.58957,nantes,1000,20.430613
69.580826,nantes,1000,19.948095
87.01429,nantes,1000,19.519508
103.38127,nantes,1000,19.117655
4991.3022,nantes,1000,333.0
0.029054,nantes,1000,333.0
56.8973,nantes,1000,19.56039
74.005486,nantes,1000,19.199144
91.40912,nantes,1000,18.86181
108.036125,nantes,1000,18.572206
4997.2783,nantes,1000,333.0
0.018555,lyon,1000,333.0
32.158714,lyon,1000,16.551083
46.38351,lyon,1000,16.220737
61.12388,lyon,1000,15.922805
75.183395,lyon,1000,15.672197
4973.815,lyon,1000,333.0
0.017366,lyon,1000,333.0
37.745007,lyon,1000,15.983779
51.97522,lyon,1000,15.726466
66.55712,lyon,1000,15.487663
80.49358,lyon,1000,15.277804
4979.9927,lyon,1000,333.0
0.027698,lyon,1000,333.0
43.879353,lyon,1000,17.29741
58.149784,lyon,1000,16.881123
73.00965,lyon,1000,16.500807
86.722374,lyon,1000,16.14427
4984.828,lyon,1000,333.0
0.023140999,lyon,1000,333.0
47.118774,lyon,1000,14.9983
61.377003,lyon,1000,14.859856
75.93317,lyon,1000,14.726607
89.848,lyon,1000,14.616674
4991.146,lyon,1000,333.0
0.013189999,nancy,1000,333.0
18.556393,nancy,1000,9.554756
27.776913,nancy,1000,9.449626
36.996216,nancy,1000,9.344787
45.8064,nancy,1000,9.2575
5204.915,nancy,1000,333.0
0.034884002,lyon,1000,333.0
50.5293,lyon,1000,14.780206
64.99712,lyon,1000,14.674606
79.80485,lyon,1000,14.572181
93.74877,lyon,1000,14.476864
4997.1104,lyon,1000,333.0
0.013684,nancy,1000,333.0
34.305088,nancy,1000,24.962217
43.569977,nancy,1000,22.906641
52.982845,nancy,1000,21.119385
61.76093,nancy,1000,19.549253
5071.762,nancy,1000,333.0
0.01441,nancy,1000,333.0
36.600197,nancy,1000,27.810947
45.737362,nancy,1000,25.420433
55.268223,nancy,1000,23.326147
63.840828,nancy,1000,21.463835
5075.718,nancy,1000,333.0
0.013054,nancy,1000,333.0
39.60861,nancy,1000,30.715185
48.504242,nancy,1000,27.957672
57.744,nancy,1000,25.535244
66.30726,nancy,1000,23.401703
5079.525,nancy,1000,333.0
0.015641,nancy,1000,333.0
18.134233,nancy,1000,9.467724
27.058575,nancy,1000,9.352342
36.551086,nancy,1000,9.2628765
45.198338,nancy,1000,9.179164
5083.35,nancy,1000,333.0
0.019152999,nancy,1000,333.0
18.859587,nancy,1000,10.028023
28.032896,nancy,1000,9.860295
37.42252,nancy,1000,9.707468
46.466362,nancy,1000,9.560044
5087.2183,nancy,1000,333.0
0.013576999,nancy,1000,333.0
26.968838,nancy,1000,10.3676405
35.799942,nancy,1000,10.1382065
45.031437,nancy,1000,9.943256
53.83015,nancy,1000,9.779754
5053.2554,nancy,1000,333.0
0.016186,nancy,1000,333.0
29.978104,nancy,1000,9.729887
38.777042,nancy,1000,9.585921
48.209084,nancy,1000,9.463247
56.9834,nancy,1000,9.357552
5056.9277,nancy,1000,333.0
0.01552,nancy,1000,333.0
33.378635,nancy,1000,9.763173
42.75602,nancy,1000,9.620144
52.35049,nancy,1000,9.494185
61.10383,nancy,1000,9.382736
5061.068,nancy,1000,333.0
0.015555999,nancy,1000,333.0
36.34584,nancy,1000,9.514476
45.25904,nancy,1000,9.413745
54.4408,nancy,1000,9.314835
63.07946,nancy,1000,9.2123
5065.1484,nancy,1000,333.0
0.014080999,nancy,1000,333.0
18.312675,nancy,1000,9.547328
27.605944,nancy,1000,9.439271
36.86425,nancy,1000,9.333886
45.511036,nancy,1000,9.241159
5208.6562,nancy,1000,333.0
0.015297,nancy,1000,333.0
38.853348,nancy,1000,9.420118
47.862183,nancy,1000,9.313844
57.070007,nancy,1000,9.2192545
65.69847,nancy,1000,9.127084
5069.2427,nancy,1000,333.0
0.02119,rennes,1000,333.0
31.306627,rennes,1000,15.91515
46.68152,rennes,1000,15.802687
62.48467,rennes,1000,15.683154
77.36229,rennes,1000,15.575649
4930.495,rennes,1000,333.0
0.020102,rennes,1000,333.0
30.954327,rennes,1000,15.897492
46.226685,rennes,1000,15.767859
61.861797,rennes,1000,15.657634
76.80664,rennes,1000,15.560341
4934.8096,rennes,1000,333.0
0.019191,rennes,1000,333.0
31.094812,rennes,1000,16.054922
46.35351,rennes,1000,15.914595
62.112293,rennes,1000,15.79321
77.05911,rennes,1000,15.68068
4939.683,rennes,1000,333.0
0.022965,rennes,1000,333.0
31.093668,rennes,1000,15.932489
46.427868,rennes,1000,15.810626
62.058956,rennes,1000,15.696025
76.94096,rennes,1000,15.576982
4943.8477,rennes,1000,333.0
0.027932,rennes,1000,333.0
30.98287,rennes,1000,15.782822
46.259502,rennes,1000,15.677053
61.90146,rennes,1000,15.57656
76.854065,rennes,1000,15.482343
4949.2026,rennes,1000,333.0
0.019175999,lyon,1000,333.0
28.978327,lyon,1000,14.909049
43.154953,lyon,1000,14.779848
57.925922,lyon,1000,14.660798
71.8392,lyon,1000,14.551385
4919.9653,lyon,1000,333.0
0.022933,lyon,1000,333.0
28.76446,lyon,1000,14.722869
43.143368,lyon,1000,14.627342
57.8313,lyon,1000,14.522039
71.68778,lyon,1000,14.43012
4926.6685,lyon,1000,333.0
0.024037,lyon,1000,333.0
29.094631,lyon,1000,14.884864
43.29108,lyon,1000,14.761709
58.097145,lyon,1000,14.649487
72.097275,lyon,1000,14.550741
4932.151,lyon,1000,333.0
0.03022,lyon,1000,333.0
28.911343,lyon,1000,14.843507
43.229946,lyon,1000,14.724686
57.757496,lyon,1000,14.604101
71.5216,lyon,1000,14.491744
4938.6426,lyon,1000,333.0
0.014038,nancy,1000,333.0
18.169807,nancy,1000,9.386383
27.60124,nancy,1000,9.305755
36.73541,nancy,1000,9.217201
45.40504,nancy,1000,9.12587
5212.5737,nancy,1000,333.0
0.028372,lyon,1000,333.0
29.177948,lyon,1000,14.9407215
43.65007,lyon,1000,14.817402
58.410824,lyon,1000,14.693658
72.27278,lyon,1000,14.5810375
4944.2207,lyon,1000,333.0
0.016423,rennes,1000,333.0
31.277887,rennes,1000,15.872348
46.600998,rennes,1000,15.750148
62.25828,rennes,1000,15.624575
77.21894,rennes,1000,15.531805
4938.1567,rennes,1000,333.0
0.023081,rennes,1000,333.0
30.972052,rennes,1000,15.891585
46.22082,rennes,1000,15.775845
61.890488,rennes,1000,15.646069
76.76542,rennes,1000,15.5417385
4942.564,rennes,1000,333.0
0.020107,rennes,1000,333.0
31.146276,rennes,1000,15.948053
46.651657,rennes,1000,15.819837
62.19036,rennes,1000,15.697622
77.23137,rennes,1000,15.586708
4947.593,rennes,1000,333.0
0.020471,rennes,1000,333.0
31.924862,rennes,1000,15.702054
46.981796,rennes,1000,15.586839
62.589592,rennes,1000,15.493404
77.328415,rennes,1000,15.391746
4952.425,rennes,1000,333.0
0.032634,rennes,1000,333.0
34.429653,rennes,1000,15.838078
49.789753,rennes,1000,15.721949
65.5232,rennes,1000,15.619517
80.528305,rennes,1000,15.530242
4957.1167,rennes,1000,333.0
0.025876999,nantes,1000,333.0
34.22828,nantes,1000,17.451595
51.245422,nantes,1000,17.34156
68.61686,nantes,1000,17.233437
85.14248,nantes,1000,17.136538
4886.2266,nantes,1000,333.0
0.017914,nantes,1000,333.0
34.2656,nantes,1000,17.454445
51.16479,nantes,1000,17.349337
68.73847,nantes,1000,17.242273
85.38813,nantes,1000,17.1539
4892.7856,nantes,1000,333.0
0.022269,nantes,1000,333.0
34.231068,nantes,1000,17.525059
51.228195,nantes,1000,17.41517
68.707245,nantes,1000,17.306087
85.35531,nantes,1000,17.206568
4898.2036,nantes,1000,333.0
0.026813,nantes,1000,333.0
34.593273,nantes,1000,17.798384
51.76632,nantes,1000,17.648367
69.76847,nantes,1000,17.500679
86.41199,nantes,1000,17.38436
4904.7773,nantes,1000,333.0
0.015136,nancy,1000,333.0
18.219069,nancy,1000,9.488265
27.398634,nancy,1000,9.395054
36.786087,nancy,1000,9.291836
45.380363,nancy,1000,9.198106
5216.423,nancy,1000,333.0
0.036289,nantes,1000,333.0
34.657944,nantes,1000,17.65872
51.96984,nantes,1000,17.538168
69.388664,nantes,1000,17.400146
86.10435,nantes,1000,17.295124
4910.6943,nantes,1000,333.0
0.014494,nancy,1000,333.0
40.372627,nancy,1000,9.621179
49.41155,nancy,1000,9.50473
59.63877,nancy,1000,9.398859
68.38155,nancy,1000,9.300798
4986.7715,nancy,1000,333.0
0.013258,nancy,1000,333.0
36.837498,nancy,1000,28.02159
46.07069,nancy,1000,25.615807
55.433296,nancy,1000,23.486652
64.015755,nancy,1000,21.617685
4990.4565,nancy,1000,333.0
0.01482,nancy,1000,333.0
39.38212,nancy,1000,30.630234
48.195637,nancy,1000,27.876852
57.29461,nancy,1000,25.445848
65.94483,nancy,1000,23.327084
4994.566,nancy,1000,333.0
0.0128109995,nancy,1000,333.0
18.290504,nancy,1000,9.442269
27.842968,nancy,1000,9.364135
37.532833,nancy,1000,9.2741585
46.35211,nancy,1000,9.183091
4998.5513,nancy,1000,333.0
0.019258,nancy,1000,333.0
18.22278,nancy,1000,9.590254
27.725216,nancy,1000,9.483668
37.22908,nancy,1000,9.367865
45.86284,nancy,1000,9.265431
5002.4575,nancy,1000,333.0
0.017026,rennes,1000,333.0
31.800388,rennes,1000,15.828604
47.248318,rennes,1000,15.71691
62.87729,rennes,1000,15.607478
77.873955,rennes,1000,15.495575
4906.9165,rennes,1000,333.0
0.018237,rennes,1000,333.0
30.812614,rennes,1000,15.703281
45.902138,rennes,1000,15.59111
61.443245,rennes,1000,15.490797
76.377716,rennes,1000,15.407324
4911.3843,rennes,1000,333.0
0.024322,rennes,1000,333.0
30.963917,rennes,1000,15.858766
46.15189,rennes,1000,15.735919
61.794525,rennes,1000,15.621735
76.623,rennes,1000,15.515448
4916.077,rennes,1000,333.0
0.023979,rennes,1000,333.0
31.193005,rennes,1000,16.120955
46.458004,rennes,1000,15.974026
62.08647,rennes,1000,15.832683
77.08387,rennes,1000,15.7111435
4921.3765,rennes,1000,333.0
0.023204,lyon,10000,333.0
29.017668,lyon,10000,14.881607
43.202892,lyon,10000,14.7569895
58.306408,lyon,10000,14.646184
72.148254,lyon,10000,14.528321
5056.352,lyon,10000,333.0
0.019309,nancy,10000,333.0
18.76162,nancy,10000,9.915808
28.47351,nancy,10000,9.79486
37.835407,nancy,10000,9.651322
46.465572,nancy,10000,9.517937
5158.5684,nancy,10000,333.0
0.020333,rennes,10000,333.0
30.902912,rennes,10000,15.834922
46.19999,rennes,10000,15.726648
61.864605,rennes,10000,15.612228
76.7354,rennes,10000,15.512664
4891.087,rennes,10000,333.0
0.022395,rennes,10000,333.0
30.866693,rennes,10000,15.762081
46.09608,rennes,10000,15.66004
61.719788,rennes,10000,15.552432
76.5949,rennes,10000,15.457836
5065.3525,rennes,10000,333.0
0.021296,rennes,10000,333.0
30.884888,rennes,10000,15.813239
46.158924,rennes,10000,15.710713
61.78072,rennes,10000,15.604071
76.73839,rennes,10000,15.506782
5069.902,rennes,10000,333.0
0.016637,rennes,10000,333.0
30.883253,rennes,10000,15.848695
46.191914,rennes,10000,15.731223
61.99381,rennes,10000,15.617641
76.93197,rennes,10000,15.524899
5074.47,rennes,10000,333.0
0.020137,rennes,10000,333.0
30.99256,rennes,10000,15.821021
46.18787,rennes,10000,15.704339
61.742054,rennes,10000,15.591671
76.72048,rennes,10000,15.497457
5079.456,rennes,10000,333.0
0.025766,rennes,10000,333.0
31.104145,rennes,10000,15.923641
46.461445,rennes,10000,15.805973
62.065815,rennes,10000,15.684292
76.889915,rennes,10000,15.569688
5084.429,rennes,10000,333.0
0.026483,nantes,10000,333.0
46.25886,nantes,10000,18.840324
63.112915,nantes,10000,18.554646
80.43706,nantes,10000,18.285318
96.98746,nantes,10000,18.059433
5024.799,nantes,10000,333.0
0.022852,nantes,10000,333.0
49.129856,nantes,10000,18.065422
66.05043,nantes,10000,17.882053
83.673325,nantes,10000,17.714903
100.288795,nantes,10000,17.561106
5031.5195,nantes,10000,333.0
0.028687,nantes,10000,333.0
41.205154,nantes,10000,24.347496
58.02564,nantes,10000,23.36879
75.356186,nantes,10000,22.508295
91.82081,nantes,10000,21.744572
5036.7007,nantes,10000,333.0
0.023543,nantes,10000,333.0
44.80645,nantes,10000,27.923773
61.780365,nantes,10000,26.513939
79.38847,nantes,10000,25.264751
95.86989,nantes,10000,24.158005
5042.8716,nantes,10000,333.0
0.028253,lyon,10000,333.0
29.581774,lyon,10000,15.530775
43.79185,lyon,10000,15.331589
58.481483,lyon,10000,15.14195
72.23972,lyon,10000,14.9615755
5062.4673,lyon,10000,333.0
0.030641,nantes,10000,333.0
48.31415,nantes,10000,31.475388
65.257484,nantes,10000,29.612738
82.63259,nantes,10000,27.98318
99.21114,nantes,10000,26.538948
5048.7544,nantes,10000,333.0
0.019117,nantes,10000,333.0
35.1587,nantes,10000,17.50432
52.154537,nantes,10000,17.395985
69.92058,nantes,10000,17.301424
86.44876,nantes,10000,17.187895
4992.6743,nantes,10000,333.0
0.023682,nantes,10000,333.0
34.641445,nantes,10000,17.352892
51.483536,nantes,10000,17.253325
68.94446,nantes,10000,17.167875
85.56969,nantes,10000,17.092432
4998.8813,nantes,10000,333.0
0.02468,nantes,10000,333.0
34.50222,nantes,10000,17.511396
51.45634,nantes,10000,17.403868
68.92263,nantes,10000,17.28614
85.58293,nantes,10000,17.19572
5004.654,nantes,10000,333.0
0.023729,nantes,10000,333.0
35.017662,nantes,10000,18.205233
52.271774,nantes,10000,18.000832
69.83984,nantes,10000,17.826548
86.465256,nantes,10000,17.658585
5011.1523,nantes,10000,333.0
0.039845,nantes,10000,333.0
39.817295,nantes,10000,18.537582
57.012405,nantes,10000,18.293991
74.390274,nantes,10000,18.077272
91.0484,nantes,10000,17.883066
5016.7505,nantes,10000,333.0
0.011953,nancy,10000,333.0
18.497604,nancy,10000,9.669724
27.4803,nancy,10000,9.548502
37.618675,nancy,10000,9.434165
46.217575,nancy,10000,9.323243
5112.4624,nancy,10000,333.0
0.016048,nancy,10000,333.0
18.660212,nancy,10000,9.812681
28.101915,nancy,10000,9.684079
37.370758,nancy,10000,9.546694
46.113495,nancy,10000,9.427156
5116.2363,nancy,10000,333.0
0.014347,nancy,10000,333.0
18.390404,nancy,10000,9.544081
27.288212,nancy,10000,9.4133
36.580704,nancy,10000,9.299914
45.172646,nancy,10000,9.19996
5120.323,nancy,10000,333.0
0.016215999,nancy,10000,333.0
18.321777,nancy,10000,9.501314
27.831284,nancy,10000,9.409616
37.04784,nancy,10000,9.31636
45.76002,nancy,10000,9.22228
5124.2095,nancy,10000,333.0
0.027626,lyon,10000,333.0
29.51865,lyon,10000,15.155584
43.682632,lyon,10000,14.992061
58.47082,lyon,10000,14.844951
72.489426,lyon,10000,14.723367
5067.7114,lyon,10000,333.0
0.020579001,nancy,10000,333.0
18.1439,nancy,10000,9.439404
27.084812,nancy,10000,9.332448
37.099724,nancy,10000,9.2383995
45.725357,nancy,10000,9.1540365
5127.9946,nancy,10000,333.0
0.026714,lyon,10000,333.0
28.987473,lyon,10000,14.887839
43.259125,lyon,10000,14.772531
58.28088,lyon,10000,14.656524
72.24796,lyon,10000,14.552947
5001.5303,lyon,10000,333.0
0.019623,lyon,10000,333.0
30.171188,lyon,10000,16.043242
44.36947,lyon,10000,15.777843
58.727215,lyon,10000,15.504778
72.60187,lyon,10000,15.283829
5008.014,lyon,10000,333.0
0.030202,lyon,10000,333.0
33.002987,lyon,10000,15.338632
47.214775,lyon,10000,15.160812
62.20727,lyon,10000,14.994453
76.01646,lyon,10000,14.837871
5012.9224,lyon,10000,333.0
0.022326,lyon,10000,333.0
37.920258,lyon,10000,15.709017
52.280354,lyon,10000,15.475472
66.958305,lyon,10000,15.26737
80.73645,lyon,10000,15.073758
5019.3335,lyon,10000,333.0
0.071251,lyon,10000,333.0
41.116,lyon,10000,14.917941
55.76459,lyon,10000,14.808961
70.64712,lyon,10000,14.693938
84.592964,lyon,10000,14.583085
5024.8184,lyon,10000,333.0
0.023023,lyon,10000,333.0
29.50274,lyon,10000,14.849171
43.915268,lyon,10000,14.7259655
58.667988,lyon,10000,14.61065
72.69632,lyon,10000,14.519695
5004.4043,lyon,10000,333.0
0.024332,lyon,10000,333.0
30.147678,lyon,10000,14.657993
44.327675,lyon,10000,14.5636425
59.128574,lyon,10000,14.471074
72.807625,lyon,10000,14.365005
5010.849,lyon,10000,333.0
0.023727,lyon,10000,333.0
37.043148,lyon,10000,16.178236
51.326065,lyon,10000,15.8871565
66.19801,lyon,10000,15.632477
80.14099,lyon,10000,15.410413
5016.4956,lyon,10000,333.0
0.031187,lyon,10000,333.0
39.761173,lyon,10000,14.965766
53.88569,lyon,10000,14.825699
68.48191,lyon,10000,14.691304
82.33567,lyon,10000,14.578364
5022.7695,lyon,10000,333.0
0.024465,lyon,10000,333.0
28.699974,lyon,10000,14.704615
42.85123,lyon,10000,14.595231
57.653984,lyon,10000,14.483537
71.37034,lyon,10000,14.380012
5074.2437,lyon,10000,333.0
0.029246999,lyon,10000,333.0
42.5703,lyon,10000,14.886261
56.994095,lyon,10000,14.779225
71.68468,lyon,10000,14.657596
85.619545,lyon,10000,14.550997
5027.875,lyon,10000,333.0
0.019566,rennes,10000,333.0
44.425728,rennes,10000,15.758051
59.829983,rennes,10000,15.646839
75.35519,rennes,10000,15.532988
90.14079,rennes,10000,15.432507
5029.0156,rennes,10000,333.0
0.019543,rennes,10000,333.0
37.25329,rennes,10000,22.17728
52.4914,rennes,10000,21.274736
68.11909,rennes,10000,20.462238
83.01619,rennes,10000,19.758604
5033.7114,rennes,10000,333.0
0.025928998,rennes,10000,333.0
41.09835,rennes,10000,25.937607
56.47388,rennes,10000,24.560432
72.21127,rennes,10000,23.33661
87.01717,rennes,10000,22.263603
5038.267,rennes,10000,333.0
0.02626,rennes,10000,333.0
44.03419,rennes,10000,28.980408
59.28452,rennes,10000,27.22243
74.88661,rennes,10000,25.665264
89.74967,rennes,10000,24.307009
5043.5767,rennes,10000,333.0
0.03352,rennes,10000,333.0
46.76576,rennes,10000,31.71838
62.36992,rennes,10000,29.628353
78.04183,rennes,10000,27.786888
92.89549,rennes,10000,26.16318
5047.9087,rennes,10000,333.0
0.024438001,nantes,10000,333.0
47.79356,nantes,10000,18.270638
64.76686,nantes,10000,18.065096
82.35822,nantes,10000,17.865189
99.034424,nantes,10000,17.69497
4954.8237,nantes,10000,333.0
0.025358,nantes,10000,333.0
51.126762,nantes,10000,18.19069
68.0198,nantes,10000,17.988869
85.87367,nantes,10000,17.803703
102.462875,nantes,10000,17.634966
4961.324,nantes,10000,333.0
0.020268,nantes,10000,333.0
43.61214,nantes,10000,26.788815
60.734795,nantes,10000,25.513685
77.91943,nantes,10000,24.375473
94.41042,nantes,10000,23.380415
4967.11,nantes,10000,333.0
0.026477,nantes,10000,333.0
46.56596,nantes,10000,29.735943
63.61962,nantes,10000,28.105648
80.98091,nantes,10000,26.655746
97.67333,nantes,10000,25.390833
4973.491,nantes,10000,333.0
0.034476,lyon,10000,333.0
28.99433,lyon,10000,14.829828
43.44306,lyon,10000,14.734053
58.336338,lyon,10000,14.620431
72.55672,lyon,10000,14.518168
5079.659,lyon,10000,333.0
0.035815,nantes,10000,333.0
50.580856,nantes,10000,33.771614
67.67072,nantes,10000,31.615187
85.08824,nantes,10000,29.73748
101.58327,nantes,10000,28.073393
4979.0137,nantes,10000,333.0
0.023218999,nantes,10000,333.0
41.07986,nantes,10000,21.055244
57.88906,nantes,10000,20.486933
75.17895,nantes,10000,19.988436
91.62584,nantes,10000,19.531523
4943.4834,nantes,10000,333.0
0.025945,nantes,10000,333.0
47.938183,nantes,10000,21.807297
64.797325,nantes,10000,21.152502
82.43303,nantes,10000,20.576279
99.0415,nantes,10000,20.072653
4949.662,nantes,10000,333.0
0.028624,nantes,10000,333.0
46.173946,nantes,10000,17.549145
63.36695,nantes,10000,17.43423
80.91821,nantes,10000,17.314814
97.425285,nantes,10000,17.196924
4954.761,nantes,10000,333.0
0.036743,nantes,10000,333.0
50.674248,nantes,10000,17.47516
67.69435,nantes,10000,17.372225
85.03401,nantes,10000,17.261545
101.37738,nantes,10000,17.129852
4961.6797,nantes,10000,333.0
0.038248,nantes,10000,333.0
42.900005,nantes,10000,25.773968
60.15337,nantes,10000,24.636177
77.84836,nantes,10000,23.623129
94.4749,nantes,10000,22.731548
4967.4424,nantes,10000,333.0
0.021440001,lyon,10000,333.0
34.93518,lyon,10000,15.599372
49.2379,lyon,10000,15.385614
63.905186,lyon,10000,15.197744
77.838005,lyon,10000,15.023676
4942.5757,lyon,10000,333.0
0.018320002,lyon,10000,333.0
38.819885,lyon,10000,15.947325
53.14879,lyon,10000,15.697306
68.106544,lyon,10000,15.461438
81.94059,lyon,10000,15.250782
4948.038,lyon,10000,333.0
0.020068001,lyon,10000,333.0
41.67784,lyon,10000,14.834763
56.03966,lyon,10000,14.724521
70.85879,lyon,10000,14.614497
84.67204,lyon,10000,14.503452
4953.558,lyon,10000,333.0
0.035909,lyon,10000,333.0
45.61775,lyon,10000,14.785112
60.22493,lyon,10000,14.680064
74.87184,lyon,10000,14.563557
88.73979,lyon,10000,14.467904
4959.8994,lyon,10000,333.0
0.01536,nancy,10000,333.0
18.270187,nancy,10000,9.46808
27.184988,nancy,10000,9.371688
36.36028,nancy,10000,9.264108
45.082592,nancy,10000,9.17423
5143.7373,nancy,10000,333.0
0.03289,lyon,10000,333.0
40.681423,lyon,10000,26.582724
54.878944,lyon,10000,24.988657
69.78963,lyon,10000,23.59388
83.53214,lyon,10000,22.353525
4965.9077,lyon,10000,333.0
0.014285,nancy,10000,333.0
18.525024,nancy,10000,9.733203
27.858513,nancy,10000,9.600202
36.930527,nancy,10000,9.466309
45.615513,nancy,10000,9.349191
5039.551,nancy,10000,333.0
0.016152,nancy,10000,333.0
18.263212,nancy,10000,9.469472
27.458845,nancy,10000,9.370343
36.456524,nancy,10000,9.257757
45.1694,nancy,10000,9.169983
5043.376,nancy,10000,333.0
0.016210001,nancy,10000,333.0
19.31096,nancy,10000,9.821977
28.210417,nancy,10000,9.678665
37.40541,nancy,10000,9.54144
46.120514,nancy,10000,9.419653
5047.524,nancy,10000,333.0
0.013099,nancy,10000,333.0
19.398813,nancy,10000,10.594161
28.419176,nancy,10000,10.359525
37.950985,nancy,10000,10.138285
46.607517,nancy,10000,9.934596
5051.484,nancy,10000,333.0
0.017607002,nancy,10000,333.0
18.441868,nancy,10000,9.619534
27.487907,nancy,10000,9.493433
36.593327,nancy,10000,9.3746395
45.20357,nancy,10000,9.271318
5055.462,nancy,10000,333.0
0.014777,nancy,10000,333.0
26.60678,nancy,10000,9.5695505
36.116486,nancy,10000,9.471839
45.442142,nancy,10000,9.35854
54.173527,nancy,10000,9.260848
5008.6904,nancy,10000,333.0
0.012456,nancy,10000,333.0
28.912743,nancy,10000,9.726471
37.802704,nancy,10000,9.594986
46.99884,nancy,10000,9.469909
55.65178,nancy,10000,9.359867
5012.473,nancy,10000,333.0
0.014407,nancy,10000,333.0
31.939882,nancy,10000,9.666477
40.8004,nancy,10000,9.539015
50.034946,nancy,10000,9.419836
58.86442,nancy,10000,9.323666
5016.263,nancy,10000,333.0
0.01521,nancy,10000,333.0
34.223225,nancy,10000,9.515481
43.325153,nancy,10000,9.423941
52.633965,nancy,10000,9.316613
61.214725,nancy,10000,9.218062
5020.2974,nancy,10000,333.0
0.015567,nancy,10000,333.0
18.22531,nancy,10000,9.41996
27.111212,nancy,10000,9.326041
36.602417,nancy,10000,9.234275
45.340904,nancy,10000,9.153872
5147.4053,nancy,10000,333.0
0.019056,nancy,10000,333.0
30.733166,nancy,10000,21.955956
39.7518,nancy,10000,20.307669
48.806023,nancy,10000,18.83254
57.47519,nancy,10000,17.554213
5024.0923,nancy,10000,333.0
0.018958999,rennes,10000,333.0
31.260326,rennes,10000,15.886002
46.729782,rennes,10000,15.768708
62.467983,rennes,10000,15.658203
77.38727,rennes,10000,15.55273
4927.252,rennes,10000,333.0
0.016635,rennes,10000,333.0
31.277653,rennes,10000,16.286282
46.62099,rennes,10000,16.117538
62.242622,rennes,10000,15.962304
77.066185,rennes,10000,15.813028
4932.015,rennes,10000,333.0
0.019068,rennes,10000,333.0
33.90667,rennes,10000,18.89522
49.162674,rennes,10000,18.40318
64.91259,rennes,10000,17.952385
79.813774,rennes,10000,17.55475
4937.0044,rennes,10000,333.0
0.025152,rennes,10000,333.0
37.105747,rennes,10000,18.668495
52.38028,rennes,10000,18.199224
68.14347,rennes,10000,17.780151
83.01082,rennes,10000,17.409147
4941.759,rennes,10000,333.0
0.022775,rennes,10000,333.0
40.41195,rennes,10000,17.127132
55.588974,rennes,10000,16.838932
71.13619,rennes,10000,16.579086
85.967575,rennes,10000,16.344355
4946.5854,rennes,10000,333.0
0.048306,lyon,10000,333.0
28.988111,lyon,10000,14.924789
43.287086,lyon,10000,14.804453
58.157787,lyon,10000,14.679031
72.02819,lyon,10000,14.561213
4897.688,lyon,10000,333.0
0.021969,lyon,10000,333.0
29.998137,lyon,10000,14.748727
44.309643,lyon,10000,14.655033
58.937904,lyon,10000,14.539868
72.81876,lyon,10000,14.449109
4903.536,lyon,10000,333.0
0.023506,lyon,10000,333.0
28.951418,lyon,10000,14.833071
43.196346,lyon,10000,14.714987
58.04349,lyon,10000,14.602847
71.877266,lyon,10000,14.498621
4908.929,lyon,10000,333.0
0.026285999,lyon,10000,333.0
30.162958,lyon,10000,14.82619
44.476864,lyon,10000,14.708442
59.44248,lyon,10000,14.597153
73.28526,lyon,10000,14.493855
4915.278,lyon,10000,333.0
0.013899,nancy,10000,333.0
18.355425,nancy,10000,9.506329
27.740637,nancy,10000,9.403953
36.897488,nancy,10000,9.306139
45.549866,nancy,10000,9.204443
5151.139,nancy,10000,333.0
0.030863,lyon,10000,333.0
32.074715,lyon,10000,14.78066
46.40301,lyon,10000,14.680786
61.13712,lyon,10000,14.580649
74.97128,lyon,10000,14.478932
4921.0693,lyon,10000,333.0
0.0205,rennes,10000,333.0
33.90308,rennes,10000,16.354027
49.26046,rennes,10000,16.17612
64.87478,rennes,10000,16.002861
79.91889,rennes,10000,15.844775
4922.1475,rennes,10000,333.0
0.019321,rennes,10000,333.0
31.845287,rennes,10000,15.889522
47.349907,rennes,10000,15.771331
62.966988,rennes,10000,15.655218
77.72368,rennes,10000,15.536083
4926.6914,rennes,10000,333.0
0.019906,rennes,10000,333.0
31.309072,rennes,10000,16.22145
46.50767,rennes,10000,16.053457
62.07076,rennes,10000,15.896566
76.85552,rennes,10000,15.747113
4931.277,rennes,10000,333.0
0.016296001,rennes,10000,333.0
32.841583,rennes,10000,18.113325
47.838352,rennes,10000,17.689392
63.27719,rennes,10000,17.313892
78.13554,rennes,10000,16.987617
4936.6797,rennes,10000,333.0
0.02804,rennes,10000,333.0
36.01287,rennes,10000,17.923286
51.304615,rennes,10000,17.554335
66.94273,rennes,10000,17.219872
81.86046,rennes,10000,16.915413
4941.396,rennes,10000,333.0
0.027131,nantes,10000,333.0
33.809074,nantes,10000,17.170088
50.784424,nantes,10000,17.082743
68.385704,nantes,10000,17.013386
85.046364,nantes,10000,16.951557
4865.672,nantes,10000,333.0
0.025644,nantes,10000,333.0
34.42821,nantes,10000,17.54362
51.41664,nantes,10000,17.434465
68.78603,nantes,10000,17.307283
85.341,nantes,10000,17.204288
4871.996,nantes,10000,333.0
0.024311999,nantes,10000,333.0
34.977776,nantes,10000,17.895409
51.93834,nantes,10000,17.731913
69.50362,nantes,10000,17.584564
86.14354,nantes,10000,17.445236
4877.3726,nantes,10000,333.0
0.090679,nantes,10000,333.0
34.221252,nantes,10000,17.40865
51.207783,nantes,10000,17.320892
68.51946,nantes,10000,17.213917
85.08823,nantes,10000,17.125044
4883.788,nantes,10000,333.0
0.016067998,nancy,10000,333.0
18.411516,nancy,10000,9.5610485
27.45674,nancy,10000,9.455015
36.621365,nancy,10000,9.351203
45.53056,nancy,10000,9.252386
5154.903,nancy,10000,333.0
0.028263,nantes,10000,333.0
34.189762,nantes,10000,17.549723
51.260513,nantes,10000,17.423355
69.1366,nantes,10000,17.299908
85.69078,nantes,10000,17.195234
4889.3564,nantes,10000,333.0
0.011577,nancy,10000,333.0
30.156046,nancy,10000,21.311892
38.98916,nancy,10000,19.724173
48.790005,nancy,10000,18.335571
57.544975,nancy,10000,17.119745
4950.701,nancy,10000,333.0
0.014328,nancy,10000,333.0
32.69312,nancy,10000,23.87028
42.040844,nancy,10000,21.972643
51.281025,nancy,10000,20.288874
60.026253,nancy,10000,18.826824
4954.753,nancy,10000,333.0
0.01421,nancy,10000,333.0
34.934406,nancy,10000,26.197235
44.016453,nancy,10000,23.99392
53.25922,nancy,10000,22.060896
61.943336,nancy,10000,20.369528
4958.714,nancy,10000,333.0
0.01328,nancy,10000,333.0
17.99349,nancy,10000,9.407147
27.45444,nancy,10000,9.319448
37.064384,nancy,10000,9.227382
45.69444,nancy,10000,9.134249
4962.7095,nancy,10000,333.0
0.032974,nancy,10000,333.0
18.385828,nancy,10000,9.532656
27.908304,nancy,10000,9.434771
37.078114,nancy,10000,9.330241
45.77194,nancy,10000,9.232452
4966.8525,nancy,10000,333.0
0.015823,rennes,10000,333.0
30.96562,rennes,10000,15.976636
46.21587,rennes,10000,15.844837
61.90475,rennes,10000,15.729816
76.82693,rennes,10000,15.612715
4872.4062,rennes,10000,333.0
0.022226,rennes,10000,333.0
30.944448,rennes,10000,15.901251
46.28029,rennes,10000,15.781084
61.79636,rennes,10000,15.651345
76.82191,rennes,10000,15.545187
4876.7812,rennes,10000,333.0
0.024189,rennes,10000,333.0
30.947529,rennes,10000,15.899049
46.271046,rennes,10000,15.791319
61.7861,rennes,10000,15.660804
76.58432,rennes,10000,15.5460415
4881.5874,rennes,10000,333.0
0.019736001,rennes,10000,333.0
30.914165,rennes,10000,15.852692
46.2626,rennes,10000,15.731847
61.92932,rennes,10000,15.61247
76.81331,rennes,10000,15.513573
4886.6753,rennes,10000,333.0
0.019087,lyon,10000,333.0
28.749952,lyon,10000,14.791962
42.979687,lyon,10000,14.684191
57.596264,lyon,10000,14.566125
71.386696,lyon,10000,14.460831
5029.1265,lyon,10000,333.0
0.019801,nancy,10000,333.0
18.688608,nancy,10000,9.940781
27.700542,nancy,10000,9.78071
37.27202,nancy,10000,9.627763
45.880344,nancy,10000,9.488553
5126.495,nancy,10000,333.0
0.019785,rennes,10000,333.0
30.848345,rennes,10000,15.833614
46.06819,rennes,10000,15.718063
61.652973,rennes,10000,15.60846
76.60315,rennes,10000,15.509908
4822.634,rennes,10000,333.0
0.01641,rennes,10000,333.0
31.930876,rennes,10000,15.930303
47.10769,rennes,10000,15.798418
62.688484,rennes,10000,15.672469
77.64491,rennes,10000,15.565423
5039.621,rennes,10000,333.0
0.020632,rennes,10000,333.0
30.604397,rennes,10000,15.745273
45.922512,rennes,10000,15.645957
61.491234,rennes,10000,15.547516
76.21949,rennes,10000,15.438461
5044.229,rennes,10000,333.0
0.02626,rennes,10000,333.0
31.079737,rennes,10000,15.970297
46.395805,rennes,10000,15.846081
62.23699,rennes,10000,15.722813
77.27212,rennes,10000,15.595165
5048.565,rennes,10000,333.0
0.01637,rennes,10000,333.0
31.094267,rennes,10000,15.963683
46.375515,rennes,10000,15.830448
62.053516,rennes,10000,15.697327
76.79991,rennes,10000,15.570868
5053.691,rennes,10000,333.0
0.024254002,rennes,10000,333.0
30.72307,rennes,10000,15.7286005
46.101677,rennes,10000,15.6179905
61.60947,rennes,10000,15.512068
76.52608,rennes,10000,15.4204445
5058.2734,rennes,10000,333.0
0.024613,nantes,10000,333.0
34.722218,nantes,10000,17.738508
51.756016,nantes,10000,17.603672
69.28725,nantes,10000,17.465094
85.95488,nantes,10000,17.347025
5034.49,nantes,10000,333.0
0.024169,nantes,10000,333.0
34.77967,nantes,10000,17.522017
51.907986,nantes,10000,17.414225
69.38397,nantes,10000,17.298697
85.91223,nantes,10000,17.19475
5041.093,nantes,10000,333.0
0.021252,nantes,10000,333.0
34.972702,nantes,10000,18.06961
51.94247,nantes,10000,17.894669
69.45506,nantes,10000,17.709736
85.980255,nantes,10000,17.54916
5046.313,nantes,10000,333.0
0.027145,nantes,10000,333.0
34.280006,nantes,10000,17.483871
51.211926,nantes,10000,17.370132
68.619705,nantes,10000,17.260447
85.09559,nantes,10000,17.154476
5053.401,nantes,10000,333.0
0.017219,lyon,10000,333.0
28.727407,lyon,10000,14.700718
42.845192,lyon,10000,14.59256
57.533764,lyon,10000,14.496616
71.29466,lyon,10000,14.397249
5035.653,lyon,10000,333.0
0.028048,nantes,10000,333.0
34.23263,nantes,10000,17.477169
51.37801,nantes,10000,17.37228
68.82767,nantes,10000,17.264065
85.413,nantes,10000,17.162008
5058.839,nantes,10000,333.0
0.019067,nantes,10000,333.0
43.21293,nantes,10000,24.255234
60.174965,nantes,10000,23.291159
77.621704,nantes,10000,22.442156
94.189995,nantes,10000,21.690584
4994.316,nantes,10000,333.0
0.018268,nantes,10000,333.0
48.252472,nantes,10000,23.505848
65.20715,nantes,10000,22.649872
82.39906,nantes,10000,21.868258
98.8965,nantes,10000,21.187439
5000.13,nantes,10000,333.0
0.021011999,nantes,10000,333.0
52.46409,nantes,10000,23.563734
69.58488,nantes,10000,22.702065
87.14427,nantes,10000,21.93792
103.71275,nantes,10000,21.25009
5005.7783,nantes,10000,333.0
0.028558,nantes,10000,333.0
55.53615,nantes,10000,21.277544
72.57754,nantes,10000,20.693924
89.92834,nantes,10000,20.168104
106.602646,nantes,10000,19.714012
5012.019,nantes,10000,333.0
0.036592998,nantes,10000,333.0
42.166225,nantes,10000,25.214869
59.14445,nantes,10000,24.132576
76.57964,nantes,10000,23.181988
93.16155,nantes,10000,22.348549
5017.5576,nantes,10000,333.0
0.012724,nancy,10000,333.0
18.483564,nancy,10000,9.661391
27.97013,nancy,10000,9.547789
37.268547,nancy,10000,9.421312
45.893776,nancy,10000,9.303541
5072.112,nancy,10000,333.0
0.014417,nancy,10000,333.0
18.52795,nancy,10000,9.697616
27.747458,nancy,10000,9.572036
36.947273,nancy,10000,9.44506
45.548626,nancy,10000,9.319905
5075.755,nancy,10000,333.0
0.015793001,nancy,10000,333.0
18.266407,nancy,10000,9.435712
27.447088,nancy,10000,9.343032
36.723515,nancy,10000,9.25075
45.350143,nancy,10000,9.15442
5079.634,nancy,10000,333.0
0.0140579995,nancy,10000,333.0
18.271212,nancy,10000,9.5339
27.196484,nancy,10000,9.412355
36.355057,nancy,10000,9.300843
44.912163,nancy,10000,9.188806
5083.2007,nancy,10000,333.0
0.02663,lyon,10000,333.0
28.962292,lyon,10000,14.807876
43.19517,lyon,10000,14.698297
57.864586,lyon,10000,14.58267
71.8281,lyon,10000,14.487514
5041.131,lyon,10000,333.0
0.021184,nancy,10000,333.0
18.279284,nancy,10000,9.570975
27.777636,nancy,10000,9.469413
37.21574,nancy,10000,9.349544
46.23868,nancy,10000,9.259825
5086.9624,nancy,10000,333.0
0.023183,lyon,10000,333.0
43.95327,lyon,10000,16.57861
58.38538,lyon,10000,16.246984
73.13889,lyon,10000,15.939461
86.94781,lyon,10000,15.664902
5004.129,lyon,10000,333.0
0.018704,lyon,10000,333.0
48.0921,lyon,10000,15.804807
62.333218,lyon,10000,15.553177
76.82772,lyon,10000,15.317454
90.712074,lyon,10000,15.120619
5009.8325,lyon,10000,333.0
0.023224,lyon,10000,333.0
39.16602,lyon,10000,25.181614
53.527233,lyon,10000,23.762972
68.3801,lyon,10000,22.519735
82.18285,lyon,10000,21.418898
5015.1846,lyon,10000,333.0
0.03456,lyon,10000,333.0
44.425903,lyon,10000,30.038555
58.68842,lyon,10000,28.015755
73.414474,lyon,10000,26.227825
87.440544,lyon,10000,24.684168
5021.2285,lyon,10000,333.0
0.027304001,lyon,10000,333.0
49.75423,lyon,10000,35.639404
64.16349,lyon,10000,32.93267
79.27148,lyon,10000,30.55211
93.297104,lyon,10000,28.468563
5027.1055,lyon,10000,333.0
0.021627,lyon,10000,333.0
32.93151,lyon,10000,19.030272
47.15303,lyon,10000,18.37866
61.874287,lyon,10000,17.807673
75.7498,lyon,10000,17.29934
4988.3794,lyon,10000,333.0
0.02107,lyon,10000,333.0
36.658024,lyon,10000,17.37207
50.867706,lyon,10000,16.936367
65.54087,lyon,10000,16.547905
79.366806,lyon,10000,16.200375
4994.5244,lyon,10000,333.0
0.022968002,lyon,10000,333.0
40.939552,lyon,10000,17.318151
55.197254,lyon,10000,16.898115
69.97273,lyon,10000,16.510761
83.85278,lyon,10000,16.168793
4999.638,lyon,10000,333.0
0.056574002,lyon,10000,333.0
46.59196,lyon,10000,17.357576
60.917233,lyon,10000,16.923609
75.52307,lyon,10000,16.527838
89.46707,lyon,10000,16.187431
5005.98,lyon,10000,333.0
0.02971,lyon,10000,333.0
29.215467,lyon,10000,14.9798975
43.52018,lyon,10000,14.850647
58.16283,lyon,10000,14.7272625
72.07589,lyon,10000,14.608801
5047.3853,lyon,10000,333.0
0.030596,lyon,10000,333.0
48.254795,lyon,10000,14.71453
62.44585,lyon,10000,14.604637
77.13453,lyon,10000,14.496361
91.00171,lyon,10000,14.400235
5011.1426,lyon,10000,333.0
0.024292,rennes,10000,333.0
35.2226,rennes,10000,15.687704
50.740223,rennes,10000,15.605984
66.503716,rennes,10000,15.506889
81.36991,rennes,10000,15.419929
4975.877,rennes,10000,333.0
0.020557,rennes,10000,333.0
32.684723,rennes,10000,17.541912
47.841618,rennes,10000,17.209314
63.758038,rennes,10000,16.915857
78.58407,rennes,10000,16.647726
4980.6353,rennes,10000,333.0
0.020370001,rennes,10000,333.0
36.53078,rennes,10000,21.489397
51.69718,rennes,10000,20.664404
67.238464,rennes,10000,19.927967
82.174706,rennes,10000,19.286612
4985.1294,rennes,10000,333.0
0.02306,rennes,10000,333.0
35.804146,rennes,10000,20.844404
51.03808,rennes,10000,20.100208
66.67973,rennes,10000,19.446669
81.53976,rennes,10000,18.857012
4989.8647,rennes,10000,333.0
0.021293001,rennes,10000,333.0
40.241913,rennes,10000,20.42831
55.66666,rennes,10000,19.737299
71.11642,rennes,10000,19.108828
85.87745,rennes,10000,18.554604
4995.019,rennes,10000,333.0
0.023025,nantes,10000,333.0
50.624893,nantes,10000,18.134996
67.632935,nantes,10000,17.944664
85.06926,nantes,10000,17.76811
101.715866,nantes,10000,17.61107
4902.3013,nantes,10000,333.0
0.022014,nantes,10000,333.0
52.428482,nantes,10000,17.56793
69.54613,nantes,10000,17.459558
86.99211,nantes,10000,17.351194
103.64337,nantes,10000,17.255768
4908.619,nantes,10000,333.0
0.024269,nantes,10000,333.0
46.251377,nantes,10000,28.673883
63.12266,nantes,10000,27.160725
80.57406,nantes,10000,25.823256
97.01604,nantes,10000,24.641184
4914.287,nantes,10000,333.0
0.038201,nantes,10000,333.0
49.43635,nantes,10000,32.461674
66.41821,nantes,10000,30.479998
83.77255,nantes,10000,28.734198
100.486465,nantes,10000,27.209175
4920.8804,nantes,10000,333.0
0.037244,lyon,10000,333.0
29.585732,lyon,10000,15.423604
44.020447,lyon,10000,15.238096
59.01064,lyon,10000,15.068422
72.74873,lyon,10000,14.893617
5053.2314,lyon,10000,333.0
0.037304,nantes,10000,333.0
34.316723,nantes,10000,17.50527
51.24707,nantes,10000,17.387691
68.70084,nantes,10000,17.282904
85.315056,nantes,10000,17.19026
4926.683,nantes,10000,333.0
0.022808,nantes,10000,333.0
48.379417,nantes,10000,17.255457
65.25925,nantes,10000,17.173267
82.63052,nantes,10000,17.071093
99.13506,nantes,10000,16.991814
4900.9995,nantes,10000,333.0
0.024673,nantes,10000,333.0
51.037067,nantes,10000,17.541296
67.836,nantes,10000,17.41231
85.17936,nantes,10000,17.292587
101.679924,nantes,10000,17.185482
4906.442,nantes,10000,333.0
0.040792003,nantes,10000,333.0
45.20614,nantes,10000,28.384804
62.180035,nantes,10000,26.920702
79.86114,nantes,10000,25.61878
96.55486,nantes,10000,24.48537
4912.38,nantes,10000,333.0
0.026682,nantes,10000,333.0
49.5956,nantes,10000,32.912376
66.51354,nantes,10000,30.867907
84.01611,nantes,10000,29.069277
100.64929,nantes,10000,27.496727
4919.4263,nantes,10000,333.0
0.027062,nantes,10000,333.0
52.129326,nantes,10000,35.232296
69.317665,nantes,10000,32.909748
86.68242,nantes,10000,30.850006
103.35968,nantes,10000,29.059893
4925.0654,nantes,10000,333.0
0.021864,lyon,10000,333.0
44.60136,lyon,10000,14.640204
58.786434,lyon,10000,14.544235
73.56464,lyon,10000,14.45442
87.44152,lyon,10000,14.369253
4902.763,lyon,10000,333.0
0.023774,lyon,10000,333.0
40.119358,lyon,10000,26.060349
54.395573,lyon,10000,24.54288
69.118774,lyon,10000,23.205082
82.98791,lyon,10000,22.030712
4909.007,lyon,10000,333.0
0.025393,lyon,10000,333.0
43.689,lyon,10000,29.572975
58.14584,lyon,10000,27.624655
72.82241,lyon,10000,25.896265
86.69642,lyon,10000,24.384119
4914.263,lyon,10000,333.0
0.022264,lyon,10000,333.0
46.879616,lyon,10000,32.824486
61.22259,lyon,10000,30.472084
75.89433,lyon,10000,28.389904
89.88708,lyon,10000,26.569262
4920.5356,lyon,10000,333.0
0.012972,nancy,10000,333.0
18.21634,nancy,10000,9.558438
27.026808,nancy,10000,9.434706
36.830532,nancy,10000,9.302208
45.52519,nancy,10000,9.203216
5111.437,nancy,10000,333.0
0.031583,lyon,10000,333.0
28.985996,lyon,10000,14.875146
43.360615,lyon,10000,14.762876
58.44913,lyon,10000,14.6546335
72.38337,lyon,10000,14.556246
4925.489,lyon,10000,333.0
0.015199,nancy,10000,333.0
24.017887,nancy,10000,9.519847
32.819405,nancy,10000,9.388642
42.364246,nancy,10000,9.271622
50.954475,nancy,10000,9.166905
4959.938,nancy,10000,333.0
0.015492,nancy,10000,333.0
23.060177,nancy,10000,9.99194
32.22842,nancy,10000,9.832954
42.388474,nancy,10000,9.690085
51.073215,nancy,10000,9.553213
4963.832,nancy,10000,333.0
0.013146,nancy,10000,333.0
23.88507,nancy,10000,14.771064
33.049957,nancy,10000,14.00734
42.246696,nancy,10000,13.340796
50.939342,nancy,10000,12.741565
4967.7725,nancy,10000,333.0
0.015525,nancy,10000,333.0
24.706663,nancy,10000,15.989716
33.993694,nancy,10000,15.074529
43.26425,nancy,10000,14.244795
51.89376,nancy,10000,13.532576
4971.677,nancy,10000,333.0
0.019492,nancy,10000,333.0
20.039404,nancy,10000,11.334647
28.99502,nancy,10000,11.005449
38.074463,nancy,10000,10.6821165
46.667786,nancy,10000,10.410659
4975.543,nancy,10000,333.0
0.012917,nancy,10000,333.0
23.27758,nancy,10000,11.405983
32.247856,nancy,10000,11.063928
41.4905,nancy,10000,10.748888
50.249416,nancy,10000,10.480246
4964.962,nancy,10000,333.0
0.014874,nancy,10000,333.0
24.193655,nancy,10000,15.334753
33.17491,nancy,10000,14.496862
43.237316,nancy,10000,13.760606
51.9848,nancy,10000,13.11556
4968.883,nancy,10000,333.0
0.01453,nancy,10000,333.0
21.287031,nancy,10000,12.554074
30.161152,nancy,10000,12.068037
39.391647,nancy,10000,11.616786
48.30342,nancy,10000,11.235009
4972.836,nancy,10000,333.0
0.013458,nancy,10000,333.0
18.295794,nancy,10000,9.532961
27.349152,nancy,10000,9.434372
37.390125,nancy,10000,9.33477
46.153534,nancy,10000,9.245032
4977.035,nancy,10000,333.0
0.012324,nancy,10000,333.0
18.463085,nancy,10000,9.670628
27.465548,nancy,10000,9.555634
37.274418,nancy,10000,9.435935
45.936653,nancy,10000,9.332199
5114.73,nancy,10000,333.0
0.015543999,nancy,10000,333.0
20.695957,nancy,10000,9.500381
29.904171,nancy,10000,9.367889
39.37837,nancy,10000,9.237495
47.875305,nancy,10000,9.135561
4981.0386,nancy,10000,333.0
0.020705,rennes,10000,333.0
32.384644,rennes,10000,17.463566
47.881447,rennes,10000,17.150888
63.60759,rennes,10000,16.86037
78.449875,rennes,10000,16.601099
4881.67,rennes,10000,333.0
0.021611,rennes,10000,333.0
35.0916,rennes,10000,16.242813
50.47816,rennes,10000,16.078138
66.19441,rennes,10000,15.924761
80.964355,rennes,10000,15.77366
4886.166,rennes,10000,333.0
0.025703998,rennes,10000,333.0
40.32263,rennes,10000,16.892185
55.465622,rennes,10000,16.634192
71.34813,rennes,10000,16.411654
86.304825,rennes,10000,16.212208
4890.4097,rennes,10000,333.0
0.01921,rennes,10000,333.0
42.452393,rennes,10000,15.69593
57.58637,rennes,10000,15.584493
73.14835,rennes,10000,15.488972
88.066246,rennes,10000,15.401344
4895.657,rennes,10000,333.0
0.028061,rennes,10000,333.0
46.42961,rennes,10000,15.722839
61.630867,rennes,10000,15.61869
77.20529,rennes,10000,15.516858
92.06048,rennes,10000,15.427099
4900.3374,rennes,10000,333.0
0.028678,lyon,10000,333.0
28.977245,lyon,10000,14.917229
43.122,lyon,10000,14.78276
57.906113,lyon,10000,14.660064
71.76403,lyon,10000,14.546912
4793.8994,lyon,10000,333.0
0.022111,lyon,10000,333.0
28.838684,lyon,10000,14.790141
43.035667,lyon,10000,14.680846
57.790382,lyon,10000,14.574796
71.74054,lyon,10000,14.484337
4799.9624,lyon,10000,333.0
0.020975,lyon,10000,333.0
29.159744,lyon,10000,15.028459
43.527115,lyon,10000,14.90042
58.48072,lyon,10000,14.777778
72.434586,lyon,10000,14.657876
4805.156,lyon,10000,333.0
0.02978,lyon,10000,333.0
29.015146,lyon,10000,14.904963
43.450294,lyon,10000,14.782567
58.075424,lyon,10000,14.6614
71.96048,lyon,10000,14.55504
4812.164,lyon,10000,333.0
0.013553,nancy,10000,333.0
18.358704,nancy,10000,9.678252
27.488459,nancy,10000,9.557311
36.539318,nancy,10000,9.427434
45.238483,nancy,10000,9.316954
5118.7993,nancy,10000,333.0
0.036503,lyon,10000,333.0
29.01148,lyon,10000,14.9067545
43.500057,lyon,10000,14.785066
58.278473,lyon,10000,14.667947
72.098755,lyon,10000,14.55293
4817.726,lyon,10000,333.0
0.016142,rennes,10000,333.0
30.659533,rennes,10000,15.805227
45.861965,rennes,10000,15.677632
61.534718,rennes,10000,15.5765915
76.37113,rennes,10000,15.477312
4818.5737,rennes,10000,333.0
0.017246,rennes,10000,333.0
30.876696,rennes,10000,15.868072
46.06809,rennes,10000,15.743116
61.801792,rennes,10000,15.629385
76.614685,rennes,10000,15.520328
4823.4355,rennes,10000,333.0
0.01908,rennes,10000,333.0
30.683167,rennes,10000,15.658885
46.03304,rennes,10000,15.558187
61.791954,rennes,10000,15.459265
76.554794,rennes,10000,15.365496
4827.9307,rennes,10000,333.0
0.025516,rennes,10000,333.0
30.778866,rennes,10000,15.725632
46.10543,rennes,10000,15.639735
61.664,rennes,10000,15.538495
76.56202,rennes,10000,15.451376
4832.4053,rennes,10000,333.0
0.023438001,rennes,10000,333.0
30.87456,rennes,10000,15.8487835
46.267254,rennes,10000,15.729224
61.894222,rennes,10000,15.612628
76.72791,rennes,10000,15.508274
4837.2666,rennes,10000,333.0
0.022763,nantes,10000,333.0
34.224792,nantes,10000,17.576889
51.516266,nantes,10000,17.455952
69.05392,nantes,10000,17.343178
85.61698,nantes,10000,17.233982
4770.7534,nantes,10000,333.0
0.021875,nantes,10000,333.0
34.300827,nantes,10000,17.467941
51.315872,nantes,10000,17.367767
68.53391,nantes,10000,17.254677
85.148415,nantes,10000,17.166168
4777.391,nantes,10000,333.0
0.026739001,nantes,10000,333.0
34.237415,nantes,10000,17.570322
51.610302,nantes,10000,17.467684
69.09621,nantes,10000,17.352518
85.68159,nantes,10000,17.24836
4782.945,nantes,10000,333.0
0.027237,nantes,10000,333.0
35.174976,nantes,10000,17.73736
52.086914,nantes,10000,17.592253
69.50701,nantes,10000,17.465937
86.11512,nantes,10000,17.341825
4789.669,nantes,10000,333.0
0.018855,nancy,10000,333.0
18.147417,nancy,10000,9.44617
27.361317,nancy,10000,9.352155
37.219624,nancy,10000,9.250385
45.971977,nancy,10000,9.16715
5122.7344,nancy,10000,333.0
0.029365,nantes,10000,333.0
34.552345,nantes,10000,17.67808
51.775482,nantes,10000,17.547747
69.15414,nantes,10000,17.41501
85.7819,nantes,10000,17.306738
4795.157,nantes,10000,333.0
0.011694999,nancy,10000,333.0
29.132362,nancy,10000,9.402899
37.992714,nancy,10000,9.308852
47.59049,nancy,10000,9.200506
56.184986,nancy,10000,9.1158695
4883.094,nancy,10000,333.0
0.0145809995,nancy,10000,333.0
32.07869,nancy,10000,9.551496
41.08094,nancy,10000,9.442258
51.1561,nancy,10000,9.327882
59.883904,nancy,10000,9.234293
4886.7456,nancy,10000,333.0
0.013134,nancy,10000,333.0
33.124573,nancy,10000,9.491843
42.50876,nancy,10000,9.385923
52.29401,nancy,10000,9.281929
61.073967,nancy,10000,9.199309
4890.8765,nancy,10000,333.0
0.017509999,nancy,10000,333.0
36.33083,nancy,10000,9.678955
45.38015,nancy,10000,9.561803
54.465412,nancy,10000,9.429577
63.121273,nancy,10000,9.323904
4894.7993,nancy,10000,333.0
0.020732,nancy,10000,333.0
32.53183,nancy,10000,23.703337
41.527485,nancy,10000,21.830818
51.562164,nancy,10000,20.17414
60.194588,nancy,10000,18.720072
4899.0522,nancy,10000,333.0
0.016566,rennes,10000,333.0
31.489416,rennes,10000,15.932916
46.756348,rennes,10000,15.78738
62.37144,rennes,10000,15.669215
77.23608,rennes,10000,15.557075
4803.402,rennes,10000,333.0
0.018877,rennes,10000,333.0
31.20574,rennes,10000,15.764583
46.342896,rennes,10000,15.637241
61.90887,rennes,10000,15.522897
76.68501,rennes,10000,15.421031
4808.3657,rennes,10000,333.0
0.019073999,rennes,10000,333.0
31.490591,rennes,10000,15.834421
46.78769,rennes,10000,15.732914
62.352,rennes,10000,15.611
77.08769,rennes,10000,15.494651
4812.933,rennes,10000,333.0
0.024065001,rennes,10000,333.0
30.897427,rennes,10000,15.812528
46.051468,rennes,10000,15.691564
61.696606,rennes,10000,15.588458
76.6434,rennes,10000,15.491903
4817.536,rennes,10000,333.0
0.02595,lyon,10000,333.0
29.007034,lyon,10000,14.871152
43.347538,lyon,10000,14.76071
58.34375,lyon,10000,14.648524
72.14551,lyon,10000,14.533678
5095.5786,lyon,10000,333.0
0.016024,nancy,10000,333.0
18.620363,nancy,10000,9.835456
27.925121,nancy,10000,9.707117
37.74281,nancy,10000,9.563814
46.368084,nancy,10000,9.428658
5171.478,nancy,10000,333.0
0.024606999,rennes,10000,333.0
31.339727,rennes,10000,15.931556
46.626953,rennes,10000,15.8067255
62.458458,rennes,10000,15.682326
77.494446,rennes,10000,15.581906
4866.5264,rennes,10000,333.0
0.016501,rennes,10000,333.0
31.05236,rennes,10000,15.909009
46.317265,rennes,10000,15.793081
61.942688,rennes,10000,15.664513
76.801544,rennes,10000,15.553017
5064.8706,rennes,10000,333.0
0.016821,rennes,10000,333.0
30.528805,rennes,10000,15.643658
45.67203,rennes,10000,15.546297
61.212307,rennes,10000,15.44487
75.952515,rennes,10000,15.350143
5069.822,rennes,10000,333.0
0.022366999,rennes,10000,333.0
30.776634,rennes,10000,15.796169
45.90882,rennes,10000,15.676135
61.55013,rennes,10000,15.572022
76.39508,rennes,10000,15.466728
5074.7554,rennes,10000,333.0
0.023212,rennes,10000,333.0
30.63725,rennes,10000,15.708951
46.03023,rennes,10000,15.603086
61.536648,rennes,10000,15.496604
76.42699,rennes,10000,15.403634
5079.4175,rennes,10000,333.0
0.050215,rennes,10000,333.0
30.934387,rennes,10000,15.779352
46.23426,rennes,10000,15.676487
61.863857,rennes,10000,15.576146
76.860374,rennes,10000,15.487292
5084.101,rennes,10000,333.0
0.020329,nantes,10000,333.0
54.4288,nantes,10000,37.723957
71.40506,nantes,10000,35.09225
88.83086,nantes,10000,32.77369
105.418205,nantes,10000,30.74115
5054.8174,nantes,10000,333.0
0.017782,nantes,10000,333.0
35.262367,nantes,10000,17.538433
52.21177,nantes,10000,17.429155
69.75554,nantes,10000,17.31221
86.45064,nantes,10000,17.21744
5061.2847,nantes,10000,333.0
0.025741,nantes,10000,333.0
35.002823,nantes,10000,17.639668
52.005447,nantes,10000,17.517328
69.55047,nantes,10000,17.397362
86.08687,nantes,10000,17.280079
5066.202,nantes,10000,333.0
0.082278,nantes,10000,333.0
34.422806,nantes,10000,17.544016
51.28942,nantes,10000,17.414167
68.75179,nantes,10000,17.301928
85.314095,nantes,10000,17.190784
5072.5537,nantes,10000,333.0
0.021039002,lyon,10000,333.0
28.853905,lyon,10000,14.768317
43.085133,lyon,10000,14.6603565
57.740562,lyon,10000,14.562429
71.56398,lyon,10000,14.460557
5101.6045,lyon,10000,333.0
0.031822,nantes,10000,333.0
35.138977,nantes,10000,18.36125
52.129433,nantes,10000,18.128757
69.61386,nantes,10000,17.931166
86.31595,nantes,10000,17.757088
5078.3887,nantes,10000,333.0
0.027544,nantes,10000,333.0
46.658028,nantes,10000,20.917667
63.455925,nantes,10000,20.36396
80.9717,nantes,10000,19.882639
97.58893,nantes,10000,19.464758
5021.34,nantes,10000,333.0
0.021771,nantes,10000,333.0
50.966625,nantes,10000,20.194365
67.79124,nantes,10000,19.737751
85.1643,nantes,10000,19.320337
101.76372,nantes,10000,18.963028
5027.934,nantes,10000,333.0
0.026404,nantes,10000,333.0
51.46581,nantes,10000,17.818344
68.56784,nantes,10000,17.657915
86.00647,nantes,10000,17.518375
102.48674,nantes,10000,17.369324
5033.139,nantes,10000,333.0
0.035708,nantes,10000,333.0
45.02675,nantes,10000,28.150618
62.08191,nantes,10000,26.700317
79.47902,nantes,10000,25.432858
96.10822,nantes,10000,24.316189
5040.634,nantes,10000,333.0
0.028694,nantes,10000,333.0
48.891304,nantes,10000,32.010777
65.83651,nantes,10000,30.081285
83.31454,nantes,10000,28.382332
99.85398,nantes,10000,26.887234
5046.1113,nantes,10000,333.0
0.012239,nancy,10000,333.0
18.131905,nancy,10000,9.385764
27.610474,nancy,10000,9.306035
36.826477,nancy,10000,9.217105
45.5768,nancy,10000,9.140203
5111.045,nancy,10000,333.0
0.0141050005,nancy,10000,333.0
18.41642,nancy,10000,9.562369
27.559261,nancy,10000,9.463323
37.244106,nancy,10000,9.359907
45.876953,nancy,10000,9.250598
5114.7515,nancy,10000,333.0
0.0146470005,nancy,10000,333.0
18.370901,nancy,10000,9.546492
27.88296,nancy,10000,9.448587
37.080135,nancy,10000,9.345351
45.874947,nancy,10000,9.239184
5118.6025,nancy,10000,333.0
0.01901,nancy,10000,333.0
18.204767,nancy,10000,9.461457
27.62791,nancy,10000,9.363721
36.686447,nancy,10000,9.255895
45.188324,nancy,10000,9.155132
5122.7153,nancy,10000,333.0
0.029028,lyon,10000,333.0
29.131737,lyon,10000,14.888522
43.436375,lyon,10000,14.770533
58.36598,lyon,10000,14.672344
72.28443,lyon,10000,14.561202
5106.853,lyon,10000,333.0
0.018036,nancy,10000,333.0
18.229553,nancy,10000,9.408852
27.528156,nancy,10000,9.321142
36.826458,nancy,10000,9.231163
45.412373,nancy,10000,9.143931
5127.0054,nancy,10000,333.0
0.021831,lyon,10000,333.0
34.10847,lyon,10000,17.095285
48.51959,lyon,10000,16.72185
63.30575,lyon,10000,16.358706
77.157265,lyon,10000,16.036802
5012.8013,lyon,10000,333.0
0.025168,lyon,10000,333.0
38.442688,lyon,10000,15.464558
52.848156,lyon,10000,15.265456
67.47464,lyon,10000,15.083031
81.49496,lyon,10000,14.931068
5018.4565,lyon,10000,333.0
0.025631,lyon,10000,333.0
41.78935,lyon,10000,14.734367
56.06289,lyon,10000,14.630463
70.77615,lyon,10000,14.528831
84.74321,lyon,10000,14.44045
5024.079,lyon,10000,333.0
0.022584999,lyon,10000,333.0
46.424305,lyon,10000,14.837112
60.764282,lyon,10000,14.712943
75.35433,lyon,10000,14.600262
89.16762,lyon,10000,14.494635
5030.9546,lyon,10000,333.0
0.032738,lyon,10000,333.0
40.298508,lyon,10000,26.170624
54.807182,lyon,10000,24.642624
69.70994,lyon,10000,23.296717
83.52645,lyon,10000,22.103376
5036.549,lyon,10000,333.0
0.019152999,lyon,10000,333.0
31.820074,lyon,10000,14.828447
45.980484,lyon,10000,14.7035055
60.948864,lyon,10000,14.594811
74.85651,lyon,10000,14.499441
4995.33,lyon,10000,333.0
0.019863999,lyon,10000,333.0
29.099518,lyon,10000,14.793803
43.5129,lyon,10000,14.687598
58.310345,lyon,10000,14.583783
72.131004,lyon,10000,14.480917
5001.4375,lyon,10000,333.0
0.026872,lyon,10000,333.0
31.770346,lyon,10000,17.614
46.300987,lyon,10000,17.159573
61.244907,lyon,10000,16.754799
75.21148,lyon,10000,16.39228
5006.945,lyon,10000,333.0
0.029678,lyon,10000,333.0
34.513004,lyon,10000,16.350826
48.91117,lyon,10000,16.056393
63.870243,lyon,10000,15.780943
77.75797,lyon,10000,15.534358
5013.631,lyon,10000,333.0
0.023111999,lyon,10000,333.0
28.945852,lyon,10000,14.8524
43.127285,lyon,10000,14.728038
57.83922,lyon,10000,14.60485
71.67658,lyon,10000,14.500587
5113.4272,lyon,10000,333.0
0.029096,lyon,10000,333.0
38.705276,lyon,10000,14.768519
53.13334,lyon,10000,14.659702
67.8398,lyon,10000,14.560859
81.77322,lyon,10000,14.465066
5019.4434,lyon,10000,333.0
0.01734,rennes,10000,333.0
33.76129,rennes,10000,15.678076
49.150448,rennes,10000,15.583983
64.63649,rennes,10000,15.4749775
79.608894,rennes,10000,15.404217
4994.873,rennes,10000,333.0
0.01935,rennes,10000,333.0
30.902428,rennes,10000,15.834967
46.33052,rennes,10000,15.727581
62.291103,rennes,10000,15.629232
76.9944,rennes,10000,15.506726
4999.25,rennes,10000,333.0
0.023169,rennes,10000,333.0
32.31549,rennes,10000,16.257044
47.55587,rennes,10000,16.090956
63.317055,rennes,10000,15.927324
78.21852,rennes,10000,15.78277
5003.964,rennes,10000,333.0
0.021116,rennes,10000,333.0
33.01428,rennes,10000,17.961287
48.261547,rennes,10000,17.585917
63.955925,rennes,10000,17.238653
78.81473,rennes,10000,16.92386
5008.9536,rennes,10000,333.0
0.02431,rennes,10000,333.0
36.13622,rennes,10000,17.910955
51.25538,rennes,10000,17.52278
67.029076,rennes,10000,17.184067
81.99678,rennes,10000,16.887436
5013.7153,rennes,10000,333.0
0.020084001,nantes,10000,333.0
45.648495,nantes,10000,28.783907
62.502144,nantes,10000,27.2556
79.99982,nantes,10000,25.914043
96.50283,nantes,10000,24.72979
4956.2056,nantes,10000,333.0
0.017552,nantes,10000,333.0
49.730038,nantes,10000,32.699123
66.58038,nantes,10000,30.680008
83.873985,nantes,10000,28.902084
100.38289,nantes,10000,27.345516
4962.8594,nantes,10000,333.0
0.021732999,nantes,10000,333.0
52.507584,nantes,10000,35.744183
69.50975,nantes,10000,33.338093
87.08127,nantes,10000,31.22876
103.56663,nantes,10000,29.37578
4968.0347,nantes,10000,333.0
0.031161,nantes,10000,333.0
34.331596,nantes,10000,17.546515
51.122288,nantes,10000,17.409037
68.549355,nantes,10000,17.3022
85.25762,nantes,10000,17.20896
4974.598,nantes,10000,333.0
0.07208,lyon,10000,333.0
29.027872,lyon,10000,14.794914
43.365807,lyon,10000,14.686803
58.265606,lyon,10000,14.588193
72.258286,lyon,10000,14.496676
5119.0215,lyon,10000,333.0
0.035099,nantes,10000,333.0
34.29988,nantes,10000,17.539555
51.233658,nantes,10000,17.415466
68.74169,nantes,10000,17.314234
85.46017,nantes,10000,17.221172
4980.1924,nantes,10000,333.0
0.020080999,nantes,10000,333.0
49.813248,nantes,10000,17.559504
66.954796,nantes,10000,17.435745
84.3602,nantes,10000,17.31097
100.93131,nantes,10000,17.207663
4945.417,nantes,10000,333.0
0.019269,nantes,10000,333.0
53.533653,nantes,10000,17.861525
70.70242,nantes,10000,17.704956
88.118965,nantes,10000,17.559832
104.6607,nantes,10000,17.424963
4952.0156,nantes,10000,333.0
0.020719001,nantes,10000,333.0
46.02035,nantes,10000,28.595415
63.012047,nantes,10000,27.09403
80.41324,nantes,10000,25.769657
96.92006,nantes,10000,24.597397
4957.5986,nantes,10000,333.0
0.034172002,nantes,10000,333.0
49.90271,nantes,10000,33.198093
66.96666,nantes,10000,31.132828
84.3479,nantes,10000,29.291096
100.88805,nantes,10000,27.6792
4963.8853,nantes,10000,333.0
0.037996,nantes,10000,333.0
53.217667,nantes,10000,36.40929
70.36227,nantes,10000,33.936295
87.856384,nantes,10000,31.760212
104.56215,nantes,10000,29.863928
4969.5674,nantes,10000,333.0
0.022548,lyon,10000,333.0
40.270412,lyon,10000,14.702406
54.718914,lyon,10000,14.586625
69.42137,lyon,10000,14.474749
83.4713,lyon,10000,14.369483
4937.738,lyon,10000,333.0
0.025380999,lyon,10000,333.0
45.04286,lyon,10000,14.706222
59.234886,lyon,10000,14.584672
73.75012,lyon,10000,14.479739
87.660065,lyon,10000,14.391413
4944.041,lyon,10000,333.0
0.025798999,lyon,10000,333.0
47.657917,lyon,10000,14.763587
61.917473,lyon,10000,14.65743
76.60661,lyon,10000,14.556147
90.56635,lyon,10000,14.464862
4949.048,lyon,10000,333.0
0.036792,lyon,10000,333.0
44.00265,lyon,10000,29.897604
58.31245,lyon,10000,27.890331
73.06707,lyon,10000,26.128887
86.85969,lyon,10000,24.57934
4956.188,lyon,10000,333.0
0.0128729995,nancy,10000,333.0
18.44954,nancy,10000,9.581911
27.929295,nancy,10000,9.477713
37.20113,nancy,10000,9.368347
45.89867,nancy,10000,9.265971
5155.5654,nancy,10000,333.0
0.039455,lyon,10000,333.0
47.009647,lyon,10000,32.8601
61.367992,lyon,10000,30.500252
76.64631,lyon,10000,28.476976
90.50335,lyon,10000,26.637352
4961.53,lyon,10000,333.0
0.017986,nancy,10000,333.0
36.039715,nancy,10000,10.540749
45.011574,nancy,10000,10.317104
54.477207,nancy,10000,10.087071
63.154743,nancy,10000,9.898154
5019.3154,nancy,10000,333.0
0.018919,nancy,10000,333.0
39.106304,nancy,10000,10.58387
48.295616,nancy,10000,10.344566
58.28722,nancy,10000,10.126005
66.98695,nancy,10000,9.932426
5023.2104,nancy,10000,333.0
0.016401,nancy,10000,333.0
33.97693,nancy,10000,25.144665
43.154987,nancy,10000,23.083107
52.600773,nancy,10000,21.276724
61.41564,nancy,10000,19.698868
5027.1177,nancy,10000,333.0
0.018885002,nancy,10000,333.0
36.96896,nancy,10000,28.157999
45.901203,nancy,10000,25.721527
56.041668,nancy,10000,23.580727
65.03463,nancy,10000,21.713575
5030.917,nancy,10000,333.0
0.030377999,nancy,10000,333.0
18.84486,nancy,10000,9.426674
27.750448,nancy,10000,9.31956
37.10175,nancy,10000,9.227915
45.860313,nancy,10000,9.149916
5035.0244,nancy,10000,333.0
0.013601,nancy,10000,333.0
30.449497,nancy,10000,9.726756
39.45282,nancy,10000,9.59622
48.685005,nancy,10000,9.476635
57.29301,nancy,10000,9.361244
5011.524,nancy,10000,333.0
0.014878,nancy,10000,333.0
33.320522,nancy,10000,9.853964
42.886936,nancy,10000,9.712355
52.162376,nancy,10000,9.570991
60.764977,nancy,10000,9.443237
5015.104,nancy,10000,333.0
0.014044,nancy,10000,333.0
36.43157,nancy,10000,11.367927
45.26917,nancy,10000,11.025003
54.34014,nancy,10000,10.705762
63.245506,nancy,10000,10.444353
5018.9814,nancy,10000,333.0
0.016073,nancy,10000,333.0
37.625732,nancy,10000,9.698158
46.50181,nancy,10000,9.556133
55.672447,nancy,10000,9.435515
64.28921,nancy,10000,9.314976
5022.6543,nancy,10000,333.0
0.017853001,nancy,10000,333.0
18.363117,nancy,10000,9.487609
27.465204,nancy,10000,9.382515
37.242416,nancy,10000,9.301638
46.043625,nancy,10000,9.212313
5159.457,nancy,10000,333.0
0.019790001,nancy,10000,333.0
34.27299,nancy,10000,25.437773
43.30121,nancy,10000,23.342081
52.511673,nancy,10000,21.492092
61.262096,nancy,10000,19.880184
5026.6846,nancy,10000,333.0
0.022452999,rennes,10000,333.0
31.200449,rennes,10000,15.854728
46.523174,rennes,10000,15.746023
62.387638,rennes,10000,15.658367
77.26684,rennes,10000,15.554075
4915.1665,rennes,10000,333.0
0.019862,rennes,10000,333.0
31.471119,rennes,10000,15.980314
46.766697,rennes,10000,15.848219
62.317345,rennes,10000,15.724722
77.131546,rennes,10000,15.604179
4919.671,rennes,10000,333.0
0.017139,rennes,10000,333.0
31.149157,rennes,10000,16.028145
46.5252,rennes,10000,15.887628
62.29775,rennes,10000,15.743764
76.97921,rennes,10000,15.594923
4924.1987,rennes,10000,333.0
0.025557,rennes,10000,333.0
34.260544,rennes,10000,15.729368
49.613327,rennes,10000,15.634861
65.18691,rennes,10000,15.534939
80.05455,rennes,10000,15.443366
4928.856,rennes,10000,333.0
0.031668,rennes,10000,333.0
39.865314,rennes,10000,16.5261
55.016907,rennes,10000,16.316013
70.49685,rennes,10000,16.12446
85.26183,rennes,10000,15.94775
4933.7173,rennes,10000,333.0
0.027033,lyon,10000,333.0
29.118301,lyon,10000,14.724434
43.353832,lyon,10000,14.623678
58.01954,lyon,10000,14.5146265
71.82723,lyon,10000,14.41733
4879.545,lyon,10000,333.0
0.023616,lyon,10000,333.0
28.914564,lyon,10000,14.829262
43.36031,lyon,10000,14.714399
57.980186,lyon,10000,14.601135
71.773895,lyon,10000,14.492416
4885.7993,lyon,10000,333.0
0.020944001,lyon,10000,333.0
28.910889,lyon,10000,14.882801
43.179794,lyon,10000,14.76864
57.952625,lyon,10000,14.650866
71.88651,lyon,10000,14.547693
4891.1157,lyon,10000,333.0
0.029999001,lyon,10000,333.0
28.818281,lyon,10000,14.767158
43.017475,lyon,10000,14.65545
57.666855,lyon,10000,14.547862
71.53002,lyon,10000,14.453855
4897.259,lyon,10000,333.0
0.012457,nancy,10000,333.0
18.372025,nancy,10000,9.582323
27.879642,nancy,10000,9.481399
37.9166,nancy,10000,9.373428
46.55151,nancy,10000,9.2628
5163.5127,nancy,10000,333.0
0.029411,lyon,10000,333.0
29.347193,lyon,10000,14.8353615
43.613827,lyon,10000,14.716861
58.60944,lyon,10000,14.609764
72.49923,lyon,10000,14.507863
4902.725,lyon,10000,333.0
0.016232999,rennes,10000,333.0
30.913685,rennes,10000,15.797443
46.231762,rennes,10000,15.676919
61.82934,rennes,10000,15.572731
76.74061,rennes,10000,15.482383
4882.129,rennes,10000,333.0
0.021128,rennes,10000,333.0
30.895056,rennes,10000,15.837847
46.17179,rennes,10000,15.733674
61.790627,rennes,10000,15.629888
76.69359,rennes,10000,15.522913
4886.288,rennes,10000,333.0
0.023257,rennes,10000,333.0
30.710136,rennes,10000,15.766001
46.17101,rennes,10000,15.656274
61.679443,rennes,10000,15.552367
76.530594,rennes,10000,15.457936
4890.987,rennes,10000,333.0
0.020573,rennes,10000,333.0
30.900993,rennes,10000,15.848683
46.13113,rennes,10000,15.731733
61.88249,rennes,10000,15.6162615
76.84104,rennes,10000,15.51578
4896.101,rennes,10000,333.0
0.023844,rennes,10000,333.0
30.823112,rennes,10000,15.820595
46.28567,rennes,10000,15.71342
62.07597,rennes,10000,15.608823
76.96941,rennes,10000,15.511822
4900.5537,rennes,10000,333.0
0.023474,nantes,10000,333.0
34.00999,nantes,10000,17.313597
50.69412,nantes,10000,17.197023
68.07657,nantes,10000,17.101713
84.74175,nantes,10000,17.031656
4811.8574,nantes,10000,333.0
0.023076,nantes,10000,333.0
34.318184,nantes,10000,17.545435
51.151855,nantes,10000,17.420275
68.519745,nantes,10000,17.294476
84.98864,nantes,10000,17.183712
4817.84,nantes,10000,333.0
0.027154999,nantes,10000,333.0
34.202194,nantes,10000,17.445421
51.05419,nantes,10000,17.332348
68.51879,nantes,10000,17.231422
84.98275,nantes,10000,17.126999
4823.744,nantes,10000,333.0
0.027194,nantes,10000,333.0
34.610577,nantes,10000,17.787655
51.588024,nantes,10000,17.641432
69.11497,nantes,10000,17.512852
85.81288,nantes,10000,17.39454
4830.377,nantes,10000,333.0
0.012863,nancy,10000,333.0
18.138031,nancy,10000,9.426647
27.395172,nancy,10000,9.322418
36.535973,nancy,10000,9.224694
45.1068,nancy,10000,9.134821
5167.5283,nancy,10000,333.0
0.032128997,nantes,10000,333.0
34.41633,nantes,10000,17.586708
51.31516,nantes,10000,17.453363
68.84123,nantes,10000,17.341797
85.440475,nantes,10000,17.231993
4836.197,nantes,10000,333.0
0.0145000005,nancy,10000,333.0
26.312061,nancy,10000,10.392869
35.249737,nancy,10000,10.175757
44.39646,nancy,10000,9.977617
52.95004,nancy,10000,9.793417
4920.8477,nancy,10000,333.0
0.014525,nancy,10000,333.0
29.395992,nancy,10000,9.768029
38.57378,nancy,10000,9.613644
47.929382,nancy,10000,9.482746
56.446762,nancy,10000,9.354254
4924.4897,nancy,10000,333.0
0.012612999,nancy,10000,333.0
31.109547,nancy,10000,9.567728
40.093594,nancy,10000,9.446679
49.557,nancy,10000,9.325991
58.084938,nancy,10000,9.206038
4928.3257,nancy,10000,333.0
0.018795999,nancy,10000,333.0
33.574703,nancy,10000,9.3727255
42.499645,nancy,10000,9.273986
51.75499,nancy,10000,9.182681
60.386765,nancy,10000,9.095286
4932.476,nancy,10000,333.0
0.02133,nancy,10000,333.0
36.604134,nancy,10000,9.677077
45.70492,nancy,10000,9.550477
54.978767,nancy,10000,9.423895
64.041336,nancy,10000,9.328309
4936.897,nancy,10000,333.0
0.019527001,rennes,10000,333.0
31.008596,rennes,10000,15.916215
46.514656,rennes,10000,15.80553
62.292812,rennes,10000,15.692758
77.132,rennes,10000,15.579079
4847.3003,rennes,10000,333.0
0.019741,rennes,10000,333.0
30.773394,rennes,10000,15.764151
46.100964,rennes,10000,15.657658
61.661167,rennes,10000,15.556022
76.45086,rennes,10000,15.45342
4852.0684,rennes,10000,333.0
0.023997,rennes,10000,333.0
31.070652,rennes,10000,15.903684
46.39559,rennes,10000,15.792739
61.8894,rennes,10000,15.664632
76.9079,rennes,10000,15.566634
4856.5776,rennes,10000,333.0
0.018445,rennes,10000,333.0
30.771091,rennes,10000,15.726894
46.190342,rennes,10000,15.628984
61.911934,rennes,10000,15.53249
76.7031,rennes,10000,15.428635
4861.751,rennes,10000,333.0
0.019542,lyon,10000,333.0
28.80857,lyon,10000,14.754415
43.093117,lyon,10000,14.651348
57.705414,lyon,10000,14.535913
71.62633,lyon,10000,14.442705
5052.921,lyon,10000,333.0
0.020548,nancy,10000,333.0
18.764557,nancy,10000,9.823107
27.902924,nancy,10000,9.685108
37.07907,nancy,10000,9.550662
45.809288,nancy,10000,9.429482
5171.7954,nancy,10000,333.0
0.029569,rennes,10000,333.0
30.802753,rennes,10000,15.763056
46.184147,rennes,10000,15.662852
61.96566,rennes,10000,15.567912
76.85269,rennes,10000,15.4759035
4867.923,rennes,10000,333.0
0.018999001,rennes,10000,333.0
30.811747,rennes,10000,15.768438
46.296276,rennes,10000,15.669387
62.04511,rennes,10000,15.575239
76.91408,rennes,10000,15.4707775
5062.592,rennes,10000,333.0
0.022386001,rennes,10000,333.0
32.07835,rennes,10000,16.19504
47.48809,rennes,10000,16.039682
63.071518,rennes,10000,15.894198
78.016815,rennes,10000,15.7594385
5067.055,rennes,10000,333.0
0.031078001,rennes,10000,333.0
31.089897,rennes,10000,15.928091
46.469242,rennes,10000,15.805371
62.13219,rennes,10000,15.685247
77.10142,rennes,10000,15.579753
5072.366,rennes,10000,333.0
0.026395,rennes,10000,333.0
30.952711,rennes,10000,15.786972
46.233345,rennes,10000,15.68325
62.06653,rennes,10000,15.581995
76.77297,rennes,10000,15.465644
5076.9985,rennes,10000,333.0
0.024177,rennes,10000,333.0
30.89201,rennes,10000,15.80885
46.06763,rennes,10000,15.69025
61.70655,rennes,10000,15.588764
76.67458,rennes,10000,15.501132
5082.093,rennes,10000,333.0
0.023198,nantes,10000,333.0
55.785103,nantes,10000,38.89735
72.99222,nantes,10000,36.108685
90.463615,nantes,10000,33.658287
107.1864,nantes,10000,31.52132
5029.2085,nantes,10000,333.0
0.021088999,nantes,10000,333.0
34.261364,nantes,10000,17.483568
51.211033,nantes,10000,17.3748
68.58397,nantes,10000,17.278532
85.21642,nantes,10000,17.190218
5035.273,nantes,10000,333.0
0.033292,nantes,10000,333.0
34.427715,nantes,10000,17.594044
51.404354,nantes,10000,17.478716
69.043655,nantes,10000,17.366137
85.600876,nantes,10000,17.251276
5041.0737,nantes,10000,333.0
0.031597998,nantes,10000,333.0
34.325985,nantes,10000,17.48974
51.379055,nantes,10000,17.377178
68.74666,nantes,10000,17.270926
85.242226,nantes,10000,17.166435
5047.536,nantes,10000,333.0
0.026358001,lyon,10000,333.0
28.941195,lyon,10000,14.820842
43.153904,lyon,10000,14.704195
57.91643,lyon,10000,14.594066
71.868546,lyon,10000,14.491009
5059.4473,lyon,10000,333.0
0.042109,nantes,10000,333.0
34.97031,nantes,10000,17.479904
52.048225,nantes,10000,17.367643
69.43182,nantes,10000,17.253717
86.140526,nantes,10000,17.167109
5052.634,nantes,10000,333.0
0.023016,nantes,10000,333.0
51.71189,nantes,10000,23.875387
68.656425,nantes,10000,22.966417
86.14713,nantes,10000,22.164164
102.897804,nantes,10000,21.469778
4997.929,nantes,10000,333.0
0.026566,nantes,10000,333.0
56.938828,nantes,10000,23.862371
73.85861,nantes,10000,22.958439
91.216835,nantes,10000,22.16049
107.875595,nantes,10000,21.456648
5003.9595,nantes,10000,333.0
0.028406,nantes,10000,333.0
58.02782,nantes,10000,21.03362
75.01032,nantes,10000,20.487152
92.39984,nantes,10000,19.987396
109.01307,nantes,10000,19.556309
5009.638,nantes,10000,333.0
0.036082,nantes,10000,333.0
60.20433,nantes,10000,19.630869
77.191124,nantes,10000,19.240814
94.47574,nantes,10000,18.879541
111.15429,nantes,10000,18.595284
5016.389,nantes,10000,333.0
0.02726,nantes,10000,333.0
51.244473,nantes,10000,34.39635
68.082115,nantes,10000,32.15256
85.66841,nantes,10000,30.195816
102.40781,nantes,10000,28.493896
5022.125,nantes,10000,333.0
0.014214,nancy,10000,333.0
18.376299,nancy,10000,9.531418
27.509312,nancy,10000,9.428864
37.099377,nancy,10000,9.31838
45.679955,nancy,10000,9.207775
5094.774,nancy,10000,333.0
0.0146780005,nancy,10000,333.0
18.498018,nancy,10000,9.656352
27.775602,nancy,10000,9.537655
37.018436,nancy,10000,9.409544
45.774372,nancy,10000,9.3086
5098.232,nancy,10000,333.0
0.01423,nancy,10000,333.0
18.443445,nancy,10000,9.613365
27.368029,nancy,10000,9.501325
37.095486,nancy,10000,9.394528
45.623344,nancy,10000,9.278128
5102.395,nancy,10000,333.0
0.01584,nancy,10000,333.0
18.374641,nancy,10000,9.549528
27.470808,nancy,10000,9.437022
36.60599,nancy,10000,9.332261
45.281895,nancy,10000,9.230173
5106.078,nancy,10000,333.0
0.028826,lyon,10000,333.0
28.83118,lyon,10000,14.817037
43.33391,lyon,10000,14.700495
58.003765,lyon,10000,14.579834
71.84577,lyon,10000,14.470568
5064.5464,lyon,10000,333.0
0.019783,nancy,10000,333.0
18.053719,nancy,10000,9.456728
27.118565,nancy,10000,9.351124
36.485435,nancy,10000,9.248587
45.205936,nancy,10000,9.162307
5109.755,nancy,10000,333.0
0.019264,lyon,10000,333.0
47.220818,lyon,10000,19.91061
61.673775,lyon,10000,19.168068
76.32528,lyon,10000,18.494835
90.18447,lyon,10000,17.906158
4997.137,lyon,10000,333.0
0.023185002,lyon,10000,333.0
48.721107,lyon,10000,17.158268
63.125706,lyon,10000,16.750376
77.84217,lyon,10000,16.36874
91.705284,lyon,10000,16.045628
5003.1978,lyon,10000,333.0
0.021787,lyon,10000,333.0
51.530857,lyon,10000,15.652428
65.835686,lyon,10000,15.442907
80.5261,lyon,10000,15.240151
94.36067,lyon,10000,15.055564
5009.133,lyon,10000,333.0
0.026197,lyon,10000,333.0
45.54459,lyon,10000,30.991123
60.050537,lyon,10000,28.856668
74.6132,lyon,10000,26.9732
88.49189,lyon,10000,25.327808
5015.411,lyon,10000,333.0
0.033197,lyon,10000,333.0
49.13965,lyon,10000,34.725662
63.580326,lyon,10000,32.128857
78.39963,lyon,10000,29.83391
92.29453,lyon,10000,27.829353
5020.8667,lyon,10000,333.0
0.025237,lyon,10000,333.0
31.894918,lyon,10000,16.838396
46.35102,lyon,10000,16.457344
61.30054,lyon,10000,16.119244
75.15709,lyon,10000,15.820069
4984.853,lyon,10000,333.0
0.021489,lyon,10000,333.0
38.912914,lyon,10000,17.620728
53.04003,lyon,10000,17.143404
67.67322,lyon,10000,16.72064
81.551865,lyon,10000,16.349018
4991.1733,lyon,10000,333.0
0.019934999,lyon,10000,333.0
45.61725,lyon,10000,19.136772
59.77151,lyon,10000,18.477604
74.398674,lyon,10000,17.895037
88.41412,lyon,10000,17.390036
4996.315,lyon,10000,333.0
0.029079,lyon,10000,333.0
47.606445,lyon,10000,16.375305
61.842785,lyon,10000,16.066076
76.49687,lyon,10000,15.77582
90.37793,lyon,10000,15.522509
5002.8706,lyon,10000,333.0
0.029943999,lyon,10000,333.0
28.896072,lyon,10000,14.811763
43.192017,lyon,10000,14.69927
57.950825,lyon,10000,14.598427
71.7687,lyon,10000,14.48288
5071.6357,lyon,10000,333.0
0.032081,lyon,10000,333.0
49.644154,lyon,10000,14.850911
63.96836,lyon,10000,14.7394
78.826256,lyon,10000,14.632945
92.74213,lyon,10000,14.534982
5008.0093,lyon,10000,333.0
0.021984,rennes,10000,333.0
42.72868,rennes,10000,21.526041
57.87451,rennes,10000,20.693937
73.506805,rennes,10000,19.959887
88.42003,rennes,10000,19.307983
4991.098,rennes,10000,333.0
0.020024,rennes,10000,333.0
48.101482,rennes,10000,22.345484
63.575783,rennes,10000,21.41702
79.25431,rennes,10000,20.5964
94.10929,rennes,10000,19.871813
4995.705,rennes,10000,333.0
0.023559,rennes,10000,333.0
51.59976,rennes,10000,20.782227
66.855125,rennes,10000,20.052996
82.372055,rennes,10000,19.395487
97.327736,rennes,10000,18.822977
5000.7305,rennes,10000,333.0
0.017614,rennes,10000,333.0
52.23882,rennes,10000,17.970507
67.70946,rennes,10000,17.59446
83.30172,rennes,10000,17.241243
98.14751,rennes,10000,16.933857
5005.9805,rennes,10000,333.0
0.027057,rennes,10000,333.0
53.894585,rennes,10000,17.234365
69.363655,rennes,10000,16.951653
84.98919,rennes,10000,16.663683
99.75816,rennes,10000,16.41864
5010.7153,rennes,10000,333.0
0.025773,nantes,10000,333.0
49.69329,nantes,10000,21.62964
66.88753,nantes,10000,21.017904
84.64396,nantes,10000,20.458014
101.533554,nantes,10000,19.961355
4934.8003,nantes,10000,333.0
0.025967,nantes,10000,333.0
51.779594,nantes,10000,20.330154
68.88346,nantes,10000,19.8661
86.53121,nantes,10000,19.454607
103.144,nantes,10000,19.089931
4940.8066,nantes,10000,333.0
0.021182,nantes,10000,333.0
53.695644,nantes,10000,18.739536
70.64965,nantes,10000,18.474146
88.37211,nantes,10000,18.240173
105.006,nantes,10000,18.030655
4946.5728,nantes,10000,333.0
0.027579,nantes,10000,333.0
46.185646,nantes,10000,28.956457
63.115627,nantes,10000,27.40572
80.45208,nantes,10000,26.037529
97.14919,nantes,10000,24.850368
4953.005,nantes,10000,333.0
0.038122002,lyon,10000,333.0
29.129227,lyon,10000,14.913413
43.660275,lyon,10000,14.802035
58.532124,lyon,10000,14.688796
72.46085,lyon,10000,14.576634
5077.2393,lyon,10000,333.0
0.03179,nantes,10000,333.0
49.77426,nantes,10000,33.024048
66.850464,nantes,10000,30.967596
84.33609,nantes,10000,29.158285
100.97287,nantes,10000,27.58068
4959.214,nantes,10000,333.0
0.017365001,nantes,10000,333.0
51.63088,nantes,10000,21.816904
68.63442,nantes,10000,21.179728
85.99144,nantes,10000,20.594612
102.63797,nantes,10000,20.083845
4937.638,nantes,10000,333.0
0.028621,nantes,10000,333.0
51.627365,nantes,10000,18.91599
68.501,nantes,10000,18.622927
85.753365,nantes,10000,18.351124
102.38178,nantes,10000,18.1252
4942.3076,nantes,10000,333.0
0.022267,nantes,10000,333.0
54.536266,nantes,10000,18.148413
71.521965,nantes,10000,17.961782
88.94481,nantes,10000,17.785072
105.539856,nantes,10000,17.619928
4949.047,nantes,10000,333.0
0.025604,nantes,10000,333.0
46.852573,nantes,10000,30.099525
63.91448,nantes,10000,28.404535
81.04158,nantes,10000,26.897512
97.64445,nantes,10000,25.601233
4954.777,nantes,10000,333.0
0.02924,nantes,10000,333.0
50.023857,nantes,10000,33.193043
66.983894,nantes,10000,31.116962
84.3118,nantes,10000,29.262417
100.85326,nantes,10000,27.654114
4960.323,nantes,10000,333.0
0.023635998,lyon,10000,333.0
37.880867,lyon,10000,16.965271
52.30964,lyon,10000,16.579632
67.155304,lyon,10000,16.236229
81.077705,lyon,10000,15.929984
4927.449,lyon,10000,333.0
0.029771,lyon,10000,333.0
42.033886,lyon,10000,16.490444
56.20774,lyon,10000,16.166006
70.935234,lyon,10000,15.862042
84.95141,lyon,10000,15.612028
4933.17,lyon,10000,333.0
0.027439,lyon,10000,333.0
45.20199,lyon,10000,15.687065
59.550568,lyon,10000,15.469962
74.15722,lyon,10000,15.258765
87.97909,lyon,10000,15.071571
4938.7266,lyon,10000,333.0
0.031715002,lyon,10000,333.0
47.80256,lyon,10000,14.744709
62.033066,lyon,10000,14.636464
76.40696,lyon,10000,14.504998
90.28478,lyon,10000,14.417567
4944.6724,lyon,10000,333.0
0.014125001,nancy,10000,333.0
18.377462,nancy,10000,9.545496
27.767977,nancy,10000,9.43504
36.887302,nancy,10000,9.315869
45.57081,nancy,10000,9.217293
5155.7573,nancy,10000,333.0
0.037097,lyon,10000,333.0
42.723335,lyon,10000,27.167765
57.087368,lyon,10000,25.522932
72.00313,lyon,10000,24.055733
85.86786,lyon,10000,22.772142
4951.177,lyon,10000,333.0
0.01196,nancy,10000,333.0
39.606014,nancy,10000,9.560968
48.58012,nancy,10000,9.445101
57.706726,nancy,10000,9.3179655
66.45398,nancy,10000,9.227293
4997.916,nancy,10000,333.0
0.015641998,nancy,10000,333.0
41.211506,nancy,10000,9.763298
50.544544,nancy,10000,9.626242
59.77183,nancy,10000,9.490965
68.47675,nancy,10000,9.375925
5001.688,nancy,10000,333.0
0.016411,nancy,10000,333.0
38.47579,nancy,10000,29.74063
47.55922,nancy,10000,27.11112
56.703568,nancy,10000,24.794224
65.25306,nancy,10000,22.75736
5005.5386,nancy,10000,333.0
0.01342,nancy,10000,333.0
40.13753,nancy,10000,31.515162
49.381508,nancy,10000,28.654373
58.706985,nancy,10000,26.140005
67.31918,nancy,10000,23.941772
5009.5674,nancy,10000,333.0
0.020095,nancy,10000,333.0
42.25248,nancy,10000,33.437622
51.32405,nancy,10000,30.346865
60.44825,nancy,10000,27.626719
69.00464,nancy,10000,25.225067
5013.2783,nancy,10000,333.0
0.02905,nancy,10000,333.0
40.58407,nancy,10000,9.700603
49.439472,nancy,10000,9.568721
58.643776,nancy,10000,9.448756
67.171364,nancy,10000,9.326716
5000.297,nancy,10000,333.0
0.017964,nancy,10000,333.0
42.912727,nancy,10000,9.589034
52.09994,nancy,10000,9.480182
61.26917,nancy,10000,9.36645
70.02667,nancy,10000,9.269911
5004.2485,nancy,10000,333.0
0.028397,nancy,10000,333.0
39.586624,nancy,10000,30.925049
49.00098,nancy,10000,28.144709
58.095894,nancy,10000,25.694557
66.70976,nancy,10000,23.552584
5008.206,nancy,10000,333.0
0.016539,nancy,10000,333.0
41.695812,nancy,10000,32.897457
50.81796,nancy,10000,29.861591
60.075222,nancy,10000,27.195675
68.69164,nancy,10000,24.864769
5012.0244,nancy,10000,333.0
0.015963,nancy,10000,333.0
18.390953,nancy,10000,9.564076
27.647083,nancy,10000,9.45865
36.822243,nancy,10000,9.356561
45.66758,nancy,10000,9.259025
5159.486,nancy,10000,333.0
0.019963,nancy,10000,333.0
18.343302,nancy,10000,9.500579
27.642271,nancy,10000,9.3951
36.910824,nancy,10000,9.294036
45.645016,nancy,10000,9.205559
5015.94,nancy,10000,333.0
0.02066,rennes,10000,333.0
36.17465,rennes,10000,20.070807
51.283745,rennes,10000,19.415953
66.83152,rennes,10000,18.836666
81.69342,rennes,10000,18.327642
4922.7188,rennes,10000,333.0
0.018999001,rennes,10000,333.0
39.31001,rennes,10000,18.613068
54.558514,rennes,10000,18.147093
70.33282,rennes,10000,17.731659
85.15863,rennes,10000,17.361563
4927.3506,rennes,10000,333.0
0.020324,rennes,10000,333.0
44.69658,rennes,10000,19.217571
59.831192,rennes,10000,18.66873
75.532745,rennes,10000,18.188206
90.59883,rennes,10000,17.763636
4932.04,rennes,10000,333.0
0.020112,rennes,10000,333.0
45.44881,rennes,10000,17.281578
60.958862,rennes,10000,16.991652
76.635345,rennes,10000,16.725471
91.49987,rennes,10000,16.485813
4937.384,rennes,10000,333.0
0.027671,rennes,10000,333.0
46.77504,rennes,10000,15.7968645
62.019512,rennes,10000,15.679668
77.62412,rennes,10000,15.565511
92.47094,rennes,10000,15.458885
4941.7876,rennes,10000,333.0
0.025428,lyon,10000,333.0
28.969013,lyon,10000,14.827936
43.23826,lyon,10000,14.7199
58.110893,lyon,10000,14.610766
72.105095,lyon,10000,14.515586
4879.083,lyon,10000,333.0
0.022847,lyon,10000,333.0
29.130795,lyon,10000,14.909457
43.47539,lyon,10000,14.798641
58.275253,lyon,10000,14.66976
72.163185,lyon,10000,14.557706
4885.159,lyon,10000,333.0
0.023604,lyon,10000,333.0
28.64952,lyon,10000,14.706265
42.83643,lyon,10000,14.604011
57.315296,lyon,10000,14.479114
71.22787,lyon,10000,14.389864
4890.269,lyon,10000,333.0
0.026939001,lyon,10000,333.0
29.008623,lyon,10000,14.871467
43.3894,lyon,10000,14.766129
58.05648,lyon,10000,14.638834
72.18579,lyon,10000,14.536585
4896.358,lyon,10000,333.0
0.015307,nancy,10000,333.0
18.411442,nancy,10000,9.575902
27.693396,nancy,10000,9.471825
36.898254,nancy,10000,9.367774
45.64488,nancy,10000,9.271751
5163.422,nancy,10000,333.0
0.031538,lyon,10000,333.0
31.914692,lyon,10000,14.87185
46.234848,lyon,10000,14.757264
60.91157,lyon,10000,14.638283
74.78437,lyon,10000,14.525507
4901.9307,lyon,10000,333.0
0.0198,rennes,10000,333.0
31.367458,rennes,10000,16.25919
46.628586,rennes,10000,16.090467
62.05743,rennes,10000,15.921732
76.89801,rennes,10000,15.769979
4897.9473,rennes,10000,333.0
0.018598001,rennes,10000,333.0
33.586853,rennes,10000,15.823772
48.67442,rennes,10000,15.685326
64.1806,rennes,10000,15.560557
78.9433,rennes,10000,15.444609
4902.6646,rennes,10000,333.0
0.023784,rennes,10000,333.0
34.005302,rennes,10000,15.681369
49.405865,rennes,10000,15.607534
65.084946,rennes,10000,15.494242
79.91854,rennes,10000,15.394747
4907.1963,rennes,10000,333.0
0.019225001,rennes,10000,333.0
31.28317,rennes,10000,15.727544
46.41307,rennes,10000,15.6185255
62.012127,rennes,10000,15.507965
76.804665,rennes,10000,15.411157
4912.4272,rennes,10000,333.0
0.029286,rennes,10000,333.0
32.758926,rennes,10000,17.747948
48.056576,rennes,10000,17.386475
63.650578,rennes,10000,17.059732
78.441414,rennes,10000,16.769157
4916.9595,rennes,10000,333.0
0.022838,nantes,10000,333.0
34.351856,nantes,10000,17.558601
51.259304,nantes,10000,17.435999
68.649025,nantes,10000,17.324976
85.18545,nantes,10000,17.219013
4843.2427,nantes,10000,333.0
0.028327,nantes,10000,333.0
34.41117,nantes,10000,17.458088
51.36479,nantes,10000,17.35376
68.800446,nantes,10000,17.247292
85.377014,nantes,10000,17.153639
4848.598,nantes,10000,333.0
0.021739,nantes,10000,333.0
34.28497,nantes,10000,17.76286
51.221783,nantes,10000,17.624275
68.40489,nantes,10000,17.473581
85.01636,nantes,10000,17.34852
4855.2207,nantes,10000,333.0
0.027309,nantes,10000,333.0
34.37859,nantes,10000,17.5689
51.537857,nantes,10000,17.46268
68.96697,nantes,10000,17.35072
85.65631,nantes,10000,17.251596
4861.2593,nantes,10000,333.0
0.016448,nancy,10000,333.0
18.186796,nancy,10000,9.450181
27.403475,nancy,10000,9.35426
36.50764,nancy,10000,9.255986
45.14772,nancy,10000,9.163221
5167.211,nancy,10000,333.0
0.028997,nantes,10000,333.0
34.858902,nantes,10000,18.035854
51.797993,nantes,10000,17.85068
69.24871,nantes,10000,17.689253
85.82958,nantes,10000,17.5419
4866.5063,nantes,10000,333.0
0.013693,nancy,10000,333.0
34.861626,nancy,10000,24.87243
43.628708,nancy,10000,22.834322
53.353943,nancy,10000,21.042387
62.055744,nancy,10000,19.479738
4940.341,nancy,10000,333.0
0.013824,nancy,10000,333.0
37.610508,nancy,10000,28.887548
46.81437,nancy,10000,26.355906
56.791393,nancy,10000,24.126911
65.49509,nancy,10000,22.179466
4943.842,nancy,10000,333.0
0.014369001,nancy,10000,333.0
40.48234,nancy,10000,31.747837
49.49751,nancy,10000,28.86392
58.872272,nancy,10000,26.336065
67.658615,nancy,10000,24.124147
4947.5913,nancy,10000,333.0
0.01791,nancy,10000,333.0
20.884748,nancy,10000,10.15641
29.829765,nancy,10000,9.967419
39.355225,nancy,10000,9.797578
47.92549,nancy,10000,9.637844
4951.272,nancy,10000,333.0
0.019949999,nancy,10000,333.0
23.955843,nancy,10000,9.365214
32.97595,nancy,10000,9.283328
42.98052,nancy,10000,9.193996
51.59829,nancy,10000,9.115538
4955.1304,nancy,10000,333.0
0.017869001,rennes,10000,333.0
30.990652,rennes,10000,15.866133
46.27687,rennes,10000,15.750959
61.795574,rennes,10000,15.631424
76.80796,rennes,10000,15.536415
4848.3,rennes,10000,333.0
0.023103,rennes,10000,333.0
30.943792,rennes,10000,15.806837
46.124256,rennes,10000,15.69289
61.712734,rennes,10000,15.583535
76.691444,rennes,10000,15.490334
4853.6045,rennes,10000,333.0
0.018281,rennes,10000,333.0
31.011444,rennes,10000,15.868449
46.212914,rennes,10000,15.748655
61.763905,rennes,10000,15.631406
76.640976,rennes,10000,15.530328
4858.4116,rennes,10000,333.0
0.023782,rennes,10000,333.0
30.773531,rennes,10000,15.787937
45.991245,rennes,10000,15.665764
61.554485,rennes,10000,15.549899
76.34323,rennes,10000,15.447744
4862.991,rennes,10000,333.0
0.022865001,lyon,10000,333.0
28.75888,lyon,10000,14.72289
43.00836,lyon,10000,14.619951
57.679203,lyon,10000,14.519935
71.52667,lyon,10000,14.422222
5049.082,lyon,10000,333.0
0.016713,nancy,10000,333.0
18.72014,nancy,10000,9.863442
28.151756,nancy,10000,9.717187
37.564865,nancy,10000,9.573522
46.367935,nancy,10000,9.443476
5139.0435,nancy,10000,333.0
0.02827,rennes,10000,333.0
30.983587,rennes,10000,15.840745
46.252808,rennes,10000,15.727129
61.87431,rennes,10000,15.61798
76.658264,rennes,10000,15.506686
4826.975,rennes,10000,333.0
0.022451,rennes,10000,333.0
30.88263,rennes,10000,15.842762
46.17392,rennes,10000,15.7261915
61.72814,rennes,10000,15.612295
76.597206,rennes,10000,15.512367
5025.0933,rennes,10000,333.0
0.021287,rennes,10000,333.0
31.08806,rennes,10000,15.911874
46.3596,rennes,10000,15.792176
61.947376,rennes,10000,15.668009
76.83937,rennes,10000,15.554885
5029.7236,rennes,10000,333.0
0.02026,rennes,10000,333.0
31.038448,rennes,10000,15.8181305
46.232307,rennes,10000,15.701486
61.906647,rennes,10000,15.59639
76.67138,rennes,10000,15.485347
5034.2485,rennes,10000,333.0
0.019771,rennes,10000,333.0
30.745348,rennes,10000,15.714319
45.912457,rennes,10000,15.611185
61.47266,rennes,10000,15.515403
76.380554,rennes,10000,15.4234295
5039.48,rennes,10000,333.0
0.027022,rennes,10000,333.0
31.055096,rennes,10000,15.919095
46.62874,rennes,10000,15.814161
62.177807,rennes,10000,15.677648
77.04858,rennes,10000,15.568956
5044.046,rennes,10000,333.0
0.024826,nantes,10000,333.0
57.06996,nantes,10000,18.042099
74.06759,nantes,10000,17.860096
91.32221,nantes,10000,17.68175
107.83018,nantes,10000,17.526615
4998.7417,nantes,10000,333.0
0.026855,nantes,10000,333.0
48.086956,nantes,10000,31.41649
64.973145,nantes,10000,29.564693
82.515465,nantes,10000,27.930029
99.052765,nantes,10000,26.489788
5005.0156,nantes,10000,333.0
0.021533,nantes,10000,333.0
52.05596,nantes,10000,35.383877
69.10996,nantes,10000,33.048576
86.706375,nantes,10000,30.984594
103.185684,nantes,10000,29.16062
5010.238,nantes,10000,333.0
0.030800998,nantes,10000,333.0
56.982395,nantes,10000,40.15838
74.23078,nantes,10000,37.22176
91.70387,nantes,10000,34.641186
108.24009,nantes,10000,32.370186
5017.504,nantes,10000,333.0
0.024417998,lyon,10000,333.0
29.32925,lyon,10000,14.866124
43.57345,lyon,10000,14.753429
58.424553,lyon,10000,14.63762
72.31372,lyon,10000,14.536731
5055.687,lyon,10000,333.0
0.037517,nantes,10000,333.0
34.76596,nantes,10000,17.911673
51.795197,nantes,10000,17.746445
69.41112,nantes,10000,17.597773
86.04998,nantes,10000,17.460567
5023.04,nantes,10000,333.0
0.019624,nantes,10000,333.0
56.16686,nantes,10000,21.89764
73.27731,nantes,10000,21.232645
90.58554,nantes,10000,20.629543
107.09688,nantes,10000,20.09773
4991.8955,nantes,10000,333.0
0.020183,nantes,10000,333.0
56.898815,nantes,10000,18.004908
73.585045,nantes,10000,17.804472
90.83724,nantes,10000,17.627619
107.15126,nantes,10000,17.453379
4997.8535,nantes,10000,333.0
0.021039002,nantes,10000,333.0
47.959713,nantes,10000,31.219727
64.83281,nantes,10000,29.388256
82.14328,nantes,10000,27.780472
98.72483,nantes,10000,26.363527
5003.7236,nantes,10000,333.0
0.02681,nantes,10000,333.0
52.84912,nantes,10000,35.86912
69.64192,nantes,10000,33.44217
86.96939,nantes,10000,31.319067
103.89541,nantes,10000,29.461315
5010.258,nantes,10000,333.0
0.028742,nantes,10000,333.0
57.113327,nantes,10000,39.763336
74.193306,nantes,10000,36.88079
91.81678,nantes,10000,34.343056
108.305244,nantes,10000,32.102108
5016.0547,nantes,10000,333.0
0.012681,nancy,10000,333.0
18.277075,nancy,10000,9.509678
27.6043,nancy,10000,9.403606
36.87794,nancy,10000,9.3066025
45.67034,nancy,10000,9.226333
5082.1416,nancy,10000,333.0
0.013813,nancy,10000,333.0
18.509499,nancy,10000,9.69392
27.594625,nancy,10000,9.562821
36.934277,nancy,10000,9.451619
45.709846,nancy,10000,9.348562
5086.0176,nancy,10000,333.0
0.0147,nancy,10000,333.0
18.382252,nancy,10000,9.625605
27.267553,nancy,10000,9.491972
36.28377,nancy,10000,9.36668
44.84102,nancy,10000,9.259117
5090.1133,nancy,10000,333.0
0.016525,nancy,10000,333.0
18.19925,nancy,10000,9.532815
27.436136,nancy,10000,9.422387
36.878708,nancy,10000,9.306819
45.538055,nancy,10000,9.216693
5094.034,nancy,10000,333.0
0.021247,lyon,10000,333.0
29.02275,lyon,10000,14.899331
43.56337,lyon,10000,14.787671
58.326626,lyon,10000,14.675122
72.26006,lyon,10000,14.568999
5060.5015,lyon,10000,333.0
0.019866,nancy,10000,333.0
18.34602,nancy,10000,9.598948
27.448956,nancy,10000,9.480332
36.684242,nancy,10000,9.371258
45.23147,nancy,10000,9.254555
5097.881,nancy,10000,333.0
0.019011,lyon,10000,333.0
30.722649,lyon,10000,14.881956
44.986103,lyon,10000,14.768104
59.57178,lyon,10000,14.644239
73.48976,lyon,10000,14.529477
4962.2993,lyon,10000,333.0
0.018250002,lyon,10000,333.0
32.5202,lyon,10000,18.449675
46.777058,lyon,10000,17.880133
61.404957,lyon,10000,17.374472
75.32216,lyon,10000,16.926304
4968.5747,lyon,10000,333.0
0.024752,lyon,10000,333.0
33.65474,lyon,10000,15.601372
47.786057,lyon,10000,15.380809
62.61623,lyon,10000,15.192554
76.66427,lyon,10000,15.031466
4973.6616,lyon,10000,333.0
0.02662,lyon,10000,333.0
41.659447,lyon,10000,17.197104
55.84982,lyon,10000,16.776468
70.41197,lyon,10000,16.400675
84.28435,lyon,10000,16.067944
4980.0,lyon,10000,333.0
0.038895,lyon,10000,333.0
43.25287,lyon,10000,14.889863
57.676018,lyon,10000,14.764333
72.40092,lyon,10000,14.653878
86.37965,lyon,10000,14.553042
4985.4634,lyon,10000,333.0
0.023904,lyon,10000,333.0
29.716255,lyon,10000,14.807822
44.12924,lyon,10000,14.70077
58.90994,lyon,10000,14.579055
72.82271,lyon,10000,14.48632
4946.4653,lyon,10000,333.0
0.018277,lyon,10000,333.0
32.36912,lyon,10000,14.605806
46.596786,lyon,10000,14.51399
61.36412,lyon,10000,14.407443
75.16485,lyon,10000,14.323165
4952.9844,lyon,10000,333.0
0.022587001,lyon,10000,333.0
28.652151,lyon,10000,14.67239
42.93475,lyon,10000,14.578563
57.73007,lyon,10000,14.472251
71.59789,lyon,10000,14.3787565
4957.936,lyon,10000,333.0
0.02707,lyon,10000,333.0
31.021164,lyon,10000,16.85663
45.33992,lyon,10000,16.49278
60.127064,lyon,10000,16.156256
74.04452,lyon,10000,15.859803
4964.683,lyon,10000,333.0
0.031723,lyon,10000,333.0
28.858784,lyon,10000,14.749793
42.994057,lyon,10000,14.619424
57.58773,lyon,10000,14.508046
71.29594,lyon,10000,14.400522
5067.323,lyon,10000,333.0
0.027369,lyon,10000,333.0
30.78404,lyon,10000,16.422165
45.152493,lyon,10000,16.120316
60.081146,lyon,10000,15.829235
73.99924,lyon,10000,15.573268
4970.005,lyon,10000,333.0
0.016676,rennes,10000,333.0
31.028852,rennes,10000,15.94381
46.397926,rennes,10000,15.814304
61.975826,rennes,10000,15.690036
77.21274,rennes,10000,15.579335
4958.451,rennes,10000,333.0
0.017013999,rennes,10000,333.0
32.33099,rennes,10000,15.839452
47.528584,rennes,10000,15.711849
62.97139,rennes,10000,15.582828
77.885605,rennes,10000,15.481976
4963.365,rennes,10000,333.0
0.026668,rennes,10000,333.0
33.4254,rennes,10000,18.456083
48.774673,rennes,10000,17.99726
64.3384,rennes,10000,17.59582
79.15692,rennes,10000,17.232317
4967.9995,rennes,10000,333.0
0.016584,rennes,10000,333.0
36.17981,rennes,10000,18.691288
51.43814,rennes,10000,18.227392
66.85112,rennes,10000,17.782043
81.57289,rennes,10000,17.392467
4973.115,rennes,10000,333.0
0.027901,rennes,10000,333.0
39.873272,rennes,10000,17.96697
55.292027,rennes,10000,17.586283
70.933945,rennes,10000,17.23571
85.766045,rennes,10000,16.928164
4977.5474,rennes,10000,333.0
0.021759,nantes,10000,333.0
52.61174,nantes,10000,18.402376
69.663994,nantes,10000,18.17294
87.095566,nantes,10000,17.967976
103.61946,nantes,10000,17.779985
4908.404,nantes,10000,333.0
0.024566,nantes,10000,333.0
55.413975,nantes,10000,18.40206
72.337585,nantes,10000,18.17918
89.67048,nantes,10000,17.9524
106.13223,nantes,10000,17.756409
4913.588,nantes,10000,333.0
0.027485,nantes,10000,333.0
47.843384,nantes,10000,30.877195
65.07268,nantes,10000,29.111202
82.5991,nantes,10000,27.523752
99.029335,nantes,10000,26.128775
4919.653,nantes,10000,333.0
0.031907,nantes,10000,333.0
51.520008,nantes,10000,34.689205
68.59978,nantes,10000,32.43235
85.87904,nantes,10000,30.423695
102.47734,nantes,10000,28.686668
4926.515,nantes,10000,333.0
0.040134,lyon,10000,333.0
29.024734,lyon,10000,14.891363
43.461567,lyon,10000,14.778218
58.136963,lyon,10000,14.661311
72.04616,lyon,10000,14.550265
5072.5537,lyon,10000,333.0
0.031404,nantes,10000,333.0
34.38678,nantes,10000,17.507193
51.50499,nantes,10000,17.4131
69.17099,nantes,10000,17.308214
85.747826,nantes,10000,17.203394
4932.818,nantes,10000,333.0
0.019313,nantes,10000,333.0
49.790764,nantes,10000,18.23787
66.75756,nantes,10000,18.041153
84.22344,nantes,10000,17.858652
100.83098,nantes,10000,17.693594
4904.855,nantes,10000,333.0
0.018338,nantes,10000,333.0
53.770477,nantes,10000,18.311163
70.70572,nantes,10000,18.103745
88.280975,nantes,10000,17.911905
104.904076,nantes,10000,17.743273
4911.231,nantes,10000,333.0
0.021674002,nantes,10000,333.0
45.811256,nantes,10000,28.992693
62.716274,nantes,10000,27.44363
80.19509,nantes,10000,26.08093
97.27192,nantes,10000,24.879496
4916.6157,nantes,10000,333.0
0.034615003,nantes,10000,333.0
49.25801,nantes,10000,32.617264
66.142815,nantes,10000,30.604168
83.47991,nantes,10000,28.848272
99.861855,nantes,10000,27.282364
4922.677,nantes,10000,333.0
0.036953,nantes,10000,333.0
52.928276,nantes,10000,36.26872
69.95738,nantes,10000,33.802177
87.42665,nantes,10000,31.647882
103.97092,nantes,10000,29.74712
4928.754,nantes,10000,333.0
0.022029,lyon,10000,333.0
49.508926,lyon,10000,16.808979
63.76855,lyon,10000,16.43983
78.54994,lyon,10000,16.11788
92.42557,lyon,10000,15.822043
4908.279,lyon,10000,333.0
0.026268,lyon,10000,333.0
42.08494,lyon,10000,28.062069
56.245533,lyon,10000,26.279099
70.863304,lyon,10000,24.719072
84.673515,lyon,10000,23.339119
4914.4443,lyon,10000,333.0
0.024682,lyon,10000,333.0
45.756634,lyon,10000,31.721306
60.221813,lyon,10000,29.493574
74.89974,lyon,10000,27.524736
88.81932,lyon,10000,25.815182
4919.7515,lyon,10000,333.0
0.035555,lyon,10000,333.0
49.92392,lyon,10000,35.855145
64.25524,lyon,10000,33.113087
79.02898,lyon,10000,30.710194
92.81407,lyon,10000,28.58696
4926.3203,lyon,10000,333.0
0.0117,nancy,10000,333.0
18.358507,nancy,10000,9.549808
27.781229,nancy,10000,9.442702
37.167637,nancy,10000,9.332794
45.909817,nancy,10000,9.239839
5123.648,nancy,10000,333.0
0.031666,lyon,10000,333.0
28.735447,lyon,10000,14.672635
43.07201,lyon,10000,14.568679
57.654026,lyon,10000,14.462844
71.410835,lyon,10000,14.36588
4932.231,lyon,10000,333.0
0.012916,nancy,10000,333.0
40.48948,nancy,10000,31.624294
49.667927,nancy,10000,28.760876
59.80449,nancy,10000,26.247952
68.50736,nancy,10000,24.0365
4994.615,nancy,10000,333.0
0.012446,nancy,10000,333.0
18.439383,nancy,10000,9.520321
27.567854,nancy,10000,9.415113
37.228954,nancy,10000,9.30994
45.96475,nancy,10000,9.218482
4998.475,nancy,10000,333.0
0.01588,nancy,10000,333.0
18.831272,nancy,10000,9.530607
28.185633,nancy,10000,9.431773
37.33603,nancy,10000,9.32017
46.026237,nancy,10000,9.224208
5002.4756,nancy,10000,333.0
0.016949,nancy,10000,333.0
18.767944,nancy,10000,9.660661
27.870218,nancy,10000,9.539836
36.920162,nancy,10000,9.411494
45.564976,nancy,10000,9.308016
5006.861,nancy,10000,333.0
0.019035,nancy,10000,333.0
18.359066,nancy,10000,9.603002
27.821363,nancy,10000,9.487014
36.971146,nancy,10000,9.370257
45.55261,nancy,10000,9.263697
5010.8228,nancy,10000,333.0
0.01451,nancy,10000,333.0
23.906271,nancy,10000,10.5928545
33.410587,nancy,10000,10.364895
42.76651,nancy,10000,10.147542
51.40293,nancy,10000,9.946041
4963.4414,nancy,10000,333.0
0.015533,nancy,10000,333.0
28.31195,nancy,10000,11.3596735
37.239075,nancy,10000,11.021695
46.54837,nancy,10000,10.721952
55.26448,nancy,10000,10.463724
4967.0063,nancy,10000,333.0
0.015780998,nancy,10000,333.0
30.726307,nancy,10000,9.828733
39.580574,nancy,10000,9.681234
48.764507,nancy,10000,9.5468
57.500774,nancy,10000,9.426888
4971.0293,nancy,10000,333.0
0.016418,nancy,10000,333.0
33.0039,nancy,10000,9.861143
42.376114,nancy,10000,9.702106
52.18034,nancy,10000,9.564276
60.864834,nancy,10000,9.43537
4974.9014,nancy,10000,333.0
0.0154450005,nancy,10000,333.0
18.098484,nancy,10000,9.388834
26.945702,nancy,10000,9.285251
36.569855,nancy,10000,9.19538
45.31438,nancy,10000,9.119735
5127.1587,nancy,10000,333.0
0.018164001,nancy,10000,333.0
37.740612,nancy,10000,10.540672
46.64729,nancy,10000,10.288543
56.339046,nancy,10000,10.080085
64.97978,nancy,10000,9.881647
4978.956,nancy,10000,333.0
0.022042999,rennes,10000,333.0
30.754696,rennes,10000,15.770767
45.946026,rennes,10000,15.65816
61.525726,rennes,10000,15.552149
76.3695,rennes,10000,15.447584
4881.6987,rennes,10000,333.0
0.018867001,rennes,10000,333.0
33.089413,rennes,10000,17.208616
48.392914,rennes,10000,16.91118
63.927254,rennes,10000,16.638247
78.79202,rennes,10000,16.406025
4886.394,rennes,10000,333.0
0.020175999,rennes,10000,333.0
37.1412,rennes,10000,16.518143
52.302742,rennes,10000,16.310024
67.799614,rennes,10000,16.117237
82.605804,rennes,10000,15.946206
4891.2134,rennes,10000,333.0
0.017223999,rennes,10000,333.0
43.71576,rennes,10000,17.976408
59.149654,rennes,10000,17.586924
75.10303,rennes,10000,17.249584
89.9101,rennes,10000,16.937344
4896.304,rennes,10000,333.0
0.027796999,rennes,10000,333.0
45.097504,rennes,10000,16.771742
60.330288,rennes,10000,16.536991
75.86429,rennes,10000,16.314835
90.62912,rennes,10000,16.110716
4901.5103,rennes,10000,333.0
0.022986,lyon,10000,333.0
28.837921,lyon,10000,14.732214
43.34498,lyon,10000,14.633835
58.394955,lyon,10000,14.529396
72.25382,lyon,10000,14.437001
4829.39,lyon,10000,333.0
0.020528,lyon,10000,333.0
28.812016,lyon,10000,14.78964
42.941013,lyon,10000,14.670963
57.66056,lyon,10000,14.566867
71.60561,lyon,10000,14.470274
4834.756,lyon,10000,333.0
0.028412,lyon,10000,333.0
29.030968,lyon,10000,14.838079
43.42327,lyon,10000,14.735066
58.136528,lyon,10000,14.616092
72.03647,lyon,10000,14.515363
4839.635,lyon,10000,333.0
0.0217,lyon,10000,333.0
29.004993,lyon,10000,14.865056
43.11592,lyon,10000,14.736374
57.870937,lyon,10000,14.617171
71.73661,lyon,10000,14.512925
4846.423,lyon,10000,333.0
0.017491,nancy,10000,333.0
18.156866,nancy,10000,9.463284
27.518856,nancy,10000,9.357115
36.96989,nancy,10000,9.256124
45.53727,nancy,10000,9.153447
5131.3726,nancy,10000,333.0
0.032446,lyon,10000,333.0
29.029764,lyon,10000,14.797907
43.350452,lyon,10000,14.6952915
58.21149,lyon,10000,14.588475
72.060684,lyon,10000,14.488279
4851.8394,lyon,10000,333.0
0.019801,rennes,10000,333.0
31.47275,rennes,10000,16.319798
46.85504,rennes,10000,16.155167
62.717243,rennes,10000,15.990658
77.67294,rennes,10000,15.84485
4848.1455,rennes,10000,333.0
0.022656001,rennes,10000,333.0
30.503496,rennes,10000,15.6637745
45.787045,rennes,10000,15.565053
61.382042,rennes,10000,15.470337
76.38659,rennes,10000,15.376953
4852.5195,rennes,10000,333.0
0.02192,rennes,10000,333.0
31.01431,rennes,10000,15.897604
46.276814,rennes,10000,15.778072
61.992294,rennes,10000,15.672752
76.896034,rennes,10000,15.564695
4857.291,rennes,10000,333.0
0.026445,rennes,10000,333.0
31.058907,rennes,10000,15.870772
46.46632,rennes,10000,15.762832
62.07392,rennes,10000,15.641963
76.85789,rennes,10000,15.52785
4862.244,rennes,10000,333.0
0.019949999,rennes,10000,333.0
30.751524,rennes,10000,15.706836
46.138668,rennes,10000,15.627973
61.81057,rennes,10000,15.528406
76.60143,rennes,10000,15.429248
4867.232,rennes,10000,333.0
0.023348,nantes,10000,333.0
34.52392,nantes,10000,17.606607
51.761173,nantes,10000,17.492296
69.22609,nantes,10000,17.375946
85.884865,nantes,10000,17.269384
4793.1143,nantes,10000,333.0
0.060057,nantes,10000,333.0
34.48614,nantes,10000,17.404999
51.27482,nantes,10000,17.290607
68.75216,nantes,10000,17.177193
85.47819,nantes,10000,17.103409
4798.795,nantes,10000,333.0
0.027677001,nantes,10000,333.0
35.055325,nantes,10000,17.49739
51.963978,nantes,10000,17.384283
69.4111,nantes,10000,17.269928
86.04449,nantes,10000,17.178474
4804.3115,nantes,10000,333.0
0.029514,nantes,10000,333.0
34.263287,nantes,10000,17.493486
51.202206,nantes,10000,17.38273
68.75099,nantes,10000,17.269716
85.33512,nantes,10000,17.175228
4811.3135,nantes,10000,333.0
0.016657,nancy,10000,333.0
18.202765,nancy,10000,9.453797
27.470684,nancy,10000,9.35774
36.78336,nancy,10000,9.259201
45.339127,nancy,10000,9.164851
5135.126,nancy,10000,333.0
0.033060998,nantes,10000,333.0
34.323277,nantes,10000,17.560192
51.633278,nantes,10000,17.459892
69.06029,nantes,10000,17.351233
86.2204,nantes,10000,17.248741
4816.6904,nantes,10000,333.0
0.014191001,nancy,10000,333.0
21.245852,nancy,10000,10.128479
30.38986,nancy,10000,9.935799
39.51757,nancy,10000,9.76669
48.096725,nancy,10000,9.606454
4876.244,nancy,10000,333.0
0.012868,nancy,10000,333.0
25.955736,nancy,10000,10.891458
35.27693,nancy,10000,10.614122
44.567535,nancy,10000,10.348187
53.222557,nancy,10000,10.118153
4880.1104,nancy,10000,333.0
0.015307,nancy,10000,333.0
28.101011,nancy,10000,9.375244
36.798042,nancy,10000,9.263198
46.369003,nancy,10000,9.167454
55.05873,nancy,10000,9.088267
4883.784,nancy,10000,333.0
0.017394999,nancy,10000,333.0
30.863508,nancy,10000,9.552187
40.30745,nancy,10000,9.44517
50.074364,nancy,10000,9.331922
58.763325,nancy,10000,9.2329445
4887.5425,nancy,10000,333.0
0.020186,nancy,10000,333.0
33.173393,nancy,10000,9.683242
42.188328,nancy,10000,9.555177
51.505795,nancy,10000,9.44226
60.167774,nancy,10000,9.327492
4891.0435,nancy,10000,333.0
0.018764,rennes,10000,333.0
31.895638,rennes,10000,16.909859
47.286777,rennes,10000,16.663038
62.80932,rennes,10000,16.425186
77.6996,rennes,10000,16.216951
4807.7104,rennes,10000,333.0
0.019173,rennes,10000,333.0
31.148664,rennes,10000,15.987089
46.364872,rennes,10000,15.855944
62.0174,rennes,10000,15.735455
76.91844,rennes,10000,15.624082
4812.6157,rennes,10000,333.0
0.022284001,rennes,10000,333.0
30.889221,rennes,10000,15.878111
46.173023,rennes,10000,15.762862
61.816216,rennes,10000,15.652772
76.702576,rennes,10000,15.540982
4817.501,rennes,10000,333.0
0.019159,rennes,10000,333.0
30.901575,rennes,10000,15.9007015
46.131058,rennes,10000,15.782323
61.90083,rennes,10000,15.656283
76.9003,rennes,10000,15.557052
4822.473,rennes,10000,333.0
0.026284,lyon,10000,333.0
29.027916,lyon,10000,14.887599
43.30055,lyon,10000,14.766871
58.02735,lyon,10000,14.646486
71.96038,lyon,10000,14.542452
5100.935,lyon,10000,333.0
0.022397,nancy,10000,333.0
18.746681,nancy,10000,9.923842
27.591286,nancy,10000,9.758773
37.258854,nancy,10000,9.616663
45.900455,nancy,10000,9.487128
5183.945,nancy,10000,333.0
0.029103,rennes,10000,333.0
31.050102,rennes,10000,15.907507
46.447464,rennes,10000,15.79082
62.212364,rennes,10000,15.684012
77.13077,rennes,10000,15.581399
4896.3438,rennes,10000,333.0
0.019708999,rennes,10000,333.0
30.563011,rennes,10000,15.692572
45.93033,rennes,10000,15.601555
61.57074,rennes,10000,15.507893
76.634766,rennes,10000,15.413619
5062.06,rennes,10000,333.0
0.019304,rennes,10000,333.0
31.25245,rennes,10000,16.193007
46.614143,rennes,10000,16.041431
62.282772,rennes,10000,15.900315
77.096146,rennes,10000,15.748339
5066.9863,rennes,10000,333.0
0.025853,rennes,10000,333.0
30.834476,rennes,10000,15.762349
46.114975,rennes,10000,15.66276
61.740578,rennes,10000,15.561848
76.59009,rennes,10000,15.4602375
5071.676,rennes,10000,333.0
0.018077001,rennes,10000,333.0
30.864868,rennes,10000,15.845416
46.288895,rennes,10000,15.721601
61.880043,rennes,10000,15.610266
76.66636,rennes,10000,15.5004225
5076.905,rennes,10000,333.0
0.024319,rennes,10000,333.0
30.991152,rennes,10000,15.810963
46.44154,rennes,10000,15.703037
62.156303,rennes,10000,15.591005
77.05487,rennes,10000,15.488174
5081.222,rennes,10000,333.0
0.0267,nantes,10000,333.0
51.332825,nantes,10000,18.061968
68.08322,nantes,10000,17.859383
85.39404,nantes,10000,17.655941
101.89398,nantes,10000,17.498806
5040.4014,nantes,10000,333.0
0.021026,nantes,10000,333.0
42.9465,nantes,10000,26.053238
60.13948,nantes,10000,24.878172
77.63017,nantes,10000,23.83576
94.05649,nantes,10000,22.901646
5046.1104,nantes,10000,333.0
0.024,nantes,10000,333.0
46.737343,nantes,10000,30.058186
63.709198,nantes,10000,28.385227
81.293045,nantes,10000,26.909662
97.96491,nantes,10000,25.611479
5051.4834,nantes,10000,333.0
0.027107,nantes,10000,333.0
51.904186,nantes,10000,33.81224
69.124466,nantes,10000,31.670294
86.67544,nantes,10000,29.763668
103.20227,nantes,10000,28.097088
5058.2017,nantes,10000,333.0
0.021053,lyon,10000,333.0
28.911404,lyon,10000,14.811171
43.215137,lyon,10000,14.703123
57.73903,lyon,10000,14.585845
71.59138,lyon,10000,14.484834
5107.54,lyon,10000,333.0
0.035131,nantes,10000,333.0
34.323418,nantes,10000,17.525381
51.364838,nantes,10000,17.419378
69.15671,nantes,10000,17.317663
85.67331,nantes,10000,17.208872
5064.593,nantes,10000,333.0
0.019691,nantes,10000,333.0
37.954453,nantes,10000,17.36966
54.889755,nantes,10000,17.28
72.229866,nantes,10000,17.182785
88.77958,nantes,10000,17.096352
5004.2036,nantes,10000,333.0
0.026269,nantes,10000,333.0
34.393726,nantes,10000,17.5717
51.310204,nantes,10000,17.437172
68.805504,nantes,10000,17.33
85.28574,nantes,10000,17.215605
5009.4556,nantes,10000,333.0
0.022573,nantes,10000,333.0
36.2944,nantes,10000,19.546688
53.07159,nantes,10000,19.165607
70.320114,nantes,10000,18.814121
86.63963,nantes,10000,18.494907
5016.042,nantes,10000,333.0
0.065137,nantes,10000,333.0
40.978596,nantes,10000,20.80416
57.70929,nantes,10000,20.253088
74.93339,nantes,10000,19.770033
91.52108,nantes,10000,19.353844
5022.2764,nantes,10000,333.0
0.034474,nantes,10000,333.0
46.12788,nantes,10000,21.068163
63.25578,nantes,10000,20.513735
80.75045,nantes,10000,20.013828
97.205124,nantes,10000,19.551481
5028.1997,nantes,10000,333.0
0.014917,nancy,10000,333.0
18.442207,nancy,10000,9.62296
27.966272,nancy,10000,9.518219
37.527,nancy,10000,9.38961
46.150085,nancy,10000,9.27522
5125.964,nancy,10000,333.0
0.012499999,nancy,10000,333.0
18.457033,nancy,10000,9.6399
27.955814,nancy,10000,9.53049
37.2126,nancy,10000,9.406863
45.839993,nancy,10000,9.29361
5129.6265,nancy,10000,333.0
0.018591,nancy,10000,333.0
18.260868,nancy,10000,9.472712
27.67522,nancy,10000,9.373135
36.98119,nancy,10000,9.276498
45.72601,nancy,10000,9.19159
5133.468,nancy,10000,333.0
0.014717001,nancy,10000,333.0
18.287067,nancy,10000,9.521411
27.728182,nancy,10000,9.418807
36.83938,nancy,10000,9.310203
45.36521,nancy,10000,9.205454
5137.794,nancy,10000,333.0
0.026792001,lyon,10000,333.0
28.843708,lyon,10000,14.800708
43.06739,lyon,10000,14.691241
57.68849,lyon,10000,14.577507
71.5331,lyon,10000,14.47612
5112.5454,lyon,10000,333.0
0.021258,nancy,10000,333.0
17.98236,nancy,10000,9.362636
26.947268,nancy,10000,9.266942
36.182507,nancy,10000,9.169179
44.723076,nancy,10000,9.084519
5141.629,nancy,10000,333.0
0.026431,lyon,10000,333.0
32.12767,lyon,10000,18.151033
46.46702,lyon,10000,17.614532
61.06253,lyon,10000,17.131527
75.17827,lyon,10000,16.707838
5012.4653,lyon,10000,333.0
0.018717,lyon,10000,333.0
35.332924,lyon,10000,18.384735
49.565414,lyon,10000,17.817608
64.05867,lyon,10000,17.298336
77.80635,lyon,10000,16.838064
5019.195,lyon,10000,333.0
0.025763,lyon,10000,333.0
37.880352,lyon,10000,16.201466
52.27302,lyon,10000,15.920862
66.905365,lyon,10000,15.650706
80.8316,lyon,10000,15.425558
5023.569,lyon,10000,333.0
0.031237999,lyon,10000,333.0
42.88183,lyon,10000,16.350231
57.110664,lyon,10000,16.037613
71.6665,lyon,10000,15.754258
85.48663,lyon,10000,15.506735
5030.078,lyon,10000,333.0
0.037387,lyon,10000,333.0
44.460323,lyon,10000,14.515664
58.861828,lyon,10000,14.43503
73.68208,lyon,10000,14.346265
87.50582,lyon,10000,14.271434
5036.0547,lyon,10000,333.0
0.025323,lyon,10000,333.0
1029.2886,lyon,10000,14.972141
1043.5988,lyon,10000,14.850781
1058.5286,lyon,10000,14.728361
1072.4215,lyon,10000,14.617385
5015.9756,lyon,10000,333.0
0.023336,lyon,10000,333.0
37.59799,lyon,10000,17.696775
52.098946,lyon,10000,17.224932
66.80403,lyon,10000,16.795565
80.81341,lyon,10000,16.429146
5021.788,lyon,10000,333.0
0.022592999,lyon,10000,333.0
38.876305,lyon,10000,15.788017
53.328007,lyon,10000,15.555384
68.04216,lyon,10000,15.336428
81.975845,lyon,10000,15.144147
5026.8394,lyon,10000,333.0
0.034671,lyon,10000,333.0
42.698082,lyon,10000,14.872122
57.038017,lyon,10000,14.760608
72.000084,lyon,10000,14.650319
85.9249,lyon,10000,14.5427475
5033.118,lyon,10000,333.0
0.034739003,lyon,10000,333.0
28.773115,lyon,10000,14.699582
43.088036,lyon,10000,14.60725
57.620495,lyon,10000,14.5002575
71.45276,lyon,10000,14.397986
5118.8203,lyon,10000,333.0
0.036867,lyon,10000,333.0
45.601448,lyon,10000,14.847962
60.095535,lyon,10000,14.72948
74.658325,lyon,10000,14.599969
88.5628,lyon,10000,14.497777
5038.589,lyon,10000,333.0
0.020893,rennes,10000,333.0
40.02534,rennes,10000,19.336813
55.343594,rennes,10000,18.783787
71.05115,rennes,10000,18.286165
86.09072,rennes,10000,17.862759
5022.63,rennes,10000,333.0
0.023063,rennes,10000,333.0
42.093452,rennes,10000,18.026684
57.37699,rennes,10000,17.641115
72.95397,rennes,10000,17.287615
87.89371,rennes,10000,16.977797
5027.0293,rennes,10000,333.0
0.026861,rennes,10000,333.0
45.306587,rennes,10000,17.241156
60.47133,rennes,10000,16.941847
75.883514,rennes,10000,16.660032
90.63418,rennes,10000,16.414423
5031.8755,rennes,10000,333.0
0.019972,rennes,10000,333.0
47.101505,rennes,10000,16.460379
62.487312,rennes,10000,16.267124
78.18248,rennes,10000,16.09043
93.11255,rennes,10000,15.929287
5036.7144,rennes,10000,333.0
0.028672999,rennes,10000,333.0
39.18927,rennes,10000,24.057673
54.52907,rennes,10000,22.907232
70.16448,rennes,10000,21.894537
85.14473,rennes,10000,21.010717
5041.202,rennes,10000,333.0
0.017825,nantes,10000,333.0
46.92434,nantes,10000,17.383224
63.87677,nantes,10000,17.290464
81.26361,nantes,10000,17.184973
97.754524,nantes,10000,17.090157
4977.4263,nantes,10000,333.0
0.023821,nantes,10000,333.0
42.518127,nantes,10000,25.918884
59.4935,nantes,10000,24.7488
77.08254,nantes,10000,23.711617
93.51495,nantes,10000,22.792353
4983.883,nantes,10000,333.0
0.025849,nantes,10000,333.0
44.370674,nantes,10000,27.505127
61.48917,nantes,10000,26.147831
78.940186,nantes,10000,24.934906
95.621704,nantes,10000,23.883335
4989.1567,nantes,10000,333.0
0.031964,nantes,10000,333.0
47.926804,nantes,10000,31.046177
64.874405,nantes,10000,29.2302
82.279915,nantes,10000,27.628408
98.89241,nantes,10000,26.23691
4995.8555,nantes,10000,333.0
0.036621,lyon,10000,333.0
28.887156,lyon,10000,14.802075
43.45426,lyon,10000,14.69692
58.29664,lyon,10000,14.593987
72.22846,lyon,10000,14.493238
5124.5435,lyon,10000,333.0
0.032709997,nantes,10000,333.0
37.57184,nantes,10000,17.36656
54.687313,nantes,10000,17.265177
71.97171,nantes,10000,17.153883
88.6007,nantes,10000,17.072775
5001.479,nantes,10000,333.0
0.019643,nantes,10000,333.0
43.09687,nantes,10000,17.627995
60.359608,nantes,10000,17.526861
77.96906,nantes,10000,17.401417
94.59818,nantes,10000,17.288065
4968.6147,nantes,10000,333.0
0.019652,nantes,10000,333.0
46.618523,nantes,10000,17.768774
63.420826,nantes,10000,17.603287
81.04872,nantes,10000,17.468569
97.79308,nantes,10000,17.360708
4975.1426,nantes,10000,333.0
0.025998998,nantes,10000,333.0
39.39133,nantes,10000,22.63118
56.234753,nantes,10000,21.86822
73.669106,nantes,10000,21.195808
90.15905,nantes,10000,20.598858
4979.9805,nantes,10000,333.0
0.026968,nantes,10000,333.0
42.689056,nantes,10000,25.838778
59.84253,nantes,10000,24.689672
77.415,nantes,10000,23.670431
93.90512,nantes,10000,22.765236
4985.922,nantes,10000,333.0
0.036760002,nantes,10000,333.0
46.021046,nantes,10000,28.778631
62.836,nantes,10000,27.23623
80.22216,nantes,10000,25.885544
96.66412,nantes,10000,24.696342
4992.3525,nantes,10000,333.0
0.0197,lyon,10000,333.0
35.19145,lyon,10000,14.5157
49.40492,lyon,10000,14.437499
64.16253,lyon,10000,14.354397
78.19464,lyon,10000,14.295886
4961.9316,lyon,10000,333.0
0.017002,lyon,10000,333.0
38.68991,lyon,10000,14.690873
52.86548,lyon,10000,14.592191
67.417435,lyon,10000,14.48662
81.280396,lyon,10000,14.400324
4967.8076,lyon,10000,333.0
0.028418,lyon,10000,333.0
40.5057,lyon,10000,14.850444
54.953625,lyon,10000,14.730761
69.75042,lyon,10000,14.627458
83.58033,lyon,10000,14.509158
4972.556,lyon,10000,333.0
0.024949001,lyon,10000,333.0
37.23172,lyon,10000,23.254738
51.742023,lyon,10000,22.086582
66.34417,lyon,10000,21.056417
80.16784,lyon,10000,20.145296
4979.223,lyon,10000,333.0
0.016449999,nancy,10000,333.0
18.34229,nancy,10000,9.544689
27.765408,nancy,10000,9.429203
37.247475,nancy,10000,9.305489
45.900677,nancy,10000,9.2056055
5167.819,nancy,10000,333.0
0.032938,lyon,10000,333.0
39.420082,lyon,10000,25.327475
53.95365,lyon,10000,23.90363
68.740585,lyon,10000,22.643248
82.58392,lyon,10000,21.535208
4984.782,lyon,10000,333.0
0.014141999,nancy,10000,333.0
35.87979,nancy,10000,27.083538
45.030254,nancy,10000,24.776579
54.2775,nancy,10000,22.752077
62.90077,nancy,10000,20.967709
5038.2017,nancy,10000,333.0
0.015461999,nancy,10000,333.0
18.440636,nancy,10000,9.696819
27.395119,nancy,10000,9.553971
36.52172,nancy,10000,9.409884
45.112568,nancy,10000,9.300093
5042.017,nancy,10000,333.0
0.014719,nancy,10000,333.0
18.397116,nancy,10000,9.497878
27.65901,nancy,10000,9.39576
37.668545,nancy,10000,9.290966
46.53775,nancy,10000,9.185715
5046.0,nancy,10000,333.0
0.016776001,nancy,10000,333.0
18.768871,nancy,10000,9.422423
28.228888,nancy,10000,9.335398
37.370037,nancy,10000,9.245286
45.99861,nancy,10000,9.149712
5049.9287,nancy,10000,333.0
0.020326,nancy,10000,333.0
19.314207,nancy,10000,10.088853
28.713295,nancy,10000,9.914562
37.84005,nancy,10000,9.741165
46.419956,nancy,10000,9.577632
5054.0176,nancy,10000,333.0
0.013605,nancy,10000,333.0
32.0394,nancy,10000,9.625405
40.866257,nancy,10000,9.496822
49.91714,nancy,10000,9.367972
58.654377,nancy,10000,9.268557
5022.226,nancy,10000,333.0
0.014017,nancy,10000,333.0
34.53488,nancy,10000,9.346517
43.471035,nancy,10000,9.266465
52.846596,nancy,10000,9.17649
61.66825,nancy,10000,9.110721
5025.885,nancy,10000,333.0
0.016071001,nancy,10000,333.0
31.335522,nancy,10000,22.503454
40.8074,nancy,10000,20.781103
50.54034,nancy,10000,19.267307
59.272346,nancy,10000,17.932201
5029.646,nancy,10000,333.0
0.016046,nancy,10000,333.0
33.48066,nancy,10000,24.794123
42.85868,nancy,10000,22.78409
52.222195,nancy,10000,21.010895
60.715595,nancy,10000,19.439789
5033.3857,nancy,10000,333.0
0.016170999,nancy,10000,333.0
18.346733,nancy,10000,9.577167
27.832624,nancy,10000,9.474019
37.29843,nancy,10000,9.348439
45.93752,nancy,10000,9.252359
5171.808,nancy,10000,333.0
0.020032,nancy,10000,333.0
35.69653,nancy,10000,26.13506
44.88775,nancy,10000,23.950943
54.51325,nancy,10000,22.033573
63.305878,nancy,10000,20.359049
5037.206,nancy,10000,333.0
0.019806001,rennes,10000,333.0
30.878328,rennes,10000,15.845709
46.135246,rennes,10000,15.73772
61.648865,rennes,10000,15.618609
76.51993,rennes,10000,15.517343
4950.6294,rennes,10000,333.0
0.019229999,rennes,10000,333.0
31.567804,rennes,10000,16.539766
46.820637,rennes,10000,16.328836
62.344097,rennes,10000,16.111284
77.09236,rennes,10000,15.928745
4955.4097,rennes,10000,333.0
0.023089,rennes,10000,333.0
36.74784,rennes,10000,17.254791
52.008686,rennes,10000,16.96183
67.68003,rennes,10000,16.695969
82.67369,rennes,10000,16.46603
4959.86,rennes,10000,333.0
0.020557,rennes,10000,333.0
40.222218,rennes,10000,16.604548
55.700943,rennes,10000,16.3973
71.41967,rennes,10000,16.199787
86.34774,rennes,10000,16.02479
4964.802,rennes,10000,333.0
0.03154,rennes,10000,333.0
41.94586,rennes,10000,16.30724
57.417263,rennes,10000,16.142494
73.056625,rennes,10000,15.985377
88.04329,rennes,10000,15.848476
4969.4385,rennes,10000,333.0
0.021492,lyon,10000,333.0
28.945255,lyon,10000,14.869966
43.514378,lyon,10000,14.762572
58.26618,lyon,10000,14.646022
72.245895,lyon,10000,14.544937
4903.506,lyon,10000,333.0
0.020756,lyon,10000,333.0
29.001877,lyon,10000,15.023954
43.341263,lyon,10000,14.890678
57.954967,lyon,10000,14.760444
71.89447,lyon,10000,14.641768
4909.33,lyon,10000,333.0
0.024992,lyon,10000,333.0
28.8139,lyon,10000,14.803942
43.09062,lyon,10000,14.693129
57.763847,lyon,10000,14.572754
71.72319,lyon,10000,14.477921
4914.427,lyon,10000,333.0
0.024606999,lyon,10000,333.0
28.882792,lyon,10000,14.749564
43.273167,lyon,10000,14.651031
57.856148,lyon,10000,14.537135
71.72998,lyon,10000,14.445726
4920.969,lyon,10000,333.0
0.016327,nancy,10000,333.0
18.208872,nancy,10000,9.541107
27.024794,nancy,10000,9.425361
36.436214,nancy,10000,9.309511
45.016113,nancy,10000,9.2103615
5175.8135,nancy,10000,333.0
0.040833,lyon,10000,333.0
29.281256,lyon,10000,14.932875
43.57231,lyon,10000,14.806833
58.496967,lyon,10000,14.687567
72.43254,lyon,10000,14.576396
4926.7485,lyon,10000,333.0
0.016391002,rennes,10000,333.0
30.897907,rennes,10000,15.824666
46.094486,rennes,10000,15.710436
61.604763,rennes,10000,15.592311
76.4162,rennes,10000,15.487967
4929.6187,rennes,10000,333.0
0.021116,rennes,10000,333.0
31.042414,rennes,10000,15.915941
46.373264,rennes,10000,15.803356
62.057533,rennes,10000,15.688032
77.05553,rennes,10000,15.585331
4933.9136,rennes,10000,333.0
0.016567001,rennes,10000,333.0
31.387928,rennes,10000,15.810708
46.836456,rennes,10000,15.698167
62.404305,rennes,10000,15.581018
77.24611,rennes,10000,15.480664
4938.588,rennes,10000,333.0
0.023265,rennes,10000,333.0
31.515633,rennes,10000,15.880935
46.86468,rennes,10000,15.750553
62.69995,rennes,10000,15.630089
77.4964,rennes,10000,15.519036
4943.052,rennes,10000,333.0
0.031607,rennes,10000,333.0
30.84722,rennes,10000,15.779298
46.348145,rennes,10000,15.676434
62.244576,rennes,10000,15.571607
77.135155,rennes,10000,15.474436
4948.016,rennes,10000,333.0
0.060318,nantes,10000,333.0
34.554462,nantes,10000,17.523829
51.626663,nantes,10000,17.419798
69.30275,nantes,10000,17.316765
85.870056,nantes,10000,17.214258
4878.0703,nantes,10000,333.0
0.018778998,nantes,10000,333.0
34.621964,nantes,10000,17.89121
51.544178,nantes,10000,17.711288
68.782684,nantes,10000,17.554384
85.31735,nantes,10000,17.418358
4884.9287,nantes,10000,333.0
0.026758,nantes,10000,333.0
34.756184,nantes,10000,17.947361
51.76985,nantes,10000,17.789305
69.41929,nantes,10000,17.64451
86.12158,nantes,10000,17.509777
4890.049,nantes,10000,333.0
0.029429,nantes,10000,333.0
34.34709,nantes,10000,17.533228
51.537983,nantes,10000,17.423182
69.10216,nantes,10000,17.314253
85.69008,nantes,10000,17.215744
4896.8,nantes,10000,333.0
0.01875,nancy,10000,333.0
18.3142,nancy,10000,9.510045
27.284565,nancy,10000,9.406438
36.661003,nancy,10000,9.309072
45.296658,nancy,10000,9.218026
5180.045,nancy,10000,333.0
0.0364,nantes,10000,333.0
34.480686,nantes,10000,17.606947
51.420273,nantes,10000,17.477304
69.06662,nantes,10000,17.360292
85.75133,nantes,10000,17.257961
4902.6797,nantes,10000,333.0
0.0142709995,nancy,10000,333.0
31.227757,nancy,10000,9.746886
40.59372,nancy,10000,9.610894
49.93089,nancy,10000,9.478839
58.55827,nancy,10000,9.365284
4963.84,nancy,10000,333.0
0.015408001,nancy,10000,333.0
28.754856,nancy,10000,19.879988
37.635906,nancy,10000,18.466438
47.199482,nancy,10000,17.236418
55.88491,nancy,10000,16.151693
4967.2744,nancy,10000,333.0
0.013896001,nancy,10000,333.0
29.367537,nancy,10000,20.65502
38.756447,nancy,10000,19.158876
48.065525,nancy,10000,17.838734
56.69917,nancy,10000,16.68196
4970.864,nancy,10000,333.0
0.017578999,nancy,10000,333.0
18.349504,nancy,10000,9.663116
27.691713,nancy,10000,9.540398
37.670677,nancy,10000,9.414635
46.332222,nancy,10000,9.301334
4974.897,nancy,10000,333.0
0.022842,nancy,10000,333.0
18.814215,nancy,10000,9.773567
28.223095,nancy,10000,9.631932
37.6429,nancy,10000,9.499613
46.350918,nancy,10000,9.384081
4978.614,nancy,10000,333.0
0.018669,rennes,10000,333.0
30.791754,rennes,10000,15.730864
46.08162,rennes,10000,15.641272
61.70128,rennes,10000,15.523689
76.625595,rennes,10000,15.44002
4877.2275,rennes,10000,333.0
0.01999,rennes,10000,333.0
30.851002,rennes,10000,15.7935915
45.956085,rennes,10000,15.672903
61.46904,rennes,10000,15.556678
76.338165,rennes,10000,15.4628105
4881.9917,rennes,10000,333.0
0.024509,rennes,10000,333.0
30.745693,rennes,10000,15.760246
46.224045,rennes,10000,15.653508
61.81723,rennes,10000,15.544845
76.77497,rennes,10000,15.453779
4886.6934,rennes,10000,333.0
0.020233,rennes,10000,333.0
30.856525,rennes,10000,15.770732
46.063297,rennes,10000,15.665865
61.80125,rennes,10000,15.563719
76.610054,rennes,10000,15.4581585
4891.7534,rennes,10000,333.0
0.021548,lyon,10000,333.0
28.92689,lyon,10000,14.817381
43.264378,lyon,10000,14.710771
57.94868,lyon,10000,14.5931015
71.8549,lyon,10000,14.493584
4829.9463,lyon,10000,333.0
0.022304999,nancy,10000,333.0
18.779188,nancy,10000,9.912142
27.878984,nancy,10000,9.763082
37.679832,nancy,10000,9.618818
46.49237,nancy,10000,9.498254
4894.597,nancy,10000,333.0
0.03249,rennes,10000,333.0
31.419065,rennes,10000,16.48878
46.577103,rennes,10000,16.279718
62.03121,rennes,10000,16.082237
76.9543,rennes,10000,15.9196205
4643.2783,rennes,10000,333.0
0.019242,rennes,10000,333.0
31.074476,rennes,10000,15.943838
46.275,rennes,10000,15.810724
61.860733,rennes,10000,15.692525
76.71789,rennes,10000,15.581222
4793.8594,rennes,10000,333.0
0.019121,rennes,10000,333.0
31.050482,rennes,10000,15.938852
46.17933,rennes,10000,15.801879
61.89843,rennes,10000,15.687323
76.95374,rennes,10000,15.573463
4798.4062,rennes,10000,333.0
0.019428,rennes,10000,333.0
30.98106,rennes,10000,15.897333
46.362892,rennes,10000,15.782966
62.201077,rennes,10000,15.674133
77.22677,rennes,10000,15.576742
4803.324,rennes,10000,333.0
0.026530001,rennes,10000,333.0
30.830147,rennes,10000,15.704104
46.014263,rennes,10000,15.60013
61.48408,rennes,10000,15.492896
76.25595,rennes,10000,15.395766
4808.2754,rennes,10000,333.0
0.028442001,rennes,10000,333.0
31.164644,rennes,10000,15.847243
46.51148,rennes,10000,15.741411
62.046482,rennes,10000,15.619668
76.879166,rennes,10000,15.513745
4813.2935,rennes,10000,333.0
0.023343,nantes,10000,333.0
50.408073,nantes,10000,33.444366
67.20192,nantes,10000,31.323097
84.67936,nantes,10000,29.461617
101.171875,nantes,10000,27.83186
4781.586,nantes,10000,333.0
0.025080001,nantes,10000,333.0
55.80016,nantes,10000,38.495182
72.77511,nantes,10000,35.769672
90.09945,nantes,10000,33.361538
106.54762,nantes,10000,31.239845
4788.021,nantes,10000,333.0
0.029591,nantes,10000,333.0
56.801422,nantes,10000,39.90978
74.07094,nantes,10000,37.00219
91.428665,nantes,10000,34.444775
108.04703,nantes,10000,32.207615
4792.9077,nantes,10000,333.0
0.026991,nantes,10000,333.0
35.307396,nantes,10000,17.635235
52.403698,nantes,10000,17.506012
69.651215,nantes,10000,17.367561
86.26681,nantes,10000,17.256392
4799.9956,nantes,10000,333.0
0.020698,lyon,10000,333.0
29.314356,lyon,10000,14.856786
43.728256,lyon,10000,14.74036
58.47504,lyon,10000,14.62183
72.3372,lyon,10000,14.50966
4836.2896,lyon,10000,333.0
0.033888,nantes,10000,333.0
34.37883,nantes,10000,17.468409
51.330322,nantes,10000,17.36034
68.800705,nantes,10000,17.253464
85.374146,nantes,10000,17.160456
4806.205,nantes,10000,333.0
0.022656001,nantes,10000,333.0
37.38864,nantes,10000,17.552067
54.38375,nantes,10000,17.414204
71.73351,nantes,10000,17.285233
88.29571,nantes,10000,17.17955
4728.404,nantes,10000,333.0
0.021382,nantes,10000,333.0
34.243404,nantes,10000,17.434504
51.05859,nantes,10000,17.31962
68.645874,nantes,10000,17.221048
85.20778,nantes,10000,17.130991
4734.349,nantes,10000,333.0
0.024159001,nantes,10000,333.0
34.154797,nantes,10000,17.36204
51.252605,nantes,10000,17.276608
68.57315,nantes,10000,17.178127
85.124405,nantes,10000,17.09138
4739.77,nantes,10000,333.0
0.031811,nantes,10000,333.0
37.523994,nantes,10000,20.658772
54.501816,nantes,10000,20.138308
72.07741,nantes,10000,19.69114
88.73344,nantes,10000,19.29417
4746.0366,nantes,10000,333.0
0.032221,nantes,10000,333.0
42.14419,nantes,10000,21.011797
59.172607,nantes,10000,20.467726
76.6163,nantes,10000,19.975378
93.211754,nantes,10000,19.544289
4752.284,nantes,10000,333.0
0.014017,nancy,10000,333.0
18.4842,nancy,10000,9.64429
27.974468,nancy,10000,9.532756
37.166683,nancy,10000,9.398611
45.923958,nancy,10000,9.294602
4826.834,nancy,10000,333.0
0.014346,nancy,10000,333.0
18.164639,nancy,10000,9.385697
27.60708,nancy,10000,9.299897
36.741127,nancy,10000,9.213561
45.39729,nancy,10000,9.12573
4830.6343,nancy,10000,333.0
0.018331,nancy,10000,333.0
18.351036,nancy,10000,9.514585
27.27556,nancy,10000,9.400691
36.525166,nancy,10000,9.297641
45.16841,nancy,10000,9.208686
4834.883,nancy,10000,333.0
0.019470999,nancy,10000,333.0
18.264284,nancy,10000,9.442925
27.766,nancy,10000,9.358286
37.08974,nancy,10000,9.270241
45.763332,nancy,10000,9.175589
4838.669,nancy,10000,333.0
0.027115,lyon,10000,333.0
29.134867,lyon,10000,14.9568815
43.667072,lyon,10000,14.832099
58.496346,lyon,10000,14.706344
72.38533,lyon,10000,14.595688
4841.5586,lyon,10000,333.0
0.016186,nancy,10000,333.0
18.39172,nancy,10000,9.565579
27.829264,nancy,10000,9.453844
37.200203,nancy,10000,9.352833
45.746105,nancy,10000,9.244415
4842.718,nancy,10000,333.0
0.020161,lyon,10000,333.0
29.685947,lyon,10000,14.747715
43.98215,lyon,10000,14.650216
58.56776,lyon,10000,14.536937
72.447556,lyon,10000,14.436331
4731.0767,lyon,10000,333.0
0.018552,lyon,10000,333.0
29.277905,lyon,10000,15.111542
43.411507,lyon,10000,14.953793
57.91733,lyon,10000,14.802771
71.871376,lyon,10000,14.679785
4736.9546,lyon,10000,333.0
0.022861999,lyon,10000,333.0
31.886238,lyon,10000,17.757168
46.087997,lyon,10000,17.274761
60.653816,lyon,10000,16.834677
74.63748,lyon,10000,16.460506
4742.646,lyon,10000,333.0
0.030142,lyon,10000,333.0
33.1641,lyon,10000,15.554686
47.372368,lyon,10000,15.342627
62.046165,lyon,10000,15.145671
75.928116,lyon,10000,14.977158
4748.6123,lyon,10000,333.0
0.035488,lyon,10000,333.0
39.71702,lyon,10000,16.382559
54.063774,lyon,10000,16.05925
68.673134,lyon,10000,15.765134
82.590866,lyon,10000,15.515263
4754.321,lyon,10000,333.0
0.020478,lyon,10000,333.0
31.864534,lyon,10000,14.528143
45.99718,lyon,10000,14.441417
60.65475,lyon,10000,14.357236
74.58563,lyon,10000,14.29111
4730.414,lyon,10000,333.0
0.021542,lyon,10000,333.0
29.475319,lyon,10000,15.531545
43.636787,lyon,10000,15.325412
58.24539,lyon,10000,15.131357
72.1612,lyon,10000,14.961996
4736.368,lyon,10000,333.0
0.0276,lyon,10000,333.0
32.406544,lyon,10000,17.460943
46.8052,lyon,10000,17.012903
61.48351,lyon,10000,16.608229
75.36105,lyon,10000,16.255007
4741.932,lyon,10000,333.0
0.023106,lyon,10000,333.0
33.82256,lyon,10000,17.102802
48.260742,lyon,10000,16.704588
62.974094,lyon,10000,16.349075
76.77856,lyon,10000,16.01429
4747.6465,lyon,10000,333.0
0.028307,lyon,10000,333.0
28.917732,lyon,10000,14.808813
43.23537,lyon,10000,14.707415
58.140533,lyon,10000,14.601971
71.946014,lyon,10000,14.494941
4848.0283,lyon,10000,333.0
0.033214,lyon,10000,333.0
40.31052,lyon,10000,17.852211
54.67325,lyon,10000,17.345194
69.200356,lyon,10000,16.887028
83.31105,lyon,10000,16.490637
4753.389,lyon,10000,333.0
0.022855,rennes,10000,333.0
44.17547,rennes,10000,19.471773
59.544086,rennes,10000,18.897097
75.64264,rennes,10000,18.395744
90.618164,rennes,10000,17.951744
4755.683,rennes,10000,333.0
0.021112,rennes,10000,333.0
47.743454,rennes,10000,18.67074
62.93723,rennes,10000,18.201368
78.74479,rennes,10000,17.78841
93.53497,rennes,10000,17.404505
4760.0195,rennes,10000,333.0
0.01904,rennes,10000,333.0
48.44907,rennes,10000,15.749511
63.601597,rennes,10000,15.640477
79.38834,rennes,10000,15.539702
94.3196,rennes,10000,15.446901
4764.651,rennes,10000,333.0
0.023449,rennes,10000,333.0
51.80874,rennes,10000,15.62184
67.0088,rennes,10000,15.530318
82.551346,rennes,10000,15.447108
97.498825,rennes,10000,15.369246
4769.5615,rennes,10000,333.0
0.02643,rennes,10000,333.0
53.92473,rennes,10000,15.757195
69.16405,rennes,10000,15.651289
84.73174,rennes,10000,15.54641
99.553696,rennes,10000,15.448496
4774.851,rennes,10000,333.0
0.019481,nantes,10000,333.0
55.442253,nantes,10000,17.487627
72.27413,nantes,10000,17.366796
89.72576,nantes,10000,17.244364
106.25223,nantes,10000,17.137756
4705.1665,nantes,10000,333.0
0.019279,nantes,10000,333.0
48.659954,nantes,10000,31.965424
65.609726,nantes,10000,30.046587
82.9333,nantes,10000,28.340284
99.57633,nantes,10000,26.858763
4710.9424,nantes,10000,333.0
0.024266,nantes,10000,333.0
52.630417,nantes,10000,35.856384
69.82553,nantes,10000,33.443672
87.24744,nantes,10000,31.32303
103.91088,nantes,10000,29.471207
4716.805,nantes,10000,333.0
0.028973,nantes,10000,333.0
55.888405,nantes,10000,39.354885
72.76905,nantes,10000,36.497997
90.22309,nantes,10000,33.994255
106.93223,nantes,10000,31.812
4723.2227,nantes,10000,333.0
0.033359,lyon,10000,333.0
28.983856,lyon,10000,14.851277
43.630825,lyon,10000,14.742674
58.57143,lyon,10000,14.628214
72.50889,lyon,10000,14.524452
4853.2427,lyon,10000,333.0
0.031787,nantes,10000,333.0
59.93961,nantes,10000,39.709373
76.91441,nantes,10000,36.821037
94.45096,nantes,10000,34.282017
111.14257,nantes,10000,32.071613
4728.861,nantes,10000,333.0
0.023281,nantes,10000,333.0
39.06181,nantes,10000,17.938784
56.024338,nantes,10000,17.778082
73.3627,nantes,10000,17.60605
89.902306,nantes,10000,17.461731
4683.3955,nantes,10000,333.0
0.018532,nantes,10000,333.0
46.18718,nantes,10000,18.745113
63.07143,nantes,10000,18.47688
80.58066,nantes,10000,18.230492
97.01098,nantes,10000,17.997631
4689.7354,nantes,10000,333.0
0.025133,nantes,10000,333.0
49.97636,nantes,10000,18.045816
67.04994,nantes,10000,17.868948
84.61255,nantes,10000,17.705856
101.499626,nantes,10000,17.56118
4694.9673,nantes,10000,333.0
0.027197,nantes,10000,333.0
53.937,nantes,10000,17.586887
71.08989,nantes,10000,17.460295
88.584816,nantes,10000,17.357628
105.06227,nantes,10000,17.231195
4702.0254,nantes,10000,333.0
0.040799,nantes,10000,333.0
57.052265,nantes,10000,17.570612
74.266235,nantes,10000,17.457699
91.70659,nantes,10000,17.33607
108.2361,nantes,10000,17.221125
4707.57,nantes,10000,333.0
0.019301001,lyon,10000,333.0
47.32136,lyon,10000,15.148512
61.550953,lyon,10000,14.995812
76.31038,lyon,10000,14.839141
90.10812,lyon,10000,14.700305
4696.1206,lyon,10000,333.0
0.022535,lyon,10000,333.0
50.795475,lyon,10000,14.7741165
65.30733,lyon,10000,14.680594
80.00645,lyon,10000,14.567031
93.85493,lyon,10000,14.468606
4702.4126,lyon,10000,333.0
0.023448,lyon,10000,333.0
44.822075,lyon,10000,30.86449
59.213123,lyon,10000,28.742771
73.86431,lyon,10000,26.875542
87.65641,lyon,10000,25.230923
4707.793,lyon,10000,333.0
0.034759,lyon,10000,333.0
48.67144,lyon,10000,34.305393
63.029648,lyon,10000,31.754408
77.648094,lyon,10000,29.503326
91.39189,lyon,10000,27.52555
4714.296,lyon,10000,333.0
0.015055001,nancy,10000,333.0
18.495903,nancy,10000,9.627518
28.074549,nancy,10000,9.528966
37.324444,nancy,10000,9.412375
46.12349,nancy,10000,9.31589
4879.038,nancy,10000,333.0
0.050157,lyon,10000,333.0
51.948154,lyon,10000,37.532154
66.38458,lyon,10000,34.57922
81.00584,lyon,10000,31.977852
95.0441,lyon,10000,29.713177
4719.9326,lyon,10000,333.0
0.013048001,nancy,10000,333.0
38.931057,nancy,10000,30.175655
47.880207,nancy,10000,27.484669
57.06643,nancy,10000,25.123487
66.04298,nancy,10000,23.062412
4767.159,nancy,10000,333.0
0.01435,nancy,10000,333.0
41.960754,nancy,10000,32.864338
51.3253,nancy,10000,29.843346
60.7074,nancy,10000,27.186676
69.51551,nancy,10000,24.869875
4770.983,nancy,10000,333.0
0.017139,nancy,10000,333.0
18.535873,nancy,10000,9.547247
27.52764,nancy,10000,9.442338
37.039623,nancy,10000,9.33952
45.785507,nancy,10000,9.246735
4775.171,nancy,10000,333.0
0.013896001,nancy,10000,333.0
18.49626,nancy,10000,9.603489
27.55265,nancy,10000,9.473264
36.80576,nancy,10000,9.369825
45.56278,nancy,10000,9.271952
4779.0786,nancy,10000,333.0
0.018063,nancy,10000,333.0
18.107647,nancy,10000,9.379042
27.614079,nancy,10000,9.291937
36.70078,nancy,10000,9.177584
45.17367,nancy,10000,9.079438
4783.346,nancy,10000,333.0
0.014517,nancy,10000,333.0
39.366497,nancy,10000,9.286726
48.117374,nancy,10000,9.192003
57.71975,nancy,10000,9.106108
66.33875,nancy,10000,9.027091
4759.0503,nancy,10000,333.0
0.0126,nancy,10000,333.0
41.661366,nancy,10000,9.483869
50.585625,nancy,10000,9.377417
59.66852,nancy,10000,9.271379
68.35927,nancy,10000,9.179514
4763.05,nancy,10000,333.0
0.012518001,nancy,10000,333.0
39.417027,nancy,10000,30.067612
48.32959,nancy,10000,27.397509
57.84338,nancy,10000,25.047897
66.50069,nancy,10000,22.989124
4766.7646,nancy,10000,333.0
0.013361,nancy,10000,333.0
41.2009,nancy,10000,32.211952
50.27576,nancy,10000,29.264044
59.446945,nancy,10000,26.682827
68.161964,nancy,10000,24.41842
4770.918,nancy,10000,333.0
0.012728,nancy,10000,333.0
18.500198,nancy,10000,9.65784
27.397797,nancy,10000,9.535347
36.939503,nancy,10000,9.418859
45.71304,nancy,10000,9.319012
4882.4824,nancy,10000,333.0
0.019137,nancy,10000,333.0
43.5515,nancy,10000,34.815475
52.717648,nancy,10000,31.556559
62.47441,nancy,10000,28.679
71.124695,nancy,10000,26.16832
4774.919,nancy,10000,333.0
0.016568,rennes,10000,333.0
30.516907,rennes,10000,15.57354
45.783836,rennes,10000,15.500899
61.44676,rennes,10000,15.426366
76.36674,rennes,10000,15.349788
4656.9688,rennes,10000,333.0
0.018065,rennes,10000,333.0
30.71759,rennes,10000,15.794316
46.01112,rennes,10000,15.688937
61.641838,rennes,10000,15.579939
76.52082,rennes,10000,15.485473
4661.404,rennes,10000,333.0
0.016485,rennes,10000,333.0
30.694109,rennes,10000,15.771047
46.036114,rennes,10000,15.681159
61.980434,rennes,10000,15.574183
76.91275,rennes,10000,15.476643
4666.567,rennes,10000,333.0
0.019697,rennes,10000,333.0
30.929092,rennes,10000,15.83861
46.309467,rennes,10000,15.734098
61.923866,rennes,10000,15.614773
76.768074,rennes,10000,15.510551
4671.0703,rennes,10000,333.0
0.024139,rennes,10000,333.0
30.698368,rennes,10000,15.580051
45.993004,rennes,10000,15.48023
61.496685,rennes,10000,15.387052
76.53511,rennes,10000,15.309669
4676.3467,rennes,10000,333.0
0.023434,lyon,10000,333.0
29.443016,lyon,10000,14.7183895
43.676,lyon,10000,14.6204815
58.599216,lyon,10000,14.530005
72.529884,lyon,10000,14.440852
4642.077,lyon,10000,333.0
0.02231,lyon,10000,333.0
28.270805,lyon,10000,14.490575
42.404236,lyon,10000,14.408059
57.212833,lyon,10000,14.327446
70.97031,lyon,10000,14.240018
4647.748,lyon,10000,333.0
0.021927001,lyon,10000,333.0
28.83689,lyon,10000,14.829551
43.101234,lyon,10000,14.721529
58.149815,lyon,10000,14.61884
71.99064,lyon,10000,14.513418
4652.822,lyon,10000,333.0
0.030052999,lyon,10000,333.0
30.68467,lyon,10000,14.961277
44.932915,lyon,10000,14.828794
59.486523,lyon,10000,14.695999
73.37787,lyon,10000,14.587037
4659.1196,lyon,10000,333.0
0.018279001,nancy,10000,333.0
18.49116,nancy,10000,9.66183
27.529074,nancy,10000,9.542455
36.95294,nancy,10000,9.408295
45.583126,nancy,10000,9.29905
4886.5493,nancy,10000,333.0
0.030353,lyon,10000,333.0
29.724112,lyon,10000,14.853146
44.069,lyon,10000,14.745512
58.763744,lyon,10000,14.624663
72.58366,lyon,10000,14.51578
4664.4434,lyon,10000,333.0
0.01944,rennes,10000,333.0
30.572231,rennes,10000,15.665349
45.90498,rennes,10000,15.5831995
61.475513,rennes,10000,15.490927
76.40143,rennes,10000,15.410644
4648.834,rennes,10000,333.0
0.017117,rennes,10000,333.0
30.763735,rennes,10000,15.78973
46.370354,rennes,10000,15.692035
61.991463,rennes,10000,15.595522
76.858696,rennes,10000,15.491399
4653.1816,rennes,10000,333.0
0.023443999,rennes,10000,333.0
30.817244,rennes,10000,15.842258
45.95061,rennes,10000,15.71848
61.581776,rennes,10000,15.61516
76.44259,rennes,10000,15.513926
4658.2236,rennes,10000,333.0
0.023317,rennes,10000,333.0
31.049238,rennes,10000,15.876213
46.29403,rennes,10000,15.75903
61.928642,rennes,10000,15.651087
76.91437,rennes,10000,15.55175
4663.0884,rennes,10000,333.0
0.02678,rennes,10000,333.0
30.747581,rennes,10000,15.698224
46.213875,rennes,10000,15.608245
61.93502,rennes,10000,15.509626
77.02627,rennes,10000,15.415797
4667.996,rennes,10000,333.0
0.021964999,nantes,10000,333.0
34.46852,nantes,10000,17.529882
51.23335,nantes,10000,17.395674
68.57228,nantes,10000,17.273647
85.221146,nantes,10000,17.185827
4590.626,nantes,10000,333.0
0.023833,nantes,10000,333.0
34.402733,nantes,10000,17.52436
51.61884,nantes,10000,17.4216
69.22041,nantes,10000,17.311491
85.98634,nantes,10000,17.216282
4594.8813,nantes,10000,333.0
0.028099999,nantes,10000,333.0
34.335045,nantes,10000,17.541746
51.428455,nantes,10000,17.438007
69.163506,nantes,10000,17.334398
85.79728,nantes,10000,17.229452
4600.913,nantes,10000,333.0
0.035535,nantes,10000,333.0
34.636852,nantes,10000,17.808374
51.521263,nantes,10000,17.650145
68.850784,nantes,10000,17.506107
85.537315,nantes,10000,17.382912
4608.1035,nantes,10000,333.0
0.018421,nancy,10000,333.0
18.347807,nancy,10000,9.542271
27.709476,nancy,10000,9.428907
37.047043,nancy,10000,9.323239
45.78628,nancy,10000,9.231605
4890.6772,nancy,10000,333.0
0.031975,nantes,10000,333.0
34.45223,nantes,10000,17.60163
51.605335,nantes,10000,17.484
69.32492,nantes,10000,17.362612
85.904205,nantes,10000,17.256502
4614.101,nantes,10000,333.0
0.014432999,nancy,10000,333.0
40.72942,nancy,10000,9.625943
49.686775,nancy,10000,9.503583
58.977222,nancy,10000,9.391437
67.76126,nancy,10000,9.296179
4692.764,nancy,10000,333.0
0.016198,nancy,10000,333.0
37.152653,nancy,10000,28.423012
46.19528,nancy,10000,25.95198
55.309017,nancy,10000,23.778236
64.046555,nancy,10000,21.878006
4696.574,nancy,10000,333.0
0.016599001,nancy,10000,333.0
39.445923,nancy,10000,30.648392
48.83507,nancy,10000,27.897596
58.09315,nancy,10000,25.478823
66.83873,nancy,10000,23.368399
4700.314,nancy,10000,333.0
0.014962,nancy,10000,333.0
18.342295,nancy,10000,9.461142
27.21174,nancy,10000,9.349259
36.668888,nancy,10000,9.256655
45.699986,nancy,10000,9.174835
4704.537,nancy,10000,333.0
0.020058,nancy,10000,333.0
18.281767,nancy,10000,9.444602
27.786295,nancy,10000,9.356605
37.524952,nancy,10000,9.265832
46.272552,nancy,10000,9.182878
4708.3794,nancy,10000,333.0
0.019691,rennes,10000,333.0
30.89457,rennes,10000,15.8785305
46.251564,rennes,10000,15.755687
62.04056,rennes,10000,15.63352
76.97373,rennes,10000,15.538174
4624.432,rennes,10000,333.0
0.019226,rennes,10000,333.0
30.77529,rennes,10000,15.855146
46.036434,rennes,10000,15.723508
61.515533,rennes,10000,15.606
76.3328,rennes,10000,15.500728
4629.024,rennes,10000,333.0
0.016128,rennes,10000,333.0
30.81248,rennes,10000,15.805606
46.062893,rennes,10000,15.700035
61.53027,rennes,10000,15.585048
76.45389,rennes,10000,15.494423
4634.069,rennes,10000,333.0
0.02015,rennes,10000,333.0
30.737906,rennes,10000,15.697861
46.16348,rennes,10000,15.610079
61.78825,rennes,10000,15.513017
76.67336,rennes,10000,15.418301
4638.8774,rennes,10000,333.0
0.024972,lyon,10000,333.0
28.871792,lyon,10000,14.830597
43.19048,lyon,10000,14.719634
57.911663,lyon,10000,14.606716
71.85936,lyon,10000,14.507846
5102.787,lyon,10000,333.0
0.018463,nancy,10000,333.0
18.87372,nancy,10000,10.048505
28.289892,nancy,10000,9.880433
37.95699,nancy,10000,9.73227
46.750683,nancy,10000,9.595772
5194.193,nancy,10000,333.0
0.02066,rennes,10000,333.0
31.113907,rennes,10000,15.813777
46.344463,rennes,10000,15.701687
61.89406,rennes,10000,15.591437
76.807495,rennes,10000,15.490354
4918.425,rennes,10000,333.0
0.016328,rennes,10000,333.0
30.894108,rennes,10000,15.814572
46.25183,rennes,10000,15.714206
62.144268,rennes,10000,15.605626
77.00705,rennes,10000,15.499794
5085.8228,rennes,10000,333.0
0.019545,rennes,10000,333.0
30.934645,rennes,10000,15.805965
46.016838,rennes,10000,15.680928
61.494125,rennes,10000,15.566445
76.37634,rennes,10000,15.473291
5090.1665,rennes,10000,333.0
0.017244,rennes,10000,333.0
30.901724,rennes,10000,15.787175
46.08694,rennes,10000,15.677513
61.63914,rennes,10000,15.570516
76.70532,rennes,10000,15.490046
5095.003,rennes,10000,333.0
0.023312,rennes,10000,333.0
30.775604,rennes,10000,15.757708
46.050182,rennes,10000,15.658338
61.550816,rennes,10000,15.5402775
76.415016,rennes,10000,15.4475355
5099.3574,rennes,10000,333.0
0.024107,rennes,10000,333.0
31.260431,rennes,10000,16.213606
46.61587,rennes,10000,16.057703
62.753616,rennes,10000,15.90598
77.53675,rennes,10000,15.758643
5104.421,rennes,10000,333.0
0.019382,nantes,10000,333.0
48.665607,nantes,10000,18.400608
65.5925,nantes,10000,18.173426
82.975174,nantes,10000,17.954813
99.468056,nantes,10000,17.76328
5055.1943,nantes,10000,333.0
0.021481,nantes,10000,333.0
40.14153,nantes,10000,23.016289
56.880753,nantes,10000,22.195133
74.21139,nantes,10000,21.478357
90.8357,nantes,10000,20.854424
5061.1494,nantes,10000,333.0
0.020123,nantes,10000,333.0
43.556217,nantes,10000,26.785894
60.540806,nantes,10000,25.522804
78.06949,nantes,10000,24.391968
94.576836,nantes,10000,23.398058
5066.897,nantes,10000,333.0
0.030700002,nantes,10000,333.0
48.40811,nantes,10000,31.546007
65.32485,nantes,10000,29.666637
82.72496,nantes,10000,28.016012
99.38713,nantes,10000,26.586153
5073.354,nantes,10000,333.0
0.024615,lyon,10000,333.0
28.866516,lyon,10000,14.748028
43.215073,lyon,10000,14.642634
57.81752,lyon,10000,14.537931
71.67923,lyon,10000,14.445882
5108.842,lyon,10000,333.0
0.033415,nantes,10000,333.0
34.537235,nantes,10000,17.750408
51.489586,nantes,10000,17.600245
68.93522,nantes,10000,17.4675
85.50086,nantes,10000,17.346199
5078.622,nantes,10000,333.0
0.026851,nantes,10000,333.0
34.915432,nantes,10000,17.496151
51.901432,nantes,10000,17.39284
69.48223,nantes,10000,17.29021
86.21173,nantes,10000,17.20225
5032.564,nantes,10000,333.0
0.02517,nantes,10000,333.0
38.56653,nantes,10000,19.696312
55.658115,nantes,10000,19.309937
73.06729,nantes,10000,18.96332
89.690796,nantes,10000,18.660072
5038.8315,nantes,10000,333.0
0.028074998,nantes,10000,333.0
42.287422,nantes,10000,19.154257
59.285904,nantes,10000,18.846695
76.892166,nantes,10000,18.561335
93.47405,nantes,10000,18.305391
5044.102,nantes,10000,333.0
0.031262,nantes,10000,333.0
45.65224,nantes,10000,19.117182
62.611557,nantes,10000,18.80222
79.89525,nantes,10000,18.516144
96.45797,nantes,10000,18.2642
5050.5986,nantes,10000,333.0
0.040634,nantes,10000,333.0
48.798313,nantes,10000,17.540129
65.94307,nantes,10000,17.42574
83.38347,nantes,10000,17.312868
99.88428,nantes,10000,17.202805
5056.063,nantes,10000,333.0
0.014062,nancy,10000,333.0
18.477823,nancy,10000,9.637874
28.043308,nancy,10000,9.536124
37.38591,nancy,10000,9.416925
46.14082,nancy,10000,9.314756
5120.671,nancy,10000,333.0
0.0147009995,nancy,10000,333.0
18.369486,nancy,10000,9.547254
27.92026,nancy,10000,9.45582
37.085922,nancy,10000,9.344524
45.813526,nancy,10000,9.24827
5124.484,nancy,10000,333.0
0.012436001,nancy,10000,333.0
18.313046,nancy,10000,9.541954
27.70171,nancy,10000,9.441485
37.023346,nancy,10000,9.336101
45.70468,nancy,10000,9.235802
5128.3984,nancy,10000,333.0
0.013558,nancy,10000,333.0
18.110376,nancy,10000,9.382001
27.347809,nancy,10000,9.288134
36.88396,nancy,10000,9.193635
45.48749,nancy,10000,9.105463
5132.2983,nancy,10000,333.0
0.020662,lyon,10000,333.0
29.000845,lyon,10000,14.903409
43.414623,lyon,10000,14.782512
58.07142,lyon,10000,14.651035
71.94638,lyon,10000,14.542424
5114.179,lyon,10000,333.0
0.020284,nancy,10000,333.0
18.223759,nancy,10000,9.464691
27.570837,nancy,10000,9.364414
37.003258,nancy,10000,9.2631855
45.627155,nancy,10000,9.169333
5136.314,nancy,10000,333.0
0.020824,lyon,10000,333.0
28.864237,lyon,10000,14.74599
43.11048,lyon,10000,14.645843
57.83002,lyon,10000,14.533152
71.70448,lyon,10000,14.441399
5013.0854,lyon,10000,333.0
0.040342998,lyon,10000,333.0
31.884577,lyon,10000,14.800026
46.03863,lyon,10000,14.684473
60.725006,lyon,10000,14.571945
74.65492,lyon,10000,14.474633
5019.4966,lyon,10000,333.0
0.027279,lyon,10000,333.0
28.986448,lyon,10000,14.856742
43.459686,lyon,10000,14.737985
58.21719,lyon,10000,14.626294
72.06005,lyon,10000,14.519871
5024.838,lyon,10000,333.0
0.043405,lyon,10000,333.0
30.622948,lyon,10000,16.53302
45.03122,lyon,10000,16.196947
59.599743,lyon,10000,15.894428
73.44919,lyon,10000,15.622527
5031.488,lyon,10000,333.0
0.034151,lyon,10000,333.0
34.07521,lyon,10000,17.28166
48.571728,lyon,10000,16.864174
63.147835,lyon,10000,16.468777
77.071846,lyon,10000,16.131935
5036.4585,lyon,10000,333.0
0.019193,lyon,10000,333.0
29.197721,lyon,10000,14.793727
43.586975,lyon,10000,14.685522
58.372734,lyon,10000,14.582172
72.20458,lyon,10000,14.479678
5011.4824,lyon,10000,333.0
0.023163,lyon,10000,333.0
31.293743,lyon,10000,14.737938
45.61185,lyon,10000,14.650408
60.161896,lyon,10000,14.540386
74.01594,lyon,10000,14.434659
5017.3633,lyon,10000,333.0
0.027313001,lyon,10000,333.0
29.424332,lyon,10000,14.888215
43.61366,lyon,10000,14.763374
58.629135,lyon,10000,14.650413
72.64426,lyon,10000,14.553922
5022.653,lyon,10000,333.0
0.02242,lyon,10000,333.0
29.850405,lyon,10000,15.638685
44.030933,lyon,10000,15.416138
58.51505,lyon,10000,15.203926
72.25747,lyon,10000,15.011474
5029.189,lyon,10000,333.0
0.028046,lyon,10000,333.0
29.240124,lyon,10000,14.915524
43.56444,lyon,10000,14.797073
58.330856,lyon,10000,14.667022
72.208176,lyon,10000,14.551782
5120.407,lyon,10000,333.0
0.037246,lyon,10000,333.0
31.404778,lyon,10000,16.560423
45.784332,lyon,10000,16.221588
60.680943,lyon,10000,15.913203
74.53067,lyon,10000,15.645452
5034.6187,lyon,10000,333.0
0.018682,rennes,10000,333.0
36.90731,rennes,10000,16.866709
52.296013,rennes,10000,16.615677
68.2204,rennes,10000,16.396278
83.01295,rennes,10000,16.188976
5040.9233,rennes,10000,333.0
0.019052,rennes,10000,333.0
39.88227,rennes,10000,16.72874
55.025585,rennes,10000,16.49553
70.62864,rennes,10000,16.277935
85.67851,rennes,10000,16.107101
5045.821,rennes,10000,333.0
0.036025003,rennes,10000,333.0
42.351776,rennes,10000,15.755458
57.658104,rennes,10000,15.66096
73.27445,rennes,10000,15.549251
88.16935,rennes,10000,15.459665
5050.5405,rennes,10000,333.0
0.021918,rennes,10000,333.0
35.70144,rennes,10000,20.690596
51.05034,rennes,10000,19.977724
66.72314,rennes,10000,19.342453
81.63051,rennes,10000,18.770658
5055.4927,rennes,10000,333.0
0.02386,rennes,10000,333.0
38.414223,rennes,10000,22.354153
53.867157,rennes,10000,21.424772
69.527954,rennes,10000,20.608063
84.442276,rennes,10000,19.879381
5060.008,rennes,10000,333.0
0.025519,nantes,10000,333.0
35.902054,nantes,10000,19.144285
53.11412,nantes,10000,18.838202
70.61509,nantes,10000,18.539293
87.21824,nantes,10000,18.288128
4970.103,nantes,10000,333.0
0.017988,nantes,10000,333.0
40.062424,nantes,10000,17.916368
56.785393,nantes,10000,17.719759
73.953026,nantes,10000,17.546188
90.431335,nantes,10000,17.394981
4975.8735,nantes,10000,333.0
0.023466,nantes,10000,333.0
44.53127,nantes,10000,18.039827
61.63525,nantes,10000,17.8746
78.98985,nantes,10000,17.706951
95.59572,nantes,10000,17.560373
4981.8125,nantes,10000,333.0
0.029953001,nantes,10000,333.0
48.288044,nantes,10000,18.032606
65.39033,nantes,10000,17.86697
82.855385,nantes,10000,17.705582
99.47128,nantes,10000,17.554861
4987.951,nantes,10000,333.0
0.027353,lyon,10000,333.0
29.062704,lyon,10000,14.831593
43.560215,lyon,10000,14.730019
58.30405,lyon,10000,14.612822
72.17931,lyon,10000,14.50732
5125.721,lyon,10000,333.0
0.036844,nantes,10000,333.0
40.553486,nantes,10000,23.678633
57.511227,nantes,10000,22.774675
74.95986,nantes,10000,21.970087
91.48254,nantes,10000,21.27746
4994.3013,nantes,10000,333.0
0.026408002,nantes,10000,333.0
34.276386,nantes,10000,17.532452
51.3429,nantes,10000,17.4197
68.879105,nantes,10000,17.30929
85.576416,nantes,10000,17.215094
4966.946,nantes,10000,333.0
0.025743,nantes,10000,333.0
38.151985,nantes,10000,18.760813
54.998966,nantes,10000,18.481771
72.451324,nantes,10000,18.243113
89.10691,nantes,10000,18.027956
4973.161,nantes,10000,333.0
0.024785,nantes,10000,333.0
41.95487,nantes,10000,17.906605
59.046024,nantes,10000,17.746368
76.412865,nantes,10000,17.591927
93.005104,nantes,10000,17.458399
4978.493,nantes,10000,333.0
0.034017,nantes,10000,333.0
47.03966,nantes,10000,17.995348
64.02915,nantes,10000,17.825228
81.5131,nantes,10000,17.652231
98.027115,nantes,10000,17.50116
4985.1475,nantes,10000,333.0
0.030512,nantes,10000,333.0
51.85598,nantes,10000,18.75271
68.865425,nantes,10000,18.487585
86.262215,nantes,10000,18.239319
102.84617,nantes,10000,18.022577
4990.7397,nantes,10000,333.0
0.022801999,lyon,10000,333.0
39.81929,lyon,10000,14.824432
54.067055,lyon,10000,14.712763
68.76069,lyon,10000,14.600336
82.78711,lyon,10000,14.50863
4980.049,lyon,10000,333.0
0.020922,lyon,10000,333.0
43.253994,lyon,10000,15.061846
57.544586,lyon,10000,14.923613
72.19189,lyon,10000,14.788329
86.24396,lyon,10000,14.679118
4985.9663,lyon,10000,333.0
0.028053,lyon,10000,333.0
36.55949,lyon,10000,22.461863
50.98494,lyon,10000,21.398449
65.6651,lyon,10000,20.448368
79.56861,lyon,10000,19.620909
4990.926,lyon,10000,333.0
0.030831002,lyon,10000,333.0
41.05716,lyon,10000,26.904139
55.33766,lyon,10000,25.284817
69.917114,lyon,10000,23.847242
83.72649,lyon,10000,22.58487
4996.9683,lyon,10000,333.0
0.014633,nancy,10000,333.0
18.385195,nancy,10000,9.582698
27.504976,nancy,10000,9.473568
37.05002,nancy,10000,9.365066
45.837303,nancy,10000,9.273553
5179.5156,nancy,10000,333.0
0.028896,lyon,10000,333.0
28.72294,lyon,10000,14.635435
43.131653,lyon,10000,14.553944
58.03932,lyon,10000,14.47426
71.85267,lyon,10000,14.383192
5003.0327,lyon,10000,333.0
0.012049001,nancy,10000,333.0
31.718771,nancy,10000,22.961657
40.670807,nancy,10000,21.17632
49.803566,nancy,10000,19.60071
58.49374,nancy,10000,18.218666
5051.765,nancy,10000,333.0
0.015364,nancy,10000,333.0
18.076748,nancy,10000,9.349015
27.177095,nancy,10000,9.261913
36.639248,nancy,10000,9.174617
45.34691,nancy,10000,9.097315
5055.777,nancy,10000,333.0
0.015482999,nancy,10000,333.0
18.353241,nancy,10000,9.565462
27.377792,nancy,10000,9.445864
36.63469,nancy,10000,9.3213215
45.381268,nancy,10000,9.226294
5059.859,nancy,10000,333.0
0.013261001,nancy,10000,333.0
18.232445,nancy,10000,9.512169
27.342876,nancy,10000,9.398842
36.478577,nancy,10000,9.297384
45.18628,nancy,10000,9.205159
5063.6934,nancy,10000,333.0
0.031938,nancy,10000,333.0
18.91232,nancy,10000,9.959333
28.143074,nancy,10000,9.800834
37.49184,nancy,10000,9.65102
46.243073,nancy,10000,9.519876
5067.5845,nancy,10000,333.0
0.014436999,nancy,10000,333.0
25.40226,nancy,10000,9.517444
34.401917,nancy,10000,9.376754
43.65076,nancy,10000,9.271417
52.3722,nancy,10000,9.183212
5032.79,nancy,10000,333.0
0.017723,nancy,10000,333.0
27.879774,nancy,10000,9.587963
36.719402,nancy,10000,9.467007
45.827377,nancy,10000,9.346774
54.438038,nancy,10000,9.2471075
5036.6836,nancy,10000,333.0
0.013441999,nancy,10000,333.0
31.02427,nancy,10000,9.622381
40.4307,nancy,10000,9.505421
49.762737,nancy,10000,9.393656
58.37259,nancy,10000,9.289615
5040.577,nancy,10000,333.0
0.0143369995,nancy,10000,333.0
27.448315,nancy,10000,18.772367
36.470165,nancy,10000,17.525312
46.29233,nancy,10000,16.397642
54.93515,nancy,10000,15.419124
5044.3794,nancy,10000,333.0
0.012372,nancy,10000,333.0
17.852304,nancy,10000,9.267326
26.670116,nancy,10000,9.184402
36.22871,nancy,10000,9.105988
44.717667,nancy,10000,9.014767
5182.867,nancy,10000,333.0
0.019019,nancy,10000,333.0
29.932522,nancy,10000,21.14985
39.124187,nancy,10000,19.595404
48.56849,nancy,10000,18.218111
57.338795,nancy,10000,17.016304
5048.427,nancy,10000,333.0
0.016460001,rennes,10000,333.0
30.90133,rennes,10000,15.901089
46.25086,rennes,10000,15.767406
61.86025,rennes,10000,15.651068
77.05362,rennes,10000,15.547589
4941.2764,rennes,10000,333.0
0.016245,rennes,10000,333.0
30.96,rennes,10000,15.877212
46.28766,rennes,10000,15.759093
61.79923,rennes,10000,15.636929
76.71481,rennes,10000,15.530835
4945.712,rennes,10000,333.0
0.022388,rennes,10000,333.0
32.06194,rennes,10000,15.675599
47.299225,rennes,10000,15.581481
62.8246,rennes,10000,15.480465
77.70753,rennes,10000,15.395131
4950.431,rennes,10000,333.0
0.019636,rennes,10000,333.0
32.87979,rennes,10000,15.840605
48.107857,rennes,10000,15.7294855
63.67573,rennes,10000,15.613253
78.645996,rennes,10000,15.515765
4955.675,rennes,10000,333.0
0.042822,rennes,10000,333.0
31.2204,rennes,10000,15.968516
46.666615,rennes,10000,15.841171
62.38859,rennes,10000,15.710086
77.291306,rennes,10000,15.60103
4960.069,rennes,10000,333.0
0.019464,lyon,10000,333.0
28.795652,lyon,10000,14.630073
43.09608,lyon,10000,14.549282
57.787247,lyon,10000,14.460965
71.6194,lyon,10000,14.373914
4896.6694,lyon,10000,333.0
0.018300999,lyon,10000,333.0
28.813473,lyon,10000,14.759224
43.07783,lyon,10000,14.654715
57.721745,lyon,10000,14.547968
71.610504,lyon,10000,14.454133
4902.819,lyon,10000,333.0
0.023799,lyon,10000,333.0
29.478975,lyon,10000,15.331298
43.68916,lyon,10000,15.154822
58.668808,lyon,10000,14.996753
72.492546,lyon,10000,14.84256
4908.0513,lyon,10000,333.0
0.02441,lyon,10000,333.0
28.805876,lyon,10000,14.773833
43.207623,lyon,10000,14.670602
57.78628,lyon,10000,14.557638
71.639786,lyon,10000,14.46128
4914.9478,lyon,10000,333.0
0.014552,nancy,10000,333.0
18.406916,nancy,10000,9.661867
27.756926,nancy,10000,9.545045
37.059288,nancy,10000,9.419678
45.82452,nancy,10000,9.318525
5186.552,nancy,10000,333.0
0.03334,lyon,10000,333.0
28.873089,lyon,10000,14.781807
43.265053,lyon,10000,14.684543
58.186256,lyon,10000,14.571601
72.129005,lyon,10000,14.473847
4920.19,lyon,10000,333.0
0.019259,rennes,10000,333.0
31.03034,rennes,10000,15.885856
46.26616,rennes,10000,15.769804
62.13815,rennes,10000,15.653949
77.03207,rennes,10000,15.552208
4910.4033,rennes,10000,333.0
0.0186,rennes,10000,333.0
30.764639,rennes,10000,15.775174
45.986,rennes,10000,15.659856
61.59307,rennes,10000,15.557448
76.411804,rennes,10000,15.458256
4915.186,rennes,10000,333.0
0.02007,rennes,10000,333.0
30.923738,rennes,10000,15.906369
46.169373,rennes,10000,15.767385
61.5756,rennes,10000,15.6350155
76.43741,rennes,10000,15.521017
4919.7207,rennes,10000,333.0
0.020529,rennes,10000,333.0
30.872993,rennes,10000,15.852084
46.044704,rennes,10000,15.731979
61.90456,rennes,10000,15.627211
76.81933,rennes,10000,15.521284
4924.9346,rennes,10000,333.0
0.033531,rennes,10000,333.0
30.642078,rennes,10000,15.683616
45.99988,rennes,10000,15.58087
61.733315,rennes,10000,15.478064
76.540375,rennes,10000,15.387159
4929.3823,rennes,10000,333.0
0.025008999,nantes,10000,333.0
34.36546,nantes,10000,17.61911
51.38144,nantes,10000,17.484413
68.94821,nantes,10000,17.36212
85.587585,nantes,10000,17.260262
4857.439,nantes,10000,333.0
0.022017,nantes,10000,333.0
34.163223,nantes,10000,17.406124
50.999535,nantes,10000,17.291262
68.35192,nantes,10000,17.190376
84.95308,nantes,10000,17.108229
4863.657,nantes,10000,333.0
0.026849,nantes,10000,333.0
34.36481,nantes,10000,17.567068
51.49175,nantes,10000,17.447548
68.80956,nantes,10000,17.330532
85.38381,nantes,10000,17.227285
4869.1714,nantes,10000,333.0
0.025897,nantes,10000,333.0
34.61555,nantes,10000,17.784815
51.475494,nantes,10000,17.624212
68.78758,nantes,10000,17.483028
85.37651,nantes,10000,17.362663
4875.357,nantes,10000,333.0
0.015821999,nancy,10000,333.0
18.256632,nancy,10000,9.610849
27.651688,nancy,10000,9.505393
37.006203,nancy,10000,9.3882
45.69944,nancy,10000,9.282879
5190.497,nancy,10000,333.0
0.033516,nantes,10000,333.0
34.206554,nantes,10000,17.366556
51.235527,nantes,10000,17.276615
68.67679,nantes,10000,17.18694
85.24974,nantes,10000,17.10172
4881.247,nantes,10000,333.0
0.014621001,nancy,10000,333.0
33.217686,nancy,10000,10.584452
41.91702,nancy,10000,10.322566
51.1327,nancy,10000,10.102576
59.889145,nancy,10000,9.914901
4974.7344,nancy,10000,333.0
0.015299,nancy,10000,333.0
29.015884,nancy,10000,20.205307
38.30815,nancy,10000,18.763876
47.861126,nancy,10000,17.495014
56.626087,nancy,10000,16.385252
4978.6978,nancy,10000,333.0
0.012712999,nancy,10000,333.0
31.15473,nancy,10000,22.441814
40.14916,nancy,10000,20.722895
49.664734,nancy,10000,19.21399
58.2158,nancy,10000,17.874887
4982.494,nancy,10000,333.0
0.016337998,nancy,10000,333.0
34.46981,nancy,10000,25.716354
43.724297,nancy,10000,23.588947
53.524094,nancy,10000,21.7119
62.273987,nancy,10000,20.07248
4986.653,nancy,10000,333.0
0.020527001,nancy,10000,333.0
18.374382,nancy,10000,9.528872
27.549433,nancy,10000,9.422973
37.474644,nancy,10000,9.3107395
46.081852,nancy,10000,9.213464
4990.6206,nancy,10000,333.0
0.016306,rennes,10000,333.0
30.745462,rennes,10000,15.774064
46.100735,rennes,10000,15.687249
61.811195,rennes,10000,15.582901
76.83447,rennes,10000,15.49562
4899.4243,rennes,10000,333.0
0.018956,rennes,10000,333.0
31.153828,rennes,10000,15.8913765
46.47022,rennes,10000,15.7632675
61.97526,rennes,10000,15.6362915
76.80663,rennes,10000,15.52382
4904.0537,rennes,10000,333.0
0.023686,rennes,10000,333.0
31.087345,rennes,10000,15.895724
46.31187,rennes,10000,15.7731085
61.880337,rennes,10000,15.650294
76.809586,rennes,10000,15.543114
4908.5894,rennes,10000,333.0
0.020759,rennes,10000,333.0
30.710592,rennes,10000,15.860493
46.130104,rennes,10000,15.743293
61.660995,rennes,10000,15.623446
76.65836,rennes,10000,15.528141
4913.587,rennes,10000,333.0
0.022966,lyon,10000,333.0
28.739843,lyon,10000,14.7005205
43.176575,lyon,10000,14.61611
57.751495,lyon,10000,14.505752
71.67057,lyon,10000,14.41422
4964.9087,lyon,10000,333.0
0.022611,nancy,10000,333.0
18.996843,nancy,10000,9.959336
28.578709,nancy,10000,9.814845
37.71673,nancy,10000,9.66259
46.46936,nancy,10000,9.530315
5052.966,nancy,10000,333.0
0.031794,rennes,10000,333.0
31.032717,rennes,10000,15.898703
46.405308,rennes,10000,15.790232
62.125717,rennes,10000,15.676133
76.8871,rennes,10000,15.554791
4754.0454,rennes,10000,333.0
0.01869,rennes,10000,333.0
30.52431,rennes,10000,15.636176
45.924526,rennes,10000,15.544124
61.337257,rennes,10000,15.433094
76.51429,rennes,10000,15.348593
4965.5225,rennes,10000,333.0
0.016010001,rennes,10000,333.0
30.99948,rennes,10000,15.876541
46.185097,rennes,10000,15.755655
61.669918,rennes,10000,15.63133
76.52346,rennes,10000,15.52626
4969.8716,rennes,10000,333.0
0.01652,rennes,10000,333.0
30.83124,rennes,10000,15.712091
46.092335,rennes,10000,15.601431
61.55596,rennes,10000,15.489847
76.36938,rennes,10000,15.397446
4974.427,rennes,10000,333.0
0.0251,rennes,10000,333.0
30.908207,rennes,10000,15.759069
46.17036,rennes,10000,15.65714
61.963406,rennes,10000,15.548871
76.81577,rennes,10000,15.454742
4978.997,rennes,10000,333.0
0.023788,rennes,10000,333.0
31.721071,rennes,10000,16.583324
47.058582,rennes,10000,16.381893
62.788227,rennes,10000,16.185171
77.73556,rennes,10000,16.013184
4984.4116,rennes,10000,333.0
0.027222,nantes,10000,333.0
51.83813,nantes,10000,35.144867
68.87922,nantes,10000,32.828842
86.341774,nantes,10000,30.793028
102.8031,nantes,10000,28.99282
4932.1846,nantes,10000,333.0
0.021489998,nantes,10000,333.0
54.158665,nantes,10000,37.23436
71.17176,nantes,10000,34.654045
88.88208,nantes,10000,32.394135
105.45129,nantes,10000,30.400372
4938.433,nantes,10000,333.0
0.026105002,nantes,10000,333.0
34.332672,nantes,10000,17.536259
51.205666,nantes,10000,17.414707
68.67268,nantes,10000,17.305622
85.23569,nantes,10000,17.20361
4943.351,nantes,10000,333.0
0.029617,nantes,10000,333.0
34.423347,nantes,10000,17.515223
51.671234,nantes,10000,17.420832
69.0236,nantes,10000,17.30826
85.6946,nantes,10000,17.208733
4950.491,nantes,10000,333.0
0.021348,lyon,10000,333.0
28.938368,lyon,10000,14.848646
43.122604,lyon,10000,14.730826
57.767532,lyon,10000,14.615998
71.69449,lyon,10000,14.513736
4970.634,lyon,10000,333.0
0.03864,nantes,10000,333.0
34.501984,nantes,10000,17.520807
51.79841,nantes,10000,17.412903
69.34176,nantes,10000,17.299992
85.878716,nantes,10000,17.195986
4955.9956,nantes,10000,333.0
0.022711,nantes,10000,333.0
49.08736,nantes,10000,19.766531
66.055016,nantes,10000,19.366146
83.60197,nantes,10000,18.985811
100.24528,nantes,10000,18.681595
4906.335,nantes,10000,333.0
0.019012999,nantes,10000,333.0
54.60325,nantes,10000,20.478521
71.54408,nantes,10000,20.000525
88.93438,nantes,10000,19.570925
105.504654,nantes,10000,19.182953
4912.568,nantes,10000,333.0
0.024792,nantes,10000,333.0
52.924095,nantes,10000,17.344423
69.832794,nantes,10000,17.25202
87.499985,nantes,10000,17.161034
103.97516,nantes,10000,17.066994
4918.311,nantes,10000,333.0
0.030811999,nantes,10000,333.0
47.794853,nantes,10000,30.93791
64.85131,nantes,10000,29.15738
82.51704,nantes,10000,27.576933
98.894325,nantes,10000,26.169176
4924.759,nantes,10000,333.0
0.032925,nantes,10000,333.0
51.55141,nantes,10000,34.8902
68.36546,nantes,10000,32.583656
85.70397,nantes,10000,30.560385
102.29921,nantes,10000,28.7956
4930.113,nantes,10000,333.0
0.013062,nancy,10000,333.0
18.475647,nancy,10000,9.656076
27.34575,nancy,10000,9.515593
36.63163,nancy,10000,9.39712
45.314304,nancy,10000,9.289748
4996.129,nancy,10000,333.0
0.015525,nancy,10000,333.0
18.51594,nancy,10000,9.670259
28.061008,nancy,10000,9.562107
37.376064,nancy,10000,9.439845
45.972263,nancy,10000,9.328026
5000.0967,nancy,10000,333.0
0.015772998,nancy,10000,333.0
18.566212,nancy,10000,9.725088
27.483683,nancy,10000,9.585441
36.815918,nancy,10000,9.4651
45.548923,nancy,10000,9.355325
5004.1035,nancy,10000,333.0
0.016935,nancy,10000,333.0
18.424448,nancy,10000,9.602932
27.310034,nancy,10000,9.468383
36.5486,nancy,10000,9.355135
45.187202,nancy,10000,9.257966
5008.0347,nancy,10000,333.0
0.026123,lyon,10000,333.0
28.9625,lyon,10000,14.83234
43.28488,lyon,10000,14.724444
58.291912,lyon,10000,14.624916
72.136444,lyon,10000,14.519061
4975.764,lyon,10000,333.0
0.019743,nancy,10000,333.0
18.221338,nancy,10000,9.399827
27.841576,nancy,10000,9.322969
37.418816,nancy,10000,9.234279
46.14433,nancy,10000,9.15433
5012.1104,nancy,10000,333.0
0.022194,lyon,10000,333.0
46.901146,lyon,10000,14.637988
61.119938,lyon,10000,14.55075
75.833305,lyon,10000,14.46436
89.7811,lyon,10000,14.386681
4911.342,lyon,10000,333.0
0.023293,lyon,10000,333.0
48.36371,lyon,10000,15.379692
62.885113,lyon,10000,15.203649
77.639275,lyon,10000,15.020099
91.47919,lyon,10000,14.857074
4916.2266,lyon,10000,333.0
0.026134,lyon,10000,333.0
45.045784,lyon,10000,30.357311
59.252968,lyon,10000,28.297335
73.84128,lyon,10000,26.480629
87.59999,lyon,10000,24.880981
4922.607,lyon,10000,333.0
0.024745,lyon,10000,333.0
46.402897,lyon,10000,32.277073
60.569263,lyon,10000,29.975716
75.34084,lyon,10000,27.9512
89.30018,lyon,10000,26.184416
4928.1455,lyon,10000,333.0
0.038391,lyon,10000,333.0
28.958002,lyon,10000,14.88294
43.3371,lyon,10000,14.764738
58.189007,lyon,10000,14.64643
72.13006,lyon,10000,14.540224
4933.532,lyon,10000,333.0
0.019456,lyon,10000,333.0
34.743927,lyon,10000,15.83788
48.97141,lyon,10000,15.586674
63.599564,lyon,10000,15.351528
77.80739,lyon,10000,15.15162
4895.6885,lyon,10000,333.0
0.019722,lyon,10000,333.0
39.99918,lyon,10000,15.066858
54.151184,lyon,10000,14.917906
68.88687,lyon,10000,14.773807
82.621056,lyon,10000,14.63656
4901.6846,lyon,10000,333.0
0.023204,lyon,10000,333.0
44.399582,lyon,10000,15.042293
58.597195,lyon,10000,14.900238
73.40193,lyon,10000,14.76168
87.278496,lyon,10000,14.633237
4906.8667,lyon,10000,333.0
0.029137,lyon,10000,333.0
46.57727,lyon,10000,14.979293
61.067005,lyon,10000,14.843934
75.78128,lyon,10000,14.723739
89.74351,lyon,10000,14.612173
4913.304,lyon,10000,333.0
0.02418,lyon,10000,333.0
28.988522,lyon,10000,14.801035
43.25059,lyon,10000,14.691363
57.834587,lyon,10000,14.580242
71.63894,lyon,10000,14.475861
4982.2407,lyon,10000,333.0
0.031498,lyon,10000,333.0
48.83361,lyon,10000,14.806786
63.267498,lyon,10000,14.700985
77.99082,lyon,10000,14.59147
91.820625,lyon,10000,14.487797
4918.874,lyon,10000,333.0
0.022263,rennes,10000,333.0
39.54229,rennes,10000,18.222673
54.903206,rennes,10000,17.808285
70.632324,rennes,10000,17.428862
85.41075,rennes,10000,17.084688
4898.0933,rennes,10000,333.0
0.022115,rennes,10000,333.0
42.99075,rennes,10000,17.384687
58.30334,rennes,10000,17.069904
74.00589,rennes,10000,16.792156
88.954575,rennes,10000,16.547626
4902.352,rennes,10000,333.0
0.025616,rennes,10000,333.0
47.013382,rennes,10000,17.47792
62.166294,rennes,10000,17.152195
77.74431,rennes,10000,16.860594
92.64075,rennes,10000,16.601486
4907.0854,rennes,10000,333.0
0.024414,rennes,10000,333.0
48.63604,rennes,10000,15.879447
63.943237,rennes,10000,15.762232
79.68403,rennes,10000,15.651975
94.44105,rennes,10000,15.533264
4911.835,rennes,10000,333.0
0.028144,rennes,10000,333.0
50.6233,rennes,10000,16.576294
66.14701,rennes,10000,16.3794
81.895134,rennes,10000,16.183094
96.76296,rennes,10000,16.011608
4916.5396,rennes,10000,333.0
0.023852998,nantes,10000,333.0
52.364525,nantes,10000,17.92937
69.352005,nantes,10000,17.773493
86.94067,nantes,10000,17.614643
103.59001,nantes,10000,17.477213
4833.066,nantes,10000,333.0
0.025233999,nantes,10000,333.0
44.997746,nantes,10000,28.013529
61.947002,nantes,10000,26.579048
79.356804,nantes,10000,25.330973
95.878365,nantes,10000,24.216105
4839.5044,nantes,10000,333.0
0.027599001,nantes,10000,333.0
48.512547,nantes,10000,31.770445
65.415,nantes,10000,29.862366
82.59178,nantes,10000,28.171507
98.969826,nantes,10000,26.689
4844.802,nantes,10000,333.0
0.030840002,nantes,10000,333.0
51.815144,nantes,10000,35.02486
68.905785,nantes,10000,32.738445
86.27942,nantes,10000,30.720915
102.87663,nantes,10000,28.9477
4851.3286,nantes,10000,333.0
0.033637,lyon,10000,333.0
29.054337,lyon,10000,14.840697
43.40488,lyon,10000,14.733654
58.444054,lyon,10000,14.620478
72.31846,lyon,10000,14.516111
4988.4175,lyon,10000,333.0
0.02695,nantes,10000,333.0
34.43887,nantes,10000,17.521338
51.396393,nantes,10000,17.397194
68.83164,nantes,10000,17.284176
85.39251,nantes,10000,17.177383
4857.028,nantes,10000,333.0
0.023503,nantes,10000,333.0
51.268528,nantes,10000,17.934656
68.30876,nantes,10000,17.76226
85.75303,nantes,10000,17.59808
102.373825,nantes,10000,17.46652
4831.2075,nantes,10000,333.0
0.026765,nantes,10000,333.0
53.8733,nantes,10000,17.498398
70.81025,nantes,10000,17.39254
88.0757,nantes,10000,17.276566
104.587715,nantes,10000,17.173388
4837.4443,nantes,10000,333.0
0.021323,nantes,10000,333.0
47.28068,nantes,10000,30.49872
64.18466,nantes,10000,28.76154
81.63007,nantes,10000,27.228336
98.16529,nantes,10000,25.87471
4842.555,nantes,10000,333.0
0.027213,nantes,10000,333.0
51.096626,nantes,10000,34.35497
67.98279,nantes,10000,32.124123
85.17042,nantes,10000,30.164114
101.76112,nantes,10000,28.456415
4849.024,nantes,10000,333.0
0.028059,nantes,10000,333.0
53.66111,nantes,10000,36.833187
70.63799,nantes,10000,34.299217
88.25093,nantes,10000,32.062183
104.844604,nantes,10000,30.110304
4854.753,nantes,10000,333.0
0.027069,lyon,10000,333.0
32.667442,lyon,10000,15.340418
46.88587,lyon,10000,15.163042
61.734406,lyon,10000,14.993825
75.71338,lyon,10000,14.847633
4811.5903,lyon,10000,333.0
0.023622,lyon,10000,333.0
39.92178,lyon,10000,16.010145
54.08804,lyon,10000,15.74547
68.556335,lyon,10000,15.487307
82.29325,lyon,10000,15.261248
4818.196,lyon,10000,333.0
0.025277998,lyon,10000,333.0
41.541058,lyon,10000,14.708355
55.79641,lyon,10000,14.614682
70.491325,lyon,10000,14.509381
84.262054,lyon,10000,14.408696
4822.934,lyon,10000,333.0
0.031312,lyon,10000,333.0
46.585255,lyon,10000,15.122663
60.806053,lyon,10000,14.954529
75.28883,lyon,10000,14.796356
89.14411,lyon,10000,14.657739
4829.13,lyon,10000,333.0
0.020537,nancy,10000,333.0
18.483503,nancy,10000,9.5739
27.898458,nancy,10000,9.459451
37.376534,nancy,10000,9.35647
46.120975,nancy,10000,9.261004
5036.839,nancy,10000,333.0
0.035861,lyon,10000,333.0
48.97024,lyon,10000,14.751753
63.3896,lyon,10000,14.64214
78.145615,lyon,10000,14.543352
91.99121,lyon,10000,14.447248
4835.0674,lyon,10000,333.0
0.01466,nancy,10000,333.0
37.079426,nancy,10000,9.489975
46.494865,nancy,10000,9.384533
55.831257,nancy,10000,9.272124
64.48053,nancy,10000,9.175005
4906.222,nancy,10000,333.0
0.014429,nancy,10000,333.0
36.175247,nancy,10000,27.395168
45.03699,nancy,10000,25.051897
54.765167,nancy,10000,22.999008
63.369995,nancy,10000,21.19378
4909.897,nancy,10000,333.0
0.014245,nancy,10000,333.0
36.76113,nancy,10000,27.949192
46.12839,nancy,10000,25.531633
55.823784,nancy,10000,23.417084
64.447395,nancy,10000,21.549608
4913.825,nancy,10000,333.0
0.015607,nancy,10000,333.0
37.960594,nancy,10000,29.162207
47.140324,nancy,10000,26.60041
56.279003,nancy,10000,24.349894
64.79748,nancy,10000,22.364481
4917.41,nancy,10000,333.0
0.020801,nancy,10000,333.0
18.951996,nancy,10000,10.203537
28.171919,nancy,10000,10.0155325
37.463905,nancy,10000,9.848439
46.118355,nancy,10000,9.6795435
4921.453,nancy,10000,333.0
0.012709,nancy,10000,333.0
35.827377,nancy,10000,9.653898
44.806225,nancy,10000,9.539879
53.899403,nancy,10000,9.398245
62.619106,nancy,10000,9.294279
4899.0386,nancy,10000,333.0
0.015428999,nancy,10000,333.0
36.149014,nancy,10000,9.396586
45.09435,nancy,10000,9.278403
54.690266,nancy,10000,9.171159
63.32313,nancy,10000,9.093806
4903.028,nancy,10000,333.0
0.01432,nancy,10000,333.0
38.60335,nancy,10000,10.201882
47.46763,nancy,10000,10.00781
56.885166,nancy,10000,9.815905
65.44704,nancy,10000,9.640711
4906.9473,nancy,10000,333.0
0.017182,nancy,10000,333.0
35.146633,nancy,10000,26.436361
44.12,nancy,10000,24.211761
53.247765,nancy,10000,22.24828
61.84047,nancy,10000,20.522741
4910.7285,nancy,10000,333.0
0.01999,nancy,10000,333.0
18.594511,nancy,10000,9.660212
28.043808,nancy,10000,9.540244
37.204853,nancy,10000,9.423285
45.895252,nancy,10000,9.32036
5040.8096,nancy,10000,333.0
0.014797,nancy,10000,333.0
36.519436,nancy,10000,27.873335
45.728817,nancy,10000,25.46702
54.90487,nancy,10000,23.341934
63.566677,nancy,10000,21.48762
4914.3857,nancy,10000,333.0
0.017181,rennes,10000,333.0
30.84661,rennes,10000,15.784332
46.10512,rennes,10000,15.680647
61.70651,rennes,10000,15.5735855
76.527214,rennes,10000,15.472749
4803.088,rennes,10000,333.0
0.021616999,rennes,10000,333.0
32.698277,rennes,10000,17.557688
47.892925,rennes,10000,17.225365
63.422127,rennes,10000,16.91228
78.215385,rennes,10000,16.639067
4807.817,rennes,10000,333.0
0.020266,rennes,10000,333.0
35.937447,rennes,10000,17.603895
51.199,rennes,10000,17.270761
66.79533,rennes,10000,16.95767
81.600845,rennes,10000,16.681824
4812.8184,rennes,10000,333.0
0.022166999,rennes,10000,333.0
41.804226,rennes,10000,18.37034
57.035522,rennes,10000,17.942348
73.09758,rennes,10000,17.560925
88.077446,rennes,10000,17.221704
4817.7183,rennes,10000,333.0
0.020422,rennes,10000,333.0
44.789604,rennes,10000,17.63528
60.03679,rennes,10000,17.297455
75.76523,rennes,10000,16.98402
90.70359,rennes,10000,16.720087
4822.1914,rennes,10000,333.0
0.021616,lyon,10000,333.0
28.864233,lyon,10000,14.859512
43.129692,lyon,10000,14.734643
57.968246,lyon,10000,14.620989
71.86915,lyon,10000,14.513717
4760.41,lyon,10000,333.0
0.022606,lyon,10000,333.0
28.872223,lyon,10000,14.77703
43.088375,lyon,10000,14.672402
57.745377,lyon,10000,14.576255
71.75833,lyon,10000,14.48906
4766.6577,lyon,10000,333.0
0.024857,lyon,10000,333.0
28.92221,lyon,10000,14.831632
43.308758,lyon,10000,14.717724
58.022823,lyon,10000,14.6079645
71.85245,lyon,10000,14.502265
4771.902,lyon,10000,333.0
0.027327,lyon,10000,333.0
28.664959,lyon,10000,14.662501
43.262867,lyon,10000,14.56652
57.89346,lyon,10000,14.476452
71.74172,lyon,10000,14.3810625
4778.5723,lyon,10000,333.0
0.018661,nancy,10000,333.0
18.433113,nancy,10000,9.628758
27.58937,nancy,10000,9.493743
36.976402,nancy,10000,9.384006
45.62846,nancy,10000,9.285025
5044.985,nancy,10000,333.0
0.033077,lyon,10000,333.0
28.881618,lyon,10000,14.783534
43.331036,lyon,10000,14.6784525
58.152466,lyon,10000,14.580572
72.01889,lyon,10000,14.48275
4783.817,lyon,10000,333.0
0.02242,rennes,10000,333.0
31.526382,rennes,10000,15.843604
46.73848,rennes,10000,15.725335
62.345367,rennes,10000,15.616686
77.2617,rennes,10000,15.512937
4787.8623,rennes,10000,333.0
0.022944,rennes,10000,333.0
33.399918,rennes,10000,16.084976
48.716396,rennes,10000,15.940219
64.32013,rennes,10000,15.8002825
79.21451,rennes,10000,15.678906
4792.345,rennes,10000,333.0
0.025771,rennes,10000,333.0
31.598047,rennes,10000,15.776773
46.97197,rennes,10000,15.665924
62.597862,rennes,10000,15.561386
77.61786,rennes,10000,15.476548
4797.1274,rennes,10000,333.0
0.021407,rennes,10000,333.0
30.780832,rennes,10000,15.795831
45.863026,rennes,10000,15.67003
61.608883,rennes,10000,15.553952
76.40005,rennes,10000,15.442199
4801.798,rennes,10000,333.0
0.033247,rennes,10000,333.0
32.229404,rennes,10000,17.130865
47.62013,rennes,10000,16.85382
63.207237,rennes,10000,16.58157
77.99598,rennes,10000,16.349525
4806.539,rennes,10000,333.0
0.02556,nantes,10000,333.0
34.133797,nantes,10000,17.44998
51.086426,nantes,10000,17.344154
68.90148,nantes,10000,17.240015
85.401245,nantes,10000,17.129753
4723.276,nantes,10000,333.0
0.021177,nantes,10000,333.0
34.542194,nantes,10000,17.495264
51.50546,nantes,10000,17.38758
68.90512,nantes,10000,17.278664
85.51238,nantes,10000,17.185974
4729.27,nantes,10000,333.0
0.021209,nantes,10000,333.0
34.27903,nantes,10000,17.404219
51.256496,nantes,10000,17.313517
69.00006,nantes,10000,17.22565
85.6558,nantes,10000,17.137852
4734.853,nantes,10000,333.0
0.027422,nantes,10000,333.0
34.278873,nantes,10000,17.450459
51.36443,nantes,10000,17.364933
69.017,nantes,10000,17.259335
85.65462,nantes,10000,17.171164
4741.1577,nantes,10000,333.0
0.020633,nancy,10000,333.0
18.374523,nancy,10000,9.539778
27.849287,nancy,10000,9.439768
37.03979,nancy,10000,9.339612
45.745045,nancy,10000,9.241883
5049.043,nancy,10000,333.0
0.031135002,nantes,10000,333.0
34.4156,nantes,10000,17.403193
51.523956,nantes,10000,17.297533
68.895454,nantes,10000,17.168592
85.436134,nantes,10000,17.079865
4746.621,nantes,10000,333.0
0.012293,nancy,10000,333.0
35.82304,nancy,10000,9.433856
45.08497,nancy,10000,9.342184
54.67599,nancy,10000,9.232194
63.348362,nancy,10000,9.142903
4820.974,nancy,10000,333.0
0.014443,nancy,10000,333.0
33.08733,nancy,10000,24.363512
42.51547,nancy,10000,22.40496
51.71655,nancy,10000,20.66285
60.280735,nancy,10000,19.14303
4824.683,nancy,10000,333.0
0.016643,nancy,10000,333.0
35.499813,nancy,10000,26.64499
44.42116,nancy,10000,24.398863
53.599705,nancy,10000,22.418459
62.151886,nancy,10000,20.678816
4828.562,nancy,10000,333.0
0.013320999,nancy,10000,333.0
37.613937,nancy,10000,28.904184
47.09091,nancy,10000,26.381845
56.633324,nancy,10000,24.157253
65.28024,nancy,10000,22.199957
4832.2397,nancy,10000,333.0
0.018276,nancy,10000,333.0
18.283787,nancy,10000,9.58248
27.205965,nancy,10000,9.463643
36.44456,nancy,10000,9.35925
45.048626,nancy,10000,9.244902
4836.32,nancy,10000,333.0
0.01607,rennes,10000,333.0
31.367548,rennes,10000,16.177938
46.593468,rennes,10000,16.020205
62.13851,rennes,10000,15.870581
77.49671,rennes,10000,15.73701
4735.507,rennes,10000,333.0
0.02083,rennes,10000,333.0
30.842207,rennes,10000,15.793065
46.100784,rennes,10000,15.690677
61.792892,rennes,10000,15.589899
76.73579,rennes,10000,15.492404
4740.045,rennes,10000,333.0
0.022787001,rennes,10000,333.0
31.166594,rennes,10000,16.033928
46.61844,rennes,10000,15.9095545
62.355736,rennes,10000,15.777068
77.33765,rennes,10000,15.661625
4744.493,rennes,10000,333.0
0.016548,rennes,10000,333.0
30.91694,rennes,10000,15.825836
46.079697,rennes,10000,15.708677
61.813763,rennes,10000,15.593256
76.650055,rennes,10000,15.485258
4749.5625,rennes,10000,333.0
0.022078,lyon,10000,333.0
28.839563,lyon,10000,14.848008
43.09414,lyon,10000,14.727991
57.86566,lyon,10000,14.621144
71.782295,lyon,10000,14.516265
5097.6987,lyon,10000,333.0
0.021529,nancy,10000,333.0
18.819439,nancy,10000,9.838312
28.1493,nancy,10000,9.70512
37.571995,nancy,10000,9.575988
46.49438,nancy,10000,9.454604
5170.9653,nancy,10000,333.0
0.024294,rennes,10000,333.0
30.945858,rennes,10000,15.801164
46.20748,rennes,10000,15.685031
61.749794,rennes,10000,15.578517
76.56603,rennes,10000,15.476155
4916.7954,rennes,10000,333.0
0.018945001,rennes,10000,333.0
30.870394,rennes,10000,15.826421
45.964466,rennes,10000,15.700292
61.462,rennes,10000,15.587895
76.33624,rennes,10000,15.490871
5060.8965,rennes,10000,333.0
0.017118,rennes,10000,333.0
30.992441,rennes,10000,15.846688
46.185894,rennes,10000,15.709996
61.923878,rennes,10000,15.59849
76.80952,rennes,10000,15.501539
5065.222,rennes,10000,333.0
0.022835,rennes,10000,333.0
31.008703,rennes,10000,15.849555
46.132305,rennes,10000,15.718365
61.868668,rennes,10000,15.607695
76.771545,rennes,10000,15.503257
5069.879,rennes,10000,333.0
0.025472,rennes,10000,333.0
30.895092,rennes,10000,15.795526
46.251938,rennes,10000,15.690897
61.864983,rennes,10000,15.58669
76.79992,rennes,10000,15.488836
5075.0117,rennes,10000,333.0
0.023553,rennes,10000,333.0
31.0711,rennes,10000,15.889527
46.207687,rennes,10000,15.75325
61.861305,rennes,10000,15.639544
76.60976,rennes,10000,15.518167
5079.703,rennes,10000,333.0
0.026571998,nantes,10000,333.0
46.670593,nantes,10000,20.298565
63.646584,nantes,10000,19.82263
81.08517,nantes,10000,19.4104
97.84876,nantes,10000,19.061249
5034.421,nantes,10000,333.0
0.017828,nantes,10000,333.0
47.393307,nantes,10000,18.113443
64.16727,nantes,10000,17.910662
81.30136,nantes,10000,17.716808
97.98967,nantes,10000,17.57016
5041.18,nantes,10000,333.0
0.028611,nantes,10000,333.0
39.72698,nantes,10000,22.836313
56.731327,nantes,10000,22.051632
74.487114,nantes,10000,21.372427
91.19872,nantes,10000,20.771801
5046.753,nantes,10000,333.0
0.023644999,nantes,10000,333.0
43.885857,nantes,10000,26.919617
60.694122,nantes,10000,25.60969
78.42201,nantes,10000,24.476044
95.008125,nantes,10000,23.472525
5053.2485,nantes,10000,333.0
0.025761,lyon,10000,333.0
28.914062,lyon,10000,14.837089
43.322353,lyon,10000,14.727643
58.096375,lyon,10000,14.617242
72.04835,lyon,10000,14.523337
5103.735,lyon,10000,333.0
0.033835,nantes,10000,333.0
47.08015,nantes,10000,30.195719
64.33107,nantes,10000,28.505348
81.68813,nantes,10000,27.00274
98.225395,nantes,10000,25.67621
5058.9263,nantes,10000,333.0
0.017773,nantes,10000,333.0
35.35519,nantes,10000,17.595951
52.44872,nantes,10000,17.475664
69.78977,nantes,10000,17.347445
86.42262,nantes,10000,17.241117
5018.698,nantes,10000,333.0
0.022797,nantes,10000,333.0
37.34819,nantes,10000,20.143948
54.179523,nantes,10000,19.690338
71.86786,nantes,10000,19.291252
88.54187,nantes,10000,18.94607
5024.0996,nantes,10000,333.0
0.020484,nantes,10000,333.0
43.766903,nantes,10000,20.95524
60.719563,nantes,10000,20.408728
78.19732,nantes,10000,19.921104
94.74403,nantes,10000,19.482193
5029.8022,nantes,10000,333.0
0.027461,nantes,10000,333.0
47.060078,nantes,10000,20.316912
63.870594,nantes,10000,19.83326
81.118164,nantes,10000,19.411829
97.62061,nantes,10000,19.040136
5036.0938,nantes,10000,333.0
0.03175,nantes,10000,333.0
48.355484,nantes,10000,18.777508
65.460594,nantes,10000,18.522612
83.06798,nantes,10000,18.277983
99.63531,nantes,10000,18.049711
5041.259,nantes,10000,333.0
0.014288,nancy,10000,333.0
18.873343,nancy,10000,10.02948
27.765347,nancy,10000,9.849708
36.99972,nancy,10000,9.687694
45.787865,nancy,10000,9.55605
5099.075,nancy,10000,333.0
0.016057,nancy,10000,333.0
18.337744,nancy,10000,9.540102
27.44999,nancy,10000,9.425041
36.710384,nancy,10000,9.3208685
45.362446,nancy,10000,9.2276125
5102.968,nancy,10000,333.0
0.014392,nancy,10000,333.0
18.447071,nancy,10000,9.602457
27.638952,nancy,10000,9.488482
37.690628,nancy,10000,9.372304
46.478577,nancy,10000,9.277801
5107.01,nancy,10000,333.0
0.015845,nancy,10000,333.0
18.35264,nancy,10000,9.57694
27.44291,nancy,10000,9.468383
36.589058,nancy,10000,9.360402
45.335243,nancy,10000,9.265323
5110.973,nancy,10000,333.0
0.02046,lyon,10000,333.0
28.953245,lyon,10000,14.805521
43.15375,lyon,10000,14.693123
58.1119,lyon,10000,14.598527
72.0186,lyon,10000,14.495039
5108.979,lyon,10000,333.0
0.019715,nancy,10000,333.0
18.315485,nancy,10000,9.464861
27.689758,nancy,10000,9.356343
37.039745,nancy,10000,9.261501
45.788734,nancy,10000,9.178877
5115.3853,nancy,10000,333.0
0.019703,lyon,10000,333.0
31.943716,lyon,10000,14.719455
46.160065,lyon,10000,14.622737
60.777256,lyon,10000,14.524553
75.01927,lyon,10000,14.437405
5002.9365,lyon,10000,333.0
0.021407,lyon,10000,333.0
28.874485,lyon,10000,14.8513565
43.203545,lyon,10000,14.738537
57.80651,lyon,10000,14.621444
71.54754,lyon,10000,14.504151
5009.0195,lyon,10000,333.0
0.020946,lyon,10000,333.0
29.379368,lyon,10000,15.297021
43.759544,lyon,10000,15.125275
58.494427,lyon,10000,14.960666
72.362656,lyon,10000,14.806998
5014.319,lyon,10000,333.0
0.022868,lyon,10000,333.0
31.016777,lyon,10000,16.824772
45.296192,lyon,10000,16.466614
59.93552,lyon,10000,16.119938
73.81758,lyon,10000,15.822768
5020.685,lyon,10000,333.0
0.038265,lyon,10000,333.0
35.7074,lyon,10000,16.39767
50.065147,lyon,10000,16.094805
65.00733,lyon,10000,15.811693
78.878204,lyon,10000,15.551748
5026.079,lyon,10000,333.0
0.019345,lyon,10000,333.0
29.67623,lyon,10000,15.72123
43.948803,lyon,10000,15.493076
58.57672,lyon,10000,15.277831
72.44107,lyon,10000,15.092016
5013.8057,lyon,10000,333.0
0.023189,lyon,10000,333.0
31.808979,lyon,10000,17.723488
46.271156,lyon,10000,17.254576
60.867832,lyon,10000,16.828203
74.78488,lyon,10000,16.448912
5019.8696,lyon,10000,333.0
0.020895999,lyon,10000,333.0
33.583775,lyon,10000,15.55408
47.854584,lyon,10000,15.346271
62.59019,lyon,10000,15.157357
76.49475,lyon,10000,14.983496
5024.7944,lyon,10000,333.0
0.03563,lyon,10000,333.0
39.7284,lyon,10000,16.35246
54.164543,lyon,10000,16.045174
68.772575,lyon,10000,15.766753
82.69207,lyon,10000,15.5270605
5031.6504,lyon,10000,333.0
0.026465,lyon,10000,333.0
28.867207,lyon,10000,14.772503
43.356876,lyon,10000,14.673682
58.183983,lyon,10000,14.564154
72.17117,lyon,10000,14.474021
5115.223,lyon,10000,333.0
0.036169,lyon,10000,333.0
41.056538,lyon,10000,14.870043
55.49577,lyon,10000,14.751143
70.20975,lyon,10000,14.631772
84.06586,lyon,10000,14.526442
5036.9307,lyon,10000,333.0
0.023638,rennes,10000,333.0
40.241364,rennes,10000,15.638711
55.34858,rennes,10000,15.537394
70.79683,rennes,10000,15.43307
85.84296,rennes,10000,15.376688
5034.606,rennes,10000,333.0
0.023020001,rennes,10000,333.0
44.200336,rennes,10000,16.411394
59.638447,rennes,10000,16.222023
75.154594,rennes,10000,16.033436
89.90792,rennes,10000,15.866598
5039.3423,rennes,10000,333.0
0.02272,rennes,10000,333.0
1031.4362,rennes,10000,16.062918
1046.9469,rennes,10000,15.927254
1062.6986,rennes,10000,15.804187
1077.6621,rennes,10000,15.6915245
5044.508,rennes,10000,333.0
0.022487,rennes,10000,333.0
40.68259,rennes,10000,25.436268
56.124245,rennes,10000,24.136276
71.82769,rennes,10000,22.965765
86.86861,rennes,10000,21.95788
5049.073,rennes,10000,333.0
0.032732002,rennes,10000,333.0
43.268993,rennes,10000,27.985744
58.738033,rennes,10000,26.36622
74.40484,rennes,10000,24.910278
89.267395,rennes,10000,23.644947
5054.054,rennes,10000,333.0
0.022241,nantes,10000,333.0
45.62055,nantes,10000,19.830246
62.657913,nantes,10000,19.4309
80.45212,nantes,10000,19.072733
97.086716,nantes,10000,18.75116
4970.3447,nantes,10000,333.0
0.033713,nantes,10000,333.0
49.46425,nantes,10000,19.048512
66.51889,nantes,10000,18.753366
83.84773,nantes,10000,18.474815
100.373665,nantes,10000,18.223856
4976.593,nantes,10000,333.0
0.027524,nantes,10000,333.0
52.6465,nantes,10000,18.23998
69.50895,nantes,10000,18.027754
86.71681,nantes,10000,17.826178
103.26741,nantes,10000,17.657133
4982.1255,nantes,10000,333.0
0.034931,nantes,10000,333.0
44.045437,nantes,10000,26.597736
61.061096,nantes,10000,25.353228
78.55519,nantes,10000,24.242094
95.13142,nantes,10000,23.274992
4988.673,nantes,10000,333.0
0.028729001,lyon,10000,333.0
28.961685,lyon,10000,14.79964
43.27303,lyon,10000,14.692815
58.157387,lyon,10000,14.572021
72.026276,lyon,10000,14.467935
5120.892,lyon,10000,333.0
0.035882,nantes,10000,333.0
48.110756,nantes,10000,31.31824
65.13887,nantes,10000,29.482689
82.488625,nantes,10000,27.852911
98.94782,nantes,10000,26.417604
4994.329,nantes,10000,333.0
0.0206,nantes,10000,333.0
37.97545,nantes,10000,20.508492
54.83332,nantes,10000,20.01382
72.16505,nantes,10000,19.566885
88.6459,nantes,10000,19.173412
4961.226,nantes,10000,333.0
0.040424,nantes,10000,333.0
42.43734,nantes,10000,19.744802
59.34207,nantes,10000,19.351627
77.13238,nantes,10000,18.99359
93.7266,nantes,10000,18.680851
4966.443,nantes,10000,333.0
0.021002,nantes,10000,333.0
46.51029,nantes,10000,19.763847
63.285336,nantes,10000,19.352053
80.74482,nantes,10000,18.994762
97.392265,nantes,10000,18.691244
4972.081,nantes,10000,333.0
0.030931002,nantes,10000,333.0
50.230427,nantes,10000,18.235453
67.22042,nantes,10000,18.038036
84.546585,nantes,10000,17.85
101.183586,nantes,10000,17.68226
4978.853,nantes,10000,333.0
0.040188998,nantes,10000,333.0
40.480812,nantes,10000,23.625248
57.64289,nantes,10000,22.744324
75.24623,nantes,10000,21.975182
91.69954,nantes,10000,21.272346
4984.285,nantes,10000,333.0
0.020967,lyon,10000,333.0
35.31508,lyon,10000,15.902801
49.49009,lyon,10000,15.651705
64.4481,lyon,10000,15.42481
78.33486,lyon,10000,15.216526
4962.977,lyon,10000,333.0
0.017701,lyon,10000,333.0
38.910503,lyon,10000,15.069465
53.24785,lyon,10000,14.927771
67.89898,lyon,10000,14.786578
81.698875,lyon,10000,14.655888
4968.998,lyon,10000,333.0
0.025977,lyon,10000,333.0
43.397823,lyon,10000,15.141921
57.772503,lyon,10000,14.973381
72.522934,lyon,10000,14.8139515
86.379944,lyon,10000,14.684781
4974.208,lyon,10000,333.0
0.027028,lyon,10000,333.0
48.510685,lyon,10000,14.812691
62.955097,lyon,10000,14.696935
77.60573,lyon,10000,14.5940275
91.57709,lyon,10000,14.499545
4981.235,lyon,10000,333.0
0.015371,nancy,10000,333.0
18.504276,nancy,10000,9.671323
27.789532,nancy,10000,9.5499935
36.984768,nancy,10000,9.431317
45.780727,nancy,10000,9.327135
5155.1094,nancy,10000,333.0
0.039912,lyon,10000,333.0
41.382824,lyon,10000,27.257925
55.769043,lyon,10000,25.580036
70.64488,lyon,10000,24.101992
84.87951,lyon,10000,22.814419
4986.562,lyon,10000,333.0
0.014708,nancy,10000,333.0
18.523907,nancy,10000,9.4420595
27.979254,nancy,10000,9.35104
37.530777,nancy,10000,9.237699
46.21248,nancy,10000,9.148853
5037.7407,nancy,10000,333.0
0.012279,nancy,10000,333.0
18.378845,nancy,10000,9.465736
27.140617,nancy,10000,9.337667
36.502705,nancy,10000,9.239135
45.17443,nancy,10000,9.160135
5041.7715,nancy,10000,333.0
0.012715,nancy,10000,333.0
18.516064,nancy,10000,9.606648
27.69986,nancy,10000,9.482415
36.931614,nancy,10000,9.36432
45.597446,nancy,10000,9.269418
5045.8735,nancy,10000,333.0
0.016948001,nancy,10000,333.0
18.41932,nancy,10000,9.55489
27.544323,nancy,10000,9.444115
36.669323,nancy,10000,9.33379
45.420044,nancy,10000,9.241661
5049.798,nancy,10000,333.0
0.019793,nancy,10000,333.0
18.439392,nancy,10000,9.6009
27.634161,nancy,10000,9.4989805
37.011005,nancy,10000,9.373867
45.742573,nancy,10000,9.273383
5053.8213,nancy,10000,333.0
0.013792,nancy,10000,333.0
25.378664,nancy,10000,9.46213
34.18122,nancy,10000,9.339859
43.33866,nancy,10000,9.230215
51.961174,nancy,10000,9.138048
5018.028,nancy,10000,333.0
0.012399,nancy,10000,333.0
28.221205,nancy,10000,9.532259
37.20239,nancy,10000,9.3928385
46.425003,nancy,10000,9.278217
54.963737,nancy,10000,9.166279
5021.6084,nancy,10000,333.0
0.015797999,nancy,10000,333.0
29.99061,nancy,10000,9.9232
39.347393,nancy,10000,9.765734
49.547634,nancy,10000,9.62241
58.363365,nancy,10000,9.498802
5025.317,nancy,10000,333.0
0.013304001,nancy,10000,333.0
27.11287,nancy,10000,18.357252
36.33506,nancy,10000,17.142847
45.604717,nancy,10000,16.058071
54.2002,nancy,10000,15.11618
5029.3223,nancy,10000,333.0
0.01575,nancy,10000,333.0
18.409761,nancy,10000,9.553841
27.641348,nancy,10000,9.465496
37.400528,nancy,10000,9.358702
46.13291,nancy,10000,9.262357
5158.796,nancy,10000,333.0
0.017529001,nancy,10000,333.0
28.489536,nancy,10000,18.97332
37.795162,nancy,10000,17.693914
47.367928,nancy,10000,16.5606
56.147152,nancy,10000,15.569408
5033.044,nancy,10000,333.0
0.021596001,rennes,10000,333.0
33.663002,rennes,10000,16.375889
48.94373,rennes,10000,16.204058
64.754555,rennes,10000,16.031057
79.581215,rennes,10000,15.873737
4940.3,rennes,10000,333.0
0.020055,rennes,10000,333.0
32.444576,rennes,10000,15.964926
47.646847,rennes,10000,15.832893
63.153862,rennes,10000,15.69779
77.92806,rennes,10000,15.574572
4944.956,rennes,10000,333.0
0.022757,rennes,10000,333.0
30.812292,rennes,10000,15.677631
46.232662,rennes,10000,15.584537
62.128593,rennes,10000,15.491697
76.908875,rennes,10000,15.395801
4949.785,rennes,10000,333.0
0.034075,rennes,10000,333.0
32.803116,rennes,10000,17.755888
48.022285,rennes,10000,17.404491
63.79112,rennes,10000,17.073645
78.759476,rennes,10000,16.789865
4955.103,rennes,10000,333.0
0.027615,rennes,10000,333.0
33.3936,rennes,10000,17.423172
48.54935,rennes,10000,17.100166
64.18974,rennes,10000,16.8157
79.07599,rennes,10000,16.567516
4959.5645,rennes,10000,333.0
0.019654,lyon,10000,333.0
28.853207,lyon,10000,14.82717
43.30383,lyon,10000,14.716326
58.06952,lyon,10000,14.607599
71.975685,lyon,10000,14.502895
4907.5015,lyon,10000,333.0
0.02263,lyon,10000,333.0
28.655348,lyon,10000,14.644873
42.79873,lyon,10000,14.547194
57.498703,lyon,10000,14.44392
71.380066,lyon,10000,14.358257
4913.657,lyon,10000,333.0
0.024146,lyon,10000,333.0
29.177937,lyon,10000,14.898196
43.454758,lyon,10000,14.773016
58.251286,lyon,10000,14.658874
72.14474,lyon,10000,14.554869
4918.763,lyon,10000,333.0
0.023802001,lyon,10000,333.0
28.943348,lyon,10000,14.785397
43.105976,lyon,10000,14.662808
57.830956,lyon,10000,14.545008
71.720856,lyon,10000,14.445794
4925.248,lyon,10000,333.0
0.015615,nancy,10000,333.0
18.405426,nancy,10000,9.607266
27.916527,nancy,10000,9.502175
37.074074,nancy,10000,9.39252
45.837456,nancy,10000,9.295344
5162.82,nancy,10000,333.0
0.038548,lyon,10000,333.0
28.928091,lyon,10000,14.794232
43.267185,lyon,10000,14.694362
57.92156,lyon,10000,14.581883
71.786064,lyon,10000,14.48007
4930.404,lyon,10000,333.0
0.019983,rennes,10000,333.0
30.84695,rennes,10000,15.868326
46.012745,rennes,10000,15.7458315
61.51228,rennes,10000,15.626114
76.546196,rennes,10000,15.5350895
4926.099,rennes,10000,333.0
0.01643,rennes,10000,333.0
31.12684,rennes,10000,15.939697
46.473896,rennes,10000,15.803132
61.977036,rennes,10000,15.670776
76.85946,rennes,10000,15.560868
4930.757,rennes,10000,333.0
0.024771,rennes,10000,333.0
30.944456,rennes,10000,15.793746
46.165295,rennes,10000,15.682271
61.776245,rennes,10000,15.574104
76.672485,rennes,10000,15.481425
4935.5874,rennes,10000,333.0
0.020237999,rennes,10000,333.0
33.37548,rennes,10000,15.753947
48.553604,rennes,10000,15.645987
64.0764,rennes,10000,15.537476
78.98108,rennes,10000,15.447024
4940.6416,rennes,10000,333.0
0.032982,rennes,10000,333.0
32.017975,rennes,10000,15.930924
47.508472,rennes,10000,15.809357
63.283833,rennes,10000,15.684753
78.2881,rennes,10000,15.582174
4945.261,rennes,10000,333.0
0.019497,nantes,10000,333.0
34.693333,nantes,10000,17.612225
51.40977,nantes,10000,17.464825
68.65528,nantes,10000,17.323084
85.186134,nantes,10000,17.215775
4879.1763,nantes,10000,333.0
0.018956,nantes,10000,333.0
34.64505,nantes,10000,17.580875
51.569935,nantes,10000,17.462664
69.11463,nantes,10000,17.335896
85.67697,nantes,10000,17.23096
4884.684,nantes,10000,333.0
0.070511,nantes,10000,333.0
34.581314,nantes,10000,17.685593
51.551495,nantes,10000,17.54983
69.1729,nantes,10000,17.41145
86.00517,nantes,10000,17.293009
4889.9336,nantes,10000,333.0
0.026277,nantes,10000,333.0
34.34254,nantes,10000,17.53931
51.39571,nantes,10000,17.4263
68.767136,nantes,10000,17.312393
85.39506,nantes,10000,17.210665
4896.5254,nantes,10000,333.0
0.013413,nancy,10000,333.0
18.212843,nancy,10000,9.481037
27.670464,nancy,10000,9.387113
36.949776,nancy,10000,9.291463
45.673656,nancy,10000,9.201604
5166.534,nancy,10000,333.0
0.036599003,nantes,10000,333.0
34.599575,nantes,10000,17.578209
51.55085,nantes,10000,17.448866
69.183174,nantes,10000,17.339773
85.83804,nantes,10000,17.236492
4902.265,nantes,10000,333.0
0.013324999,nancy,10000,333.0
34.5365,nancy,10000,25.639565
43.557354,nancy,10000,23.512276
52.736977,nancy,10000,21.64907
61.534286,nancy,10000,20.023174
4975.927,nancy,10000,333.0
0.014849,nancy,10000,333.0
37.20314,nancy,10000,28.332605
46.776028,nancy,10000,25.894995
56.127922,nancy,10000,23.73608
64.88596,nancy,10000,21.84537
4979.5024,nancy,10000,333.0
0.013927,nancy,10000,333.0
18.293669,nancy,10000,9.517633
27.442213,nancy,10000,9.422179
37.065353,nancy,10000,9.319291
45.76,nancy,10000,9.222906
4983.03,nancy,10000,333.0
0.01705,nancy,10000,333.0
18.26866,nancy,10000,9.539068
27.37603,nancy,10000,9.427542
36.57163,nancy,10000,9.327053
45.200085,nancy,10000,9.221474
4987.553,nancy,10000,333.0
0.020428,nancy,10000,333.0
20.81672,nancy,10000,9.714282
30.290527,nancy,10000,9.586653
39.859394,nancy,10000,9.462237
48.603672,nancy,10000,9.354276
4991.5366,nancy,10000,333.0
0.021627,rennes,10000,333.0
30.892956,rennes,10000,15.783196
46.170315,rennes,10000,15.669207
61.638245,rennes,10000,15.555648
76.55798,rennes,10000,15.457215
4897.5044,rennes,10000,333.0
0.020883001,rennes,10000,333.0
30.792948,rennes,10000,15.695209
46.093082,rennes,10000,15.610994
62.00078,rennes,10000,15.523724
76.911674,rennes,10000,15.430873
4902.4644,rennes,10000,333.0
0.022555,rennes,10000,333.0
30.67501,rennes,10000,15.694577
45.957314,rennes,10000,15.598884
61.573418,rennes,10000,15.501984
76.50104,rennes,10000,15.413948
4906.7886,rennes,10000,333.0
0.023955999,rennes,10000,333.0
31.451988,rennes,10000,15.748
47.06124,rennes,10000,15.652672
62.613228,rennes,10000,15.544213
77.51923,rennes,10000,15.448349
4911.995,rennes,10000,333.0
0.023716,lyon,100000,333.0
28.866566,lyon,100000,14.758272
43.13991,lyon,100000,14.660333
57.8028,lyon,100000,14.5534935
71.73679,lyon,100000,14.464658
5073.999,lyon,100000,333.0
0.017946001,nancy,100000,333.0
18.627134,nancy,100000,9.921777
27.721521,nancy,100000,9.772259
36.795345,nancy,100000,9.616568
45.444466,nancy,100000,9.488148
5163.192,nancy,100000,333.0
0.027456999,rennes,100000,333.0
30.860678,rennes,100000,15.847949
46.13265,rennes,100000,15.7368555
61.752216,rennes,100000,15.619741
76.63437,rennes,100000,15.519201
4916.561,rennes,100000,333.0
0.022233,rennes,100000,333.0
30.901701,rennes,100000,15.788631
46.159054,rennes,100000,15.687563
62.054558,rennes,100000,15.577536
76.99023,rennes,100000,15.481141
5070.128,rennes,100000,333.0
0.018847,rennes,100000,333.0
30.58433,rennes,100000,15.674442
46.09495,rennes,100000,15.594858
61.98642,rennes,100000,15.517478
76.88047,rennes,100000,15.421996
5074.8506,rennes,100000,333.0
0.036566,rennes,100000,333.0
30.928288,rennes,100000,15.820822
46.32776,rennes,100000,15.7119875
61.961056,rennes,100000,15.608305
76.90724,rennes,100000,15.509494
5079.511,rennes,100000,333.0
0.019623,rennes,100000,333.0
31.702988,rennes,100000,15.922128
47.286324,rennes,100000,15.815852
62.906883,rennes,100000,15.696518
77.89659,rennes,100000,15.592102
5084.1157,rennes,100000,333.0
0.027468001,rennes,100000,333.0
30.91257,rennes,100000,15.855742
46.188576,rennes,100000,15.743483
61.80292,rennes,100000,15.633927
76.576256,rennes,100000,15.519324
5088.777,rennes,100000,333.0
0.023430001,nantes,100000,333.0
47.908703,nantes,100000,18.725388
64.59947,nantes,100000,18.433035
82.20594,nantes,100000,18.194603
98.85786,nantes,100000,17.983658
5041.643,nantes,100000,333.0
0.033044998,nantes,100000,333.0
51.148403,nantes,100000,17.996387
68.20293,nantes,100000,17.828695
85.633514,nantes,100000,17.65196
102.22556,nantes,100000,17.510885
5047.9546,nantes,100000,333.0
0.021549,nantes,100000,333.0
41.09116,nantes,100000,24.097952
57.872894,nantes,100000,23.145584
75.20597,nantes,100000,22.318567
91.82934,nantes,100000,21.588705
5052.7563,nantes,100000,333.0
0.026509,nantes,100000,333.0
46.647415,nantes,100000,29.12067
63.894897,nantes,100000,27.566204
81.25671,nantes,100000,26.173529
97.62733,nantes,100000,24.940605
5059.8203,nantes,100000,333.0
0.021094,lyon,100000,333.0
29.038157,lyon,100000,14.890915
43.516056,lyon,100000,14.772012
58.23044,lyon,100000,14.66153
72.07964,lyon,100000,14.552706
5080.627,lyon,100000,333.0
0.028376,nantes,100000,333.0
50.083878,nantes,100000,33.20465
67.22982,nantes,100000,31.1443
84.63062,nantes,100000,29.317972
101.165085,nantes,100000,27.711649
5065.5986,nantes,100000,333.0
0.022407,nantes,100000,333.0
49.927914,nantes,100000,32.648342
66.89031,nantes,100000,30.639812
84.53053,nantes,100000,28.881737
101.2198,nantes,100000,27.340418
5004.709,nantes,100000,333.0
0.030644998,nantes,100000,333.0
35.773308,nantes,100000,17.54088
52.68692,nantes,100000,17.419859
70.01824,nantes,100000,17.284893
86.54912,nantes,100000,17.181269
5011.0757,nantes,100000,333.0
0.02589,nantes,100000,333.0
34.172497,nantes,100000,17.398094
51.09345,nantes,100000,17.29495
68.57797,nantes,100000,17.195904
85.09162,nantes,100000,17.097519
5017.148,nantes,100000,333.0
0.02376,nantes,100000,333.0
34.584095,nantes,100000,17.826052
51.59565,nantes,100000,17.666668
69.15898,nantes,100000,17.537247
85.678604,nantes,100000,17.402445
5023.564,nantes,100000,333.0
0.034172002,nantes,100000,333.0
36.386192,nantes,100000,18.792233
53.46656,nantes,100000,18.517202
70.76855,nantes,100000,18.245396
87.29278,nantes,100000,18.019716
5029.2256,nantes,100000,333.0
0.011537001,nancy,100000,333.0
18.268133,nancy,100000,9.513932
27.556717,nancy,100000,9.413165
37.042217,nancy,100000,9.315666
45.650406,nancy,100000,9.208983
5122.342,nancy,100000,333.0
0.013997,nancy,100000,333.0
18.471012,nancy,100000,9.650935
27.403954,nancy,100000,9.530553
37.13335,nancy,100000,9.405951
45.83709,nancy,100000,9.299344
5125.983,nancy,100000,333.0
0.013141,nancy,100000,333.0
18.509647,nancy,100000,9.662134
28.094328,nancy,100000,9.559986
38.315826,nancy,100000,9.439939
47.097492,nancy,100000,9.338063
5129.868,nancy,100000,333.0
0.016405,nancy,100000,333.0
18.40102,nancy,100000,9.614954
27.887703,nancy,100000,9.5059185
36.941616,nancy,100000,9.378969
45.607807,nancy,100000,9.27089
5133.764,nancy,100000,333.0
0.028281,lyon,100000,333.0
28.840868,lyon,100000,14.6964855
43.234898,lyon,100000,14.605637
58.020294,lyon,100000,14.505199
72.00998,lyon,100000,14.422464
5085.915,lyon,100000,333.0
0.019290999,nancy,100000,333.0
18.334341,nancy,100000,9.60326
27.680712,nancy,100000,9.478197
36.892498,nancy,100000,9.35623
45.485386,nancy,100000,9.242294
5137.513,nancy,100000,333.0
0.018903,lyon,100000,333.0
31.279333,lyon,100000,14.799488
45.537437,lyon,100000,14.686515
60.383224,lyon,100000,14.575223
74.201164,lyon,100000,14.471268
5010.75,lyon,100000,333.0
0.039752003,lyon,100000,333.0
29.011408,lyon,100000,14.905474
43.262943,lyon,100000,14.782469
57.882973,lyon,100000,14.6553335
71.82691,lyon,100000,14.548934
5017.009,lyon,100000,333.0
0.028041,lyon,100000,333.0
30.301178,lyon,100000,16.10857
44.70897,lyon,100000,15.841752
59.384422,lyon,100000,15.576285
73.32238,lyon,100000,15.362343
5022.248,lyon,100000,333.0
0.026194,lyon,100000,333.0
32.436146,lyon,100000,15.553385
46.67202,lyon,100000,15.345333
61.418858,lyon,100000,15.163948
75.32633,lyon,100000,14.999347
5028.361,lyon,100000,333.0
0.025903,lyon,100000,333.0
36.60795,lyon,100000,14.8815975
50.965096,lyon,100000,14.760799
65.70094,lyon,100000,14.645093
79.70894,lyon,100000,14.547287
5033.9644,lyon,100000,333.0
0.020392,lyon,100000,333.0
30.762917,lyon,100000,14.960509
44.963078,lyon,100000,14.831042
59.44467,lyon,100000,14.687984
73.27276,lyon,100000,14.566441
5007.735,lyon,100000,333.0
0.021964,lyon,100000,333.0
28.893389,lyon,100000,14.810859
43.282585,lyon,100000,14.704581
57.913254,lyon,100000,14.590731
71.790215,lyon,100000,14.493436
5013.8237,lyon,100000,333.0
0.027966,lyon,100000,333.0
28.960625,lyon,100000,14.7865505
42.99029,lyon,100000,14.65073
57.624943,lyon,100000,14.533504
71.6137,lyon,100000,14.446909
5018.6567,lyon,100000,333.0
0.029362,lyon,100000,333.0
30.637854,lyon,100000,16.560171
44.93579,lyon,100000,16.220404
59.562286,lyon,100000,15.917765
73.319275,lyon,100000,15.640065
5024.9766,lyon,100000,333.0
0.029004999,lyon,100000,333.0
28.661444,lyon,100000,14.580527
43.165104,lyon,100000,14.50205
57.763218,lyon,100000,14.412511
71.69125,lyon,100000,14.343511
5092.07,lyon,100000,333.0
0.027601,lyon,100000,333.0
35.275352,lyon,100000,16.441551
49.58621,lyon,100000,16.129276
64.336815,lyon,100000,15.843972
78.18467,lyon,100000,15.585731
5030.358,lyon,100000,333.0
0.016639,rennes,100000,333.0
49.350754,rennes,100000,34.27781
64.51263,rennes,100000,31.849892
80.11039,rennes,100000,29.71968
94.944954,rennes,100000,27.851963
5005.6,rennes,100000,333.0
0.019802,rennes,100000,333.0
33.65064,rennes,100000,16.464598
48.937588,rennes,100000,16.28272
64.779945,rennes,100000,16.124426
79.62215,rennes,100000,15.957318
5009.8657,rennes,100000,333.0
0.022163,rennes,100000,333.0
31.322248,rennes,100000,16.381456
46.592197,rennes,100000,16.203144
62.164497,rennes,100000,16.028877
77.2329,rennes,100000,15.890581
5014.673,rennes,100000,333.0
0.023504,rennes,100000,333.0
31.806976,rennes,100000,16.616955
47.020977,rennes,100000,16.390797
62.64585,rennes,100000,16.201477
77.811646,rennes,100000,16.023363
5019.122,rennes,100000,333.0
0.029991,rennes,100000,333.0
32.802002,rennes,100000,17.60373
48.03842,rennes,100000,17.247442
63.59019,rennes,100000,16.934046
78.297226,rennes,100000,16.648111
5023.949,rennes,100000,333.0
0.024113,nantes,100000,333.0
38.89885,nantes,100000,19.050024
55.950005,nantes,100000,18.752615
73.60806,nantes,100000,18.477566
90.59204,nantes,100000,18.236547
4972.2563,nantes,100000,333.0
0.024595,nantes,100000,333.0
44.20173,nantes,100000,18.25495
61.03416,nantes,100000,18.040352
78.52327,nantes,100000,17.847298
95.00407,nantes,100000,17.66039
4978.395,nantes,100000,333.0
0.02152,nantes,100000,333.0
49.30281,nantes,100000,18.954784
66.20719,nantes,100000,18.6603
83.68888,nantes,100000,18.395796
100.37241,nantes,100000,18.165115
4984.283,nantes,100000,333.0
0.025952,nantes,100000,333.0
52.878498,nantes,100000,18.273472
70.105545,nantes,100000,18.072035
87.38125,nantes,100000,17.873438
104.03866,nantes,100000,17.707891
4990.9233,nantes,100000,333.0
0.029037,lyon,100000,333.0
28.957663,lyon,100000,14.833658
43.488033,lyon,100000,14.726711
58.277573,lyon,100000,14.62299
72.0973,lyon,100000,14.514065
5097.3203,lyon,100000,333.0
0.037668,nantes,100000,333.0
43.206493,nantes,100000,26.428717
60.26365,nantes,100000,25.197756
77.7404,nantes,100000,24.100828
94.28524,nantes,100000,23.146612
4996.3877,nantes,100000,333.0
0.024192,nantes,100000,333.0
34.350346,nantes,100000,17.48965
51.537777,nantes,100000,17.39409
69.07256,nantes,100000,17.286423
85.74427,nantes,100000,17.19172
4960.321,nantes,100000,333.0
0.020859001,nantes,100000,333.0
36.681057,nantes,100000,19.9098
53.62955,nantes,100000,19.50328
71.036064,nantes,100000,19.129126
87.69615,nantes,100000,18.802576
4966.933,nantes,100000,333.0
0.024656,nantes,100000,333.0
39.75001,nantes,100000,19.769526
56.776234,nantes,100000,19.378563
74.45533,nantes,100000,19.019913
91.03735,nantes,100000,18.6979
4972.291,nantes,100000,333.0
0.026715001,nantes,100000,333.0
46.732944,nantes,100000,20.44048
63.583454,nantes,100000,19.950432
80.80791,nantes,100000,19.501251
97.33219,nantes,100000,19.119827
4978.6157,nantes,100000,333.0
0.035606,nantes,100000,333.0
48.721825,nantes,100000,18.169943
65.90924,nantes,100000,18.000076
83.600075,nantes,100000,17.82302
100.293785,nantes,100000,17.664549
4984.4424,nantes,100000,333.0
0.025251,lyon,100000,333.0
36.21692,lyon,100000,15.081227
50.660847,lyon,100000,14.942045
65.406044,lyon,100000,14.803513
79.39269,lyon,100000,14.685663
4973.2817,lyon,100000,333.0
0.017697,lyon,100000,333.0
40.430992,lyon,100000,15.06934
54.585552,lyon,100000,14.920288
69.426674,lyon,100000,14.78558
83.25879,lyon,100000,14.649873
4979.1484,lyon,100000,333.0
0.027944999,lyon,100000,333.0
44.71311,lyon,100000,14.813903
59.066517,lyon,100000,14.713377
73.96065,lyon,100000,14.599505
87.70593,lyon,100000,14.48398
4984.434,lyon,100000,333.0
0.030241001,lyon,100000,333.0
38.568058,lyon,100000,24.022997
52.771133,lyon,100000,22.743778
67.28544,lyon,100000,21.618975
81.06088,lyon,100000,20.631214
4990.7837,lyon,100000,333.0
0.013216,nancy,100000,333.0
18.516603,nancy,100000,9.681147
27.801313,nancy,100000,9.555377
37.223927,nancy,100000,9.432991
45.979237,nancy,100000,9.328374
5147.462,nancy,100000,333.0
0.035703,lyon,100000,333.0
42.053257,lyon,100000,28.04414
56.306698,lyon,100000,26.259026
70.90163,lyon,100000,24.681795
84.736404,lyon,100000,23.315264
4995.78,lyon,100000,333.0
0.01485,nancy,100000,333.0
34.239513,nancy,100000,9.709495
43.38912,nancy,100000,9.58638
52.628624,nancy,100000,9.453065
61.420517,nancy,100000,9.3442545
5033.661,nancy,100000,333.0
0.012748,nancy,100000,333.0
30.510971,nancy,100000,21.738583
39.86429,nancy,100000,20.098806
49.018627,nancy,100000,18.655012
57.658302,nancy,100000,17.384672
5037.3013,nancy,100000,333.0
0.015284,nancy,100000,333.0
32.645306,nancy,100000,23.798443
41.597225,nancy,100000,21.911503
50.90795,nancy,100000,20.229818
59.5935,nancy,100000,18.772585
5041.0225,nancy,100000,333.0
0.016683,nancy,100000,333.0
34.250374,nancy,100000,25.54796
43.469086,nancy,100000,23.443813
52.85462,nancy,100000,21.579306
61.531292,nancy,100000,19.94867
5044.966,nancy,100000,333.0
0.020227,nancy,100000,333.0
18.524075,nancy,100000,9.585473
27.498434,nancy,100000,9.4706545
37.15722,nancy,100000,9.36435
45.94479,nancy,100000,9.272858
5048.7046,nancy,100000,333.0
0.0121989995,nancy,100000,333.0
34.16939,nancy,100000,25.329956
43.100624,nancy,100000,23.244202
52.36906,nancy,100000,21.414055
61.035175,nancy,100000,19.81147
5043.339,nancy,100000,333.0
0.016582001,nancy,100000,333.0
18.330475,nancy,100000,9.517601
27.785904,nancy,100000,9.417253
37.795803,nancy,100000,9.31012
46.379314,nancy,100000,9.202484
5047.084,nancy,100000,333.0
0.01226,nancy,100000,333.0
18.408127,nancy,100000,9.564221
27.790405,nancy,100000,9.458875
37.106068,nancy,100000,9.352889
45.72606,nancy,100000,9.242397
5050.9414,nancy,100000,333.0
0.019294001,nancy,100000,333.0
18.434052,nancy,100000,9.376435
27.827675,nancy,100000,9.285762
37.140022,nancy,100000,9.193923
45.81715,nancy,100000,9.109615
5055.2153,nancy,100000,333.0
0.012661001,nancy,100000,333.0
18.484774,nancy,100000,9.632522
27.774904,nancy,100000,9.524783
36.898727,nancy,100000,9.40945
45.64624,nancy,100000,9.308256
5151.3867,nancy,100000,333.0
0.017843,nancy,100000,333.0
18.357082,nancy,100000,9.487419
27.580992,nancy,100000,9.380406
36.71635,nancy,100000,9.279533
45.339764,nancy,100000,9.191187
5059.214,nancy,100000,333.0
0.016548,rennes,100000,333.0
32.96046,rennes,100000,15.849665
48.22045,rennes,100000,15.732363
64.102905,rennes,100000,15.621855
79.05797,rennes,100000,15.527081
4951.7495,rennes,100000,333.0
0.016999,rennes,100000,333.0
31.26221,rennes,100000,16.124529
46.730495,rennes,100000,15.974711
62.296574,rennes,100000,15.830562
77.19298,rennes,100000,15.705982
4956.2246,rennes,100000,333.0
0.016316,rennes,100000,333.0
31.454754,rennes,100000,16.374924
46.95518,rennes,100000,16.199091
62.538177,rennes,100000,16.029293
77.43632,rennes,100000,15.871996
4960.7227,rennes,100000,333.0
0.022718001,rennes,100000,333.0
34.558834,rennes,100000,19.320284
49.763874,rennes,100000,18.76612
65.40492,rennes,100000,18.272892
80.23784,rennes,100000,17.83581
4965.4443,rennes,100000,333.0
0.028827,rennes,100000,333.0
33.79798,rennes,100000,15.887663
49.145664,rennes,100000,15.7764
64.77267,rennes,100000,15.665758
79.77469,rennes,100000,15.5661745
4970.079,rennes,100000,333.0
0.026963,lyon,100000,333.0
28.916136,lyon,100000,14.8340225
43.100048,lyon,100000,14.715076
57.96348,lyon,100000,14.603175
71.86833,lyon,100000,14.505167
4917.0815,lyon,100000,333.0
0.026641,lyon,100000,333.0
28.786867,lyon,100000,14.81262
43.139782,lyon,100000,14.706285
57.818653,lyon,100000,14.599522
72.37699,lyon,100000,14.5770645
4923.165,lyon,100000,333.0
0.030733,lyon,100000,333.0
28.805922,lyon,100000,14.735872
43.19978,lyon,100000,14.63699
58.0816,lyon,100000,14.525171
71.90514,lyon,100000,14.423564
4928.5254,lyon,100000,333.0
0.027556,lyon,100000,333.0
29.185692,lyon,100000,14.903783
43.448116,lyon,100000,14.779472
58.18245,lyon,100000,14.672359
72.15619,lyon,100000,14.571932
4934.905,lyon,100000,333.0
0.012413,nancy,100000,333.0
18.370272,nancy,100000,9.536371
27.543312,nancy,100000,9.428345
37.70021,nancy,100000,9.32906
46.293125,nancy,100000,9.222513
5155.415,nancy,100000,333.0
0.026617,lyon,100000,333.0
29.358004,lyon,100000,14.817017
43.649624,lyon,100000,14.704793
58.54415,lyon,100000,14.606136
72.38913,lyon,100000,14.502476
4940.314,lyon,100000,333.0
0.021993998,rennes,100000,333.0
30.858713,rennes,100000,15.884137
46.06152,rennes,100000,15.763963
61.59584,rennes,100000,15.640835
76.4371,rennes,100000,15.534063
4908.7305,rennes,100000,333.0
0.022318,rennes,100000,333.0
31.016708,rennes,100000,15.866235
46.373165,rennes,100000,15.757151
61.987133,rennes,100000,15.644064
76.842575,rennes,100000,15.529969
4913.6313,rennes,100000,333.0
0.027104001,rennes,100000,333.0
31.172123,rennes,100000,15.949556
46.58425,rennes,100000,15.833685
62.213085,rennes,100000,15.703897
77.0614,rennes,100000,15.589765
4918.1924,rennes,100000,333.0
0.018175,rennes,100000,333.0
30.99568,rennes,100000,15.919287
46.27648,rennes,100000,15.805021
62.105206,rennes,100000,15.681233
77.2005,rennes,100000,15.571728
4923.173,rennes,100000,333.0
0.021197,rennes,100000,333.0
30.72832,rennes,100000,15.826401
46.004807,rennes,100000,15.718533
61.723873,rennes,100000,15.610936
76.60316,rennes,100000,15.503044
4927.8184,rennes,100000,333.0
0.02479,nantes,100000,333.0
34.145947,nantes,100000,17.441364
51.115208,nantes,100000,17.337563
68.69651,nantes,100000,17.237656
85.31432,nantes,100000,17.151552
4857.749,nantes,100000,333.0
0.023443,nantes,100000,333.0
34.269554,nantes,100000,17.512604
51.121,nantes,100000,17.38714
68.51907,nantes,100000,17.280287
85.086716,nantes,100000,17.183525
4864.139,nantes,100000,333.0
0.027904,nantes,100000,333.0
34.11737,nantes,100000,17.373665
50.974815,nantes,100000,17.270912
68.63294,nantes,100000,17.175892
85.263756,nantes,100000,17.090181
4869.7754,nantes,100000,333.0
0.030119,nantes,100000,333.0
34.53643,nantes,100000,17.692236
51.36999,nantes,100000,17.540895
68.99192,nantes,100000,17.418987
85.60735,nantes,100000,17.300667
4876.279,nantes,100000,333.0
0.017,nancy,100000,333.0
18.277733,nancy,100000,9.507714
27.654856,nancy,100000,9.405388
36.707115,nancy,100000,9.2967
45.38381,nancy,100000,9.202417
5159.301,nancy,100000,333.0
0.035184998,nantes,100000,333.0
34.218777,nantes,100000,17.505863
51.370422,nantes,100000,17.407372
68.92977,nantes,100000,17.293617
85.47693,nantes,100000,17.191404
4882.0503,nantes,100000,333.0
0.012192001,nancy,100000,333.0
34.28964,nancy,100000,25.53586
43.18924,nancy,100000,23.43038
52.976414,nancy,100000,21.579147
61.75815,nancy,100000,19.95956
4984.1333,nancy,100000,333.0
0.014727,nancy,100000,333.0
19.137188,nancy,100000,9.850124
27.964176,nancy,100000,9.695715
37.143646,nancy,100000,9.539562
45.774815,nancy,100000,9.417034
4988.045,nancy,100000,333.0
0.015846001,nancy,100000,333.0
19.427834,nancy,100000,9.560643
28.48896,nancy,100000,9.435004
38.103146,nancy,100000,9.326046
46.71772,nancy,100000,9.21865
4991.691,nancy,100000,333.0
0.016401,nancy,100000,333.0
19.535902,nancy,100000,9.468075
28.989172,nancy,100000,9.393752
38.921986,nancy,100000,9.289757
47.460552,nancy,100000,9.189665
4995.894,nancy,100000,333.0
0.022869999,nancy,100000,333.0
21.081028,nancy,100000,10.031895
29.985071,nancy,100000,9.849538
39.820667,nancy,100000,9.697978
48.596813,nancy,100000,9.563118
4999.8584,nancy,100000,333.0
0.019643,rennes,100000,333.0
31.083715,rennes,100000,15.927622
46.25373,rennes,100000,15.797721
62.006516,rennes,100000,15.678976
76.79755,rennes,100000,15.555163
4897.483,rennes,100000,333.0
0.02061,rennes,100000,333.0
30.848825,rennes,100000,15.81194
46.246338,rennes,100000,15.7045555
61.915855,rennes,100000,15.581734
76.75254,rennes,100000,15.479343
4901.596,rennes,100000,333.0
0.023574999,rennes,100000,333.0
31.075329,rennes,100000,15.874773
46.283638,rennes,100000,15.752534
61.9855,rennes,100000,15.629673
76.9296,rennes,100000,15.526937
4906.6963,rennes,100000,333.0
0.018734999,rennes,100000,333.0
30.91318,rennes,100000,15.927885
46.299686,rennes,100000,15.796085
61.813343,rennes,100000,15.667999
76.54587,rennes,100000,15.544023
4911.7837,rennes,100000,333.0
0.02681,lyon,100000,333.0
29.129436,lyon,100000,14.876955
43.446995,lyon,100000,14.767937
58.16764,lyon,100000,14.647209
72.08128,lyon,100000,14.538189
5073.981,lyon,100000,333.0
0.022036,nancy,100000,333.0
18.78283,nancy,100000,9.941983
27.773594,nancy,100000,9.791043
37.356,nancy,100000,9.62535
46.12142,nancy,100000,9.49867
5153.2603,nancy,100000,333.0
0.025904,rennes,100000,333.0
31.656652,rennes,100000,16.567078
47.013554,rennes,100000,16.367699
62.635647,rennes,100000,16.178644
77.56665,rennes,100000,16.006409
4888.3145,rennes,100000,333.0
0.016453,rennes,100000,333.0
31.005705,rennes,100000,15.897386
46.438873,rennes,100000,15.795456
61.985096,rennes,100000,15.669686
76.84572,rennes,100000,15.560789
5038.1143,rennes,100000,333.0
0.019028,rennes,100000,333.0
31.01346,rennes,100000,15.817898
46.136276,rennes,100000,15.696181
61.658382,rennes,100000,15.581032
76.457695,rennes,100000,15.476417
5042.794,rennes,100000,333.0
0.025945999,rennes,100000,333.0
30.721441,rennes,100000,15.716391
45.863087,rennes,100000,15.604676
61.40956,rennes,100000,15.507308
76.383644,rennes,100000,15.410831
5047.28,rennes,100000,333.0
0.020336,rennes,100000,333.0
30.831198,rennes,100000,15.822233
46.041557,rennes,100000,15.71071
61.796257,rennes,100000,15.605175
76.7468,rennes,100000,15.504968
5052.6206,rennes,100000,333.0
0.020879999,rennes,100000,333.0
30.81838,rennes,100000,15.739545
46.099247,rennes,100000,15.636913
61.661137,rennes,100000,15.524655
76.468864,rennes,100000,15.427177
5057.453,rennes,100000,333.0
0.028573,nantes,100000,333.0
45.3415,nantes,100000,25.286083
62.409103,nantes,100000,24.1959
79.77587,nantes,100000,23.236656
96.23736,nantes,100000,22.377184
5000.841,nantes,100000,333.0
0.025830999,nantes,100000,333.0
50.934452,nantes,100000,24.682472
67.79647,nantes,100000,23.668592
85.34284,nantes,100000,22.792185
101.88182,nantes,100000,21.994352
5007.345,nantes,100000,333.0
0.025647,nantes,100000,333.0
54.65781,nantes,100000,24.621544
71.8308,nantes,100000,23.630789
89.3842,nantes,100000,22.754812
105.927986,nantes,100000,21.961512
5012.4165,nantes,100000,333.0
0.027649999,nantes,100000,333.0
56.493443,nantes,100000,20.816948
73.53716,nantes,100000,20.294962
90.9707,nantes,100000,19.826406
107.476685,nantes,100000,19.403624
5018.952,nantes,100000,333.0
0.018072,lyon,100000,333.0
28.83118,lyon,100000,14.816194
43.06006,lyon,100000,14.691679
57.649323,lyon,100000,14.571584
71.47751,lyon,100000,14.469202
5079.8027,lyon,100000,333.0
0.02809,nantes,100000,333.0
43.87855,nantes,100000,26.392965
60.851383,nantes,100000,25.168684
78.44313,nantes,100000,24.096344
95.06,nantes,100000,23.144064
5024.708,nantes,100000,333.0
0.022425,nantes,100000,333.0
42.576263,nantes,100000,25.747292
59.410324,nantes,100000,24.597862
76.942604,nantes,100000,23.590292
93.52275,nantes,100000,22.706432
4995.7036,nantes,100000,333.0
0.031338,nantes,100000,333.0
44.740845,nantes,100000,23.793758
61.559834,nantes,100000,22.885895
78.73556,nantes,100000,22.067232
95.14807,nantes,100000,21.35208
5001.7207,nantes,100000,333.0
0.026706,nantes,100000,333.0
52.58978,nantes,100000,26.215425
69.470345,nantes,100000,25.009274
87.06266,nantes,100000,23.938728
103.65315,nantes,100000,23.00928
5007.2383,nantes,100000,333.0
0.02816,nantes,100000,333.0
55.480713,nantes,100000,23.887089
72.607216,nantes,100000,22.981712
90.172745,nantes,100000,22.179272
106.57781,nantes,100000,21.449745
5013.967,nantes,100000,333.0
0.040687,nantes,100000,333.0
58.0165,nantes,100000,21.510057
75.316025,nantes,100000,20.909214
92.91012,nantes,100000,20.343918
109.56116,nantes,100000,19.870592
5019.695,nantes,100000,333.0
0.011546,nancy,100000,333.0
18.464174,nancy,100000,9.629085
27.356176,nancy,100000,9.511789
36.93352,nancy,100000,9.40007
45.594975,nancy,100000,9.289255
5077.1934,nancy,100000,333.0
0.016036,nancy,100000,333.0
18.7014,nancy,100000,9.928231
28.100391,nancy,100000,9.770811
37.08743,nancy,100000,9.604779
45.88153,nancy,100000,9.481941
5080.752,nancy,100000,333.0
0.016392,nancy,100000,333.0
18.55174,nancy,100000,9.669165
28.063044,nancy,100000,9.55773
37.09792,nancy,100000,9.423277
45.830482,nancy,100000,9.317579
5084.7407,nancy,100000,333.0
0.015722001,nancy,100000,333.0
18.267628,nancy,100000,9.561828
27.725697,nancy,100000,9.456692
36.752968,nancy,100000,9.33481
45.21355,nancy,100000,9.217602
5088.557,nancy,100000,333.0
0.023306,lyon,100000,333.0
29.066952,lyon,100000,14.879997
43.45383,lyon,100000,14.764133
58.19701,lyon,100000,14.650943
72.11409,lyon,100000,14.54236
5085.3774,lyon,100000,333.0
0.018217001,nancy,100000,333.0
18.314257,nancy,100000,9.482327
27.847408,nancy,100000,9.3923235
37.100574,nancy,100000,9.279388
45.684742,nancy,100000,9.172926
5092.6543,nancy,100000,333.0
0.022938,lyon,100000,333.0
50.062668,lyon,100000,27.386318
64.37035,lyon,100000,25.7106
79.36668,lyon,100000,24.23788
93.232475,lyon,100000,22.926884
4975.6406,lyon,100000,333.0
0.022529,lyon,100000,333.0
31.20893,lyon,100000,16.789701
45.549427,lyon,100000,16.436733
60.1458,lyon,100000,16.10577
74.10014,lyon,100000,15.819346
4981.7715,lyon,100000,333.0
0.071323,lyon,100000,333.0
34.676586,lyon,100000,20.452988
48.907528,lyon,100000,19.638302
63.65658,lyon,100000,18.909876
77.60477,lyon,100000,18.275755
4986.849,lyon,100000,333.0
0.026346,lyon,100000,333.0
34.582256,lyon,100000,20.40996
48.964886,lyon,100000,19.599873
63.71469,lyon,100000,18.876606
77.527885,lyon,100000,18.236269
4993.7407,lyon,100000,333.0
0.033085003,lyon,100000,333.0
34.37729,lyon,100000,16.05107
48.823093,lyon,100000,15.788669
63.493313,lyon,100000,15.53711
77.41917,lyon,100000,15.323271
4999.0044,lyon,100000,333.0
0.021461,lyon,100000,333.0
33.41571,lyon,100000,14.878587
47.88947,lyon,100000,14.760907
62.76803,lyon,100000,14.625092
76.55649,lyon,100000,14.511144
4980.0737,lyon,100000,333.0
0.022088999,lyon,100000,333.0
34.93229,lyon,100000,20.806826
49.210243,lyon,100000,19.944714
63.824154,lyon,100000,19.166912
77.671715,lyon,100000,18.489689
4986.2256,lyon,100000,333.0
0.022192,lyon,100000,333.0
37.32402,lyon,100000,23.376324
51.54395,lyon,100000,22.194237
66.49686,lyon,100000,21.157076
80.397484,lyon,100000,20.232698
4991.0576,lyon,100000,333.0
0.025422,lyon,100000,333.0
33.70925,lyon,100000,16.775492
47.945286,lyon,100000,16.41699
62.700397,lyon,100000,16.079998
76.45107,lyon,100000,15.781518
4997.6387,lyon,100000,333.0
0.023459999,lyon,100000,333.0
28.984549,lyon,100000,14.850374
43.47846,lyon,100000,14.735966
58.091278,lyon,100000,14.616626
72.013214,lyon,100000,14.519426
5091.71,lyon,100000,333.0
0.032160997,lyon,100000,333.0
37.87131,lyon,100000,15.287296
52.095604,lyon,100000,15.104388
66.92816,lyon,100000,14.938195
80.772194,lyon,100000,14.784325
5003.331,lyon,100000,333.0
0.019501,rennes,100000,333.0
38.183704,rennes,100000,19.961977
53.58827,rennes,100000,19.330065
69.35635,rennes,100000,18.769041
84.31303,rennes,100000,18.27418
4998.9556,rennes,100000,333.0
0.016493,rennes,100000,333.0
43.452923,rennes,100000,20.67305
58.69392,rennes,100000,19.959648
74.18565,rennes,100000,19.306406
89.09876,rennes,100000,18.738129
5003.4595,rennes,100000,333.0
0.01959,rennes,100000,333.0
45.023235,rennes,100000,18.394753
60.304386,rennes,100000,17.963324
75.78587,rennes,100000,17.559784
90.65324,rennes,100000,17.215258
5008.1714,rennes,100000,333.0
0.025745999,rennes,100000,333.0
47.010574,rennes,100000,16.059418
62.337322,rennes,100000,15.933484
77.90307,rennes,100000,15.796438
92.76514,rennes,100000,15.672948
5013.3467,rennes,100000,333.0
0.027873,rennes,100000,333.0
50.635456,rennes,100000,15.794866
65.9138,rennes,100000,15.686665
81.441315,rennes,100000,15.579115
96.25195,rennes,100000,15.47617
5017.981,rennes,100000,333.0
0.022419,nantes,100000,333.0
34.65336,nantes,100000,18.00389
51.685555,nantes,100000,17.819613
69.156654,nantes,100000,17.660172
85.57555,nantes,100000,17.49674
4937.329,nantes,100000,333.0
0.017854,nantes,100000,333.0
39.23278,nantes,100000,18.127277
56.35563,nantes,100000,17.946033
74.08487,nantes,100000,17.771036
90.69101,nantes,100000,17.609512
4943.5264,nantes,100000,333.0
0.023548,nantes,100000,333.0
42.466633,nantes,100000,17.443487
59.53256,nantes,100000,17.334822
77.03956,nantes,100000,17.231987
93.64725,nantes,100000,17.137014
4949.1133,nantes,100000,333.0
0.040324003,nantes,100000,333.0
47.68867,nantes,100000,17.492107
64.86531,nantes,100000,17.389013
82.61733,nantes,100000,17.276688
99.199425,nantes,100000,17.181093
4955.874,nantes,100000,333.0
0.040740002,lyon,100000,333.0
29.009577,lyon,100000,14.825283
43.31661,lyon,100000,14.712041
57.98657,lyon,100000,14.604104
71.911255,lyon,100000,14.510435
5097.367,lyon,100000,333.0
0.031731002,nantes,100000,333.0
38.760815,nantes,100000,21.848646
55.864838,nantes,100000,21.188833
73.18543,nantes,100000,20.58572
89.68176,nantes,100000,20.057364
4961.281,nantes,100000,333.0
0.024094,nantes,100000,333.0
35.047215,nantes,100000,17.518642
52.07614,nantes,100000,17.418743
69.857414,nantes,100000,17.308556
86.3958,nantes,100000,17.203745
4926.568,nantes,100000,333.0
0.023366999,nantes,100000,333.0
34.308258,nantes,100000,17.443987
51.386944,nantes,100000,17.345495
68.568,nantes,100000,17.225388
85.04947,nantes,100000,17.12372
4932.7515,nantes,100000,333.0
0.02813,nantes,100000,333.0
34.668125,nantes,100000,17.84826
51.795177,nantes,100000,17.697508
69.32019,nantes,100000,17.541729
85.84564,nantes,100000,17.405079
4938.1646,nantes,100000,333.0
0.023312999,nantes,100000,333.0
39.31342,nantes,100000,18.188652
56.31648,nantes,100000,17.998009
74.00678,nantes,100000,17.82926
90.640854,nantes,100000,17.663109
4944.4536,nantes,100000,333.0
0.041628998,nantes,100000,333.0
43.90012,nantes,100000,18.219564
60.949223,nantes,100000,18.022465
78.46366,nantes,100000,17.844004
95.13014,nantes,100000,17.679304
4949.813,nantes,100000,333.0
0.018922001,lyon,100000,333.0
36.11476,lyon,100000,15.060038
50.276096,lyon,100000,14.910482
65.12649,lyon,100000,14.774442
79.0652,lyon,100000,14.658222
4945.038,lyon,100000,333.0
0.027727999,lyon,100000,333.0
41.38214,lyon,100000,15.015993
55.629494,lyon,100000,14.878313
70.38699,lyon,100000,14.743617
84.24051,lyon,100000,14.622318
4951.1133,lyon,100000,333.0
0.020502001,lyon,100000,333.0
33.26699,lyon,100000,18.361443
47.294235,lyon,100000,17.781412
61.81777,lyon,100000,17.270264
75.63197,lyon,100000,16.820238
4956.5728,lyon,100000,333.0
0.027283,lyon,100000,333.0
39.504967,lyon,100000,25.235802
53.85038,lyon,100000,23.814764
68.545204,lyon,100000,22.553614
82.39469,lyon,100000,21.456656
4963.5786,lyon,100000,333.0
0.014715,nancy,100000,333.0
18.248585,nancy,100000,9.468336
27.743153,nancy,100000,9.37875
37.286793,nancy,100000,9.279888
45.950855,nancy,100000,9.184337
5137.8276,nancy,100000,333.0
0.036789,lyon,100000,333.0
43.579033,lyon,100000,26.572702
58.0733,lyon,100000,24.991156
72.96507,lyon,100000,23.590515
86.96357,lyon,100000,22.373468
4968.42,lyon,100000,333.0
0.013672999,nancy,100000,333.0
18.490484,nancy,100000,9.664069
27.659191,nancy,100000,9.541482
36.827137,nancy,100000,9.416583
45.592346,nancy,100000,9.315709
5033.4673,nancy,100000,333.0
0.012844,nancy,100000,333.0
18.445292,nancy,100000,9.591295
27.740047,nancy,100000,9.475717
37.140137,nancy,100000,9.370033
45.813766,nancy,100000,9.264675
5037.3394,nancy,100000,333.0
0.015837,nancy,100000,333.0
18.29005,nancy,100000,9.543073
27.635788,nancy,100000,9.439737
37.023094,nancy,100000,9.340436
45.6936,nancy,100000,9.239136
5041.2524,nancy,100000,333.0
0.016010001,nancy,100000,333.0
18.224583,nancy,100000,9.453756
27.47191,nancy,100000,9.35746
36.638412,nancy,100000,9.26667
45.268616,nancy,100000,9.168521
5045.1333,nancy,100000,333.0
0.035311002,nancy,100000,333.0
18.288885,nancy,100000,9.426259
27.16802,nancy,100000,9.318628
36.332504,nancy,100000,9.22447
45.085186,nancy,100000,9.147605
5049.072,nancy,100000,333.0
0.016329,nancy,100000,333.0
32.059895,nancy,100000,9.641233
40.98324,nancy,100000,9.524069
50.437817,nancy,100000,9.408952
59.026474,nancy,100000,9.300093
4999.237,nancy,100000,333.0
0.018659001,nancy,100000,333.0
35.10492,nancy,100000,9.609125
44.016476,nancy,100000,9.483556
53.929916,nancy,100000,9.35711
62.535545,nancy,100000,9.253933
5003.0864,nancy,100000,333.0
0.020326,nancy,100000,333.0
30.992666,nancy,100000,22.120155
40.009537,nancy,100000,20.433128
49.28459,nancy,100000,18.957264
57.988407,nancy,100000,17.668264
5007.03,nancy,100000,333.0
0.019225001,nancy,100000,333.0
34.24709,nancy,100000,24.777918
43.09214,nancy,100000,22.756752
52.37971,nancy,100000,20.984612
61.182384,nancy,100000,19.44154
5011.118,nancy,100000,333.0
0.014339,nancy,100000,333.0
18.50104,nancy,100000,9.63398
27.376543,nancy,100000,9.513905
36.499115,nancy,100000,9.399132
45.192745,nancy,100000,9.2926855
5141.185,nancy,100000,333.0
0.021775,nancy,100000,333.0
37.48538,nancy,100000,28.548687
46.825146,nancy,100000,26.064093
56.4264,nancy,100000,23.891495
65.19766,nancy,100000,21.98308
5015.1865,nancy,100000,333.0
0.022123,rennes,100000,333.0
30.927162,rennes,100000,15.912318
46.28653,rennes,100000,15.799708
61.97531,rennes,100000,15.679499
76.92477,rennes,100000,15.571887
4901.473,rennes,100000,333.0
0.021648,rennes,100000,333.0
32.21216,rennes,100000,17.03665
47.610363,rennes,100000,16.77644
63.229248,rennes,100000,16.535326
78.05372,rennes,100000,16.302242
4905.9736,rennes,100000,333.0
0.018939,rennes,100000,333.0
32.277916,rennes,100000,17.148184
47.540573,rennes,100000,16.863924
63.145073,rennes,100000,16.607555
78.136284,rennes,100000,16.388456
4910.8335,rennes,100000,333.0
0.019855998,rennes,100000,333.0
31.15954,rennes,100000,15.983312
46.62407,rennes,100000,15.861666
62.295177,rennes,100000,15.735308
77.28911,rennes,100000,15.625549
4915.195,rennes,100000,333.0
0.023754,rennes,100000,333.0
32.05693,rennes,100000,15.846334
47.508324,rennes,100000,15.728542
63.02001,rennes,100000,15.606907
77.93959,rennes,100000,15.502468
4920.401,rennes,100000,333.0
0.027211,lyon,100000,333.0
28.873852,lyon,100000,14.869911
43.350845,lyon,100000,14.76499
58.149235,lyon,100000,14.650846
72.01672,lyon,100000,14.544321
4886.2676,lyon,100000,333.0
0.01713,lyon,100000,333.0
28.77376,lyon,100000,14.726185
43.18711,lyon,100000,14.631264
57.866707,lyon,100000,14.535917
71.80671,lyon,100000,14.445261
4892.396,lyon,100000,333.0
0.024290001,lyon,100000,333.0
29.203491,lyon,100000,14.978457
43.643013,lyon,100000,14.855147
58.39492,lyon,100000,14.717823
72.301346,lyon,100000,14.598345
4898.14,lyon,100000,333.0
0.030306,lyon,100000,333.0
29.550375,lyon,100000,15.364065
43.750652,lyon,100000,15.17542
58.312622,lyon,100000,14.993765
72.15223,lyon,100000,14.841078
4904.0806,lyon,100000,333.0
0.015616001,nancy,100000,333.0
18.235136,nancy,100000,9.463955
27.371656,nancy,100000,9.370719
36.632225,nancy,100000,9.27017
45.348923,nancy,100000,9.182737
5145.4126,nancy,100000,333.0
0.032385,lyon,100000,333.0
29.051067,lyon,100000,14.879735
43.399487,lyon,100000,14.767929
57.95764,lyon,100000,14.640364
71.86317,lyon,100000,14.539195
4909.1587,lyon,100000,333.0
0.016371999,rennes,100000,333.0
31.182718,rennes,100000,15.95718
46.492687,rennes,100000,15.82046
62.082916,rennes,100000,15.695669
76.90227,rennes,100000,15.57655
4906.4326,rennes,100000,333.0
0.021291,rennes,100000,333.0
31.774715,rennes,100000,16.613987
46.899094,rennes,100000,16.393482
62.46044,rennes,100000,16.19883
77.33583,rennes,100000,16.026731
4911.116,rennes,100000,333.0
0.024962,rennes,100000,333.0
30.9286,rennes,100000,15.833409
46.21784,rennes,100000,15.723457
61.897224,rennes,100000,15.620326
76.828865,rennes,100000,15.517692
4915.7437,rennes,100000,333.0
0.017171,rennes,100000,333.0
31.769007,rennes,100000,15.751457
47.16947,rennes,100000,15.654715
62.919342,rennes,100000,15.551811
77.833855,rennes,100000,15.464334
4920.83,rennes,100000,333.0
0.031935,rennes,100000,333.0
31.809841,rennes,100000,15.826527
46.97456,rennes,100000,15.701488
62.67446,rennes,100000,15.5781765
77.450134,rennes,100000,15.470901
4925.5933,rennes,100000,333.0
0.025870001,nantes,100000,333.0
34.07216,nantes,100000,17.342592
50.976665,nantes,100000,17.24484
68.612144,nantes,100000,17.158018
85.253876,nantes,100000,17.076784
4844.7905,nantes,100000,333.0
0.025122,nantes,100000,333.0
34.445488,nantes,100000,17.406446
51.363277,nantes,100000,17.291548
68.78968,nantes,100000,17.183336
85.44263,nantes,100000,17.099377
4851.3267,nantes,100000,333.0
0.020624,nantes,100000,333.0
34.177326,nantes,100000,17.481625
51.195,nantes,100000,17.375973
68.61773,nantes,100000,17.270493
85.33885,nantes,100000,17.18352
4856.368,nantes,100000,333.0
0.027027,nantes,100000,333.0
34.357643,nantes,100000,17.676575
51.295036,nantes,100000,17.542427
68.735954,nantes,100000,17.419567
85.38603,nantes,100000,17.307476
4863.367,nantes,100000,333.0
0.0146780005,nancy,100000,333.0
18.250208,nancy,100000,9.497345
27.279135,nancy,100000,9.388942
36.342056,nancy,100000,9.279278
44.964073,nancy,100000,9.177796
5149.3164,nancy,100000,333.0
0.037091,nantes,100000,333.0
34.225594,nantes,100000,17.514303
51.062424,nantes,100000,17.38157
68.566444,nantes,100000,17.276781
85.2241,nantes,100000,17.180834
4868.518,nantes,100000,333.0
0.011607,nancy,100000,333.0
31.427246,nancy,100000,22.644499
40.314823,nancy,100000,20.897469
49.486984,nancy,100000,19.357838
58.232544,nancy,100000,18.012165
4952.378,nancy,100000,333.0
0.015468,nancy,100000,333.0
34.1086,nancy,100000,23.279692
43.0536,nancy,100000,21.45199
52.28185,nancy,100000,19.832993
60.99077,nancy,100000,18.423212
4955.924,nancy,100000,333.0
0.017716,nancy,100000,333.0
23.794891,nancy,100000,9.616784
32.603313,nancy,100000,9.490122
41.76826,nancy,100000,9.379816
50.396904,nancy,100000,9.26744
4959.9854,nancy,100000,333.0
0.0129350005,nancy,100000,333.0
26.299168,nancy,100000,9.632486
35.3292,nancy,100000,9.514242
45.030617,nancy,100000,9.408046
53.76243,nancy,100000,9.305318
4964.0054,nancy,100000,333.0
0.020078,nancy,100000,333.0
25.56669,nancy,100000,9.570203
34.916077,nancy,100000,9.457562
44.18101,nancy,100000,9.350603
52.92973,nancy,100000,9.257004
4968.1675,nancy,100000,333.0
0.021955,rennes,100000,333.0
30.845367,rennes,100000,15.83785
46.409122,rennes,100000,15.735665
62.07,rennes,100000,15.625758
76.94839,rennes,100000,15.525522
4869.294,rennes,100000,333.0
0.018546,rennes,100000,333.0
31.034567,rennes,100000,15.922666
46.229294,rennes,100000,15.797433
61.87924,rennes,100000,15.681179
76.79972,rennes,100000,15.5701275
4873.9316,rennes,100000,333.0
0.023815999,rennes,100000,333.0
31.02557,rennes,100000,15.849948
46.242165,rennes,100000,15.732206
61.90799,rennes,100000,15.628438
76.89344,rennes,100000,15.531754
4878.403,rennes,100000,333.0
0.020585999,rennes,100000,333.0
30.878105,rennes,100000,15.776411
46.276222,rennes,100000,15.669821
62.09054,rennes,100000,15.560831
76.91187,rennes,100000,15.461627
4883.651,rennes,100000,333.0
0.025918,lyon,100000,333.0
28.973783,lyon,100000,14.853733
43.139927,lyon,100000,14.730835
57.820866,lyon,100000,14.618294
71.757545,lyon,100000,14.518653
5075.722,lyon,100000,333.0
0.021505,nancy,100000,333.0
18.764277,nancy,100000,9.868471
27.930635,nancy,100000,9.723785
37.08093,nancy,100000,9.585158
45.802673,nancy,100000,9.4584255
5170.6465,nancy,100000,333.0
0.033719,rennes,100000,333.0
30.827932,rennes,100000,15.761161
46.253025,rennes,100000,15.661152
61.767494,rennes,100000,15.546343
76.60789,rennes,100000,15.4500675
4844.182,rennes,100000,333.0
0.022132998,rennes,100000,333.0
30.878494,rennes,100000,15.792472
46.052704,rennes,100000,15.67917
61.640182,rennes,100000,15.571117
76.54956,rennes,100000,15.472193
5044.378,rennes,100000,333.0
0.018207,rennes,100000,333.0
30.948153,rennes,100000,15.84032
46.36851,rennes,100000,15.726715
62.05013,rennes,100000,15.612919
76.87568,rennes,100000,15.507685
5048.984,rennes,100000,333.0
0.025977,rennes,100000,333.0
31.18552,rennes,100000,15.938822
46.489616,rennes,100000,15.816116
62.105217,rennes,100000,15.697366
77.123535,rennes,100000,15.595018
5053.443,rennes,100000,333.0
0.018584,rennes,100000,333.0
30.793652,rennes,100000,15.747981
45.890247,rennes,100000,15.63216
61.49887,rennes,100000,15.527173
76.14518,rennes,100000,15.410224
5058.7397,rennes,100000,333.0
0.028061,rennes,100000,333.0
30.955652,rennes,100000,15.800163
46.23837,rennes,100000,15.693397
61.950882,rennes,100000,15.583028
76.82334,rennes,100000,15.472061
5063.19,rennes,100000,333.0
0.025054,nantes,100000,333.0
34.89239,nantes,100000,17.62066
51.7851,nantes,100000,17.483997
69.074776,nantes,100000,17.353743
85.63668,nantes,100000,17.23742
5030.044,nantes,100000,333.0
0.025264,nantes,100000,333.0
34.627087,nantes,100000,17.507183
51.479088,nantes,100000,17.37618
69.03365,nantes,100000,17.264292
85.656006,nantes,100000,17.166693
5036.1577,nantes,100000,333.0
0.024462001,nantes,100000,333.0
34.253456,nantes,100000,17.539076
51.37438,nantes,100000,17.431639
68.78463,nantes,100000,17.318796
85.456085,nantes,100000,17.219677
5041.456,nantes,100000,333.0
0.030552,nantes,100000,333.0
34.932873,nantes,100000,18.11429
52.022217,nantes,100000,17.922438
69.52992,nantes,100000,17.754854
86.19664,nantes,100000,17.610216
5047.746,nantes,100000,333.0
0.019849,lyon,100000,333.0
29.124783,lyon,100000,14.912618
43.494026,lyon,100000,14.775165
58.256832,lyon,100000,14.657163
72.12602,lyon,100000,14.549557
5081.866,lyon,100000,333.0
0.027489001,nantes,100000,333.0
34.343315,nantes,100000,17.476616
51.283585,nantes,100000,17.350985
68.573326,nantes,100000,17.241407
85.19054,nantes,100000,17.153637
5053.388,nantes,100000,333.0
0.025844,nantes,100000,333.0
59.298546,nantes,100000,24.86968
76.47098,nantes,100000,23.840908
93.81109,nantes,100000,22.902304
110.35867,nantes,100000,22.098614
4994.2236,nantes,100000,333.0
0.018698,nantes,100000,333.0
60.64255,nantes,100000,21.73699
77.74429,nantes,100000,21.092613
95.2043,nantes,100000,20.516392
111.795074,nantes,100000,20.00892
5000.224,nantes,100000,333.0
0.020693,nantes,100000,333.0
48.281082,nantes,100000,31.394028
65.3294,nantes,100000,29.548758
83.022514,nantes,100000,27.900974
99.438965,nantes,100000,26.456713
5005.561,nantes,100000,333.0
0.03545,nantes,100000,333.0
51.855145,nantes,100000,34.918865
69.12756,nantes,100000,32.66442
86.65634,nantes,100000,30.650106
103.280846,nantes,100000,28.887901
5011.6987,nantes,100000,333.0
0.032822,nantes,100000,333.0
55.813183,nantes,100000,39.02992
72.677864,nantes,100000,36.214718
90.15852,nantes,100000,33.751495
106.764015,nantes,100000,31.590998
5018.0405,nantes,100000,333.0
0.0134769995,nancy,100000,333.0
18.465845,nancy,100000,9.618425
27.653126,nancy,100000,9.506251
36.793274,nancy,100000,9.388073
45.525032,nancy,100000,9.286867
5105.9478,nancy,100000,333.0
0.014454,nancy,100000,333.0
18.417511,nancy,100000,9.586877
27.652605,nancy,100000,9.479234
37.24146,nancy,100000,9.359145
45.96025,nancy,100000,9.259802
5109.87,nancy,100000,333.0
0.01577,nancy,100000,333.0
18.371862,nancy,100000,9.573012
27.875423,nancy,100000,9.47177
37.466843,nancy,100000,9.368254
46.240456,nancy,100000,9.27559
5113.763,nancy,100000,333.0
0.016800001,nancy,100000,333.0
18.249172,nancy,100000,9.460678
27.333364,nancy,100000,9.369838
37.122993,nancy,100000,9.276107
45.782448,nancy,100000,9.180547
5117.642,nancy,100000,333.0
0.019674,lyon,100000,333.0
28.804228,lyon,100000,14.791745
43.142666,lyon,100000,14.688847
57.774437,lyon,100000,14.579686
71.6719,lyon,100000,14.485261
5086.611,lyon,100000,333.0
0.019757,nancy,100000,333.0
18.27378,nancy,100000,9.386255
27.770182,nancy,100000,9.304378
36.866535,nancy,100000,9.208032
45.468693,nancy,100000,9.126405
5121.4995,nancy,100000,333.0
0.022098,lyon,100000,333.0
40.21748,lyon,100000,18.304016
54.291588,lyon,100000,17.728607
68.994514,lyon,100000,17.235243
82.78774,lyon,100000,16.795713
4978.873,lyon,100000,333.0
0.033917,lyon,100000,333.0
47.85813,lyon,100000,19.994816
62.20397,lyon,100000,19.242405
76.91943,lyon,100000,18.57565
90.80402,lyon,100000,17.975842
4984.8926,lyon,100000,333.0
0.023632,lyon,100000,333.0
49.85732,lyon,100000,18.685892
63.993946,lyon,100000,18.081114
78.74845,lyon,100000,17.551453
92.64844,lyon,100000,17.084412
4989.9683,lyon,100000,333.0
0.033627,lyon,100000,333.0
52.166775,lyon,100000,17.13926
66.48814,lyon,100000,16.740915
81.10686,lyon,100000,16.372675
95.08811,lyon,100000,16.055758
4996.2393,lyon,100000,333.0
0.030279,lyon,100000,333.0
43.602615,lyon,100000,29.485569
57.771698,lyon,100000,27.527264
72.39808,lyon,100000,25.805536
86.2058,lyon,100000,24.297277
5001.7095,lyon,100000,333.0
0.022571,lyon,100000,333.0
41.8247,lyon,100000,21.459116
56.223106,lyon,100000,20.519808
71.03712,lyon,100000,19.688251
84.950096,lyon,100000,18.947798
4977.3613,lyon,100000,333.0
0.022771,lyon,100000,333.0
47.430904,lyon,100000,20.684444
61.683193,lyon,100000,19.83268
76.33575,lyon,100000,19.084774
90.29874,lyon,100000,18.428068
4983.6895,lyon,100000,333.0
0.026071,lyon,100000,333.0
46.953606,lyon,100000,17.176182
61.205048,lyon,100000,16.773766
76.06342,lyon,100000,16.409483
89.91468,lyon,100000,16.078192
4988.6646,lyon,100000,333.0
0.034402,lyon,100000,333.0
49.98374,lyon,100000,16.395592
64.31294,lyon,100000,16.078882
78.91897,lyon,100000,15.786782
92.71613,lyon,100000,15.530547
4994.791,lyon,100000,333.0
0.032827,lyon,100000,333.0
29.091871,lyon,100000,14.908946
43.51536,lyon,100000,14.790968
58.260345,lyon,100000,14.6717205
72.13307,lyon,100000,14.564319
5092.883,lyon,100000,333.0
0.036385,lyon,100000,333.0
52.296875,lyon,100000,14.859445
66.70922,lyon,100000,14.742454
81.32926,lyon,100000,14.617573
95.30752,lyon,100000,14.519293
5000.449,lyon,100000,333.0
0.019381,rennes,100000,333.0
49.432102,rennes,100000,20.270292
64.75897,rennes,100000,19.603123
80.20687,rennes,100000,18.993214
95.04934,rennes,100000,18.458088
4987.2124,rennes,100000,333.0
0.016234,rennes,100000,333.0
50.921085,rennes,100000,18.731968
66.42283,rennes,100000,18.266443
82.203545,rennes,100000,17.833437
97.03316,rennes,100000,17.451132
4991.8613,rennes,100000,333.0
0.023759,rennes,100000,333.0
53.43685,rennes,100000,17.873184
68.71245,rennes,100000,17.50992
84.49802,rennes,100000,17.166979
99.456375,rennes,100000,16.873198
4996.7056,rennes,100000,333.0
0.016587999,rennes,100000,333.0
55.883663,rennes,100000,17.23594
71.11529,rennes,100000,16.94988
86.6772,rennes,100000,16.681065
101.564095,rennes,100000,16.4449
5001.4927,rennes,100000,333.0
0.026999,rennes,100000,333.0
47.1736,rennes,100000,32.01997
62.469086,rennes,100000,29.887157
78.22926,rennes,100000,28.001717
93.14195,rennes,100000,26.348932
5006.108,rennes,100000,333.0
0.018997,nantes,100000,333.0
48.418285,nantes,100000,18.03567
65.38511,nantes,100000,17.843117
83.022385,nantes,100000,17.682936
99.56076,nantes,100000,17.528849
4917.34,nantes,100000,333.0
0.023189,nantes,100000,333.0
40.81318,nantes,100000,23.68422
57.732464,nantes,100000,22.802065
75.13425,nantes,100000,22.021334
91.66056,nantes,100000,21.31848
4923.862,nantes,100000,333.0
0.027781,nantes,100000,333.0
44.434483,nantes,100000,27.593494
61.355526,nantes,100000,26.218985
78.76982,nantes,100000,25.000925
95.33445,nantes,100000,23.927084
4929.066,nantes,100000,333.0
0.032513,nantes,100000,333.0
48.473156,nantes,100000,31.66952
65.49066,nantes,100000,29.780542
82.80567,nantes,100000,28.121864
99.455505,nantes,100000,26.67149
4935.5234,nantes,100000,333.0
0.034884002,lyon,100000,333.0
28.834272,lyon,100000,14.71071
43.19328,lyon,100000,14.623396
58.085686,lyon,100000,14.523381
72.03967,lyon,100000,14.434305
5098.6455,lyon,100000,333.0
0.031443,nantes,100000,333.0
34.499504,nantes,100000,17.529684
51.426437,nantes,100000,17.402939
68.924515,nantes,100000,17.29707
85.67021,nantes,100000,17.208138
4941.317,nantes,100000,333.0
0.022878999,nantes,100000,333.0
37.82553,nantes,100000,19.358374
54.815113,nantes,100000,19.0157
72.28804,nantes,100000,18.714533
88.89075,nantes,100000,18.433403
4899.6606,nantes,100000,333.0
0.029446999,nantes,100000,333.0
43.070885,nantes,100000,19.506346
59.901398,nantes,100000,19.136686
77.22828,nantes,100000,18.81193
93.84204,nantes,100000,18.521923
4905.7676,nantes,100000,333.0
0.026085999,nantes,100000,333.0
45.186893,nantes,100000,18.771307
62.329617,nantes,100000,18.513067
79.74154,nantes,100000,18.266512
96.205956,nantes,100000,18.032991
4910.998,nantes,100000,333.0
0.031127999,nantes,100000,333.0
48.994057,nantes,100000,18.874088
65.99081,nantes,100000,18.594973
83.45547,nantes,100000,18.336271
100.0439,nantes,100000,18.101639
4917.099,nantes,100000,333.0
0.040296,nantes,100000,333.0
40.64512,nantes,100000,23.817747
57.904095,nantes,100000,22.929602
75.24931,nantes,100000,22.126354
91.6935,nantes,100000,21.407455
4922.846,nantes,100000,333.0
0.019585,lyon,100000,333.0
34.52348,lyon,100000,16.925575
48.962013,lyon,100000,16.553337
63.541412,lyon,100000,16.208796
77.37567,lyon,100000,15.895828
4898.52,lyon,100000,333.0
0.054725997,lyon,100000,333.0
37.100456,lyon,100000,16.481943
51.276768,lyon,100000,16.156542
66.148056,lyon,100000,15.862923
79.9263,lyon,100000,15.594024
4903.511,lyon,100000,333.0
0.030159,lyon,100000,333.0
39.862305,lyon,100000,15.597513
54.08325,lyon,100000,15.382972
68.855934,lyon,100000,15.188844
82.75642,lyon,100000,15.011406
4909.44,lyon,100000,333.0
0.025506001,lyon,100000,333.0
43.06014,lyon,100000,14.725342
57.26828,lyon,100000,14.618258
71.70803,lyon,100000,14.490425
85.41782,lyon,100000,14.383363
4915.126,lyon,100000,333.0
0.014087,nancy,100000,333.0
18.518589,nancy,100000,9.672016
28.014141,nancy,100000,9.556174
37.215603,nancy,100000,9.434561
45.936535,nancy,100000,9.327172
5154.452,nancy,100000,333.0
0.0286,lyon,100000,333.0
37.53912,lyon,100000,22.96794
51.96301,lyon,100000,21.838907
66.68884,lyon,100000,20.83783
80.63808,lyon,100000,19.957336
4921.207,lyon,100000,333.0
0.012758,nancy,100000,333.0
37.979824,nancy,100000,9.540339
46.892796,nancy,100000,9.422469
56.1127,nancy,100000,9.319145
64.938614,nancy,100000,9.2146845
4984.154,nancy,100000,333.0
0.013816,nancy,100000,333.0
39.946877,nancy,100000,9.418948
48.872906,nancy,100000,9.328947
58.014824,nancy,100000,9.219342
66.79094,nancy,100000,9.1447115
4987.832,nancy,100000,333.0
0.012892,nancy,100000,333.0
36.68243,nancy,100000,28.013708
45.419727,nancy,100000,25.576483
54.700478,nancy,100000,23.446012
63.283363,nancy,100000,21.578556
4991.722,nancy,100000,333.0
0.015114999,nancy,100000,333.0
39.86445,nancy,100000,31.08357
49.04148,nancy,100000,28.273888
58.766636,nancy,100000,25.822283
67.366974,nancy,100000,23.66355
4995.694,nancy,100000,333.0
0.015976,nancy,100000,333.0
42.065025,nancy,100000,33.25784
51.35188,nancy,100000,30.178488
60.609764,nancy,100000,27.479824
69.25469,nancy,100000,25.11858
4999.459,nancy,100000,333.0
0.014342,nancy,100000,333.0
22.16292,nancy,100000,10.748536
31.098976,nancy,100000,10.486002
40.206882,nancy,100000,10.2389345
48.859127,nancy,100000,10.023014
4949.891,nancy,100000,333.0
0.014029,nancy,100000,333.0
25.088629,nancy,100000,16.198248
34.344147,nancy,100000,15.254053
43.720097,nancy,100000,14.4123745
52.4528,nancy,100000,13.6804085
4953.6484,nancy,100000,333.0
0.014777,nancy,100000,333.0
20.426989,nancy,100000,11.594453
29.468098,nancy,100000,11.225808
38.76178,nancy,100000,10.879696
47.397354,nancy,100000,10.577179
4957.4634,nancy,100000,333.0
0.01335,nancy,100000,333.0
19.63803,nancy,100000,9.950833
29.189285,nancy,100000,9.804496
38.547695,nancy,100000,9.64882
47.339817,nancy,100000,9.520607
4961.337,nancy,100000,333.0
0.012657001,nancy,100000,333.0
18.373672,nancy,100000,9.577496
27.474764,nancy,100000,9.464228
36.834988,nancy,100000,9.356986
45.584454,nancy,100000,9.258876
5158.2827,nancy,100000,333.0
0.019435,nancy,100000,333.0
24.435215,nancy,100000,10.701342
33.38468,nancy,100000,10.448247
42.59514,nancy,100000,10.205991
51.37871,nancy,100000,10.007012
4965.3794,nancy,100000,333.0
0.020175,rennes,100000,333.0
36.241535,rennes,100000,17.68002
51.408558,rennes,100000,17.330801
67.204544,rennes,100000,17.019909
82.159386,rennes,100000,16.745693
4899.499,rennes,100000,333.0
0.020113999,rennes,100000,333.0
39.264027,rennes,100000,17.907896
54.395885,rennes,100000,17.520386
69.92132,rennes,100000,17.171173
84.78268,rennes,100000,16.873861
4904.127,rennes,100000,333.0
0.022014,rennes,100000,333.0
41.730633,rennes,100000,17.142073
56.93898,rennes,100000,16.86202
72.515175,rennes,100000,16.611727
87.372086,rennes,100000,16.381409
4908.938,rennes,100000,333.0
0.021272,rennes,100000,333.0
43.85561,rennes,100000,15.731712
59.102272,rennes,100000,15.6240225
74.86072,rennes,100000,15.536792
89.72871,rennes,100000,15.438411
4914.2153,rennes,100000,333.0
0.02792,rennes,100000,333.0
37.712334,rennes,100000,22.32869
53.021214,rennes,100000,21.393679
68.58942,rennes,100000,20.571196
83.51643,rennes,100000,19.848448
4918.712,rennes,100000,333.0
0.023882,lyon,100000,333.0
29.099413,lyon,100000,14.91075
43.461807,lyon,100000,14.792899
58.538296,lyon,100000,14.67492
72.39257,lyon,100000,14.564115
4843.523,lyon,100000,333.0
0.02421,lyon,100000,333.0
28.802536,lyon,100000,14.837522
43.023937,lyon,100000,14.724736
57.6758,lyon,100000,14.618694
71.56825,lyon,100000,14.520575
4849.4976,lyon,100000,333.0
0.024825,lyon,100000,333.0
28.92612,lyon,100000,14.872868
43.418327,lyon,100000,14.7697735
58.190792,lyon,100000,14.656213
72.101776,lyon,100000,14.546306
4854.744,lyon,100000,333.0
0.03357,lyon,100000,333.0
28.96901,lyon,100000,14.761103
43.321144,lyon,100000,14.66432
57.936714,lyon,100000,14.559541
71.84777,lyon,100000,14.468754
4861.17,lyon,100000,333.0
0.014109001,nancy,100000,333.0
18.31889,nancy,100000,9.570718
27.624325,nancy,100000,9.453295
37.07068,nancy,100000,9.340696
45.809048,nancy,100000,9.24604
5162.4194,nancy,100000,333.0
0.031813,lyon,100000,333.0
28.991823,lyon,100000,14.82059
43.323048,lyon,100000,14.714407
58.239697,lyon,100000,14.596682
72.098015,lyon,100000,14.49527
4866.7266,lyon,100000,333.0
0.020236999,rennes,100000,333.0
30.773434,rennes,100000,15.762554
46.037613,rennes,100000,15.6595745
61.85901,rennes,100000,15.559577
76.76209,rennes,100000,15.461115
4864.745,rennes,100000,333.0
0.024247,rennes,100000,333.0
31.551432,rennes,100000,16.484884
46.645813,rennes,100000,16.276377
62.109142,rennes,100000,16.07985
76.74746,rennes,100000,15.892971
4868.561,rennes,100000,333.0
0.017312001,rennes,100000,333.0
31.101303,rennes,100000,15.94553
46.479206,rennes,100000,15.82492
62.269527,rennes,100000,15.695105
77.18576,rennes,100000,15.590028
4873.948,rennes,100000,333.0
0.023115,rennes,100000,333.0
32.702473,rennes,100000,15.9592705
47.966537,rennes,100000,15.829626
63.464657,rennes,100000,15.695197
78.38933,rennes,100000,15.581478
4878.398,rennes,100000,333.0
0.02275,rennes,100000,333.0
32.35239,rennes,100000,15.626534
47.583,rennes,100000,15.537658
63.321323,rennes,100000,15.443438
78.2272,rennes,100000,15.368292
4883.1724,rennes,100000,333.0
0.022599,nantes,100000,333.0
34.182896,nantes,100000,17.460386
51.13764,nantes,100000,17.361359
68.69801,nantes,100000,17.251795
85.40839,nantes,100000,17.16674
4807.208,nantes,100000,333.0
0.023191,nantes,100000,333.0
35.19325,nantes,100000,17.604801
52.20012,nantes,100000,17.488033
69.70215,nantes,100000,17.369291
86.33367,nantes,100000,17.267387
4812.559,nantes,100000,333.0
0.021112,nantes,100000,333.0
34.48362,nantes,100000,17.606342
51.3611,nantes,100000,17.47498
69.10587,nantes,100000,17.362255
85.75623,nantes,100000,17.256165
4818.9966,nantes,100000,333.0
0.037551,nantes,100000,333.0
34.783062,nantes,100000,17.888168
51.80984,nantes,100000,17.719875
69.31329,nantes,100000,17.558172
85.96383,nantes,100000,17.427141
4825.343,nantes,100000,333.0
0.015420001,nancy,100000,333.0
18.317411,nancy,100000,9.525136
27.775652,nancy,100000,9.42915
36.925438,nancy,100000,9.326853
45.650723,nancy,100000,9.232649
5166.478,nancy,100000,333.0
0.031495,nantes,100000,333.0
34.030247,nantes,100000,17.442062
51.369514,nantes,100000,17.354803
68.85589,nantes,100000,17.250128
85.50598,nantes,100000,17.165201
4831.211,nantes,100000,333.0
0.0145189995,nancy,100000,333.0
28.985924,nancy,100000,9.479873
37.924576,nancy,100000,9.385389
47.15386,nancy,100000,9.286378
55.758537,nancy,100000,9.19535
4900.0435,nancy,100000,333.0
0.012349,nancy,100000,333.0
31.989262,nancy,100000,9.626258
41.119545,nancy,100000,9.514153
50.324406,nancy,100000,9.382138
59.064873,nancy,100000,9.292829
4903.783,nancy,100000,333.0
0.014584,nancy,100000,333.0
27.933685,nancy,100000,19.158028
37.000595,nancy,100000,17.855055
46.09434,nancy,100000,16.68816
54.56821,nancy,100000,15.652463
4907.701,nancy,100000,333.0
0.01693,nancy,100000,333.0
30.898474,nancy,100000,22.071642
39.792187,nancy,100000,20.396885
49.002617,nancy,100000,18.915478
57.657764,nancy,100000,17.62547
4911.468,nancy,100000,333.0
0.020089999,nancy,100000,333.0
18.254988,nancy,100000,9.393541
27.626856,nancy,100000,9.313347
37.17301,nancy,100000,9.223154
45.806087,nancy,100000,9.141778
4915.475,nancy,100000,333.0
0.019139001,rennes,100000,333.0
31.068043,rennes,100000,16.01793
46.450256,rennes,100000,15.882101
62.08104,rennes,100000,15.755396
77.11421,rennes,100000,15.64551
4825.6836,rennes,100000,333.0
0.019119,rennes,100000,333.0
31.48782,rennes,100000,15.8271475
46.68067,rennes,100000,15.713205
62.351856,rennes,100000,15.605706
77.19368,rennes,100000,15.503334
4830.1143,rennes,100000,333.0
0.020101001,rennes,100000,333.0
30.901823,rennes,100000,15.783092
46.07013,rennes,100000,15.671445
61.61851,rennes,100000,15.5629635
76.61674,rennes,100000,15.475168
4834.8804,rennes,100000,333.0
0.026254,rennes,100000,333.0
31.077145,rennes,100000,15.9136915
46.350098,rennes,100000,15.792333
61.957657,rennes,100000,15.673563
76.94827,rennes,100000,15.570504
4839.624,rennes,100000,333.0
0.021681,lyon,100000,333.0
29.581371,lyon,100000,15.485347
44.10967,lyon,100000,15.297474
58.977966,lyon,100000,15.117093
72.95452,lyon,100000,14.955906
5112.561,lyon,100000,333.0
0.019901,nancy,100000,333.0
18.847483,nancy,100000,9.994221
28.301708,nancy,100000,9.836992
37.715885,nancy,100000,9.687078
46.31815,nancy,100000,9.545533
5185.556,nancy,100000,333.0
0.037405,rennes,100000,333.0
30.951088,rennes,100000,15.857294
46.303,rennes,100000,15.751628
61.899254,rennes,100000,15.635709
76.76324,rennes,100000,15.532242
4897.265,rennes,100000,333.0
0.020898,rennes,100000,333.0
30.747696,rennes,100000,15.706837
45.96481,rennes,100000,15.61124
61.59486,rennes,100000,15.518911
76.60918,rennes,100000,15.438619
5095.238,rennes,100000,333.0
0.016704,rennes,100000,333.0
30.787382,rennes,100000,15.73819
45.94362,rennes,100000,15.630355
61.57007,rennes,100000,15.535102
76.4158,rennes,100000,15.433436
5100.4155,rennes,100000,333.0
0.022827,rennes,100000,333.0
31.035692,rennes,100000,15.837978
46.343502,rennes,100000,15.735165
61.786522,rennes,100000,15.610961
76.74472,rennes,100000,15.521549
5104.7466,rennes,100000,333.0
0.018592,rennes,100000,333.0
30.863129,rennes,100000,15.817601
46.06115,rennes,100000,15.701786
61.640533,rennes,100000,15.585099
76.4736,rennes,100000,15.474628
5110.103,rennes,100000,333.0
0.020866001,rennes,100000,333.0
30.803633,rennes,100000,15.7182
46.214325,rennes,100000,15.630821
61.93054,rennes,100000,15.520866
76.80258,rennes,100000,15.430703
5114.653,rennes,100000,333.0
0.025187999,nantes,100000,333.0
49.89325,nantes,100000,33.119915
66.90261,nantes,100000,31.054756
84.3221,nantes,100000,29.243237
100.89894,nantes,100000,27.648882
5058.604,nantes,100000,333.0
0.024801001,nantes,100000,333.0
53.96635,nantes,100000,37.276558
71.031586,nantes,100000,34.705532
88.43318,nantes,100000,32.435905
104.98667,nantes,100000,30.443016
5064.916,nantes,100000,333.0
0.020481,nantes,100000,333.0
57.166428,nantes,100000,40.40727
74.161354,nantes,100000,37.44246
91.89069,nantes,100000,34.837006
108.43941,nantes,100000,32.54234
5069.7593,nantes,100000,333.0
0.026793001,nantes,100000,333.0
34.587677,nantes,100000,17.656956
51.598766,nantes,100000,17.530783
68.9989,nantes,100000,17.408415
85.654495,nantes,100000,17.298155
5076.8784,nantes,100000,333.0
0.018160999,lyon,100000,333.0
29.026014,lyon,100000,14.909354
43.30648,lyon,100000,14.786995
58.012753,lyon,100000,14.669558
71.82359,lyon,100000,14.55481
5118.7896,lyon,100000,333.0
0.032465998,nantes,100000,333.0
34.19554,nantes,100000,17.430902
51.279713,nantes,100000,17.317759
68.79605,nantes,100000,17.207842
85.44427,nantes,100000,17.12789
5082.6147,nantes,100000,333.0
0.026427,nantes,100000,333.0
43.90706,nantes,100000,21.06367
60.992184,nantes,100000,20.497265
78.63813,nantes,100000,20.006975
95.276596,nantes,100000,19.574345
5030.6025,nantes,100000,333.0
0.026824,nantes,100000,333.0
49.63068,nantes,100000,20.388584
66.592834,nantes,100000,19.91702
83.87329,nantes,100000,19.483833
100.52344,nantes,100000,19.112137
5037.003,nantes,100000,333.0
0.025882,nantes,100000,333.0
52.792023,nantes,100000,19.538214
69.502464,nantes,100000,19.144388
86.87552,nantes,100000,18.799763
103.37501,nantes,100000,18.50014
5042.568,nantes,100000,333.0
0.027992,nantes,100000,333.0
55.227634,nantes,100000,17.526844
72.29732,nantes,100000,17.424088
89.84293,nantes,100000,17.304857
106.28898,nantes,100000,17.189564
5049.36,nantes,100000,333.0
0.037729997,nantes,100000,333.0
47.31021,nantes,100000,30.376993
64.361374,nantes,100000,28.645308
81.9996,nantes,100000,27.130932
98.53105,nantes,100000,25.793085
5055.0967,nantes,100000,333.0
0.011643999,nancy,100000,333.0
18.309238,nancy,100000,9.523475
27.781536,nancy,100000,9.424972
36.91996,nancy,100000,9.319379
45.68165,nancy,100000,9.230055
5147.0015,nancy,100000,333.0
0.016308,nancy,100000,333.0
18.344767,nancy,100000,9.516025
27.319727,nancy,100000,9.412347
36.828938,nancy,100000,9.302975
45.556503,nancy,100000,9.211989
5150.6133,nancy,100000,333.0
0.014951,nancy,100000,333.0
18.151499,nancy,100000,9.375468
27.358334,nancy,100000,9.282665
36.712032,nancy,100000,9.193258
45.543888,nancy,100000,9.113059
5154.7837,nancy,100000,333.0
0.014681,nancy,100000,333.0
18.13766,nancy,100000,9.423392
27.554457,nancy,100000,9.332155
37.049164,nancy,100000,9.233715
45.67168,nancy,100000,9.139062
5158.7344,nancy,100000,333.0
0.029584,lyon,100000,333.0
28.898172,lyon,100000,14.772552
43.24401,lyon,100000,14.669278
58.191143,lyon,100000,14.567442
72.03428,lyon,100000,14.462647
5124.0586,lyon,100000,333.0
0.020195,nancy,100000,333.0
18.395874,nancy,100000,9.474727
27.524763,nancy,100000,9.37726
36.636436,nancy,100000,9.272523
45.25226,nancy,100000,9.173536
5162.598,nancy,100000,333.0
0.022698,lyon,100000,333.0
31.909895,lyon,100000,14.755683
46.14081,lyon,100000,14.650422
60.809982,lyon,100000,14.537049
74.72797,lyon,100000,14.441632
5003.5713,lyon,100000,333.0
0.027457999,lyon,100000,333.0
29.125423,lyon,100000,15.0577
43.643394,lyon,100000,14.919297
58.351196,lyon,100000,14.785032
72.35366,lyon,100000,14.668897
5008.7617,lyon,100000,333.0
0.022598,lyon,100000,333.0
30.521,lyon,100000,16.402859
44.91388,lyon,100000,16.097553
59.64533,lyon,100000,15.806053
73.903786,lyon,100000,15.549986
5015.3687,lyon,100000,333.0
0.062335,lyon,100000,333.0
32.185436,lyon,100000,18.039207
46.571487,lyon,100000,17.520765
61.477036,lyon,100000,17.052063
75.40171,lyon,100000,16.642555
5020.278,lyon,100000,333.0
0.023326,lyon,100000,333.0
34.41669,lyon,100000,14.890646
48.681023,lyon,100000,14.772056
63.15703,lyon,100000,14.643617
76.972015,lyon,100000,14.523672
5027.086,lyon,100000,333.0
0.024730999,lyon,100000,333.0
50.699924,lyon,100000,35.297504
64.95614,lyon,100000,32.61947
79.874756,lyon,100000,30.262112
93.80917,lyon,100000,28.203083
4986.2275,lyon,100000,333.0
0.023773,lyon,100000,333.0
29.034512,lyon,100000,14.974951
43.169647,lyon,100000,14.832658
57.947285,lyon,100000,14.713795
71.70172,lyon,100000,14.5856
4992.441,lyon,100000,333.0
0.024113,lyon,100000,333.0
29.015131,lyon,100000,14.795254
43.388725,lyon,100000,14.684826
58.009193,lyon,100000,14.573054
71.98114,lyon,100000,14.480074
4997.5767,lyon,100000,333.0
0.034022,lyon,100000,333.0
32.989227,lyon,100000,15.5321665
47.202904,lyon,100000,15.320107
61.95633,lyon,100000,15.123387
75.805084,lyon,100000,14.947834
5003.92,lyon,100000,333.0
0.022783998,lyon,100000,333.0
29.041748,lyon,100000,14.872528
43.39324,lyon,100000,14.761606
57.989,lyon,100000,14.638213
71.82585,lyon,100000,14.530792
5130.196,lyon,100000,333.0
0.027228,lyon,100000,333.0
28.65872,lyon,100000,14.601725
42.992878,lyon,100000,14.511169
57.559906,lyon,100000,14.409193
71.43178,lyon,100000,14.329069
5009.198,lyon,100000,333.0
0.01697,rennes,100000,333.0
33.14375,rennes,100000,18.07227
48.41872,rennes,100000,17.685081
64.219925,rennes,100000,17.33077
79.115105,rennes,100000,17.018167
5018.85,rennes,100000,333.0
0.022761,rennes,100000,333.0
32.165306,rennes,100000,16.411234
47.173573,rennes,100000,16.200708
62.569744,rennes,100000,16.000862
77.30766,rennes,100000,15.834749
5023.622,rennes,100000,333.0
0.020237999,rennes,100000,333.0
39.11385,rennes,100000,18.775494
54.53242,rennes,100000,18.296251
70.306274,rennes,100000,17.860947
85.216736,rennes,100000,17.475883
5027.935,rennes,100000,333.0
0.016504,rennes,100000,333.0
42.486267,rennes,100000,17.160473
57.65716,rennes,100000,16.872
73.28673,rennes,100000,16.614859
