cluster,msg_size,time
lyon,1000,5120.453
nancy,1000,5206.6245
rennes,1000,4900.06
rennes,1000,5090.835
rennes,1000,5095.445
rennes,1000,5100.5605
rennes,1000,5104.6206
rennes,1000,5109.2197
nantes,1000,5062.9253
nantes,1000,5068.939
nantes,1000,5073.7837
nantes,1000,5080.1675
lyon,1000,5125.938
nantes,1000,5086.762
nantes,1000,5019.2197
nantes,1000,5025.5225
nantes,1000,5030.8276
nantes,1000,5037.766
nantes,1000,5043.1255
nancy,1000,5123.8506
nancy,1000,5127.9175
nancy,1000,5132.821
nancy,1000,5135.9927
lyon,1000,5131.672
nancy,1000,5140.6133
lyon,1000,5018.4517
lyon,1000,5022.4883
lyon,1000,5029.1333
lyon,1000,5036.163
lyon,1000,5041.521
lyon,1000,5009.4526
lyon,1000,5015.707
lyon,1000,5020.2236
lyon,1000,5027.023
lyon,1000,5138.55
lyon,1000,5033.0015
rennes,1000,5011.4814
rennes,1000,5016.668
rennes,1000,5021.387
rennes,1000,5026.7847
rennes,1000,5031.154
nantes,1000,4956.312
nantes,1000,4962.44
nantes,1000,4968.273
nantes,1000,4975.2397
lyon,1000,5144.2544
nantes,1000,4981.3647
nantes,1000,4947.13
nantes,1000,4952.0884
nantes,1000,4958.448
nantes,1000,4964.766
nantes,1000,4970.038
lyon,1000,4947.34
lyon,1000,4953.038
lyon,1000,4957.829
lyon,1000,4965.2505
nancy,1000,5190.846
lyon,1000,4969.981
nancy,1000,5029.952
nancy,1000,5033.611
nancy,1000,5037.0894
nancy,1000,5041.4204
nancy,1000,5045.78
nancy,1000,5019.773
nancy,1000,5023.1987
nancy,1000,5027.36
nancy,1000,5031.7046
nancy,1000,5194.997
nancy,1000,5035.463
rennes,1000,4929.573
rennes,1000,4934.208
rennes,1000,4939.736
rennes,1000,4944.125
rennes,1000,4948.7354
lyon,1000,4903.4043
lyon,1000,4908.2583
lyon,1000,4913.9463
lyon,1000,4920.8774
nancy,1000,5198.248
lyon,1000,4926.4004
rennes,1000,4902.2617
rennes,1000,4906.7573
rennes,1000,4911.675
rennes,1000,4917.056
rennes,1000,4922.2656
nantes,1000,4847.2417
nantes,1000,4852.546
nantes,1000,4859.207
nantes,1000,4865.0693
nancy,1000,5202.9893
nantes,1000,4871.53
nancy,1000,4953.7676
nancy,1000,4958.411
nancy,1000,4962.525
nancy,1000,4966.108
nancy,1000,4970.627
rennes,1000,4881.0464
rennes,1000,4885.314
rennes,1000,4890.862
rennes,1000,4894.976
lyon,1000,5139.211
nancy,1000,5246.4185
rennes,1000,4915.262
rennes,1000,5119.781
rennes,1000,5124.4927
rennes,1000,5128.7705
rennes,1000,5133.925
rennes,1000,5138.5503
nantes,1000,5096.4194
nantes,1000,5101.892
nantes,1000,5108.5366
nantes,1000,5113.5967
lyon,1000,5145.143
nantes,1000,5119.043
nantes,1000,5067.048
nantes,1000,5073.113
nantes,1000,5079.626
nantes,1000,5086.1646
nantes,1000,5092.1846
nancy,1000,5168.246
nancy,1000,5172.3164
nancy,1000,5175.844
nancy,1000,5180.5664
lyon,1000,5149.91
nancy,1000,5184.8716
lyon,1000,5055.6973
lyon,1000,5060.534
lyon,1000,5066.3247
lyon,1000,5072.7847
lyon,1000,5077.852
lyon,1000,5048.254
lyon,1000,5054.0303
lyon,1000,5059.124
lyon,1000,5065.567
lyon,1000,5156.818
lyon,1000,5071.386
rennes,1000,5050.195
rennes,1000,5054.7227
rennes,1000,5060.3076
rennes,1000,5065.1724
rennes,1000,5070.101
nantes,1000,4980.8174
nantes,1000,4986.624
nantes,1000,4992.0415
nantes,1000,4998.8696
lyon,1000,5162.034
nantes,1000,5005.2188
nantes,1000,4968.4346
nantes,1000,4974.9214
nantes,1000,4980.723
nantes,1000,4987.233
nantes,1000,4992.6763
lyon,1000,4983.897
lyon,1000,4991.222
lyon,1000,4996.2666
lyon,1000,5003.168
nancy,1000,5231.39
lyon,1000,5008.532
nancy,1000,5070.459
nancy,1000,5074.025
nancy,1000,5078.7964
nancy,1000,5082.2944
nancy,1000,5086.0044
nancy,1000,5044.362
nancy,1000,5048.1836
nancy,1000,5052.219
nancy,1000,5056.7607
nancy,1000,5235.1426
nancy,1000,5060.7983
rennes,1000,4932.041
rennes,1000,4936.9927
rennes,1000,4941.753
rennes,1000,4947.792
rennes,1000,4952.0654
lyon,1000,4924.403
lyon,1000,4930.44
lyon,1000,4935.3467
lyon,1000,4941.265
nancy,1000,5238.7344
lyon,1000,4947.3228
rennes,1000,4913.2744
rennes,1000,4918.133
rennes,1000,4923.1357
rennes,1000,4927.37
rennes,1000,4933.1226
nantes,1000,4875.6978
nantes,1000,4882.0176
nantes,1000,4887.7183
nantes,1000,4894.638
nancy,1000,5242.2017
nantes,1000,4900.812
nancy,1000,4976.4897
nancy,1000,4980.5815
nancy,1000,4983.684
nancy,1000,4987.9536
nancy,1000,4991.408
rennes,1000,4896.514
rennes,1000,4901.462
rennes,1000,4905.95
rennes,1000,4910.92
lyon,1000,5030.598
nancy,1000,5110.6455
rennes,1000,4897.166
rennes,1000,5024.2085
rennes,1000,5029.983
rennes,1000,5033.643
rennes,1000,5038.8003
rennes,1000,5043.6455
nantes,1000,4970.8623
nantes,1000,4975.776
nantes,1000,4981.5366
nantes,1000,4987.559
lyon,1000,5037.183
nantes,1000,4994.3696
nantes,1000,4951.656
nantes,1000,4958.97
nantes,1000,4964.655
nantes,1000,4970.391
nantes,1000,4976.3276
nancy,1000,5086.125
nancy,1000,5089.798
nancy,1000,5094.268
nancy,1000,5099.1343
lyon,1000,5042.366
nancy,1000,5101.8877
lyon,1000,4967.518
lyon,1000,4973.9595
lyon,1000,4979.0645
lyon,1000,4986.0034
lyon,1000,4991.2466
lyon,1000,4948.39
lyon,1000,4953.837
lyon,1000,4959.364
lyon,1000,4965.7246
lyon,1000,5049.136
lyon,1000,4971.4546
rennes,1000,4973.1304
rennes,1000,4977.118
rennes,1000,4982.7617
rennes,1000,4986.6753
rennes,1000,4992.294
nantes,1000,4906.0347
nantes,1000,4911.9653
nantes,1000,4918.5015
nantes,1000,4926.091
lyon,1000,5053.6284
nantes,1000,4931.228
nantes,1000,4869.455
nantes,1000,4876.37
nantes,1000,4882.0283
nantes,1000,4887.975
nantes,1000,4893.9097
lyon,1000,4912.354
lyon,1000,4918.3545
lyon,1000,4923.968
lyon,1000,4930.581
nancy,1000,5094.2466
lyon,1000,4935.26
nancy,1000,4996.7
nancy,1000,5001.7217
nancy,1000,5005.6055
nancy,1000,5009.966
nancy,1000,5012.94
nancy,1000,5012.461
nancy,1000,5016.1494
nancy,1000,5020.5728
nancy,1000,5024.0884
nancy,1000,5098.6987
nancy,1000,5027.568
rennes,1000,4932.089
rennes,1000,4937.2236
rennes,1000,4941.4033
rennes,1000,4946.624
rennes,1000,4951.952
lyon,1000,4908.3813
lyon,1000,4913.87
lyon,1000,4919.367
lyon,1000,4926.084
nancy,1000,5102.7246
lyon,1000,4932.497
rennes,1000,4937.9785
rennes,1000,4942.248
rennes,1000,4947.0835
rennes,1000,4951.6494
rennes,1000,4956.6
nantes,1000,4852.499
nantes,1000,4858.325
nantes,1000,4862.98
nantes,1000,4869.72
nancy,1000,5106.107
nantes,1000,4875.5337
nancy,1000,4984.2046
nancy,1000,4989.0835
nancy,1000,4992.045
nancy,1000,4997.103
nancy,1000,5001.713
rennes,1000,4877.2993
rennes,1000,4881.815
rennes,1000,4886.977
rennes,1000,4891.7725
lyon,1000,5126.3936
nancy,1000,5223.9863
rennes,1000,4944.271
rennes,1000,5130.8584
rennes,1000,5136.3247
rennes,1000,5140.497
rennes,1000,5145.759
rennes,1000,5150.1167
nantes,1000,5079.1084
nantes,1000,5084.8965
nantes,1000,5089.769
nantes,1000,5096.9585
lyon,1000,5132.474
nantes,1000,5103.082
nantes,1000,5059.2886
nantes,1000,5065.903
nantes,1000,5070.976
nantes,1000,5077.3887
nantes,1000,5082.9355
nancy,1000,5180.4775
nancy,1000,5184.699
nancy,1000,5189.197
nancy,1000,5192.8926
lyon,1000,5137.2295
nancy,1000,5197.464
lyon,1000,5056.4873
lyon,1000,5061.3735
lyon,1000,5066.975
lyon,1000,5073.8765
lyon,1000,5078.7886
lyon,1000,5032.9727
lyon,1000,5038.973
lyon,1000,5043.8833
lyon,1000,5050.135
lyon,1000,5144.3687
lyon,1000,5056.1353
rennes,1000,5050.4434
rennes,1000,5054.89
rennes,1000,5059.1665
rennes,1000,5064.503
rennes,1000,5069.4146
nantes,1000,5003.5767
nantes,1000,5010.065
nantes,1000,5015.396
nantes,1000,5022.4106
lyon,1000,5150.032
nantes,1000,5028.646
nantes,1000,5000.1943
nantes,1000,5005.0083
nantes,1000,5012.4155
nantes,1000,5016.593
nantes,1000,5023.531
lyon,1000,4999.3486
lyon,1000,5005.598
lyon,1000,5010.262
lyon,1000,5017.613
nancy,1000,5208.503
lyon,1000,5022.865
nancy,1000,5075.289
nancy,1000,5079.1777
nancy,1000,5083.375
nancy,1000,5087.1284
nancy,1000,5091.646
nancy,1000,5083.2295
nancy,1000,5086.59
nancy,1000,5090.784
nancy,1000,5094.3813
nancy,1000,5211.985
nancy,1000,5098.4146
rennes,1000,4980.6147
rennes,1000,4985.8374
rennes,1000,4990.4673
rennes,1000,4996.023
rennes,1000,5000.511
lyon,1000,4943.47
lyon,1000,4949.2036
lyon,1000,4954.2886
lyon,1000,4960.635
nancy,1000,5216.2466
lyon,1000,4966.3823
rennes,1000,4967.605
rennes,1000,4972.001
rennes,1000,4976.8076
rennes,1000,4981.745
rennes,1000,4986.173
nantes,1000,4910.28
nantes,1000,4916.552
nantes,1000,4921.7095
nantes,1000,4928.104
nancy,1000,5219.9033
nantes,1000,4934.269
nancy,1000,5009.996
nancy,1000,5013.57
nancy,1000,5017.4673
nancy,1000,5022.07
nancy,1000,5025.7505
rennes,1000,4925.0435
rennes,1000,4930.3066
rennes,1000,4934.3613
rennes,1000,4940.524
lyon,1000,5101.6885
nancy,1000,5195.59
rennes,1000,4924.4976
rennes,1000,5086.27
rennes,1000,5090.752
rennes,1000,5095.297
rennes,1000,5099.8555
rennes,1000,5105.138
nantes,1000,5058.7256
nantes,1000,5065.517
nantes,1000,5070.7065
nantes,1000,5077.9023
lyon,1000,5107.703
nantes,1000,5083.2837
nantes,1000,5030.548
nantes,1000,5037.178
nantes,1000,5042.1504
nantes,1000,5049.1724
nantes,1000,5054.6724
nancy,1000,5143.7754
nancy,1000,5147.005
nancy,1000,5150.7896
nancy,1000,5154.674
lyon,1000,5112.8516
nancy,1000,5158.8237
lyon,1000,5031.4194
lyon,1000,5038.2534
lyon,1000,5043.7197
lyon,1000,5050.1943
lyon,1000,5055.635
lyon,1000,5024.5884
lyon,1000,5030.7837
lyon,1000,5036.3857
lyon,1000,5041.9297
lyon,1000,5119.105
lyon,1000,5047.483
rennes,1000,5034.2886
rennes,1000,5038.5234
rennes,1000,5043.6426
rennes,1000,5048.083
rennes,1000,5053.383
nantes,1000,4974.9385
nantes,1000,4981.481
nantes,1000,4986.447
nantes,1000,4993.3687
lyon,1000,5124.39
nantes,1000,4998.401
nantes,1000,4965.177
nantes,1000,4971.2812
nantes,1000,4976.5728
nantes,1000,4983.9946
nantes,1000,4989.9873
lyon,1000,4972.434
lyon,1000,4977.97
lyon,1000,4984.645
lyon,1000,4990.703
nancy,1000,5180.132
lyon,1000,4995.9644
nancy,1000,5042.816
nancy,1000,5046.271
nancy,1000,5050.272
nancy,1000,5054.2705
nancy,1000,5058.147
nancy,1000,5038.6865
nancy,1000,5042.8794
nancy,1000,5046.517
nancy,1000,5050.281
nancy,1000,5183.6943
nancy,1000,5053.694
rennes,1000,4944.806
rennes,1000,4949.515
rennes,1000,4953.9097
rennes,1000,4959.4443
rennes,1000,4963.6064
lyon,1000,4911.964
lyon,1000,4918.4375
lyon,1000,4923.121
lyon,1000,4929.6387
nancy,1000,5187.785
lyon,1000,4934.885
rennes,1000,4945.1553
rennes,1000,4950.4146
rennes,1000,4954.3247
rennes,1000,4959.7266
rennes,1000,4964.2305
nantes,1000,4891.3257
nantes,1000,4897.0435
nantes,1000,4902.5215
nantes,1000,4909.105
nancy,1000,5191.8604
nantes,1000,4914.5693
nancy,1000,4986.6416
nancy,1000,4990.072
nancy,1000,4993.644
nancy,1000,4997.9077
nancy,1000,5002.5083
rennes,1000,4905.7793
rennes,1000,4910.857
rennes,1000,4915.2075
rennes,1000,4920.8735
lyon,1000,5087.087
nancy,1000,5222.111
rennes,1000,4945.391
rennes,1000,5094.4653
rennes,1000,5099.3735
rennes,1000,5104.0264
rennes,1000,5109.475
rennes,1000,5113.4004
nantes,1000,5067.3916
nantes,1000,5072.367
nantes,1000,5078.8657
nantes,1000,5084.9814
lyon,1000,5091.132
nantes,1000,5090.609
nantes,1000,5041.7754
nantes,1000,5049.238
nantes,1000,5053.882
nantes,1000,5061.653
nantes,1000,5066.1777
nancy,1000,5144.915
nancy,1000,5150.2837
nancy,1000,5153.306
nancy,1000,5157.3535
lyon,1000,5096.9854
nancy,1000,5161.646
lyon,1000,5046.106
lyon,1000,5051.1777
lyon,1000,5057.3096
lyon,1000,5062.393
lyon,1000,5069.1367
lyon,1000,5037.8135
lyon,1000,5045.4
lyon,1000,5049.246
lyon,1000,5055.1855
lyon,1000,5102.9707
lyon,1000,5062.04
rennes,1000,5067.3574
rennes,1000,5073.116
rennes,1000,5076.974
rennes,1000,5082.766
rennes,1000,5088.129
nantes,1000,4987.937
nantes,1000,4993.94
nantes,1000,4998.583
nantes,1000,5004.924
lyon,1000,5111.176
nantes,1000,5010.7505
nantes,1000,5002.775
nantes,1000,5007.593
nantes,1000,5012.6724
nantes,1000,5019.3223
nantes,1000,5025.275
lyon,1000,4976.117
lyon,1000,4982.135
lyon,1000,4986.341
lyon,1000,4993.458
nancy,1000,5207.5425
lyon,1000,4999.707
nancy,1000,5081.7
nancy,1000,5083.581
nancy,1000,5087.8965
nancy,1000,5091.6367
nancy,1000,5096.3813
nancy,1000,5055.5513
nancy,1000,5059.738
nancy,1000,5063.66
nancy,1000,5068.326
nancy,1000,5209.179
nancy,1000,5070.4844
rennes,1000,4978.615
rennes,1000,4983.624
rennes,1000,4987.908
rennes,1000,4994.1665
rennes,1000,4998.2437
lyon,1000,4944.842
lyon,1000,4951.4736
lyon,1000,4956.7476
lyon,1000,4962.2324
nancy,1000,5214.0503
lyon,1000,4969.303
rennes,1000,4967.5273
rennes,1000,4972.9
rennes,1000,4978.537
rennes,1000,4982.7783
rennes,1000,4988.1396
nantes,1000,4900.127
nantes,1000,4905.7866
nantes,1000,4913.1367
nantes,1000,4918.8164
nancy,1000,5217.828
nantes,1000,4926.04
nancy,1000,4998.0693
nancy,1000,5003.7075
nancy,1000,5007.104
nancy,1000,5011.182
nancy,1000,5015.676
rennes,1000,4926.6426
rennes,1000,4929.8784
rennes,1000,4934.6494
rennes,1000,4940.8413
lyon,1000,5121.5713
nancy,1000,5210.2935
rennes,1000,4948.849
rennes,1000,5089.3267
rennes,1000,5094.205
rennes,1000,5099.1626
rennes,1000,5103.661
rennes,1000,5107.8955
nantes,1000,5066.474
nantes,1000,5073.1274
nantes,1000,5078.495
nantes,1000,5083.948
lyon,1000,5127.223
nantes,1000,5089.574
nantes,1000,5054.2036
nantes,1000,5060.759
nantes,1000,5066.4097
nantes,1000,5072.768
nantes,1000,5078.6064
nancy,1000,5162.1025
nancy,1000,5165.786
nancy,1000,5169.7144
nancy,1000,5173.8037
lyon,1000,5131.9194
nancy,1000,5178.73
lyon,1000,5050.095
lyon,1000,5056.1626
lyon,1000,5062.198
lyon,1000,5067.9194
lyon,1000,5074.0825
lyon,1000,5041.3315
lyon,1000,5047.086
lyon,1000,5052.6426
lyon,1000,5059.1245
lyon,1000,5138.23
lyon,1000,5064.669
rennes,1000,5059.8286
rennes,1000,5064.051
rennes,1000,5069.3486
rennes,1000,5074.9565
rennes,1000,5078.569
nantes,1000,4994.477
nantes,1000,5000.1455
nantes,1000,5006.325
nantes,1000,5011.973
lyon,1000,5143.742
nantes,1000,5018.6455
nantes,1000,4994.246
nantes,1000,4999.7793
nantes,1000,5005.9487
nantes,1000,5011.7275
nantes,1000,5018.3013
lyon,1000,4996.0625
lyon,1000,5003.899
lyon,1000,5007.924
lyon,1000,5014.4756
nancy,1000,5194.034
lyon,1000,5020.8154
nancy,1000,5060.964
nancy,1000,5064.032
nancy,1000,5068.7666
nancy,1000,5073.485
nancy,1000,5076.814
nancy,1000,5052.978
nancy,1000,5056.8047
nancy,1000,5061.773
nancy,1000,5064.9194
nancy,1000,5197.66
nancy,1000,5068.8984
rennes,1000,4971.532
rennes,1000,4976.426
rennes,1000,4981.0596
rennes,1000,4985.3086
rennes,1000,4990.7217
lyon,1000,4944.146
lyon,1000,4950.709
lyon,1000,4956.432
lyon,1000,4962.6274
nancy,1000,5202.6177
lyon,1000,4967.684
rennes,1000,4965.8413
rennes,1000,4970.541
rennes,1000,4975.174
rennes,1000,4980.1846
rennes,1000,4984.2866
nantes,1000,4915.337
nantes,1000,4919.0913
nantes,1000,4925.8496
nantes,1000,4932.973
nancy,1000,5206.3853
nantes,1000,4938.437
nancy,1000,5010.8184
nancy,1000,5014.8706
nancy,1000,5019.523
nancy,1000,5023.4297
nancy,1000,5026.916
rennes,1000,4929.2095
rennes,1000,4934.347
rennes,1000,4940.005
rennes,1000,4943.994
lyon,1000,5151.7295
nancy,1000,5256.5034
rennes,1000,4979.066
rennes,1000,5124.595
rennes,1000,5128.4507
rennes,1000,5133.4053
rennes,1000,5138.304
rennes,1000,5142.2666
nantes,1000,5100.987
nantes,1000,5107.5347
nantes,1000,5113.9087
nantes,1000,5119.108
lyon,1000,5157.773
nantes,1000,5125.7437
nantes,1000,5092.645
nantes,1000,5099.125
nantes,1000,5103.1816
nantes,1000,5110.111
nantes,1000,5114.9463
nancy,1000,5195.3945
nancy,1000,5199.593
nancy,1000,5202.991
nancy,1000,5208.0396
lyon,1000,5162.268
nancy,1000,5210.5205
lyon,1000,5085.258
lyon,1000,5090.5566
lyon,1000,5095.959
lyon,1000,5102.7554
lyon,1000,5108.63
lyon,1000,5060.3374
lyon,1000,5066.9023
lyon,1000,5071.883
lyon,1000,5077.7153
lyon,1000,5169.0693
lyon,1000,5083.252
rennes,1000,5075.759
rennes,1000,5081.4688
rennes,1000,5086.1113
rennes,1000,5091.026
rennes,1000,5095.7847
nantes,1000,5023.3486
nantes,1000,5028.893
nantes,1000,5034.5376
nantes,1000,5041.049
lyon,1000,5173.851
nantes,1000,5046.5835
nantes,1000,5018.8994
nantes,1000,5025.3804
nantes,1000,5031.0503
nantes,1000,5038.198
nantes,1000,5044.7334
lyon,1000,4997.878
lyon,1000,5004.1514
lyon,1000,5008.5957
lyon,1000,5015.2856
nancy,1000,5240.095
lyon,1000,5020.627
nancy,1000,5117.776
nancy,1000,5121.696
nancy,1000,5125.3286
nancy,1000,5129.3745
nancy,1000,5133.627
nancy,1000,5092.5874
nancy,1000,5095.8647
nancy,1000,5100.2085
nancy,1000,5104.415
nancy,1000,5245.6406
nancy,1000,5108.209
rennes,1000,5002.5913
rennes,1000,5007.316
rennes,1000,5011.9272
rennes,1000,5017.0513
rennes,1000,5021.6685
lyon,1000,4964.186
lyon,1000,4971.0903
lyon,1000,4977.338
lyon,1000,4982.5615
nancy,1000,5248.764
lyon,1000,4987.579
rennes,1000,4991.9155
rennes,1000,4996.689
rennes,1000,5001.22
rennes,1000,5006.731
rennes,1000,5011.028
nantes,1000,4908.427
nantes,1000,4914.876
nantes,1000,4920.031
nantes,1000,4927.5806
nancy,1000,5252.2646
nantes,1000,4932.743
nancy,1000,5018.637
nancy,1000,5022.8975
nancy,1000,5026.462
nancy,1000,5030.8164
nancy,1000,5033.86
rennes,1000,4957.811
rennes,1000,4963.1606
rennes,1000,4967.2085
rennes,1000,4973.0527
lyon,1000,5128.9746
nancy,1000,5238.108
rennes,1000,4823.538
rennes,1000,5094.076
rennes,1000,5099.075
rennes,1000,5104.4736
rennes,1000,5108.7524
rennes,1000,5113.887
nantes,1000,5095.7847
nantes,1000,5101.579
nantes,1000,5106.9536
nantes,1000,5113.878
lyon,1000,5135.0884
nantes,1000,5119.798
nantes,1000,5062.763
nantes,1000,5068.831
nantes,1000,5074.537
nantes,1000,5081.1475
nantes,1000,5087.487
nancy,1000,5166.7847
nancy,1000,5170.434
nancy,1000,5174.1904
nancy,1000,5177.92
lyon,1000,5140.0786
nancy,1000,5182.0576
lyon,1000,5050.913
lyon,1000,5057.613
lyon,1000,5062.3354
lyon,1000,5068.812
lyon,1000,5074.234
lyon,1000,5047.916
lyon,1000,5054.57
lyon,1000,5059.506
lyon,1000,5065.63
lyon,1000,5147.3936
lyon,1000,5071.949
rennes,1000,5065.3994
rennes,1000,5069.931
rennes,1000,5074.2783
rennes,1000,5078.6357
rennes,1000,5084.4507
nantes,1000,5002.9873
nantes,1000,5007.925
nantes,1000,5014.0117
nantes,1000,5020.69
lyon,1000,5153.2354
nantes,1000,5027.6235
nantes,1000,4985.837
nantes,1000,4992.462
nantes,1000,4997.2754
nantes,1000,5004.2124
nantes,1000,5009.6416
lyon,1000,5000.5107
lyon,1000,5007.514
lyon,1000,5012.212
lyon,1000,5018.833
nancy,1000,5222.591
lyon,1000,5024.0366
nancy,1000,5068.57
nancy,1000,5072.283
nancy,1000,5075.9683
nancy,1000,5079.9404
nancy,1000,5083.634
nancy,1000,5057.973
nancy,1000,5061.5874
nancy,1000,5065.7573
nancy,1000,5069.255
nancy,1000,5226.01
nancy,1000,5073.758
rennes,1000,4860.8486
rennes,1000,4865.7573
rennes,1000,4870.5566
rennes,1000,4875.0933
rennes,1000,4879.1875
lyon,1000,4835.2026
lyon,1000,4839.0757
lyon,1000,4845.432
lyon,1000,4850.659
nancy,1000,5229.746
lyon,1000,4858.1475
rennes,1000,4835.337
rennes,1000,4840.169
rennes,1000,4845.1616
rennes,1000,4849.794
rennes,1000,4854.136
nantes,1000,4774.5386
nantes,1000,4780.688
nantes,1000,4785.9067
nantes,1000,4793.69
nancy,1000,5233.4614
nantes,1000,4798.8228
nancy,1000,4900.192
nancy,1000,4903.534
nancy,1000,4908.0503
nancy,1000,4911.577
nancy,1000,4915.0283
rennes,1000,4804.3545
rennes,1000,4808.5264
rennes,1000,4813.3403
rennes,1000,4818.2085
lyon,1000,5163.9775
nancy,1000,5270.767
rennes,1000,4970.528
rennes,1000,5151.5986
rennes,1000,5156.5117
rennes,1000,5161.734
rennes,1000,5166.25
rennes,1000,5171.5386
nantes,1000,5135.7207
nantes,1000,5141.814
nantes,1000,5147.1406
nantes,1000,5153.9814
lyon,1000,5170.1333
nantes,1000,5159.274
nantes,1000,5086.672
nantes,1000,5093.1973
nantes,1000,5098.399
nantes,1000,5104.3994
nantes,1000,5109.98
nancy,1000,5210.47
nancy,1000,5214.3506
nancy,1000,5217.904
nancy,1000,5220.8955
lyon,1000,5176.258
nancy,1000,5225.5386
lyon,1000,5081.4136
lyon,1000,5087.87
lyon,1000,5093.222
lyon,1000,5099.4336
lyon,1000,5105.235
lyon,1000,5074.5234
lyon,1000,5080.7876
lyon,1000,5086.163
lyon,1000,5092.0635
lyon,1000,5181.9673
lyon,1000,5097.827
rennes,1000,5106.9106
rennes,1000,5112.021
rennes,1000,5116.7144
rennes,1000,5120.781
rennes,1000,5126.154
nantes,1000,5039.8423
nantes,1000,5046.9536
nantes,1000,5051.9185
nantes,1000,5058.6035
lyon,1000,5187.385
nantes,1000,5064.6055
nantes,1000,5018.345
nantes,1000,5024.22
nantes,1000,5029.688
nantes,1000,5036.0205
nantes,1000,5042.0693
lyon,1000,5018.1733
lyon,1000,5024.6133
lyon,1000,5029.3013
lyon,1000,5035.9805
nancy,1000,5255.617
lyon,1000,5041.9834
nancy,1000,5122.479
nancy,1000,5126.1367
nancy,1000,5130.161
nancy,1000,5133.267
nancy,1000,5137.0938
nancy,1000,5103.458
nancy,1000,5106.641
nancy,1000,5111.0605
nancy,1000,5114.8335
nancy,1000,5258.75
nancy,1000,5119.517
rennes,1000,4975.0264
rennes,1000,4979.7183
rennes,1000,4984.064
rennes,1000,4988.197
rennes,1000,4993.6216
lyon,1000,4964.8813
lyon,1000,4971.5557
lyon,1000,4976.7686
lyon,1000,4983.522
nancy,1000,5262.3696
lyon,1000,4988.7935
rennes,1000,4982.563
rennes,1000,4987.21
rennes,1000,4991.975
rennes,1000,4997.5303
rennes,1000,5002.5864
nantes,1000,4931.526
nantes,1000,4937.7544
nantes,1000,4942.692
nantes,1000,4949.07
nancy,1000,5266.7134
nantes,1000,4955.0815
nancy,1000,5036.762
nancy,1000,5040.726
nancy,1000,5044.691
nancy,1000,5048.9443
nancy,1000,5052.4795
rennes,1000,4951.833
rennes,1000,4956.4604
rennes,1000,4960.583
rennes,1000,4966.493
lyon,100000,5123.8486
lyon,100000,5123.886
lyon,100000,5123.8936
lyon,100000,5123.9062
lyon,100000,5123.9116
lyon,100000,5123.9175
lyon,100000,5123.9253
lyon,100000,5123.93
lyon,100000,5123.9346
lyon,100000,5153.4473
lyon,100000,5153.4927
lyon,100000,5153.5044
lyon,100000,5153.5137
lyon,100000,5153.523
lyon,100000,5153.534
lyon,100000,5153.543
lyon,100000,5153.5522
lyon,100000,5153.5615
lyon,100000,5176.46
lyon,100000,5176.4873
lyon,100000,5176.494
lyon,100000,5176.4995
lyon,100000,5176.5063
lyon,100000,5176.512
lyon,100000,5176.541
lyon,100000,5176.5474
lyon,100000,5176.5747
lyon,100000,5199.5757
lyon,100000,5199.611
lyon,100000,5199.633
lyon,100000,5199.642
lyon,100000,5199.652
lyon,100000,5199.6655
lyon,100000,5199.6753
lyon,100000,5199.684
lyon,100000,5199.7095
lyon,100000,5222.7935
lyon,100000,5222.814
lyon,100000,5222.8203
lyon,100000,5222.8315
lyon,100000,5222.8364
lyon,100000,5222.8423
lyon,100000,5222.8496
lyon,100000,5222.854
lyon,100000,5222.859
lyon,100000,5245.842
lyon,100000,5245.8633
lyon,100000,5245.87
lyon,100000,5245.8755
lyon,100000,5245.9033
lyon,100000,5245.9106
lyon,100000,5245.916
lyon,100000,5245.921
lyon,100000,5245.9253
lyon,100000,5268.9614
lyon,100000,5268.9834
lyon,100000,5268.99
lyon,100000,5268.995
lyon,100000,5268.9995
lyon,100000,5269.005
lyon,100000,5269.0103
lyon,100000,5269.0146
lyon,100000,5269.0195
lyon,100000,5291.9165
lyon,100000,5291.9385
lyon,100000,5291.9443
lyon,100000,5291.9497
lyon,100000,5291.9546
lyon,100000,5291.9595
lyon,100000,5291.965
lyon,100000,5291.9697
lyon,100000,5291.9746
lyon,100000,5314.934
lyon,100000,5314.956
lyon,100000,5314.9863
lyon,100000,5314.993
lyon,100000,5314.998
lyon,100000,5315.0034
nancy,100000,5213.1323
nancy,100000,5213.151
nancy,100000,5213.1567
nancy,100000,5213.1665
nancy,100000,5213.17
nancy,100000,5213.1733
nancy,100000,5213.1777
nancy,100000,5213.181
nancy,100000,5213.185
nancy,100000,5242.705
nancy,100000,5242.757
nancy,100000,5242.7705
nancy,100000,5242.7817
nancy,100000,5242.791
nancy,100000,5242.8013
nancy,100000,5242.8115
nancy,100000,5242.8213
nancy,100000,5242.832
nancy,100000,5265.639
nancy,100000,5265.6924
nancy,100000,5265.7065
nancy,100000,5265.7163
nancy,100000,5265.731
nancy,100000,5265.7407
nancy,100000,5265.7964
nancy,100000,5265.8066
nancy,100000,5265.822
nancy,100000,5288.7793
nancy,100000,5288.823
nancy,100000,5288.835
nancy,100000,5288.8384
nancy,100000,5288.842
nancy,100000,5288.846
nancy,100000,5288.849
nancy,100000,5288.8525
nancy,100000,5288.864
nancy,100000,5311.9956
nancy,100000,5312.037
nancy,100000,5312.051
nancy,100000,5312.0723
nancy,100000,5312.0825
nancy,100000,5312.092
nancy,100000,5312.1055
nancy,100000,5312.1157
nancy,100000,5312.126
nancy,100000,5335.022
nancy,100000,5335.063
nancy,100000,5335.077
nancy,100000,5335.09
nancy,100000,5335.1426
nancy,100000,5335.1543
nancy,100000,5335.164
nancy,100000,5335.174
nancy,100000,5335.1846
nancy,100000,5358.182
nancy,100000,5358.2246
nancy,100000,5358.239
nancy,100000,5358.2495
nancy,100000,5358.2603
nancy,100000,5358.27
nancy,100000,5358.2812
nancy,100000,5358.291
nancy,100000,5358.303
nancy,100000,5381.103
nancy,100000,5381.146
nancy,100000,5381.16
nancy,100000,5381.1714
nancy,100000,5381.1816
nancy,100000,5381.192
nancy,100000,5381.2017
nancy,100000,5381.212
nancy,100000,5381.2227
nancy,100000,5404.1196
nancy,100000,5404.1616
nancy,100000,5404.2153
nancy,100000,5404.2197
nancy,100000,5404.223
nancy,100000,5404.226
rennes,100000,4996.02
rennes,100000,4996.0776
rennes,100000,4996.1016
rennes,100000,4996.122
rennes,100000,4996.1406
rennes,100000,4996.165
rennes,100000,4996.174
rennes,100000,4996.182
rennes,100000,4996.191
rennes,100000,5018.921
rennes,100000,5018.9526
rennes,100000,5018.965
rennes,100000,5018.9746
rennes,100000,5018.9893
rennes,100000,5018.999
rennes,100000,5019.0405
rennes,100000,5019.053
rennes,100000,5019.0806
rennes,100000,5042.0635
rennes,100000,5042.087
rennes,100000,5042.106
rennes,100000,5042.1157
rennes,100000,5042.1245
rennes,100000,5042.1387
rennes,100000,5042.1475
rennes,100000,5042.1567
rennes,100000,5042.1914
rennes,100000,5065.3657
rennes,100000,5065.388
rennes,100000,5065.399
rennes,100000,5065.4146
rennes,100000,5065.4233
rennes,100000,5065.432
rennes,100000,5065.446
rennes,100000,5065.455
rennes,100000,5065.463
rennes,100000,5088.41
rennes,100000,5088.4536
rennes,100000,5088.4766
rennes,100000,5088.496
rennes,100000,5088.5576
rennes,100000,5088.57
rennes,100000,5088.578
rennes,100000,5088.587
rennes,100000,5088.595
rennes,100000,5111.518
rennes,100000,5111.5405
rennes,100000,5111.551
rennes,100000,5111.56
rennes,100000,5111.569
rennes,100000,5111.5776
rennes,100000,5111.5854
rennes,100000,5111.5947
rennes,100000,5111.6157
rennes,100000,5134.4307
rennes,100000,5134.453
rennes,100000,5134.4644
rennes,100000,5134.473
rennes,100000,5134.4824
rennes,100000,5134.491
rennes,100000,5134.4995
rennes,100000,5134.5083
rennes,100000,5134.5166
rennes,100000,5157.3735
rennes,100000,5157.396
rennes,100000,5157.435
rennes,100000,5157.46
rennes,100000,5157.468
rennes,100000,5157.4766
rennes,100000,5149.5522
rennes,100000,5149.5796
rennes,100000,5149.5864
rennes,100000,5149.591
rennes,100000,5149.5957
rennes,100000,5149.6006
rennes,100000,5149.6055
rennes,100000,5149.61
rennes,100000,5149.615
rennes,100000,5172.5376
rennes,100000,5172.5654
rennes,100000,5172.572
rennes,100000,5172.577
rennes,100000,5172.585
rennes,100000,5172.59
rennes,100000,5172.6196
rennes,100000,5172.627
rennes,100000,5172.6357
rennes,100000,5195.6797
rennes,100000,5195.715
rennes,100000,5195.739
rennes,100000,5195.7495
rennes,100000,5195.7593
rennes,100000,5195.7734
rennes,100000,5195.7837
rennes,100000,5195.7925
rennes,100000,5195.819
rennes,100000,5218.87
rennes,100000,5218.891
rennes,100000,5218.8975
rennes,100000,5218.9097
rennes,100000,5218.9146
rennes,100000,5218.9194
rennes,100000,5218.927
rennes,100000,5218.9316
rennes,100000,5218.936
rennes,100000,5241.91
rennes,100000,5241.931
rennes,100000,5241.937
rennes,100000,5241.942
rennes,100000,5241.971
rennes,100000,5241.978
rennes,100000,5241.983
rennes,100000,5241.9873
rennes,100000,5241.9927
rennes,100000,5265.053
rennes,100000,5265.0923
rennes,100000,5265.0996
rennes,100000,5265.105
rennes,100000,5265.109
rennes,100000,5265.114
rennes,100000,5265.1187
rennes,100000,5265.1235
rennes,100000,5265.1274
rennes,100000,5287.9644
rennes,100000,5288.0
rennes,100000,5288.0127
rennes,100000,5288.0234
rennes,100000,5288.0337
rennes,100000,5288.043
rennes,100000,5288.0527
rennes,100000,5288.0625
rennes,100000,5288.0728
rennes,100000,5310.943
rennes,100000,5310.964
rennes,100000,5310.994
rennes,100000,5311.002
rennes,100000,5311.006
rennes,100000,5311.0107
rennes,100000,5124.6714
rennes,100000,5124.6904
rennes,100000,5124.6963
rennes,100000,5124.7085
rennes,100000,5124.714
rennes,100000,5124.719
rennes,100000,5124.728
rennes,100000,5124.733
rennes,100000,5124.738
rennes,100000,5154.281
rennes,100000,5154.3066
rennes,100000,5154.313
rennes,100000,5154.3184
rennes,100000,5154.323
rennes,100000,5154.328
rennes,100000,5154.333
rennes,100000,5154.338
rennes,100000,5154.3433
rennes,100000,5177.272
rennes,100000,5177.2983
rennes,100000,5177.305
rennes,100000,5177.31
rennes,100000,5177.3184
rennes,100000,5177.324
rennes,100000,5177.355
rennes,100000,5177.362
rennes,100000,5177.3716
rennes,100000,5200.4336
rennes,100000,5200.4688
rennes,100000,5200.4927
rennes,100000,5200.504
rennes,100000,5200.5137
rennes,100000,5200.53
rennes,100000,5200.5405
rennes,100000,5200.551
rennes,100000,5200.5776
rennes,100000,5223.5986
rennes,100000,5223.618
rennes,100000,5223.6245
rennes,100000,5223.637
rennes,100000,5223.6426
rennes,100000,5223.647
rennes,100000,5223.6562
rennes,100000,5223.661
rennes,100000,5223.666
rennes,100000,5246.645
rennes,100000,5246.6646
rennes,100000,5246.6714
rennes,100000,5246.676
rennes,100000,5246.7153
rennes,100000,5246.723
rennes,100000,5246.728
rennes,100000,5246.7334
rennes,100000,5246.738
rennes,100000,5269.809
rennes,100000,5269.83
rennes,100000,5269.837
rennes,100000,5269.842
rennes,100000,5269.8467
rennes,100000,5269.851
rennes,100000,5269.857
rennes,100000,5269.862
rennes,100000,5269.8667
rennes,100000,5292.7163
rennes,100000,5292.754
rennes,100000,5292.7666
rennes,100000,5292.7764
rennes,100000,5292.7866
rennes,100000,5292.7964
rennes,100000,5292.807
rennes,100000,5292.817
rennes,100000,5292.827
rennes,100000,5315.6763
rennes,100000,5315.696
rennes,100000,5315.7275
rennes,100000,5315.7344
rennes,100000,5315.751
rennes,100000,5315.7563
rennes,100000,5158.934
rennes,100000,5158.9604
rennes,100000,5158.967
rennes,100000,5158.9717
rennes,100000,5158.9766
rennes,100000,5158.9814
rennes,100000,5158.9863
rennes,100000,5158.991
rennes,100000,5158.996
rennes,100000,5181.9185
rennes,100000,5181.9453
rennes,100000,5181.952
rennes,100000,5181.956
rennes,100000,5181.9644
rennes,100000,5181.969
rennes,100000,5181.9985
rennes,100000,5182.006
rennes,100000,5182.014
rennes,100000,5205.0786
rennes,100000,5205.1133
rennes,100000,5205.137
rennes,100000,5205.148
rennes,100000,5205.157
rennes,100000,5205.172
rennes,100000,5205.1826
rennes,100000,5205.192
rennes,100000,5205.2197
rennes,100000,5228.252
rennes,100000,5228.2715
rennes,100000,5228.278
rennes,100000,5228.29
rennes,100000,5228.2954
rennes,100000,5228.3
rennes,100000,5228.3076
rennes,100000,5228.3125
rennes,100000,5228.3174
rennes,100000,5251.2925
rennes,100000,5251.3125
rennes,100000,5251.319
rennes,100000,5251.324
rennes,100000,5251.3535
rennes,100000,5251.3604
rennes,100000,5251.365
rennes,100000,5251.373
rennes,100000,5251.377
rennes,100000,5274.459
rennes,100000,5274.4795
rennes,100000,5274.486
rennes,100000,5274.491
rennes,100000,5274.4956
rennes,100000,5274.501
rennes,100000,5274.506
rennes,100000,5274.5103
rennes,100000,5274.515
rennes,100000,5297.36
rennes,100000,5297.395
rennes,100000,5297.408
rennes,100000,5297.4175
rennes,100000,5297.428
rennes,100000,5297.437
rennes,100000,5297.448
rennes,100000,5297.458
rennes,100000,5297.468
rennes,100000,5320.3237
rennes,100000,5320.3438
rennes,100000,5320.3774
rennes,100000,5320.3843
rennes,100000,5320.3887
rennes,100000,5320.4062
rennes,100000,5163.5522
rennes,100000,5163.5796
rennes,100000,5163.5854
rennes,100000,5163.5903
rennes,100000,5163.595
rennes,100000,5163.6
rennes,100000,5163.605
rennes,100000,5163.61
rennes,100000,5163.6147
rennes,100000,5186.534
rennes,100000,5186.561
rennes,100000,5186.568
rennes,100000,5186.5728
rennes,100000,5186.58
rennes,100000,5186.5854
rennes,100000,5186.617
rennes,100000,5186.625
rennes,100000,5186.634
rennes,100000,5209.697
rennes,100000,5209.732
rennes,100000,5209.755
rennes,100000,5209.7656
rennes,100000,5209.7754
rennes,100000,5209.79
rennes,100000,5209.8013
rennes,100000,5209.8105
rennes,100000,5209.8374
rennes,100000,5232.8696
rennes,100000,5232.891
rennes,100000,5232.897
rennes,100000,5232.9087
rennes,100000,5232.9136
rennes,100000,5232.9185
rennes,100000,5232.9263
rennes,100000,5232.931
rennes,100000,5232.936
rennes,100000,5255.91
rennes,100000,5255.929
rennes,100000,5255.935
rennes,100000,5255.94
rennes,100000,5255.969
rennes,100000,5255.9766
rennes,100000,5255.983
rennes,100000,5255.988
rennes,100000,5255.992
rennes,100000,5279.0767
rennes,100000,5279.097
rennes,100000,5279.1035
rennes,100000,5279.1084
rennes,100000,5279.113
rennes,100000,5279.1177
rennes,100000,5279.123
rennes,100000,5279.127
rennes,100000,5279.132
rennes,100000,5301.978
rennes,100000,5302.0127
rennes,100000,5302.0254
rennes,100000,5302.035
rennes,100000,5302.0454
rennes,100000,5302.0547
rennes,100000,5302.0654
rennes,100000,5302.0747
rennes,100000,5302.085
rennes,100000,5324.942
rennes,100000,5324.963
rennes,100000,5324.9946
rennes,100000,5325.002
rennes,100000,5325.0063
rennes,100000,5325.024
rennes,100000,5168.21
rennes,100000,5168.2363
rennes,100000,5168.243
rennes,100000,5168.2476
rennes,100000,5168.2524
rennes,100000,5168.258
rennes,100000,5168.2627
rennes,100000,5168.2676
rennes,100000,5168.273
rennes,100000,5191.1904
rennes,100000,5191.2173
rennes,100000,5191.224
rennes,100000,5191.229
rennes,100000,5191.2373
rennes,100000,5191.242
rennes,100000,5191.2715
rennes,100000,5191.279
rennes,100000,5191.288
rennes,100000,5214.3486
rennes,100000,5214.3843
rennes,100000,5214.407
rennes,100000,5214.4175
rennes,100000,5214.4272
rennes,100000,5214.4434
rennes,100000,5214.453
rennes,100000,5214.4624
rennes,100000,5214.49
rennes,100000,5237.529
rennes,100000,5237.549
rennes,100000,5237.5547
rennes,100000,5237.567
rennes,100000,5237.572
rennes,100000,5237.577
rennes,100000,5237.585
rennes,100000,5237.59
rennes,100000,5237.5947
rennes,100000,5260.563
rennes,100000,5260.584
rennes,100000,5260.59
rennes,100000,5260.5947
rennes,100000,5260.6743
rennes,100000,5260.684
rennes,100000,5260.689
rennes,100000,5260.693
rennes,100000,5260.6978
rennes,100000,5283.732
rennes,100000,5283.7534
rennes,100000,5283.76
rennes,100000,5283.764
rennes,100000,5283.769
rennes,100000,5283.7744
rennes,100000,5283.7793
rennes,100000,5283.783
rennes,100000,5283.788
rennes,100000,5306.632
rennes,100000,5306.6675
rennes,100000,5306.679
rennes,100000,5306.6895
rennes,100000,5306.699
rennes,100000,5306.71
rennes,100000,5306.719
rennes,100000,5306.7295
rennes,100000,5306.739
rennes,100000,5329.595
rennes,100000,5329.6167
rennes,100000,5329.648
rennes,100000,5329.6553
rennes,100000,5329.66
rennes,100000,5329.665
nantes,100000,5121.138
nantes,100000,5121.165
nantes,100000,5121.172
nantes,100000,5121.1777
nantes,100000,5121.1826
nantes,100000,5121.1875
nantes,100000,5121.1934
nantes,100000,5121.1987
nantes,100000,5121.204
nantes,100000,5144.053
nantes,100000,5144.1
nantes,100000,5144.114
nantes,100000,5144.1235
nantes,100000,5144.138
nantes,100000,5144.1484
nantes,100000,5144.1587
nantes,100000,5144.209
nantes,100000,5144.225
nantes,100000,5167.2847
nantes,100000,5167.306
nantes,100000,5167.3203
nantes,100000,5167.3257
nantes,100000,5167.3306
nantes,100000,5167.339
nantes,100000,5167.3438
nantes,100000,5167.349
nantes,100000,5167.3643
nantes,100000,5190.418
nantes,100000,5190.4395
nantes,100000,5190.4463
nantes,100000,5190.458
nantes,100000,5190.4634
nantes,100000,5190.4688
nantes,100000,5190.483
nantes,100000,5190.489
nantes,100000,5190.494
nantes,100000,5213.4785
nantes,100000,5213.512
nantes,100000,5213.525
nantes,100000,5213.5347
nantes,100000,5213.5884
nantes,100000,5213.5957
nantes,100000,5213.6006
nantes,100000,5213.6064
nantes,100000,5213.612
nantes,100000,5236.6255
nantes,100000,5236.648
nantes,100000,5236.6553
nantes,100000,5236.6606
nantes,100000,5236.6655
nantes,100000,5236.671
nantes,100000,5236.677
nantes,100000,5236.682
nantes,100000,5236.6865
nantes,100000,5259.5454
nantes,100000,5259.5815
nantes,100000,5259.5938
nantes,100000,5259.6045
nantes,100000,5259.614
nantes,100000,5259.6235
nantes,100000,5259.634
nantes,100000,5259.643
nantes,100000,5259.653
nantes,100000,5282.501
nantes,100000,5282.5215
nantes,100000,5282.5547
nantes,100000,5282.562
nantes,100000,5282.567
nantes,100000,5282.589
nantes,100000,5127.4155
nantes,100000,5127.4434
nantes,100000,5127.4507
nantes,100000,5127.4556
nantes,100000,5127.4604
nantes,100000,5127.4663
nantes,100000,5127.4717
nantes,100000,5127.476
nantes,100000,5127.4814
nantes,100000,5150.338
nantes,100000,5150.3833
nantes,100000,5150.396
nantes,100000,5150.405
nantes,100000,5150.4194
nantes,100000,5150.428
nantes,100000,5150.4824
nantes,100000,5150.494
nantes,100000,5150.5093
nantes,100000,5173.5615
nantes,100000,5173.5825
nantes,100000,5173.5967
nantes,100000,5173.602
nantes,100000,5173.6074
nantes,100000,5173.6157
nantes,100000,5173.6216
nantes,100000,5173.6265
nantes,100000,5173.6426
nantes,100000,5196.703
nantes,100000,5196.724
nantes,100000,5196.7305
nantes,100000,5196.7437
nantes,100000,5196.7485
nantes,100000,5196.7534
nantes,100000,5196.7627
nantes,100000,5196.7676
nantes,100000,5196.773
nantes,100000,5219.7627
nantes,100000,5219.7983
nantes,100000,5219.811
nantes,100000,5219.821
nantes,100000,5219.8716
nantes,100000,5219.88
nantes,100000,5219.8853
nantes,100000,5219.891
nantes,100000,5219.896
nantes,100000,5242.9106
nantes,100000,5242.933
nantes,100000,5242.94
nantes,100000,5242.9453
nantes,100000,5242.95
nantes,100000,5242.955
nantes,100000,5242.9604
nantes,100000,5242.9653
nantes,100000,5242.9707
nantes,100000,5265.8276
nantes,100000,5265.864
nantes,100000,5265.876
nantes,100000,5265.8857
nantes,100000,5265.8955
nantes,100000,5265.9043
nantes,100000,5265.9146
nantes,100000,5265.9233
nantes,100000,5265.9326
nantes,100000,5288.7847
nantes,100000,5288.806
nantes,100000,5288.8384
nantes,100000,5288.846
nantes,100000,5288.851
nantes,100000,5288.8726
nantes,100000,5132.2393
nantes,100000,5132.269
nantes,100000,5132.276
nantes,100000,5132.2817
nantes,100000,5132.287
nantes,100000,5132.2925
nantes,100000,5132.2974
nantes,100000,5132.3027
nantes,100000,5132.3076
nantes,100000,5155.142
nantes,100000,5155.19
nantes,100000,5155.203
nantes,100000,5155.2134
nantes,100000,5155.228
nantes,100000,5155.2383
nantes,100000,5155.247
nantes,100000,5155.2954
nantes,100000,5155.3135
nantes,100000,5178.386
nantes,100000,5178.4087
nantes,100000,5178.423
nantes,100000,5178.4287
nantes,100000,5178.434
nantes,100000,5178.4414
nantes,100000,5178.447
nantes,100000,5178.4517
nantes,100000,5178.4663
nantes,100000,5201.5273
nantes,100000,5201.55
nantes,100000,5201.557
nantes,100000,5201.569
nantes,100000,5201.575
nantes,100000,5201.58
nantes,100000,5201.591
nantes,100000,5201.596
nantes,100000,5201.6016
nantes,100000,5224.5654
nantes,100000,5224.602
nantes,100000,5224.6143
nantes,100000,5224.625
nantes,100000,5224.6865
nantes,100000,5224.6963
nantes,100000,5224.701
nantes,100000,5224.706
nantes,100000,5224.7114
nantes,100000,5247.7036
nantes,100000,5247.7505
nantes,100000,5247.758
nantes,100000,5247.7637
nantes,100000,5247.7686
nantes,100000,5247.7734
nantes,100000,5247.7793
nantes,100000,5247.784
nantes,100000,5247.7896
nantes,100000,5270.631
nantes,100000,5270.6685
nantes,100000,5270.681
nantes,100000,5270.6914
nantes,100000,5270.701
nantes,100000,5270.71
nantes,100000,5270.7197
nantes,100000,5270.7285
nantes,100000,5270.7397
nantes,100000,5293.6074
nantes,100000,5293.63
nantes,100000,5293.667
nantes,100000,5293.6753
nantes,100000,5293.681
nantes,100000,5293.686
nantes,100000,5139.3037
nantes,100000,5139.3325
nantes,100000,5139.3394
nantes,100000,5139.345
nantes,100000,5139.3506
nantes,100000,5139.356
nantes,100000,5139.362
nantes,100000,5139.367
nantes,100000,5139.3726
nantes,100000,5162.2266
nantes,100000,5162.271
nantes,100000,5162.283
nantes,100000,5162.293
nantes,100000,5162.3066
nantes,100000,5162.3174
nantes,100000,5162.3687
nantes,100000,5162.381
nantes,100000,5162.3955
nantes,100000,5185.45
nantes,100000,5185.4727
nantes,100000,5185.4863
nantes,100000,5185.4917
nantes,100000,5185.4966
nantes,100000,5185.5054
nantes,100000,5185.5107
nantes,100000,5185.516
nantes,100000,5185.532
nantes,100000,5208.5913
nantes,100000,5208.613
nantes,100000,5208.6196
nantes,100000,5208.632
nantes,100000,5208.6377
nantes,100000,5208.643
nantes,100000,5208.6514
nantes,100000,5208.6567
nantes,100000,5208.662
nantes,100000,5231.6523
nantes,100000,5231.6865
nantes,100000,5231.6987
nantes,100000,5231.7085
nantes,100000,5231.7603
nantes,100000,5231.7686
nantes,100000,5231.774
nantes,100000,5231.78
nantes,100000,5231.7847
nantes,100000,5254.8
nantes,100000,5254.822
nantes,100000,5254.8296
nantes,100000,5254.8345
nantes,100000,5254.84
nantes,100000,5254.8457
nantes,100000,5254.8516
nantes,100000,5254.857
nantes,100000,5254.862
nantes,100000,5277.717
nantes,100000,5277.752
nantes,100000,5277.7637
nantes,100000,5277.774
nantes,100000,5277.7837
nantes,100000,5277.7935
nantes,100000,5277.804
nantes,100000,5277.814
nantes,100000,5277.8237
nantes,100000,5300.6733
nantes,100000,5300.6963
nantes,100000,5300.7305
nantes,100000,5300.738
nantes,100000,5300.7593
nantes,100000,5300.765
lyon,100000,5160.087
lyon,100000,5160.1313
lyon,100000,5160.144
lyon,100000,5160.1533
lyon,100000,5160.1626
lyon,100000,5160.172
lyon,100000,5160.1816
lyon,100000,5160.191
lyon,100000,5160.2007
lyon,100000,5183.0894
lyon,100000,5183.118
lyon,100000,5183.1245
lyon,100000,5183.13
lyon,100000,5183.1377
lyon,100000,5183.1426
lyon,100000,5183.1743
lyon,100000,5183.2
lyon,100000,5183.2095
lyon,100000,5206.2144
lyon,100000,5206.2495
lyon,100000,5206.272
lyon,100000,5206.282
lyon,100000,5206.291
lyon,100000,5206.3057
lyon,100000,5206.3154
lyon,100000,5206.3247
lyon,100000,5206.35
lyon,100000,5229.419
lyon,100000,5229.44
lyon,100000,5229.446
lyon,100000,5229.458
lyon,100000,5229.463
lyon,100000,5229.4683
lyon,100000,5229.476
lyon,100000,5229.481
lyon,100000,5229.4854
lyon,100000,5252.4717
lyon,100000,5252.492
lyon,100000,5252.498
lyon,100000,5252.503
lyon,100000,5252.5317
lyon,100000,5252.538
lyon,100000,5252.5435
lyon,100000,5252.5483
lyon,100000,5252.553
lyon,100000,5275.5845
lyon,100000,5275.6055
lyon,100000,5275.612
lyon,100000,5275.6167
lyon,100000,5275.6216
lyon,100000,5275.626
lyon,100000,5275.6313
lyon,100000,5275.6367
lyon,100000,5275.6416
lyon,100000,5298.542
lyon,100000,5298.564
lyon,100000,5298.5703
lyon,100000,5298.575
lyon,100000,5298.58
lyon,100000,5298.585
lyon,100000,5298.5903
lyon,100000,5298.595
lyon,100000,5298.6
lyon,100000,5321.5645
lyon,100000,5321.587
lyon,100000,5321.6177
lyon,100000,5321.625
lyon,100000,5321.6294
lyon,100000,5321.635
nantes,100000,5145.0967
nantes,100000,5145.1255
nantes,100000,5145.132
nantes,100000,5145.1377
nantes,100000,5145.143
nantes,100000,5145.1484
nantes,100000,5145.1533
nantes,100000,5145.1587
nantes,100000,5145.164
nantes,100000,5168.0215
nantes,100000,5168.066
nantes,100000,5168.078
nantes,100000,5168.0874
nantes,100000,5168.101
nantes,100000,5168.1113
nantes,100000,5168.163
nantes,100000,5168.175
nantes,100000,5168.189
nantes,100000,5191.243
nantes,100000,5191.2656
nantes,100000,5191.2793
nantes,100000,5191.2847
nantes,100000,5191.29
nantes,100000,5191.2983
nantes,100000,5191.303
nantes,100000,5191.3086
nantes,100000,5191.3237
nantes,100000,5214.3853
nantes,100000,5214.4077
nantes,100000,5214.4146
nantes,100000,5214.4263
nantes,100000,5214.4316
nantes,100000,5214.4365
nantes,100000,5214.4443
nantes,100000,5214.4487
nantes,100000,5214.454
nantes,100000,5237.4365
nantes,100000,5237.4727
nantes,100000,5237.4844
nantes,100000,5237.494
nantes,100000,5237.5527
nantes,100000,5237.5605
nantes,100000,5237.566
nantes,100000,5237.571
nantes,100000,5237.576
nantes,100000,5260.597
nantes,100000,5260.6196
nantes,100000,5260.627
nantes,100000,5260.632
nantes,100000,5260.6367
nantes,100000,5260.643
nantes,100000,5260.6484
nantes,100000,5260.6533
nantes,100000,5260.658
nantes,100000,5283.5024
nantes,100000,5283.5376
nantes,100000,5283.5493
nantes,100000,5283.559
nantes,100000,5283.569
nantes,100000,5283.5796
nantes,100000,5283.5894
nantes,100000,5283.599
nantes,100000,5283.609
nantes,100000,5306.465
nantes,100000,5306.4873
nantes,100000,5306.519
nantes,100000,5306.5264
nantes,100000,5306.5317
nantes,100000,5306.5366
nantes,100000,5054.4683
nantes,100000,5054.4897
nantes,100000,5054.496
nantes,100000,5054.51
nantes,100000,5054.5156
nantes,100000,5054.5215
nantes,100000,5054.53
nantes,100000,5054.535
nantes,100000,5054.541
nantes,100000,5084.1626
nantes,100000,5084.1914
nantes,100000,5084.198
nantes,100000,5084.204
nantes,100000,5084.2095
nantes,100000,5084.215
nantes,100000,5084.2197
nantes,100000,5084.226
nantes,100000,5084.2314
nantes,100000,5107.106
nantes,100000,5107.1343
nantes,100000,5107.1416
nantes,100000,5107.147
nantes,100000,5107.156
nantes,100000,5107.161
nantes,100000,5107.196
nantes,100000,5107.2036
nantes,100000,5107.2124
nantes,100000,5130.286
nantes,100000,5130.3213
nantes,100000,5130.344
nantes,100000,5130.3545
nantes,100000,5130.3633
nantes,100000,5130.395
nantes,100000,5130.401
nantes,100000,5130.406
nantes,100000,5130.422
nantes,100000,5153.4907
nantes,100000,5153.512
nantes,100000,5153.5186
nantes,100000,5153.5317
nantes,100000,5153.5366
nantes,100000,5153.5415
nantes,100000,5153.553
nantes,100000,5153.558
nantes,100000,5153.5635
nantes,100000,5176.5117
nantes,100000,5176.548
nantes,100000,5176.5605
nantes,100000,5176.5703
nantes,100000,5176.6245
nantes,100000,5176.631
nantes,100000,5176.636
nantes,100000,5176.6416
nantes,100000,5176.646
nantes,100000,5199.6353
nantes,100000,5199.654
nantes,100000,5199.6597
nantes,100000,5199.6646
nantes,100000,5199.6694
nantes,100000,5199.675
nantes,100000,5199.6797
nantes,100000,5199.685
nantes,100000,5199.69
nantes,100000,5222.562
nantes,100000,5222.5967
nantes,100000,5222.609
nantes,100000,5222.6187
nantes,100000,5222.6284
nantes,100000,5222.6387
nantes,100000,5222.648
nantes,100000,5222.6577
nantes,100000,5222.667
nantes,100000,5245.4653
nantes,100000,5245.4834
nantes,100000,5245.511
nantes,100000,5245.5176
nantes,100000,5245.523
nantes,100000,5245.528
nantes,100000,5060.846
nantes,100000,5060.868
nantes,100000,5060.8745
nantes,100000,5060.8867
nantes,100000,5060.892
nantes,100000,5060.897
nantes,100000,5060.9053
nantes,100000,5060.9106
nantes,100000,5060.9155
nantes,100000,5090.5415
nantes,100000,5090.5684
nantes,100000,5090.5757
nantes,100000,5090.581
nantes,100000,5090.5864
nantes,100000,5090.591
nantes,100000,5090.596
nantes,100000,5090.602
nantes,100000,5090.6064
nantes,100000,5113.491
nantes,100000,5113.5195
nantes,100000,5113.5264
nantes,100000,5113.5317
nantes,100000,5113.5396
nantes,100000,5113.545
nantes,100000,5113.5757
nantes,100000,5113.5835
nantes,100000,5113.5933
nantes,100000,5136.672
nantes,100000,5136.7065
nantes,100000,5136.729
nantes,100000,5136.7393
nantes,100000,5136.7485
nantes,100000,5136.763
nantes,100000,5136.7856
nantes,100000,5136.7905
nantes,100000,5136.8066
nantes,100000,5159.876
nantes,100000,5159.899
nantes,100000,5159.905
nantes,100000,5159.9194
nantes,100000,5159.925
nantes,100000,5159.9297
nantes,100000,5159.948
nantes,100000,5159.9536
nantes,100000,5159.959
nantes,100000,5182.8975
nantes,100000,5182.9336
nantes,100000,5182.9453
nantes,100000,5182.955
nantes,100000,5183.011
nantes,100000,5183.018
nantes,100000,5183.0234
nantes,100000,5183.0283
nantes,100000,5183.033
nantes,100000,5206.02
nantes,100000,5206.0386
nantes,100000,5206.0444
nantes,100000,5206.0493
nantes,100000,5206.054
nantes,100000,5206.0586
nantes,100000,5206.0635
nantes,100000,5206.069
nantes,100000,5206.073
nantes,100000,5228.9473
nantes,100000,5228.982
nantes,100000,5228.9937
nantes,100000,5229.0024
nantes,100000,5229.012
nantes,100000,5229.021
nantes,100000,5229.0312
nantes,100000,5229.04
nantes,100000,5229.05
nantes,100000,5251.85
nantes,100000,5251.868
nantes,100000,5251.8965
nantes,100000,5251.903
nantes,100000,5251.9077
nantes,100000,5251.913
nantes,100000,5096.3843
nantes,100000,5096.412
nantes,100000,5096.4194
nantes,100000,5096.4253
nantes,100000,5096.43
nantes,100000,5096.436
nantes,100000,5096.4414
nantes,100000,5096.4463
nantes,100000,5096.4517
nantes,100000,5119.325
nantes,100000,5119.3545
nantes,100000,5119.3613
nantes,100000,5119.3667
nantes,100000,5119.3755
nantes,100000,5119.381
nantes,100000,5119.414
nantes,100000,5119.421
nantes,100000,5119.4307
nantes,100000,5142.516
nantes,100000,5142.5513
nantes,100000,5142.5747
nantes,100000,5142.585
nantes,100000,5142.5938
nantes,100000,5142.625
nantes,100000,5142.6323
nantes,100000,5142.637
nantes,100000,5142.6562
nantes,100000,5165.719
nantes,100000,5165.7407
nantes,100000,5165.7466
nantes,100000,5165.7593
nantes,100000,5165.764
nantes,100000,5165.7695
nantes,100000,5165.778
nantes,100000,5165.783
nantes,100000,5165.7886
nantes,100000,5188.7397
nantes,100000,5188.776
nantes,100000,5188.7886
nantes,100000,5188.7983
nantes,100000,5188.853
nantes,100000,5188.86
nantes,100000,5188.865
nantes,100000,5188.8706
nantes,100000,5188.875
nantes,100000,5211.8633
nantes,100000,5211.8833
nantes,100000,5211.8896
nantes,100000,5211.8945
nantes,100000,5211.8994
nantes,100000,5211.904
nantes,100000,5211.909
nantes,100000,5211.9146
nantes,100000,5211.92
nantes,100000,5234.791
nantes,100000,5234.8257
nantes,100000,5234.838
nantes,100000,5234.848
nantes,100000,5234.8574
nantes,100000,5234.867
nantes,100000,5234.8774
nantes,100000,5234.887
nantes,100000,5234.8965
nantes,100000,5257.6943
nantes,100000,5257.7124
nantes,100000,5257.741
nantes,100000,5257.747
nantes,100000,5257.7524
nantes,100000,5257.7573
nantes,100000,5073.348
nantes,100000,5073.37
nantes,100000,5073.3765
nantes,100000,5073.39
nantes,100000,5073.395
nantes,100000,5073.4
nantes,100000,5073.409
nantes,100000,5073.414
nantes,100000,5073.419
nantes,100000,5103.0405
nantes,100000,5103.0703
nantes,100000,5103.077
nantes,100000,5103.0825
nantes,100000,5103.088
nantes,100000,5103.0933
nantes,100000,5103.0986
nantes,100000,5103.103
nantes,100000,5103.1084
nantes,100000,5125.984
nantes,100000,5126.0137
nantes,100000,5126.021
nantes,100000,5126.0264
nantes,100000,5126.0347
nantes,100000,5126.0405
nantes,100000,5126.0454
nantes,100000,5126.141
nantes,100000,5126.154
nantes,100000,5149.164
nantes,100000,5149.1997
nantes,100000,5149.222
nantes,100000,5149.232
nantes,100000,5149.241
nantes,100000,5149.2563
nantes,100000,5149.2656
nantes,100000,5149.2905
nantes,100000,5149.3076
nantes,100000,5172.351
nantes,100000,5172.395
nantes,100000,5172.402
nantes,100000,5172.4146
nantes,100000,5172.42
nantes,100000,5172.426
nantes,100000,5172.4365
nantes,100000,5172.4424
nantes,100000,5172.4473
nantes,100000,5195.387
nantes,100000,5195.424
nantes,100000,5195.4355
nantes,100000,5195.4453
nantes,100000,5195.509
nantes,100000,5195.5166
nantes,100000,5195.5215
nantes,100000,5195.5264
nantes,100000,5195.531
nantes,100000,5218.52
nantes,100000,5218.5396
nantes,100000,5218.546
nantes,100000,5218.551
nantes,100000,5218.556
nantes,100000,5218.56
nantes,100000,5218.566
nantes,100000,5218.571
nantes,100000,5218.5757
nantes,100000,5241.439
nantes,100000,5241.4717
nantes,100000,5241.484
nantes,100000,5241.493
nantes,100000,5241.503
nantes,100000,5241.513
nantes,100000,5241.5225
nantes,100000,5241.5312
nantes,100000,5241.541
nantes,100000,5264.3525
nantes,100000,5264.372
nantes,100000,5264.4004
nantes,100000,5264.4067
nantes,100000,5264.412
nantes,100000,5264.4165
nantes,100000,5078.996
nantes,100000,5079.018
nantes,100000,5079.0244
nantes,100000,5079.0386
nantes,100000,5079.0444
nantes,100000,5079.0503
nantes,100000,5079.059
nantes,100000,5079.0645
nantes,100000,5079.07
nantes,100000,5108.69
nantes,100000,5108.717
nantes,100000,5108.724
nantes,100000,5108.73
nantes,100000,5108.735
nantes,100000,5108.7397
nantes,100000,5108.745
nantes,100000,5108.75
nantes,100000,5108.755
nantes,100000,5131.633
nantes,100000,5131.662
nantes,100000,5131.6685
nantes,100000,5131.6743
nantes,100000,5131.6836
nantes,100000,5131.688
nantes,100000,5131.716
nantes,100000,5131.723
nantes,100000,5131.732
nantes,100000,5154.7983
nantes,100000,5154.836
nantes,100000,5154.8604
nantes,100000,5154.8706
nantes,100000,5154.8794
nantes,100000,5154.8936
nantes,100000,5154.903
nantes,100000,5154.912
nantes,100000,5154.953
nantes,100000,5177.9854
nantes,100000,5178.022
nantes,100000,5178.0493
nantes,100000,5178.0654
nantes,100000,5178.0703
nantes,100000,5178.075
nantes,100000,5178.0835
nantes,100000,5178.0894
nantes,100000,5178.0933
nantes,100000,5201.0215
nantes,100000,5201.056
nantes,100000,5201.0684
nantes,100000,5201.078
nantes,100000,5201.125
nantes,100000,5201.1367
nantes,100000,5201.1636
nantes,100000,5201.1694
nantes,100000,5201.1743
nantes,100000,5224.145
nantes,100000,5224.183
nantes,100000,5224.1904
nantes,100000,5224.195
nantes,100000,5224.1997
nantes,100000,5224.2046
nantes,100000,5224.2095
nantes,100000,5224.2144
nantes,100000,5224.2188
nantes,100000,5247.073
nantes,100000,5247.1074
nantes,100000,5247.12
nantes,100000,5247.13
nantes,100000,5247.139
nantes,100000,5247.149
nantes,100000,5247.158
nantes,100000,5247.167
nantes,100000,5247.1763
nantes,100000,5270.0005
nantes,100000,5270.02
nantes,100000,5270.048
nantes,100000,5270.0537
nantes,100000,5270.059
nantes,100000,5270.064
nancy,100000,5172.2783
nancy,100000,5172.296
nancy,100000,5172.3022
nancy,100000,5172.3115
nancy,100000,5172.315
nancy,100000,5172.3184
nancy,100000,5172.3237
nancy,100000,5172.3267
nancy,100000,5172.3306
nancy,100000,5201.6978
nancy,100000,5201.751
nancy,100000,5201.7656
nancy,100000,5201.7754
nancy,100000,5201.7856
nancy,100000,5201.795
nancy,100000,5201.8047
nancy,100000,5201.814
nancy,100000,5201.824
nancy,100000,5224.8022
nancy,100000,5224.8545
nancy,100000,5224.875
nancy,100000,5224.8784
nancy,100000,5224.884
nancy,100000,5224.8867
nancy,100000,5224.9165
nancy,100000,5224.9204
nancy,100000,5224.925
nancy,100000,5247.945
nancy,100000,5247.9863
nancy,100000,5248.0127
nancy,100000,5248.0225
nancy,100000,5248.032
nancy,100000,5248.046
nancy,100000,5248.0557
nancy,100000,5248.065
nancy,100000,5248.0903
nancy,100000,5271.1597
nancy,100000,5271.201
nancy,100000,5271.217
nancy,100000,5271.238
nancy,100000,5271.2476
nancy,100000,5271.2573
nancy,100000,5271.271
nancy,100000,5271.281
nancy,100000,5271.2915
nancy,100000,5294.1865
nancy,100000,5294.228
nancy,100000,5294.242
nancy,100000,5294.253
nancy,100000,5294.302
nancy,100000,5294.3145
nancy,100000,5294.325
nancy,100000,5294.335
nancy,100000,5294.3457
nancy,100000,5317.3345
nancy,100000,5317.3945
nancy,100000,5317.41
nancy,100000,5317.421
nancy,100000,5317.431
nancy,100000,5317.441
nancy,100000,5317.4517
nancy,100000,5317.4614
nancy,100000,5317.4727
nancy,100000,5340.248
nancy,100000,5340.2915
nancy,100000,5340.306
nancy,100000,5340.3257
nancy,100000,5340.33
nancy,100000,5340.334
nancy,100000,5340.3374
nancy,100000,5340.341
nancy,100000,5340.344
nancy,100000,5363.2915
nancy,100000,5363.333
nancy,100000,5363.388
nancy,100000,5363.4004
nancy,100000,5363.4106
nancy,100000,5363.421
nancy,100000,5175.916
nancy,100000,5175.9507
nancy,100000,5175.9546
nancy,100000,5175.967
nancy,100000,5175.97
nancy,100000,5175.9736
nancy,100000,5175.9775
nancy,100000,5175.981
nancy,100000,5175.9844
nancy,100000,5205.407
nancy,100000,5205.4614
nancy,100000,5205.4756
nancy,100000,5205.487
nancy,100000,5205.4966
nancy,100000,5205.5063
nancy,100000,5205.516
nancy,100000,5205.526
nancy,100000,5205.536
nancy,100000,5228.441
nancy,100000,5228.493
nancy,100000,5228.5063
nancy,100000,5228.5166
nancy,100000,5228.5303
nancy,100000,5228.54
nancy,100000,5228.5493
nancy,100000,5228.593
nancy,100000,5228.598
nancy,100000,5251.5874
nancy,100000,5251.6304
nancy,100000,5251.6543
nancy,100000,5251.664
nancy,100000,5251.674
nancy,100000,5251.688
nancy,100000,5251.6973
nancy,100000,5251.7065
nancy,100000,5251.73
nancy,100000,5274.8
nancy,100000,5274.8394
nancy,100000,5274.8525
nancy,100000,5274.872
nancy,100000,5274.8823
nancy,100000,5274.892
nancy,100000,5274.906
nancy,100000,5274.915
nancy,100000,5274.925
nancy,100000,5297.826
nancy,100000,5297.867
nancy,100000,5297.8804
nancy,100000,5297.8906
nancy,100000,5297.9385
nancy,100000,5297.9487
nancy,100000,5297.9585
nancy,100000,5297.968
nancy,100000,5297.978
nancy,100000,5320.9736
nancy,100000,5321.015
nancy,100000,5321.0293
nancy,100000,5321.0386
nancy,100000,5321.0483
nancy,100000,5321.0576
nancy,100000,5321.068
nancy,100000,5321.092
nancy,100000,5321.102
nancy,100000,5343.8877
nancy,100000,5343.932
nancy,100000,5343.946
nancy,100000,5343.9565
nancy,100000,5343.9663
nancy,100000,5343.9756
nancy,100000,5343.9844
nancy,100000,5343.994
nancy,100000,5344.0044
nancy,100000,5366.93
nancy,100000,5366.97
nancy,100000,5367.0225
nancy,100000,5367.0347
nancy,100000,5367.0444
nancy,100000,5367.054
nancy,100000,5179.8184
nancy,100000,5179.8384
nancy,100000,5179.848
nancy,100000,5179.862
nancy,100000,5179.867
nancy,100000,5179.873
nancy,100000,5179.88
nancy,100000,5179.8857
nancy,100000,5179.892
nancy,100000,5209.2324
nancy,100000,5209.295
nancy,100000,5209.3193
nancy,100000,5209.3394
nancy,100000,5209.358
nancy,100000,5209.377
nancy,100000,5209.395
nancy,100000,5209.413
nancy,100000,5209.4326
nancy,100000,5232.3247
nancy,100000,5232.3867
nancy,100000,5232.415
nancy,100000,5232.421
nancy,100000,5232.429
nancy,100000,5232.4346
nancy,100000,5232.4404
nancy,100000,5232.4683
nancy,100000,5232.476
nancy,100000,5255.4697
nancy,100000,5255.5195
nancy,100000,5255.556
nancy,100000,5255.5757
nancy,100000,5255.595
nancy,100000,5255.62
nancy,100000,5255.6387
nancy,100000,5255.657
nancy,100000,5255.696
nancy,100000,5278.68
nancy,100000,5278.73
nancy,100000,5278.7554
nancy,100000,5278.7876
nancy,100000,5278.8066
nancy,100000,5278.8247
nancy,100000,5278.849
nancy,100000,5278.868
nancy,100000,5278.8857
nancy,100000,5301.7085
nancy,100000,5301.758
nancy,100000,5301.7827
nancy,100000,5301.804
nancy,100000,5301.876
nancy,100000,5301.897
nancy,100000,5301.9155
nancy,100000,5301.947
nancy,100000,5301.9517
nancy,100000,5324.8564
nancy,100000,5324.926
nancy,100000,5324.954
nancy,100000,5324.974
nancy,100000,5324.993
nancy,100000,5325.012
nancy,100000,5325.0312
nancy,100000,5325.051
nancy,100000,5325.0693
nancy,100000,5347.7705
nancy,100000,5347.8228
nancy,100000,5347.8613
nancy,100000,5347.8687
nancy,100000,5347.8745
nancy,100000,5347.88
nancy,100000,5347.8853
nancy,100000,5347.8906
nancy,100000,5347.8965
nancy,100000,5370.813
nancy,100000,5370.863
nancy,100000,5370.94
nancy,100000,5370.9624
nancy,100000,5370.982
nancy,100000,5371.005
nancy,100000,5183.7144
nancy,100000,5183.7344
nancy,100000,5183.7446
nancy,100000,5183.758
nancy,100000,5183.7637
nancy,100000,5183.7686
nancy,100000,5183.7793
nancy,100000,5183.7847
nancy,100000,5183.7896
nancy,100000,5213.1284
nancy,100000,5213.191
nancy,100000,5213.2153
nancy,100000,5213.235
nancy,100000,5213.254
nancy,100000,5213.273
nancy,100000,5213.2915
nancy,100000,5213.309
nancy,100000,5213.328
nancy,100000,5236.22
nancy,100000,5236.2827
nancy,100000,5236.3115
nancy,100000,5236.3174
nancy,100000,5236.328
nancy,100000,5236.3335
nancy,100000,5236.3384
nancy,100000,5236.3623
nancy,100000,5236.372
nancy,100000,5259.366
nancy,100000,5259.4155
nancy,100000,5259.452
nancy,100000,5259.472
nancy,100000,5259.491
nancy,100000,5259.5166
nancy,100000,5259.5337
nancy,100000,5259.553
nancy,100000,5259.5923
nancy,100000,5282.5767
nancy,100000,5282.626
nancy,100000,5282.6514
nancy,100000,5282.6836
nancy,100000,5282.7026
nancy,100000,5282.7217
nancy,100000,5282.745
nancy,100000,5282.764
nancy,100000,5282.782
nancy,100000,5305.605
nancy,100000,5305.654
nancy,100000,5305.6787
nancy,100000,5305.7
nancy,100000,5305.7734
nancy,100000,5305.7935
nancy,100000,5305.812
nancy,100000,5305.843
nancy,100000,5305.848
nancy,100000,5328.7524
nancy,100000,5328.8223
nancy,100000,5328.85
nancy,100000,5328.87
nancy,100000,5328.889
nancy,100000,5328.908
nancy,100000,5328.9277
nancy,100000,5328.9478
nancy,100000,5328.966
nancy,100000,5351.667
nancy,100000,5351.7188
nancy,100000,5351.7573
nancy,100000,5351.7646
nancy,100000,5351.7705
nancy,100000,5351.7764
nancy,100000,5351.7812
nancy,100000,5351.787
nancy,100000,5351.7925
nancy,100000,5374.7085
nancy,100000,5374.7593
nancy,100000,5374.8354
nancy,100000,5374.859
nancy,100000,5374.8784
nancy,100000,5374.9014
lyon,100000,5135.7734
lyon,100000,5135.794
lyon,100000,5135.801
lyon,100000,5135.814
lyon,100000,5135.82
lyon,100000,5135.8257
lyon,100000,5135.8374
lyon,100000,5135.8438
lyon,100000,5135.849
lyon,100000,5165.339
lyon,100000,5165.385
lyon,100000,5165.3965
lyon,100000,5165.407
lyon,100000,5165.4165
lyon,100000,5165.427
lyon,100000,5165.436
lyon,100000,5165.447
lyon,100000,5165.456
lyon,100000,5188.348
lyon,100000,5188.376
lyon,100000,5188.383
lyon,100000,5188.3877
lyon,100000,5188.399
lyon,100000,5188.4043
lyon,100000,5188.452
lyon,100000,5188.4614
lyon,100000,5188.469
lyon,100000,5211.466
lyon,100000,5211.501
lyon,100000,5211.525
lyon,100000,5211.535
lyon,100000,5211.5444
lyon,100000,5211.559
lyon,100000,5211.57
lyon,100000,5211.5796
lyon,100000,5211.6084
lyon,100000,5234.67
lyon,100000,5234.692
lyon,100000,5234.698
lyon,100000,5234.711
lyon,100000,5234.716
lyon,100000,5234.721
lyon,100000,5234.7295
lyon,100000,5234.7344
lyon,100000,5234.7393
lyon,100000,5257.723
lyon,100000,5257.745
lyon,100000,5257.7515
lyon,100000,5257.7563
lyon,100000,5257.7886
lyon,100000,5257.796
lyon,100000,5257.8013
lyon,100000,5257.806
lyon,100000,5257.8306
lyon,100000,5280.837
lyon,100000,5280.859
lyon,100000,5280.8657
lyon,100000,5280.871
lyon,100000,5280.8755
lyon,100000,5280.881
lyon,100000,5280.886
lyon,100000,5280.891
lyon,100000,5280.896
lyon,100000,5303.793
lyon,100000,5303.815
lyon,100000,5303.8213
lyon,100000,5303.826
lyon,100000,5303.8315
lyon,100000,5303.8364
lyon,100000,5303.8423
lyon,100000,5303.8467
lyon,100000,5303.852
lyon,100000,5326.8237
lyon,100000,5326.8457
lyon,100000,5326.8765
lyon,100000,5326.884
lyon,100000,5326.889
lyon,100000,5326.894
nancy,100000,5187.451
nancy,100000,5187.472
nancy,100000,5187.479
nancy,100000,5187.4897
nancy,100000,5187.493
nancy,100000,5187.496
nancy,100000,5187.5015
nancy,100000,5187.5044
nancy,100000,5187.508
nancy,100000,5216.9272
nancy,100000,5216.98
nancy,100000,5216.994
nancy,100000,5217.005
nancy,100000,5217.0146
nancy,100000,5217.0244
nancy,100000,5217.034
nancy,100000,5217.044
nancy,100000,5217.054
nancy,100000,5239.971
nancy,100000,5240.025
nancy,100000,5240.0454
nancy,100000,5240.0483
nancy,100000,5240.0537
nancy,100000,5240.057
nancy,100000,5240.082
nancy,100000,5240.085
nancy,100000,5240.0903
nancy,100000,5263.1157
nancy,100000,5263.1587
nancy,100000,5263.1836
nancy,100000,5263.194
nancy,100000,5263.2036
nancy,100000,5263.2173
nancy,100000,5263.2275
nancy,100000,5263.2363
nancy,100000,5263.262
nancy,100000,5286.33
nancy,100000,5286.3726
nancy,100000,5286.387
nancy,100000,5286.4087
nancy,100000,5286.419
nancy,100000,5286.428
nancy,100000,5286.4414
nancy,100000,5286.451
nancy,100000,5286.462
nancy,100000,5309.3574
nancy,100000,5309.3994
nancy,100000,5309.414
nancy,100000,5309.425
nancy,100000,5309.4766
nancy,100000,5309.4873
nancy,100000,5309.497
nancy,100000,5309.507
nancy,100000,5309.518
nancy,100000,5332.5063
nancy,100000,5332.5693
nancy,100000,5332.584
nancy,100000,5332.594
nancy,100000,5332.6045
nancy,100000,5332.614
nancy,100000,5332.6245
nancy,100000,5332.634
nancy,100000,5332.6455
nancy,100000,5355.417
nancy,100000,5355.4614
nancy,100000,5355.4766
nancy,100000,5355.4956
nancy,100000,5355.499
nancy,100000,5355.503
nancy,100000,5355.507
nancy,100000,5355.5103
nancy,100000,5355.5137
nancy,100000,5378.4634
nancy,100000,5378.5063
nancy,100000,5378.563
nancy,100000,5378.5757
nancy,100000,5378.5864
nancy,100000,5378.596
lyon,100000,5090.139
lyon,100000,5090.166
lyon,100000,5090.173
lyon,100000,5090.178
lyon,100000,5090.183
lyon,100000,5090.188
lyon,100000,5090.193
lyon,100000,5090.198
lyon,100000,5090.203
lyon,100000,5113.1416
lyon,100000,5113.1694
lyon,100000,5113.176
lyon,100000,5113.1807
lyon,100000,5113.1895
lyon,100000,5113.1943
lyon,100000,5113.2275
lyon,100000,5113.2344
lyon,100000,5113.2437
lyon,100000,5136.2954
lyon,100000,5136.316
lyon,100000,5136.33
lyon,100000,5136.335
lyon,100000,5136.3403
lyon,100000,5136.348
lyon,100000,5136.3535
lyon,100000,5136.358
lyon,100000,5136.3745
lyon,100000,5159.509
lyon,100000,5159.5454
lyon,100000,5159.557
lyon,100000,5159.5776
lyon,100000,5159.5874
lyon,100000,5159.5967
lyon,100000,5159.6255
lyon,100000,5159.632
lyon,100000,5159.637
lyon,100000,5182.4946
lyon,100000,5182.515
lyon,100000,5182.5215
lyon,100000,5182.5264
lyon,100000,5182.557
lyon,100000,5182.5806
lyon,100000,5182.5854
lyon,100000,5182.59
lyon,100000,5182.595
lyon,100000,5205.6753
lyon,100000,5205.696
lyon,100000,5205.702
lyon,100000,5205.7075
lyon,100000,5205.7124
lyon,100000,5205.7173
lyon,100000,5205.722
lyon,100000,5205.728
lyon,100000,5205.733
lyon,100000,5228.6123
lyon,100000,5228.649
lyon,100000,5228.661
lyon,100000,5228.671
lyon,100000,5228.68
lyon,100000,5228.689
lyon,100000,5228.6987
lyon,100000,5228.709
lyon,100000,5228.718
lyon,100000,5251.634
lyon,100000,5251.656
lyon,100000,5251.6885
lyon,100000,5251.6963
lyon,100000,5251.7007
lyon,100000,5251.706
lyon,100000,5096.3945
lyon,100000,5096.4204
lyon,100000,5096.4272
lyon,100000,5096.4326
lyon,100000,5096.4375
lyon,100000,5096.4424
lyon,100000,5096.4473
lyon,100000,5096.4526
lyon,100000,5096.458
lyon,100000,5119.3965
lyon,100000,5119.423
lyon,100000,5119.43
lyon,100000,5119.4355
lyon,100000,5119.443
lyon,100000,5119.448
lyon,100000,5119.4785
lyon,100000,5119.487
lyon,100000,5119.496
lyon,100000,5142.551
lyon,100000,5142.5723
lyon,100000,5142.5854
lyon,100000,5142.5903
lyon,100000,5142.5957
lyon,100000,5142.6035
lyon,100000,5142.6084
lyon,100000,5142.613
lyon,100000,5142.629
lyon,100000,5165.764
lyon,100000,5165.7993
lyon,100000,5165.811
lyon,100000,5165.831
lyon,100000,5165.841
lyon,100000,5165.85
lyon,100000,5165.8794
lyon,100000,5165.886
lyon,100000,5165.891
lyon,100000,5188.751
lyon,100000,5188.771
lyon,100000,5188.777
lyon,100000,5188.782
lyon,100000,5188.813
lyon,100000,5188.8374
lyon,100000,5188.8423
lyon,100000,5188.847
lyon,100000,5188.8525
lyon,100000,5211.9307
lyon,100000,5211.951
lyon,100000,5211.958
lyon,100000,5211.9634
lyon,100000,5211.968
lyon,100000,5211.973
lyon,100000,5211.978
lyon,100000,5211.9834
lyon,100000,5211.989
lyon,100000,5234.869
lyon,100000,5234.9053
lyon,100000,5234.9175
lyon,100000,5234.9272
lyon,100000,5234.9365
lyon,100000,5234.9463
lyon,100000,5234.955
lyon,100000,5234.9663
lyon,100000,5234.9756
lyon,100000,5257.889
lyon,100000,5257.9097
lyon,100000,5257.943
lyon,100000,5257.9497
lyon,100000,5257.955
lyon,100000,5257.9604
lyon,100000,5101.651
lyon,100000,5101.6772
lyon,100000,5101.6846
lyon,100000,5101.69
lyon,100000,5101.695
lyon,100000,5101.7
lyon,100000,5101.7056
lyon,100000,5101.711
lyon,100000,5101.7163
lyon,100000,5124.6523
lyon,100000,5124.68
lyon,100000,5124.687
lyon,100000,5124.6924
lyon,100000,5124.701
lyon,100000,5124.706
lyon,100000,5124.7114
lyon,100000,5124.746
lyon,100000,5124.758
lyon,100000,5147.8047
lyon,100000,5147.825
lyon,100000,5147.8394
lyon,100000,5147.8457
lyon,100000,5147.851
lyon,100000,5147.8594
lyon,100000,5147.865
lyon,100000,5147.87
lyon,100000,5147.886
lyon,100000,5171.0205
lyon,100000,5171.0557
lyon,100000,5171.0684
lyon,100000,5171.0903
lyon,100000,5171.1006
lyon,100000,5171.111
lyon,100000,5171.138
lyon,100000,5171.1445
lyon,100000,5171.15
lyon,100000,5194.0054
lyon,100000,5194.0273
lyon,100000,5194.0337
lyon,100000,5194.0396
lyon,100000,5194.0864
lyon,100000,5194.0967
lyon,100000,5194.1016
lyon,100000,5194.1064
lyon,100000,5194.1123
lyon,100000,5217.187
lyon,100000,5217.2075
lyon,100000,5217.2144
lyon,100000,5217.2197
lyon,100000,5217.225
lyon,100000,5217.2305
lyon,100000,5217.2354
lyon,100000,5217.2407
lyon,100000,5217.2466
lyon,100000,5240.1226
lyon,100000,5240.1597
lyon,100000,5240.1724
lyon,100000,5240.1826
lyon,100000,5240.193
lyon,100000,5240.203
lyon,100000,5240.213
lyon,100000,5240.224
lyon,100000,5240.234
lyon,100000,5263.1445
lyon,100000,5263.167
lyon,100000,5263.1997
lyon,100000,5263.2075
lyon,100000,5263.213
lyon,100000,5263.2183
lyon,100000,5107.763
lyon,100000,5107.79
lyon,100000,5107.798
lyon,100000,5107.8027
lyon,100000,5107.808
lyon,100000,5107.813
lyon,100000,5107.818
lyon,100000,5107.8228
lyon,100000,5107.828
lyon,100000,5130.7656
lyon,100000,5130.795
lyon,100000,5130.8022
lyon,100000,5130.8076
lyon,100000,5130.816
lyon,100000,5130.822
lyon,100000,5130.8267
lyon,100000,5130.8604
lyon,100000,5130.8716
lyon,100000,5153.9185
lyon,100000,5153.9395
lyon,100000,5153.9536
lyon,100000,5153.9595
lyon,100000,5153.964
lyon,100000,5153.9727
lyon,100000,5153.978
lyon,100000,5153.9824
lyon,100000,5154.0015
lyon,100000,5177.1333
lyon,100000,5177.1685
lyon,100000,5177.18
lyon,100000,5177.2017
lyon,100000,5177.212
lyon,100000,5177.221
lyon,100000,5177.25
lyon,100000,5177.2563
lyon,100000,5177.261
lyon,100000,5200.1187
lyon,100000,5200.139
lyon,100000,5200.145
lyon,100000,5200.1504
lyon,100000,5200.1987
lyon,100000,5200.2056
lyon,100000,5200.2104
lyon,100000,5200.2153
lyon,100000,5200.2207
lyon,100000,5223.3
lyon,100000,5223.3203
lyon,100000,5223.3276
lyon,100000,5223.333
lyon,100000,5223.338
lyon,100000,5223.3433
lyon,100000,5223.348
lyon,100000,5223.3535
lyon,100000,5223.359
lyon,100000,5246.237
lyon,100000,5246.2725
lyon,100000,5246.285
lyon,100000,5246.2954
lyon,100000,5246.305
lyon,100000,5246.3145
lyon,100000,5246.324
lyon,100000,5246.3335
lyon,100000,5246.3438
lyon,100000,5269.2573
lyon,100000,5269.2783
lyon,100000,5269.3115
lyon,100000,5269.3184
lyon,100000,5269.3237
lyon,100000,5269.329
lyon,100000,5083.729
lyon,100000,5083.75
lyon,100000,5083.7563
lyon,100000,5083.77
lyon,100000,5083.775
lyon,100000,5083.7803
lyon,100000,5083.7886
lyon,100000,5083.7935
lyon,100000,5083.7983
lyon,100000,5113.4062
lyon,100000,5113.4346
lyon,100000,5113.441
lyon,100000,5113.447
lyon,100000,5113.452
lyon,100000,5113.4565
lyon,100000,5113.4614
lyon,100000,5113.467
lyon,100000,5113.472
lyon,100000,5136.4097
lyon,100000,5136.439
lyon,100000,5136.446
lyon,100000,5136.4507
lyon,100000,5136.4595
lyon,100000,5136.465
lyon,100000,5136.4697
lyon,100000,5136.4995
lyon,100000,5136.5107
lyon,100000,5159.5615
lyon,100000,5159.583
lyon,100000,5159.5967
lyon,100000,5159.602
lyon,100000,5159.6074
lyon,100000,5159.6157
lyon,100000,5159.62
lyon,100000,5159.626
lyon,100000,5159.641
lyon,100000,5182.768
lyon,100000,5182.803
lyon,100000,5182.815
lyon,100000,5182.8354
lyon,100000,5182.846
lyon,100000,5182.855
lyon,100000,5182.871
lyon,100000,5182.8804
lyon,100000,5182.904
lyon,100000,5205.7627
lyon,100000,5205.784
lyon,100000,5205.7915
lyon,100000,5205.7964
lyon,100000,5205.826
lyon,100000,5205.834
lyon,100000,5205.856
lyon,100000,5205.861
lyon,100000,5205.8657
lyon,100000,5228.943
lyon,100000,5228.9653
lyon,100000,5228.972
lyon,100000,5228.9766
lyon,100000,5228.9814
lyon,100000,5228.987
lyon,100000,5228.9917
lyon,100000,5228.9976
lyon,100000,5229.003
lyon,100000,5251.871
lyon,100000,5251.9067
lyon,100000,5251.919
lyon,100000,5251.928
lyon,100000,5251.938
lyon,100000,5251.9473
lyon,100000,5251.959
lyon,100000,5251.9683
lyon,100000,5251.978
lyon,100000,5274.9
lyon,100000,5274.922
lyon,100000,5274.953
lyon,100000,5274.9614
lyon,100000,5274.9663
lyon,100000,5274.972
lyon,100000,5087.2383
lyon,100000,5087.294
lyon,100000,5087.3164
lyon,100000,5087.3345
lyon,100000,5087.352
lyon,100000,5087.39
lyon,100000,5087.4346
lyon,100000,5087.4434
lyon,100000,5087.453
lyon,100000,5110.225
lyon,100000,5110.282
lyon,100000,5110.3047
lyon,100000,5110.323
lyon,100000,5110.3496
lyon,100000,5110.368
lyon,100000,5110.4424
lyon,100000,5110.4644
lyon,100000,5110.497
lyon,100000,5133.3535
lyon,100000,5133.398
lyon,100000,5133.433
lyon,100000,5133.4517
lyon,100000,5133.469
lyon,100000,5133.504
lyon,100000,5133.5137
lyon,100000,5133.522
lyon,100000,5133.5444
lyon,100000,5156.5684
lyon,100000,5156.613
lyon,100000,5156.6353
lyon,100000,5156.6816
lyon,100000,5156.6904
lyon,100000,5156.699
lyon,100000,5156.7144
lyon,100000,5156.7427
lyon,100000,5156.7515
lyon,100000,5179.5854
lyon,100000,5179.6104
lyon,100000,5179.6216
lyon,100000,5179.6313
lyon,100000,5179.67
lyon,100000,5179.6816
lyon,100000,5179.6904
lyon,100000,5179.699
lyon,100000,5179.7085
lyon,100000,5202.7427
lyon,100000,5202.787
lyon,100000,5202.8096
lyon,100000,5202.828
lyon,100000,5202.8457
lyon,100000,5202.8623
lyon,100000,5202.894
lyon,100000,5202.9023
lyon,100000,5202.911
lyon,100000,5225.6943
lyon,100000,5225.7207
lyon,100000,5225.733
lyon,100000,5225.742
lyon,100000,5225.752
lyon,100000,5225.7607
lyon,100000,5225.7715
lyon,100000,5225.7793
lyon,100000,5225.789
lyon,100000,5248.686
lyon,100000,5248.7124
lyon,100000,5248.7554
lyon,100000,5248.768
lyon,100000,5248.7773
lyon,100000,5248.787
lyon,100000,5063.566
lyon,100000,5063.5874
lyon,100000,5063.5933
lyon,100000,5063.606
lyon,100000,5063.6113
lyon,100000,5063.616
lyon,100000,5063.6245
lyon,100000,5063.6294
lyon,100000,5063.6343
lyon,100000,5093.2812
lyon,100000,5093.325
lyon,100000,5093.3374
lyon,100000,5093.348
lyon,100000,5093.3574
lyon,100000,5093.367
lyon,100000,5093.377
lyon,100000,5093.3867
lyon,100000,5093.3955
lyon,100000,5116.269
lyon,100000,5116.315
lyon,100000,5116.327
lyon,100000,5116.337
lyon,100000,5116.351
lyon,100000,5116.361
lyon,100000,5116.4155
lyon,100000,5116.4272
lyon,100000,5116.4424
lyon,100000,5139.399
lyon,100000,5139.434
lyon,100000,5139.4565
lyon,100000,5139.4663
lyon,100000,5139.4756
lyon,100000,5139.49
lyon,100000,5139.4995
lyon,100000,5139.51
lyon,100000,5139.543
lyon,100000,5162.612
lyon,100000,5162.6484
lyon,100000,5162.6606
lyon,100000,5162.681
lyon,100000,5162.6904
lyon,100000,5162.7153
lyon,100000,5162.7256
lyon,100000,5162.7305
lyon,100000,5162.7354
lyon,100000,5185.624
lyon,100000,5185.645
lyon,100000,5185.6514
lyon,100000,5185.6567
lyon,100000,5185.686
lyon,100000,5185.6934
lyon,100000,5185.6987
lyon,100000,5185.703
lyon,100000,5185.7085
lyon,100000,5208.7856
lyon,100000,5208.8228
lyon,100000,5208.8345
lyon,100000,5208.844
lyon,100000,5208.8535
lyon,100000,5208.863
lyon,100000,5208.873
lyon,100000,5208.8833
lyon,100000,5208.8926
lyon,100000,5231.734
lyon,100000,5231.756
lyon,100000,5231.7617
lyon,100000,5231.767
lyon,100000,5231.7725
lyon,100000,5231.7773
lyon,100000,5231.782
lyon,100000,5231.7876
lyon,100000,5231.7925
lyon,100000,5254.725
lyon,100000,5254.747
lyon,100000,5254.7793
lyon,100000,5254.787
lyon,100000,5254.792
lyon,100000,5254.7974
lyon,100000,5098.068
lyon,100000,5098.124
lyon,100000,5098.1465
lyon,100000,5098.1646
lyon,100000,5098.182
lyon,100000,5098.216
lyon,100000,5098.264
lyon,100000,5098.2734
lyon,100000,5098.282
lyon,100000,5121.055
lyon,100000,5121.113
lyon,100000,5121.1353
lyon,100000,5121.1533
lyon,100000,5121.1797
lyon,100000,5121.198
lyon,100000,5121.215
lyon,100000,5121.2754
lyon,100000,5121.3
lyon,100000,5144.1836
lyon,100000,5144.228
lyon,100000,5144.263
lyon,100000,5144.2812
lyon,100000,5144.299
lyon,100000,5144.334
lyon,100000,5144.3433
lyon,100000,5144.352
lyon,100000,5144.3745
lyon,100000,5167.3984
lyon,100000,5167.443
lyon,100000,5167.4653
lyon,100000,5167.511
lyon,100000,5167.5205
lyon,100000,5167.5303
lyon,100000,5167.544
lyon,100000,5167.5723
lyon,100000,5167.5815
lyon,100000,5190.4155
lyon,100000,5190.44
lyon,100000,5190.4517
lyon,100000,5190.461
lyon,100000,5190.5
lyon,100000,5190.5117
lyon,100000,5190.5205
lyon,100000,5190.5293
lyon,100000,5190.5386
lyon,100000,5213.5723
lyon,100000,5213.6167
lyon,100000,5213.6396
lyon,100000,5213.6577
lyon,100000,5213.6753
lyon,100000,5213.6943
lyon,100000,5213.7236
lyon,100000,5213.7324
lyon,100000,5213.7407
lyon,100000,5236.524
lyon,100000,5236.551
lyon,100000,5236.5625
lyon,100000,5236.5728
lyon,100000,5236.582
lyon,100000,5236.592
lyon,100000,5236.6006
lyon,100000,5236.6094
lyon,100000,5236.6187
lyon,100000,5259.5156
lyon,100000,5259.5425
lyon,100000,5259.5854
lyon,100000,5259.5977
lyon,100000,5259.6074
lyon,100000,5259.6167
lyon,100000,5074.7266
lyon,100000,5074.7476
lyon,100000,5074.754
lyon,100000,5074.766
lyon,100000,5074.7715
lyon,100000,5074.777
lyon,100000,5074.784
lyon,100000,5074.789
lyon,100000,5074.794
lyon,100000,5104.45
lyon,100000,5104.496
lyon,100000,5104.5083
lyon,100000,5104.518
lyon,100000,5104.5273
lyon,100000,5104.5376
lyon,100000,5104.5474
lyon,100000,5104.557
lyon,100000,5104.5664
lyon,100000,5127.4375
lyon,100000,5127.4834
lyon,100000,5127.495
lyon,100000,5127.505
lyon,100000,5127.519
lyon,100000,5127.529
lyon,100000,5127.5815
lyon,100000,5127.5938
lyon,100000,5127.6084
lyon,100000,5150.569
lyon,100000,5150.6045
lyon,100000,5150.6274
lyon,100000,5150.637
lyon,100000,5150.646
lyon,100000,5150.661
lyon,100000,5150.6704
lyon,100000,5150.6807
lyon,100000,5150.714
lyon,100000,5173.782
lyon,100000,5173.819
lyon,100000,5173.831
lyon,100000,5173.851
lyon,100000,5173.8604
lyon,100000,5173.8853
lyon,100000,5173.8945
lyon,100000,5173.8994
lyon,100000,5173.9043
lyon,100000,5196.7935
lyon,100000,5196.8145
lyon,100000,5196.8203
lyon,100000,5196.8257
lyon,100000,5196.855
lyon,100000,5196.8623
lyon,100000,5196.867
lyon,100000,5196.8716
lyon,100000,5196.877
lyon,100000,5219.9556
lyon,100000,5219.9907
lyon,100000,5220.003
lyon,100000,5220.013
lyon,100000,5220.022
lyon,100000,5220.0317
lyon,100000,5220.042
lyon,100000,5220.0522
lyon,100000,5220.062
lyon,100000,5242.9033
lyon,100000,5242.9253
lyon,100000,5242.9316
lyon,100000,5242.9365
lyon,100000,5242.942
lyon,100000,5242.947
lyon,100000,5242.9517
lyon,100000,5242.957
lyon,100000,5242.9624
lyon,100000,5265.8936
lyon,100000,5265.9146
lyon,100000,5265.9463
lyon,100000,5265.9536
lyon,100000,5265.9585
lyon,100000,5265.964
lyon,100000,5171.529
lyon,100000,5171.5747
lyon,100000,5171.588
lyon,100000,5171.598
lyon,100000,5171.6074
lyon,100000,5171.6177
lyon,100000,5171.627
lyon,100000,5171.6377
lyon,100000,5171.6475
lyon,100000,5194.5303
lyon,100000,5194.558
lyon,100000,5194.5654
lyon,100000,5194.57
lyon,100000,5194.578
lyon,100000,5194.584
lyon,100000,5194.6377
lyon,100000,5194.645
lyon,100000,5194.6523
lyon,100000,5217.6553
lyon,100000,5217.6904
lyon,100000,5217.7124
lyon,100000,5217.722
lyon,100000,5217.7314
lyon,100000,5217.7446
lyon,100000,5217.755
lyon,100000,5217.764
lyon,100000,5217.789
lyon,100000,5240.8604
lyon,100000,5240.8813
lyon,100000,5240.8877
lyon,100000,5240.8994
lyon,100000,5240.905
lyon,100000,5240.91
lyon,100000,5240.9175
lyon,100000,5240.9224
lyon,100000,5240.9277
lyon,100000,5263.912
lyon,100000,5263.932
lyon,100000,5263.939
lyon,100000,5263.944
lyon,100000,5263.9736
lyon,100000,5263.9814
lyon,100000,5263.9873
lyon,100000,5263.9917
lyon,100000,5263.9966
lyon,100000,5287.026
lyon,100000,5287.047
lyon,100000,5287.0537
lyon,100000,5287.0586
lyon,100000,5287.063
lyon,100000,5287.069
lyon,100000,5287.074
lyon,100000,5287.079
lyon,100000,5287.084
lyon,100000,5309.9834
lyon,100000,5310.0054
lyon,100000,5310.011
lyon,100000,5310.0166
lyon,100000,5310.0215
lyon,100000,5310.0264
lyon,100000,5310.031
lyon,100000,5310.0366
lyon,100000,5310.0415
lyon,100000,5333.0054
lyon,100000,5333.0273
lyon,100000,5333.0596
lyon,100000,5333.0674
lyon,100000,5333.0723
lyon,100000,5333.0776
lyon,100000,5109.782
lyon,100000,5109.8276
lyon,100000,5109.8403
lyon,100000,5109.85
lyon,100000,5109.86
lyon,100000,5109.8696
lyon,100000,5109.88
lyon,100000,5109.8896
lyon,100000,5109.899
lyon,100000,5132.7686
lyon,100000,5132.814
lyon,100000,5132.827
lyon,100000,5132.837
lyon,100000,5132.852
lyon,100000,5132.8613
lyon,100000,5132.9194
lyon,100000,5132.9316
lyon,100000,5132.947
lyon,100000,5155.9
lyon,100000,5155.9346
lyon,100000,5155.9575
lyon,100000,5155.968
lyon,100000,5155.977
lyon,100000,5155.992
lyon,100000,5156.0024
lyon,100000,5156.0117
lyon,100000,5156.0464
lyon,100000,5179.112
lyon,100000,5179.1484
lyon,100000,5179.1606
lyon,100000,5179.181
lyon,100000,5179.191
lyon,100000,5179.2153
lyon,100000,5179.2256
lyon,100000,5179.2305
lyon,100000,5179.236
lyon,100000,5202.1323
lyon,100000,5202.1514
lyon,100000,5202.158
lyon,100000,5202.163
lyon,100000,5202.1924
lyon,100000,5202.1997
lyon,100000,5202.2046
lyon,100000,5202.21
lyon,100000,5202.2153
lyon,100000,5225.2856
lyon,100000,5225.321
lyon,100000,5225.333
lyon,100000,5225.3433
lyon,100000,5225.3525
lyon,100000,5225.363
lyon,100000,5225.3735
lyon,100000,5225.3833
lyon,100000,5225.3926
lyon,100000,5248.2393
lyon,100000,5248.2607
lyon,100000,5248.2666
lyon,100000,5248.272
lyon,100000,5248.2773
lyon,100000,5248.2817
lyon,100000,5248.287
lyon,100000,5248.292
lyon,100000,5248.2974
lyon,100000,5271.2324
lyon,100000,5271.253
lyon,100000,5271.2856
lyon,100000,5271.2925
lyon,100000,5271.2974
lyon,100000,5271.303
rennes,100000,5055.3774
rennes,100000,5055.399
rennes,100000,5055.4062
rennes,100000,5055.4185
rennes,100000,5055.424
rennes,100000,5055.4287
rennes,100000,5055.436
rennes,100000,5055.4414
rennes,100000,5055.4463
rennes,100000,5085.0347
rennes,100000,5085.0615
rennes,100000,5085.069
rennes,100000,5085.0737
rennes,100000,5085.0786
rennes,100000,5085.0835
rennes,100000,5085.0884
rennes,100000,5085.0933
rennes,100000,5085.098
rennes,100000,5108.0347
rennes,100000,5108.0815
rennes,100000,5108.094
rennes,100000,5108.104
rennes,100000,5108.119
rennes,100000,5108.1284
rennes,100000,5108.177
rennes,100000,5108.1885
rennes,100000,5108.2036
rennes,100000,5131.205
rennes,100000,5131.2275
rennes,100000,5131.2485
rennes,100000,5131.2534
rennes,100000,5131.258
rennes,100000,5131.2656
rennes,100000,5131.2715
rennes,100000,5131.2764
rennes,100000,5131.2905
rennes,100000,5154.3354
rennes,100000,5154.356
rennes,100000,5154.363
rennes,100000,5154.374
rennes,100000,5154.3794
rennes,100000,5154.3843
rennes,100000,5154.391
rennes,100000,5154.3965
rennes,100000,5154.4014
rennes,100000,5177.4272
rennes,100000,5177.4487
rennes,100000,5177.455
rennes,100000,5177.46
rennes,100000,5177.489
rennes,100000,5177.4956
rennes,100000,5177.5005
rennes,100000,5177.5054
rennes,100000,5177.5103
rennes,100000,5200.562
rennes,100000,5200.5996
rennes,100000,5200.6123
rennes,100000,5200.622
rennes,100000,5200.632
rennes,100000,5200.6426
rennes,100000,5200.653
rennes,100000,5200.662
rennes,100000,5200.6724
rennes,100000,5223.4683
rennes,100000,5223.5034
rennes,100000,5223.5166
rennes,100000,5223.526
rennes,100000,5223.5366
rennes,100000,5223.546
rennes,100000,5223.5566
rennes,100000,5223.5654
rennes,100000,5223.5757
rennes,100000,5246.4404
rennes,100000,5246.4766
rennes,100000,5246.5415
rennes,100000,5246.551
rennes,100000,5246.555
rennes,100000,5246.56
rennes,100000,5089.292
rennes,100000,5089.318
rennes,100000,5089.3247
rennes,100000,5089.3296
rennes,100000,5089.3345
rennes,100000,5089.3394
rennes,100000,5089.344
rennes,100000,5089.349
rennes,100000,5089.354
rennes,100000,5112.3013
rennes,100000,5112.3467
rennes,100000,5112.3594
rennes,100000,5112.3696
rennes,100000,5112.384
rennes,100000,5112.3936
rennes,100000,5112.442
rennes,100000,5112.4565
rennes,100000,5112.4717
rennes,100000,5135.4863
rennes,100000,5135.5063
rennes,100000,5135.5195
rennes,100000,5135.525
rennes,100000,5135.5293
rennes,100000,5135.5376
rennes,100000,5135.5425
rennes,100000,5135.5474
rennes,100000,5135.5625
rennes,100000,5158.5938
rennes,100000,5158.6143
rennes,100000,5158.6206
rennes,100000,5158.633
rennes,100000,5158.638
rennes,100000,5158.6426
rennes,100000,5158.6514
rennes,100000,5158.6562
rennes,100000,5158.661
rennes,100000,5181.6914
rennes,100000,5181.7114
rennes,100000,5181.7173
rennes,100000,5181.722
rennes,100000,5181.7524
rennes,100000,5181.76
rennes,100000,5181.7646
rennes,100000,5181.77
rennes,100000,5181.7744
rennes,100000,5204.8286
rennes,100000,5204.8643
rennes,100000,5204.8765
rennes,100000,5204.886
rennes,100000,5204.896
rennes,100000,5204.906
rennes,100000,5204.9165
rennes,100000,5204.9263
rennes,100000,5204.9365
rennes,100000,5227.734
rennes,100000,5227.769
rennes,100000,5227.781
rennes,100000,5227.791
rennes,100000,5227.8003
rennes,100000,5227.8105
rennes,100000,5227.821
rennes,100000,5227.8306
rennes,100000,5227.8403
rennes,100000,5250.7065
rennes,100000,5250.742
rennes,100000,5250.8037
rennes,100000,5250.8115
rennes,100000,5250.8164
rennes,100000,5250.8213
rennes,100000,5094.1084
rennes,100000,5094.1357
rennes,100000,5094.1426
rennes,100000,5094.1475
rennes,100000,5094.153
rennes,100000,5094.1577
rennes,100000,5094.1626
rennes,100000,5094.167
rennes,100000,5094.1724
rennes,100000,5117.0986
rennes,100000,5117.1455
rennes,100000,5117.158
rennes,100000,5117.1685
rennes,100000,5117.1826
rennes,100000,5117.193
rennes,100000,5117.2554
rennes,100000,5117.269
rennes,100000,5117.2837
rennes,100000,5140.2466
rennes,100000,5140.289
rennes,100000,5140.3057
rennes,100000,5140.3105
rennes,100000,5140.3154
rennes,100000,5140.3237
rennes,100000,5140.3286
rennes,100000,5140.333
rennes,100000,5140.3486
rennes,100000,5163.4106
rennes,100000,5163.4307
rennes,100000,5163.438
rennes,100000,5163.449
rennes,100000,5163.4546
rennes,100000,5163.4595
rennes,100000,5163.467
rennes,100000,5163.4727
rennes,100000,5163.4775
rennes,100000,5186.472
rennes,100000,5186.5117
rennes,100000,5186.518
rennes,100000,5186.5234
rennes,100000,5186.5522
rennes,100000,5186.56
rennes,100000,5186.5654
rennes,100000,5186.5703
rennes,100000,5186.5747
rennes,100000,5209.636
rennes,100000,5209.6714
rennes,100000,5209.684
rennes,100000,5209.6934
rennes,100000,5209.703
rennes,100000,5209.7124
rennes,100000,5209.724
rennes,100000,5209.734
rennes,100000,5209.744
rennes,100000,5232.543
rennes,100000,5232.58
rennes,100000,5232.5933
rennes,100000,5232.6035
rennes,100000,5232.613
rennes,100000,5232.622
rennes,100000,5232.634
rennes,100000,5232.643
rennes,100000,5232.6533
rennes,100000,5255.506
rennes,100000,5255.541
rennes,100000,5255.593
rennes,100000,5255.6167
rennes,100000,5255.622
rennes,100000,5255.627
rennes,100000,5098.5405
rennes,100000,5098.567
rennes,100000,5098.574
rennes,100000,5098.5796
rennes,100000,5098.5845
rennes,100000,5098.59
rennes,100000,5098.5947
rennes,100000,5098.6
rennes,100000,5098.6045
rennes,100000,5121.5405
rennes,100000,5121.589
rennes,100000,5121.6016
rennes,100000,5121.612
rennes,100000,5121.6265
rennes,100000,5121.6357
rennes,100000,5121.6904
rennes,100000,5121.7036
rennes,100000,5121.719
rennes,100000,5144.7344
rennes,100000,5144.7544
rennes,100000,5144.7676
rennes,100000,5144.7725
rennes,100000,5144.7773
rennes,100000,5144.7856
rennes,100000,5144.79
rennes,100000,5144.795
rennes,100000,5144.8105
rennes,100000,5167.842
rennes,100000,5167.8633
rennes,100000,5167.87
rennes,100000,5167.882
rennes,100000,5167.8867
rennes,100000,5167.8916
rennes,100000,5167.9
rennes,100000,5167.905
rennes,100000,5167.9097
rennes,100000,5190.935
rennes,100000,5190.9556
rennes,100000,5190.962
rennes,100000,5190.967
rennes,100000,5190.9966
rennes,100000,5191.0034
rennes,100000,5191.009
rennes,100000,5191.013
rennes,100000,5191.018
rennes,100000,5214.076
rennes,100000,5214.114
rennes,100000,5214.1265
rennes,100000,5214.137
rennes,100000,5214.1465
rennes,100000,5214.1567
rennes,100000,5214.167
rennes,100000,5214.1772
rennes,100000,5214.1865
rennes,100000,5236.9834
rennes,100000,5237.0205
rennes,100000,5237.033
rennes,100000,5237.0435
rennes,100000,5237.053
rennes,100000,5237.063
rennes,100000,5237.073
rennes,100000,5237.083
rennes,100000,5237.0923
rennes,100000,5259.9473
rennes,100000,5259.9844
rennes,100000,5260.0493
rennes,100000,5260.0586
rennes,100000,5260.063
rennes,100000,5260.068
rennes,100000,5073.774
rennes,100000,5073.7983
rennes,100000,5073.8047
rennes,100000,5073.8184
rennes,100000,5073.8237
rennes,100000,5073.829
rennes,100000,5073.838
rennes,100000,5073.843
rennes,100000,5073.848
rennes,100000,5103.4126
rennes,100000,5103.4443
rennes,100000,5103.4517
rennes,100000,5103.4575
rennes,100000,5103.4624
rennes,100000,5103.4673
rennes,100000,5103.4727
rennes,100000,5103.4775
rennes,100000,5103.484
rennes,100000,5126.414
rennes,100000,5126.462
rennes,100000,5126.475
rennes,100000,5126.4844
rennes,100000,5126.5
rennes,100000,5126.5107
rennes,100000,5126.5576
rennes,100000,5126.572
rennes,100000,5126.588
rennes,100000,5149.6035
rennes,100000,5149.6245
rennes,100000,5149.6387
rennes,100000,5149.644
rennes,100000,5149.6484
rennes,100000,5149.657
rennes,100000,5149.6626
rennes,100000,5149.6675
rennes,100000,5149.6855
rennes,100000,5172.7144
rennes,100000,5172.736
rennes,100000,5172.742
rennes,100000,5172.755
rennes,100000,5172.76
rennes,100000,5172.7646
rennes,100000,5172.7734
rennes,100000,5172.7793
rennes,100000,5172.7837
rennes,100000,5195.806
rennes,100000,5195.827
rennes,100000,5195.833
rennes,100000,5195.8384
rennes,100000,5195.8696
rennes,100000,5195.8774
rennes,100000,5195.883
rennes,100000,5195.8877
rennes,100000,5195.8926
rennes,100000,5218.9497
rennes,100000,5218.985
rennes,100000,5218.9976
rennes,100000,5219.008
rennes,100000,5219.0176
rennes,100000,5219.0273
rennes,100000,5219.0386
rennes,100000,5219.0483
rennes,100000,5219.058
rennes,100000,5241.8545
rennes,100000,5241.89
rennes,100000,5241.9023
rennes,100000,5241.9126
rennes,100000,5241.9224
rennes,100000,5241.932
rennes,100000,5241.943
rennes,100000,5241.953
rennes,100000,5241.963
rennes,100000,5264.8193
rennes,100000,5264.8545
rennes,100000,5264.923
rennes,100000,5264.9326
rennes,100000,5264.938
rennes,100000,5264.9434
nantes,100000,5051.7075
nantes,100000,5051.7534
nantes,100000,5051.7656
nantes,100000,5051.775
nantes,100000,5051.7847
nantes,100000,5051.7944
nantes,100000,5051.804
nantes,100000,5051.8135
nantes,100000,5051.823
nantes,100000,5074.673
nantes,100000,5074.701
nantes,100000,5074.7085
nantes,100000,5074.714
nantes,100000,5074.7217
nantes,100000,5074.727
nantes,100000,5074.7593
nantes,100000,5074.767
nantes,100000,5074.7773
nantes,100000,5097.8438
nantes,100000,5097.8784
nantes,100000,5097.901
nantes,100000,5097.9106
nantes,100000,5097.92
nantes,100000,5097.9497
nantes,100000,5097.956
nantes,100000,5097.9614
nantes,100000,5097.9775
nantes,100000,5121.034
nantes,100000,5121.0566
nantes,100000,5121.063
nantes,100000,5121.0757
nantes,100000,5121.0806
nantes,100000,5121.0854
nantes,100000,5121.0947
nantes,100000,5121.0996
nantes,100000,5121.1045
nantes,100000,5144.096
nantes,100000,5144.1187
nantes,100000,5144.125
nantes,100000,5144.1304
nantes,100000,5144.1606
nantes,100000,5144.1694
nantes,100000,5144.1743
nantes,100000,5144.179
nantes,100000,5144.1846
nantes,100000,5167.22
nantes,100000,5167.2437
nantes,100000,5167.2505
nantes,100000,5167.256
nantes,100000,5167.2607
nantes,100000,5167.2666
nantes,100000,5167.272
nantes,100000,5167.2773
nantes,100000,5167.2827
nantes,100000,5190.124
nantes,100000,5190.1465
nantes,100000,5190.1533
nantes,100000,5190.158
nantes,100000,5190.163
nantes,100000,5190.169
nantes,100000,5190.1743
nantes,100000,5190.1787
nantes,100000,5190.184
nantes,100000,5213.0957
nantes,100000,5213.118
nantes,100000,5213.1504
nantes,100000,5213.158
nantes,100000,5213.1636
nantes,100000,5213.169
nantes,100000,5057.856
nantes,100000,5057.902
nantes,100000,5057.914
nantes,100000,5057.924
nantes,100000,5057.933
nantes,100000,5057.943
nantes,100000,5057.952
nantes,100000,5057.962
nantes,100000,5057.9717
nantes,100000,5080.805
nantes,100000,5080.835
nantes,100000,5080.8423
nantes,100000,5080.848
nantes,100000,5080.8574
nantes,100000,5080.8623
nantes,100000,5080.893
nantes,100000,5080.9004
nantes,100000,5080.9097
nantes,100000,5103.9956
nantes,100000,5104.0337
nantes,100000,5104.056
nantes,100000,5104.0815
nantes,100000,5104.0884
nantes,100000,5104.096
nantes,100000,5104.1016
nantes,100000,5104.1074
nantes,100000,5104.123
nantes,100000,5127.184
nantes,100000,5127.207
nantes,100000,5127.2134
nantes,100000,5127.226
nantes,100000,5127.231
nantes,100000,5127.2363
nantes,100000,5127.248
nantes,100000,5127.254
nantes,100000,5127.259
nantes,100000,5150.2383
nantes,100000,5150.2593
nantes,100000,5150.2666
nantes,100000,5150.272
nantes,100000,5150.3037
nantes,100000,5150.3105
nantes,100000,5150.3154
nantes,100000,5150.3203
nantes,100000,5150.3447
nantes,100000,5173.3623
nantes,100000,5173.3843
nantes,100000,5173.391
nantes,100000,5173.397
nantes,100000,5173.4023
nantes,100000,5173.407
nantes,100000,5173.413
nantes,100000,5173.4185
nantes,100000,5173.424
nantes,100000,5196.2705
nantes,100000,5196.292
nantes,100000,5196.299
nantes,100000,5196.304
nantes,100000,5196.3096
nantes,100000,5196.315
nantes,100000,5196.32
nantes,100000,5196.3257
nantes,100000,5196.331
nantes,100000,5219.238
nantes,100000,5219.26
nantes,100000,5219.2925
nantes,100000,5219.3
nantes,100000,5219.305
nantes,100000,5219.3105
nantes,100000,5063.7227
nantes,100000,5063.766
nantes,100000,5063.779
nantes,100000,5063.7886
nantes,100000,5063.798
nantes,100000,5063.8076
nantes,100000,5063.8174
nantes,100000,5063.827
nantes,100000,5063.8364
nantes,100000,5086.68
nantes,100000,5086.708
nantes,100000,5086.716
nantes,100000,5086.721
nantes,100000,5086.7295
nantes,100000,5086.735
nantes,100000,5086.7407
nantes,100000,5086.773
nantes,100000,5086.783
nantes,100000,5109.8613
nantes,100000,5109.898
nantes,100000,5109.921
nantes,100000,5109.9478
nantes,100000,5109.9546
nantes,100000,5109.962
nantes,100000,5109.9683
nantes,100000,5109.9736
nantes,100000,5109.989
nantes,100000,5133.0513
nantes,100000,5133.0723
nantes,100000,5133.079
nantes,100000,5133.091
nantes,100000,5133.096
nantes,100000,5133.1016
nantes,100000,5133.109
nantes,100000,5133.1143
nantes,100000,5133.1196
nantes,100000,5156.113
nantes,100000,5156.1357
nantes,100000,5156.142
nantes,100000,5156.1475
nantes,100000,5156.1772
nantes,100000,5156.1846
nantes,100000,5156.209
nantes,100000,5156.2153
nantes,100000,5156.22
nantes,100000,5179.2373
nantes,100000,5179.2603
nantes,100000,5179.2676
nantes,100000,5179.2725
nantes,100000,5179.278
nantes,100000,5179.2837
nantes,100000,5179.289
nantes,100000,5179.2944
nantes,100000,5179.3
nantes,100000,5202.1377
nantes,100000,5202.1587
nantes,100000,5202.165
nantes,100000,5202.171
nantes,100000,5202.1763
nantes,100000,5202.181
nantes,100000,5202.1875
nantes,100000,5202.1924
nantes,100000,5202.1978
nantes,100000,5225.112
nantes,100000,5225.1333
nantes,100000,5225.1675
nantes,100000,5225.1743
nantes,100000,5225.1797
nantes,100000,5225.185
nantes,100000,5070.384
nantes,100000,5070.431
nantes,100000,5070.444
nantes,100000,5070.4536
nantes,100000,5070.4634
nantes,100000,5070.472
nantes,100000,5070.4824
nantes,100000,5070.491
nantes,100000,5070.5015
nantes,100000,5093.3423
nantes,100000,5093.3716
nantes,100000,5093.378
nantes,100000,5093.3833
nantes,100000,5093.392
nantes,100000,5093.397
nantes,100000,5093.4277
nantes,100000,5093.4346
nantes,100000,5093.444
nantes,100000,5116.525
nantes,100000,5116.56
nantes,100000,5116.5835
nantes,100000,5116.6094
nantes,100000,5116.616
nantes,100000,5116.624
nantes,100000,5116.6294
nantes,100000,5116.635
nantes,100000,5116.6494
nantes,100000,5139.7046
nantes,100000,5139.7266
nantes,100000,5139.7334
nantes,100000,5139.745
nantes,100000,5139.751
nantes,100000,5139.756
nantes,100000,5139.764
nantes,100000,5139.7695
nantes,100000,5139.7744
nantes,100000,5162.767
nantes,100000,5162.788
nantes,100000,5162.795
nantes,100000,5162.8003
nantes,100000,5162.8306
nantes,100000,5162.8374
nantes,100000,5162.8423
nantes,100000,5162.8477
nantes,100000,5162.872
nantes,100000,5185.8906
nantes,100000,5185.914
nantes,100000,5185.9214
nantes,100000,5185.9263
nantes,100000,5185.9316
nantes,100000,5185.937
nantes,100000,5185.9434
nantes,100000,5185.948
nantes,100000,5185.953
nantes,100000,5208.7983
nantes,100000,5208.82
nantes,100000,5208.8267
nantes,100000,5208.832
nantes,100000,5208.8374
nantes,100000,5208.843
nantes,100000,5208.849
nantes,100000,5208.854
nantes,100000,5208.859
nantes,100000,5231.766
nantes,100000,5231.7876
nantes,100000,5231.822
nantes,100000,5231.8286
nantes,100000,5231.834
nantes,100000,5231.8394
lyon,100000,5176.762
lyon,100000,5176.8086
lyon,100000,5176.822
lyon,100000,5176.832
lyon,100000,5176.8413
lyon,100000,5176.8506
lyon,100000,5176.8604
lyon,100000,5176.8696
lyon,100000,5176.8794
lyon,100000,5199.7896
lyon,100000,5199.82
lyon,100000,5199.8276
lyon,100000,5199.833
lyon,100000,5199.841
lyon,100000,5199.846
lyon,100000,5199.9585
lyon,100000,5199.968
lyon,100000,5199.9775
lyon,100000,5222.89
lyon,100000,5222.9272
lyon,100000,5222.951
lyon,100000,5222.961
lyon,100000,5222.9707
lyon,100000,5222.9844
lyon,100000,5222.9937
lyon,100000,5223.0034
lyon,100000,5223.0303
lyon,100000,5246.118
lyon,100000,5246.14
lyon,100000,5246.147
lyon,100000,5246.1597
lyon,100000,5246.165
lyon,100000,5246.1694
lyon,100000,5246.1777
lyon,100000,5246.1826
lyon,100000,5246.187
lyon,100000,5269.168
lyon,100000,5269.1895
lyon,100000,5269.1953
lyon,100000,5269.201
lyon,100000,5269.2305
lyon,100000,5269.237
lyon,100000,5269.2417
lyon,100000,5269.2466
lyon,100000,5269.252
lyon,100000,5292.2866
lyon,100000,5292.308
lyon,100000,5292.3145
lyon,100000,5292.3203
lyon,100000,5292.325
lyon,100000,5292.3296
lyon,100000,5292.3345
lyon,100000,5292.3394
lyon,100000,5292.344
lyon,100000,5315.209
lyon,100000,5315.2583
lyon,100000,5315.266
lyon,100000,5315.2715
lyon,100000,5315.2764
lyon,100000,5315.281
lyon,100000,5315.286
lyon,100000,5315.291
lyon,100000,5315.296
lyon,100000,5338.266
lyon,100000,5338.2876
lyon,100000,5338.319
lyon,100000,5338.3267
lyon,100000,5338.331
lyon,100000,5338.336
nantes,100000,5075.8267
nantes,100000,5075.872
nantes,100000,5075.8843
nantes,100000,5075.8945
nantes,100000,5075.904
nantes,100000,5075.913
nantes,100000,5075.9233
nantes,100000,5075.9326
nantes,100000,5075.942
nantes,100000,5098.784
nantes,100000,5098.8174
nantes,100000,5098.8247
nantes,100000,5098.83
nantes,100000,5098.8384
nantes,100000,5098.8438
nantes,100000,5098.8486
nantes,100000,5098.879
nantes,100000,5098.889
nantes,100000,5121.9653
nantes,100000,5122.0
nantes,100000,5122.0225
nantes,100000,5122.0493
nantes,100000,5122.0547
nantes,100000,5122.0625
nantes,100000,5122.069
nantes,100000,5122.0737
nantes,100000,5122.0903
nantes,100000,5145.154
nantes,100000,5145.1753
nantes,100000,5145.1826
nantes,100000,5145.197
nantes,100000,5145.202
nantes,100000,5145.2075
nantes,100000,5145.2153
nantes,100000,5145.2207
nantes,100000,5145.226
nantes,100000,5168.217
nantes,100000,5168.238
nantes,100000,5168.2437
nantes,100000,5168.2495
nantes,100000,5168.3145
nantes,100000,5168.3237
nantes,100000,5168.328
nantes,100000,5168.333
nantes,100000,5168.3384
nantes,100000,5191.333
nantes,100000,5191.355
nantes,100000,5191.3613
nantes,100000,5191.3667
nantes,100000,5191.372
nantes,100000,5191.377
nantes,100000,5191.3833
nantes,100000,5191.3887
nantes,100000,5191.394
nantes,100000,5214.241
nantes,100000,5214.262
nantes,100000,5214.2686
nantes,100000,5214.274
nantes,100000,5214.2793
nantes,100000,5214.284
nantes,100000,5214.2896
nantes,100000,5214.295
nantes,100000,5214.3003
nantes,100000,5237.2153
nantes,100000,5237.237
nantes,100000,5237.2686
nantes,100000,5237.2754
nantes,100000,5237.281
nantes,100000,5237.286
nantes,100000,5010.082
nantes,100000,5010.12
nantes,100000,5010.1274
nantes,100000,5010.14
nantes,100000,5010.1455
nantes,100000,5010.1514
nantes,100000,5010.16
nantes,100000,5010.1646
nantes,100000,5010.17
nantes,100000,5039.756
nantes,100000,5039.8003
nantes,100000,5039.8125
nantes,100000,5039.8228
nantes,100000,5039.8315
nantes,100000,5039.8413
nantes,100000,5039.851
nantes,100000,5039.861
nantes,100000,5039.87
nantes,100000,5062.6646
nantes,100000,5062.6924
nantes,100000,5062.6987
nantes,100000,5062.7036
nantes,100000,5062.7114
nantes,100000,5062.717
nantes,100000,5062.751
nantes,100000,5062.7744
nantes,100000,5062.7847
nantes,100000,5085.891
nantes,100000,5085.9336
nantes,100000,5085.948
nantes,100000,5085.9536
nantes,100000,5085.9585
nantes,100000,5085.967
nantes,100000,5085.972
nantes,100000,5085.9766
nantes,100000,5085.993
nantes,100000,5109.145
nantes,100000,5109.185
nantes,100000,5109.193
nantes,100000,5109.2217
nantes,100000,5109.2275
nantes,100000,5109.2324
nantes,100000,5109.2407
nantes,100000,5109.245
nantes,100000,5109.2505
nantes,100000,5132.1226
nantes,100000,5132.1436
nantes,100000,5132.1504
nantes,100000,5132.1553
nantes,100000,5132.187
nantes,100000,5132.1943
nantes,100000,5132.2
nantes,100000,5132.206
nantes,100000,5132.2114
nantes,100000,5155.256
nantes,100000,5155.2783
nantes,100000,5155.2847
nantes,100000,5155.2905
nantes,100000,5155.2954
nantes,100000,5155.302
nantes,100000,5155.307
nantes,100000,5155.3125
nantes,100000,5155.3174
nantes,100000,5178.1875
nantes,100000,5178.2227
nantes,100000,5178.234
nantes,100000,5178.2437
nantes,100000,5178.253
nantes,100000,5178.2617
nantes,100000,5178.2725
nantes,100000,5178.2812
nantes,100000,5178.2905
nantes,100000,5201.697
nantes,100000,5201.72
nantes,100000,5201.7466
nantes,100000,5201.7534
nantes,100000,5201.759
nantes,100000,5201.7637
nantes,100000,5016.722
nantes,100000,5016.742
nantes,100000,5016.7485
nantes,100000,5016.7603
nantes,100000,5016.7656
nantes,100000,5016.7705
nantes,100000,5016.779
nantes,100000,5016.784
nantes,100000,5016.789
nantes,100000,5046.3794
nantes,100000,5046.4243
nantes,100000,5046.436
nantes,100000,5046.446
nantes,100000,5046.455
nantes,100000,5046.4644
nantes,100000,5046.475
nantes,100000,5046.484
nantes,100000,5046.4937
nantes,100000,5069.3096
nantes,100000,5069.338
nantes,100000,5069.3447
nantes,100000,5069.349
nantes,100000,5069.3574
nantes,100000,5069.3623
nantes,100000,5069.367
nantes,100000,5069.412
nantes,100000,5069.4233
nantes,100000,5092.5127
nantes,100000,5092.5547
nantes,100000,5092.568
nantes,100000,5092.5737
nantes,100000,5092.5786
nantes,100000,5092.586
nantes,100000,5092.592
nantes,100000,5092.597
nantes,100000,5092.6157
nantes,100000,5115.7656
nantes,100000,5115.8076
nantes,100000,5115.8145
nantes,100000,5115.843
nantes,100000,5115.849
nantes,100000,5115.854
nantes,100000,5115.8633
nantes,100000,5115.868
nantes,100000,5115.8735
nantes,100000,5138.746
nantes,100000,5138.768
nantes,100000,5138.775
nantes,100000,5138.7803
nantes,100000,5138.8115
nantes,100000,5138.8193
nantes,100000,5138.8247
nantes,100000,5138.83
nantes,100000,5138.8354
nantes,100000,5161.8843
nantes,100000,5161.9067
nantes,100000,5161.9136
nantes,100000,5161.9185
nantes,100000,5161.924
nantes,100000,5161.929
nantes,100000,5161.9355
nantes,100000,5161.9404
nantes,100000,5161.946
nantes,100000,5184.8076
nantes,100000,5184.8438
nantes,100000,5184.8555
nantes,100000,5184.865
nantes,100000,5184.874
nantes,100000,5184.885
nantes,100000,5184.894
nantes,100000,5184.903
nantes,100000,5184.9116
nantes,100000,5207.7803
nantes,100000,5207.8276
nantes,100000,5207.9023
nantes,100000,5207.926
nantes,100000,5207.959
nantes,100000,5207.9707
nantes,100000,5051.7305
nantes,100000,5051.7764
nantes,100000,5051.7886
nantes,100000,5051.7983
nantes,100000,5051.8076
nantes,100000,5051.818
nantes,100000,5051.828
nantes,100000,5051.837
nantes,100000,5051.847
nantes,100000,5074.646
nantes,100000,5074.6753
nantes,100000,5074.682
nantes,100000,5074.6875
nantes,100000,5074.6963
nantes,100000,5074.7017
nantes,100000,5074.7305
nantes,100000,5074.7373
nantes,100000,5074.746
nantes,100000,5097.8623
nantes,100000,5097.9126
nantes,100000,5097.9287
nantes,100000,5097.9336
nantes,100000,5097.9385
nantes,100000,5097.9473
nantes,100000,5097.9517
nantes,100000,5097.957
nantes,100000,5097.972
nantes,100000,5121.043
nantes,100000,5121.1074
nantes,100000,5121.116
nantes,100000,5121.1284
nantes,100000,5121.134
nantes,100000,5121.139
nantes,100000,5121.167
nantes,100000,5121.1724
nantes,100000,5121.1772
nantes,100000,5144.104
nantes,100000,5144.1265
nantes,100000,5144.134
nantes,100000,5144.1387
nantes,100000,5144.17
nantes,100000,5144.1772
nantes,100000,5144.1826
nantes,100000,5144.188
nantes,100000,5144.1934
nantes,100000,5167.238
nantes,100000,5167.2603
nantes,100000,5167.267
nantes,100000,5167.2725
nantes,100000,5167.2783
nantes,100000,5167.284
nantes,100000,5167.289
nantes,100000,5167.295
nantes,100000,5167.3003
nantes,100000,5190.1587
nantes,100000,5190.1953
nantes,100000,5190.207
nantes,100000,5190.217
nantes,100000,5190.228
nantes,100000,5190.2373
nantes,100000,5190.247
nantes,100000,5190.2563
nantes,100000,5190.2656
nantes,100000,5213.1504
nantes,100000,5213.1978
nantes,100000,5213.2754
nantes,100000,5213.296
nantes,100000,5213.329
nantes,100000,5213.3403
nantes,100000,5058.055
nantes,100000,5058.1
nantes,100000,5058.113
nantes,100000,5058.123
nantes,100000,5058.133
nantes,100000,5058.142
nantes,100000,5058.1533
nantes,100000,5058.1626
nantes,100000,5058.173
nantes,100000,5080.9634
nantes,100000,5080.9917
nantes,100000,5080.9985
nantes,100000,5081.004
nantes,100000,5081.011
nantes,100000,5081.017
nantes,100000,5081.048
nantes,100000,5081.0557
nantes,100000,5081.082
nantes,100000,5104.1904
nantes,100000,5104.234
nantes,100000,5104.2476
nantes,100000,5104.254
nantes,100000,5104.259
nantes,100000,5104.2676
nantes,100000,5104.2734
nantes,100000,5104.2783
nantes,100000,5104.296
nantes,100000,5127.445
nantes,100000,5127.486
nantes,100000,5127.493
nantes,100000,5127.523
nantes,100000,5127.5293
nantes,100000,5127.5337
nantes,100000,5127.5425
nantes,100000,5127.548
nantes,100000,5127.553
nantes,100000,5150.4224
nantes,100000,5150.4434
nantes,100000,5150.4507
nantes,100000,5150.456
nantes,100000,5150.4883
nantes,100000,5150.496
nantes,100000,5150.502
nantes,100000,5150.507
nantes,100000,5150.512
nantes,100000,5173.5635
nantes,100000,5173.585
nantes,100000,5173.5923
nantes,100000,5173.597
nantes,100000,5173.6025
nantes,100000,5173.608
nantes,100000,5173.6143
nantes,100000,5173.619
nantes,100000,5173.6245
nantes,100000,5196.487
nantes,100000,5196.5234
nantes,100000,5196.536
nantes,100000,5196.546
nantes,100000,5196.5557
nantes,100000,5196.565
nantes,100000,5196.5757
nantes,100000,5196.585
nantes,100000,5196.5947
nantes,100000,5219.431
nantes,100000,5219.4707
nantes,100000,5219.5254
nantes,100000,5219.538
nantes,100000,5219.5483
nantes,100000,5219.558
nantes,100000,5034.2144
nantes,100000,5034.253
nantes,100000,5034.2603
nantes,100000,5034.2734
nantes,100000,5034.28
nantes,100000,5034.2856
nantes,100000,5034.295
nantes,100000,5034.301
nantes,100000,5034.3066
nantes,100000,5063.8896
nantes,100000,5063.9346
nantes,100000,5063.947
nantes,100000,5063.9565
nantes,100000,5063.966
nantes,100000,5063.975
nantes,100000,5063.986
nantes,100000,5063.995
nantes,100000,5064.0044
nantes,100000,5086.7983
nantes,100000,5086.826
nantes,100000,5086.833
nantes,100000,5086.8384
nantes,100000,5086.8467
nantes,100000,5086.852
nantes,100000,5086.8867
nantes,100000,5086.9106
nantes,100000,5086.9204
nantes,100000,5110.025
nantes,100000,5110.0674
nantes,100000,5110.082
nantes,100000,5110.0874
nantes,100000,5110.0923
nantes,100000,5110.1
nantes,100000,5110.106
nantes,100000,5110.111
nantes,100000,5110.129
nantes,100000,5133.2705
nantes,100000,5133.3115
nantes,100000,5133.32
nantes,100000,5133.332
nantes,100000,5133.354
nantes,100000,5133.36
nantes,100000,5133.368
nantes,100000,5133.3726
nantes,100000,5133.378
nantes,100000,5156.2563
nantes,100000,5156.2773
nantes,100000,5156.2837
nantes,100000,5156.2896
nantes,100000,5156.3213
nantes,100000,5156.3286
nantes,100000,5156.334
nantes,100000,5156.3403
nantes,100000,5156.345
nantes,100000,5179.3896
nantes,100000,5179.412
nantes,100000,5179.4185
nantes,100000,5179.424
nantes,100000,5179.429
nantes,100000,5179.434
nantes,100000,5179.44
nantes,100000,5179.446
nantes,100000,5179.451
nantes,100000,5202.3213
nantes,100000,5202.3564
nantes,100000,5202.3687
nantes,100000,5202.3784
nantes,100000,5202.3877
nantes,100000,5202.397
nantes,100000,5202.407
nantes,100000,5202.4165
nantes,100000,5202.426
nantes,100000,5225.259
nantes,100000,5225.298
nantes,100000,5225.4854
nantes,100000,5225.496
nantes,100000,5225.5024
nantes,100000,5225.508
lyon,100000,5023.1016
lyon,100000,5023.1226
lyon,100000,5023.129
lyon,100000,5023.1426
lyon,100000,5023.1475
lyon,100000,5023.153
lyon,100000,5023.162
lyon,100000,5023.167
lyon,100000,5023.1724
lyon,100000,5052.761
lyon,100000,5052.808
lyon,100000,5052.821
lyon,100000,5052.8306
lyon,100000,5052.8403
lyon,100000,5052.85
lyon,100000,5052.861
lyon,100000,5052.87
lyon,100000,5052.88
lyon,100000,5075.7534
lyon,100000,5075.7993
lyon,100000,5075.813
lyon,100000,5075.8228
lyon,100000,5075.838
lyon,100000,5075.8486
lyon,100000,5075.858
lyon,100000,5075.916
lyon,100000,5075.9272
lyon,100000,5098.8965
lyon,100000,5098.9185
lyon,100000,5098.932
lyon,100000,5098.938
lyon,100000,5098.943
lyon,100000,5098.952
lyon,100000,5098.958
lyon,100000,5098.963
lyon,100000,5098.9785
lyon,100000,5122.102
lyon,100000,5122.139
lyon,100000,5122.151
lyon,100000,5122.173
lyon,100000,5122.1826
lyon,100000,5122.1934
lyon,100000,5122.2085
lyon,100000,5122.2188
lyon,100000,5122.2285
lyon,100000,5145.125
lyon,100000,5145.1606
lyon,100000,5145.1733
lyon,100000,5145.1836
lyon,100000,5145.2334
lyon,100000,5145.2466
lyon,100000,5145.2563
lyon,100000,5145.2656
lyon,100000,5145.2754
lyon,100000,5168.2935
lyon,100000,5168.3154
lyon,100000,5168.322
lyon,100000,5168.3267
lyon,100000,5168.332
lyon,100000,5168.3374
lyon,100000,5168.343
lyon,100000,5168.347
lyon,100000,5168.352
lyon,100000,5191.2007
lyon,100000,5191.2373
lyon,100000,5191.2495
lyon,100000,5191.2593
lyon,100000,5191.269
lyon,100000,5191.2783
lyon,100000,5191.289
lyon,100000,5191.2983
lyon,100000,5191.308
lyon,100000,5214.2236
lyon,100000,5214.2456
lyon,100000,5214.278
lyon,100000,5214.285
lyon,100000,5214.2905
lyon,100000,5214.2964
lyon,100000,5028.9346
lyon,100000,5028.9546
lyon,100000,5028.961
lyon,100000,5028.974
lyon,100000,5028.9805
lyon,100000,5028.9854
lyon,100000,5028.994
lyon,100000,5029.0
lyon,100000,5029.006
lyon,100000,5058.594
lyon,100000,5058.6387
lyon,100000,5058.651
lyon,100000,5058.661
lyon,100000,5058.6704
lyon,100000,5058.68
lyon,100000,5058.69
lyon,100000,5058.7007
lyon,100000,5058.71
lyon,100000,5081.5977
lyon,100000,5081.645
lyon,100000,5081.657
lyon,100000,5081.667
lyon,100000,5081.6816
lyon,100000,5081.692
lyon,100000,5081.75
lyon,100000,5081.7583
lyon,100000,5081.7676
lyon,100000,5104.7324
lyon,100000,5104.7544
lyon,100000,5104.768
lyon,100000,5104.774
lyon,100000,5104.779
lyon,100000,5104.787
lyon,100000,5104.7925
lyon,100000,5104.798
lyon,100000,5104.8164
lyon,100000,5127.947
lyon,100000,5127.9834
lyon,100000,5127.996
lyon,100000,5128.0176
lyon,100000,5128.0273
lyon,100000,5128.037
lyon,100000,5128.0522
lyon,100000,5128.062
lyon,100000,5128.072
lyon,100000,5150.969
lyon,100000,5151.0054
lyon,100000,5151.017
lyon,100000,5151.0273
lyon,100000,5151.0786
lyon,100000,5151.0923
lyon,100000,5151.103
lyon,100000,5151.113
lyon,100000,5151.123
lyon,100000,5174.128
lyon,100000,5174.15
lyon,100000,5174.157
lyon,100000,5174.1626
lyon,100000,5174.167
lyon,100000,5174.174
lyon,100000,5174.179
lyon,100000,5174.184
lyon,100000,5174.189
lyon,100000,5197.045
lyon,100000,5197.08
lyon,100000,5197.093
lyon,100000,5197.1025
lyon,100000,5197.1123
lyon,100000,5197.122
lyon,100000,5197.1333
lyon,100000,5197.143
lyon,100000,5197.1533
lyon,100000,5220.0586
lyon,100000,5220.08
lyon,100000,5220.113
lyon,100000,5220.121
lyon,100000,5220.1265
lyon,100000,5220.1323
lyon,100000,5034.2305
lyon,100000,5034.251
lyon,100000,5034.2573
lyon,100000,5034.27
lyon,100000,5034.275
lyon,100000,5034.28
lyon,100000,5034.287
lyon,100000,5034.292
lyon,100000,5034.2974
lyon,100000,5063.89
lyon,100000,5063.936
lyon,100000,5063.9487
lyon,100000,5063.9585
lyon,100000,5063.9683
lyon,100000,5063.978
lyon,100000,5063.9883
lyon,100000,5063.9976
lyon,100000,5064.008
lyon,100000,5086.8926
lyon,100000,5086.94
lyon,100000,5086.9526
lyon,100000,5086.963
lyon,100000,5086.9775
lyon,100000,5086.987
lyon,100000,5087.0464
lyon,100000,5087.053
lyon,100000,5087.063
lyon,100000,5110.0283
lyon,100000,5110.05
lyon,100000,5110.0635
lyon,100000,5110.069
lyon,100000,5110.0737
lyon,100000,5110.0815
lyon,100000,5110.0864
lyon,100000,5110.092
lyon,100000,5110.107
lyon,100000,5133.243
lyon,100000,5133.278
lyon,100000,5133.29
lyon,100000,5133.311
lyon,100000,5133.3203
lyon,100000,5133.3306
lyon,100000,5133.3457
lyon,100000,5133.355
lyon,100000,5133.365
lyon,100000,5156.266
lyon,100000,5156.302
lyon,100000,5156.314
lyon,100000,5156.3237
lyon,100000,5156.374
lyon,100000,5156.3857
lyon,100000,5156.396
lyon,100000,5156.4053
lyon,100000,5156.415
lyon,100000,5179.4326
lyon,100000,5179.453
lyon,100000,5179.4595
lyon,100000,5179.465
lyon,100000,5179.4697
lyon,100000,5179.474
lyon,100000,5179.4795
lyon,100000,5179.4854
lyon,100000,5179.4907
lyon,100000,5202.34
lyon,100000,5202.375
lyon,100000,5202.387
lyon,100000,5202.3975
lyon,100000,5202.407
lyon,100000,5202.417
lyon,100000,5202.4287
lyon,100000,5202.4385
lyon,100000,5202.448
lyon,100000,5225.362
lyon,100000,5225.3833
lyon,100000,5225.414
lyon,100000,5225.4214
lyon,100000,5225.427
lyon,100000,5225.4316
lyon,100000,5070.229
lyon,100000,5070.2734
lyon,100000,5070.286
lyon,100000,5070.296
lyon,100000,5070.305
lyon,100000,5070.315
lyon,100000,5070.3237
lyon,100000,5070.334
lyon,100000,5070.3433
lyon,100000,5093.231
lyon,100000,5093.2764
lyon,100000,5093.29
lyon,100000,5093.2993
lyon,100000,5093.3145
lyon,100000,5093.3247
lyon,100000,5093.382
lyon,100000,5093.3896
lyon,100000,5093.3984
lyon,100000,5116.367
lyon,100000,5116.387
lyon,100000,5116.4014
lyon,100000,5116.4067
lyon,100000,5116.4116
lyon,100000,5116.421
lyon,100000,5116.4253
lyon,100000,5116.431
lyon,100000,5116.449
lyon,100000,5139.5815
lyon,100000,5139.6167
lyon,100000,5139.628
lyon,100000,5139.65
lyon,100000,5139.66
lyon,100000,5139.67
lyon,100000,5139.686
lyon,100000,5139.697
lyon,100000,5139.706
lyon,100000,5162.604
lyon,100000,5162.6387
lyon,100000,5162.6504
lyon,100000,5162.6606
lyon,100000,5162.711
lyon,100000,5162.7236
lyon,100000,5162.734
lyon,100000,5162.7437
lyon,100000,5162.753
lyon,100000,5185.7627
lyon,100000,5185.784
lyon,100000,5185.7905
lyon,100000,5185.796
lyon,100000,5185.801
lyon,100000,5185.805
lyon,100000,5185.8105
lyon,100000,5185.816
lyon,100000,5185.821
lyon,100000,5208.6787
lyon,100000,5208.7134
lyon,100000,5208.7256
lyon,100000,5208.7354
lyon,100000,5208.745
lyon,100000,5208.7544
lyon,100000,5208.764
lyon,100000,5208.774
lyon,100000,5208.7837
lyon,100000,5231.693
lyon,100000,5231.7144
lyon,100000,5231.747
lyon,100000,5231.7544
lyon,100000,5231.76
lyon,100000,5231.764
nancy,100000,5197.3867
nancy,100000,5197.4053
nancy,100000,5197.409
nancy,100000,5197.418
nancy,100000,5197.4214
nancy,100000,5197.4253
nancy,100000,5197.4297
nancy,100000,5197.4326
nancy,100000,5197.436
nancy,100000,5226.9727
nancy,100000,5227.022
nancy,100000,5227.0347
nancy,100000,5227.0454
nancy,100000,5227.055
nancy,100000,5227.0645
nancy,100000,5227.074
nancy,100000,5227.0835
nancy,100000,5227.0938
nancy,100000,5249.9053
nancy,100000,5249.9565
nancy,100000,5249.9688
nancy,100000,5249.9795
nancy,100000,5249.9927
nancy,100000,5250.003
nancy,100000,5250.055
nancy,100000,5250.066
nancy,100000,5250.0796
nancy,100000,5273.0444
nancy,100000,5273.0854
nancy,100000,5273.109
nancy,100000,5273.1196
nancy,100000,5273.139
nancy,100000,5273.145
nancy,100000,5273.148
nancy,100000,5273.151
nancy,100000,5273.161
nancy,100000,5296.2607
nancy,100000,5296.301
nancy,100000,5296.313
nancy,100000,5296.334
nancy,100000,5296.3438
nancy,100000,5296.354
nancy,100000,5296.3677
nancy,100000,5296.377
nancy,100000,5296.387
nancy,100000,5319.289
nancy,100000,5319.328
nancy,100000,5319.3403
nancy,100000,5319.3955
nancy,100000,5319.4067
nancy,100000,5319.4165
nancy,100000,5319.426
nancy,100000,5319.435
nancy,100000,5319.4453
nancy,100000,5342.4497
nancy,100000,5342.491
nancy,100000,5342.504
nancy,100000,5342.5146
nancy,100000,5342.5244
nancy,100000,5342.534
nancy,100000,5342.544
nancy,100000,5342.554
nancy,100000,5342.564
nancy,100000,5365.352
nancy,100000,5365.394
nancy,100000,5365.407
nancy,100000,5365.418
nancy,100000,5365.4277
nancy,100000,5365.4375
nancy,100000,5365.448
nancy,100000,5365.4575
nancy,100000,5365.4673
nancy,100000,5388.3857
nancy,100000,5388.466
nancy,100000,5388.4805
nancy,100000,5388.491
nancy,100000,5388.5005
nancy,100000,5388.5103
lyon,100000,5045.602
lyon,100000,5045.623
lyon,100000,5045.629
lyon,100000,5045.6406
lyon,100000,5045.6465
lyon,100000,5045.6514
lyon,100000,5045.6597
lyon,100000,5045.6646
lyon,100000,5045.669
lyon,100000,5075.2446
lyon,100000,5075.288
lyon,100000,5075.3013
lyon,100000,5075.311
lyon,100000,5075.321
lyon,100000,5075.33
lyon,100000,5075.34
lyon,100000,5075.3486
lyon,100000,5075.3584
lyon,100000,5098.244
lyon,100000,5098.2896
lyon,100000,5098.3013
lyon,100000,5098.3115
lyon,100000,5098.3247
lyon,100000,5098.3345
lyon,100000,5098.3433
lyon,100000,5098.4097
lyon,100000,5098.4224
lyon,100000,5121.394
lyon,100000,5121.4165
lyon,100000,5121.4297
lyon,100000,5121.4355
lyon,100000,5121.4404
lyon,100000,5121.4478
lyon,100000,5121.4526
lyon,100000,5121.4575
lyon,100000,5121.48
lyon,100000,5144.595
lyon,100000,5144.632
lyon,100000,5144.6455
lyon,100000,5144.6655
lyon,100000,5144.6753
lyon,100000,5144.684
lyon,100000,5144.6987
lyon,100000,5144.708
lyon,100000,5144.718
lyon,100000,5167.6177
lyon,100000,5167.6543
lyon,100000,5167.6665
lyon,100000,5167.677
lyon,100000,5167.726
lyon,100000,5167.738
lyon,100000,5167.747
lyon,100000,5167.7563
lyon,100000,5167.766
lyon,100000,5190.796
lyon,100000,5190.818
lyon,100000,5190.8247
lyon,100000,5190.83
lyon,100000,5190.8354
lyon,100000,5190.841
lyon,100000,5190.8457
lyon,100000,5190.85
lyon,100000,5190.8555
lyon,100000,5213.693
lyon,100000,5213.73
lyon,100000,5213.742
lyon,100000,5213.753
lyon,100000,5213.762
lyon,100000,5213.772
lyon,100000,5213.781
lyon,100000,5213.79
lyon,100000,5213.7993
lyon,100000,5236.7275
lyon,100000,5236.7495
lyon,100000,5236.781
lyon,100000,5236.7876
lyon,100000,5236.7935
lyon,100000,5236.7983
nancy,100000,5083.5757
nancy,100000,5083.616
nancy,100000,5083.6294
nancy,100000,5083.6514
nancy,100000,5083.6616
nancy,100000,5083.6714
nancy,100000,5083.6855
nancy,100000,5083.6963
nancy,100000,5083.706
nancy,100000,5113.1265
nancy,100000,5113.178
nancy,100000,5113.1914
nancy,100000,5113.202
nancy,100000,5113.212
nancy,100000,5113.222
nancy,100000,5113.233
nancy,100000,5113.243
nancy,100000,5113.2524
nancy,100000,5136.1
nancy,100000,5136.1533
nancy,100000,5136.1675
nancy,100000,5136.1777
nancy,100000,5136.1914
nancy,100000,5136.2007
nancy,100000,5136.248
nancy,100000,5136.2603
nancy,100000,5136.274
nancy,100000,5159.2407
nancy,100000,5159.2827
nancy,100000,5159.3105
nancy,100000,5159.314
nancy,100000,5159.3174
nancy,100000,5159.322
nancy,100000,5159.325
nancy,100000,5159.3286
nancy,100000,5159.338
nancy,100000,5182.451
nancy,100000,5182.492
nancy,100000,5182.506
nancy,100000,5182.532
nancy,100000,5182.5425
nancy,100000,5182.5522
nancy,100000,5182.5664
nancy,100000,5182.5767
nancy,100000,5182.5864
nancy,100000,5205.4907
nancy,100000,5205.5103
nancy,100000,5205.5156
nancy,100000,5205.52
nancy,100000,5205.5435
nancy,100000,5205.548
nancy,100000,5205.5513
nancy,100000,5205.554
nancy,100000,5205.5576
nancy,100000,5228.527
nancy,100000,5228.547
nancy,100000,5228.553
nancy,100000,5228.557
nancy,100000,5228.561
nancy,100000,5228.565
nancy,100000,5228.5684
nancy,100000,5228.5723
nancy,100000,5228.576
nancy,100000,5251.541
nancy,100000,5251.5835
nancy,100000,5251.597
nancy,100000,5251.608
nancy,100000,5251.6187
nancy,100000,5251.6294
nancy,100000,5251.64
nancy,100000,5251.6504
nancy,100000,5251.6597
nancy,100000,5274.5835
nancy,100000,5274.625
nancy,100000,5274.6807
nancy,100000,5274.692
nancy,100000,5274.702
nancy,100000,5274.7124
nancy,100000,5087.1987
nancy,100000,5087.2407
nancy,100000,5087.2524
nancy,100000,5087.273
nancy,100000,5087.284
nancy,100000,5087.2944
nancy,100000,5087.3096
nancy,100000,5087.3193
nancy,100000,5087.33
nancy,100000,5116.751
nancy,100000,5116.804
nancy,100000,5116.8164
nancy,100000,5116.8276
nancy,100000,5116.8374
nancy,100000,5116.8477
nancy,100000,5116.857
nancy,100000,5116.8677
nancy,100000,5116.8774
nancy,100000,5139.7227
nancy,100000,5139.775
nancy,100000,5139.7876
nancy,100000,5139.7983
nancy,100000,5139.812
nancy,100000,5139.822
nancy,100000,5139.874
nancy,100000,5139.8853
nancy,100000,5139.9004
nancy,100000,5162.866
nancy,100000,5162.907
nancy,100000,5162.9297
nancy,100000,5162.9404
nancy,100000,5162.9614
nancy,100000,5162.9663
nancy,100000,5162.9697
nancy,100000,5162.9727
nancy,100000,5162.9824
nancy,100000,5186.077
nancy,100000,5186.12
nancy,100000,5186.1333
nancy,100000,5186.1543
nancy,100000,5186.1646
nancy,100000,5186.1743
nancy,100000,5186.1875
nancy,100000,5186.1973
nancy,100000,5186.208
nancy,100000,5209.109
nancy,100000,5209.1455
nancy,100000,5209.1494
nancy,100000,5209.153
nancy,100000,5209.1797
nancy,100000,5209.184
nancy,100000,5209.187
nancy,100000,5209.1904
nancy,100000,5209.1943
nancy,100000,5232.1655
nancy,100000,5232.187
nancy,100000,5232.1914
nancy,100000,5232.195
nancy,100000,5232.198
nancy,100000,5232.202
nancy,100000,5232.205
nancy,100000,5232.208
nancy,100000,5232.211
nancy,100000,5255.166
nancy,100000,5255.211
nancy,100000,5255.2236
nancy,100000,5255.2354
nancy,100000,5255.245
nancy,100000,5255.255
nancy,100000,5255.2646
nancy,100000,5255.2744
nancy,100000,5255.284
nancy,100000,5278.208
nancy,100000,5278.2505
nancy,100000,5278.303
nancy,100000,5278.3154
nancy,100000,5278.326
nancy,100000,5278.3354
nancy,100000,5090.9634
nancy,100000,5091.0044
nancy,100000,5091.0176
nancy,100000,5091.0386
nancy,100000,5091.0493
nancy,100000,5091.059
nancy,100000,5091.0728
nancy,100000,5091.083
nancy,100000,5091.094
nancy,100000,5120.5127
nancy,100000,5120.5654
nancy,100000,5120.579
nancy,100000,5120.5903
nancy,100000,5120.6
nancy,100000,5120.6104
nancy,100000,5120.62
nancy,100000,5120.631
nancy,100000,5120.641
nancy,100000,5143.486
nancy,100000,5143.54
nancy,100000,5143.5537
nancy,100000,5143.564
nancy,100000,5143.578
nancy,100000,5143.588
nancy,100000,5143.598
nancy,100000,5143.644
nancy,100000,5143.66
nancy,100000,5166.625
nancy,100000,5166.672
nancy,100000,5166.684
nancy,100000,5166.6875
nancy,100000,5166.691
nancy,100000,5166.696
nancy,100000,5166.6987
nancy,100000,5166.702
nancy,100000,5166.713
nancy,100000,5189.838
nancy,100000,5189.881
nancy,100000,5189.895
nancy,100000,5189.9155
nancy,100000,5189.9263
nancy,100000,5189.9355
nancy,100000,5189.9546
nancy,100000,5189.9653
nancy,100000,5189.9756
nancy,100000,5212.8784
nancy,100000,5212.898
nancy,100000,5212.904
nancy,100000,5212.9077
nancy,100000,5212.9316
nancy,100000,5212.947
nancy,100000,5212.95
nancy,100000,5212.9536
nancy,100000,5212.9575
nancy,100000,5235.915
nancy,100000,5235.935
nancy,100000,5235.941
nancy,100000,5235.945
nancy,100000,5235.949
nancy,100000,5235.9526
nancy,100000,5235.956
nancy,100000,5235.9595
nancy,100000,5235.964
nancy,100000,5258.931
nancy,100000,5258.975
nancy,100000,5258.9907
nancy,100000,5259.002
nancy,100000,5259.012
nancy,100000,5259.0225
nancy,100000,5259.0327
nancy,100000,5259.0425
nancy,100000,5259.054
nancy,100000,5281.971
nancy,100000,5282.013
nancy,100000,5282.0693
nancy,100000,5282.0815
nancy,100000,5282.092
nancy,100000,5282.102
nancy,100000,5094.904
nancy,100000,5094.9424
nancy,100000,5094.9565
nancy,100000,5094.9775
nancy,100000,5094.9873
nancy,100000,5094.9976
nancy,100000,5095.0107
nancy,100000,5095.021
nancy,100000,5095.032
nancy,100000,5124.455
nancy,100000,5124.505
nancy,100000,5124.5195
nancy,100000,5124.5293
nancy,100000,5124.5396
nancy,100000,5124.549
nancy,100000,5124.559
nancy,100000,5124.569
nancy,100000,5124.58
nancy,100000,5147.4297
nancy,100000,5147.4814
nancy,100000,5147.4946
nancy,100000,5147.5054
nancy,100000,5147.519
nancy,100000,5147.53
nancy,100000,5147.5396
nancy,100000,5147.5894
nancy,100000,5147.6055
nancy,100000,5170.5674
nancy,100000,5170.614
nancy,100000,5170.624
nancy,100000,5170.628
nancy,100000,5170.631
nancy,100000,5170.6353
nancy,100000,5170.6387
nancy,100000,5170.6416
nancy,100000,5170.6514
nancy,100000,5193.7793
nancy,100000,5193.8193
nancy,100000,5193.834
nancy,100000,5193.8545
nancy,100000,5193.864
nancy,100000,5193.874
nancy,100000,5193.8926
nancy,100000,5193.903
nancy,100000,5193.9136
nancy,100000,5216.823
nancy,100000,5216.8403
nancy,100000,5216.8467
nancy,100000,5216.8496
nancy,100000,5216.871
nancy,100000,5216.875
nancy,100000,5216.878
nancy,100000,5216.8916
nancy,100000,5216.8955
nancy,100000,5239.857
nancy,100000,5239.874
nancy,100000,5239.8794
nancy,100000,5239.883
nancy,100000,5239.8867
nancy,100000,5239.89
nancy,100000,5239.8936
nancy,100000,5239.897
nancy,100000,5239.9
nancy,100000,5262.8735
nancy,100000,5262.9146
nancy,100000,5262.929
nancy,100000,5262.94
nancy,100000,5262.95
nancy,100000,5262.96
nancy,100000,5262.9697
nancy,100000,5262.9795
nancy,100000,5262.99
nancy,100000,5285.913
nancy,100000,5285.9536
nancy,100000,5286.01
nancy,100000,5286.022
nancy,100000,5286.032
nancy,100000,5286.0425
nancy,100000,5098.637
nancy,100000,5098.6777
nancy,100000,5098.691
nancy,100000,5098.711
nancy,100000,5098.721
nancy,100000,5098.731
nancy,100000,5098.745
nancy,100000,5098.755
nancy,100000,5098.765
nancy,100000,5128.186
nancy,100000,5128.239
nancy,100000,5128.252
nancy,100000,5128.262
nancy,100000,5128.272
nancy,100000,5128.282
nancy,100000,5128.292
nancy,100000,5128.302
nancy,100000,5128.3125
nancy,100000,5151.161
nancy,100000,5151.2153
nancy,100000,5151.2295
nancy,100000,5151.2393
nancy,100000,5151.254
nancy,100000,5151.2637
nancy,100000,5151.2734
nancy,100000,5151.322
nancy,100000,5151.3384
nancy,100000,5174.2983
nancy,100000,5174.344
nancy,100000,5174.356
nancy,100000,5174.3594
nancy,100000,5174.363
nancy,100000,5174.367
nancy,100000,5174.37
nancy,100000,5174.373
nancy,100000,5174.384
nancy,100000,5197.5103
nancy,100000,5197.552
nancy,100000,5197.566
nancy,100000,5197.5864
nancy,100000,5197.5967
nancy,100000,5197.6064
nancy,100000,5197.6206
nancy,100000,5197.63
nancy,100000,5197.6406
nancy,100000,5220.5513
nancy,100000,5220.569
nancy,100000,5220.574
nancy,100000,5220.5786
nancy,100000,5220.6016
nancy,100000,5220.605
nancy,100000,5220.608
nancy,100000,5220.619
nancy,100000,5220.6226
nancy,100000,5243.5874
nancy,100000,5243.6055
nancy,100000,5243.611
nancy,100000,5243.6147
nancy,100000,5243.6187
nancy,100000,5243.622
nancy,100000,5243.6255
nancy,100000,5243.629
nancy,100000,5243.633
nancy,100000,5266.6064
nancy,100000,5266.6504
nancy,100000,5266.6646
nancy,100000,5266.675
nancy,100000,5266.686
nancy,100000,5266.696
nancy,100000,5266.707
nancy,100000,5266.716
nancy,100000,5266.7275
nancy,100000,5289.646
nancy,100000,5289.689
nancy,100000,5289.744
nancy,100000,5289.7573
nancy,100000,5289.767
nancy,100000,5289.7783
nancy,100000,5093.26
nancy,100000,5093.3003
nancy,100000,5093.3145
nancy,100000,5093.336
nancy,100000,5093.3477
nancy,100000,5093.357
nancy,100000,5093.3706
nancy,100000,5093.3804
nancy,100000,5093.391
nancy,100000,5122.787
nancy,100000,5122.8384
nancy,100000,5122.852
nancy,100000,5122.8623
nancy,100000,5122.873
nancy,100000,5122.8833
nancy,100000,5122.893
nancy,100000,5122.9033
nancy,100000,5122.914
nancy,100000,5145.7783
nancy,100000,5145.831
nancy,100000,5145.844
nancy,100000,5145.8545
nancy,100000,5145.868
nancy,100000,5145.8784
nancy,100000,5145.9272
nancy,100000,5145.9385
nancy,100000,5145.953
nancy,100000,5168.9175
nancy,100000,5168.9595
nancy,100000,5168.984
nancy,100000,5168.995
nancy,100000,5169.0044
nancy,100000,5169.0176
nancy,100000,5169.028
nancy,100000,5169.037
nancy,100000,5169.0625
nancy,100000,5192.1367
nancy,100000,5192.179
nancy,100000,5192.1943
nancy,100000,5192.2153
nancy,100000,5192.2256
nancy,100000,5192.237
nancy,100000,5192.25
nancy,100000,5192.26
nancy,100000,5192.2705
nancy,100000,5215.165
nancy,100000,5215.207
nancy,100000,5215.2207
nancy,100000,5215.2324
nancy,100000,5215.367
nancy,100000,5215.3804
nancy,100000,5215.3896
nancy,100000,5215.3994
nancy,100000,5215.41
nancy,100000,5238.301
nancy,100000,5238.343
nancy,100000,5238.3574
nancy,100000,5238.3687
nancy,100000,5238.3784
nancy,100000,5238.389
nancy,100000,5238.399
nancy,100000,5238.409
nancy,100000,5238.421
nancy,100000,5261.219
nancy,100000,5261.2617
nancy,100000,5261.2764
nancy,100000,5261.287
nancy,100000,5261.2974
nancy,100000,5261.308
nancy,100000,5261.319
nancy,100000,5261.3286
nancy,100000,5261.341
nancy,100000,5284.2646
nancy,100000,5284.3066
nancy,100000,5284.362
nancy,100000,5284.373
nancy,100000,5284.384
nancy,100000,5284.394
nancy,100000,5097.004
nancy,100000,5097.0444
nancy,100000,5097.057
nancy,100000,5097.079
nancy,100000,5097.0894
nancy,100000,5097.099
nancy,100000,5097.1123
nancy,100000,5097.122
nancy,100000,5097.1333
nancy,100000,5126.5303
nancy,100000,5126.5825
nancy,100000,5126.5967
nancy,100000,5126.6064
nancy,100000,5126.6167
nancy,100000,5126.626
nancy,100000,5126.636
nancy,100000,5126.646
nancy,100000,5126.657
nancy,100000,5149.5234
nancy,100000,5149.5767
nancy,100000,5149.5894
nancy,100000,5149.6
nancy,100000,5149.6226
nancy,100000,5149.632
nancy,100000,5149.682
nancy,100000,5149.693
nancy,100000,5149.708
nancy,100000,5172.66
nancy,100000,5172.702
nancy,100000,5172.7275
nancy,100000,5172.739
nancy,100000,5172.748
nancy,100000,5172.761
nancy,100000,5172.7715
nancy,100000,5172.781
nancy,100000,5172.8066
nancy,100000,5195.88
nancy,100000,5195.923
nancy,100000,5195.937
nancy,100000,5195.958
nancy,100000,5195.9683
nancy,100000,5195.978
nancy,100000,5195.992
nancy,100000,5196.0015
nancy,100000,5196.0127
nancy,100000,5218.908
nancy,100000,5218.9507
nancy,100000,5218.965
nancy,100000,5218.976
nancy,100000,5219.0244
nancy,100000,5219.035
nancy,100000,5219.045
nancy,100000,5219.0547
nancy,100000,5219.0664
nancy,100000,5242.044
nancy,100000,5242.1157
nancy,100000,5242.1284
nancy,100000,5242.138
nancy,100000,5242.1484
nancy,100000,5242.158
nancy,100000,5242.1685
nancy,100000,5242.1777
nancy,100000,5242.189
nancy,100000,5264.9634
nancy,100000,5265.0073
nancy,100000,5265.021
nancy,100000,5265.0312
nancy,100000,5265.0425
nancy,100000,5265.052
nancy,100000,5265.062
nancy,100000,5265.0713
nancy,100000,5265.0825
nancy,100000,5288.0107
nancy,100000,5288.0537
nancy,100000,5288.107
nancy,100000,5288.12
nancy,100000,5288.1304
nancy,100000,5288.14
nancy,100000,5100.88
nancy,100000,5100.9204
nancy,100000,5100.934
nancy,100000,5100.955
nancy,100000,5100.965
nancy,100000,5100.975
nancy,100000,5100.9897
nancy,100000,5101.0005
nancy,100000,5101.0107
nancy,100000,5130.3525
nancy,100000,5130.4033
nancy,100000,5130.418
nancy,100000,5130.428
nancy,100000,5130.4385
nancy,100000,5130.448
nancy,100000,5130.4585
nancy,100000,5130.4688
nancy,100000,5130.4795
nancy,100000,5153.399
nancy,100000,5153.452
nancy,100000,5153.466
nancy,100000,5153.476
nancy,100000,5153.491
nancy,100000,5153.501
nancy,100000,5153.5537
nancy,100000,5153.565
nancy,100000,5153.579
nancy,100000,5176.5396
nancy,100000,5176.5815
nancy,100000,5176.6055
nancy,100000,5176.616
nancy,100000,5176.6265
nancy,100000,5176.64
nancy,100000,5176.6504
nancy,100000,5176.661
nancy,100000,5176.686
nancy,100000,5199.7524
nancy,100000,5199.7954
nancy,100000,5199.809
nancy,100000,5199.8296
nancy,100000,5199.84
nancy,100000,5199.85
nancy,100000,5199.8647
nancy,100000,5199.875
nancy,100000,5199.8853
nancy,100000,5222.7847
nancy,100000,5222.8276
nancy,100000,5222.8413
nancy,100000,5222.852
nancy,100000,5222.9033
nancy,100000,5222.9146
nancy,100000,5222.9253
nancy,100000,5222.9355
nancy,100000,5222.9463
nancy,100000,5245.9375
nancy,100000,5245.98
nancy,100000,5245.9937
nancy,100000,5246.004
nancy,100000,5246.014
nancy,100000,5246.024
nancy,100000,5246.034
nancy,100000,5246.0444
nancy,100000,5246.055
nancy,100000,5268.8394
nancy,100000,5268.8823
nancy,100000,5268.8965
nancy,100000,5268.907
nancy,100000,5268.918
nancy,100000,5268.9277
nancy,100000,5268.9375
nancy,100000,5268.949
nancy,100000,5268.9585
nancy,100000,5291.8843
nancy,100000,5291.927
nancy,100000,5291.9844
nancy,100000,5291.9966
nancy,100000,5292.0063
nancy,100000,5292.017
nancy,100000,5105.136
nancy,100000,5105.177
nancy,100000,5105.191
nancy,100000,5105.2124
nancy,100000,5105.2227
nancy,100000,5105.2334
nancy,100000,5105.2466
nancy,100000,5105.256
nancy,100000,5105.267
nancy,100000,5134.6626
nancy,100000,5134.715
nancy,100000,5134.7285
nancy,100000,5134.7393
nancy,100000,5134.749
nancy,100000,5134.759
nancy,100000,5134.769
nancy,100000,5134.779
nancy,100000,5134.7896
nancy,100000,5157.6543
nancy,100000,5157.7065
nancy,100000,5157.721
nancy,100000,5157.731
nancy,100000,5157.745
nancy,100000,5157.755
nancy,100000,5157.8076
nancy,100000,5157.819
nancy,100000,5157.8335
nancy,100000,5180.7935
nancy,100000,5180.8354
nancy,100000,5180.86
nancy,100000,5180.8706
nancy,100000,5180.8804
nancy,100000,5180.8945
nancy,100000,5180.9043
nancy,100000,5180.914
nancy,100000,5180.9395
nancy,100000,5204.0137
nancy,100000,5204.056
nancy,100000,5204.071
nancy,100000,5204.0913
nancy,100000,5204.102
nancy,100000,5204.1123
nancy,100000,5204.1255
nancy,100000,5204.135
nancy,100000,5204.1455
nancy,100000,5227.04
nancy,100000,5227.082
nancy,100000,5227.096
nancy,100000,5227.1064
nancy,100000,5227.1562
nancy,100000,5227.1675
nancy,100000,5227.1772
nancy,100000,5227.1865
nancy,100000,5227.1987
nancy,100000,5250.177
nancy,100000,5250.219
nancy,100000,5250.2334
nancy,100000,5250.244
nancy,100000,5250.2544
nancy,100000,5250.2646
nancy,100000,5250.275
nancy,100000,5250.2856
nancy,100000,5250.295
nancy,100000,5273.0957
nancy,100000,5273.1396
nancy,100000,5273.1533
nancy,100000,5273.1636
nancy,100000,5273.1743
nancy,100000,5273.1846
nancy,100000,5273.195
nancy,100000,5273.204
nancy,100000,5273.216
nancy,100000,5296.141
nancy,100000,5296.183
nancy,100000,5296.242
nancy,100000,5296.2544
nancy,100000,5296.2646
nancy,100000,5296.275
nancy,100000,5201.3413
nancy,100000,5201.3584
nancy,100000,5201.364
nancy,100000,5201.372
nancy,100000,5201.3755
nancy,100000,5201.379
nancy,100000,5201.384
nancy,100000,5201.3867
nancy,100000,5201.39
nancy,100000,5230.917
nancy,100000,5230.968
nancy,100000,5230.982
nancy,100000,5230.9917
nancy,100000,5231.002
nancy,100000,5231.0117
nancy,100000,5231.0225
nancy,100000,5231.032
nancy,100000,5231.042
nancy,100000,5253.8516
nancy,100000,5253.904
nancy,100000,5253.9175
nancy,100000,5253.9272
nancy,100000,5253.941
nancy,100000,5253.951
nancy,100000,5254.006
nancy,100000,5254.0176
nancy,100000,5254.0312
nancy,100000,5276.991
nancy,100000,5277.0327
nancy,100000,5277.0586
nancy,100000,5277.062
nancy,100000,5277.0654
nancy,100000,5277.0693
nancy,100000,5277.0728
nancy,100000,5277.076
nancy,100000,5277.086
nancy,100000,5300.205
nancy,100000,5300.246
nancy,100000,5300.2603
nancy,100000,5300.2812
nancy,100000,5300.2915
nancy,100000,5300.302
nancy,100000,5300.315
nancy,100000,5300.3257
nancy,100000,5300.336
nancy,100000,5323.2354
nancy,100000,5323.2754
nancy,100000,5323.29
nancy,100000,5323.3
nancy,100000,5323.352
nancy,100000,5323.3633
nancy,100000,5323.3735
nancy,100000,5323.3833
nancy,100000,5323.393
nancy,100000,5346.4155
nancy,100000,5346.458
nancy,100000,5346.4727
nancy,100000,5346.4834
nancy,100000,5346.494
nancy,100000,5346.505
nancy,100000,5346.515
nancy,100000,5346.5254
nancy,100000,5346.5356
nancy,100000,5369.2964
nancy,100000,5369.338
nancy,100000,5369.3525
nancy,100000,5369.363
nancy,100000,5369.374
nancy,100000,5369.3833
nancy,100000,5369.3936
nancy,100000,5369.404
nancy,100000,5369.414
nancy,100000,5392.33
nancy,100000,5392.372
nancy,100000,5392.4395
nancy,100000,5392.444
nancy,100000,5392.447
nancy,100000,5392.451
nancy,100000,5109.1367
nancy,100000,5109.177
nancy,100000,5109.1895
nancy,100000,5109.211
nancy,100000,5109.2217
nancy,100000,5109.231
nancy,100000,5109.2437
nancy,100000,5109.254
nancy,100000,5109.264
nancy,100000,5138.6616
nancy,100000,5138.7134
nancy,100000,5138.7266
nancy,100000,5138.7373
nancy,100000,5138.7466
nancy,100000,5138.757
nancy,100000,5138.7666
nancy,100000,5138.7764
nancy,100000,5138.7866
nancy,100000,5161.655
nancy,100000,5161.7075
nancy,100000,5161.7207
nancy,100000,5161.731
nancy,100000,5161.7446
nancy,100000,5161.7544
nancy,100000,5161.8105
nancy,100000,5161.8213
nancy,100000,5161.8354
nancy,100000,5184.7935
nancy,100000,5184.8364
nancy,100000,5184.8613
nancy,100000,5184.871
nancy,100000,5184.881
nancy,100000,5184.894
nancy,100000,5184.904
nancy,100000,5184.913
nancy,100000,5184.9395
nancy,100000,5208.0117
nancy,100000,5208.0547
nancy,100000,5208.069
nancy,100000,5208.09
nancy,100000,5208.0996
nancy,100000,5208.111
nancy,100000,5208.124
nancy,100000,5208.134
nancy,100000,5208.144
nancy,100000,5231.0386
nancy,100000,5231.081
nancy,100000,5231.095
nancy,100000,5231.1055
nancy,100000,5231.156
nancy,100000,5231.167
nancy,100000,5231.177
nancy,100000,5231.1865
nancy,100000,5231.1973
nancy,100000,5254.2007
nancy,100000,5254.242
nancy,100000,5254.2563
nancy,100000,5254.2666
nancy,100000,5254.277
nancy,100000,5254.2866
nancy,100000,5254.297
nancy,100000,5254.306
nancy,100000,5254.3174
nancy,100000,5277.0947
nancy,100000,5277.1377
nancy,100000,5277.1514
nancy,100000,5277.162
nancy,100000,5277.1724
nancy,100000,5277.1826
nancy,100000,5277.192
nancy,100000,5277.202
nancy,100000,5277.2124
nancy,100000,5300.1406
nancy,100000,5300.1826
nancy,100000,5300.24
nancy,100000,5300.253
nancy,100000,5300.2627
nancy,100000,5300.2744
rennes,100000,5031.197
rennes,100000,5031.2437
rennes,100000,5031.2563
rennes,100000,5031.266
rennes,100000,5031.2754
rennes,100000,5031.2856
rennes,100000,5031.2954
rennes,100000,5031.305
rennes,100000,5031.315
rennes,100000,5054.211
rennes,100000,5054.2593
rennes,100000,5054.2725
rennes,100000,5054.283
rennes,100000,5054.298
rennes,100000,5054.308
rennes,100000,5054.364
rennes,100000,5054.3765
rennes,100000,5054.3926
rennes,100000,5077.364
rennes,100000,5077.401
rennes,100000,5077.4243
rennes,100000,5077.435
rennes,100000,5077.4443
rennes,100000,5077.4595
rennes,100000,5077.4697
rennes,100000,5077.479
rennes,100000,5077.5054
rennes,100000,5100.556
rennes,100000,5100.5938
rennes,100000,5100.6064
rennes,100000,5100.6274
rennes,100000,5100.637
rennes,100000,5100.6475
rennes,100000,5100.6626
rennes,100000,5100.6724
rennes,100000,5100.6816
rennes,100000,5123.5845
rennes,100000,5123.6206
rennes,100000,5123.642
rennes,100000,5123.647
rennes,100000,5123.6772
rennes,100000,5123.6846
rennes,100000,5123.6895
rennes,100000,5123.6943
rennes,100000,5123.699
rennes,100000,5146.741
rennes,100000,5146.761
rennes,100000,5146.768
rennes,100000,5146.773
rennes,100000,5146.7773
rennes,100000,5146.7817
rennes,100000,5146.7876
rennes,100000,5146.793
rennes,100000,5146.7974
rennes,100000,5169.6465
rennes,100000,5169.6826
rennes,100000,5169.689
rennes,100000,5169.694
rennes,100000,5169.6987
rennes,100000,5169.7036
rennes,100000,5169.709
rennes,100000,5169.7134
rennes,100000,5169.7183
rennes,100000,5192.5967
rennes,100000,5192.616
rennes,100000,5192.648
rennes,100000,5192.656
rennes,100000,5192.66
rennes,100000,5192.665
rennes,100000,5006.0938
rennes,100000,5006.1304
rennes,100000,5006.142
rennes,100000,5006.163
rennes,100000,5006.173
rennes,100000,5006.1953
rennes,100000,5006.2046
rennes,100000,5006.21
rennes,100000,5006.2153
rennes,100000,5035.6567
rennes,100000,5035.703
rennes,100000,5035.716
rennes,100000,5035.7256
rennes,100000,5035.736
rennes,100000,5035.7466
rennes,100000,5035.7563
rennes,100000,5035.766
rennes,100000,5035.7764
rennes,100000,5058.676
rennes,100000,5058.7256
rennes,100000,5058.7383
rennes,100000,5058.748
rennes,100000,5058.763
rennes,100000,5058.773
rennes,100000,5058.8237
rennes,100000,5058.8374
rennes,100000,5058.8623
rennes,100000,5081.8267
rennes,100000,5081.864
rennes,100000,5081.8867
rennes,100000,5081.8975
rennes,100000,5081.9062
rennes,100000,5081.922
rennes,100000,5081.932
rennes,100000,5081.941
rennes,100000,5081.967
rennes,100000,5105.025
rennes,100000,5105.062
rennes,100000,5105.074
rennes,100000,5105.095
rennes,100000,5105.105
rennes,100000,5105.1143
rennes,100000,5105.13
rennes,100000,5105.1396
rennes,100000,5105.1504
rennes,100000,5128.0493
rennes,100000,5128.1
rennes,100000,5128.1064
rennes,100000,5128.1113
rennes,100000,5128.14
rennes,100000,5128.147
rennes,100000,5128.1523
rennes,100000,5128.157
rennes,100000,5128.1626
rennes,100000,5151.206
rennes,100000,5151.227
rennes,100000,5151.234
rennes,100000,5151.2383
rennes,100000,5151.2427
rennes,100000,5151.2476
rennes,100000,5151.254
rennes,100000,5151.2583
rennes,100000,5151.263
rennes,100000,5174.1304
rennes,100000,5174.152
rennes,100000,5174.1587
rennes,100000,5174.1636
rennes,100000,5174.1685
rennes,100000,5174.173
rennes,100000,5174.1787
rennes,100000,5174.183
rennes,100000,5174.1875
rennes,100000,5197.061
rennes,100000,5197.0806
rennes,100000,5197.1143
rennes,100000,5197.122
rennes,100000,5197.127
rennes,100000,5197.132
rennes,100000,5040.1455
rennes,100000,5040.1895
rennes,100000,5040.2017
rennes,100000,5040.212
rennes,100000,5040.2217
rennes,100000,5040.2324
rennes,100000,5040.2427
rennes,100000,5040.2524
rennes,100000,5040.262
rennes,100000,5063.1685
rennes,100000,5063.2144
rennes,100000,5063.226
rennes,100000,5063.2363
rennes,100000,5063.251
rennes,100000,5063.261
rennes,100000,5063.3105
rennes,100000,5063.323
rennes,100000,5063.3384
rennes,100000,5086.32
rennes,100000,5086.355
rennes,100000,5086.378
rennes,100000,5086.388
rennes,100000,5086.397
rennes,100000,5086.412
rennes,100000,5086.422
rennes,100000,5086.4316
rennes,100000,5086.46
rennes,100000,5109.5093
rennes,100000,5109.547
rennes,100000,5109.559
rennes,100000,5109.579
rennes,100000,5109.589
rennes,100000,5109.598
rennes,100000,5109.6133
rennes,100000,5109.623
rennes,100000,5109.6323
rennes,100000,5132.5415
rennes,100000,5132.588
rennes,100000,5132.596
rennes,100000,5132.6006
rennes,100000,5132.6274
rennes,100000,5132.635
rennes,100000,5132.6396
rennes,100000,5132.6445
rennes,100000,5132.6494
rennes,100000,5155.699
rennes,100000,5155.719
rennes,100000,5155.726
rennes,100000,5155.731
rennes,100000,5155.735
rennes,100000,5155.7397
rennes,100000,5155.7446
rennes,100000,5155.75
rennes,100000,5155.7544
rennes,100000,5178.6157
rennes,100000,5178.6353
rennes,100000,5178.641
rennes,100000,5178.6465
rennes,100000,5178.6514
rennes,100000,5178.6562
rennes,100000,5178.661
rennes,100000,5178.666
rennes,100000,5178.671
rennes,100000,5201.546
rennes,100000,5201.5654
rennes,100000,5201.5938
rennes,100000,5201.601
rennes,100000,5201.606
rennes,100000,5201.6104
rennes,100000,5044.881
rennes,100000,5044.928
rennes,100000,5044.9404
rennes,100000,5044.9507
rennes,100000,5044.9604
rennes,100000,5044.97
rennes,100000,5044.9805
rennes,100000,5044.9907
rennes,100000,5045.0
rennes,100000,5067.897
rennes,100000,5067.945
rennes,100000,5067.958
rennes,100000,5067.968
rennes,100000,5067.983
rennes,100000,5067.993
rennes,100000,5068.0464
rennes,100000,5068.0605
rennes,100000,5068.076
rennes,100000,5091.0493
rennes,100000,5091.0864
rennes,100000,5091.1104
rennes,100000,5091.12
rennes,100000,5091.1304
rennes,100000,5091.145
rennes,100000,5091.156
rennes,100000,5091.165
rennes,100000,5091.1924
rennes,100000,5114.2383
rennes,100000,5114.2734
rennes,100000,5114.2856
rennes,100000,5114.3076
rennes,100000,5114.3174
rennes,100000,5114.328
rennes,100000,5114.3438
rennes,100000,5114.3535
rennes,100000,5114.364
rennes,100000,5137.2695
rennes,100000,5137.3154
rennes,100000,5137.3228
rennes,100000,5137.328
rennes,100000,5137.3574
rennes,100000,5137.3643
rennes,100000,5137.3696
rennes,100000,5137.375
rennes,100000,5137.38
rennes,100000,5160.4253
rennes,100000,5160.4443
rennes,100000,5160.4507
rennes,100000,5160.455
rennes,100000,5160.4604
rennes,100000,5160.465
rennes,100000,5160.4697
rennes,100000,5160.475
rennes,100000,5160.48
rennes,100000,5183.343
rennes,100000,5183.364
rennes,100000,5183.3706
rennes,100000,5183.3755
rennes,100000,5183.3804
rennes,100000,5183.3853
rennes,100000,5183.3906
rennes,100000,5183.3955
rennes,100000,5183.4004
rennes,100000,5206.2725
rennes,100000,5206.292
rennes,100000,5206.323
rennes,100000,5206.33
rennes,100000,5206.335
rennes,100000,5206.34
rennes,100000,5049.512
rennes,100000,5049.5605
rennes,100000,5049.573
rennes,100000,5049.583
rennes,100000,5049.593
rennes,100000,5049.6035
rennes,100000,5049.6123
rennes,100000,5049.622
rennes,100000,5049.635
rennes,100000,5072.527
rennes,100000,5072.573
rennes,100000,5072.5854
rennes,100000,5072.595
rennes,100000,5072.6104
rennes,100000,5072.621
rennes,100000,5072.6743
rennes,100000,5072.6885
rennes,100000,5072.704
rennes,100000,5095.678
rennes,100000,5095.715
rennes,100000,5095.738
rennes,100000,5095.7485
rennes,100000,5095.7583
rennes,100000,5095.773
rennes,100000,5095.782
rennes,100000,5095.7915
rennes,100000,5095.821
rennes,100000,5118.87
rennes,100000,5118.9077
rennes,100000,5118.921
rennes,100000,5118.942
rennes,100000,5118.951
rennes,100000,5118.9614
rennes,100000,5118.975
rennes,100000,5118.985
rennes,100000,5118.9946
rennes,100000,5141.9033
rennes,100000,5141.9395
rennes,100000,5141.9653
rennes,100000,5141.9717
rennes,100000,5142.0
rennes,100000,5142.008
rennes,100000,5142.013
rennes,100000,5142.018
rennes,100000,5142.0225
rennes,100000,5165.066
rennes,100000,5165.087
rennes,100000,5165.093
rennes,100000,5165.0977
rennes,100000,5165.1025
rennes,100000,5165.107
rennes,100000,5165.112
rennes,100000,5165.1167
rennes,100000,5165.1216
rennes,100000,5187.9634
rennes,100000,5188.004
rennes,100000,5188.011
rennes,100000,5188.0156
rennes,100000,5188.0205
rennes,100000,5188.026
rennes,100000,5188.031
rennes,100000,5188.0356
rennes,100000,5188.0396
rennes,100000,5210.915
rennes,100000,5210.9355
rennes,100000,5210.9673
rennes,100000,5210.9746
rennes,100000,5210.9795
rennes,100000,5210.9844
lyon,100000,4996.467
lyon,100000,4996.5244
lyon,100000,4996.5454
lyon,100000,4996.575
lyon,100000,4996.583
lyon,100000,4996.5923
lyon,100000,4996.5986
lyon,100000,4996.603
lyon,100000,4996.608
lyon,100000,5019.5566
lyon,100000,5019.5845
lyon,100000,5019.5913
lyon,100000,5019.596
lyon,100000,5019.6045
lyon,100000,5019.61
lyon,100000,5019.6416
lyon,100000,5019.648
lyon,100000,5019.6567
lyon,100000,5042.656
lyon,100000,5042.676
lyon,100000,5042.6895
lyon,100000,5042.6943
lyon,100000,5042.699
lyon,100000,5042.7075
lyon,100000,5042.713
lyon,100000,5042.717
lyon,100000,5042.7324
lyon,100000,5065.875
lyon,100000,5065.8955
lyon,100000,5065.902
lyon,100000,5065.921
lyon,100000,5065.926
lyon,100000,5065.93
lyon,100000,5065.939
lyon,100000,5065.944
lyon,100000,5065.948
lyon,100000,5088.9097
lyon,100000,5088.944
lyon,100000,5088.956
lyon,100000,5088.9653
lyon,100000,5089.0283
lyon,100000,5089.04
lyon,100000,5089.0503
lyon,100000,5089.06
lyon,100000,5089.0693
lyon,100000,5112.047
lyon,100000,5112.0664
lyon,100000,5112.0728
lyon,100000,5112.0776
lyon,100000,5112.0825
lyon,100000,5112.0874
lyon,100000,5112.0923
lyon,100000,5112.097
lyon,100000,5112.102
lyon,100000,5134.9893
lyon,100000,5135.033
lyon,100000,5135.04
lyon,100000,5135.0454
lyon,100000,5135.0503
lyon,100000,5135.055
lyon,100000,5135.06
lyon,100000,5135.065
lyon,100000,5135.07
lyon,100000,5158.018
lyon,100000,5158.038
lyon,100000,5158.069
lyon,100000,5158.0757
lyon,100000,5158.0806
lyon,100000,5158.0854
lyon,100000,5002.5747
lyon,100000,5002.642
lyon,100000,5002.6543
lyon,100000,5002.663
lyon,100000,5002.6724
lyon,100000,5002.681
lyon,100000,5002.69
lyon,100000,5002.698
lyon,100000,5002.7075
lyon,100000,5025.6216
lyon,100000,5025.657
lyon,100000,5025.6694
lyon,100000,5025.6797
lyon,100000,5025.695
lyon,100000,5025.7046
lyon,100000,5025.7144
lyon,100000,5025.774
lyon,100000,5025.8086
lyon,100000,5048.7207
lyon,100000,5048.7466
lyon,100000,5048.767
lyon,100000,5048.7773
lyon,100000,5048.786
lyon,100000,5048.8013
lyon,100000,5048.8105
lyon,100000,5048.836
lyon,100000,5048.8584
lyon,100000,5071.94
lyon,100000,5071.9653
lyon,100000,5071.9766
lyon,100000,5071.995
lyon,100000,5072.005
lyon,100000,5072.0137
lyon,100000,5072.0283
lyon,100000,5072.0376
lyon,100000,5072.047
lyon,100000,5094.979
lyon,100000,5095.023
lyon,100000,5095.046
lyon,100000,5095.0645
lyon,100000,5095.157
lyon,100000,5095.1763
lyon,100000,5095.1924
lyon,100000,5095.211
lyon,100000,5095.228
lyon,100000,5118.112
lyon,100000,5118.137
lyon,100000,5118.149
lyon,100000,5118.1587
lyon,100000,5118.168
lyon,100000,5118.177
lyon,100000,5118.1865
lyon,100000,5118.1953
lyon,100000,5118.205
lyon,100000,5141.057
lyon,100000,5141.104
lyon,100000,5141.1167
lyon,100000,5141.1265
lyon,100000,5141.1357
lyon,100000,5141.145
lyon,100000,5141.1543
lyon,100000,5141.1646
lyon,100000,5141.174
lyon,100000,5164.083
lyon,100000,5164.1084
lyon,100000,5164.153
lyon,100000,5164.165
lyon,100000,5164.1743
lyon,100000,5164.1836
lyon,100000,4978.333
lyon,100000,4978.3574
lyon,100000,4978.3687
lyon,100000,4978.387
lyon,100000,4978.396
lyon,100000,4978.405
lyon,100000,4978.42
lyon,100000,4978.428
lyon,100000,4978.437
lyon,100000,5007.942
lyon,100000,5008.009
lyon,100000,5008.021
lyon,100000,5008.03
lyon,100000,5008.039
lyon,100000,5008.048
lyon,100000,5008.0566
lyon,100000,5008.0654
lyon,100000,5008.074
lyon,100000,5030.9883
lyon,100000,5031.024
lyon,100000,5031.036
lyon,100000,5031.0464
lyon,100000,5031.0615
lyon,100000,5031.072
lyon,100000,5031.0806
lyon,100000,5031.1406
lyon,100000,5031.176
lyon,100000,5054.0874
lyon,100000,5054.1133
lyon,100000,5054.134
lyon,100000,5054.144
lyon,100000,5054.153
lyon,100000,5054.1685
lyon,100000,5054.1772
lyon,100000,5054.2026
lyon,100000,5054.2256
lyon,100000,5077.3066
lyon,100000,5077.332
lyon,100000,5077.3433
lyon,100000,5077.3623
lyon,100000,5077.3716
lyon,100000,5077.381
lyon,100000,5077.395
lyon,100000,5077.4043
lyon,100000,5077.4136
lyon,100000,5100.3457
lyon,100000,5100.39
lyon,100000,5100.413
lyon,100000,5100.4316
lyon,100000,5100.5
lyon,100000,5100.5234
lyon,100000,5100.5415
lyon,100000,5100.5605
lyon,100000,5100.5767
lyon,100000,5123.4785
lyon,100000,5123.5044
lyon,100000,5123.5156
lyon,100000,5123.5254
lyon,100000,5123.5347
lyon,100000,5123.544
lyon,100000,5123.553
lyon,100000,5123.5625
lyon,100000,5123.572
lyon,100000,5146.4243
lyon,100000,5146.471
lyon,100000,5146.4834
lyon,100000,5146.4937
lyon,100000,5146.5024
lyon,100000,5146.512
lyon,100000,5146.5215
lyon,100000,5146.5312
lyon,100000,5146.5405
lyon,100000,5169.4497
lyon,100000,5169.475
lyon,100000,5169.5195
lyon,100000,5169.5317
lyon,100000,5169.5415
lyon,100000,5169.5503
lyon,100000,4984.688
lyon,100000,4984.7085
lyon,100000,4984.715
lyon,100000,4984.7275
lyon,100000,4984.733
lyon,100000,4984.739
lyon,100000,4984.747
lyon,100000,4984.7515
lyon,100000,4984.757
lyon,100000,5014.2944
lyon,100000,5014.3545
lyon,100000,5014.361
lyon,100000,5014.3657
lyon,100000,5014.371
lyon,100000,5014.3755
lyon,100000,5014.38
lyon,100000,5014.385
lyon,100000,5014.3896
lyon,100000,5037.345
lyon,100000,5037.3735
lyon,100000,5037.381
lyon,100000,5037.3853
lyon,100000,5037.3945
lyon,100000,5037.3994
lyon,100000,5037.4307
lyon,100000,5037.4375
lyon,100000,5037.446
lyon,100000,5060.4624
lyon,100000,5060.4834
lyon,100000,5060.497
lyon,100000,5060.502
lyon,100000,5060.507
lyon,100000,5060.515
lyon,100000,5060.5195
lyon,100000,5060.5244
lyon,100000,5060.5576
lyon,100000,5083.6816
lyon,100000,5083.7026
lyon,100000,5083.709
lyon,100000,5083.7285
lyon,100000,5083.7334
lyon,100000,5083.7383
lyon,100000,5083.746
lyon,100000,5083.7505
lyon,100000,5083.7554
lyon,100000,5106.6904
lyon,100000,5106.726
lyon,100000,5106.7383
lyon,100000,5106.748
lyon,100000,5106.798
lyon,100000,5106.81
lyon,100000,5106.821
lyon,100000,5106.83
lyon,100000,5106.84
lyon,100000,5129.8535
lyon,100000,5129.8745
lyon,100000,5129.8813
lyon,100000,5129.886
lyon,100000,5129.891
lyon,100000,5129.895
lyon,100000,5129.9
lyon,100000,5129.905
lyon,100000,5129.9097
lyon,100000,5152.771
lyon,100000,5152.8145
lyon,100000,5152.8213
lyon,100000,5152.826
lyon,100000,5152.8315
lyon,100000,5152.8364
lyon,100000,5152.842
lyon,100000,5152.846
lyon,100000,5152.851
lyon,100000,5175.823
lyon,100000,5175.8447
lyon,100000,5175.8745
lyon,100000,5175.8813
lyon,100000,5175.886
lyon,100000,5175.8916
nancy,100000,5205.3345
nancy,100000,5205.3516
nancy,100000,5205.3564
nancy,100000,5205.366
nancy,100000,5205.3696
nancy,100000,5205.373
nancy,100000,5205.377
nancy,100000,5205.3804
nancy,100000,5205.384
nancy,100000,5234.931
nancy,100000,5234.9805
nancy,100000,5234.9946
nancy,100000,5235.005
nancy,100000,5235.0146
nancy,100000,5235.0244
nancy,100000,5235.0347
nancy,100000,5235.044
nancy,100000,5235.0547
nancy,100000,5257.8633
nancy,100000,5257.914
nancy,100000,5257.928
nancy,100000,5257.9385
nancy,100000,5257.952
nancy,100000,5257.963
nancy,100000,5258.0176
nancy,100000,5258.029
nancy,100000,5258.0435
nancy,100000,5281.004
nancy,100000,5281.0464
nancy,100000,5281.057
nancy,100000,5281.061
nancy,100000,5281.064
nancy,100000,5281.0684
nancy,100000,5281.072
nancy,100000,5281.075
nancy,100000,5281.084
nancy,100000,5304.219
nancy,100000,5304.259
nancy,100000,5304.273
nancy,100000,5304.294
nancy,100000,5304.304
nancy,100000,5304.3135
nancy,100000,5304.3276
nancy,100000,5304.337
nancy,100000,5304.3477
nancy,100000,5327.2485
nancy,100000,5327.288
nancy,100000,5327.303
nancy,100000,5327.3145
nancy,100000,5327.3657
nancy,100000,5327.378
nancy,100000,5327.3877
nancy,100000,5327.398
nancy,100000,5327.4087
nancy,100000,5350.407
nancy,100000,5350.449
nancy,100000,5350.4634
nancy,100000,5350.474
nancy,100000,5350.485
nancy,100000,5350.495
nancy,100000,5350.5054
nancy,100000,5350.5156
nancy,100000,5350.528
nancy,100000,5373.3267
nancy,100000,5373.367
nancy,100000,5373.383
nancy,100000,5373.3936
nancy,100000,5373.404
nancy,100000,5373.4146
nancy,100000,5373.424
nancy,100000,5373.434
nancy,100000,5373.446
nancy,100000,5396.3457
nancy,100000,5396.386
nancy,100000,5396.475
nancy,100000,5396.4805
nancy,100000,5396.484
nancy,100000,5396.4873
lyon,100000,4990.1055
lyon,100000,4990.1416
lyon,100000,4990.148
lyon,100000,4990.16
lyon,100000,4990.165
lyon,100000,4990.17
lyon,100000,4990.1777
lyon,100000,4990.1826
lyon,100000,4990.1865
lyon,100000,5019.721
lyon,100000,5019.7666
lyon,100000,5019.7793
lyon,100000,5019.8047
lyon,100000,5019.8096
lyon,100000,5019.8145
lyon,100000,5019.8193
lyon,100000,5019.8237
lyon,100000,5019.828
lyon,100000,5042.776
lyon,100000,5042.8057
lyon,100000,5042.8125
lyon,100000,5042.8174
lyon,100000,5042.8267
lyon,100000,5042.832
lyon,100000,5042.8613
lyon,100000,5042.8687
lyon,100000,5042.8774
lyon,100000,5065.877
lyon,100000,5065.8984
lyon,100000,5065.9116
lyon,100000,5065.917
lyon,100000,5065.9214
lyon,100000,5065.9287
lyon,100000,5065.934
lyon,100000,5065.9385
lyon,100000,5065.954
lyon,100000,5089.096
lyon,100000,5089.1177
lyon,100000,5089.1235
lyon,100000,5089.1353
lyon,100000,5089.14
lyon,100000,5089.145
lyon,100000,5089.153
lyon,100000,5089.158
lyon,100000,5089.162
lyon,100000,5112.132
lyon,100000,5112.1675
lyon,100000,5112.179
lyon,100000,5112.189
lyon,100000,5112.2393
lyon,100000,5112.252
lyon,100000,5112.262
lyon,100000,5112.272
lyon,100000,5112.2812
lyon,100000,5135.2676
lyon,100000,5135.289
lyon,100000,5135.296
lyon,100000,5135.301
lyon,100000,5135.305
lyon,100000,5135.31
lyon,100000,5135.3154
lyon,100000,5135.32
lyon,100000,5135.3247
lyon,100000,5158.198
lyon,100000,5158.2334
lyon,100000,5158.2573
lyon,100000,5158.263
lyon,100000,5158.268
lyon,100000,5158.274
lyon,100000,5158.2783
lyon,100000,5158.283
lyon,100000,5158.288
lyon,100000,5181.2393
lyon,100000,5181.2607
lyon,100000,5181.2905
lyon,100000,5181.298
lyon,100000,5181.3027
lyon,100000,5181.3076
rennes,100000,4958.6064
rennes,100000,4958.625
rennes,100000,4958.631
rennes,100000,4958.6426
rennes,100000,4958.648
rennes,100000,4958.653
rennes,100000,4958.6606
rennes,100000,4958.6772
rennes,100000,4958.682
rennes,100000,4988.176
rennes,100000,4988.202
rennes,100000,4988.209
rennes,100000,4988.213
rennes,100000,4988.218
rennes,100000,4988.2227
rennes,100000,4988.239
rennes,100000,4988.244
rennes,100000,4988.249
rennes,100000,5011.1943
rennes,100000,5011.2397
rennes,100000,5011.246
rennes,100000,5011.251
rennes,100000,5011.259
rennes,100000,5011.273
rennes,100000,5011.317
rennes,100000,5011.3247
rennes,100000,5011.333
rennes,100000,5034.3394
rennes,100000,5034.374
rennes,100000,5034.387
rennes,100000,5034.392
rennes,100000,5034.3965
rennes,100000,5034.4043
rennes,100000,5034.409
rennes,100000,5034.4136
rennes,100000,5034.428
rennes,100000,5057.5137
rennes,100000,5057.533
rennes,100000,5057.539
rennes,100000,5057.551
rennes,100000,5057.5557
rennes,100000,5057.5605
rennes,100000,5057.5684
rennes,100000,5057.573
rennes,100000,5057.578
rennes,100000,5080.561
rennes,100000,5080.597
rennes,100000,5080.6094
rennes,100000,5080.619
rennes,100000,5080.666
rennes,100000,5080.674
rennes,100000,5080.679
rennes,100000,5080.684
rennes,100000,5080.689
rennes,100000,5103.6904
rennes,100000,5103.71
rennes,100000,5103.717
rennes,100000,5103.721
rennes,100000,5103.726
rennes,100000,5103.7305
rennes,100000,5103.7354
rennes,100000,5103.7407
rennes,100000,5103.745
rennes,100000,5126.624
rennes,100000,5126.643
rennes,100000,5126.649
rennes,100000,5126.654
rennes,100000,5126.658
rennes,100000,5126.6626
rennes,100000,5126.668
rennes,100000,5126.673
rennes,100000,5126.6777
rennes,100000,5149.6265
rennes,100000,5149.6616
rennes,100000,5149.7124
rennes,100000,5149.7256
rennes,100000,5149.735
rennes,100000,5149.745
rennes,100000,4993.085
rennes,100000,4993.1187
rennes,100000,4993.1313
rennes,100000,4993.153
rennes,100000,4993.1616
rennes,100000,4993.1826
rennes,100000,4993.1914
rennes,100000,4993.1997
rennes,100000,4993.209
rennes,100000,5016.1006
rennes,100000,5016.153
rennes,100000,5016.165
rennes,100000,5016.2
rennes,100000,5016.2173
rennes,100000,5016.227
rennes,100000,5016.268
rennes,100000,5016.282
rennes,100000,5016.321
rennes,100000,5039.2437
rennes,100000,5039.284
rennes,100000,5039.305
rennes,100000,5039.3154
rennes,100000,5039.324
rennes,100000,5039.3394
rennes,100000,5039.349
rennes,100000,5039.358
rennes,100000,5039.382
rennes,100000,5062.424
rennes,100000,5062.4487
rennes,100000,5062.46
rennes,100000,5062.479
rennes,100000,5062.489
rennes,100000,5062.4976
rennes,100000,5062.512
rennes,100000,5062.5215
rennes,100000,5062.531
rennes,100000,5085.467
rennes,100000,5085.512
rennes,100000,5085.55
rennes,100000,5085.56
rennes,100000,5085.602
rennes,100000,5085.6157
rennes,100000,5085.625
rennes,100000,5085.6343
rennes,100000,5085.6436
rennes,100000,5108.5996
rennes,100000,5108.625
rennes,100000,5108.636
rennes,100000,5108.646
rennes,100000,5108.655
rennes,100000,5108.664
rennes,100000,5108.673
rennes,100000,5108.6816
rennes,100000,5108.6914
rennes,100000,5131.534
rennes,100000,5131.559
rennes,100000,5131.5703
rennes,100000,5131.58
rennes,100000,5131.5894
rennes,100000,5131.598
rennes,100000,5131.607
rennes,100000,5131.6157
rennes,100000,5131.625
rennes,100000,5154.531
rennes,100000,5154.577
rennes,100000,5154.656
rennes,100000,5154.6816
rennes,100000,5154.7017
rennes,100000,5154.732
rennes,100000,4997.6494
rennes,100000,4997.6826
rennes,100000,4997.6953
rennes,100000,4997.717
rennes,100000,4997.726
rennes,100000,4997.747
rennes,100000,4997.7554
rennes,100000,4997.764
rennes,100000,4997.773
rennes,100000,5020.6646
rennes,100000,5020.7173
rennes,100000,5020.729
rennes,100000,5020.764
rennes,100000,5020.7817
rennes,100000,5020.7915
rennes,100000,5020.8325
rennes,100000,5020.8467
rennes,100000,5020.877
rennes,100000,5043.808
rennes,100000,5043.8486
rennes,100000,5043.8696
rennes,100000,5043.8794
rennes,100000,5043.8887
rennes,100000,5043.904
rennes,100000,5043.914
rennes,100000,5043.922
rennes,100000,5043.9463
rennes,100000,5066.9873
rennes,100000,5067.0127
rennes,100000,5067.0244
rennes,100000,5067.0435
rennes,100000,5067.0527
rennes,100000,5067.062
rennes,100000,5067.077
rennes,100000,5067.0864
rennes,100000,5067.095
rennes,100000,5090.0312
rennes,100000,5090.0767
rennes,100000,5090.1143
rennes,100000,5090.124
rennes,100000,5090.1665
rennes,100000,5090.1797
rennes,100000,5090.1895
rennes,100000,5090.1987
rennes,100000,5090.2075
rennes,100000,5113.164
rennes,100000,5113.1895
rennes,100000,5113.2007
rennes,100000,5113.21
rennes,100000,5113.219
rennes,100000,5113.228
rennes,100000,5113.2373
rennes,100000,5113.246
rennes,100000,5113.2554
rennes,100000,5136.098
rennes,100000,5136.1226
rennes,100000,5136.135
rennes,100000,5136.144
rennes,100000,5136.1533
rennes,100000,5136.162
rennes,100000,5136.171
rennes,100000,5136.1797
rennes,100000,5136.189
rennes,100000,5159.0947
rennes,100000,5159.141
rennes,100000,5159.22
rennes,100000,5159.2456
rennes,100000,5159.266
rennes,100000,5159.296
rennes,100000,5002.63
rennes,100000,5002.656
rennes,100000,5002.6626
rennes,100000,5002.6675
rennes,100000,5002.6724
rennes,100000,5002.677
rennes,100000,5002.694
rennes,100000,5002.6997
rennes,100000,5002.7046
rennes,100000,5025.6226
rennes,100000,5025.6797
rennes,100000,5025.687
rennes,100000,5025.692
rennes,100000,5025.6997
rennes,100000,5025.705
rennes,100000,5025.759
rennes,100000,5025.7676
rennes,100000,5025.7764
rennes,100000,5048.7744
rennes,100000,5048.818
rennes,100000,5048.8325
rennes,100000,5048.838
rennes,100000,5048.842
rennes,100000,5048.85
rennes,100000,5048.8545
rennes,100000,5048.859
rennes,100000,5048.8765
rennes,100000,5071.9614
rennes,100000,5071.981
rennes,100000,5071.9873
rennes,100000,5071.999
rennes,100000,5072.004
rennes,100000,5072.0083
rennes,100000,5072.016
rennes,100000,5072.021
rennes,100000,5072.0254
rennes,100000,5094.996
rennes,100000,5095.0312
rennes,100000,5095.043
rennes,100000,5095.053
rennes,100000,5095.1094
rennes,100000,5095.117
rennes,100000,5095.1216
rennes,100000,5095.1265
rennes,100000,5095.1313
rennes,100000,5118.136
rennes,100000,5118.1567
rennes,100000,5118.163
rennes,100000,5118.1675
rennes,100000,5118.1724
rennes,100000,5118.1763
rennes,100000,5118.182
rennes,100000,5118.1865
rennes,100000,5118.191
rennes,100000,5141.07
rennes,100000,5141.09
rennes,100000,5141.0957
rennes,100000,5141.1006
rennes,100000,5141.105
rennes,100000,5141.11
rennes,100000,5141.1157
rennes,100000,5141.1206
rennes,100000,5141.1245
rennes,100000,5164.0625
rennes,100000,5164.0996
rennes,100000,5164.1523
rennes,100000,5164.164
rennes,100000,5164.1743
rennes,100000,5164.184
rennes,100000,4977.687
rennes,100000,4977.708
rennes,100000,4977.7144
rennes,100000,4977.7275
rennes,100000,4977.733
rennes,100000,4977.738
rennes,100000,4977.7593
rennes,100000,4977.7656
rennes,100000,4977.7705
rennes,100000,5007.2607
rennes,100000,5007.2886
rennes,100000,5007.295
rennes,100000,5007.3003
rennes,100000,5007.305
rennes,100000,5007.31
rennes,100000,5007.327
rennes,100000,5007.333
rennes,100000,5007.3374
rennes,100000,5030.2705
rennes,100000,5030.3203
rennes,100000,5030.327
rennes,100000,5030.332
rennes,100000,5030.3403
rennes,100000,5030.3447
rennes,100000,5030.399
rennes,100000,5030.4077
rennes,100000,5030.417
rennes,100000,5053.4146
rennes,100000,5053.454
rennes,100000,5053.468
rennes,100000,5053.473
rennes,100000,5053.4775
rennes,100000,5053.486
rennes,100000,5053.4907
rennes,100000,5053.4956
rennes,100000,5053.513
rennes,100000,5076.599
rennes,100000,5076.6187
rennes,100000,5076.625
rennes,100000,5076.6367
rennes,100000,5076.6416
rennes,100000,5076.646
rennes,100000,5076.654
rennes,100000,5076.6587
rennes,100000,5076.6636
rennes,100000,5099.646
rennes,100000,5099.683
rennes,100000,5099.696
rennes,100000,5099.7056
rennes,100000,5099.752
rennes,100000,5099.76
rennes,100000,5099.7646
rennes,100000,5099.7695
rennes,100000,5099.775
rennes,100000,5122.7754
rennes,100000,5122.7954
rennes,100000,5122.802
rennes,100000,5122.8066
rennes,100000,5122.8115
rennes,100000,5122.8154
rennes,100000,5122.821
rennes,100000,5122.8257
rennes,100000,5122.831
rennes,100000,5145.708
rennes,100000,5145.7275
rennes,100000,5145.7334
rennes,100000,5145.7383
rennes,100000,5145.7427
rennes,100000,5145.7476
rennes,100000,5145.7524
rennes,100000,5145.7583
rennes,100000,5145.7627
rennes,100000,5168.7017
rennes,100000,5168.738
rennes,100000,5168.7905
rennes,100000,5168.803
rennes,100000,5168.813
rennes,100000,5168.8237
nantes,100000,4937.219
nantes,100000,4937.281
nantes,100000,4937.289
nantes,100000,4937.2944
nantes,100000,4937.3003
nantes,100000,4937.3057
nantes,100000,4937.31
nantes,100000,4937.316
nantes,100000,4937.321
nantes,100000,4960.1606
nantes,100000,4960.2065
nantes,100000,4960.219
nantes,100000,4960.2295
nantes,100000,4960.2446
nantes,100000,4960.255
nantes,100000,4960.2646
nantes,100000,4960.313
nantes,100000,4960.3306
nantes,100000,4983.3535
nantes,100000,4983.3984
nantes,100000,4983.4136
nantes,100000,4983.4194
nantes,100000,4983.4243
nantes,100000,4983.434
nantes,100000,4983.4395
nantes,100000,4983.4453
nantes,100000,4983.4614
nantes,100000,5006.548
nantes,100000,5006.583
nantes,100000,5006.5947
nantes,100000,5006.621
nantes,100000,5006.6304
nantes,100000,5006.64
nantes,100000,5006.6562
nantes,100000,5006.665
nantes,100000,5006.675
nantes,100000,5029.5635
nantes,100000,5029.586
nantes,100000,5029.5923
nantes,100000,5029.5977
nantes,100000,5029.628
nantes,100000,5029.6353
nantes,100000,5029.64
nantes,100000,5029.6455
nantes,100000,5029.6504
nantes,100000,5052.7095
nantes,100000,5052.746
nantes,100000,5052.759
nantes,100000,5052.7686
nantes,100000,5052.778
nantes,100000,5052.787
nantes,100000,5052.7974
nantes,100000,5052.806
nantes,100000,5052.816
nantes,100000,5075.6533
nantes,100000,5075.6904
nantes,100000,5075.7026
nantes,100000,5075.7124
nantes,100000,5075.722
nantes,100000,5075.732
nantes,100000,5075.7407
nantes,100000,5075.751
nantes,100000,5075.7603
nantes,100000,5098.5923
nantes,100000,5098.615
nantes,100000,5098.6484
nantes,100000,5098.656
nantes,100000,5098.661
nantes,100000,5098.6665
nantes,100000,4943.5884
nantes,100000,4943.651
nantes,100000,4943.659
nantes,100000,4943.665
nantes,100000,4943.67
nantes,100000,4943.675
nantes,100000,4943.681
nantes,100000,4943.6865
nantes,100000,4943.692
nantes,100000,4966.53
nantes,100000,4966.5757
nantes,100000,4966.5884
nantes,100000,4966.5986
nantes,100000,4966.614
nantes,100000,4966.624
nantes,100000,4966.6343
nantes,100000,4966.6826
nantes,100000,4966.6997
nantes,100000,4989.722
nantes,100000,4989.7656
nantes,100000,4989.7812
nantes,100000,4989.787
nantes,100000,4989.793
nantes,100000,4989.802
nantes,100000,4989.8076
nantes,100000,4989.813
nantes,100000,4989.8315
nantes,100000,5012.917
nantes,100000,5012.952
nantes,100000,5012.9644
nantes,100000,5012.986
nantes,100000,5012.9956
nantes,100000,5013.0063
nantes,100000,5013.0205
nantes,100000,5013.031
nantes,100000,5013.0405
nantes,100000,5035.94
nantes,100000,5035.961
nantes,100000,5035.968
nantes,100000,5035.9736
nantes,100000,5036.004
nantes,100000,5036.011
nantes,100000,5036.017
nantes,100000,5036.0225
nantes,100000,5036.028
nantes,100000,5059.0796
nantes,100000,5059.1147
nantes,100000,5059.1274
nantes,100000,5059.137
nantes,100000,5059.1475
nantes,100000,5059.1567
nantes,100000,5059.168
nantes,100000,5059.1777
nantes,100000,5059.204
nantes,100000,5082.0215
nantes,100000,5082.0576
nantes,100000,5082.069
nantes,100000,5082.0796
nantes,100000,5082.0894
nantes,100000,5082.0996
nantes,100000,5082.109
nantes,100000,5082.12
nantes,100000,5082.13
nantes,100000,5104.969
nantes,100000,5104.9907
nantes,100000,5105.026
nantes,100000,5105.033
nantes,100000,5105.039
nantes,100000,5105.0454
nantes,100000,4919.554
nantes,100000,4919.588
nantes,100000,4919.5996
nantes,100000,4919.6206
nantes,100000,4919.63
nantes,100000,4919.6396
nantes,100000,4919.655
nantes,100000,4919.6646
nantes,100000,4919.674
nantes,100000,4949.244
nantes,100000,4949.3057
nantes,100000,4949.3145
nantes,100000,4949.32
nantes,100000,4949.325
nantes,100000,4949.3306
nantes,100000,4949.3354
nantes,100000,4949.342
nantes,100000,4949.347
nantes,100000,4972.1875
nantes,100000,4972.2344
nantes,100000,4972.247
nantes,100000,4972.2573
nantes,100000,4972.272
nantes,100000,4972.3213
nantes,100000,4972.3345
nantes,100000,4972.3438
nantes,100000,4972.359
nantes,100000,4995.3794
nantes,100000,4995.423
nantes,100000,4995.4385
nantes,100000,4995.4443
nantes,100000,4995.449
nantes,100000,4995.458
nantes,100000,4995.4634
nantes,100000,4995.469
nantes,100000,4995.485
nantes,100000,5018.573
nantes,100000,5018.609
nantes,100000,5018.621
nantes,100000,5018.642
nantes,100000,5018.6514
nantes,100000,5018.6616
nantes,100000,5018.6763
nantes,100000,5018.686
nantes,100000,5018.6953
nantes,100000,5041.59
nantes,100000,5041.6113
nantes,100000,5041.6177
nantes,100000,5041.651
nantes,100000,5041.658
nantes,100000,5041.664
nantes,100000,5041.6694
nantes,100000,5041.675
nantes,100000,5041.6797
nantes,100000,5064.7354
nantes,100000,5064.7705
nantes,100000,5064.7827
nantes,100000,5064.7925
nantes,100000,5064.8022
nantes,100000,5064.811
nantes,100000,5064.8223
nantes,100000,5064.8315
nantes,100000,5064.8413
nantes,100000,5087.6787
nantes,100000,5087.715
nantes,100000,5087.7266
nantes,100000,5087.737
nantes,100000,5087.746
nantes,100000,5087.7563
nantes,100000,5087.7656
nantes,100000,5087.776
nantes,100000,5087.785
nantes,100000,5110.617
nantes,100000,5110.666
nantes,100000,5110.675
nantes,100000,5110.6807
nantes,100000,5110.686
nantes,100000,5110.692
nantes,100000,4955.7266
nantes,100000,4955.7886
nantes,100000,4955.798
nantes,100000,4955.8027
nantes,100000,4955.8076
nantes,100000,4955.813
nantes,100000,4955.819
nantes,100000,4955.8237
nantes,100000,4955.8286
nantes,100000,4978.668
nantes,100000,4978.7153
nantes,100000,4978.7275
nantes,100000,4978.737
nantes,100000,4978.7515
nantes,100000,4978.7617
nantes,100000,4978.771
nantes,100000,4978.825
nantes,100000,4978.8423
nantes,100000,5001.8613
nantes,100000,5001.9053
nantes,100000,5001.9214
nantes,100000,5001.927
nantes,100000,5001.9316
nantes,100000,5001.941
nantes,100000,5001.9463
nantes,100000,5001.951
nantes,100000,5001.9683
nantes,100000,5025.056
nantes,100000,5025.092
nantes,100000,5025.104
nantes,100000,5025.125
nantes,100000,5025.135
nantes,100000,5025.144
nantes,100000,5025.159
nantes,100000,5025.1685
nantes,100000,5025.1777
nantes,100000,5048.08
nantes,100000,5048.1025
nantes,100000,5048.109
nantes,100000,5048.1143
nantes,100000,5048.147
nantes,100000,5048.1543
nantes,100000,5048.16
nantes,100000,5048.1655
nantes,100000,5048.1704
nantes,100000,5071.218
nantes,100000,5071.255
nantes,100000,5071.2666
nantes,100000,5071.277
nantes,100000,5071.2856
nantes,100000,5071.2954
nantes,100000,5071.3057
nantes,100000,5071.315
nantes,100000,5071.324
nantes,100000,5094.161
nantes,100000,5094.198
nantes,100000,5094.2095
nantes,100000,5094.219
nantes,100000,5094.2285
nantes,100000,5094.2383
nantes,100000,5094.2476
nantes,100000,5094.2573
nantes,100000,5094.267
nantes,100000,5117.1
nantes,100000,5117.1235
nantes,100000,5117.2646
nantes,100000,5117.275
nantes,100000,5117.2803
nantes,100000,5117.286
nancy,100000,5209.216
nancy,100000,5209.2344
nancy,100000,5209.2397
nancy,100000,5209.249
nancy,100000,5209.2524
nancy,100000,5209.256
nancy,100000,5209.26
nancy,100000,5209.263
nancy,100000,5209.267
nancy,100000,5238.8125
nancy,100000,5238.8643
nancy,100000,5238.878
nancy,100000,5238.888
nancy,100000,5238.8975
nancy,100000,5238.907
nancy,100000,5238.9175
nancy,100000,5238.927
nancy,100000,5238.9375
nancy,100000,5261.746
nancy,100000,5261.7983
nancy,100000,5261.812
nancy,100000,5261.8223
nancy,100000,5261.837
nancy,100000,5261.847
nancy,100000,5261.8564
nancy,100000,5261.91
nancy,100000,5261.9263
nancy,100000,5284.886
nancy,100000,5284.93
nancy,100000,5284.942
nancy,100000,5284.945
nancy,100000,5284.948
nancy,100000,5284.953
nancy,100000,5284.956
nancy,100000,5284.9595
nancy,100000,5284.969
nancy,100000,5308.1006
nancy,100000,5308.1426
nancy,100000,5308.1562
nancy,100000,5308.177
nancy,100000,5308.187
nancy,100000,5308.1973
nancy,100000,5308.2104
nancy,100000,5308.22
nancy,100000,5308.231
nancy,100000,5331.1294
nancy,100000,5331.171
nancy,100000,5331.1855
nancy,100000,5331.1963
nancy,100000,5331.2476
nancy,100000,5331.259
nancy,100000,5331.2686
nancy,100000,5331.2783
nancy,100000,5331.2886
nancy,100000,5354.291
nancy,100000,5354.3345
nancy,100000,5354.3486
nancy,100000,5354.359
nancy,100000,5354.368
nancy,100000,5354.379
nancy,100000,5354.389
nancy,100000,5354.399
nancy,100000,5354.41
nancy,100000,5377.2095
nancy,100000,5377.252
nancy,100000,5377.266
nancy,100000,5377.2764
nancy,100000,5377.287
nancy,100000,5377.297
nancy,100000,5377.307
nancy,100000,5377.317
nancy,100000,5377.328
nancy,100000,5400.228
nancy,100000,5400.27
nancy,100000,5400.3237
nancy,100000,5400.328
nancy,100000,5400.3315
nancy,100000,5400.3354
nantes,100000,4931.814
nantes,100000,4931.849
nantes,100000,4931.8604
nantes,100000,4931.8813
nantes,100000,4931.891
nantes,100000,4931.901
nantes,100000,4931.9155
nantes,100000,4931.926
nantes,100000,4931.9355
nantes,100000,4961.501
nantes,100000,4961.55
nantes,100000,4961.562
nantes,100000,4961.587
nantes,100000,4961.5933
nantes,100000,4961.5986
nantes,100000,4961.6035
nantes,100000,4961.6084
nantes,100000,4961.614
nantes,100000,4984.45
nantes,100000,4984.497
nantes,100000,4984.5093
nantes,100000,4984.52
nantes,100000,4984.535
nantes,100000,4984.546
nantes,100000,4984.5947
nantes,100000,4984.606
nantes,100000,4984.6206
nantes,100000,5007.6436
nantes,100000,5007.695
nantes,100000,5007.7114
nantes,100000,5007.717
nantes,100000,5007.7217
nantes,100000,5007.7305
nantes,100000,5007.7363
nantes,100000,5007.741
nantes,100000,5007.7583
nantes,100000,5030.838
nantes,100000,5030.874
nantes,100000,5030.886
nantes,100000,5030.909
nantes,100000,5030.919
nantes,100000,5030.929
nantes,100000,5030.944
nantes,100000,5030.9536
nantes,100000,5030.963
nantes,100000,5053.861
nantes,100000,5053.883
nantes,100000,5053.889
nantes,100000,5053.8945
nantes,100000,5053.9263
nantes,100000,5053.9336
nantes,100000,5053.9385
nantes,100000,5053.944
nantes,100000,5053.9487
nantes,100000,5076.9956
nantes,100000,5077.0317
nantes,100000,5077.044
nantes,100000,5077.054
nantes,100000,5077.0635
nantes,100000,5077.0747
nantes,100000,5077.0845
nantes,100000,5077.0938
nantes,100000,5077.103
nantes,100000,5099.9536
nantes,100000,5099.99
nantes,100000,5100.003
nantes,100000,5100.0127
nantes,100000,5100.023
nantes,100000,5100.0317
nantes,100000,5100.042
nantes,100000,5100.052
nantes,100000,5100.0615
nantes,100000,5122.89
nantes,100000,5122.9136
nantes,100000,5122.9497
nantes,100000,5122.9575
nantes,100000,5122.9634
nantes,100000,5122.969
nancy,100000,5034.058
nancy,100000,5034.0967
nancy,100000,5034.1094
nancy,100000,5034.1294
nancy,100000,5034.1387
nancy,100000,5034.149
nancy,100000,5034.1626
nancy,100000,5034.172
nancy,100000,5034.1816
nancy,100000,5063.6006
nancy,100000,5063.652
nancy,100000,5063.6655
nancy,100000,5063.6753
nancy,100000,5063.685
nancy,100000,5063.6953
nancy,100000,5063.7056
nancy,100000,5063.715
nancy,100000,5063.725
nancy,100000,5086.5864
nancy,100000,5086.618
nancy,100000,5086.6235
nancy,100000,5086.6265
nancy,100000,5086.6313
nancy,100000,5086.635
nancy,100000,5086.6377
nancy,100000,5086.666
nancy,100000,5086.6714
nancy,100000,5109.7305
nancy,100000,5109.771
nancy,100000,5109.795
nancy,100000,5109.8057
nancy,100000,5109.815
nancy,100000,5109.829
nancy,100000,5109.8384
nancy,100000,5109.8477
nancy,100000,5109.8716
nancy,100000,5132.9355
nancy,100000,5132.9756
nancy,100000,5132.9893
nancy,100000,5133.009
nancy,100000,5133.0195
nancy,100000,5133.0293
nancy,100000,5133.043
nancy,100000,5133.0522
nancy,100000,5133.0625
nancy,100000,5155.9565
nancy,100000,5155.9966
nancy,100000,5156.01
nancy,100000,5156.0215
nancy,100000,5156.069
nancy,100000,5156.0796
nancy,100000,5156.0894
nancy,100000,5156.099
nancy,100000,5156.1104
nancy,100000,5179.1226
nancy,100000,5179.164
nancy,100000,5179.179
nancy,100000,5179.189
nancy,100000,5179.1987
nancy,100000,5179.2085
nancy,100000,5179.2183
nancy,100000,5179.228
nancy,100000,5179.2373
nancy,100000,5202.031
nancy,100000,5202.074
nancy,100000,5202.088
nancy,100000,5202.0977
nancy,100000,5202.108
nancy,100000,5202.1177
nancy,100000,5202.127
nancy,100000,5202.1367
nancy,100000,5202.1465
nancy,100000,5225.0645
nancy,100000,5225.1206
nancy,100000,5225.181
nancy,100000,5225.193
nancy,100000,5225.203
nancy,100000,5225.2124
nancy,100000,5037.977
nancy,100000,5038.018
nancy,100000,5038.0317
nancy,100000,5038.0527
nancy,100000,5038.0625
nancy,100000,5038.0737
nancy,100000,5038.096
nancy,100000,5038.106
nancy,100000,5038.116
nancy,100000,5067.498
nancy,100000,5067.551
nancy,100000,5067.564
nancy,100000,5067.574
nancy,100000,5067.5845
nancy,100000,5067.5947
nancy,100000,5067.6045
nancy,100000,5067.6143
nancy,100000,5067.624
nancy,100000,5090.489
nancy,100000,5090.5107
nancy,100000,5090.5156
nancy,100000,5090.519
nancy,100000,5090.5244
nancy,100000,5090.527
nancy,100000,5090.53
nancy,100000,5090.5522
nancy,100000,5090.5576
nancy,100000,5113.6514
nancy,100000,5113.693
nancy,100000,5113.718
nancy,100000,5113.728
nancy,100000,5113.7373
nancy,100000,5113.752
nancy,100000,5113.761
nancy,100000,5113.771
nancy,100000,5113.795
nancy,100000,5136.8525
nancy,100000,5136.8945
nancy,100000,5136.909
nancy,100000,5136.9297
nancy,100000,5136.9395
nancy,100000,5136.95
nancy,100000,5136.9634
nancy,100000,5136.992
nancy,100000,5137.0024
nancy,100000,5159.862
nancy,100000,5159.904
nancy,100000,5159.9185
nancy,100000,5159.9287
nancy,100000,5159.98
nancy,100000,5159.993
nancy,100000,5160.0034
nancy,100000,5160.0127
nancy,100000,5160.0234
nancy,100000,5183.048
nancy,100000,5183.091
nancy,100000,5183.105
nancy,100000,5183.1157
nancy,100000,5183.1255
nancy,100000,5183.1357
nancy,100000,5183.1465
nancy,100000,5183.1562
nancy,100000,5183.166
nancy,100000,5205.9595
nancy,100000,5206.002
nancy,100000,5206.016
nancy,100000,5206.0264
nancy,100000,5206.037
nancy,100000,5206.047
nancy,100000,5206.0576
nancy,100000,5206.067
nancy,100000,5206.077
nancy,100000,5228.998
nancy,100000,5229.0405
nancy,100000,5229.0957
nancy,100000,5229.108
nancy,100000,5229.1177
nancy,100000,5229.1284
nancy,100000,5041.6245
nancy,100000,5041.677
nancy,100000,5041.6978
nancy,100000,5041.7285
nancy,100000,5041.7456
nancy,100000,5041.7593
nancy,100000,5041.774
nancy,100000,5041.783
nancy,100000,5041.7935
nancy,100000,5071.1475
nancy,100000,5071.213
nancy,100000,5071.236
nancy,100000,5071.2534
nancy,100000,5071.2715
nancy,100000,5071.29
nancy,100000,5071.3027
nancy,100000,5071.313
nancy,100000,5071.3228
nancy,100000,5094.1445
nancy,100000,5094.197
nancy,100000,5094.2046
nancy,100000,5094.209
nancy,100000,5094.2163
nancy,100000,5094.2197
nancy,100000,5094.242
nancy,100000,5094.246
nancy,100000,5094.2505
nancy,100000,5117.299
nancy,100000,5117.3516
nancy,100000,5117.3857
nancy,100000,5117.405
nancy,100000,5117.4214
nancy,100000,5117.442
nancy,100000,5117.4517
nancy,100000,5117.462
nancy,100000,5117.486
nancy,100000,5140.5015
nancy,100000,5140.5547
nancy,100000,5140.5757
nancy,100000,5140.6055
nancy,100000,5140.6226
nancy,100000,5140.6387
nancy,100000,5140.654
nancy,100000,5140.6636
nancy,100000,5140.674
nancy,100000,5163.508
nancy,100000,5163.561
nancy,100000,5163.5835
nancy,100000,5163.601
nancy,100000,5163.6636
nancy,100000,5163.677
nancy,100000,5163.6865
nancy,100000,5163.697
nancy,100000,5163.7065
nancy,100000,5186.6797
nancy,100000,5186.734
nancy,100000,5186.755
nancy,100000,5186.773
nancy,100000,5186.7905
nancy,100000,5186.807
nancy,100000,5186.8193
nancy,100000,5186.8296
nancy,100000,5186.84
nancy,100000,5209.5913
nancy,100000,5209.6455
nancy,100000,5209.666
nancy,100000,5209.685
nancy,100000,5209.7026
nancy,100000,5209.721
nancy,100000,5209.7314
nancy,100000,5209.741
nancy,100000,5209.751
nancy,100000,5232.6313
nancy,100000,5232.6855
nancy,100000,5232.77
nancy,100000,5232.784
nancy,100000,5232.795
nancy,100000,5232.804
nancy,100000,5045.8247
nancy,100000,5045.865
nancy,100000,5045.878
nancy,100000,5045.8984
nancy,100000,5045.9087
nancy,100000,5045.919
nancy,100000,5045.9316
nancy,100000,5045.9414
nancy,100000,5045.951
nancy,100000,5075.3457
nancy,100000,5075.397
nancy,100000,5075.4106
nancy,100000,5075.422
nancy,100000,5075.4316
nancy,100000,5075.4414
nancy,100000,5075.4517
nancy,100000,5075.461
nancy,100000,5075.4707
nancy,100000,5098.338
nancy,100000,5098.3613
nancy,100000,5098.367
nancy,100000,5098.37
nancy,100000,5098.375
nancy,100000,5098.3784
nancy,100000,5098.4014
nancy,100000,5098.405
nancy,100000,5098.41
nancy,100000,5121.497
nancy,100000,5121.539
nancy,100000,5121.563
nancy,100000,5121.5723
nancy,100000,5121.5825
nancy,100000,5121.5967
nancy,100000,5121.6064
nancy,100000,5121.6147
nancy,100000,5121.6387
nancy,100000,5144.699
nancy,100000,5144.7407
nancy,100000,5144.7544
nancy,100000,5144.7744
nancy,100000,5144.7847
nancy,100000,5144.795
nancy,100000,5144.808
nancy,100000,5144.818
nancy,100000,5144.8477
nancy,100000,5167.708
nancy,100000,5167.7495
nancy,100000,5167.763
nancy,100000,5167.774
nancy,100000,5167.8237
nancy,100000,5167.8364
nancy,100000,5167.846
nancy,100000,5167.856
nancy,100000,5167.8657
nancy,100000,5190.895
nancy,100000,5190.937
nancy,100000,5190.9507
nancy,100000,5190.9614
nancy,100000,5190.97
nancy,100000,5190.981
nancy,100000,5190.9917
nancy,100000,5191.0015
nancy,100000,5191.011
nancy,100000,5213.8066
nancy,100000,5213.849
nancy,100000,5213.8633
nancy,100000,5213.874
nancy,100000,5213.884
nancy,100000,5213.894
nancy,100000,5213.906
nancy,100000,5213.9155
nancy,100000,5213.9253
nancy,100000,5236.8467
nancy,100000,5236.889
nancy,100000,5236.9453
nancy,100000,5236.9575
nancy,100000,5236.968
nancy,100000,5236.9775
nancy,100000,5049.7925
nancy,100000,5049.834
nancy,100000,5049.847
nancy,100000,5049.869
nancy,100000,5049.88
nancy,100000,5049.89
nancy,100000,5049.904
nancy,100000,5049.9136
nancy,100000,5049.9233
nancy,100000,5079.3145
nancy,100000,5079.368
nancy,100000,5079.384
nancy,100000,5079.3955
nancy,100000,5079.405
nancy,100000,5079.4146
nancy,100000,5079.424
nancy,100000,5079.4336
nancy,100000,5079.444
nancy,100000,5102.329
nancy,100000,5102.355
nancy,100000,5102.3604
nancy,100000,5102.364
nancy,100000,5102.368
nancy,100000,5102.371
nancy,100000,5102.3745
nancy,100000,5102.3984
nancy,100000,5102.404
nancy,100000,5125.4653
nancy,100000,5125.5083
nancy,100000,5125.5327
nancy,100000,5125.5425
nancy,100000,5125.5527
nancy,100000,5125.5664
nancy,100000,5125.5767
nancy,100000,5125.5854
nancy,100000,5125.6104
nancy,100000,5148.668
nancy,100000,5148.7104
nancy,100000,5148.724
nancy,100000,5148.7456
nancy,100000,5148.7563
nancy,100000,5148.766
nancy,100000,5148.7793
nancy,100000,5148.7896
nancy,100000,5148.7993
nancy,100000,5171.6772
nancy,100000,5171.719
nancy,100000,5171.733
nancy,100000,5171.743
nancy,100000,5171.7954
nancy,100000,5171.8066
nancy,100000,5171.8164
nancy,100000,5171.825
nancy,100000,5171.8354
nancy,100000,5194.8477
nancy,100000,5194.8916
nancy,100000,5194.906
nancy,100000,5194.9165
nancy,100000,5194.9277
nancy,100000,5194.937
nancy,100000,5194.9473
nancy,100000,5194.9565
nancy,100000,5194.967
nancy,100000,5217.7583
nancy,100000,5217.802
nancy,100000,5217.8154
nancy,100000,5217.825
nancy,100000,5217.837
nancy,100000,5217.846
nancy,100000,5217.8564
nancy,100000,5217.865
nancy,100000,5217.8755
nancy,100000,5240.799
nancy,100000,5240.861
nancy,100000,5240.916
nancy,100000,5240.929
nancy,100000,5240.9395
nancy,100000,5240.949
rennes,100000,4976.8853
rennes,100000,4976.943
rennes,100000,4976.967
rennes,100000,4976.9873
rennes,100000,4977.006
rennes,100000,4977.0303
rennes,100000,4977.0396
rennes,100000,4977.048
rennes,100000,4977.0566
rennes,100000,4999.786
rennes,100000,4999.819
rennes,100000,4999.8306
rennes,100000,4999.8403
rennes,100000,4999.8545
rennes,100000,4999.8647
rennes,100000,4999.9062
rennes,100000,4999.919
rennes,100000,4999.947
rennes,100000,5022.929
rennes,100000,5022.9526
rennes,100000,5022.9717
rennes,100000,5022.981
rennes,100000,5022.99
rennes,100000,5023.004
rennes,100000,5023.013
rennes,100000,5023.022
rennes,100000,5023.057
rennes,100000,5046.2314
rennes,100000,5046.254
rennes,100000,5046.264
rennes,100000,5046.28
rennes,100000,5046.289
rennes,100000,5046.2974
rennes,100000,5046.3115
rennes,100000,5046.3203
rennes,100000,5046.3286
rennes,100000,5069.2754
rennes,100000,5069.32
rennes,100000,5069.3423
rennes,100000,5069.362
rennes,100000,5069.4233
rennes,100000,5069.4346
rennes,100000,5069.444
rennes,100000,5069.452
rennes,100000,5069.461
rennes,100000,5092.3833
rennes,100000,5092.406
rennes,100000,5092.4165
rennes,100000,5092.4253
rennes,100000,5092.4346
rennes,100000,5092.4424
rennes,100000,5092.4517
rennes,100000,5092.46
rennes,100000,5092.481
rennes,100000,5115.2964
rennes,100000,5115.319
rennes,100000,5115.3296
rennes,100000,5115.339
rennes,100000,5115.347
rennes,100000,5115.357
rennes,100000,5115.365
rennes,100000,5115.3735
rennes,100000,5115.3823
rennes,100000,5138.239
rennes,100000,5138.2617
rennes,100000,5138.3003
rennes,100000,5138.325
rennes,100000,5138.3335
rennes,100000,5138.342
rennes,100000,4981.0537
rennes,100000,4981.0986
rennes,100000,4981.1104
rennes,100000,4981.1206
rennes,100000,4981.1304
rennes,100000,4981.14
rennes,100000,4981.151
rennes,100000,4981.161
rennes,100000,4981.171
rennes,100000,5003.959
rennes,100000,5003.9863
rennes,100000,5003.9927
rennes,100000,5003.998
rennes,100000,5004.0054
rennes,100000,5004.0103
rennes,100000,5004.0396
rennes,100000,5004.0474
rennes,100000,5004.0557
rennes,100000,5027.1016
rennes,100000,5027.119
rennes,100000,5027.131
rennes,100000,5027.136
rennes,100000,5027.1406
rennes,100000,5027.148
rennes,100000,5027.153
rennes,100000,5027.1577
rennes,100000,5027.171
rennes,100000,5050.399
rennes,100000,5050.416
rennes,100000,5050.422
rennes,100000,5050.432
rennes,100000,5050.4365
rennes,100000,5050.4414
rennes,100000,5050.4487
rennes,100000,5050.453
rennes,100000,5050.458
rennes,100000,5073.4443
rennes,100000,5073.4775
rennes,100000,5073.4897
rennes,100000,5073.499
rennes,100000,5073.5474
rennes,100000,5073.5703
rennes,100000,5073.5757
rennes,100000,5073.5796
rennes,100000,5073.5845
rennes,100000,5096.5547
rennes,100000,5096.572
rennes,100000,5096.5776
rennes,100000,5096.5825
rennes,100000,5096.587
rennes,100000,5096.591
rennes,100000,5096.5957
rennes,100000,5096.6006
rennes,100000,5096.605
rennes,100000,5119.469
rennes,100000,5119.487
rennes,100000,5119.4927
rennes,100000,5119.4966
rennes,100000,5119.5015
rennes,100000,5119.506
rennes,100000,5119.5107
rennes,100000,5119.515
rennes,100000,5119.5195
rennes,100000,5142.4116
rennes,100000,5142.4287
rennes,100000,5142.4556
rennes,100000,5142.463
rennes,100000,5142.4673
rennes,100000,5142.472
rennes,100000,4956.517
rennes,100000,4956.538
rennes,100000,4956.545
rennes,100000,4956.556
rennes,100000,4956.562
rennes,100000,4956.5674
rennes,100000,4956.574
rennes,100000,4956.579
rennes,100000,4956.5845
rennes,100000,4986.1333
rennes,100000,4986.1797
rennes,100000,4986.193
rennes,100000,4986.204
rennes,100000,4986.214
rennes,100000,4986.224
rennes,100000,4986.2344
rennes,100000,4986.2437
rennes,100000,4986.254
rennes,100000,5009.0454
rennes,100000,5009.0728
rennes,100000,5009.0796
rennes,100000,5009.0845
rennes,100000,5009.0933
rennes,100000,5009.0986
rennes,100000,5009.129
rennes,100000,5009.1367
rennes,100000,5009.145
rennes,100000,5032.193
rennes,100000,5032.2114
rennes,100000,5032.221
rennes,100000,5032.2266
rennes,100000,5032.231
rennes,100000,5032.238
rennes,100000,5032.242
rennes,100000,5032.2466
rennes,100000,5032.26
rennes,100000,5055.491
rennes,100000,5055.5093
rennes,100000,5055.515
rennes,100000,5055.5254
rennes,100000,5055.5303
rennes,100000,5055.534
rennes,100000,5055.5415
rennes,100000,5055.5464
rennes,100000,5055.551
rennes,100000,5078.524
rennes,100000,5078.5596
rennes,100000,5078.572
rennes,100000,5078.583
rennes,100000,5078.6304
rennes,100000,5078.6426
rennes,100000,5078.6523
rennes,100000,5078.673
rennes,100000,5078.678
rennes,100000,5101.646
rennes,100000,5101.6646
rennes,100000,5101.6704
rennes,100000,5101.675
rennes,100000,5101.6797
rennes,100000,5101.684
rennes,100000,5101.689
rennes,100000,5101.6934
rennes,100000,5101.6978
rennes,100000,5124.56
rennes,100000,5124.5786
rennes,100000,5124.5845
rennes,100000,5124.5894
rennes,100000,5124.594
rennes,100000,5124.5986
rennes,100000,5124.603
rennes,100000,5124.607
rennes,100000,5124.6113
rennes,100000,5147.5024
rennes,100000,5147.521
rennes,100000,5147.5474
rennes,100000,5147.5537
rennes,100000,5147.5586
rennes,100000,5147.563
rennes,100000,4991.241
rennes,100000,4991.2866
rennes,100000,4991.3003
rennes,100000,4991.31
rennes,100000,4991.3203
rennes,100000,4991.33
rennes,100000,4991.341
rennes,100000,4991.3506
rennes,100000,4991.361
rennes,100000,5014.1475
rennes,100000,5014.1743
rennes,100000,5014.1807
rennes,100000,5014.1855
rennes,100000,5014.1934
rennes,100000,5014.198
rennes,100000,5014.2295
rennes,100000,5014.2363
rennes,100000,5014.245
rennes,100000,5037.2896
rennes,100000,5037.3086
rennes,100000,5037.321
rennes,100000,5037.3257
rennes,100000,5037.33
rennes,100000,5037.338
rennes,100000,5037.343
rennes,100000,5037.347
rennes,100000,5037.3604
rennes,100000,5060.5864
rennes,100000,5060.6045
rennes,100000,5060.611
rennes,100000,5060.62
rennes,100000,5060.625
rennes,100000,5060.63
rennes,100000,5060.637
rennes,100000,5060.6416
rennes,100000,5060.646
rennes,100000,5083.631
rennes,100000,5083.665
rennes,100000,5083.6772
rennes,100000,5083.6875
rennes,100000,5083.7363
rennes,100000,5083.7573
rennes,100000,5083.7627
rennes,100000,5083.7676
rennes,100000,5083.7715
rennes,100000,5106.7427
rennes,100000,5106.7617
rennes,100000,5106.7676
rennes,100000,5106.7725
rennes,100000,5106.777
rennes,100000,5106.7812
rennes,100000,5106.7856
rennes,100000,5106.791
rennes,100000,5106.7954
rennes,100000,5129.6567
rennes,100000,5129.6753
rennes,100000,5129.6816
rennes,100000,5129.6865
rennes,100000,5129.691
rennes,100000,5129.6953
rennes,100000,5129.7
rennes,100000,5129.7046
rennes,100000,5129.709
rennes,100000,5152.5996
rennes,100000,5152.6177
rennes,100000,5152.644
rennes,100000,5152.651
rennes,100000,5152.656
rennes,100000,5152.66
lyon,100000,5146.62
lyon,100000,5146.6646
lyon,100000,5146.6777
lyon,100000,5146.688
lyon,100000,5146.698
lyon,100000,5146.7085
lyon,100000,5146.7183
lyon,100000,5146.7275
lyon,100000,5146.738
lyon,100000,5169.7695
lyon,100000,5169.798
lyon,100000,5169.8047
lyon,100000,5169.81
lyon,100000,5169.8184
lyon,100000,5169.8237
lyon,100000,5169.856
lyon,100000,5169.8633
lyon,100000,5169.8716
lyon,100000,5192.8174
lyon,100000,5192.839
lyon,100000,5192.8525
lyon,100000,5192.858
lyon,100000,5192.8623
lyon,100000,5192.8706
lyon,100000,5192.8755
lyon,100000,5192.881
lyon,100000,5192.8965
lyon,100000,5215.774
lyon,100000,5215.7954
lyon,100000,5215.8022
lyon,100000,5215.8145
lyon,100000,5215.82
lyon,100000,5215.825
lyon,100000,5215.833
lyon,100000,5215.8384
lyon,100000,5215.8433
lyon,100000,5238.795
lyon,100000,5238.8296
lyon,100000,5238.842
lyon,100000,5238.8516
lyon,100000,5238.9004
lyon,100000,5238.9126
lyon,100000,5238.922
lyon,100000,5238.931
lyon,100000,5238.941
lyon,100000,5261.789
lyon,100000,5261.825
lyon,100000,5261.837
lyon,100000,5261.8467
lyon,100000,5261.856
lyon,100000,5261.866
lyon,100000,5261.876
lyon,100000,5261.8853
lyon,100000,5261.8945
lyon,100000,5284.5425
lyon,100000,5284.578
lyon,100000,5284.5903
lyon,100000,5284.6
lyon,100000,5284.61
lyon,100000,5284.619
lyon,100000,5284.63
lyon,100000,5284.639
lyon,100000,5284.649
lyon,100000,5307.5005
lyon,100000,5307.5356
lyon,100000,5307.5864
lyon,100000,5307.5977
lyon,100000,5307.608
lyon,100000,5307.617
nancy,100000,5203.0786
nancy,100000,5203.119
nancy,100000,5203.1313
nancy,100000,5203.162
nancy,100000,5203.172
nancy,100000,5203.1816
nancy,100000,5203.1953
nancy,100000,5203.2046
nancy,100000,5203.2144
nancy,100000,5225.9336
nancy,100000,5225.983
nancy,100000,5225.987
nancy,100000,5225.99
nancy,100000,5225.994
nancy,100000,5225.997
nancy,100000,5226.001
nancy,100000,5226.0034
nancy,100000,5226.0063
nancy,100000,5249.054
nancy,100000,5249.107
nancy,100000,5249.1196
nancy,100000,5249.1304
nancy,100000,5249.159
nancy,100000,5249.17
nancy,100000,5249.1797
nancy,100000,5249.2305
nancy,100000,5249.2456
nancy,100000,5272.1074
nancy,100000,5272.149
nancy,100000,5272.173
nancy,100000,5272.184
nancy,100000,5272.1934
nancy,100000,5272.208
nancy,100000,5272.218
nancy,100000,5272.227
nancy,100000,5272.25
nancy,100000,5295.0786
nancy,100000,5295.12
nancy,100000,5295.133
nancy,100000,5295.1543
nancy,100000,5295.164
nancy,100000,5295.174
nancy,100000,5295.187
nancy,100000,5295.1963
nancy,100000,5295.2065
nancy,100000,5318.1255
nancy,100000,5318.1665
nancy,100000,5318.179
nancy,100000,5318.1904
nancy,100000,5318.2393
nancy,100000,5318.25
nancy,100000,5318.2603
nancy,100000,5318.27
nancy,100000,5318.2803
nancy,100000,5341.096
nancy,100000,5341.1533
nancy,100000,5341.167
nancy,100000,5341.177
nancy,100000,5341.1875
nancy,100000,5341.197
nancy,100000,5341.2075
nancy,100000,5341.217
nancy,100000,5341.227
nancy,100000,5363.8403
nancy,100000,5363.8813
nancy,100000,5363.894
nancy,100000,5363.9053
nancy,100000,5363.915
nancy,100000,5363.925
nancy,100000,5363.9346
nancy,100000,5363.944
nancy,100000,5363.9536
nancy,100000,5386.8047
nancy,100000,5386.8467
nancy,100000,5386.911
nancy,100000,5386.9233
nancy,100000,5386.933
nancy,100000,5386.943
rennes,100000,4938.128
rennes,100000,4938.162
rennes,100000,4938.1743
rennes,100000,4938.196
rennes,100000,4938.2056
rennes,100000,4938.216
rennes,100000,4938.2305
rennes,100000,4938.24
rennes,100000,4938.25
rennes,100000,4961.0024
rennes,100000,4961.0474
rennes,100000,4961.06
rennes,100000,4961.0703
rennes,100000,4961.08
rennes,100000,4961.09
rennes,100000,4961.114
rennes,100000,4961.1187
rennes,100000,4961.136
rennes,100000,4984.1323
rennes,100000,4984.159
rennes,100000,4984.1655
rennes,100000,4984.17
rennes,100000,4984.1787
rennes,100000,4984.183
rennes,100000,4984.2134
rennes,100000,4984.2217
rennes,100000,4984.23
rennes,100000,5007.2085
rennes,100000,5007.245
rennes,100000,5007.2686
rennes,100000,5007.2783
rennes,100000,5007.288
rennes,100000,5007.3022
rennes,100000,5007.3125
rennes,100000,5007.3223
rennes,100000,5007.35
rennes,100000,5030.1646
rennes,100000,5030.1855
rennes,100000,5030.192
rennes,100000,5030.2036
rennes,100000,5030.2085
rennes,100000,5030.214
rennes,100000,5030.2217
rennes,100000,5030.2256
rennes,100000,5030.231
rennes,100000,5053.208
rennes,100000,5053.2427
rennes,100000,5053.2554
rennes,100000,5053.2656
rennes,100000,5053.3154
rennes,100000,5053.3286
rennes,100000,5053.3384
rennes,100000,5053.3486
rennes,100000,5053.3584
rennes,100000,5076.1626
rennes,100000,5076.198
rennes,100000,5076.21
rennes,100000,5076.22
rennes,100000,5076.23
rennes,100000,5076.2397
rennes,100000,5076.2505
rennes,100000,5076.2607
rennes,100000,5076.271
rennes,100000,5098.962
rennes,100000,5098.997
rennes,100000,5099.0195
rennes,100000,5099.025
rennes,100000,5099.0293
rennes,100000,5099.034
rennes,100000,5099.0396
rennes,100000,5099.044
rennes,100000,5099.049
rennes,100000,5121.8877
rennes,100000,5121.9233
rennes,100000,5121.9844
rennes,100000,5121.9927
rennes,100000,5121.998
rennes,100000,5122.003
rennes,100000,5110.794
rennes,100000,5110.8213
rennes,100000,5110.8276
rennes,100000,5110.832
rennes,100000,5110.8374
rennes,100000,5110.8423
rennes,100000,5110.847
rennes,100000,5110.8516
rennes,100000,5110.8564
rennes,100000,5133.952
rennes,100000,5133.9795
rennes,100000,5133.9854
rennes,100000,5133.99
rennes,100000,5133.999
rennes,100000,5134.0034
rennes,100000,5134.0283
rennes,100000,5134.0356
rennes,100000,5134.044
rennes,100000,5157.0015
rennes,100000,5157.039
rennes,100000,5157.0625
rennes,100000,5157.073
rennes,100000,5157.083
rennes,100000,5157.098
rennes,100000,5157.1084
rennes,100000,5157.1177
rennes,100000,5157.1436
rennes,100000,5179.93
rennes,100000,5179.9673
rennes,100000,5179.9795
rennes,100000,5180.0005
rennes,100000,5180.0107
rennes,100000,5180.021
rennes,100000,5180.0356
rennes,100000,5180.045
rennes,100000,5180.0547
rennes,100000,5203.002
rennes,100000,5203.039
rennes,100000,5203.051
rennes,100000,5203.0605
rennes,100000,5203.111
rennes,100000,5203.1353
rennes,100000,5203.14
rennes,100000,5203.1445
rennes,100000,5203.1494
rennes,100000,5225.9834
rennes,100000,5226.0215
rennes,100000,5226.034
rennes,100000,5226.0566
rennes,100000,5226.062
rennes,100000,5226.0664
rennes,100000,5226.0713
rennes,100000,5226.0757
rennes,100000,5226.08
rennes,100000,5248.7534
rennes,100000,5248.791
rennes,100000,5248.7974
rennes,100000,5248.8022
rennes,100000,5248.8076
rennes,100000,5248.8115
rennes,100000,5248.816
rennes,100000,5248.821
rennes,100000,5248.825
rennes,100000,5271.6875
rennes,100000,5271.725
rennes,100000,5271.7817
rennes,100000,5271.7954
rennes,100000,5271.8057
rennes,100000,5271.8154
rennes,100000,5092.5396
rennes,100000,5092.5596
rennes,100000,5092.567
rennes,100000,5092.579
rennes,100000,5092.585
rennes,100000,5092.59
rennes,100000,5092.598
rennes,100000,5092.6025
rennes,100000,5092.608
rennes,100000,5115.4575
rennes,100000,5115.483
rennes,100000,5115.4897
rennes,100000,5115.495
rennes,100000,5115.5005
rennes,100000,5115.5054
rennes,100000,5115.51
rennes,100000,5115.5146
rennes,100000,5115.52
rennes,100000,5138.623
rennes,100000,5138.649
rennes,100000,5138.656
rennes,100000,5138.66
rennes,100000,5138.668
rennes,100000,5138.673
rennes,100000,5138.7007
rennes,100000,5138.7075
rennes,100000,5138.716
rennes,100000,5161.673
rennes,100000,5161.7104
rennes,100000,5161.7344
rennes,100000,5161.7456
rennes,100000,5161.756
rennes,100000,5161.771
rennes,100000,5161.781
rennes,100000,5161.791
rennes,100000,5161.8174
rennes,100000,5184.6006
rennes,100000,5184.636
rennes,100000,5184.6494
rennes,100000,5184.6704
rennes,100000,5184.682
rennes,100000,5184.6924
rennes,100000,5184.7065
rennes,100000,5184.717
rennes,100000,5184.727
rennes,100000,5207.6743
rennes,100000,5207.7114
rennes,100000,5207.7246
rennes,100000,5207.735
rennes,100000,5207.798
rennes,100000,5207.807
rennes,100000,5207.812
rennes,100000,5207.816
rennes,100000,5207.821
rennes,100000,5230.655
rennes,100000,5230.6924
rennes,100000,5230.7183
rennes,100000,5230.724
rennes,100000,5230.7295
rennes,100000,5230.7344
rennes,100000,5230.7393
rennes,100000,5230.7437
rennes,100000,5230.748
rennes,100000,5253.425
rennes,100000,5253.4585
rennes,100000,5253.465
rennes,100000,5253.4697
rennes,100000,5253.4756
rennes,100000,5253.4805
rennes,100000,5253.485
rennes,100000,5253.4893
rennes,100000,5253.4937
rennes,100000,5276.359
rennes,100000,5276.397
rennes,100000,5276.4497
rennes,100000,5276.4634
rennes,100000,5276.4746
rennes,100000,5276.4844
rennes,100000,5097.08
rennes,100000,5097.1055
rennes,100000,5097.116
rennes,100000,5097.1343
rennes,100000,5097.14
rennes,100000,5097.145
rennes,100000,5097.154
rennes,100000,5097.1577
rennes,100000,5097.1626
rennes,100000,5119.986
rennes,100000,5120.02
rennes,100000,5120.032
rennes,100000,5120.0425
rennes,100000,5120.049
rennes,100000,5120.0537
rennes,100000,5120.0586
rennes,100000,5120.0635
rennes,100000,5120.068
rennes,100000,5143.145
rennes,100000,5143.178
rennes,100000,5143.1895
rennes,100000,5143.1987
rennes,100000,5143.2114
rennes,100000,5143.2188
rennes,100000,5143.2456
rennes,100000,5143.2524
rennes,100000,5143.2603
rennes,100000,5166.178
rennes,100000,5166.226
rennes,100000,5166.261
rennes,100000,5166.2803
rennes,100000,5166.297
rennes,100000,5166.3145
rennes,100000,5166.324
rennes,100000,5166.334
rennes,100000,5166.36
rennes,100000,5189.108
rennes,100000,5189.1553
rennes,100000,5189.1787
rennes,100000,5189.2104
rennes,100000,5189.225
rennes,100000,5189.2363
rennes,100000,5189.2515
rennes,100000,5189.2607
rennes,100000,5189.271
rennes,100000,5212.1797
rennes,100000,5212.2266
rennes,100000,5212.25
rennes,100000,5212.2695
rennes,100000,5212.3276
rennes,100000,5212.3506
rennes,100000,5212.3545
rennes,100000,5212.3594
rennes,100000,5212.3643
rennes,100000,5235.1616
rennes,100000,5235.21
rennes,100000,5235.233
rennes,100000,5235.251
rennes,100000,5235.2734
rennes,100000,5235.281
rennes,100000,5235.2886
rennes,100000,5235.296
rennes,100000,5235.301
rennes,100000,5257.9316
rennes,100000,5257.991
rennes,100000,5258.0034
rennes,100000,5258.0117
rennes,100000,5258.021
rennes,100000,5258.0264
rennes,100000,5258.0312
rennes,100000,5258.0356
rennes,100000,5258.0405
rennes,100000,5280.866
rennes,100000,5280.914
rennes,100000,5280.9775
rennes,100000,5280.9927
rennes,100000,5281.0024
rennes,100000,5281.012
rennes,100000,5102.393
rennes,100000,5102.4136
rennes,100000,5102.4214
rennes,100000,5102.4326
rennes,100000,5102.4385
rennes,100000,5102.444
rennes,100000,5102.451
rennes,100000,5102.456
rennes,100000,5102.461
rennes,100000,5125.2944
rennes,100000,5125.321
rennes,100000,5125.33
rennes,100000,5125.3354
rennes,100000,5125.3403
rennes,100000,5125.3457
rennes,100000,5125.3506
rennes,100000,5125.3555
rennes,100000,5125.36
rennes,100000,5148.455
rennes,100000,5148.4824
rennes,100000,5148.489
rennes,100000,5148.4937
rennes,100000,5148.5015
rennes,100000,5148.507
rennes,100000,5148.5347
rennes,100000,5148.542
rennes,100000,5148.55
rennes,100000,5171.489
rennes,100000,5171.526
rennes,100000,5171.55
rennes,100000,5171.5605
rennes,100000,5171.571
rennes,100000,5171.5854
rennes,100000,5171.5957
rennes,100000,5171.605
rennes,100000,5171.6313
rennes,100000,5194.416
rennes,100000,5194.4526
rennes,100000,5194.466
rennes,100000,5194.487
rennes,100000,5194.497
rennes,100000,5194.508
rennes,100000,5194.5215
rennes,100000,5194.5312
rennes,100000,5194.5415
rennes,100000,5217.4883
rennes,100000,5217.526
rennes,100000,5217.5396
rennes,100000,5217.5493
rennes,100000,5217.5986
rennes,100000,5217.612
rennes,100000,5217.6216
rennes,100000,5217.632
rennes,100000,5217.654
rennes,100000,5240.4707
rennes,100000,5240.508
rennes,100000,5240.5215
rennes,100000,5240.5317
rennes,100000,5240.542
rennes,100000,5240.5522
rennes,100000,5240.5757
rennes,100000,5240.582
rennes,100000,5240.587
rennes,100000,5263.2417
rennes,100000,5263.278
rennes,100000,5263.3013
rennes,100000,5263.3066
rennes,100000,5263.3115
rennes,100000,5263.3164
rennes,100000,5263.321
rennes,100000,5263.3257
rennes,100000,5263.33
rennes,100000,5286.1743
rennes,100000,5286.212
rennes,100000,5286.265
rennes,100000,5286.2793
rennes,100000,5286.2896
rennes,100000,5286.3003
rennes,100000,5130.124
rennes,100000,5130.1514
rennes,100000,5130.1587
rennes,100000,5130.1636
rennes,100000,5130.169
rennes,100000,5130.175
rennes,100000,5130.179
rennes,100000,5130.184
rennes,100000,5130.1895
rennes,100000,5153.278
rennes,100000,5153.305
rennes,100000,5153.312
rennes,100000,5153.317
rennes,100000,5153.3247
rennes,100000,5153.33
rennes,100000,5153.3594
rennes,100000,5153.367
rennes,100000,5153.3755
rennes,100000,5176.321
rennes,100000,5176.3564
rennes,100000,5176.3804
rennes,100000,5176.391
rennes,100000,5176.402
rennes,100000,5176.4175
rennes,100000,5176.4272
rennes,100000,5176.4375
rennes,100000,5176.467
rennes,100000,5199.2617
rennes,100000,5199.299
rennes,100000,5199.3115
rennes,100000,5199.333
rennes,100000,5199.344
rennes,100000,5199.3545
rennes,100000,5199.369
rennes,100000,5199.3794
rennes,100000,5199.39
rennes,100000,5222.323
rennes,100000,5222.3604
rennes,100000,5222.3735
rennes,100000,5222.385
rennes,100000,5222.4355
rennes,100000,5222.448
rennes,100000,5222.4707
rennes,100000,5222.4775
rennes,100000,5222.4824
rennes,100000,5245.312
rennes,100000,5245.35
rennes,100000,5245.363
rennes,100000,5245.3745
rennes,100000,5245.3955
rennes,100000,5245.401
rennes,100000,5245.406
rennes,100000,5245.4106
rennes,100000,5245.415
rennes,100000,5268.082
rennes,100000,5268.124
rennes,100000,5268.1304
rennes,100000,5268.136
rennes,100000,5268.1406
rennes,100000,5268.1455
rennes,100000,5268.1504
rennes,100000,5268.1553
rennes,100000,5268.1597
rennes,100000,5291.0093
rennes,100000,5291.0464
rennes,100000,5291.1
rennes,100000,5291.1147
rennes,100000,5291.1255
rennes,100000,5291.1357
nantes,100000,5050.6426
nantes,100000,5050.6763
nantes,100000,5050.6885
nantes,100000,5050.7085
nantes,100000,5050.7188
nantes,100000,5050.729
nantes,100000,5050.742
nantes,100000,5050.7515
nantes,100000,5050.761
nantes,100000,5073.5435
nantes,100000,5073.589
nantes,100000,5073.601
nantes,100000,5073.6113
nantes,100000,5073.6206
nantes,100000,5073.632
nantes,100000,5073.641
nantes,100000,5073.6504
nantes,100000,5073.66
nantes,100000,5096.7314
nantes,100000,5096.7764
nantes,100000,5096.789
nantes,100000,5096.7983
nantes,100000,5096.812
nantes,100000,5096.8223
nantes,100000,5096.868
nantes,100000,5096.88
nantes,100000,5096.894
nantes,100000,5119.758
nantes,100000,5119.78
nantes,100000,5119.7954
nantes,100000,5119.801
nantes,100000,5119.805
nantes,100000,5119.813
nantes,100000,5119.8184
nantes,100000,5119.8228
nantes,100000,5119.8374
nantes,100000,5142.7104
nantes,100000,5142.731
nantes,100000,5142.738
nantes,100000,5142.75
nantes,100000,5142.755
nantes,100000,5142.7603
nantes,100000,5142.768
nantes,100000,5142.7725
nantes,100000,5142.7773
nantes,100000,5165.7524
nantes,100000,5165.786
nantes,100000,5165.7983
nantes,100000,5165.8076
nantes,100000,5165.856
nantes,100000,5165.8677
nantes,100000,5165.878
nantes,100000,5165.887
nantes,100000,5165.897
nantes,100000,5188.689
nantes,100000,5188.725
nantes,100000,5188.737
nantes,100000,5188.7466
nantes,100000,5188.756
nantes,100000,5188.765
nantes,100000,5188.7744
nantes,100000,5188.785
nantes,100000,5188.7944
nantes,100000,5211.476
nantes,100000,5211.512
nantes,100000,5211.524
nantes,100000,5211.5337
nantes,100000,5211.5435
nantes,100000,5211.553
nantes,100000,5211.5635
nantes,100000,5211.5728
nantes,100000,5211.582
nantes,100000,5234.442
nantes,100000,5234.4634
nantes,100000,5234.4956
nantes,100000,5234.503
nantes,100000,5234.508
nantes,100000,5234.5137
nantes,100000,5056.9067
nantes,100000,5056.9395
nantes,100000,5056.951
nantes,100000,5056.971
nantes,100000,5056.9814
nantes,100000,5056.991
nantes,100000,5057.005
nantes,100000,5057.014
nantes,100000,5057.023
nantes,100000,5079.8076
nantes,100000,5079.8516
nantes,100000,5079.8643
nantes,100000,5079.8735
nantes,100000,5079.884
nantes,100000,5079.8936
nantes,100000,5079.903
nantes,100000,5079.912
nantes,100000,5079.9214
nantes,100000,5102.9956
nantes,100000,5103.04
nantes,100000,5103.0522
nantes,100000,5103.0615
nantes,100000,5103.0767
nantes,100000,5103.0854
nantes,100000,5103.132
nantes,100000,5103.143
nantes,100000,5103.1616
nantes,100000,5126.022
nantes,100000,5126.0435
nantes,100000,5126.0566
nantes,100000,5126.0615
nantes,100000,5126.067
nantes,100000,5126.0747
nantes,100000,5126.0796
nantes,100000,5126.084
nantes,100000,5126.0986
nantes,100000,5148.975
nantes,100000,5148.996
nantes,100000,5149.0024
nantes,100000,5149.0146
nantes,100000,5149.019
nantes,100000,5149.024
nantes,100000,5149.032
nantes,100000,5149.0376
nantes,100000,5149.042
nantes,100000,5172.024
nantes,100000,5172.059
nantes,100000,5172.071
nantes,100000,5172.081
nantes,100000,5172.1294
nantes,100000,5172.1416
nantes,100000,5172.151
nantes,100000,5172.16
nantes,100000,5172.1704
nantes,100000,5194.9585
nantes,100000,5194.9937
nantes,100000,5195.005
nantes,100000,5195.0146
nantes,100000,5195.024
nantes,100000,5195.0337
nantes,100000,5195.0425
nantes,100000,5195.053
nantes,100000,5195.062
nantes,100000,5217.7485
nantes,100000,5217.7827
nantes,100000,5217.7944
nantes,100000,5217.8037
nantes,100000,5217.8135
nantes,100000,5217.8223
nantes,100000,5217.831
nantes,100000,5217.8413
nantes,100000,5217.85
nantes,100000,5240.715
nantes,100000,5240.736
nantes,100000,5240.7676
nantes,100000,5240.7744
nantes,100000,5240.7793
nantes,100000,5240.785
nantes,100000,5062.199
nantes,100000,5062.2344
nantes,100000,5062.2466
nantes,100000,5062.268
nantes,100000,5062.2793
nantes,100000,5062.2886
nantes,100000,5062.3037
nantes,100000,5062.3135
nantes,100000,5062.3237
nantes,100000,5085.0986
nantes,100000,5085.143
nantes,100000,5085.1553
nantes,100000,5085.165
nantes,100000,5085.1753
nantes,100000,5085.185
nantes,100000,5085.195
nantes,100000,5085.2046
nantes,100000,5085.2144
nantes,100000,5108.2866
nantes,100000,5108.332
nantes,100000,5108.345
nantes,100000,5108.3545
nantes,100000,5108.3706
nantes,100000,5108.3804
nantes,100000,5108.4263
nantes,100000,5108.4375
nantes,100000,5108.4536
nantes,100000,5131.3135
nantes,100000,5131.334
nantes,100000,5131.3477
nantes,100000,5131.353
nantes,100000,5131.358
nantes,100000,5131.3667
nantes,100000,5131.372
nantes,100000,5131.377
nantes,100000,5131.3945
nantes,100000,5154.2666
nantes,100000,5154.288
nantes,100000,5154.2944
nantes,100000,5154.307
nantes,100000,5154.3125
nantes,100000,5154.318
nantes,100000,5154.3286
nantes,100000,5154.3335
nantes,100000,5154.3384
nantes,100000,5177.308
nantes,100000,5177.3433
nantes,100000,5177.3555
nantes,100000,5177.365
nantes,100000,5177.414
nantes,100000,5177.426
nantes,100000,5177.4365
nantes,100000,5177.4453
nantes,100000,5177.455
nantes,100000,5200.243
nantes,100000,5200.2783
nantes,100000,5200.2905
nantes,100000,5200.3
nantes,100000,5200.3086
nantes,100000,5200.3184
nantes,100000,5200.3276
nantes,100000,5200.338
nantes,100000,5200.3477
nantes,100000,5223.0312
nantes,100000,5223.067
nantes,100000,5223.0786
nantes,100000,5223.0884
nantes,100000,5223.098
nantes,100000,5223.108
nantes,100000,5223.1177
nantes,100000,5223.1265
nantes,100000,5223.1357
nantes,100000,5245.998
nantes,100000,5246.0205
nantes,100000,5246.0527
nantes,100000,5246.06
nantes,100000,5246.065
nantes,100000,5246.0703
nantes,100000,5091.6626
nantes,100000,5091.721
nantes,100000,5091.7437
nantes,100000,5091.761
nantes,100000,5091.7764
nantes,100000,5091.788
nantes,100000,5091.798
nantes,100000,5091.807
nantes,100000,5091.8164
nantes,100000,5114.853
nantes,100000,5114.912
nantes,100000,5114.935
nantes,100000,5114.9526
nantes,100000,5114.9775
nantes,100000,5114.9917
nantes,100000,5115.041
nantes,100000,5115.0537
nantes,100000,5115.069
nantes,100000,5137.8994
nantes,100000,5137.9263
nantes,100000,5137.947
nantes,100000,5137.956
nantes,100000,5137.963
nantes,100000,5137.971
nantes,100000,5137.976
nantes,100000,5137.981
nantes,100000,5137.996
nantes,100000,5160.8516
nantes,100000,5160.879
nantes,100000,5160.8906
nantes,100000,5160.908
nantes,100000,5160.9185
nantes,100000,5160.927
nantes,100000,5160.9385
nantes,100000,5160.9434
nantes,100000,5160.9487
nantes,100000,5183.9023
nantes,100000,5183.9375
nantes,100000,5183.9497
nantes,100000,5183.9595
nantes,100000,5184.009
nantes,100000,5184.022
nantes,100000,5184.0312
nantes,100000,5184.041
nantes,100000,5184.051
nantes,100000,5206.845
nantes,100000,5206.8794
nantes,100000,5206.892
nantes,100000,5206.902
nantes,100000,5206.9116
nantes,100000,5206.9204
nantes,100000,5206.931
nantes,100000,5206.9404
nantes,100000,5206.95
nantes,100000,5229.6333
nantes,100000,5229.667
nantes,100000,5229.6797
nantes,100000,5229.689
nantes,100000,5229.698
nantes,100000,5229.7075
nantes,100000,5229.7173
nantes,100000,5229.726
nantes,100000,5229.7354
nantes,100000,5252.599
nantes,100000,5252.621
nantes,100000,5252.6553
nantes,100000,5252.6636
nantes,100000,5252.669
nantes,100000,5252.6743
lyon,100000,5152.539
lyon,100000,5152.586
lyon,100000,5152.598
lyon,100000,5152.608
lyon,100000,5152.6177
lyon,100000,5152.627
lyon,100000,5152.6377
lyon,100000,5152.647
lyon,100000,5152.6567
lyon,100000,5175.6733
lyon,100000,5175.702
lyon,100000,5175.709
lyon,100000,5175.714
lyon,100000,5175.7227
lyon,100000,5175.728
lyon,100000,5175.7583
lyon,100000,5175.766
lyon,100000,5175.7754
lyon,100000,5198.7227
lyon,100000,5198.7446
lyon,100000,5198.7593
lyon,100000,5198.7637
lyon,100000,5198.7686
lyon,100000,5198.7773
lyon,100000,5198.7817
lyon,100000,5198.787
lyon,100000,5198.802
lyon,100000,5221.683
lyon,100000,5221.7036
lyon,100000,5221.71
lyon,100000,5221.7227
lyon,100000,5221.7275
lyon,100000,5221.732
lyon,100000,5221.7407
lyon,100000,5221.746
lyon,100000,5221.751
lyon,100000,5244.714
lyon,100000,5244.748
lyon,100000,5244.7603
lyon,100000,5244.7705
lyon,100000,5244.8164
lyon,100000,5244.828
lyon,100000,5244.839
lyon,100000,5244.848
lyon,100000,5244.858
lyon,100000,5267.708
lyon,100000,5267.743
lyon,100000,5267.755
lyon,100000,5267.765
lyon,100000,5267.774
lyon,100000,5267.7837
lyon,100000,5267.793
lyon,100000,5267.8037
lyon,100000,5267.813
lyon,100000,5290.4497
lyon,100000,5290.485
lyon,100000,5290.4976
lyon,100000,5290.5073
lyon,100000,5290.517
lyon,100000,5290.527
lyon,100000,5290.5376
lyon,100000,5290.5474
lyon,100000,5290.557
lyon,100000,5313.419
lyon,100000,5313.454
lyon,100000,5313.507
lyon,100000,5313.519
lyon,100000,5313.529
lyon,100000,5313.539
nantes,100000,5074.5034
nantes,100000,5074.5396
nantes,100000,5074.5522
nantes,100000,5074.573
nantes,100000,5074.583
nantes,100000,5074.5933
nantes,100000,5074.608
nantes,100000,5074.617
nantes,100000,5074.6265
nantes,100000,5097.4014
nantes,100000,5097.448
nantes,100000,5097.4614
nantes,100000,5097.47
nantes,100000,5097.48
nantes,100000,5097.4893
nantes,100000,5097.4985
nantes,100000,5097.508
nantes,100000,5097.5176
nantes,100000,5120.593
nantes,100000,5120.6406
nantes,100000,5120.654
nantes,100000,5120.6626
nantes,100000,5120.6772
nantes,100000,5120.6865
nantes,100000,5120.7314
nantes,100000,5120.7427
nantes,100000,5120.758
nantes,100000,5143.6445
nantes,100000,5143.667
nantes,100000,5143.6807
nantes,100000,5143.6855
nantes,100000,5143.69
nantes,100000,5143.698
nantes,100000,5143.703
nantes,100000,5143.707
nantes,100000,5143.723
nantes,100000,5166.5957
nantes,100000,5166.6167
nantes,100000,5166.623
nantes,100000,5166.6357
nantes,100000,5166.64
nantes,100000,5166.6455
nantes,100000,5166.654
nantes,100000,5166.658
nantes,100000,5166.663
nantes,100000,5189.6143
nantes,100000,5189.651
nantes,100000,5189.6636
nantes,100000,5189.673
nantes,100000,5189.7197
nantes,100000,5189.7314
nantes,100000,5189.741
nantes,100000,5189.75
nantes,100000,5189.76
nantes,100000,5212.551
nantes,100000,5212.5874
nantes,100000,5212.6006
nantes,100000,5212.61
nantes,100000,5212.619
nantes,100000,5212.6284
nantes,100000,5212.6377
nantes,100000,5212.6465
nantes,100000,5212.6562
nantes,100000,5235.3403
nantes,100000,5235.3765
nantes,100000,5235.389
nantes,100000,5235.3994
nantes,100000,5235.408
nantes,100000,5235.418
nantes,100000,5235.427
nantes,100000,5235.4365
nantes,100000,5235.4453
nantes,100000,5258.3306
nantes,100000,5258.3525
nantes,100000,5258.3843
nantes,100000,5258.3916
nantes,100000,5258.3965
nantes,100000,5258.4014
nantes,100000,5068.4214
nantes,100000,5068.4497
nantes,100000,5068.456
nantes,100000,5068.4614
nantes,100000,5068.467
nantes,100000,5068.471
nantes,100000,5068.476
nantes,100000,5068.481
nantes,100000,5068.486
nantes,100000,5091.5933
nantes,100000,5091.6387
nantes,100000,5091.651
nantes,100000,5091.66
nantes,100000,5091.675
nantes,100000,5091.6846
nantes,100000,5091.7393
nantes,100000,5091.7466
nantes,100000,5091.7554
nantes,100000,5114.622
nantes,100000,5114.657
nantes,100000,5114.6797
nantes,100000,5114.6904
nantes,100000,5114.6997
nantes,100000,5114.7144
nantes,100000,5114.7236
nantes,100000,5114.733
nantes,100000,5114.757
nantes,100000,5137.594
nantes,100000,5137.6147
nantes,100000,5137.621
nantes,100000,5137.633
nantes,100000,5137.6377
nantes,100000,5137.643
nantes,100000,5137.6533
nantes,100000,5137.658
nantes,100000,5137.663
nantes,100000,5160.624
nantes,100000,5160.6587
nantes,100000,5160.6836
nantes,100000,5160.6895
nantes,100000,5160.719
nantes,100000,5160.7266
nantes,100000,5160.7314
nantes,100000,5160.7363
nantes,100000,5160.7407
nantes,100000,5183.5605
nantes,100000,5183.5825
nantes,100000,5183.5884
nantes,100000,5183.5933
nantes,100000,5183.5977
nantes,100000,5183.6035
nantes,100000,5183.608
nantes,100000,5183.613
nantes,100000,5183.6177
nantes,100000,5206.2637
nantes,100000,5206.285
nantes,100000,5206.291
nantes,100000,5206.2964
nantes,100000,5206.3013
nantes,100000,5206.3076
nantes,100000,5206.312
nantes,100000,5206.317
nantes,100000,5206.322
nantes,100000,5229.2876
nantes,100000,5229.3228
nantes,100000,5229.3745
nantes,100000,5229.387
nantes,100000,5229.398
nantes,100000,5229.4067
nantes,100000,5051.514
nantes,100000,5051.548
nantes,100000,5051.5615
nantes,100000,5051.5825
nantes,100000,5051.592
nantes,100000,5051.6025
nantes,100000,5051.6157
nantes,100000,5051.6255
nantes,100000,5051.635
nantes,100000,5074.417
nantes,100000,5074.4756
nantes,100000,5074.484
nantes,100000,5074.4893
nantes,100000,5074.4937
nantes,100000,5074.499
nantes,100000,5074.5034
nantes,100000,5074.5083
nantes,100000,5074.5137
nantes,100000,5097.606
nantes,100000,5097.6504
nantes,100000,5097.6636
nantes,100000,5097.673
nantes,100000,5097.6865
nantes,100000,5097.6963
nantes,100000,5097.739
nantes,100000,5097.751
nantes,100000,5097.779
nantes,100000,5120.6357
nantes,100000,5120.6714
nantes,100000,5120.6943
nantes,100000,5120.704
nantes,100000,5120.714
nantes,100000,5120.727
nantes,100000,5120.737
nantes,100000,5120.745
nantes,100000,5120.77
nantes,100000,5143.621
nantes,100000,5143.6426
nantes,100000,5143.649
nantes,100000,5143.6636
nantes,100000,5143.668
nantes,100000,5143.673
nantes,100000,5143.681
nantes,100000,5143.6865
nantes,100000,5143.691
nantes,100000,5166.638
nantes,100000,5166.6733
nantes,100000,5166.685
nantes,100000,5166.695
nantes,100000,5166.749
nantes,100000,5166.7563
nantes,100000,5166.7603
nantes,100000,5166.765
nantes,100000,5166.77
nantes,100000,5189.57
nantes,100000,5189.6064
nantes,100000,5189.614
nantes,100000,5189.619
nantes,100000,5189.624
nantes,100000,5189.6284
nantes,100000,5189.6333
nantes,100000,5189.638
nantes,100000,5189.6426
nantes,100000,5212.2954
nantes,100000,5212.317
nantes,100000,5212.3247
nantes,100000,5212.3306
nantes,100000,5212.335
nantes,100000,5212.34
nantes,100000,5212.345
nantes,100000,5212.351
nantes,100000,5212.3555
nantes,100000,5235.3066
nantes,100000,5235.3413
nantes,100000,5235.3936
nantes,100000,5235.4062
nantes,100000,5235.416
nantes,100000,5235.4253
nantes,100000,5057.0303
nantes,100000,5057.0664
nantes,100000,5057.079
nantes,100000,5057.103
nantes,100000,5057.1143
nantes,100000,5057.126
nantes,100000,5057.1426
nantes,100000,5057.154
nantes,100000,5057.1646
nantes,100000,5079.9478
nantes,100000,5079.9756
nantes,100000,5079.983
nantes,100000,5079.9883
nantes,100000,5079.994
nantes,100000,5080.0
nantes,100000,5080.0054
nantes,100000,5080.0103
nantes,100000,5080.016
nantes,100000,5103.1206
nantes,100000,5103.167
nantes,100000,5103.18
nantes,100000,5103.1914
nantes,100000,5103.2085
nantes,100000,5103.2197
nantes,100000,5103.2295
nantes,100000,5103.284
nantes,100000,5103.2974
nantes,100000,5126.1494
nantes,100000,5126.1846
nantes,100000,5126.209
nantes,100000,5126.22
nantes,100000,5126.231
nantes,100000,5126.247
nantes,100000,5126.258
nantes,100000,5126.268
nantes,100000,5126.295
nantes,100000,5149.115
nantes,100000,5149.1357
nantes,100000,5149.142
nantes,100000,5149.155
nantes,100000,5149.16
nantes,100000,5149.166
nantes,100000,5149.175
nantes,100000,5149.18
nantes,100000,5149.1855
nantes,100000,5172.151
nantes,100000,5172.186
nantes,100000,5172.2114
nantes,100000,5172.2173
nantes,100000,5172.2476
nantes,100000,5172.2554
nantes,100000,5172.2607
nantes,100000,5172.266
nantes,100000,5172.2715
nantes,100000,5195.088
nantes,100000,5195.109
nantes,100000,5195.1157
nantes,100000,5195.121
nantes,100000,5195.1265
nantes,100000,5195.1323
nantes,100000,5195.138
nantes,100000,5195.1436
nantes,100000,5195.149
nantes,100000,5217.79
nantes,100000,5217.811
nantes,100000,5217.8184
nantes,100000,5217.8237
nantes,100000,5217.829
nantes,100000,5217.836
nantes,100000,5217.842
nantes,100000,5217.847
nantes,100000,5217.853
nantes,100000,5240.8154
nantes,100000,5240.851
nantes,100000,5240.9033
nantes,100000,5240.917
nantes,100000,5240.9287
nantes,100000,5240.939
nantes,100000,5063.78
nantes,100000,5063.8257
nantes,100000,5063.845
nantes,100000,5063.8755
nantes,100000,5063.8936
nantes,100000,5063.9087
nantes,100000,5063.9263
nantes,100000,5063.9355
nantes,100000,5063.9453
nantes,100000,5086.682
nantes,100000,5086.7534
nantes,100000,5086.7646
nantes,100000,5086.7734
nantes,100000,5086.7817
nantes,100000,5086.7915
nantes,100000,5086.799
nantes,100000,5086.8037
nantes,100000,5086.809
nantes,100000,5109.873
nantes,100000,5109.9336
nantes,100000,5109.955
nantes,100000,5109.972
nantes,100000,5109.9956
nantes,100000,5110.0083
nantes,100000,5110.065
nantes,100000,5110.073
nantes,100000,5110.0815
nantes,100000,5132.903
nantes,100000,5132.9497
nantes,100000,5132.9834
nantes,100000,5133.002
nantes,100000,5133.0176
nantes,100000,5133.0405
nantes,100000,5133.0527
nantes,100000,5133.062
nantes,100000,5133.087
nantes,100000,5155.8716
nantes,100000,5155.9165
nantes,100000,5155.928
nantes,100000,5155.9463
nantes,100000,5155.955
nantes,100000,5155.961
nantes,100000,5155.9697
nantes,100000,5155.975
nantes,100000,5155.9795
nantes,100000,5178.9033
nantes,100000,5178.948
nantes,100000,5178.969
nantes,100000,5178.9873
nantes,100000,5179.046
nantes,100000,5179.0557
nantes,100000,5179.061
nantes,100000,5179.066
nantes,100000,5179.0703
nantes,100000,5201.8345
nantes,100000,5201.885
nantes,100000,5201.896
nantes,100000,5201.9053
nantes,100000,5201.914
nantes,100000,5201.924
nantes,100000,5201.9307
nantes,100000,5201.9355
nantes,100000,5201.9404
nantes,100000,5224.562
nantes,100000,5224.5913
nantes,100000,5224.604
nantes,100000,5224.614
nantes,100000,5224.6235
nantes,100000,5224.632
nantes,100000,5224.637
nantes,100000,5224.6426
nantes,100000,5224.6484
nantes,100000,5247.566
nantes,100000,5247.6123
nantes,100000,5247.675
nantes,100000,5247.691
nantes,100000,5247.701
nantes,100000,5247.711
nantes,100000,5092.388
nantes,100000,5092.438
nantes,100000,5092.445
nantes,100000,5092.4507
nantes,100000,5092.4556
nantes,100000,5092.4604
nantes,100000,5092.4653
nantes,100000,5092.47
nantes,100000,5092.475
nantes,100000,5115.576
nantes,100000,5115.623
nantes,100000,5115.635
nantes,100000,5115.6455
nantes,100000,5115.6597
nantes,100000,5115.669
nantes,100000,5115.73
nantes,100000,5115.7373
nantes,100000,5115.746
nantes,100000,5138.615
nantes,100000,5138.6514
nantes,100000,5138.674
nantes,100000,5138.683
nantes,100000,5138.6934
nantes,100000,5138.707
nantes,100000,5138.717
nantes,100000,5138.7256
nantes,100000,5138.7515
nantes,100000,5161.579
nantes,100000,5161.6006
nantes,100000,5161.6084
nantes,100000,5161.62
nantes,100000,5161.6255
nantes,100000,5161.6304
nantes,100000,5161.64
nantes,100000,5161.645
nantes,100000,5161.65
nantes,100000,5184.616
nantes,100000,5184.651
nantes,100000,5184.662
nantes,100000,5184.6855
nantes,100000,5184.7153
nantes,100000,5184.7227
nantes,100000,5184.727
nantes,100000,5184.732
nantes,100000,5184.737
nantes,100000,5207.556
nantes,100000,5207.5776
nantes,100000,5207.5845
nantes,100000,5207.5894
nantes,100000,5207.5933
nantes,100000,5207.5986
nantes,100000,5207.604
nantes,100000,5207.609
nantes,100000,5207.613
nantes,100000,5230.257
nantes,100000,5230.2793
nantes,100000,5230.286
nantes,100000,5230.291
nantes,100000,5230.297
nantes,100000,5230.302
nantes,100000,5230.3066
nantes,100000,5230.3115
nantes,100000,5230.3164
nantes,100000,5253.27
nantes,100000,5253.3057
nantes,100000,5253.357
nantes,100000,5253.37
nantes,100000,5253.38
nantes,100000,5253.388
nancy,100000,5127.0957
nancy,100000,5127.1147
nancy,100000,5127.1206
nancy,100000,5127.1304
nancy,100000,5127.1333
nancy,100000,5127.1367
nancy,100000,5127.142
nancy,100000,5127.145
nancy,100000,5127.1484
nancy,100000,5149.935
nancy,100000,5149.987
nancy,100000,5150.0005
nancy,100000,5150.0117
nancy,100000,5150.0215
nancy,100000,5150.0312
nancy,100000,5150.041
nancy,100000,5150.0503
nancy,100000,5150.0605
nancy,100000,5173.057
nancy,100000,5173.1104
nancy,100000,5173.1245
nancy,100000,5173.134
nancy,100000,5173.148
nancy,100000,5173.1577
nancy,100000,5173.2114
nancy,100000,5173.222
nancy,100000,5173.2363
nancy,100000,5196.1377
nancy,100000,5196.18
nancy,100000,5196.205
nancy,100000,5196.2163
nancy,100000,5196.226
nancy,100000,5196.2505
nancy,100000,5196.254
nancy,100000,5196.257
nancy,100000,5196.266
nancy,100000,5219.112
nancy,100000,5219.155
nancy,100000,5219.1685
nancy,100000,5219.19
nancy,100000,5219.2
nancy,100000,5219.2183
nancy,100000,5219.2227
nancy,100000,5219.226
nancy,100000,5219.2295
nancy,100000,5242.156
nancy,100000,5242.1978
nancy,100000,5242.212
nancy,100000,5242.222
nancy,100000,5242.273
nancy,100000,5242.2837
nancy,100000,5242.2935
nancy,100000,5242.3027
nancy,100000,5242.3135
nancy,100000,5265.1265
nancy,100000,5265.168
nancy,100000,5265.174
nancy,100000,5265.1777
nancy,100000,5265.1816
nancy,100000,5265.1855
nancy,100000,5265.1895
nancy,100000,5265.1924
nancy,100000,5265.1963
nancy,100000,5287.868
nancy,100000,5287.9116
nancy,100000,5287.9272
nancy,100000,5287.9375
nancy,100000,5287.9478
nancy,100000,5287.958
nancy,100000,5287.968
nancy,100000,5287.977
nancy,100000,5287.9873
nancy,100000,5310.84
nancy,100000,5310.8823
nancy,100000,5310.938
nancy,100000,5310.9497
nancy,100000,5310.9595
nancy,100000,5310.9697
nancy,100000,5130.656
nancy,100000,5130.6763
nancy,100000,5130.682
nancy,100000,5130.6934
nancy,100000,5130.6973
nancy,100000,5130.7
nancy,100000,5130.7056
nancy,100000,5130.7085
nancy,100000,5130.7124
nancy,100000,5153.453
nancy,100000,5153.5063
nancy,100000,5153.5205
nancy,100000,5153.5312
nancy,100000,5153.541
nancy,100000,5153.552
nancy,100000,5153.562
nancy,100000,5153.572
nancy,100000,5153.582
nancy,100000,5176.5776
nancy,100000,5176.633
nancy,100000,5176.6465
nancy,100000,5176.6567
nancy,100000,5176.6704
nancy,100000,5176.681
nancy,100000,5176.691
nancy,100000,5176.7437
nancy,100000,5176.759
nancy,100000,5199.6777
nancy,100000,5199.721
nancy,100000,5199.746
nancy,100000,5199.7563
nancy,100000,5199.766
nancy,100000,5199.7803
nancy,100000,5199.79
nancy,100000,5199.8096
nancy,100000,5199.82
nancy,100000,5222.6504
nancy,100000,5222.695
nancy,100000,5222.7095
nancy,100000,5222.7314
nancy,100000,5222.741
nancy,100000,5222.751
nancy,100000,5222.775
nancy,100000,5222.779
nancy,100000,5222.782
nancy,100000,5245.691
nancy,100000,5245.734
nancy,100000,5245.7476
nancy,100000,5245.7583
nancy,100000,5245.811
nancy,100000,5245.8223
nancy,100000,5245.8325
nancy,100000,5245.842
nancy,100000,5245.8525
nancy,100000,5268.6626
nancy,100000,5268.7188
nancy,100000,5268.725
nancy,100000,5268.729
nancy,100000,5268.7334
nancy,100000,5268.7373
nancy,100000,5268.7407
nancy,100000,5268.745
nancy,100000,5268.748
nancy,100000,5291.4053
nancy,100000,5291.4487
nancy,100000,5291.4624
nancy,100000,5291.473
nancy,100000,5291.4834
nancy,100000,5291.4937
nancy,100000,5291.503
nancy,100000,5291.514
nancy,100000,5291.524
nancy,100000,5314.374
nancy,100000,5314.417
nancy,100000,5314.4736
nancy,100000,5314.4863
nancy,100000,5314.496
nancy,100000,5314.5063
nancy,100000,5134.644
nancy,100000,5134.6616
nancy,100000,5134.667
nancy,100000,5134.6753
nancy,100000,5134.6787
nancy,100000,5134.682
nancy,100000,5134.687
nancy,100000,5134.69
nancy,100000,5134.694
nancy,100000,5157.4854
nancy,100000,5157.537
nancy,100000,5157.551
nancy,100000,5157.5615
nancy,100000,5157.5713
nancy,100000,5157.5815
nancy,100000,5157.591
nancy,100000,5157.601
nancy,100000,5157.6113
nancy,100000,5180.606
nancy,100000,5180.659
nancy,100000,5180.6733
nancy,100000,5180.6836
nancy,100000,5180.6978
nancy,100000,5180.7075
nancy,100000,5180.717
nancy,100000,5180.7773
nancy,100000,5180.7935
nancy,100000,5203.688
nancy,100000,5203.7295
nancy,100000,5203.7544
nancy,100000,5203.766
nancy,100000,5203.776
nancy,100000,5203.8
nancy,100000,5203.8027
nancy,100000,5203.8057
nancy,100000,5203.8154
nancy,100000,5226.6616
nancy,100000,5226.704
nancy,100000,5226.7183
nancy,100000,5226.7393
nancy,100000,5226.75
nancy,100000,5226.767
nancy,100000,5226.7715
nancy,100000,5226.775
nancy,100000,5226.7773
nancy,100000,5249.704
nancy,100000,5249.7456
nancy,100000,5249.7603
nancy,100000,5249.7705
nancy,100000,5249.8213
nancy,100000,5249.832
nancy,100000,5249.842
nancy,100000,5249.851
nancy,100000,5249.8623
nancy,100000,5272.676
nancy,100000,5272.7173
nancy,100000,5272.723
nancy,100000,5272.727
nancy,100000,5272.731
nancy,100000,5272.735
nancy,100000,5272.739
nancy,100000,5272.7417
nancy,100000,5272.7456
nancy,100000,5295.418
nancy,100000,5295.461
nancy,100000,5295.475
nancy,100000,5295.486
nancy,100000,5295.497
nancy,100000,5295.5073
nancy,100000,5295.518
nancy,100000,5295.5273
nancy,100000,5295.538
nancy,100000,5318.3877
nancy,100000,5318.43
nancy,100000,5318.485
nancy,100000,5318.4976
nancy,100000,5318.5073
nancy,100000,5318.5176
nancy,100000,5138.4604
nancy,100000,5138.4805
nancy,100000,5138.487
nancy,100000,5138.497
nancy,100000,5138.4995
nancy,100000,5138.503
nancy,100000,5138.508
nancy,100000,5138.5107
nancy,100000,5138.5146
nancy,100000,5161.299
nancy,100000,5161.35
nancy,100000,5161.3657
nancy,100000,5161.3755
nancy,100000,5161.3857
nancy,100000,5161.396
nancy,100000,5161.406
nancy,100000,5161.4155
nancy,100000,5161.427
nancy,100000,5184.421
nancy,100000,5184.4756
nancy,100000,5184.4897
nancy,100000,5184.499
nancy,100000,5184.5137
nancy,100000,5184.5234
nancy,100000,5184.5845
nancy,100000,5184.5957
nancy,100000,5184.611
nancy,100000,5207.503
nancy,100000,5207.545
nancy,100000,5207.572
nancy,100000,5207.5825
nancy,100000,5207.5923
nancy,100000,5207.614
nancy,100000,5207.617
nancy,100000,5207.6206
nancy,100000,5207.6313
nancy,100000,5230.477
nancy,100000,5230.5195
nancy,100000,5230.534
nancy,100000,5230.555
nancy,100000,5230.578
nancy,100000,5230.5815
nancy,100000,5230.586
nancy,100000,5230.589
nancy,100000,5230.593
nancy,100000,5253.5205
nancy,100000,5253.563
nancy,100000,5253.5776
nancy,100000,5253.589
nancy,100000,5253.6426
nancy,100000,5253.654
nancy,100000,5253.664
nancy,100000,5253.674
nancy,100000,5253.685
nancy,100000,5276.4907
nancy,100000,5276.532
nancy,100000,5276.5386
nancy,100000,5276.542
nancy,100000,5276.5464
nancy,100000,5276.5503
nancy,100000,5276.553
nancy,100000,5276.557
nancy,100000,5276.5605
nancy,100000,5299.23
nancy,100000,5299.273
nancy,100000,5299.2876
nancy,100000,5299.299
nancy,100000,5299.3096
nancy,100000,5299.3203
nancy,100000,5299.33
nancy,100000,5299.3413
nancy,100000,5299.352
nancy,100000,5322.202
nancy,100000,5322.245
nancy,100000,5322.3145
nancy,100000,5322.327
nancy,100000,5322.337
nancy,100000,5322.3477
lyon,100000,5135.1753
lyon,100000,5135.1953
lyon,100000,5135.2026
lyon,100000,5135.2153
lyon,100000,5135.2217
lyon,100000,5135.227
lyon,100000,5135.2373
lyon,100000,5135.2427
lyon,100000,5135.248
lyon,100000,5158.1074
lyon,100000,5158.1562
lyon,100000,5158.169
lyon,100000,5158.179
lyon,100000,5158.189
lyon,100000,5158.1987
lyon,100000,5158.209
lyon,100000,5158.2183
lyon,100000,5158.229
lyon,100000,5181.242
lyon,100000,5181.2705
lyon,100000,5181.2773
lyon,100000,5181.2827
lyon,100000,5181.2905
lyon,100000,5181.2954
lyon,100000,5181.3247
lyon,100000,5181.331
lyon,100000,5181.34
lyon,100000,5204.291
lyon,100000,5204.3125
lyon,100000,5204.326
lyon,100000,5204.3315
lyon,100000,5204.336
lyon,100000,5204.344
lyon,100000,5204.349
lyon,100000,5204.3545
lyon,100000,5204.3716
lyon,100000,5227.26
lyon,100000,5227.2817
lyon,100000,5227.2876
lyon,100000,5227.3003
lyon,100000,5227.305
lyon,100000,5227.31
lyon,100000,5227.319
lyon,100000,5227.324
lyon,100000,5227.3286
lyon,100000,5250.283
lyon,100000,5250.317
lyon,100000,5250.3286
lyon,100000,5250.3384
lyon,100000,5250.3887
lyon,100000,5250.4
lyon,100000,5250.4106
lyon,100000,5250.42
lyon,100000,5250.43
lyon,100000,5273.2754
lyon,100000,5273.312
lyon,100000,5273.324
lyon,100000,5273.3335
lyon,100000,5273.3438
lyon,100000,5273.353
lyon,100000,5273.364
lyon,100000,5273.373
lyon,100000,5273.383
lyon,100000,5296.018
lyon,100000,5296.0527
lyon,100000,5296.0645
lyon,100000,5296.0737
lyon,100000,5296.0835
lyon,100000,5296.093
lyon,100000,5296.1035
lyon,100000,5296.113
lyon,100000,5296.1226
lyon,100000,5318.9883
lyon,100000,5319.023
lyon,100000,5319.085
lyon,100000,5319.097
lyon,100000,5319.1064
lyon,100000,5319.1167
nancy,100000,5142.5356
nancy,100000,5142.553
nancy,100000,5142.5586
nancy,100000,5142.568
nancy,100000,5142.5713
nancy,100000,5142.5747
nancy,100000,5142.5796
nancy,100000,5142.583
nancy,100000,5142.5864
nancy,100000,5165.375
nancy,100000,5165.426
nancy,100000,5165.4404
nancy,100000,5165.4517
nancy,100000,5165.462
nancy,100000,5165.4727
nancy,100000,5165.4834
nancy,100000,5165.4937
nancy,100000,5165.505
nancy,100000,5188.496
nancy,100000,5188.5493
nancy,100000,5188.564
nancy,100000,5188.5737
nancy,100000,5188.5884
nancy,100000,5188.5986
nancy,100000,5188.6562
nancy,100000,5188.6675
nancy,100000,5188.6826
nancy,100000,5211.578
nancy,100000,5211.6196
nancy,100000,5211.644
nancy,100000,5211.6562
nancy,100000,5211.667
nancy,100000,5211.6904
nancy,100000,5211.694
nancy,100000,5211.6973
nancy,100000,5211.7065
nancy,100000,5234.5503
nancy,100000,5234.593
nancy,100000,5234.6074
nancy,100000,5234.629
nancy,100000,5234.64
nancy,100000,5234.658
nancy,100000,5234.6636
nancy,100000,5234.6665
nancy,100000,5234.67
nancy,100000,5257.595
nancy,100000,5257.637
nancy,100000,5257.6514
nancy,100000,5257.6626
nancy,100000,5257.7153
nancy,100000,5257.728
nancy,100000,5257.738
nancy,100000,5257.7476
nancy,100000,5257.7593
nancy,100000,5280.567
nancy,100000,5280.6084
nancy,100000,5280.614
nancy,100000,5280.6177
nancy,100000,5280.6216
nancy,100000,5280.6255
nancy,100000,5280.6294
nancy,100000,5280.6323
nancy,100000,5280.636
nancy,100000,5303.3086
nancy,100000,5303.3516
nancy,100000,5303.3657
nancy,100000,5303.376
nancy,100000,5303.387
nancy,100000,5303.398
nancy,100000,5303.4087
nancy,100000,5303.4185
nancy,100000,5303.43
nancy,100000,5326.2773
nancy,100000,5326.32
nancy,100000,5326.375
nancy,100000,5326.388
nancy,100000,5326.399
nancy,100000,5326.409
lyon,100000,5048.3374
lyon,100000,5048.3643
lyon,100000,5048.371
lyon,100000,5048.3765
lyon,100000,5048.382
lyon,100000,5048.387
lyon,100000,5048.392
lyon,100000,5048.3975
lyon,100000,5048.403
lyon,100000,5071.4707
lyon,100000,5071.518
lyon,100000,5071.531
lyon,100000,5071.541
lyon,100000,5071.555
lyon,100000,5071.5654
lyon,100000,5071.616
lyon,100000,5071.624
lyon,100000,5071.6333
lyon,100000,5094.5127
lyon,100000,5094.533
lyon,100000,5094.5464
lyon,100000,5094.552
lyon,100000,5094.556
lyon,100000,5094.5645
lyon,100000,5094.5693
lyon,100000,5094.574
lyon,100000,5094.5903
lyon,100000,5117.4697
lyon,100000,5117.5063
lyon,100000,5117.5186
lyon,100000,5117.539
lyon,100000,5117.549
lyon,100000,5117.559
lyon,100000,5117.574
lyon,100000,5117.584
lyon,100000,5117.594
lyon,100000,5140.5347
lyon,100000,5140.5547
lyon,100000,5140.5615
lyon,100000,5140.5664
lyon,100000,5140.5947
lyon,100000,5140.602
lyon,100000,5140.623
lyon,100000,5140.629
lyon,100000,5140.634
lyon,100000,5163.5107
lyon,100000,5163.546
lyon,100000,5163.559
lyon,100000,5163.569
lyon,100000,5163.579
lyon,100000,5163.589
lyon,100000,5163.6
lyon,100000,5163.61
lyon,100000,5163.62
lyon,100000,5186.255
lyon,100000,5186.292
lyon,100000,5186.305
lyon,100000,5186.315
lyon,100000,5186.325
lyon,100000,5186.3345
lyon,100000,5186.3457
lyon,100000,5186.355
lyon,100000,5186.3647
lyon,100000,5209.2344
lyon,100000,5209.2544
lyon,100000,5209.2856
lyon,100000,5209.31
lyon,100000,5209.3164
lyon,100000,5209.321
lyon,100000,5054.5015
lyon,100000,5054.5356
lyon,100000,5054.5483
lyon,100000,5054.5576
lyon,100000,5054.5674
lyon,100000,5054.5767
lyon,100000,5054.587
lyon,100000,5054.5957
lyon,100000,5054.605
lyon,100000,5077.6396
lyon,100000,5077.698
lyon,100000,5077.7227
lyon,100000,5077.751
lyon,100000,5077.7666
lyon,100000,5077.776
lyon,100000,5077.815
lyon,100000,5077.828
lyon,100000,5077.8433
lyon,100000,5100.6685
lyon,100000,5100.6943
lyon,100000,5100.716
lyon,100000,5100.7256
lyon,100000,5100.735
lyon,100000,5100.7495
lyon,100000,5100.759
lyon,100000,5100.7676
lyon,100000,5100.791
lyon,100000,5123.6377
lyon,100000,5123.6836
lyon,100000,5123.7065
lyon,100000,5123.74
lyon,100000,5123.759
lyon,100000,5123.7764
lyon,100000,5123.803
lyon,100000,5123.8213
lyon,100000,5123.8384
lyon,100000,5146.667
lyon,100000,5146.702
lyon,100000,5146.7153
lyon,100000,5146.7246
lyon,100000,5146.7803
lyon,100000,5146.7925
lyon,100000,5146.801
lyon,100000,5146.81
lyon,100000,5146.8193
lyon,100000,5169.6777
lyon,100000,5169.7236
lyon,100000,5169.7476
lyon,100000,5169.7666
lyon,100000,5169.784
lyon,100000,5169.802
lyon,100000,5169.82
lyon,100000,5169.8384
lyon,100000,5169.8555
lyon,100000,5192.4233
lyon,100000,5192.4688
lyon,100000,5192.4927
lyon,100000,5192.5117
lyon,100000,5192.53
lyon,100000,5192.5586
lyon,100000,5192.5684
lyon,100000,5192.595
lyon,100000,5192.604
lyon,100000,5215.39
lyon,100000,5215.416
lyon,100000,5215.4766
lyon,100000,5215.4883
lyon,100000,5215.4976
lyon,100000,5215.5063
lyon,100000,5036.5566
lyon,100000,5036.5776
lyon,100000,5036.5845
lyon,100000,5036.597
lyon,100000,5036.6035
lyon,100000,5036.6094
lyon,100000,5036.6177
lyon,100000,5036.623
lyon,100000,5036.628
lyon,100000,5059.5327
lyon,100000,5059.5605
lyon,100000,5059.568
lyon,100000,5059.5728
lyon,100000,5059.578
lyon,100000,5059.5825
lyon,100000,5059.588
lyon,100000,5059.5933
lyon,100000,5059.598
lyon,100000,5082.6675
lyon,100000,5082.713
lyon,100000,5082.7256
lyon,100000,5082.7354
lyon,100000,5082.75
lyon,100000,5082.7593
lyon,100000,5082.812
lyon,100000,5082.8193
lyon,100000,5082.828
lyon,100000,5105.7085
lyon,100000,5105.728
lyon,100000,5105.7427
lyon,100000,5105.7476
lyon,100000,5105.7524
lyon,100000,5105.7607
lyon,100000,5105.765
lyon,100000,5105.77
lyon,100000,5105.788
lyon,100000,5128.666
lyon,100000,5128.7
lyon,100000,5128.713
lyon,100000,5128.7334
lyon,100000,5128.743
lyon,100000,5128.753
lyon,100000,5128.7676
lyon,100000,5128.778
lyon,100000,5128.787
lyon,100000,5151.7
lyon,100000,5151.7314
lyon,100000,5151.7393
lyon,100000,5151.7437
lyon,100000,5151.773
lyon,100000,5151.7803
lyon,100000,5151.785
lyon,100000,5151.79
lyon,100000,5151.7954
lyon,100000,5174.708
lyon,100000,5174.745
lyon,100000,5174.7563
lyon,100000,5174.766
lyon,100000,5174.776
lyon,100000,5174.785
lyon,100000,5174.7944
lyon,100000,5174.805
lyon,100000,5174.8145
lyon,100000,5197.4517
lyon,100000,5197.489
lyon,100000,5197.501
lyon,100000,5197.511
lyon,100000,5197.5205
lyon,100000,5197.5303
lyon,100000,5197.54
lyon,100000,5197.55
lyon,100000,5197.56
lyon,100000,5220.4224
lyon,100000,5220.4434
lyon,100000,5220.4746
lyon,100000,5220.4814
lyon,100000,5220.4863
lyon,100000,5220.5073
lyon,100000,5066.47
lyon,100000,5066.505
lyon,100000,5066.517
lyon,100000,5066.527
lyon,100000,5066.5366
lyon,100000,5066.546
lyon,100000,5066.5547
lyon,100000,5066.5645
lyon,100000,5066.5737
lyon,100000,5089.609
lyon,100000,5089.6675
lyon,100000,5089.6914
lyon,100000,5089.72
lyon,100000,5089.7354
lyon,100000,5089.745
lyon,100000,5089.784
lyon,100000,5089.797
lyon,100000,5089.812
lyon,100000,5112.6377
lyon,100000,5112.6626
lyon,100000,5112.684
lyon,100000,5112.695
lyon,100000,5112.7036
lyon,100000,5112.7183
lyon,100000,5112.728
lyon,100000,5112.737
lyon,100000,5112.76
lyon,100000,5135.6064
lyon,100000,5135.652
lyon,100000,5135.6753
lyon,100000,5135.709
lyon,100000,5135.7275
lyon,100000,5135.7456
lyon,100000,5135.772
lyon,100000,5135.789
lyon,100000,5135.8076
lyon,100000,5158.6357
lyon,100000,5158.671
lyon,100000,5158.6836
lyon,100000,5158.694
lyon,100000,5158.7495
lyon,100000,5158.761
lyon,100000,5158.77
lyon,100000,5158.7793
lyon,100000,5158.7876
lyon,100000,5181.647
lyon,100000,5181.6924
lyon,100000,5181.7163
lyon,100000,5181.735
lyon,100000,5181.753
lyon,100000,5181.7705
lyon,100000,5181.7886
lyon,100000,5181.806
lyon,100000,5181.825
lyon,100000,5204.3926
lyon,100000,5204.4375
lyon,100000,5204.4614
lyon,100000,5204.4805
lyon,100000,5204.4985
lyon,100000,5204.528
lyon,100000,5204.537
lyon,100000,5204.5635
lyon,100000,5204.5728
lyon,100000,5227.3594
lyon,100000,5227.3853
lyon,100000,5227.446
lyon,100000,5227.4575
lyon,100000,5227.467
lyon,100000,5227.4756
lyon,100000,5048.765
lyon,100000,5048.803
lyon,100000,5048.81
lyon,100000,5048.823
lyon,100000,5048.8286
lyon,100000,5048.834
lyon,100000,5048.842
lyon,100000,5048.8477
lyon,100000,5048.8525
lyon,100000,5071.755
lyon,100000,5071.7827
lyon,100000,5071.7896
lyon,100000,5071.7944
lyon,100000,5071.8003
lyon,100000,5071.805
lyon,100000,5071.81
lyon,100000,5071.8154
lyon,100000,5071.8203
lyon,100000,5094.8813
lyon,100000,5094.9287
lyon,100000,5094.9404
lyon,100000,5094.95
lyon,100000,5094.965
lyon,100000,5094.9756
lyon,100000,5095.0312
lyon,100000,5095.0396
lyon,100000,5095.0474
lyon,100000,5117.9253
lyon,100000,5117.947
lyon,100000,5117.9604
lyon,100000,5117.9653
lyon,100000,5117.9707
lyon,100000,5117.978
lyon,100000,5117.983
lyon,100000,5117.988
lyon,100000,5118.002
lyon,100000,5140.879
lyon,100000,5140.914
lyon,100000,5140.9263
lyon,100000,5140.9473
lyon,100000,5140.957
lyon,100000,5140.9663
lyon,100000,5140.9814
lyon,100000,5140.9917
lyon,100000,5141.0015
lyon,100000,5163.9243
lyon,100000,5163.946
lyon,100000,5163.961
lyon,100000,5163.967
lyon,100000,5163.9956
lyon,100000,5164.0034
lyon,100000,5164.0083
lyon,100000,5164.0127
lyon,100000,5164.018
lyon,100000,5186.9214
lyon,100000,5186.957
lyon,100000,5186.969
lyon,100000,5186.979
lyon,100000,5186.9883
lyon,100000,5186.9995
lyon,100000,5187.0093
lyon,100000,5187.019
lyon,100000,5187.029
lyon,100000,5209.665
lyon,100000,5209.7007
lyon,100000,5209.7124
lyon,100000,5209.722
lyon,100000,5209.732
lyon,100000,5209.742
lyon,100000,5209.7515
lyon,100000,5209.7617
lyon,100000,5209.771
lyon,100000,5232.6475
lyon,100000,5232.669
lyon,100000,5232.699
lyon,100000,5232.706
lyon,100000,5232.711
lyon,100000,5232.7163
lyon,100000,5029.827
lyon,100000,5029.8706
lyon,100000,5029.891
lyon,100000,5029.923
lyon,100000,5029.941
lyon,100000,5029.959
lyon,100000,5029.9917
lyon,100000,5030.0195
lyon,100000,5030.0283
lyon,100000,5052.787
lyon,100000,5052.8447
lyon,100000,5052.8667
lyon,100000,5052.885
lyon,100000,5052.902
lyon,100000,5052.92
lyon,100000,5052.937
lyon,100000,5052.9536
lyon,100000,5052.971
lyon,100000,5075.877
lyon,100000,5075.9116
lyon,100000,5075.923
lyon,100000,5075.9316
lyon,100000,5075.946
lyon,100000,5075.9556
lyon,100000,5075.964
lyon,100000,5075.9976
lyon,100000,5076.0117
lyon,100000,5098.9453
lyon,100000,5098.9717
lyon,100000,5098.992
lyon,100000,5099.002
lyon,100000,5099.0107
lyon,100000,5099.0254
lyon,100000,5099.0347
lyon,100000,5099.0435
lyon,100000,5099.0664
lyon,100000,5121.9033
lyon,100000,5121.948
lyon,100000,5121.9697
lyon,100000,5122.013
lyon,100000,5122.022
lyon,100000,5122.0303
lyon,100000,5122.045
lyon,100000,5122.0547
lyon,100000,5122.0625
lyon,100000,5144.928
lyon,100000,5144.953
lyon,100000,5144.965
lyon,100000,5144.9736
lyon,100000,5145.0107
lyon,100000,5145.037
lyon,100000,5145.0464
lyon,100000,5145.054
lyon,100000,5145.0625
lyon,100000,5167.9526
lyon,100000,5167.979
lyon,100000,5167.9917
lyon,100000,5168.001
lyon,100000,5168.0103
lyon,100000,5168.0195
lyon,100000,5168.0293
lyon,100000,5168.038
lyon,100000,5168.047
lyon,100000,5190.702
lyon,100000,5190.748
lyon,100000,5190.7695
lyon,100000,5190.787
lyon,100000,5190.8057
lyon,100000,5190.8228
lyon,100000,5190.839
lyon,100000,5190.857
lyon,100000,5190.8843
lyon,100000,5213.6494
lyon,100000,5213.6943
lyon,100000,5213.773
lyon,100000,5213.785
lyon,100000,5213.794
lyon,100000,5213.8022
lyon,100000,5035.985
lyon,100000,5036.0283
lyon,100000,5036.0493
lyon,100000,5036.081
lyon,100000,5036.0986
lyon,100000,5036.117
lyon,100000,5036.1494
lyon,100000,5036.1777
lyon,100000,5036.186
lyon,100000,5058.946
lyon,100000,5059.0024
lyon,100000,5059.025
lyon,100000,5059.0425
lyon,100000,5059.0596
lyon,100000,5059.078
lyon,100000,5059.095
lyon,100000,5059.1123
lyon,100000,5059.1294
lyon,100000,5082.035
lyon,100000,5082.0693
lyon,100000,5082.081
lyon,100000,5082.0894
lyon,100000,5082.104
lyon,100000,5082.114
lyon,100000,5082.1533
lyon,100000,5082.166
lyon,100000,5082.1797
lyon,100000,5105.1035
lyon,100000,5105.13
lyon,100000,5105.151
lyon,100000,5105.16
lyon,100000,5105.169
lyon,100000,5105.184
lyon,100000,5105.1924
lyon,100000,5105.201
lyon,100000,5105.224
lyon,100000,5128.0615
lyon,100000,5128.106
lyon,100000,5128.1274
lyon,100000,5128.175
lyon,100000,5128.183
lyon,100000,5128.1914
lyon,100000,5128.204
lyon,100000,5128.2124
lyon,100000,5128.221
lyon,100000,5151.0864
lyon,100000,5151.112
lyon,100000,5151.1226
lyon,100000,5151.132
lyon,100000,5151.1694
lyon,100000,5151.196
lyon,100000,5151.204
lyon,100000,5151.2124
lyon,100000,5151.2207
lyon,100000,5174.111
lyon,100000,5174.1377
lyon,100000,5174.1494
lyon,100000,5174.1597
lyon,100000,5174.168
lyon,100000,5174.178
lyon,100000,5174.187
lyon,100000,5174.196
lyon,100000,5174.2046
lyon,100000,5196.8604
lyon,100000,5196.9062
lyon,100000,5196.9277
lyon,100000,5196.946
lyon,100000,5196.9634
lyon,100000,5196.981
lyon,100000,5196.998
lyon,100000,5197.0146
lyon,100000,5197.0425
lyon,100000,5219.8076
lyon,100000,5219.8525
lyon,100000,5219.935
lyon,100000,5219.944
lyon,100000,5219.9517
lyon,100000,5219.9604
lyon,100000,5040.8037
lyon,100000,5040.8384
lyon,100000,5040.85
lyon,100000,5040.8716
lyon,100000,5040.882
lyon,100000,5040.8916
lyon,100000,5040.9077
lyon,100000,5040.918
lyon,100000,5040.9443
lyon,100000,5063.7627
lyon,100000,5063.808
lyon,100000,5063.8203
lyon,100000,5063.83
lyon,100000,5063.84
lyon,100000,5063.8496
lyon,100000,5063.8594
lyon,100000,5063.8687
lyon,100000,5063.878
lyon,100000,5086.8486
lyon,100000,5086.876
lyon,100000,5086.883
lyon,100000,5086.887
lyon,100000,5086.896
lyon,100000,5086.9014
lyon,100000,5086.9307
lyon,100000,5086.9375
lyon,100000,5086.946
lyon,100000,5109.916
lyon,100000,5109.937
lyon,100000,5109.951
lyon,100000,5109.9556
lyon,100000,5109.961
lyon,100000,5109.9697
lyon,100000,5109.975
lyon,100000,5109.98
lyon,100000,5109.996
lyon,100000,5132.8794
lyon,100000,5132.914
lyon,100000,5132.926
lyon,100000,5132.9463
lyon,100000,5132.956
lyon,100000,5132.9785
lyon,100000,5132.987
lyon,100000,5132.992
lyon,100000,5132.997
lyon,100000,5155.901
lyon,100000,5155.9224
lyon,100000,5155.929
lyon,100000,5155.9346
lyon,100000,5155.962
lyon,100000,5155.9688
lyon,100000,5155.9746
lyon,100000,5155.979
lyon,100000,5156.0
lyon,100000,5178.9233
lyon,100000,5178.945
lyon,100000,5178.9517
lyon,100000,5178.957
lyon,100000,5178.962
lyon,100000,5178.967
lyon,100000,5178.972
lyon,100000,5178.977
lyon,100000,5178.982
lyon,100000,5201.667
lyon,100000,5201.7017
lyon,100000,5201.714
lyon,100000,5201.724
lyon,100000,5201.734
lyon,100000,5201.743
lyon,100000,5201.7524
lyon,100000,5201.763
lyon,100000,5201.7725
lyon,100000,5224.626
lyon,100000,5224.661
lyon,100000,5224.729
lyon,100000,5224.7363
lyon,100000,5224.7417
lyon,100000,5224.746
lyon,100000,5047.406
lyon,100000,5047.4395
lyon,100000,5047.451
lyon,100000,5047.472
lyon,100000,5047.4814
lyon,100000,5047.491
lyon,100000,5047.5054
lyon,100000,5047.515
lyon,100000,5047.5244
lyon,100000,5070.364
lyon,100000,5070.4097
lyon,100000,5070.4224
lyon,100000,5070.432
lyon,100000,5070.442
lyon,100000,5070.4517
lyon,100000,5070.4624
lyon,100000,5070.4717
lyon,100000,5070.4814
lyon,100000,5093.4507
lyon,100000,5093.477
lyon,100000,5093.4844
lyon,100000,5093.4893
lyon,100000,5093.4976
lyon,100000,5093.503
lyon,100000,5093.5347
lyon,100000,5093.5415
lyon,100000,5093.5503
lyon,100000,5116.5186
lyon,100000,5116.539
lyon,100000,5116.553
lyon,100000,5116.5586
lyon,100000,5116.5635
lyon,100000,5116.5713
lyon,100000,5116.5767
lyon,100000,5116.5815
lyon,100000,5116.596
lyon,100000,5139.4805
lyon,100000,5139.517
lyon,100000,5139.531
lyon,100000,5139.552
lyon,100000,5139.577
lyon,100000,5139.5835
lyon,100000,5139.5913
lyon,100000,5139.597
lyon,100000,5139.602
lyon,100000,5162.504
lyon,100000,5162.525
lyon,100000,5162.5312
lyon,100000,5162.5366
lyon,100000,5162.5664
lyon,100000,5162.573
lyon,100000,5162.578
lyon,100000,5162.599
lyon,100000,5162.6045
lyon,100000,5185.524
lyon,100000,5185.5444
lyon,100000,5185.5513
lyon,100000,5185.5566
lyon,100000,5185.5615
lyon,100000,5185.567
lyon,100000,5185.5728
lyon,100000,5185.5776
lyon,100000,5185.5825
lyon,100000,5208.2695
lyon,100000,5208.306
lyon,100000,5208.32
lyon,100000,5208.3296
lyon,100000,5208.34
lyon,100000,5208.349
lyon,100000,5208.359
lyon,100000,5208.369
lyon,100000,5208.379
lyon,100000,5231.2285
lyon,100000,5231.2637
lyon,100000,5231.3306
lyon,100000,5231.337
lyon,100000,5231.342
lyon,100000,5231.347
lyon,100000,5164.4287
lyon,100000,5164.474
lyon,100000,5164.486
lyon,100000,5164.496
lyon,100000,5164.5054
lyon,100000,5164.515
lyon,100000,5164.525
lyon,100000,5164.5347
lyon,100000,5164.544
lyon,100000,5187.5625
lyon,100000,5187.5903
lyon,100000,5187.5967
lyon,100000,5187.6016
lyon,100000,5187.61
lyon,100000,5187.6143
lyon,100000,5187.644
lyon,100000,5187.651
lyon,100000,5187.658
lyon,100000,5210.6123
lyon,100000,5210.634
lyon,100000,5210.646
lyon,100000,5210.6514
lyon,100000,5210.6562
lyon,100000,5210.663
lyon,100000,5210.668
lyon,100000,5210.6733
lyon,100000,5210.6875
lyon,100000,5233.5723
lyon,100000,5233.5938
lyon,100000,5233.6
lyon,100000,5233.612
lyon,100000,5233.616
lyon,100000,5233.621
lyon,100000,5233.629
lyon,100000,5233.6333
lyon,100000,5233.638
lyon,100000,5256.6025
lyon,100000,5256.6367
lyon,100000,5256.6484
lyon,100000,5256.658
lyon,100000,5256.707
lyon,100000,5256.7188
lyon,100000,5256.7285
lyon,100000,5256.738
lyon,100000,5256.748
lyon,100000,5279.596
lyon,100000,5279.633
lyon,100000,5279.645
lyon,100000,5279.6543
lyon,100000,5279.664
lyon,100000,5279.6733
lyon,100000,5279.6846
lyon,100000,5279.694
lyon,100000,5279.7036
lyon,100000,5302.3384
lyon,100000,5302.375
lyon,100000,5302.386
lyon,100000,5302.396
lyon,100000,5302.4053
lyon,100000,5302.4146
lyon,100000,5302.424
lyon,100000,5302.4355
lyon,100000,5302.4443
lyon,100000,5325.308
lyon,100000,5325.3438
lyon,100000,5325.3945
lyon,100000,5325.4062
lyon,100000,5325.4155
lyon,100000,5325.426
lyon,100000,5076.0034
lyon,100000,5076.0503
lyon,100000,5076.0625
lyon,100000,5076.073
lyon,100000,5076.083
lyon,100000,5076.0933
lyon,100000,5076.1025
lyon,100000,5076.113
lyon,100000,5076.123
lyon,100000,5099.148
lyon,100000,5099.175
lyon,100000,5099.1816
lyon,100000,5099.1865
lyon,100000,5099.195
lyon,100000,5099.1997
lyon,100000,5099.2314
lyon,100000,5099.238
lyon,100000,5099.247
lyon,100000,5122.202
lyon,100000,5122.2227
lyon,100000,5122.236
lyon,100000,5122.2417
lyon,100000,5122.246
lyon,100000,5122.255
lyon,100000,5122.2603
lyon,100000,5122.265
lyon,100000,5122.283
lyon,100000,5145.158
lyon,100000,5145.1943
lyon,100000,5145.207
lyon,100000,5145.228
lyon,100000,5145.253
lyon,100000,5145.259
lyon,100000,5145.268
lyon,100000,5145.273
lyon,100000,5145.2773
lyon,100000,5168.1777
lyon,100000,5168.1987
lyon,100000,5168.205
lyon,100000,5168.2104
lyon,100000,5168.241
lyon,100000,5168.248
lyon,100000,5168.254
lyon,100000,5168.259
lyon,100000,5168.28
lyon,100000,5191.2
lyon,100000,5191.2207
lyon,100000,5191.228
lyon,100000,5191.2334
lyon,100000,5191.2383
lyon,100000,5191.243
lyon,100000,5191.249
lyon,100000,5191.254
lyon,100000,5191.259
lyon,100000,5213.944
lyon,100000,5213.981
lyon,100000,5213.9937
lyon,100000,5214.004
lyon,100000,5214.014
lyon,100000,5214.0234
lyon,100000,5214.034
lyon,100000,5214.0435
lyon,100000,5214.054
lyon,100000,5236.9033
lyon,100000,5236.9385
lyon,100000,5237.092
lyon,100000,5237.0996
lyon,100000,5237.105
lyon,100000,5237.1104
rennes,100000,5048.7646
rennes,100000,5048.8003
rennes,100000,5048.8125
rennes,100000,5048.8335
rennes,100000,5048.8433
rennes,100000,5048.8535
rennes,100000,5048.868
rennes,100000,5048.879
rennes,100000,5048.888
rennes,100000,5071.617
rennes,100000,5071.645
rennes,100000,5071.6514
rennes,100000,5071.6567
rennes,100000,5071.6616
rennes,100000,5071.666
rennes,100000,5071.6714
rennes,100000,5071.6763
rennes,100000,5071.681
rennes,100000,5094.8047
rennes,100000,5094.831
rennes,100000,5094.838
rennes,100000,5094.8423
rennes,100000,5094.85
rennes,100000,5094.855
rennes,100000,5094.885
rennes,100000,5094.893
rennes,100000,5094.9014
rennes,100000,5117.8066
rennes,100000,5117.826
rennes,100000,5117.839
rennes,100000,5117.8438
rennes,100000,5117.8486
rennes,100000,5117.856
rennes,100000,5117.8613
rennes,100000,5117.8657
rennes,100000,5117.883
rennes,100000,5140.797
rennes,100000,5140.841
rennes,100000,5140.848
rennes,100000,5140.86
rennes,100000,5140.8647
rennes,100000,5140.8696
rennes,100000,5140.878
rennes,100000,5140.8823
rennes,100000,5140.8867
rennes,100000,5163.8384
rennes,100000,5163.8594
rennes,100000,5163.8657
rennes,100000,5163.87
rennes,100000,5163.898
rennes,100000,5163.906
rennes,100000,5163.9106
rennes,100000,5163.915
rennes,100000,5163.92
rennes,100000,5186.8286
rennes,100000,5186.8496
rennes,100000,5186.8564
rennes,100000,5186.861
rennes,100000,5186.8657
rennes,100000,5186.87
rennes,100000,5186.8755
rennes,100000,5186.88
rennes,100000,5186.885
rennes,100000,5209.5674
rennes,100000,5209.5884
rennes,100000,5209.5947
rennes,100000,5209.5996
rennes,100000,5209.6045
rennes,100000,5209.609
rennes,100000,5209.6143
rennes,100000,5209.6187
rennes,100000,5209.6235
rennes,100000,5232.5054
rennes,100000,5232.5425
rennes,100000,5232.596
rennes,100000,5232.611
rennes,100000,5232.6206
rennes,100000,5232.6313
rennes,100000,5053.3086
rennes,100000,5053.343
rennes,100000,5053.355
rennes,100000,5053.3755
rennes,100000,5053.3853
rennes,100000,5053.3955
rennes,100000,5053.4106
rennes,100000,5053.42
rennes,100000,5053.43
rennes,100000,5076.1616
rennes,100000,5076.188
rennes,100000,5076.195
rennes,100000,5076.1997
rennes,100000,5076.204
rennes,100000,5076.209
rennes,100000,5076.214
rennes,100000,5076.219
rennes,100000,5076.224
rennes,100000,5099.347
rennes,100000,5099.3833
rennes,100000,5099.39
rennes,100000,5099.395
rennes,100000,5099.4023
rennes,100000,5099.407
rennes,100000,5099.412
rennes,100000,5099.44
rennes,100000,5099.453
rennes,100000,5122.346
rennes,100000,5122.3657
rennes,100000,5122.379
rennes,100000,5122.3843
rennes,100000,5122.388
rennes,100000,5122.3965
rennes,100000,5122.402
rennes,100000,5122.4062
rennes,100000,5122.4204
rennes,100000,5145.334
rennes,100000,5145.378
rennes,100000,5145.385
rennes,100000,5145.3965
rennes,100000,5145.402
rennes,100000,5145.4067
rennes,100000,5145.4185
rennes,100000,5145.4233
rennes,100000,5145.428
rennes,100000,5168.3823
rennes,100000,5168.4023
rennes,100000,5168.4077
rennes,100000,5168.4126
rennes,100000,5168.4424
rennes,100000,5168.4487
rennes,100000,5168.454
rennes,100000,5168.459
rennes,100000,5168.4766
rennes,100000,5191.3735
rennes,100000,5191.3936
rennes,100000,5191.3994
rennes,100000,5191.4043
rennes,100000,5191.4087
rennes,100000,5191.4136
rennes,100000,5191.4185
rennes,100000,5191.4233
rennes,100000,5191.428
rennes,100000,5214.111
rennes,100000,5214.131
rennes,100000,5214.137
rennes,100000,5214.1416
rennes,100000,5214.1465
rennes,100000,5214.1514
rennes,100000,5214.1562
rennes,100000,5214.1616
rennes,100000,5214.1655
rennes,100000,5237.051
rennes,100000,5237.0864
rennes,100000,5237.1396
rennes,100000,5237.1523
rennes,100000,5237.1626
rennes,100000,5237.1724
rennes,100000,5080.835
rennes,100000,5080.862
rennes,100000,5080.8687
rennes,100000,5080.8745
rennes,100000,5080.8804
rennes,100000,5080.885
rennes,100000,5080.89
rennes,100000,5080.8955
rennes,100000,5080.901
rennes,100000,5104.0205
rennes,100000,5104.0474
rennes,100000,5104.054
rennes,100000,5104.0586
rennes,100000,5104.066
rennes,100000,5104.0713
rennes,100000,5104.1523
rennes,100000,5104.1606
rennes,100000,5104.1694
rennes,100000,5127.031
rennes,100000,5127.0513
rennes,100000,5127.064
rennes,100000,5127.069
rennes,100000,5127.0737
rennes,100000,5127.0815
rennes,100000,5127.0864
rennes,100000,5127.0913
rennes,100000,5127.106
rennes,100000,5150.0073
rennes,100000,5150.043
rennes,100000,5150.065
rennes,100000,5150.076
rennes,100000,5150.081
rennes,100000,5150.0864
rennes,100000,5150.0938
rennes,100000,5150.0986
rennes,100000,5150.104
rennes,100000,5173.0557
rennes,100000,5173.0767
rennes,100000,5173.0835
rennes,100000,5173.088
rennes,100000,5173.116
rennes,100000,5173.124
rennes,100000,5173.1284
rennes,100000,5173.1333
rennes,100000,5173.1387
rennes,100000,5196.0464
rennes,100000,5196.068
rennes,100000,5196.075
rennes,100000,5196.0796
rennes,100000,5196.0854
rennes,100000,5196.0903
rennes,100000,5196.095
rennes,100000,5196.1
rennes,100000,5196.105
rennes,100000,5218.784
rennes,100000,5218.8057
rennes,100000,5218.812
rennes,100000,5218.8174
rennes,100000,5218.8228
rennes,100000,5218.8276
rennes,100000,5218.8325
rennes,100000,5218.8374
rennes,100000,5218.842
rennes,100000,5241.7217
rennes,100000,5241.7593
rennes,100000,5241.8125
rennes,100000,5241.826
rennes,100000,5241.8364
rennes,100000,5241.8467
rennes,100000,5063.133
rennes,100000,5063.1675
rennes,100000,5063.1797
rennes,100000,5063.201
rennes,100000,5063.211
rennes,100000,5063.221
rennes,100000,5063.237
rennes,100000,5063.2466
rennes,100000,5063.257
rennes,100000,5085.994
rennes,100000,5086.022
rennes,100000,5086.0293
rennes,100000,5086.034
rennes,100000,5086.039
rennes,100000,5086.044
rennes,100000,5086.0483
rennes,100000,5086.0537
rennes,100000,5086.0586
rennes,100000,5109.1743
rennes,100000,5109.201
rennes,100000,5109.2075
rennes,100000,5109.2124
rennes,100000,5109.2207
rennes,100000,5109.225
rennes,100000,5109.2617
rennes,100000,5109.269
rennes,100000,5109.279
rennes,100000,5132.176
rennes,100000,5132.1963
rennes,100000,5132.21
rennes,100000,5132.2153
rennes,100000,5132.2197
rennes,100000,5132.228
rennes,100000,5132.233
rennes,100000,5132.2373
rennes,100000,5132.2534
rennes,100000,5155.1655
rennes,100000,5155.2095
rennes,100000,5155.2163
rennes,100000,5155.2285
rennes,100000,5155.2334
rennes,100000,5155.2383
rennes,100000,5155.2466
rennes,100000,5155.252
rennes,100000,5155.257
rennes,100000,5178.2144
rennes,100000,5178.2344
rennes,100000,5178.2407
rennes,100000,5178.2456
rennes,100000,5178.275
rennes,100000,5178.2827
rennes,100000,5178.2876
rennes,100000,5178.293
rennes,100000,5178.3105
rennes,100000,5201.2065
rennes,100000,5201.227
rennes,100000,5201.2334
rennes,100000,5201.2383
rennes,100000,5201.2427
rennes,100000,5201.247
rennes,100000,5201.252
rennes,100000,5201.2573
rennes,100000,5201.2617
rennes,100000,5223.922
rennes,100000,5223.9434
rennes,100000,5223.95
rennes,100000,5223.9556
rennes,100000,5223.96
rennes,100000,5223.965
rennes,100000,5223.969
rennes,100000,5223.974
rennes,100000,5223.9785
rennes,100000,5246.875
rennes,100000,5246.9106
rennes,100000,5246.9644
rennes,100000,5246.9785
rennes,100000,5246.9883
rennes,100000,5246.999
rennes,100000,5090.6943
rennes,100000,5090.721
rennes,100000,5090.7285
rennes,100000,5090.7334
rennes,100000,5090.7383
rennes,100000,5090.743
rennes,100000,5090.748
rennes,100000,5090.7534
rennes,100000,5090.759
rennes,100000,5113.861
rennes,100000,5113.902
rennes,100000,5113.909
rennes,100000,5113.914
rennes,100000,5113.922
rennes,100000,5113.9272
rennes,100000,5113.954
rennes,100000,5113.9614
rennes,100000,5113.9697
rennes,100000,5136.885
rennes,100000,5136.906
rennes,100000,5136.9185
rennes,100000,5136.924
rennes,100000,5136.9287
rennes,100000,5136.936
rennes,100000,5136.941
rennes,100000,5136.9453
rennes,100000,5136.96
rennes,100000,5159.857
rennes,100000,5159.8916
rennes,100000,5159.904
rennes,100000,5159.935
rennes,100000,5159.9404
rennes,100000,5159.945
rennes,100000,5159.953
rennes,100000,5159.958
rennes,100000,5159.963
rennes,100000,5182.916
rennes,100000,5182.9365
rennes,100000,5182.943
rennes,100000,5182.9487
rennes,100000,5182.977
rennes,100000,5182.9844
rennes,100000,5182.9893
rennes,100000,5182.994
rennes,100000,5182.999
rennes,100000,5205.9067
rennes,100000,5205.9277
rennes,100000,5205.9346
rennes,100000,5205.9395
rennes,100000,5205.944
rennes,100000,5205.9487
rennes,100000,5205.9536
rennes,100000,5205.9585
rennes,100000,5205.963
rennes,100000,5228.6445
rennes,100000,5228.6655
rennes,100000,5228.672
rennes,100000,5228.6772
rennes,100000,5228.682
rennes,100000,5228.687
rennes,100000,5228.6914
rennes,100000,5228.696
rennes,100000,5228.701
rennes,100000,5251.567
rennes,100000,5251.602
rennes,100000,5251.6533
rennes,100000,5251.667
rennes,100000,5251.6772
rennes,100000,5251.687
nantes,100000,4987.0815
nantes,100000,4987.1104
nantes,100000,4987.1216
nantes,100000,4987.14
nantes,100000,4987.151
nantes,100000,4987.1587
nantes,100000,4987.1694
nantes,100000,4987.174
nantes,100000,4987.179
nantes,100000,5010.0234
nantes,100000,5010.058
nantes,100000,5010.07
nantes,100000,5010.079
nantes,100000,5010.0884
nantes,100000,5010.0957
nantes,100000,5010.101
nantes,100000,5010.1055
nantes,100000,5010.111
nantes,100000,5033.2207
nantes,100000,5033.2783
nantes,100000,5033.2896
nantes,100000,5033.2983
nantes,100000,5033.312
nantes,100000,5033.321
nantes,100000,5033.328
nantes,100000,5033.36
nantes,100000,5033.3726
nantes,100000,5056.2534
nantes,100000,5056.3013
nantes,100000,5056.337
nantes,100000,5056.354
nantes,100000,5056.3716
nantes,100000,5056.392
nantes,100000,5056.4023
nantes,100000,5056.4116
nantes,100000,5056.437
nantes,100000,5079.1714
nantes,100000,5079.218
nantes,100000,5079.238
nantes,100000,5079.268
nantes,100000,5079.2866
nantes,100000,5079.2974
nantes,100000,5079.3164
nantes,100000,5079.326
nantes,100000,5079.3354
nantes,100000,5102.266
nantes,100000,5102.2935
nantes,100000,5102.305
nantes,100000,5102.3145
nantes,100000,5102.352
nantes,100000,5102.3613
nantes,100000,5102.366
nantes,100000,5102.37
nantes,100000,5102.375
nantes,100000,5125.183
nantes,100000,5125.231
nantes,100000,5125.251
nantes,100000,5125.268
nantes,100000,5125.284
nantes,100000,5125.301
nantes,100000,5125.3164
nantes,100000,5125.329
nantes,100000,5125.339
nantes,100000,5147.9766
nantes,100000,5148.025
nantes,100000,5148.0366
nantes,100000,5148.0454
nantes,100000,5148.055
nantes,100000,5148.0645
nantes,100000,5148.0723
nantes,100000,5148.0776
nantes,100000,5148.082
nantes,100000,5170.9346
nantes,100000,5170.983
nantes,100000,5171.046
nantes,100000,5171.06
nantes,100000,5171.0703
nantes,100000,5171.079
nantes,100000,5016.208
nantes,100000,5016.243
nantes,100000,5016.255
nantes,100000,5016.264
nantes,100000,5016.2734
nantes,100000,5016.2827
nantes,100000,5016.292
nantes,100000,5016.3003
nantes,100000,5016.31
nantes,100000,5039.4385
nantes,100000,5039.4736
nantes,100000,5039.4854
nantes,100000,5039.4946
nantes,100000,5039.5103
nantes,100000,5039.5195
nantes,100000,5039.561
nantes,100000,5039.572
nantes,100000,5039.603
nantes,100000,5062.466
nantes,100000,5062.5103
nantes,100000,5062.5464
nantes,100000,5062.5645
nantes,100000,5062.582
nantes,100000,5062.623
nantes,100000,5062.6313
nantes,100000,5062.6396
nantes,100000,5062.6626
nantes,100000,5085.382
nantes,100000,5085.427
nantes,100000,5085.448
nantes,100000,5085.4805
nantes,100000,5085.4976
nantes,100000,5085.516
nantes,100000,5085.5415
nantes,100000,5085.559
nantes,100000,5085.586
nantes,100000,5108.451
nantes,100000,5108.477
nantes,100000,5108.4893
nantes,100000,5108.499
nantes,100000,5108.5405
nantes,100000,5108.5522
nantes,100000,5108.561
nantes,100000,5108.57
nantes,100000,5108.579
nantes,100000,5131.3955
nantes,100000,5131.441
nantes,100000,5131.463
nantes,100000,5131.481
nantes,100000,5131.498
nantes,100000,5131.5166
nantes,100000,5131.5337
nantes,100000,5131.551
nantes,100000,5131.5684
nantes,100000,5154.1895
nantes,100000,5154.2163
nantes,100000,5154.2275
nantes,100000,5154.237
nantes,100000,5154.2466
nantes,100000,5154.256
nantes,100000,5154.2646
nantes,100000,5154.273
nantes,100000,5154.282
nantes,100000,5177.137
nantes,100000,5177.1826
nantes,100000,5177.2583
nantes,100000,5177.2793
nantes,100000,5177.298
nantes,100000,5177.3154
nantes,100000,5021.803
nantes,100000,5021.838
nantes,100000,5021.8496
nantes,100000,5021.86
nantes,100000,5021.868
nantes,100000,5021.878
nantes,100000,5021.886
nantes,100000,5021.8955
nantes,100000,5021.905
nantes,100000,5045.033
nantes,100000,5045.0684
nantes,100000,5045.08
nantes,100000,5045.0903
nantes,100000,5045.1074
nantes,100000,5045.115
nantes,100000,5045.155
nantes,100000,5045.167
nantes,100000,5045.198
nantes,100000,5068.0605
nantes,100000,5068.105
nantes,100000,5068.1416
nantes,100000,5068.1597
nantes,100000,5068.1772
nantes,100000,5068.2183
nantes,100000,5068.2266
nantes,100000,5068.2344
nantes,100000,5068.2573
nantes,100000,5090.977
nantes,100000,5091.0215
nantes,100000,5091.0435
nantes,100000,5091.075
nantes,100000,5091.0938
nantes,100000,5091.11
nantes,100000,5091.136
nantes,100000,5091.154
nantes,100000,5091.181
nantes,100000,5114.046
nantes,100000,5114.0723
nantes,100000,5114.085
nantes,100000,5114.0938
nantes,100000,5114.1357
nantes,100000,5114.147
nantes,100000,5114.1562
nantes,100000,5114.1655
nantes,100000,5114.174
nantes,100000,5136.9907
nantes,100000,5137.0356
nantes,100000,5137.058
nantes,100000,5137.076
nantes,100000,5137.0947
nantes,100000,5137.111
nantes,100000,5137.1284
nantes,100000,5137.146
nantes,100000,5137.163
nantes,100000,5159.7847
nantes,100000,5159.811
nantes,100000,5159.8228
nantes,100000,5159.833
nantes,100000,5159.8413
nantes,100000,5159.8506
nantes,100000,5159.86
nantes,100000,5159.868
nantes,100000,5159.8774
nantes,100000,5182.732
nantes,100000,5182.7773
nantes,100000,5182.853
nantes,100000,5182.8745
nantes,100000,5182.8926
nantes,100000,5182.9106
nantes,100000,5005.605
nantes,100000,5005.6255
nantes,100000,5005.633
nantes,100000,5005.6455
nantes,100000,5005.6523
nantes,100000,5005.6587
nantes,100000,5005.6675
nantes,100000,5005.6733
nantes,100000,5005.679
nantes,100000,5028.5444
nantes,100000,5028.571
nantes,100000,5028.5776
nantes,100000,5028.583
nantes,100000,5028.589
nantes,100000,5028.594
nantes,100000,5028.599
nantes,100000,5028.604
nantes,100000,5028.6094
nantes,100000,5051.767
nantes,100000,5051.794
nantes,100000,5051.801
nantes,100000,5051.806
nantes,100000,5051.814
nantes,100000,5051.82
nantes,100000,5051.8496
nantes,100000,5051.8564
nantes,100000,5051.8657
nantes,100000,5074.7964
nantes,100000,5074.8315
nantes,100000,5074.854
nantes,100000,5074.8643
nantes,100000,5074.8745
nantes,100000,5074.889
nantes,100000,5074.8994
nantes,100000,5074.9087
nantes,100000,5074.9355
nantes,100000,5097.7134
nantes,100000,5097.7495
nantes,100000,5097.762
nantes,100000,5097.7827
nantes,100000,5097.793
nantes,100000,5097.803
nantes,100000,5097.818
nantes,100000,5097.8276
nantes,100000,5097.8374
nantes,100000,5120.786
nantes,100000,5120.806
nantes,100000,5120.813
nantes,100000,5120.819
nantes,100000,5120.8496
nantes,100000,5120.857
nantes,100000,5120.8613
nantes,100000,5120.8667
nantes,100000,5120.872
nantes,100000,5143.7275
nantes,100000,5143.7637
nantes,100000,5143.776
nantes,100000,5143.786
nantes,100000,5143.7964
nantes,100000,5143.806
nantes,100000,5143.816
nantes,100000,5143.825
nantes,100000,5143.835
nantes,100000,5166.5225
nantes,100000,5166.543
nantes,100000,5166.55
nantes,100000,5166.5547
nantes,100000,5166.5605
nantes,100000,5166.566
nantes,100000,5166.571
nantes,100000,5166.575
nantes,100000,5166.58
nantes,100000,5189.476
nantes,100000,5189.5127
nantes,100000,5189.5645
nantes,100000,5189.576
nantes,100000,5189.587
nantes,100000,5189.5967
lyon,100000,5170.06
lyon,100000,5170.1064
lyon,100000,5170.1196
lyon,100000,5170.1294
lyon,100000,5170.138
lyon,100000,5170.1484
lyon,100000,5170.157
lyon,100000,5170.1665
lyon,100000,5170.1763
lyon,100000,5193.1904
lyon,100000,5193.2397
lyon,100000,5193.2476
lyon,100000,5193.252
lyon,100000,5193.2593
lyon,100000,5193.264
lyon,100000,5193.2915
lyon,100000,5193.2993
lyon,100000,5193.307
lyon,100000,5216.2373
lyon,100000,5216.2817
lyon,100000,5216.2964
lyon,100000,5216.301
lyon,100000,5216.3057
lyon,100000,5216.313
lyon,100000,5216.318
lyon,100000,5216.3223
lyon,100000,5216.3374
lyon,100000,5239.228
lyon,100000,5239.2485
lyon,100000,5239.2554
lyon,100000,5239.2676
lyon,100000,5239.272
lyon,100000,5239.277
lyon,100000,5239.2847
lyon,100000,5239.289
lyon,100000,5239.294
lyon,100000,5262.235
lyon,100000,5262.2715
lyon,100000,5262.284
lyon,100000,5262.2944
lyon,100000,5262.3555
lyon,100000,5262.3687
lyon,100000,5262.378
lyon,100000,5262.387
lyon,100000,5262.397
lyon,100000,5285.228
lyon,100000,5285.266
lyon,100000,5285.279
lyon,100000,5285.2886
lyon,100000,5285.298
lyon,100000,5285.307
lyon,100000,5285.3164
lyon,100000,5285.3257
lyon,100000,5285.3345
lyon,100000,5307.972
lyon,100000,5308.0093
lyon,100000,5308.022
lyon,100000,5308.032
lyon,100000,5308.041
lyon,100000,5308.0503
lyon,100000,5308.0596
lyon,100000,5308.0693
lyon,100000,5308.0786
lyon,100000,5330.9395
lyon,100000,5330.9766
lyon,100000,5331.026
lyon,100000,5331.0396
lyon,100000,5331.049
lyon,100000,5331.0586
nantes,100000,5033.9473
nantes,100000,5033.9727
nantes,100000,5033.9795
nantes,100000,5033.9844
nantes,100000,5033.9897
nantes,100000,5033.9946
nantes,100000,5034.0
nantes,100000,5034.0054
nantes,100000,5034.01
nantes,100000,5057.1714
nantes,100000,5057.199
nantes,100000,5057.2056
nantes,100000,5057.2104
nantes,100000,5057.219
nantes,100000,5057.224
nantes,100000,5057.2515
nantes,100000,5057.259
nantes,100000,5057.266
nantes,100000,5080.2007
nantes,100000,5080.237
nantes,100000,5080.2593
nantes,100000,5080.2695
nantes,100000,5080.279
nantes,100000,5080.2925
nantes,100000,5080.302
nantes,100000,5080.311
nantes,100000,5080.3345
nantes,100000,5103.1177
nantes,100000,5103.1543
nantes,100000,5103.1655
nantes,100000,5103.185
nantes,100000,5103.196
nantes,100000,5103.2056
nantes,100000,5103.219
nantes,100000,5103.2285
nantes,100000,5103.238
nantes,100000,5126.1904
nantes,100000,5126.2114
nantes,100000,5126.218
nantes,100000,5126.2236
nantes,100000,5126.253
nantes,100000,5126.2603
nantes,100000,5126.265
nantes,100000,5126.27
nantes,100000,5126.275
nantes,100000,5149.1294
nantes,100000,5149.1646
nantes,100000,5149.177
nantes,100000,5149.1865
nantes,100000,5149.197
nantes,100000,5149.206
nantes,100000,5149.216
nantes,100000,5149.2246
nantes,100000,5149.235
nantes,100000,5171.926
nantes,100000,5171.9463
nantes,100000,5171.953
nantes,100000,5171.9585
nantes,100000,5171.964
nantes,100000,5171.9683
nantes,100000,5171.973
nantes,100000,5171.978
nantes,100000,5171.983
nantes,100000,5194.8867
nantes,100000,5194.9233
nantes,100000,5194.9766
nantes,100000,5194.989
nantes,100000,5194.9985
nantes,100000,5195.0083
nantes,100000,4999.223
nantes,100000,4999.281
nantes,100000,4999.2896
nantes,100000,4999.295
nantes,100000,4999.3
nantes,100000,4999.305
nantes,100000,4999.311
nantes,100000,4999.3164
nantes,100000,4999.3213
nantes,100000,5022.4097
nantes,100000,5022.455
nantes,100000,5022.4683
nantes,100000,5022.4775
nantes,100000,5022.492
nantes,100000,5022.5024
nantes,100000,5022.5557
nantes,100000,5022.5684
nantes,100000,5022.584
nantes,100000,5045.4556
nantes,100000,5045.4766
nantes,100000,5045.4907
nantes,100000,5045.496
nantes,100000,5045.502
nantes,100000,5045.5107
nantes,100000,5045.5166
nantes,100000,5045.522
nantes,100000,5045.539
nantes,100000,5068.4224
nantes,100000,5068.444
nantes,100000,5068.4507
nantes,100000,5068.4634
nantes,100000,5068.469
nantes,100000,5068.4746
nantes,100000,5068.4834
nantes,100000,5068.489
nantes,100000,5068.4937
nantes,100000,5091.428
nantes,100000,5091.449
nantes,100000,5091.456
nantes,100000,5091.461
nantes,100000,5091.494
nantes,100000,5091.5015
nantes,100000,5091.507
nantes,100000,5091.512
nantes,100000,5091.5176
nantes,100000,5114.3755
nantes,100000,5114.398
nantes,100000,5114.405
nantes,100000,5114.41
nantes,100000,5114.415
nantes,100000,5114.4204
nantes,100000,5114.4263
nantes,100000,5114.431
nantes,100000,5114.4365
nantes,100000,5137.188
nantes,100000,5137.2104
nantes,100000,5137.2173
nantes,100000,5137.222
nantes,100000,5137.2275
nantes,100000,5137.2324
nantes,100000,5137.238
nantes,100000,5137.243
nantes,100000,5137.2485
nantes,100000,5160.114
nantes,100000,5160.1504
nantes,100000,5160.2036
nantes,100000,5160.217
nantes,100000,5160.2266
nantes,100000,5160.2363
nantes,100000,4982.519
nantes,100000,4982.541
nantes,100000,4982.548
nantes,100000,4982.5605
nantes,100000,4982.5664
nantes,100000,4982.572
nantes,100000,4982.579
nantes,100000,4982.5845
nantes,100000,4982.59
nantes,100000,5005.426
nantes,100000,5005.4824
nantes,100000,5005.49
nantes,100000,5005.4956
nantes,100000,5005.5005
nantes,100000,5005.505
nantes,100000,5005.5107
nantes,100000,5005.516
nantes,100000,5005.521
nantes,100000,5028.608
nantes,100000,5028.6533
nantes,100000,5028.6655
nantes,100000,5028.6753
nantes,100000,5028.689
nantes,100000,5028.6997
nantes,100000,5028.7095
nantes,100000,5028.7573
nantes,100000,5028.774
nantes,100000,5051.6533
nantes,100000,5051.676
nantes,100000,5051.6885
nantes,100000,5051.694
nantes,100000,5051.699
nantes,100000,5051.707
nantes,100000,5051.7124
nantes,100000,5051.718
nantes,100000,5051.7324
nantes,100000,5074.628
nantes,100000,5074.649
nantes,100000,5074.6553
nantes,100000,5074.6694
nantes,100000,5074.675
nantes,100000,5074.68
nantes,100000,5074.6885
nantes,100000,5074.694
nantes,100000,5074.6987
nantes,100000,5097.633
nantes,100000,5097.6533
nantes,100000,5097.66
nantes,100000,5097.6655
nantes,100000,5097.697
nantes,100000,5097.7046
nantes,100000,5097.709
nantes,100000,5097.7144
nantes,100000,5097.7197
nantes,100000,5120.5728
nantes,100000,5120.5947
nantes,100000,5120.601
nantes,100000,5120.606
nantes,100000,5120.6113
nantes,100000,5120.6167
nantes,100000,5120.622
nantes,100000,5120.6274
nantes,100000,5120.633
nantes,100000,5143.385
nantes,100000,5143.407
nantes,100000,5143.414
nantes,100000,5143.4194
nantes,100000,5143.4243
nantes,100000,5143.4297
nantes,100000,5143.435
nantes,100000,5143.44
nantes,100000,5143.445
nantes,100000,5166.3184
nantes,100000,5166.355
nantes,100000,5166.4067
nantes,100000,5166.419
nantes,100000,5166.4287
nantes,100000,5166.439
nantes,100000,4987.9297
nantes,100000,4987.952
nantes,100000,4987.9595
nantes,100000,4987.9717
nantes,100000,4987.9785
nantes,100000,4987.9844
nantes,100000,4987.992
nantes,100000,4987.998
nantes,100000,4988.004
nantes,100000,5010.833
nantes,100000,5010.8765
nantes,100000,5010.904
nantes,100000,5010.9106
nantes,100000,5010.9155
nantes,100000,5010.922
nantes,100000,5010.9277
nantes,100000,5010.933
nantes,100000,5010.939
nantes,100000,5034.017
nantes,100000,5034.0615
nantes,100000,5034.0737
nantes,100000,5034.084
nantes,100000,5034.097
nantes,100000,5034.108
nantes,100000,5034.161
nantes,100000,5034.173
nantes,100000,5034.1885
nantes,100000,5057.0728
nantes,100000,5057.0947
nantes,100000,5057.1084
nantes,100000,5057.1143
nantes,100000,5057.1187
nantes,100000,5057.127
nantes,100000,5057.133
nantes,100000,5057.1377
nantes,100000,5057.1533
nantes,100000,5080.0376
nantes,100000,5080.061
nantes,100000,5080.068
nantes,100000,5080.0806
nantes,100000,5080.0864
nantes,100000,5080.091
nantes,100000,5080.0996
nantes,100000,5080.1045
nantes,100000,5080.1094
nantes,100000,5103.0435
nantes,100000,5103.065
nantes,100000,5103.0723
nantes,100000,5103.0776
nantes,100000,5103.111
nantes,100000,5103.1187
nantes,100000,5103.1235
nantes,100000,5103.129
nantes,100000,5103.1343
nantes,100000,5125.992
nantes,100000,5126.0146
nantes,100000,5126.0215
nantes,100000,5126.0273
nantes,100000,5126.0317
nantes,100000,5126.0376
nantes,100000,5126.0435
nantes,100000,5126.0483
nantes,100000,5126.0537
nantes,100000,5148.782
nantes,100000,5148.822
nantes,100000,5148.8286
nantes,100000,5148.834
nantes,100000,5148.8394
nantes,100000,5148.8447
nantes,100000,5148.8496
nantes,100000,5148.8545
nantes,100000,5148.8594
nantes,100000,5171.723
nantes,100000,5171.758
nantes,100000,5171.8096
nantes,100000,5171.822
nantes,100000,5171.8315
nantes,100000,5171.842
nantes,100000,4994.231
nantes,100000,4994.2524
nantes,100000,4994.259
nantes,100000,4994.2725
nantes,100000,4994.278
nantes,100000,4994.2827
nantes,100000,4994.292
nantes,100000,4994.297
nantes,100000,4994.3022
nantes,100000,5017.111
nantes,100000,5017.157
nantes,100000,5017.1704
nantes,100000,5017.1807
nantes,100000,5017.205
nantes,100000,5017.2114
nantes,100000,5017.2163
nantes,100000,5017.221
nantes,100000,5017.226
nantes,100000,5040.301
nantes,100000,5040.3486
nantes,100000,5040.362
nantes,100000,5040.3716
nantes,100000,5040.386
nantes,100000,5040.3955
nantes,100000,5040.444
nantes,100000,5040.4556
nantes,100000,5040.471
nantes,100000,5063.3647
nantes,100000,5063.386
nantes,100000,5063.4014
nantes,100000,5063.4067
nantes,100000,5063.4116
nantes,100000,5063.4204
nantes,100000,5063.426
nantes,100000,5063.43
nantes,100000,5063.4463
nantes,100000,5086.334
nantes,100000,5086.356
nantes,100000,5086.3633
nantes,100000,5086.376
nantes,100000,5086.382
nantes,100000,5086.3867
nantes,100000,5086.3955
nantes,100000,5086.4004
nantes,100000,5086.406
nantes,100000,5109.34
nantes,100000,5109.362
nantes,100000,5109.3687
nantes,100000,5109.375
nantes,100000,5109.4097
nantes,100000,5109.4175
nantes,100000,5109.423
nantes,100000,5109.4272
nantes,100000,5109.433
nantes,100000,5132.2837
nantes,100000,5132.306
nantes,100000,5132.313
nantes,100000,5132.319
nantes,100000,5132.324
nantes,100000,5132.3296
nantes,100000,5132.3345
nantes,100000,5132.3394
nantes,100000,5132.344
nantes,100000,5155.0664
nantes,100000,5155.1147
nantes,100000,5155.123
nantes,100000,5155.1284
nantes,100000,5155.1333
nantes,100000,5155.138
nantes,100000,5155.143
nantes,100000,5155.148
nantes,100000,5155.1533
nantes,100000,5178.0005
nantes,100000,5178.037
nantes,100000,5178.0903
nantes,100000,5178.103
nantes,100000,5178.1123
nantes,100000,5178.122
nantes,100000,4999.578
nantes,100000,4999.6006
nantes,100000,4999.6074
nantes,100000,4999.6206
nantes,100000,4999.6265
nantes,100000,4999.633
nantes,100000,4999.641
nantes,100000,4999.647
nantes,100000,4999.653
nantes,100000,5022.4907
nantes,100000,5022.5493
nantes,100000,5022.5576
nantes,100000,5022.5635
nantes,100000,5022.569
nantes,100000,5022.5737
nantes,100000,5022.5796
nantes,100000,5022.585
nantes,100000,5022.591
nantes,100000,5045.6724
nantes,100000,5045.717
nantes,100000,5045.7295
nantes,100000,5045.7393
nantes,100000,5045.753
nantes,100000,5045.7627
nantes,100000,5045.8125
nantes,100000,5045.825
nantes,100000,5045.84
nantes,100000,5068.72
nantes,100000,5068.741
nantes,100000,5068.755
nantes,100000,5068.76
nantes,100000,5068.765
nantes,100000,5068.773
nantes,100000,5068.7783
nantes,100000,5068.783
nantes,100000,5068.799
nantes,100000,5091.6865
nantes,100000,5091.708
nantes,100000,5091.7144
nantes,100000,5091.726
nantes,100000,5091.7314
nantes,100000,5091.7373
nantes,100000,5091.745
nantes,100000,5091.75
nantes,100000,5091.756
nantes,100000,5114.693
nantes,100000,5114.7134
nantes,100000,5114.7197
nantes,100000,5114.725
nantes,100000,5114.76
nantes,100000,5114.768
nantes,100000,5114.774
nantes,100000,5114.779
nantes,100000,5114.784
nantes,100000,5137.6313
nantes,100000,5137.6533
nantes,100000,5137.6606
nantes,100000,5137.6655
nantes,100000,5137.671
nantes,100000,5137.677
nantes,100000,5137.6826
nantes,100000,5137.687
nantes,100000,5137.6924
nantes,100000,5160.451
nantes,100000,5160.4736
nantes,100000,5160.4805
nantes,100000,5160.486
nantes,100000,5160.491
nantes,100000,5160.4956
nantes,100000,5160.5015
nantes,100000,5160.5063
nantes,100000,5160.512
nantes,100000,5183.378
nantes,100000,5183.4126
nantes,100000,5183.465
nantes,100000,5183.4775
nantes,100000,5183.4873
nantes,100000,5183.4976
lyon,100000,4994.82
lyon,100000,4994.865
lyon,100000,4994.904
lyon,100000,4994.921
lyon,100000,4994.9263
lyon,100000,4994.9326
lyon,100000,4994.957
lyon,100000,4994.963
lyon,100000,4994.968
lyon,100000,5017.7573
lyon,100000,5017.802
lyon,100000,5017.809
lyon,100000,5017.8145
lyon,100000,5017.8193
lyon,100000,5017.8247
lyon,100000,5017.83
lyon,100000,5017.835
lyon,100000,5017.8403
lyon,100000,5040.8857
lyon,100000,5040.9316
lyon,100000,5040.9604
lyon,100000,5040.9707
lyon,100000,5040.986
lyon,100000,5040.9966
lyon,100000,5041.0483
lyon,100000,5041.06
lyon,100000,5041.087
lyon,100000,5063.926
lyon,100000,5063.9478
lyon,100000,5063.962
lyon,100000,5063.9673
lyon,100000,5063.972
lyon,100000,5063.98
lyon,100000,5063.9854
lyon,100000,5063.9907
lyon,100000,5064.007
lyon,100000,5086.883
lyon,100000,5086.9043
lyon,100000,5086.911
lyon,100000,5086.924
lyon,100000,5086.929
lyon,100000,5086.9346
lyon,100000,5086.943
lyon,100000,5086.9478
lyon,100000,5086.9526
lyon,100000,5109.924
lyon,100000,5109.962
lyon,100000,5109.9688
lyon,100000,5109.974
lyon,100000,5110.0044
lyon,100000,5110.012
lyon,100000,5110.017
lyon,100000,5110.022
lyon,100000,5110.027
lyon,100000,5132.9316
lyon,100000,5132.962
lyon,100000,5132.9688
lyon,100000,5132.974
lyon,100000,5132.979
lyon,100000,5132.9854
lyon,100000,5132.9897
lyon,100000,5132.9946
lyon,100000,5132.9995
lyon,100000,5155.678
lyon,100000,5155.7153
lyon,100000,5155.7275
lyon,100000,5155.7373
lyon,100000,5155.747
lyon,100000,5155.7563
lyon,100000,5155.7666
lyon,100000,5155.7754
lyon,100000,5155.785
lyon,100000,5178.632
lyon,100000,5178.667
lyon,100000,5178.7188
lyon,100000,5178.7305
lyon,100000,5178.74
lyon,100000,5178.7505
lyon,100000,5000.8237
lyon,100000,5000.8594
lyon,100000,5000.872
lyon,100000,5000.894
lyon,100000,5000.9043
lyon,100000,5000.9307
lyon,100000,5000.94
lyon,100000,5000.9453
lyon,100000,5000.95
lyon,100000,5023.762
lyon,100000,5023.815
lyon,100000,5023.823
lyon,100000,5023.829
lyon,100000,5023.834
lyon,100000,5023.8394
lyon,100000,5023.845
lyon,100000,5023.8506
lyon,100000,5023.8555
lyon,100000,5046.8916
lyon,100000,5046.938
lyon,100000,5046.951
lyon,100000,5046.9624
lyon,100000,5046.994
lyon,100000,5047.005
lyon,100000,5047.0576
lyon,100000,5047.07
lyon,100000,5047.087
lyon,100000,5069.9443
lyon,100000,5069.9663
lyon,100000,5069.98
lyon,100000,5069.986
lyon,100000,5069.9917
lyon,100000,5070.0005
lyon,100000,5070.006
lyon,100000,5070.011
lyon,100000,5070.0264
lyon,100000,5092.901
lyon,100000,5092.923
lyon,100000,5092.93
lyon,100000,5092.9526
lyon,100000,5092.9585
lyon,100000,5092.964
lyon,100000,5092.9727
lyon,100000,5092.9785
lyon,100000,5092.9834
lyon,100000,5115.9297
lyon,100000,5115.977
lyon,100000,5115.9844
lyon,100000,5115.991
lyon,100000,5116.0215
lyon,100000,5116.0293
lyon,100000,5116.0347
lyon,100000,5116.0396
lyon,100000,5116.045
lyon,100000,5138.9463
lyon,100000,5138.9683
lyon,100000,5138.986
lyon,100000,5138.9917
lyon,100000,5138.997
lyon,100000,5139.0034
lyon,100000,5139.0083
lyon,100000,5139.0137
lyon,100000,5139.019
lyon,100000,5161.6836
lyon,100000,5161.719
lyon,100000,5161.733
lyon,100000,5161.744
lyon,100000,5161.7544
lyon,100000,5161.7646
lyon,100000,5161.7744
lyon,100000,5161.7847
lyon,100000,5161.7944
lyon,100000,5184.6377
lyon,100000,5184.675
lyon,100000,5184.7266
lyon,100000,5184.7417
lyon,100000,5184.7515
lyon,100000,5184.7617
lyon,100000,5006.2773
lyon,100000,5006.311
lyon,100000,5006.323
lyon,100000,5006.355
lyon,100000,5006.3613
lyon,100000,5006.3667
lyon,100000,5006.376
lyon,100000,5006.3975
lyon,100000,5006.403
lyon,100000,5029.227
lyon,100000,5029.2554
lyon,100000,5029.262
lyon,100000,5029.267
lyon,100000,5029.272
lyon,100000,5029.277
lyon,100000,5029.2827
lyon,100000,5029.2876
lyon,100000,5029.2925
lyon,100000,5052.346
lyon,100000,5052.4067
lyon,100000,5052.421
lyon,100000,5052.43
lyon,100000,5052.4453
lyon,100000,5052.455
lyon,100000,5052.523
lyon,100000,5052.532
lyon,100000,5052.541
lyon,100000,5075.385
lyon,100000,5075.4053
lyon,100000,5075.4185
lyon,100000,5075.424
lyon,100000,5075.4287
lyon,100000,5075.437
lyon,100000,5075.442
lyon,100000,5075.447
lyon,100000,5075.4634
lyon,100000,5098.338
lyon,100000,5098.3584
lyon,100000,5098.3647
lyon,100000,5098.3774
lyon,100000,5098.382
lyon,100000,5098.387
lyon,100000,5098.396
lyon,100000,5098.401
lyon,100000,5098.406
lyon,100000,5121.394
lyon,100000,5121.415
lyon,100000,5121.422
lyon,100000,5121.427
lyon,100000,5121.457
lyon,100000,5121.464
lyon,100000,5121.469
lyon,100000,5121.474
lyon,100000,5121.495
lyon,100000,5144.3813
lyon,100000,5144.412
lyon,100000,5144.419
lyon,100000,5144.4233
lyon,100000,5144.428
lyon,100000,5144.433
lyon,100000,5144.4385
lyon,100000,5144.443
lyon,100000,5144.4478
lyon,100000,5167.1377
lyon,100000,5167.174
lyon,100000,5167.186
lyon,100000,5167.1963
lyon,100000,5167.206
lyon,100000,5167.2153
lyon,100000,5167.2256
lyon,100000,5167.2344
lyon,100000,5167.244
lyon,100000,5190.091
lyon,100000,5190.1255
lyon,100000,5190.178
lyon,100000,5190.1904
lyon,100000,5190.1997
lyon,100000,5190.21
lyon,100000,5013.316
lyon,100000,5013.351
lyon,100000,5013.3623
lyon,100000,5013.396
lyon,100000,5013.402
lyon,100000,5013.4067
lyon,100000,5013.4146
lyon,100000,5013.436
lyon,100000,5013.4414
lyon,100000,5036.2656
lyon,100000,5036.294
lyon,100000,5036.301
lyon,100000,5036.3057
lyon,100000,5036.311
lyon,100000,5036.3164
lyon,100000,5036.321
lyon,100000,5036.326
lyon,100000,5036.3306
lyon,100000,5059.3853
lyon,100000,5059.452
lyon,100000,5059.4653
lyon,100000,5059.475
lyon,100000,5059.4897
lyon,100000,5059.5347
lyon,100000,5059.5605
lyon,100000,5059.567
lyon,100000,5059.576
lyon,100000,5082.4146
lyon,100000,5082.4346
lyon,100000,5082.448
lyon,100000,5082.454
lyon,100000,5082.459
lyon,100000,5082.4673
lyon,100000,5082.4717
lyon,100000,5082.4766
lyon,100000,5082.4917
lyon,100000,5105.3716
lyon,100000,5105.393
lyon,100000,5105.399
lyon,100000,5105.412
lyon,100000,5105.4175
lyon,100000,5105.4224
lyon,100000,5105.4307
lyon,100000,5105.436
lyon,100000,5105.4404
lyon,100000,5128.4326
lyon,100000,5128.4536
lyon,100000,5128.46
lyon,100000,5128.489
lyon,100000,5128.496
lyon,100000,5128.501
lyon,100000,5128.5063
lyon,100000,5128.5107
lyon,100000,5128.5317
lyon,100000,5151.42
lyon,100000,5151.451
lyon,100000,5151.4585
lyon,100000,5151.463
lyon,100000,5151.4673
lyon,100000,5151.4727
lyon,100000,5151.4775
lyon,100000,5151.4824
lyon,100000,5151.4873
lyon,100000,5174.1772
lyon,100000,5174.214
lyon,100000,5174.226
lyon,100000,5174.236
lyon,100000,5174.2456
lyon,100000,5174.2554
lyon,100000,5174.2646
lyon,100000,5174.275
lyon,100000,5174.284
lyon,100000,5197.131
lyon,100000,5197.201
lyon,100000,5197.2153
lyon,100000,5197.2256
lyon,100000,5197.2354
lyon,100000,5197.245
nancy,100000,5187.647
nancy,100000,5187.687
nancy,100000,5187.6997
nancy,100000,5187.7217
nancy,100000,5187.7314
nancy,100000,5187.741
nancy,100000,5187.755
nancy,100000,5187.765
nancy,100000,5187.775
nancy,100000,5210.527
nancy,100000,5210.549
nancy,100000,5210.554
nancy,100000,5210.5576
nancy,100000,5210.5605
nancy,100000,5210.5635
nancy,100000,5210.567
nancy,100000,5210.57
nancy,100000,5210.5737
nancy,100000,5233.623
nancy,100000,5233.6934
nancy,100000,5233.708
nancy,100000,5233.718
nancy,100000,5233.7334
nancy,100000,5233.743
nancy,100000,5233.801
nancy,100000,5233.8125
nancy,100000,5233.8276
nancy,100000,5256.6753
nancy,100000,5256.717
nancy,100000,5256.741
nancy,100000,5256.7515
nancy,100000,5256.762
nancy,100000,5256.7764
nancy,100000,5256.786
nancy,100000,5256.7954
nancy,100000,5256.8203
nancy,100000,5279.6475
nancy,100000,5279.69
nancy,100000,5279.704
nancy,100000,5279.725
nancy,100000,5279.7354
nancy,100000,5279.745
nancy,100000,5279.7593
nancy,100000,5279.7695
nancy,100000,5279.78
nancy,100000,5302.6963
nancy,100000,5302.7373
nancy,100000,5302.7505
nancy,100000,5302.761
nancy,100000,5302.8125
nancy,100000,5302.824
nancy,100000,5302.8335
nancy,100000,5302.8438
nancy,100000,5302.854
nancy,100000,5325.6797
nancy,100000,5325.7227
nancy,100000,5325.736
nancy,100000,5325.747
nancy,100000,5325.7563
nancy,100000,5325.7666
nancy,100000,5325.7764
nancy,100000,5325.7866
nancy,100000,5325.7974
nancy,100000,5348.403
nancy,100000,5348.4453
nancy,100000,5348.4595
nancy,100000,5348.469
nancy,100000,5348.4795
nancy,100000,5348.4893
nancy,100000,5348.4995
nancy,100000,5348.509
nancy,100000,5348.52
nancy,100000,5371.3687
nancy,100000,5371.41
nancy,100000,5371.468
nancy,100000,5371.479
nancy,100000,5371.4893
nancy,100000,5371.499
lyon,100000,5018.1323
lyon,100000,5018.166
lyon,100000,5018.178
lyon,100000,5018.21
lyon,100000,5018.217
lyon,100000,5018.222
lyon,100000,5018.231
lyon,100000,5018.253
lyon,100000,5018.2593
lyon,100000,5041.084
lyon,100000,5041.1113
lyon,100000,5041.119
lyon,100000,5041.1245
lyon,100000,5041.129
lyon,100000,5041.134
lyon,100000,5041.1396
lyon,100000,5041.1445
lyon,100000,5041.149
lyon,100000,5064.202
lyon,100000,5064.2676
lyon,100000,5064.2812
lyon,100000,5064.291
lyon,100000,5064.3057
lyon,100000,5064.3154
lyon,100000,5064.3906
lyon,100000,5064.399
lyon,100000,5064.407
lyon,100000,5087.232
lyon,100000,5087.2534
lyon,100000,5087.2666
lyon,100000,5087.272
lyon,100000,5087.277
lyon,100000,5087.2856
lyon,100000,5087.2905
lyon,100000,5087.295
lyon,100000,5087.311
lyon,100000,5110.197
lyon,100000,5110.2188
lyon,100000,5110.2246
lyon,100000,5110.2373
lyon,100000,5110.242
lyon,100000,5110.247
lyon,100000,5110.256
lyon,100000,5110.2607
lyon,100000,5110.266
lyon,100000,5133.25
lyon,100000,5133.272
lyon,100000,5133.2783
lyon,100000,5133.2837
lyon,100000,5133.3145
lyon,100000,5133.322
lyon,100000,5133.3276
lyon,100000,5133.332
lyon,100000,5133.3535
lyon,100000,5156.2373
lyon,100000,5156.266
lyon,100000,5156.273
lyon,100000,5156.278
lyon,100000,5156.282
lyon,100000,5156.287
lyon,100000,5156.293
lyon,100000,5156.298
lyon,100000,5156.3027
lyon,100000,5178.9937
lyon,100000,5179.0303
lyon,100000,5179.0425
lyon,100000,5179.0522
lyon,100000,5179.062
lyon,100000,5179.072
lyon,100000,5179.0825
lyon,100000,5179.092
lyon,100000,5179.1016
lyon,100000,5201.9463
lyon,100000,5201.983
lyon,100000,5202.035
lyon,100000,5202.0474
lyon,100000,5202.057
lyon,100000,5202.0674
nancy,100000,5083.3555
nancy,100000,5083.373
nancy,100000,5083.3784
nancy,100000,5083.3867
nancy,100000,5083.3906
nancy,100000,5083.3936
nancy,100000,5083.399
nancy,100000,5083.4023
nancy,100000,5083.406
nancy,100000,5106.191
nancy,100000,5106.2427
nancy,100000,5106.256
nancy,100000,5106.266
nancy,100000,5106.2754
nancy,100000,5106.2856
nancy,100000,5106.295
nancy,100000,5106.3066
nancy,100000,5106.316
nancy,100000,5129.299
nancy,100000,5129.362
nancy,100000,5129.3667
nancy,100000,5129.37
nancy,100000,5129.3755
nancy,100000,5129.3784
nancy,100000,5129.399
nancy,100000,5129.403
nancy,100000,5129.4067
nancy,100000,5152.354
nancy,100000,5152.396
nancy,100000,5152.4204
nancy,100000,5152.4307
nancy,100000,5152.44
nancy,100000,5152.4546
nancy,100000,5152.4644
nancy,100000,5152.4746
nancy,100000,5152.4976
nancy,100000,5175.3228
nancy,100000,5175.365
nancy,100000,5175.379
nancy,100000,5175.399
nancy,100000,5175.4087
nancy,100000,5175.4185
nancy,100000,5175.4316
nancy,100000,5175.442
nancy,100000,5175.4517
nancy,100000,5198.3706
nancy,100000,5198.4287
nancy,100000,5198.443
nancy,100000,5198.453
nancy,100000,5198.5034
nancy,100000,5198.5146
nancy,100000,5198.524
nancy,100000,5198.5347
nancy,100000,5198.544
nancy,100000,5221.3447
nancy,100000,5221.387
nancy,100000,5221.401
nancy,100000,5221.4106
nancy,100000,5221.4214
nancy,100000,5221.431
nancy,100000,5221.4424
nancy,100000,5221.453
nancy,100000,5221.463
nancy,100000,5244.0815
nancy,100000,5244.124
nancy,100000,5244.137
nancy,100000,5244.148
nancy,100000,5244.1577
nancy,100000,5244.168
nancy,100000,5244.1772
nancy,100000,5244.1885
nancy,100000,5244.1978
nancy,100000,5267.046
nancy,100000,5267.089
nancy,100000,5267.145
nancy,100000,5267.1567
nancy,100000,5267.167
nancy,100000,5267.1772
nancy,100000,5087.2295
nancy,100000,5087.25
nancy,100000,5087.256
nancy,100000,5087.266
nancy,100000,5087.27
nancy,100000,5087.2725
nancy,100000,5087.2773
nancy,100000,5087.281
nancy,100000,5087.284
nancy,100000,5110.0864
nancy,100000,5110.1387
nancy,100000,5110.1533
nancy,100000,5110.1636
nancy,100000,5110.174
nancy,100000,5110.1836
nancy,100000,5110.194
nancy,100000,5110.2036
nancy,100000,5110.2144
nancy,100000,5133.1943
nancy,100000,5133.2456
nancy,100000,5133.2505
nancy,100000,5133.254
nancy,100000,5133.2593
nancy,100000,5133.262
nancy,100000,5133.2656
nancy,100000,5133.2866
nancy,100000,5133.2915
nancy,100000,5156.247
nancy,100000,5156.2896
nancy,100000,5156.315
nancy,100000,5156.325
nancy,100000,5156.335
nancy,100000,5156.349
nancy,100000,5156.359
nancy,100000,5156.3687
nancy,100000,5156.393
nancy,100000,5179.2173
nancy,100000,5179.26
nancy,100000,5179.274
nancy,100000,5179.2954
nancy,100000,5179.3057
nancy,100000,5179.315
nancy,100000,5179.3403
nancy,100000,5179.3506
nancy,100000,5179.3613
nancy,100000,5202.266
nancy,100000,5202.3276
nancy,100000,5202.342
nancy,100000,5202.3516
nancy,100000,5202.4014
nancy,100000,5202.412
nancy,100000,5202.4224
nancy,100000,5202.431
nancy,100000,5202.442
nancy,100000,5225.241
nancy,100000,5225.2837
nancy,100000,5225.2983
nancy,100000,5225.309
nancy,100000,5225.319
nancy,100000,5225.329
nancy,100000,5225.339
nancy,100000,5225.349
nancy,100000,5225.36
nancy,100000,5247.9746
nancy,100000,5248.0176
nancy,100000,5248.032
nancy,100000,5248.0425
nancy,100000,5248.053
nancy,100000,5248.0625
nancy,100000,5248.073
nancy,100000,5248.083
nancy,100000,5248.0938
nancy,100000,5270.942
nancy,100000,5270.9854
nancy,100000,5271.0415
nancy,100000,5271.0537
nancy,100000,5271.064
nancy,100000,5271.074
nancy,100000,5091.139
nancy,100000,5091.1562
nancy,100000,5091.1616
nancy,100000,5091.1714
nancy,100000,5091.175
nancy,100000,5091.1772
nancy,100000,5091.182
nancy,100000,5091.185
nancy,100000,5091.1885
nancy,100000,5113.997
nancy,100000,5114.0483
nancy,100000,5114.0615
nancy,100000,5114.0713
nancy,100000,5114.082
nancy,100000,5114.0913
nancy,100000,5114.102
nancy,100000,5114.112
nancy,100000,5114.1226
nancy,100000,5137.107
nancy,100000,5137.1553
nancy,100000,5137.1597
nancy,100000,5137.163
nancy,100000,5137.1685
nancy,100000,5137.1714
nancy,100000,5137.194
nancy,100000,5137.197
nancy,100000,5137.2017
nancy,100000,5160.158
nancy,100000,5160.2007
nancy,100000,5160.225
nancy,100000,5160.235
nancy,100000,5160.245
nancy,100000,5160.259
nancy,100000,5160.269
nancy,100000,5160.279
nancy,100000,5160.3037
nancy,100000,5183.128
nancy,100000,5183.171
nancy,100000,5183.185
nancy,100000,5183.2056
nancy,100000,5183.2163
nancy,100000,5183.226
nancy,100000,5183.2393
nancy,100000,5183.2495
nancy,100000,5183.2593
nancy,100000,5206.1772
nancy,100000,5206.2363
nancy,100000,5206.2495
nancy,100000,5206.26
nancy,100000,5206.3105
nancy,100000,5206.322
nancy,100000,5206.3315
nancy,100000,5206.342
nancy,100000,5206.352
nancy,100000,5229.152
nancy,100000,5229.1934
nancy,100000,5229.2075
nancy,100000,5229.218
nancy,100000,5229.2285
nancy,100000,5229.2383
nancy,100000,5229.249
nancy,100000,5229.2593
nancy,100000,5229.2705
nancy,100000,5251.8853
nancy,100000,5251.929
nancy,100000,5251.943
nancy,100000,5251.954
nancy,100000,5251.964
nancy,100000,5251.974
nancy,100000,5251.984
nancy,100000,5251.994
nancy,100000,5252.005
nancy,100000,5274.8506
nancy,100000,5274.893
nancy,100000,5274.949
nancy,100000,5274.9604
nancy,100000,5274.9707
nancy,100000,5274.981
nancy,100000,5095.025
nancy,100000,5095.0444
nancy,100000,5095.05
nancy,100000,5095.0605
nancy,100000,5095.0635
nancy,100000,5095.0664
nancy,100000,5095.0713
nancy,100000,5095.074
nancy,100000,5095.078
nancy,100000,5117.8804
nancy,100000,5117.933
nancy,100000,5117.947
nancy,100000,5117.957
nancy,100000,5117.9673
nancy,100000,5117.9766
nancy,100000,5117.9863
nancy,100000,5117.996
nancy,100000,5118.007
nancy,100000,5140.989
nancy,100000,5141.0396
nancy,100000,5141.0444
nancy,100000,5141.048
nancy,100000,5141.0527
nancy,100000,5141.056
nancy,100000,5141.078
nancy,100000,5141.0815
nancy,100000,5141.0864
nancy,100000,5164.042
nancy,100000,5164.0845
nancy,100000,5164.1094
nancy,100000,5164.1187
nancy,100000,5164.129
nancy,100000,5164.142
nancy,100000,5164.1523
nancy,100000,5164.162
nancy,100000,5164.1895
nancy,100000,5187.011
nancy,100000,5187.0547
nancy,100000,5187.0684
nancy,100000,5187.0894
nancy,100000,5187.0996
nancy,100000,5187.1094
nancy,100000,5187.129
nancy,100000,5187.139
nancy,100000,5187.1494
nancy,100000,5210.059
nancy,100000,5210.117
nancy,100000,5210.1313
nancy,100000,5210.1416
nancy,100000,5210.193
nancy,100000,5210.204
nancy,100000,5210.2144
nancy,100000,5210.223
nancy,100000,5210.2344
nancy,100000,5233.0356
nancy,100000,5233.0786
nancy,100000,5233.092
nancy,100000,5233.1035
nancy,100000,5233.113
nancy,100000,5233.1235
nancy,100000,5233.134
nancy,100000,5233.1436
nancy,100000,5233.1543
nancy,100000,5255.7686
nancy,100000,5255.812
nancy,100000,5255.8267
nancy,100000,5255.837
nancy,100000,5255.8477
nancy,100000,5255.8574
nancy,100000,5255.8677
nancy,100000,5255.8774
nancy,100000,5255.889
nancy,100000,5278.735
nancy,100000,5278.7783
nancy,100000,5278.8345
nancy,100000,5278.8467
nancy,100000,5278.857
nancy,100000,5278.8677
nancy,100000,5098.9844
nancy,100000,5099.0005
nancy,100000,5099.0054
nancy,100000,5099.0137
nancy,100000,5099.017
nancy,100000,5099.0205
nancy,100000,5099.0254
nancy,100000,5099.0283
nancy,100000,5099.0317
nancy,100000,5121.819
nancy,100000,5121.8726
nancy,100000,5121.886
nancy,100000,5121.8965
nancy,100000,5121.906
nancy,100000,5121.9155
nancy,100000,5121.9253
nancy,100000,5121.935
nancy,100000,5121.9453
nancy,100000,5144.9277
nancy,100000,5144.9756
nancy,100000,5144.981
nancy,100000,5144.9844
nancy,100000,5144.9893
nancy,100000,5144.992
nancy,100000,5144.9956
nancy,100000,5145.014
nancy,100000,5145.0195
nancy,100000,5167.981
nancy,100000,5168.0234
nancy,100000,5168.048
nancy,100000,5168.058
nancy,100000,5168.068
nancy,100000,5168.0815
nancy,100000,5168.092
nancy,100000,5168.1006
nancy,100000,5168.1255
nancy,100000,5190.95
nancy,100000,5190.994
nancy,100000,5191.0083
nancy,100000,5191.0293
nancy,100000,5191.039
nancy,100000,5191.0493
nancy,100000,5191.0796
nancy,100000,5191.09
nancy,100000,5191.1006
nancy,100000,5213.998
nancy,100000,5214.057
nancy,100000,5214.0703
nancy,100000,5214.081
nancy,100000,5214.134
nancy,100000,5214.1445
nancy,100000,5214.1543
nancy,100000,5214.1636
nancy,100000,5214.1743
nancy,100000,5236.973
nancy,100000,5237.016
nancy,100000,5237.0303
nancy,100000,5237.041
nancy,100000,5237.051
nancy,100000,5237.0615
nancy,100000,5237.0713
nancy,100000,5237.0815
nancy,100000,5237.0923
nancy,100000,5259.708
nancy,100000,5259.7515
nancy,100000,5259.7656
nancy,100000,5259.776
nancy,100000,5259.7866
nancy,100000,5259.7964
nancy,100000,5259.807
nancy,100000,5259.8164
nancy,100000,5259.8276
nancy,100000,5282.673
nancy,100000,5282.7163
nancy,100000,5282.7725
nancy,100000,5282.784
nancy,100000,5282.794
nancy,100000,5282.804
nancy,100000,5049.151
nancy,100000,5049.194
nancy,100000,5049.1997
nancy,100000,5049.209
nancy,100000,5049.213
nancy,100000,5049.216
nancy,100000,5049.221
nancy,100000,5049.2246
nancy,100000,5049.2275
nancy,100000,5071.9746
nancy,100000,5072.0264
nancy,100000,5072.04
nancy,100000,5072.0503
nancy,100000,5072.06
nancy,100000,5072.071
nancy,100000,5072.0806
nancy,100000,5072.091
nancy,100000,5072.1016
nancy,100000,5095.0825
nancy,100000,5095.154
nancy,100000,5095.168
nancy,100000,5095.178
nancy,100000,5095.1924
nancy,100000,5095.203
nancy,100000,5095.2715
nancy,100000,5095.2754
nancy,100000,5095.281
nancy,100000,5118.153
nancy,100000,5118.1943
nancy,100000,5118.219
nancy,100000,5118.231
nancy,100000,5118.2407
nancy,100000,5118.255
nancy,100000,5118.264
nancy,100000,5118.274
nancy,100000,5118.299
nancy,100000,5141.128
nancy,100000,5141.17
nancy,100000,5141.1846
nancy,100000,5141.205
nancy,100000,5141.216
nancy,100000,5141.2256
nancy,100000,5141.239
nancy,100000,5141.249
nancy,100000,5141.26
nancy,100000,5164.171
nancy,100000,5164.2114
nancy,100000,5164.226
nancy,100000,5164.246
nancy,100000,5164.2695
nancy,100000,5164.2734
nancy,100000,5164.2764
nancy,100000,5164.2793
nancy,100000,5164.283
nancy,100000,5187.1353
nancy,100000,5187.178
nancy,100000,5187.193
nancy,100000,5187.203
nancy,100000,5187.213
nancy,100000,5187.2227
nancy,100000,5187.2334
nancy,100000,5187.2437
nancy,100000,5187.2544
nancy,100000,5209.869
nancy,100000,5209.9116
nancy,100000,5209.927
nancy,100000,5209.937
nancy,100000,5209.9478
nancy,100000,5209.9575
nancy,100000,5209.968
nancy,100000,5209.977
nancy,100000,5209.989
nancy,100000,5232.8555
nancy,100000,5232.898
nancy,100000,5232.9536
nancy,100000,5232.966
nancy,100000,5232.9766
nancy,100000,5232.987
nancy,100000,5052.998
nancy,100000,5053.041
nancy,100000,5053.047
nancy,100000,5053.0566
nancy,100000,5053.06
nancy,100000,5053.0635
nancy,100000,5053.0684
nancy,100000,5053.071
nancy,100000,5053.0747
nancy,100000,5075.8213
nancy,100000,5075.874
nancy,100000,5075.888
nancy,100000,5075.8984
nancy,100000,5075.9087
nancy,100000,5075.9185
nancy,100000,5075.9287
nancy,100000,5075.939
nancy,100000,5075.9507
nancy,100000,5098.931
nancy,100000,5099.002
nancy,100000,5099.0156
nancy,100000,5099.026
nancy,100000,5099.04
nancy,100000,5099.0503
nancy,100000,5099.1006
nancy,100000,5099.121
nancy,100000,5099.126
nancy,100000,5121.999
nancy,100000,5122.04
nancy,100000,5122.0654
nancy,100000,5122.0776
nancy,100000,5122.087
nancy,100000,5122.1006
nancy,100000,5122.1104
nancy,100000,5122.1206
nancy,100000,5122.1465
nancy,100000,5144.974
nancy,100000,5145.0156
nancy,100000,5145.0303
nancy,100000,5145.0522
nancy,100000,5145.0625
nancy,100000,5145.073
nancy,100000,5145.0874
nancy,100000,5145.0977
nancy,100000,5145.109
nancy,100000,5168.018
nancy,100000,5168.059
nancy,100000,5168.0728
nancy,100000,5168.0933
nancy,100000,5168.1167
nancy,100000,5168.121
nancy,100000,5168.124
nancy,100000,5168.127
nancy,100000,5168.131
nancy,100000,5190.984
nancy,100000,5191.0264
nancy,100000,5191.0405
nancy,100000,5191.0503
nancy,100000,5191.0605
nancy,100000,5191.0703
nancy,100000,5191.0806
nancy,100000,5191.091
nancy,100000,5191.102
nancy,100000,5213.7163
nancy,100000,5213.759
nancy,100000,5213.774
nancy,100000,5213.7847
nancy,100000,5213.796
nancy,100000,5213.8057
nancy,100000,5213.8164
nancy,100000,5213.8257
nancy,100000,5213.837
nancy,100000,5236.7036
nancy,100000,5236.7456
nancy,100000,5236.799
nancy,100000,5236.811
nancy,100000,5236.8213
nancy,100000,5236.8315
nancy,100000,5056.925
nancy,100000,5056.978
nancy,100000,5056.9834
nancy,100000,5056.9937
nancy,100000,5056.997
nancy,100000,5057.0005
nancy,100000,5057.005
nancy,100000,5057.009
nancy,100000,5057.0117
nancy,100000,5079.766
nancy,100000,5079.82
nancy,100000,5079.8335
nancy,100000,5079.844
nancy,100000,5079.8545
nancy,100000,5079.8643
nancy,100000,5079.8745
nancy,100000,5079.885
nancy,100000,5079.896
nancy,100000,5102.849
nancy,100000,5102.9023
nancy,100000,5102.9346
nancy,100000,5102.945
nancy,100000,5102.9585
nancy,100000,5102.969
nancy,100000,5102.978
nancy,100000,5103.0327
nancy,100000,5103.0483
nancy,100000,5125.922
nancy,100000,5125.964
nancy,100000,5125.989
nancy,100000,5125.999
nancy,100000,5126.0083
nancy,100000,5126.023
nancy,100000,5126.0327
nancy,100000,5126.043
nancy,100000,5126.068
nancy,100000,5148.896
nancy,100000,5148.939
nancy,100000,5148.953
nancy,100000,5148.9746
nancy,100000,5148.985
nancy,100000,5148.9946
nancy,100000,5149.0083
nancy,100000,5149.019
nancy,100000,5149.029
nancy,100000,5171.935
nancy,100000,5171.9766
nancy,100000,5171.99
nancy,100000,5172.001
nancy,100000,5172.0493
nancy,100000,5172.053
nancy,100000,5172.056
nancy,100000,5172.0596
nancy,100000,5172.0635
nancy,100000,5194.8906
nancy,100000,5194.949
nancy,100000,5194.9634
nancy,100000,5194.974
nancy,100000,5194.9834
nancy,100000,5194.9937
nancy,100000,5195.003
nancy,100000,5195.014
nancy,100000,5195.0234
nancy,100000,5217.637
nancy,100000,5217.679
nancy,100000,5217.6934
nancy,100000,5217.704
nancy,100000,5217.7153
nancy,100000,5217.725
nancy,100000,5217.7354
nancy,100000,5217.746
nancy,100000,5217.757
nancy,100000,5240.6245
nancy,100000,5240.667
nancy,100000,5240.723
nancy,100000,5240.7354
nancy,100000,5240.746
nancy,100000,5240.7563
nancy,100000,5061.0073
nancy,100000,5061.051
nancy,100000,5061.056
nancy,100000,5061.066
nancy,100000,5061.0693
nancy,100000,5061.073
nancy,100000,5061.0776
nancy,100000,5061.081
nancy,100000,5061.085
nancy,100000,5083.8296
nancy,100000,5083.882
nancy,100000,5083.896
nancy,100000,5083.9067
nancy,100000,5083.916
nancy,100000,5083.9263
nancy,100000,5083.936
nancy,100000,5083.9463
nancy,100000,5083.9575
nancy,100000,5106.9404
nancy,100000,5107.0137
nancy,100000,5107.027
nancy,100000,5107.0376
nancy,100000,5107.0513
nancy,100000,5107.061
nancy,100000,5107.071
nancy,100000,5107.1313
nancy,100000,5107.1367
nancy,100000,5130.0093
nancy,100000,5130.0513
nancy,100000,5130.0757
nancy,100000,5130.0854
nancy,100000,5130.095
nancy,100000,5130.109
nancy,100000,5130.1177
nancy,100000,5130.1274
nancy,100000,5130.154
nancy,100000,5152.9844
nancy,100000,5153.026
nancy,100000,5153.04
nancy,100000,5153.0615
nancy,100000,5153.0713
nancy,100000,5153.0815
nancy,100000,5153.0947
nancy,100000,5153.1045
nancy,100000,5153.115
nancy,100000,5176.028
nancy,100000,5176.0693
nancy,100000,5176.083
nancy,100000,5176.103
nancy,100000,5176.128
nancy,100000,5176.132
nancy,100000,5176.1353
nancy,100000,5176.138
nancy,100000,5176.142
nancy,100000,5198.993
nancy,100000,5199.036
nancy,100000,5199.0493
nancy,100000,5199.0596
nancy,100000,5199.0693
nancy,100000,5199.0786
nancy,100000,5199.0884
nancy,100000,5199.0986
nancy,100000,5199.109
nancy,100000,5221.7246
nancy,100000,5221.767
nancy,100000,5221.781
nancy,100000,5221.7915
nancy,100000,5221.802
nancy,100000,5221.8115
nancy,100000,5221.822
nancy,100000,5221.8315
nancy,100000,5221.842
nancy,100000,5244.7114
nancy,100000,5244.755
nancy,100000,5244.8096
nancy,100000,5244.822
nancy,100000,5244.832
nancy,100000,5244.843
nancy,100000,5191.0264
nancy,100000,5191.067
nancy,100000,5191.08
nancy,100000,5191.101
nancy,100000,5191.1113
nancy,100000,5191.1206
nancy,100000,5191.1343
nancy,100000,5191.1445
nancy,100000,5191.154
nancy,100000,5213.8906
nancy,100000,5213.9136
nancy,100000,5213.9185
nancy,100000,5213.922
nancy,100000,5213.925
nancy,100000,5213.928
nancy,100000,5213.932
nancy,100000,5213.9355
nancy,100000,5213.9385
nancy,100000,5237.003
nancy,100000,5237.0737
nancy,100000,5237.0894
nancy,100000,5237.099
nancy,100000,5237.1133
nancy,100000,5237.1235
nancy,100000,5237.1772
nancy,100000,5237.1895
nancy,100000,5237.203
nancy,100000,5260.0557
nancy,100000,5260.0977
nancy,100000,5260.1216
nancy,100000,5260.1313
nancy,100000,5260.141
nancy,100000,5260.155
nancy,100000,5260.164
nancy,100000,5260.175
nancy,100000,5260.1987
nancy,100000,5283.0264
nancy,100000,5283.0684
nancy,100000,5283.082
nancy,100000,5283.103
nancy,100000,5283.1133
nancy,100000,5283.123
nancy,100000,5283.136
nancy,100000,5283.147
nancy,100000,5283.1562
nancy,100000,5306.0723
nancy,100000,5306.1133
nancy,100000,5306.127
nancy,100000,5306.1387
nancy,100000,5306.188
nancy,100000,5306.1997
nancy,100000,5306.2095
nancy,100000,5306.2207
nancy,100000,5306.23
nancy,100000,5329.0415
nancy,100000,5329.102
nancy,100000,5329.116
nancy,100000,5329.1265
nancy,100000,5329.136
nancy,100000,5329.146
nancy,100000,5329.156
nancy,100000,5329.1675
nancy,100000,5329.1772
nancy,100000,5351.788
nancy,100000,5351.8306
nancy,100000,5351.844
nancy,100000,5351.8555
nancy,100000,5351.8657
nancy,100000,5351.876
nancy,100000,5351.8853
nancy,100000,5351.897
nancy,100000,5351.9067
nancy,100000,5374.751
nancy,100000,5374.793
nancy,100000,5374.847
nancy,100000,5374.8584
nancy,100000,5374.8687
nancy,100000,5374.879
nancy,100000,5065.0767
nancy,100000,5065.1196
nancy,100000,5065.1255
nancy,100000,5065.135
nancy,100000,5065.138
nancy,100000,5065.1416
nancy,100000,5065.146
nancy,100000,5065.1494
nancy,100000,5065.153
nancy,100000,5087.9
nancy,100000,5087.9507
nancy,100000,5087.9644
nancy,100000,5087.975
nancy,100000,5087.985
nancy,100000,5087.995
nancy,100000,5088.0044
nancy,100000,5088.014
nancy,100000,5088.0244
nancy,100000,5111.01
nancy,100000,5111.079
nancy,100000,5111.0938
nancy,100000,5111.1035
nancy,100000,5111.117
nancy,100000,5111.128
nancy,100000,5111.137
nancy,100000,5111.199
nancy,100000,5111.2046
nancy,100000,5134.0776
nancy,100000,5134.119
nancy,100000,5134.144
nancy,100000,5134.1543
nancy,100000,5134.1646
nancy,100000,5134.1777
nancy,100000,5134.188
nancy,100000,5134.1973
nancy,100000,5134.2227
nancy,100000,5157.0537
nancy,100000,5157.0957
nancy,100000,5157.1104
nancy,100000,5157.1304
nancy,100000,5157.14
nancy,100000,5157.1504
nancy,100000,5157.1636
nancy,100000,5157.174
nancy,100000,5157.1846
nancy,100000,5180.0977
nancy,100000,5180.138
nancy,100000,5180.1523
nancy,100000,5180.1724
nancy,100000,5180.1934
nancy,100000,5180.1973
nancy,100000,5180.2
nancy,100000,5180.2036
nancy,100000,5180.207
nancy,100000,5203.0625
nancy,100000,5203.1055
nancy,100000,5203.1187
nancy,100000,5203.1294
nancy,100000,5203.1387
nancy,100000,5203.1484
nancy,100000,5203.158
nancy,100000,5203.1685
nancy,100000,5203.1787
nancy,100000,5225.7935
nancy,100000,5225.8354
nancy,100000,5225.8496
nancy,100000,5225.86
nancy,100000,5225.8706
nancy,100000,5225.8804
nancy,100000,5225.8906
nancy,100000,5225.901
nancy,100000,5225.9116
nancy,100000,5248.782
nancy,100000,5248.824
nancy,100000,5248.8784
nancy,100000,5248.891
nancy,100000,5248.9014
nancy,100000,5248.9116
rennes,100000,4951.235
rennes,100000,4951.254
rennes,100000,4951.2607
rennes,100000,4951.273
rennes,100000,4951.279
rennes,100000,4951.2837
rennes,100000,4951.2915
rennes,100000,4951.2964
rennes,100000,4951.302
rennes,100000,4974.1904
rennes,100000,4974.2373
rennes,100000,4974.251
rennes,100000,4974.261
rennes,100000,4974.272
rennes,100000,4974.282
rennes,100000,4974.2925
rennes,100000,4974.3022
rennes,100000,4974.313
rennes,100000,4997.3374
rennes,100000,4997.385
rennes,100000,4997.398
rennes,100000,4997.408
rennes,100000,4997.433
rennes,100000,4997.4385
rennes,100000,4997.467
rennes,100000,4997.473
rennes,100000,4997.482
rennes,100000,5020.383
rennes,100000,5020.42
rennes,100000,5020.444
rennes,100000,5020.455
rennes,100000,5020.4653
rennes,100000,5020.48
rennes,100000,5020.49
rennes,100000,5020.4995
rennes,100000,5020.526
rennes,100000,5043.3306
rennes,100000,5043.378
rennes,100000,5043.3857
rennes,100000,5043.397
rennes,100000,5043.4023
rennes,100000,5043.4067
rennes,100000,5043.4146
rennes,100000,5043.419
rennes,100000,5043.424
rennes,100000,5066.388
rennes,100000,5066.4233
rennes,100000,5066.4365
rennes,100000,5066.447
rennes,100000,5066.4946
rennes,100000,5066.508
rennes,100000,5066.518
rennes,100000,5066.528
rennes,100000,5066.5386
rennes,100000,5089.313
rennes,100000,5089.3335
rennes,100000,5089.3403
rennes,100000,5089.345
rennes,100000,5089.3506
rennes,100000,5089.3555
rennes,100000,5089.3604
rennes,100000,5089.365
rennes,100000,5089.37
rennes,100000,5112.1255
rennes,100000,5112.1455
rennes,100000,5112.152
rennes,100000,5112.1567
rennes,100000,5112.162
rennes,100000,5112.167
rennes,100000,5112.172
rennes,100000,5112.1763
rennes,100000,5112.1807
rennes,100000,5135.0557
rennes,100000,5135.0913
rennes,100000,5135.1406
rennes,100000,5135.1533
rennes,100000,5135.173
rennes,100000,5135.1777
rennes,100000,4978.687
rennes,100000,4978.733
rennes,100000,4978.7456
rennes,100000,4978.7554
rennes,100000,4978.766
rennes,100000,4978.776
rennes,100000,4978.7856
rennes,100000,4978.795
rennes,100000,4978.805
rennes,100000,5001.8345
rennes,100000,5001.882
rennes,100000,5001.8955
rennes,100000,5001.905
rennes,100000,5001.93
rennes,100000,5001.9355
rennes,100000,5001.9644
rennes,100000,5001.9717
rennes,100000,5001.9795
rennes,100000,5024.878
rennes,100000,5024.913
rennes,100000,5024.937
rennes,100000,5024.9478
rennes,100000,5024.958
rennes,100000,5024.973
rennes,100000,5024.9824
rennes,100000,5024.992
rennes,100000,5025.018
rennes,100000,5047.825
rennes,100000,5047.8726
rennes,100000,5047.8804
rennes,100000,5047.892
rennes,100000,5047.8975
rennes,100000,5047.902
rennes,100000,5047.9087
rennes,100000,5047.913
rennes,100000,5047.9175
rennes,100000,5070.885
rennes,100000,5070.921
rennes,100000,5070.933
rennes,100000,5070.9434
rennes,100000,5070.998
rennes,100000,5071.0117
rennes,100000,5071.0215
rennes,100000,5071.031
rennes,100000,5071.041
rennes,100000,5093.81
rennes,100000,5093.8296
rennes,100000,5093.8364
rennes,100000,5093.8413
rennes,100000,5093.8467
rennes,100000,5093.8516
rennes,100000,5093.8564
rennes,100000,5093.8613
rennes,100000,5093.865
rennes,100000,5116.6216
rennes,100000,5116.641
rennes,100000,5116.6475
rennes,100000,5116.6523
rennes,100000,5116.657
rennes,100000,5116.6616
rennes,100000,5116.666
rennes,100000,5116.67
rennes,100000,5116.675
rennes,100000,5139.553
rennes,100000,5139.5884
rennes,100000,5139.64
rennes,100000,5139.667
rennes,100000,5139.6733
rennes,100000,5139.6787
rennes,100000,4983.5303
rennes,100000,4983.5757
rennes,100000,4983.5894
rennes,100000,4983.5986
rennes,100000,4983.609
rennes,100000,4983.619
rennes,100000,4983.6294
rennes,100000,4983.639
rennes,100000,4983.6494
rennes,100000,5006.679
rennes,100000,5006.7266
rennes,100000,5006.7407
rennes,100000,5006.751
rennes,100000,5006.7656
rennes,100000,5006.7764
rennes,100000,5006.8247
rennes,100000,5006.832
rennes,100000,5006.8403
rennes,100000,5029.7207
rennes,100000,5029.756
rennes,100000,5029.781
rennes,100000,5029.7915
rennes,100000,5029.8013
rennes,100000,5029.816
rennes,100000,5029.826
rennes,100000,5029.836
rennes,100000,5029.8647
rennes,100000,5052.67
rennes,100000,5052.7056
rennes,100000,5052.7197
rennes,100000,5052.7495
rennes,100000,5052.755
rennes,100000,5052.76
rennes,100000,5052.767
rennes,100000,5052.7715
rennes,100000,5052.7764
rennes,100000,5075.728
rennes,100000,5075.765
rennes,100000,5075.779
rennes,100000,5075.7896
rennes,100000,5075.8394
rennes,100000,5075.854
rennes,100000,5075.864
rennes,100000,5075.874
rennes,100000,5075.8843
rennes,100000,5098.6665
rennes,100000,5098.6875
rennes,100000,5098.695
rennes,100000,5098.7
rennes,100000,5098.7046
rennes,100000,5098.7095
rennes,100000,5098.715
rennes,100000,5098.719
rennes,100000,5098.7246
rennes,100000,5121.48
rennes,100000,5121.5
rennes,100000,5121.5073
rennes,100000,5121.512
rennes,100000,5121.517
rennes,100000,5121.5225
rennes,100000,5121.5273
rennes,100000,5121.5312
rennes,100000,5121.536
rennes,100000,5144.397
rennes,100000,5144.435
rennes,100000,5144.4883
rennes,100000,5144.502
rennes,100000,5144.512
rennes,100000,5144.522
rennes,100000,4964.9526
rennes,100000,4964.978
rennes,100000,4964.9907
rennes,100000,4965.008
rennes,100000,4965.0146
rennes,100000,4965.019
rennes,100000,4965.028
rennes,100000,4965.033
rennes,100000,4965.0376
rennes,100000,4987.898
rennes,100000,4987.9585
rennes,100000,4987.9824
rennes,100000,4987.999
rennes,100000,4988.0107
rennes,100000,4988.021
rennes,100000,4988.0303
rennes,100000,4988.04
rennes,100000,4988.05
rennes,100000,5011.046
rennes,100000,5011.107
rennes,100000,5011.133
rennes,100000,5011.16
rennes,100000,5011.172
rennes,100000,5011.1772
rennes,100000,5011.2075
rennes,100000,5011.215
rennes,100000,5011.2236
rennes,100000,5034.0884
rennes,100000,5034.136
rennes,100000,5034.1733
rennes,100000,5034.19
rennes,100000,5034.201
rennes,100000,5034.2173
rennes,100000,5034.227
rennes,100000,5034.2363
rennes,100000,5034.263
rennes,100000,5057.038
rennes,100000,5057.086
rennes,100000,5057.1123
rennes,100000,5057.1304
rennes,100000,5057.137
rennes,100000,5057.1416
rennes,100000,5057.15
rennes,100000,5057.155
rennes,100000,5057.159
rennes,100000,5080.094
rennes,100000,5080.1416
rennes,100000,5080.166
rennes,100000,5080.1846
rennes,100000,5080.239
rennes,100000,5080.2524
rennes,100000,5080.262
rennes,100000,5080.273
rennes,100000,5080.283
rennes,100000,5103.029
rennes,100000,5103.056
rennes,100000,5103.0684
rennes,100000,5103.078
rennes,100000,5103.0845
rennes,100000,5103.0894
rennes,100000,5103.094
rennes,100000,5103.0986
rennes,100000,5103.103
rennes,100000,5125.8423
rennes,100000,5125.868
rennes,100000,5125.881
rennes,100000,5125.8896
rennes,100000,5125.897
rennes,100000,5125.903
rennes,100000,5125.9067
rennes,100000,5125.911
rennes,100000,5125.9155
rennes,100000,5148.763
rennes,100000,5148.8115
rennes,100000,5148.874
rennes,100000,5148.8994
rennes,100000,5148.905
rennes,100000,5148.9097
rennes,100000,4993.1045
rennes,100000,4993.1494
rennes,100000,4993.163
rennes,100000,4993.1743
rennes,100000,4993.184
rennes,100000,4993.1943
rennes,100000,4993.2036
rennes,100000,4993.2134
rennes,100000,4993.223
rennes,100000,5016.2544
rennes,100000,5016.302
rennes,100000,5016.3145
rennes,100000,5016.325
rennes,100000,5016.354
rennes,100000,5016.3594
rennes,100000,5016.3887
rennes,100000,5016.3965
rennes,100000,5016.4053
rennes,100000,5039.2993
rennes,100000,5039.3364
rennes,100000,5039.361
rennes,100000,5039.371
rennes,100000,5039.3813
rennes,100000,5039.396
rennes,100000,5039.4053
rennes,100000,5039.415
rennes,100000,5039.441
rennes,100000,5062.2456
rennes,100000,5062.283
rennes,100000,5062.304
rennes,100000,5062.317
rennes,100000,5062.3223
rennes,100000,5062.327
rennes,100000,5062.3345
rennes,100000,5062.3394
rennes,100000,5062.3438
rennes,100000,5085.3047
rennes,100000,5085.341
rennes,100000,5085.3545
rennes,100000,5085.3643
rennes,100000,5085.4805
rennes,100000,5085.4956
rennes,100000,5085.505
rennes,100000,5085.515
rennes,100000,5085.525
rennes,100000,5108.23
rennes,100000,5108.251
rennes,100000,5108.2583
rennes,100000,5108.264
rennes,100000,5108.2686
rennes,100000,5108.273
rennes,100000,5108.278
rennes,100000,5108.2827
rennes,100000,5108.287
rennes,100000,5131.0425
rennes,100000,5131.062
rennes,100000,5131.0684
rennes,100000,5131.0737
rennes,100000,5131.0786
rennes,100000,5131.083
rennes,100000,5131.0874
rennes,100000,5131.092
rennes,100000,5131.096
rennes,100000,5153.9736
rennes,100000,5154.0107
rennes,100000,5154.0625
rennes,100000,5154.0757
rennes,100000,5154.097
rennes,100000,5154.1025
lyon,100000,4958.9453
lyon,100000,4958.972
lyon,100000,4958.9785
lyon,100000,4958.984
lyon,100000,4958.9897
lyon,100000,4958.9946
lyon,100000,4958.9995
lyon,100000,4959.005
lyon,100000,4959.0103
lyon,100000,4982.1294
lyon,100000,4982.1562
lyon,100000,4982.1636
lyon,100000,4982.168
lyon,100000,4982.176
lyon,100000,4982.181
lyon,100000,4982.2114
lyon,100000,4982.2354
lyon,100000,4982.2446
lyon,100000,5005.1772
lyon,100000,5005.2144
lyon,100000,5005.237
lyon,100000,5005.2466
lyon,100000,5005.256
lyon,100000,5005.27
lyon,100000,5005.2803
lyon,100000,5005.29
lyon,100000,5005.3174
lyon,100000,5028.1255
lyon,100000,5028.1465
lyon,100000,5028.1523
lyon,100000,5028.1646
lyon,100000,5028.1694
lyon,100000,5028.1743
lyon,100000,5028.1816
lyon,100000,5028.1875
lyon,100000,5028.1924
lyon,100000,5051.082
lyon,100000,5051.102
lyon,100000,5051.1084
lyon,100000,5051.1143
lyon,100000,5051.1445
lyon,100000,5051.152
lyon,100000,5051.157
lyon,100000,5051.1777
lyon,100000,5051.1836
lyon,100000,5074.153
lyon,100000,5074.175
lyon,100000,5074.1816
lyon,100000,5074.187
lyon,100000,5074.1914
lyon,100000,5074.1963
lyon,100000,5074.203
lyon,100000,5074.2085
lyon,100000,5074.213
lyon,100000,5096.903
lyon,100000,5096.925
lyon,100000,5096.9316
lyon,100000,5096.9365
lyon,100000,5096.9414
lyon,100000,5096.9473
lyon,100000,5096.9526
lyon,100000,5096.957
lyon,100000,5096.962
lyon,100000,5119.8696
lyon,100000,5119.9062
lyon,100000,5119.96
lyon,100000,5119.972
lyon,100000,5119.983
lyon,100000,5119.9927
lyon,100000,4942.156
lyon,100000,4942.191
lyon,100000,4942.2026
lyon,100000,4942.239
lyon,100000,4942.2456
lyon,100000,4942.2505
lyon,100000,4942.279
lyon,100000,4942.286
lyon,100000,4942.291
lyon,100000,4965.0894
lyon,100000,4965.1167
lyon,100000,4965.123
lyon,100000,4965.128
lyon,100000,4965.134
lyon,100000,4965.1387
lyon,100000,4965.1436
lyon,100000,4965.1484
lyon,100000,4965.154
lyon,100000,4988.2725
lyon,100000,4988.3013
lyon,100000,4988.308
lyon,100000,4988.3125
lyon,100000,4988.3213
lyon,100000,4988.3267
lyon,100000,4988.3584
lyon,100000,4988.3813
lyon,100000,4988.3906
lyon,100000,5011.3223
lyon,100000,5011.357
lyon,100000,5011.3804
lyon,100000,5011.39
lyon,100000,5011.4004
lyon,100000,5011.415
lyon,100000,5011.4243
lyon,100000,5011.435
lyon,100000,5011.4614
lyon,100000,5034.2695
lyon,100000,5034.2905
lyon,100000,5034.2964
lyon,100000,5034.3086
lyon,100000,5034.3135
lyon,100000,5034.3184
lyon,100000,5034.326
lyon,100000,5034.3315
lyon,100000,5034.3364
lyon,100000,5057.2256
lyon,100000,5057.2456
lyon,100000,5057.252
lyon,100000,5057.2573
lyon,100000,5057.288
lyon,100000,5057.2954
lyon,100000,5057.3003
lyon,100000,5057.3223
lyon,100000,5057.327
lyon,100000,5080.296
lyon,100000,5080.3164
lyon,100000,5080.323
lyon,100000,5080.3286
lyon,100000,5080.333
lyon,100000,5080.338
lyon,100000,5080.344
lyon,100000,5080.3496
lyon,100000,5080.3545
lyon,100000,5103.0464
lyon,100000,5103.068
lyon,100000,5103.074
lyon,100000,5103.079
lyon,100000,5103.084
lyon,100000,5103.0894
lyon,100000,5103.095
lyon,100000,5103.0996
lyon,100000,5103.105
lyon,100000,5126.0146
lyon,100000,5126.0513
lyon,100000,5126.1074
lyon,100000,5126.1196
lyon,100000,5126.1294
lyon,100000,5126.1396
lyon,100000,4970.453
lyon,100000,4970.485
lyon,100000,4970.4917
lyon,100000,4970.498
lyon,100000,4970.5034
lyon,100000,4970.5083
lyon,100000,4970.513
lyon,100000,4970.5186
lyon,100000,4970.524
lyon,100000,4993.6265
lyon,100000,4993.656
lyon,100000,4993.6626
lyon,100000,4993.6685
lyon,100000,4993.6772
lyon,100000,4993.682
lyon,100000,4993.714
lyon,100000,4993.721
lyon,100000,4993.7295
lyon,100000,5016.6543
lyon,100000,5016.6924
lyon,100000,5016.7153
lyon,100000,5016.725
lyon,100000,5016.7344
lyon,100000,5016.749
lyon,100000,5016.7583
lyon,100000,5016.7676
lyon,100000,5016.795
lyon,100000,5039.618
lyon,100000,5039.64
lyon,100000,5039.6475
lyon,100000,5039.6597
lyon,100000,5039.664
lyon,100000,5039.669
lyon,100000,5039.6777
lyon,100000,5039.6826
lyon,100000,5039.687
lyon,100000,5062.5996
lyon,100000,5062.6216
lyon,100000,5062.628
lyon,100000,5062.633
lyon,100000,5062.6646
lyon,100000,5062.672
lyon,100000,5062.693
lyon,100000,5062.6973
lyon,100000,5062.703
lyon,100000,5085.6675
lyon,100000,5085.689
lyon,100000,5085.6963
lyon,100000,5085.7017
lyon,100000,5085.7056
lyon,100000,5085.711
lyon,100000,5085.7173
lyon,100000,5085.722
lyon,100000,5085.7266
lyon,100000,5108.426
lyon,100000,5108.4473
lyon,100000,5108.4536
lyon,100000,5108.459
lyon,100000,5108.464
lyon,100000,5108.469
lyon,100000,5108.4746
lyon,100000,5108.4795
lyon,100000,5108.4844
lyon,100000,5131.385
lyon,100000,5131.4194
lyon,100000,5131.474
lyon,100000,5131.4863
lyon,100000,5131.496
lyon,100000,5131.506
lyon,100000,4976.7886
lyon,100000,4976.817
lyon,100000,4976.823
lyon,100000,4976.8286
lyon,100000,4976.8335
lyon,100000,4976.839
lyon,100000,4976.8438
lyon,100000,4976.8486
lyon,100000,4976.8535
lyon,100000,4999.973
lyon,100000,5000.002
lyon,100000,5000.009
lyon,100000,5000.013
lyon,100000,5000.022
lyon,100000,5000.027
lyon,100000,5000.0317
lyon,100000,5000.079
lyon,100000,5000.0913
lyon,100000,5023.0137
lyon,100000,5023.05
lyon,100000,5023.0737
lyon,100000,5023.0835
lyon,100000,5023.093
lyon,100000,5023.107
lyon,100000,5023.1177
lyon,100000,5023.127
lyon,100000,5023.156
lyon,100000,5045.9624
lyon,100000,5045.983
lyon,100000,5045.9893
lyon,100000,5046.001
lyon,100000,5046.007
lyon,100000,5046.011
lyon,100000,5046.023
lyon,100000,5046.0283
lyon,100000,5046.033
lyon,100000,5068.92
lyon,100000,5068.942
lyon,100000,5068.948
lyon,100000,5068.954
lyon,100000,5068.9854
lyon,100000,5068.994
lyon,100000,5069.015
lyon,100000,5069.022
lyon,100000,5069.0273
lyon,100000,5091.976
lyon,100000,5091.9985
lyon,100000,5092.006
lyon,100000,5092.0107
lyon,100000,5092.017
lyon,100000,5092.0225
lyon,100000,5092.029
lyon,100000,5092.0337
lyon,100000,5092.039
lyon,100000,5114.725
lyon,100000,5114.7476
lyon,100000,5114.7544
lyon,100000,5114.7603
lyon,100000,5114.766
lyon,100000,5114.7715
lyon,100000,5114.7764
lyon,100000,5114.7812
lyon,100000,5114.786
lyon,100000,5137.674
lyon,100000,5137.7104
lyon,100000,5137.7695
lyon,100000,5137.784
lyon,100000,5137.7944
lyon,100000,5137.8047
nancy,100000,5195.225
nancy,100000,5195.2656
nancy,100000,5195.28
nancy,100000,5195.3013
nancy,100000,5195.311
nancy,100000,5195.3228
nancy,100000,5195.3364
nancy,100000,5195.346
nancy,100000,5195.3564
nancy,100000,5218.1064
nancy,100000,5218.128
nancy,100000,5218.133
nancy,100000,5218.136
nancy,100000,5218.1396
nancy,100000,5218.143
nancy,100000,5218.1465
nancy,100000,5218.15
nancy,100000,5218.1533
nancy,100000,5241.2026
nancy,100000,5241.2734
nancy,100000,5241.287
nancy,100000,5241.2974
nancy,100000,5241.3115
nancy,100000,5241.3213
nancy,100000,5241.372
nancy,100000,5241.384
nancy,100000,5241.399
nancy,100000,5264.2544
nancy,100000,5264.2954
nancy,100000,5264.3213
nancy,100000,5264.332
nancy,100000,5264.342
nancy,100000,5264.356
nancy,100000,5264.3657
nancy,100000,5264.3755
nancy,100000,5264.401
nancy,100000,5287.2275
nancy,100000,5287.2695
nancy,100000,5287.2837
nancy,100000,5287.304
nancy,100000,5287.3145
nancy,100000,5287.324
nancy,100000,5287.338
nancy,100000,5287.348
nancy,100000,5287.3584
nancy,100000,5310.2773
nancy,100000,5310.3184
nancy,100000,5310.333
nancy,100000,5310.344
nancy,100000,5310.3926
nancy,100000,5310.405
nancy,100000,5310.4146
nancy,100000,5310.424
nancy,100000,5310.435
nancy,100000,5333.2593
nancy,100000,5333.302
nancy,100000,5333.3164
nancy,100000,5333.3267
nancy,100000,5333.3364
nancy,100000,5333.3457
nancy,100000,5333.356
nancy,100000,5333.366
nancy,100000,5333.3774
nancy,100000,5355.9844
nancy,100000,5356.0264
nancy,100000,5356.041
nancy,100000,5356.052
nancy,100000,5356.063
nancy,100000,5356.0728
nancy,100000,5356.083
nancy,100000,5356.0923
nancy,100000,5356.104
nancy,100000,5378.9526
nancy,100000,5378.995
nancy,100000,5379.0483
nancy,100000,5379.061
nancy,100000,5379.0713
nancy,100000,5379.0815
lyon,100000,4958.8916
lyon,100000,4958.926
lyon,100000,4958.9375
lyon,100000,4958.9595
lyon,100000,4958.97
lyon,100000,4958.996
lyon,100000,4959.0063
lyon,100000,4959.0127
lyon,100000,4959.037
lyon,100000,4981.8394
lyon,100000,4981.8667
lyon,100000,4981.874
lyon,100000,4981.8804
lyon,100000,4981.8853
lyon,100000,4981.891
lyon,100000,4981.8965
lyon,100000,4981.9014
lyon,100000,4981.9062
lyon,100000,5005.022
lyon,100000,5005.05
lyon,100000,5005.0566
lyon,100000,5005.062
lyon,100000,5005.0723
lyon,100000,5005.0776
lyon,100000,5005.107
lyon,100000,5005.1143
lyon,100000,5005.138
lyon,100000,5028.0596
lyon,100000,5028.094
lyon,100000,5028.1167
lyon,100000,5028.127
lyon,100000,5028.1357
lyon,100000,5028.1504
lyon,100000,5028.16
lyon,100000,5028.1694
lyon,100000,5028.1978
lyon,100000,5051.0176
lyon,100000,5051.0396
lyon,100000,5051.0464
lyon,100000,5051.0586
lyon,100000,5051.064
lyon,100000,5051.0693
lyon,100000,5051.077
lyon,100000,5051.0825
lyon,100000,5051.087
lyon,100000,5073.978
lyon,100000,5074.0
lyon,100000,5074.007
lyon,100000,5074.012
lyon,100000,5074.045
lyon,100000,5074.052
lyon,100000,5074.0566
lyon,100000,5074.063
lyon,100000,5074.0845
lyon,100000,5097.0435
lyon,100000,5097.0654
lyon,100000,5097.0728
lyon,100000,5097.0776
lyon,100000,5097.0825
lyon,100000,5097.0894
lyon,100000,5097.095
lyon,100000,5097.1
lyon,100000,5097.105
lyon,100000,5119.7954
lyon,100000,5119.8174
lyon,100000,5119.8237
lyon,100000,5119.829
lyon,100000,5119.8354
lyon,100000,5119.841
lyon,100000,5119.845
lyon,100000,5119.85
lyon,100000,5119.8555
lyon,100000,5142.7554
lyon,100000,5142.791
lyon,100000,5142.8467
lyon,100000,5142.8594
lyon,100000,5142.869
lyon,100000,5142.8794
rennes,100000,4979.1562
rennes,100000,4979.2026
rennes,100000,4979.2153
rennes,100000,4979.2256
rennes,100000,4979.2354
rennes,100000,4979.245
rennes,100000,4979.255
rennes,100000,4979.264
rennes,100000,4979.2744
rennes,100000,5002.3267
rennes,100000,5002.372
rennes,100000,5002.385
rennes,100000,5002.395
rennes,100000,5002.4097
rennes,100000,5002.4194
rennes,100000,5002.4683
rennes,100000,5002.481
rennes,100000,5002.4966
rennes,100000,5025.363
rennes,100000,5025.399
rennes,100000,5025.422
rennes,100000,5025.4336
rennes,100000,5025.443
rennes,100000,5025.458
rennes,100000,5025.4673
rennes,100000,5025.4766
rennes,100000,5025.503
rennes,100000,5048.32
rennes,100000,5048.355
rennes,100000,5048.3613
rennes,100000,5048.373
rennes,100000,5048.378
rennes,100000,5048.383
rennes,100000,5048.3906
rennes,100000,5048.3945
rennes,100000,5048.4
rennes,100000,5071.348
rennes,100000,5071.3843
rennes,100000,5071.3975
rennes,100000,5071.408
rennes,100000,5071.456
rennes,100000,5071.4683
rennes,100000,5071.478
rennes,100000,5071.488
rennes,100000,5071.498
rennes,100000,5094.347
rennes,100000,5094.3833
rennes,100000,5094.395
rennes,100000,5094.4062
rennes,100000,5094.4155
rennes,100000,5094.426
rennes,100000,5094.4355
rennes,100000,5094.4453
rennes,100000,5094.4663
rennes,100000,5117.1367
rennes,100000,5117.177
rennes,100000,5117.1895
rennes,100000,5117.2134
rennes,100000,5117.2183
rennes,100000,5117.223
rennes,100000,5117.228
rennes,100000,5117.2334
rennes,100000,5117.2383
rennes,100000,5140.042
rennes,100000,5140.079
rennes,100000,5140.13
rennes,100000,5140.1436
rennes,100000,5140.154
rennes,100000,5140.1646
rennes,100000,4960.988
rennes,100000,4961.0063
rennes,100000,4961.012
rennes,100000,4961.025
rennes,100000,4961.03
rennes,100000,4961.0347
rennes,100000,4961.043
rennes,100000,4961.048
rennes,100000,4961.0522
rennes,100000,4983.8657
rennes,100000,4983.91
rennes,100000,4983.923
rennes,100000,4983.9336
rennes,100000,4983.943
rennes,100000,4983.9526
rennes,100000,4983.963
rennes,100000,4983.9727
rennes,100000,4983.9824
rennes,100000,5007.0376
rennes,100000,5007.083
rennes,100000,5007.0957
rennes,100000,5007.1055
rennes,100000,5007.119
rennes,100000,5007.1294
rennes,100000,5007.177
rennes,100000,5007.1904
rennes,100000,5007.205
rennes,100000,5030.0728
rennes,100000,5030.1074
rennes,100000,5030.13
rennes,100000,5030.1406
rennes,100000,5030.1494
rennes,100000,5030.164
rennes,100000,5030.175
rennes,100000,5030.184
rennes,100000,5030.21
rennes,100000,5053.038
rennes,100000,5053.0586
rennes,100000,5053.065
rennes,100000,5053.0767
rennes,100000,5053.0815
rennes,100000,5053.0864
rennes,100000,5053.096
rennes,100000,5053.101
rennes,100000,5053.106
rennes,100000,5076.059
rennes,100000,5076.0933
rennes,100000,5076.105
rennes,100000,5076.115
rennes,100000,5076.164
rennes,100000,5076.1777
rennes,100000,5076.188
rennes,100000,5076.1978
rennes,100000,5076.2075
rennes,100000,5099.056
rennes,100000,5099.0913
rennes,100000,5099.1035
rennes,100000,5099.113
rennes,100000,5099.123
rennes,100000,5099.1323
rennes,100000,5099.1523
rennes,100000,5099.157
rennes,100000,5099.162
rennes,100000,5121.7974
rennes,100000,5121.833
rennes,100000,5121.845
rennes,100000,5121.8555
rennes,100000,5121.865
rennes,100000,5121.8765
rennes,100000,5121.899
rennes,100000,5121.905
rennes,100000,5121.909
rennes,100000,5144.7183
rennes,100000,5144.7534
rennes,100000,5144.8057
rennes,100000,5144.819
rennes,100000,5144.829
rennes,100000,5144.8394
rennes,100000,4965.598
rennes,100000,4965.6167
rennes,100000,4965.623
rennes,100000,4965.6353
rennes,100000,4965.641
rennes,100000,4965.646
rennes,100000,4965.6533
rennes,100000,4965.659
rennes,100000,4965.664
rennes,100000,4988.466
rennes,100000,4988.5117
rennes,100000,4988.5244
rennes,100000,4988.5347
rennes,100000,4988.5435
rennes,100000,4988.5537
rennes,100000,4988.5635
rennes,100000,4988.573
rennes,100000,4988.583
rennes,100000,5011.64
rennes,100000,5011.686
rennes,100000,5011.6987
rennes,100000,5011.7085
rennes,100000,5011.724
rennes,100000,5011.734
rennes,100000,5011.7847
rennes,100000,5011.798
rennes,100000,5011.814
rennes,100000,5034.6753
rennes,100000,5034.71
rennes,100000,5034.7334
rennes,100000,5034.744
rennes,100000,5034.7544
rennes,100000,5034.7686
rennes,100000,5034.7793
rennes,100000,5034.788
rennes,100000,5034.8154
rennes,100000,5057.6406
rennes,100000,5057.6616
rennes,100000,5057.6675
rennes,100000,5057.6797
rennes,100000,5057.6846
rennes,100000,5057.689
rennes,100000,5057.6978
rennes,100000,5057.702
rennes,100000,5057.707
rennes,100000,5080.661
rennes,100000,5080.6953
rennes,100000,5080.7075
rennes,100000,5080.718
rennes,100000,5080.7676
rennes,100000,5080.781
rennes,100000,5080.791
rennes,100000,5080.8003
rennes,100000,5080.8105
rennes,100000,5103.6587
rennes,100000,5103.6934
rennes,100000,5103.7056
rennes,100000,5103.715
rennes,100000,5103.725
rennes,100000,5103.7344
rennes,100000,5103.7554
rennes,100000,5103.7607
rennes,100000,5103.765
rennes,100000,5126.4087
rennes,100000,5126.445
rennes,100000,5126.457
rennes,100000,5126.4673
rennes,100000,5126.477
rennes,100000,5126.4863
rennes,100000,5126.5063
rennes,100000,5126.511
rennes,100000,5126.5156
rennes,100000,5149.3286
rennes,100000,5149.3633
rennes,100000,5149.416
rennes,100000,5149.429
rennes,100000,5149.4395
rennes,100000,5149.4497
rennes,100000,4993.58
rennes,100000,4993.6265
rennes,100000,4993.64
rennes,100000,4993.6504
rennes,100000,4993.66
rennes,100000,4993.67
rennes,100000,4993.6807
rennes,100000,4993.6904
rennes,100000,4993.7
rennes,100000,5016.747
rennes,100000,5016.795
rennes,100000,5016.807
rennes,100000,5016.8164
rennes,100000,5016.8315
rennes,100000,5016.842
rennes,100000,5016.8887
rennes,100000,5016.9014
rennes,100000,5016.917
rennes,100000,5039.7827
rennes,100000,5039.8193
rennes,100000,5039.8433
rennes,100000,5039.853
rennes,100000,5039.8633
rennes,100000,5039.8823
rennes,100000,5039.892
rennes,100000,5039.9014
rennes,100000,5039.9272
rennes,100000,5062.751
rennes,100000,5062.7725
rennes,100000,5062.7783
rennes,100000,5062.7905
rennes,100000,5062.795
rennes,100000,5062.8003
rennes,100000,5062.808
rennes,100000,5062.813
rennes,100000,5062.8174
rennes,100000,5085.7744
rennes,100000,5085.8105
rennes,100000,5085.8228
rennes,100000,5085.8325
rennes,100000,5085.8823
rennes,100000,5085.895
rennes,100000,5085.9053
rennes,100000,5085.915
rennes,100000,5085.9253
rennes,100000,5108.7715
rennes,100000,5108.809
rennes,100000,5108.8213
rennes,100000,5108.8315
rennes,100000,5108.8413
rennes,100000,5108.851
rennes,100000,5108.874
rennes,100000,5108.88
rennes,100000,5108.885
rennes,100000,5131.511
rennes,100000,5131.547
rennes,100000,5131.5596
rennes,100000,5131.5693
rennes,100000,5131.5815
rennes,100000,5131.591
rennes,100000,5131.601
rennes,100000,5131.623
rennes,100000,5131.629
rennes,100000,5154.4326
rennes,100000,5154.47
rennes,100000,5154.524
rennes,100000,5154.5366
rennes,100000,5154.547
rennes,100000,5154.5566
rennes,100000,4975.4644
rennes,100000,4975.484
rennes,100000,4975.49
rennes,100000,4975.502
rennes,100000,4975.507
rennes,100000,4975.5117
rennes,100000,4975.52
rennes,100000,4975.525
rennes,100000,4975.53
rennes,100000,4998.342
rennes,100000,4998.3887
rennes,100000,4998.4023
rennes,100000,4998.412
rennes,100000,4998.422
rennes,100000,4998.4316
rennes,100000,4998.4424
rennes,100000,4998.452
rennes,100000,4998.462
rennes,100000,5021.5146
rennes,100000,5021.5615
rennes,100000,5021.5747
rennes,100000,5021.5845
rennes,100000,5021.599
rennes,100000,5021.6094
rennes,100000,5021.669
rennes,100000,5021.6826
rennes,100000,5021.6987
rennes,100000,5044.5503
rennes,100000,5044.5864
rennes,100000,5044.61
rennes,100000,5044.6206
rennes,100000,5044.63
rennes,100000,5044.645
rennes,100000,5044.656
rennes,100000,5044.6655
rennes,100000,5044.6914
rennes,100000,5067.5146
rennes,100000,5067.5347
rennes,100000,5067.5405
rennes,100000,5067.5527
rennes,100000,5067.5576
rennes,100000,5067.5625
rennes,100000,5067.571
rennes,100000,5067.5757
rennes,100000,5067.58
rennes,100000,5090.535
rennes,100000,5090.5723
rennes,100000,5090.585
rennes,100000,5090.595
rennes,100000,5090.645
rennes,100000,5090.6577
rennes,100000,5090.6685
rennes,100000,5090.6787
rennes,100000,5090.689
rennes,100000,5113.5327
rennes,100000,5113.5693
rennes,100000,5113.5815
rennes,100000,5113.5923
rennes,100000,5113.602
rennes,100000,5113.625
rennes,100000,5113.6323
rennes,100000,5113.637
rennes,100000,5113.642
rennes,100000,5136.274
rennes,100000,5136.31
rennes,100000,5136.323
rennes,100000,5136.334
rennes,100000,5136.3438
rennes,100000,5136.3555
rennes,100000,5136.377
rennes,100000,5136.383
rennes,100000,5136.387
rennes,100000,5159.1973
rennes,100000,5159.235
rennes,100000,5159.288
rennes,100000,5159.3013
rennes,100000,5159.312
rennes,100000,5159.3223
nantes,100000,4894.609
nantes,100000,4894.631
nantes,100000,4894.6377
nantes,100000,4894.6504
nantes,100000,4894.6567
nantes,100000,4894.662
nantes,100000,4894.67
nantes,100000,4894.6753
nantes,100000,4894.6807
nantes,100000,4917.5127
nantes,100000,4917.542
nantes,100000,4917.55
nantes,100000,4917.555
nantes,100000,4917.56
nantes,100000,4917.5654
nantes,100000,4917.5703
nantes,100000,4917.575
nantes,100000,4917.5806
nantes,100000,4940.7173
nantes,100000,4940.747
nantes,100000,4940.7544
nantes,100000,4940.7603
nantes,100000,4940.7686
nantes,100000,4940.774
nantes,100000,4940.8027
nantes,100000,4940.809
nantes,100000,4940.819
nantes,100000,4963.7363
nantes,100000,4963.759
nantes,100000,4963.774
nantes,100000,4963.7793
nantes,100000,4963.784
nantes,100000,4963.793
nantes,100000,4963.7974
nantes,100000,4963.8022
nantes,100000,4963.818
nantes,100000,4986.683
nantes,100000,4986.721
nantes,100000,4986.734
nantes,100000,4986.765
nantes,100000,4986.7705
nantes,100000,4986.7764
nantes,100000,4986.787
nantes,100000,4986.793
nantes,100000,4986.7983
nantes,100000,5009.7466
nantes,100000,5009.7656
nantes,100000,5009.7725
nantes,100000,5009.7773
nantes,100000,5009.803
nantes,100000,5009.809
nantes,100000,5009.814
nantes,100000,5009.8184
nantes,100000,5009.823
nantes,100000,5032.6353
nantes,100000,5032.671
nantes,100000,5032.6772
nantes,100000,5032.683
nantes,100000,5032.6875
nantes,100000,5032.693
nantes,100000,5032.6978
nantes,100000,5032.7026
nantes,100000,5032.707
nantes,100000,5055.4517
nantes,100000,5055.471
nantes,100000,5055.478
nantes,100000,5055.484
nantes,100000,5055.489
nantes,100000,5055.493
nantes,100000,5055.498
nantes,100000,5055.503
nantes,100000,5055.508
nantes,100000,5078.37
nantes,100000,5078.406
nantes,100000,5078.4336
nantes,100000,5078.44
nantes,100000,5078.445
nantes,100000,5078.449
nantes,100000,4924.0034
nantes,100000,4924.031
nantes,100000,4924.038
nantes,100000,4924.043
nantes,100000,4924.0483
nantes,100000,4924.0537
nantes,100000,4924.06
nantes,100000,4924.0654
nantes,100000,4924.0703
nantes,100000,4947.2085
nantes,100000,4947.236
nantes,100000,4947.243
nantes,100000,4947.2485
nantes,100000,4947.2573
nantes,100000,4947.2627
nantes,100000,4947.2954
nantes,100000,4947.3027
nantes,100000,4947.3125
nantes,100000,4970.2246
nantes,100000,4970.2456
nantes,100000,4970.26
nantes,100000,4970.2656
nantes,100000,4970.27
nantes,100000,4970.279
nantes,100000,4970.2847
nantes,100000,4970.289
nantes,100000,4970.3076
nantes,100000,4993.1885
nantes,100000,4993.2314
nantes,100000,4993.2383
nantes,100000,4993.251
nantes,100000,4993.256
nantes,100000,4993.261
nantes,100000,4993.2705
nantes,100000,4993.276
nantes,100000,4993.281
nantes,100000,5016.23
nantes,100000,5016.2476
nantes,100000,5016.254
nantes,100000,5016.2593
nantes,100000,5016.286
nantes,100000,5016.2925
nantes,100000,5016.2974
nantes,100000,5016.3022
nantes,100000,5016.307
nantes,100000,5039.143
nantes,100000,5039.1606
nantes,100000,5039.167
nantes,100000,5039.1724
nantes,100000,5039.177
nantes,100000,5039.1816
nantes,100000,5039.187
nantes,100000,5039.1924
nantes,100000,5039.197
nantes,100000,5061.9375
nantes,100000,5061.9556
nantes,100000,5061.9614
nantes,100000,5061.9663
nantes,100000,5061.9717
nantes,100000,5061.9766
nantes,100000,5061.9814
nantes,100000,5061.9863
nantes,100000,5061.9917
nantes,100000,5084.8784
nantes,100000,5084.8975
nantes,100000,5084.9253
nantes,100000,5084.9316
nantes,100000,5084.937
nantes,100000,5084.9424
nantes,100000,4906.1606
nantes,100000,4906.182
nantes,100000,4906.1885
nantes,100000,4906.204
nantes,100000,4906.2095
nantes,100000,4906.215
nantes,100000,4906.2236
nantes,100000,4906.2295
nantes,100000,4906.2344
nantes,100000,4929.064
nantes,100000,4929.0913
nantes,100000,4929.099
nantes,100000,4929.1045
nantes,100000,4929.109
nantes,100000,4929.1147
nantes,100000,4929.1196
nantes,100000,4929.125
nantes,100000,4929.13
nantes,100000,4952.2764
nantes,100000,4952.3066
nantes,100000,4952.3145
nantes,100000,4952.32
nantes,100000,4952.329
nantes,100000,4952.3345
nantes,100000,4952.34
nantes,100000,4952.3696
nantes,100000,4952.3804
nantes,100000,4975.2925
nantes,100000,4975.314
nantes,100000,4975.3286
nantes,100000,4975.334
nantes,100000,4975.339
nantes,100000,4975.3477
nantes,100000,4975.353
nantes,100000,4975.358
nantes,100000,4975.3735
nantes,100000,4998.2583
nantes,100000,4998.3013
nantes,100000,4998.3086
nantes,100000,4998.3213
nantes,100000,4998.3267
nantes,100000,4998.332
nantes,100000,4998.3413
nantes,100000,4998.3467
nantes,100000,4998.3516
nantes,100000,5021.3003
nantes,100000,5021.318
nantes,100000,5021.324
nantes,100000,5021.3296
nantes,100000,5021.3555
nantes,100000,5021.362
nantes,100000,5021.3667
nantes,100000,5021.3716
nantes,100000,5021.3765
nantes,100000,5044.205
nantes,100000,5044.224
nantes,100000,5044.2305
nantes,100000,5044.2354
nantes,100000,5044.24
nantes,100000,5044.2446
nantes,100000,5044.25
nantes,100000,5044.255
nantes,100000,5044.26
nantes,100000,5067.006
nantes,100000,5067.025
nantes,100000,5067.031
nantes,100000,5067.036
nantes,100000,5067.041
nantes,100000,5067.046
nantes,100000,5067.051
nantes,100000,5067.0557
nantes,100000,5067.0605
nantes,100000,5089.94
nantes,100000,5089.9585
nantes,100000,5089.986
nantes,100000,5089.992
nantes,100000,5089.9966
nantes,100000,5090.002
nantes,100000,4912.7344
nantes,100000,4912.755
nantes,100000,4912.762
nantes,100000,4912.776
nantes,100000,4912.7817
nantes,100000,4912.788
nantes,100000,4912.7974
nantes,100000,4912.8037
nantes,100000,4912.8086
nantes,100000,4935.638
nantes,100000,4935.6655
nantes,100000,4935.673
nantes,100000,4935.678
nantes,100000,4935.6826
nantes,100000,4935.688
nantes,100000,4935.694
nantes,100000,4935.699
nantes,100000,4935.704
nantes,100000,4958.8438
nantes,100000,4958.8726
nantes,100000,4958.879
nantes,100000,4958.8843
nantes,100000,4958.8926
nantes,100000,4958.8984
nantes,100000,4958.937
nantes,100000,4958.9453
nantes,100000,4958.9546
nantes,100000,4981.8594
nantes,100000,4981.8804
nantes,100000,4981.894
nantes,100000,4981.8994
nantes,100000,4981.9043
nantes,100000,4981.913
nantes,100000,4981.9185
nantes,100000,4981.9233
nantes,100000,4981.942
nantes,100000,5004.824
nantes,100000,5004.8667
nantes,100000,5004.8735
nantes,100000,5004.8867
nantes,100000,5004.892
nantes,100000,5004.897
nantes,100000,5004.9062
nantes,100000,5004.9116
nantes,100000,5004.9165
nantes,100000,5027.8657
nantes,100000,5027.885
nantes,100000,5027.891
nantes,100000,5027.8965
nantes,100000,5027.923
nantes,100000,5027.9287
nantes,100000,5027.9336
nantes,100000,5027.9385
nantes,100000,5027.944
nantes,100000,5050.771
nantes,100000,5050.79
nantes,100000,5050.796
nantes,100000,5050.801
nantes,100000,5050.806
nantes,100000,5050.811
nantes,100000,5050.816
nantes,100000,5050.821
nantes,100000,5050.8257
nantes,100000,5073.5723
nantes,100000,5073.592
nantes,100000,5073.598
nantes,100000,5073.603
nantes,100000,5073.608
nantes,100000,5073.613
nantes,100000,5073.618
nantes,100000,5073.6226
nantes,100000,5073.6274
nantes,100000,5096.506
nantes,100000,5096.5244
nantes,100000,5096.5513
nantes,100000,5096.5576
nantes,100000,5096.5625
nantes,100000,5096.568
nancy,100000,5199.1333
nancy,100000,5199.1743
nancy,100000,5199.1875
nancy,100000,5199.2085
nancy,100000,5199.219
nancy,100000,5199.2295
nancy,100000,5199.244
nancy,100000,5199.2544
nancy,100000,5199.2656
nancy,100000,5222.0146
nancy,100000,5222.036
nancy,100000,5222.0415
nancy,100000,5222.045
nancy,100000,5222.048
nancy,100000,5222.0513
nancy,100000,5222.054
nancy,100000,5222.057
nancy,100000,5222.0605
nancy,100000,5245.1094
nancy,100000,5245.1777
nancy,100000,5245.192
nancy,100000,5245.202
nancy,100000,5245.2163
nancy,100000,5245.227
nancy,100000,5245.2837
nancy,100000,5245.2954
nancy,100000,5245.3105
nancy,100000,5268.1636
nancy,100000,5268.2056
nancy,100000,5268.23
nancy,100000,5268.2407
nancy,100000,5268.2505
nancy,100000,5268.264
nancy,100000,5268.2744
nancy,100000,5268.2837
nancy,100000,5268.3174
nancy,100000,5291.1343
nancy,100000,5291.1763
nancy,100000,5291.1895
nancy,100000,5291.2104
nancy,100000,5291.2207
nancy,100000,5291.2305
nancy,100000,5291.2437
nancy,100000,5291.254
nancy,100000,5291.2646
nancy,100000,5314.184
nancy,100000,5314.226
nancy,100000,5314.2397
nancy,100000,5314.2505
nancy,100000,5314.3027
nancy,100000,5314.315
nancy,100000,5314.3247
nancy,100000,5314.3345
nancy,100000,5314.3457
nancy,100000,5337.166
nancy,100000,5337.2085
nancy,100000,5337.222
nancy,100000,5337.232
nancy,100000,5337.242
nancy,100000,5337.252
nancy,100000,5337.2617
nancy,100000,5337.2715
nancy,100000,5337.282
nancy,100000,5359.8916
nancy,100000,5359.9336
nancy,100000,5359.9478
nancy,100000,5359.9575
nancy,100000,5359.9683
nancy,100000,5359.978
nancy,100000,5359.9883
nancy,100000,5359.997
nancy,100000,5360.0093
nancy,100000,5382.8574
nancy,100000,5382.899
nancy,100000,5382.954
nancy,100000,5382.967
nancy,100000,5382.9775
nancy,100000,5382.988
nantes,100000,4941.221
nantes,100000,4941.2505
nantes,100000,4941.2573
nantes,100000,4941.2627
nantes,100000,4941.2686
nantes,100000,4941.274
nantes,100000,4941.279
nantes,100000,4941.284
nantes,100000,4941.289
nantes,100000,4964.4307
nantes,100000,4964.4604
nantes,100000,4964.4673
nantes,100000,4964.4727
nantes,100000,4964.4814
nantes,100000,4964.4863
nantes,100000,4964.4917
nantes,100000,4964.5215
nantes,100000,4964.5317
nantes,100000,4987.45
nantes,100000,4987.473
nantes,100000,4987.487
nantes,100000,4987.4927
nantes,100000,4987.498
nantes,100000,4987.5063
nantes,100000,4987.5117
nantes,100000,4987.517
nantes,100000,4987.5327
nantes,100000,5010.4053
nantes,100000,5010.457
nantes,100000,5010.466
nantes,100000,5010.4785
nantes,100000,5010.484
nantes,100000,5010.4893
nantes,100000,5010.498
nantes,100000,5010.503
nantes,100000,5010.5083
nantes,100000,5033.458
nantes,100000,5033.4775
nantes,100000,5033.4834
nantes,100000,5033.489
nantes,100000,5033.5146
nantes,100000,5033.521
nantes,100000,5033.5264
nantes,100000,5033.5312
nantes,100000,5033.536
nantes,100000,5056.361
nantes,100000,5056.3804
nantes,100000,5056.386
nantes,100000,5056.3916
nantes,100000,5056.3965
nantes,100000,5056.402
nantes,100000,5056.4067
nantes,100000,5056.4116
nantes,100000,5056.4165
nantes,100000,5079.16
nantes,100000,5079.1787
nantes,100000,5079.185
nantes,100000,5079.19
nantes,100000,5079.1953
nantes,100000,5079.2
nantes,100000,5079.205
nantes,100000,5079.21
nantes,100000,5079.2144
nantes,100000,5102.096
nantes,100000,5102.1157
nantes,100000,5102.143
nantes,100000,5102.15
nantes,100000,5102.155
nantes,100000,5102.16
nancy,100000,5002.265
nancy,100000,5002.3057
nancy,100000,5002.3203
nancy,100000,5002.358
nancy,100000,5002.3687
nancy,100000,5002.3794
nancy,100000,5002.3926
nancy,100000,5002.4033
nancy,100000,5002.413
nancy,100000,5025.11
nancy,100000,5025.168
nancy,100000,5025.1733
nancy,100000,5025.177
nancy,100000,5025.1797
nancy,100000,5025.1836
nancy,100000,5025.187
nancy,100000,5025.1904
nancy,100000,5025.194
nancy,100000,5048.22
nancy,100000,5048.275
nancy,100000,5048.2896
nancy,100000,5048.3
nancy,100000,5048.3145
nancy,100000,5048.3257
nancy,100000,5048.38
nancy,100000,5048.3906
nancy,100000,5048.406
nancy,100000,5071.267
nancy,100000,5071.309
nancy,100000,5071.345
nancy,100000,5071.349
nancy,100000,5071.3525
nancy,100000,5071.358
nancy,100000,5071.361
nancy,100000,5071.3643
nancy,100000,5071.3745
nancy,100000,5094.244
nancy,100000,5094.2866
nancy,100000,5094.3013
nancy,100000,5094.342
nancy,100000,5094.353
nancy,100000,5094.3643
nancy,100000,5094.378
nancy,100000,5094.388
nancy,100000,5094.398
nancy,100000,5117.284
nancy,100000,5117.3267
nancy,100000,5117.3413
nancy,100000,5117.362
nancy,100000,5117.3867
nancy,100000,5117.391
nancy,100000,5117.3945
nancy,100000,5117.398
nancy,100000,5117.4014
nancy,100000,5140.2637
nancy,100000,5140.306
nancy,100000,5140.3213
nancy,100000,5140.332
nancy,100000,5140.343
nancy,100000,5140.354
nancy,100000,5140.3643
nancy,100000,5140.374
nancy,100000,5140.385
nancy,100000,5162.979
nancy,100000,5163.0215
nancy,100000,5163.036
nancy,100000,5163.0474
nancy,100000,5163.058
nancy,100000,5163.0703
nancy,100000,5163.0806
nancy,100000,5163.0903
nancy,100000,5163.1006
nancy,100000,5185.9736
nancy,100000,5186.0166
nancy,100000,5186.0728
nancy,100000,5186.085
nancy,100000,5186.0947
nancy,100000,5186.1055
nancy,100000,5005.811
nancy,100000,5005.8516
nancy,100000,5005.8657
nancy,100000,5005.9023
nancy,100000,5005.912
nancy,100000,5005.923
nancy,100000,5005.9365
nancy,100000,5005.946
nancy,100000,5005.956
nancy,100000,5028.6562
nancy,100000,5028.7153
nancy,100000,5028.72
nancy,100000,5028.7236
nancy,100000,5028.7266
nancy,100000,5028.7305
nancy,100000,5028.7334
nancy,100000,5028.737
nancy,100000,5028.7397
nancy,100000,5051.769
nancy,100000,5051.823
nancy,100000,5051.8364
nancy,100000,5051.8467
nancy,100000,5051.8604
nancy,100000,5051.8696
nancy,100000,5051.8804
nancy,100000,5051.935
nancy,100000,5051.951
nancy,100000,5074.8164
nancy,100000,5074.8584
nancy,100000,5074.893
nancy,100000,5074.8965
nancy,100000,5074.9
nancy,100000,5074.905
nancy,100000,5074.908
nancy,100000,5074.911
nancy,100000,5074.921
nancy,100000,5097.7925
nancy,100000,5097.8354
nancy,100000,5097.8496
nancy,100000,5097.8887
nancy,100000,5097.899
nancy,100000,5097.9097
nancy,100000,5097.923
nancy,100000,5097.932
nancy,100000,5097.942
nancy,100000,5120.8325
nancy,100000,5120.8735
nancy,100000,5120.887
nancy,100000,5120.9087
nancy,100000,5120.9326
nancy,100000,5120.9365
nancy,100000,5120.94
nancy,100000,5120.9424
nancy,100000,5120.946
nancy,100000,5143.8096
nancy,100000,5143.8516
nancy,100000,5143.866
nancy,100000,5143.8765
nancy,100000,5143.886
nancy,100000,5143.897
nancy,100000,5143.9067
nancy,100000,5143.916
nancy,100000,5143.926
nancy,100000,5166.528
nancy,100000,5166.5703
nancy,100000,5166.5845
nancy,100000,5166.595
nancy,100000,5166.605
nancy,100000,5166.6157
nancy,100000,5166.625
nancy,100000,5166.635
nancy,100000,5166.6445
nancy,100000,5189.5215
nancy,100000,5189.564
nancy,100000,5189.6177
nancy,100000,5189.6294
nancy,100000,5189.639
nancy,100000,5189.65
nancy,100000,5009.8877
nancy,100000,5009.928
nancy,100000,5009.941
nancy,100000,5009.962
nancy,100000,5009.9893
nancy,100000,5010.0
nancy,100000,5010.014
nancy,100000,5010.0234
nancy,100000,5010.034
nancy,100000,5032.731
nancy,100000,5032.783
nancy,100000,5032.7964
nancy,100000,5032.8145
nancy,100000,5032.818
nancy,100000,5032.8213
nancy,100000,5032.8247
nancy,100000,5032.827
nancy,100000,5032.8306
nancy,100000,5055.8433
nancy,100000,5055.8965
nancy,100000,5055.9097
nancy,100000,5055.9194
nancy,100000,5055.934
nancy,100000,5055.944
nancy,100000,5055.954
nancy,100000,5056.005
nancy,100000,5056.02
nancy,100000,5078.894
nancy,100000,5078.9355
nancy,100000,5078.961
nancy,100000,5078.9707
nancy,100000,5078.993
nancy,100000,5078.9976
nancy,100000,5079.001
nancy,100000,5079.004
nancy,100000,5079.013
nancy,100000,5101.8755
nancy,100000,5101.9175
nancy,100000,5101.9316
nancy,100000,5101.9526
nancy,100000,5101.9624
nancy,100000,5101.9893
nancy,100000,5102.0034
nancy,100000,5102.013
nancy,100000,5102.024
nancy,100000,5124.9136
nancy,100000,5124.9556
nancy,100000,5124.9697
nancy,100000,5124.98
nancy,100000,5125.03
nancy,100000,5125.0337
nancy,100000,5125.037
nancy,100000,5125.04
nancy,100000,5125.0435
nancy,100000,5147.8896
nancy,100000,5147.9316
nancy,100000,5147.9463
nancy,100000,5147.9575
nancy,100000,5147.9683
nancy,100000,5147.9785
nancy,100000,5147.9883
nancy,100000,5147.998
nancy,100000,5148.008
nancy,100000,5170.609
nancy,100000,5170.6504
nancy,100000,5170.6646
nancy,100000,5170.6753
nancy,100000,5170.6865
nancy,100000,5170.697
nancy,100000,5170.706
nancy,100000,5170.7163
nancy,100000,5170.7266
nancy,100000,5193.6
nancy,100000,5193.642
nancy,100000,5193.697
nancy,100000,5193.709
nancy,100000,5193.72
nancy,100000,5193.7305
nancy,100000,5013.9062
nancy,100000,5013.9595
nancy,100000,5013.981
nancy,100000,5014.011
nancy,100000,5014.042
nancy,100000,5014.0522
nancy,100000,5014.0674
nancy,100000,5014.0776
nancy,100000,5014.088
nancy,100000,5036.7515
nancy,100000,5036.814
nancy,100000,5036.837
nancy,100000,5036.86
nancy,100000,5036.8647
nancy,100000,5036.869
nancy,100000,5036.8726
nancy,100000,5036.8755
nancy,100000,5036.8784
nancy,100000,5059.8623
nancy,100000,5059.927
nancy,100000,5059.95
nancy,100000,5059.9683
nancy,100000,5059.991
nancy,100000,5060.0034
nancy,100000,5060.056
nancy,100000,5060.0684
nancy,100000,5060.0835
nancy,100000,5082.9126
nancy,100000,5082.9644
nancy,100000,5082.9985
nancy,100000,5083.0176
nancy,100000,5083.0405
nancy,100000,5083.046
nancy,100000,5083.049
nancy,100000,5083.0522
nancy,100000,5083.0615
nancy,100000,5105.889
nancy,100000,5105.941
nancy,100000,5105.964
nancy,100000,5105.992
nancy,100000,5106.0073
nancy,100000,5106.0366
nancy,100000,5106.0527
nancy,100000,5106.063
nancy,100000,5106.073
nancy,100000,5128.93
nancy,100000,5128.981
nancy,100000,5129.0034
nancy,100000,5129.0234
nancy,100000,5129.072
nancy,100000,5129.076
nancy,100000,5129.079
nancy,100000,5129.082
nancy,100000,5129.085
nancy,100000,5151.9062
nancy,100000,5151.959
nancy,100000,5151.982
nancy,100000,5152.0
nancy,100000,5152.0176
nancy,100000,5152.033
nancy,100000,5152.0444
nancy,100000,5152.0547
nancy,100000,5152.0654
nancy,100000,5174.627
nancy,100000,5174.6797
nancy,100000,5174.7026
nancy,100000,5174.721
nancy,100000,5174.7354
nancy,100000,5174.7466
nancy,100000,5174.7563
nancy,100000,5174.767
nancy,100000,5174.7773
nancy,100000,5197.619
nancy,100000,5197.672
nancy,100000,5197.7354
nancy,100000,5197.7476
nancy,100000,5197.758
nancy,100000,5197.7676
nancy,100000,5018.056
nancy,100000,5018.097
nancy,100000,5018.1104
nancy,100000,5018.1484
nancy,100000,5018.158
nancy,100000,5018.168
nancy,100000,5018.182
nancy,100000,5018.1924
nancy,100000,5018.202
nancy,100000,5040.8965
nancy,100000,5040.9565
nancy,100000,5040.9624
nancy,100000,5040.9653
nancy,100000,5040.9683
nancy,100000,5040.972
nancy,100000,5040.975
nancy,100000,5040.9785
nancy,100000,5040.9814
nancy,100000,5064.0107
nancy,100000,5064.0645
nancy,100000,5064.0786
nancy,100000,5064.089
nancy,100000,5064.103
nancy,100000,5064.1133
nancy,100000,5064.168
nancy,100000,5064.1797
nancy,100000,5064.1943
nancy,100000,5087.059
nancy,100000,5087.101
nancy,100000,5087.1357
nancy,100000,5087.139
nancy,100000,5087.1426
nancy,100000,5087.147
nancy,100000,5087.1504
nancy,100000,5087.1533
nancy,100000,5087.163
nancy,100000,5110.0356
nancy,100000,5110.0776
nancy,100000,5110.092
nancy,100000,5110.131
nancy,100000,5110.141
nancy,100000,5110.151
nancy,100000,5110.1646
nancy,100000,5110.1743
nancy,100000,5110.184
nancy,100000,5133.0757
nancy,100000,5133.117
nancy,100000,5133.131
nancy,100000,5133.152
nancy,100000,5133.1753
nancy,100000,5133.179
nancy,100000,5133.1826
nancy,100000,5133.1855
nancy,100000,5133.189
nancy,100000,5156.054
nancy,100000,5156.096
nancy,100000,5156.1104
nancy,100000,5156.1206
nancy,100000,5156.131
nancy,100000,5156.141
nancy,100000,5156.1523
nancy,100000,5156.1616
nancy,100000,5156.172
nancy,100000,5178.7715
nancy,100000,5178.814
nancy,100000,5178.828
nancy,100000,5178.8394
nancy,100000,5178.85
nancy,100000,5178.8604
nancy,100000,5178.872
nancy,100000,5178.8823
nancy,100000,5178.8926
nancy,100000,5201.765
nancy,100000,5201.808
nancy,100000,5201.8623
nancy,100000,5201.875
nancy,100000,5201.8853
nancy,100000,5201.8955
rennes,100000,4919.1055
rennes,100000,4919.141
rennes,100000,4919.1543
rennes,100000,4919.176
rennes,100000,4919.187
rennes,100000,4919.1973
rennes,100000,4919.2124
rennes,100000,4919.2227
rennes,100000,4919.233
rennes,100000,4941.9775
rennes,100000,4942.0234
rennes,100000,4942.037
rennes,100000,4942.0474
rennes,100000,4942.0576
rennes,100000,4942.0674
rennes,100000,4942.0767
rennes,100000,4942.087
rennes,100000,4942.097
rennes,100000,4965.116
rennes,100000,4965.1562
rennes,100000,4965.163
rennes,100000,4965.168
rennes,100000,4965.177
rennes,100000,4965.1816
rennes,100000,4965.2114
rennes,100000,4965.2197
rennes,100000,4965.2285
rennes,100000,4988.1855
rennes,100000,4988.221
rennes,100000,4988.246
rennes,100000,4988.2563
rennes,100000,4988.266
rennes,100000,4988.2812
rennes,100000,4988.2915
rennes,100000,4988.3013
rennes,100000,4988.3286
rennes,100000,5011.149
rennes,100000,5011.182
rennes,100000,5011.189
rennes,100000,5011.2007
rennes,100000,5011.206
rennes,100000,5011.2114
rennes,100000,5011.219
rennes,100000,5011.224
rennes,100000,5011.229
rennes,100000,5034.183
rennes,100000,5034.2188
rennes,100000,5034.232
rennes,100000,5034.242
rennes,100000,5034.2915
rennes,100000,5034.305
rennes,100000,5034.3145
rennes,100000,5034.3247
rennes,100000,5034.3345
rennes,100000,5057.1396
rennes,100000,5057.1763
rennes,100000,5057.1895
rennes,100000,5057.1997
rennes,100000,5057.2095
rennes,100000,5057.2197
rennes,100000,5057.2295
rennes,100000,5057.2397
rennes,100000,5057.2495
rennes,100000,5079.9355
rennes,100000,5079.9736
rennes,100000,5079.9873
rennes,100000,5079.9976
rennes,100000,5080.0073
rennes,100000,5080.0176
rennes,100000,5080.0386
rennes,100000,5080.044
rennes,100000,5080.0483
rennes,100000,5102.8643
rennes,100000,5102.9004
rennes,100000,5102.968
rennes,100000,5102.994
rennes,100000,5102.9995
rennes,100000,5103.0044
rennes,100000,4946.6353
rennes,100000,4946.682
rennes,100000,4946.695
rennes,100000,4946.705
rennes,100000,4946.715
rennes,100000,4946.725
rennes,100000,4946.7354
rennes,100000,4946.757
rennes,100000,4946.774
rennes,100000,4969.7627
rennes,100000,4969.79
rennes,100000,4969.797
rennes,100000,4969.802
rennes,100000,4969.81
rennes,100000,4969.816
rennes,100000,4969.846
rennes,100000,4969.854
rennes,100000,4969.8623
rennes,100000,4992.84
rennes,100000,4992.876
rennes,100000,4992.899
rennes,100000,4992.9097
rennes,100000,4992.9194
rennes,100000,4992.934
rennes,100000,4992.9453
rennes,100000,4992.9546
rennes,100000,4992.9805
rennes,100000,5015.7964
rennes,100000,5015.817
rennes,100000,5015.8228
rennes,100000,5015.8354
rennes,100000,5015.8403
rennes,100000,5015.8457
rennes,100000,5015.854
rennes,100000,5015.859
rennes,100000,5015.864
rennes,100000,5038.8394
rennes,100000,5038.8745
rennes,100000,5038.8877
rennes,100000,5038.8975
rennes,100000,5038.949
rennes,100000,5038.963
rennes,100000,5038.973
rennes,100000,5038.9834
rennes,100000,5038.9937
rennes,100000,5061.7944
rennes,100000,5061.8315
rennes,100000,5061.8433
rennes,100000,5061.854
rennes,100000,5061.8633
rennes,100000,5061.8735
rennes,100000,5061.8843
rennes,100000,5061.895
rennes,100000,5061.905
rennes,100000,5084.5864
rennes,100000,5084.623
rennes,100000,5084.6357
rennes,100000,5084.6567
rennes,100000,5084.6626
rennes,100000,5084.668
rennes,100000,5084.673
rennes,100000,5084.6777
rennes,100000,5084.683
rennes,100000,5107.518
rennes,100000,5107.553
rennes,100000,5107.615
rennes,100000,5107.6245
rennes,100000,5107.63
rennes,100000,5107.635
rennes,100000,4928.2017
rennes,100000,4928.235
rennes,100000,4928.2476
rennes,100000,4928.2686
rennes,100000,4928.279
rennes,100000,4928.29
rennes,100000,4928.305
rennes,100000,4928.315
rennes,100000,4928.3247
rennes,100000,4951.076
rennes,100000,4951.122
rennes,100000,4951.135
rennes,100000,4951.1445
rennes,100000,4951.1543
rennes,100000,4951.1636
rennes,100000,4951.187
rennes,100000,4951.194
rennes,100000,4951.211
rennes,100000,4974.212
rennes,100000,4974.238
rennes,100000,4974.2446
rennes,100000,4974.249
rennes,100000,4974.2573
rennes,100000,4974.262
rennes,100000,4974.293
rennes,100000,4974.3
rennes,100000,4974.309
rennes,100000,4997.282
rennes,100000,4997.3174
rennes,100000,4997.341
rennes,100000,4997.3506
rennes,100000,4997.3604
rennes,100000,4997.375
rennes,100000,4997.3857
rennes,100000,4997.3955
rennes,100000,4997.425
rennes,100000,5020.243
rennes,100000,5020.2627
rennes,100000,5020.269
rennes,100000,5020.281
rennes,100000,5020.2856
rennes,100000,5020.291
rennes,100000,5020.299
rennes,100000,5020.3037
rennes,100000,5020.3086
rennes,100000,5043.282
rennes,100000,5043.318
rennes,100000,5043.3296
rennes,100000,5043.34
rennes,100000,5043.3896
rennes,100000,5043.403
rennes,100000,5043.4126
rennes,100000,5043.423
rennes,100000,5043.432
rennes,100000,5066.2373
rennes,100000,5066.274
rennes,100000,5066.2866
rennes,100000,5066.296
rennes,100000,5066.3057
rennes,100000,5066.315
rennes,100000,5066.326
rennes,100000,5066.335
rennes,100000,5066.3447
rennes,100000,5089.035
rennes,100000,5089.0703
rennes,100000,5089.092
rennes,100000,5089.097
rennes,100000,5089.1016
rennes,100000,5089.106
rennes,100000,5089.1113
rennes,100000,5089.1157
rennes,100000,5089.1206
rennes,100000,5111.96
rennes,100000,5111.9946
rennes,100000,5112.053
rennes,100000,5112.061
rennes,100000,5112.066
rennes,100000,5112.071
rennes,100000,4956.3354
rennes,100000,4956.3813
rennes,100000,4956.394
rennes,100000,4956.4043
rennes,100000,4956.414
rennes,100000,4956.424
rennes,100000,4956.4346
rennes,100000,4956.456
rennes,100000,4956.4746
rennes,100000,4979.472
rennes,100000,4979.5
rennes,100000,4979.507
rennes,100000,4979.5117
rennes,100000,4979.5195
rennes,100000,4979.5244
rennes,100000,4979.5557
rennes,100000,4979.5635
rennes,100000,4979.5723
rennes,100000,5002.549
rennes,100000,5002.586
rennes,100000,5002.6094
rennes,100000,5002.6196
rennes,100000,5002.63
rennes,100000,5002.6445
rennes,100000,5002.6553
rennes,100000,5002.6646
rennes,100000,5002.6904
rennes,100000,5025.5034
rennes,100000,5025.523
rennes,100000,5025.5293
rennes,100000,5025.542
rennes,100000,5025.5464
rennes,100000,5025.552
rennes,100000,5025.5596
rennes,100000,5025.564
rennes,100000,5025.5684
rennes,100000,5048.5483
rennes,100000,5048.5845
rennes,100000,5048.597
rennes,100000,5048.608
rennes,100000,5048.658
rennes,100000,5048.6714
rennes,100000,5048.6816
rennes,100000,5048.692
rennes,100000,5048.7017
rennes,100000,5071.504
rennes,100000,5071.5415
rennes,100000,5071.554
rennes,100000,5071.5645
rennes,100000,5071.574
rennes,100000,5071.5845
rennes,100000,5071.5957
rennes,100000,5071.6055
rennes,100000,5071.616
rennes,100000,5094.302
rennes,100000,5094.339
rennes,100000,5094.3604
rennes,100000,5094.3657
rennes,100000,5094.3706
rennes,100000,5094.3755
rennes,100000,5094.3813
rennes,100000,5094.3857
rennes,100000,5094.3906
rennes,100000,5117.2285
rennes,100000,5117.2656
rennes,100000,5117.3247
rennes,100000,5117.3325
rennes,100000,5117.338
rennes,100000,5117.343
lyon,100000,5125.4536
lyon,100000,5125.474
lyon,100000,5125.48
lyon,100000,5125.493
lyon,100000,5125.4985
lyon,100000,5125.504
lyon,100000,5125.5117
lyon,100000,5125.517
lyon,100000,5125.532
lyon,100000,5148.6787
lyon,100000,5148.707
lyon,100000,5148.714
lyon,100000,5148.719
lyon,100000,5148.7246
lyon,100000,5148.73
lyon,100000,5148.7354
lyon,100000,5148.74
lyon,100000,5148.7456
lyon,100000,5171.5195
lyon,100000,5171.5654
lyon,100000,5171.579
lyon,100000,5171.589
lyon,100000,5171.6035
lyon,100000,5171.614
lyon,100000,5171.6655
lyon,100000,5171.6772
lyon,100000,5171.692
lyon,100000,5194.5674
lyon,100000,5194.5894
lyon,100000,5194.603
lyon,100000,5194.609
lyon,100000,5194.614
lyon,100000,5194.622
lyon,100000,5194.6274
lyon,100000,5194.632
lyon,100000,5194.6475
lyon,100000,5217.41
lyon,100000,5217.447
lyon,100000,5217.4595
lyon,100000,5217.4795
lyon,100000,5217.4897
lyon,100000,5217.4995
lyon,100000,5217.537
lyon,100000,5217.543
lyon,100000,5217.548
lyon,100000,5240.5347
lyon,100000,5240.5557
lyon,100000,5240.5625
lyon,100000,5240.568
lyon,100000,5240.5977
lyon,100000,5240.6045
lyon,100000,5240.61
lyon,100000,5240.6147
lyon,100000,5240.6196
lyon,100000,5263.927
lyon,100000,5263.9487
lyon,100000,5263.9556
lyon,100000,5263.961
lyon,100000,5263.966
lyon,100000,5263.971
lyon,100000,5263.976
lyon,100000,5263.9814
lyon,100000,5263.987
lyon,100000,5287.003
lyon,100000,5287.025
lyon,100000,5287.0317
lyon,100000,5287.037
lyon,100000,5287.0425
lyon,100000,5287.0474
lyon,100000,5287.0527
lyon,100000,5287.0576
lyon,100000,5287.0625
lyon,100000,5310.1797
lyon,100000,5310.2153
lyon,100000,5310.2676
lyon,100000,5310.279
lyon,100000,5310.289
lyon,100000,5310.2993
nancy,100000,5220.382
nancy,100000,5220.4224
nancy,100000,5220.437
nancy,100000,5220.459
nancy,100000,5220.469
nancy,100000,5220.479
nancy,100000,5220.493
nancy,100000,5220.5034
nancy,100000,5220.5137
nancy,100000,5243.581
nancy,100000,5243.6035
nancy,100000,5243.6094
nancy,100000,5243.613
nancy,100000,5243.616
nancy,100000,5243.6196
nancy,100000,5243.6226
nancy,100000,5243.626
nancy,100000,5243.63
nancy,100000,5266.4116
nancy,100000,5266.4663
nancy,100000,5266.4795
nancy,100000,5266.4897
nancy,100000,5266.5044
nancy,100000,5266.5146
nancy,100000,5266.581
nancy,100000,5266.593
nancy,100000,5266.6084
nancy,100000,5289.453
nancy,100000,5289.4976
nancy,100000,5289.5225
nancy,100000,5289.533
nancy,100000,5289.5425
nancy,100000,5289.5566
nancy,100000,5289.566
nancy,100000,5289.5767
nancy,100000,5289.6016
nancy,100000,5312.307
nancy,100000,5312.3496
nancy,100000,5312.3643
nancy,100000,5312.3857
nancy,100000,5312.3965
nancy,100000,5312.4067
nancy,100000,5312.42
nancy,100000,5312.4307
nancy,100000,5312.441
nancy,100000,5335.432
nancy,100000,5335.473
nancy,100000,5335.488
nancy,100000,5335.51
nancy,100000,5335.541
nancy,100000,5335.5454
nancy,100000,5335.549
nancy,100000,5335.5522
nancy,100000,5335.5557
nancy,100000,5358.821
nancy,100000,5358.851
nancy,100000,5358.8564
nancy,100000,5358.86
nancy,100000,5358.864
nancy,100000,5358.8677
nancy,100000,5358.8716
nancy,100000,5358.8745
nancy,100000,5358.878
nancy,100000,5381.8813
nancy,100000,5381.9
nancy,100000,5381.9067
nancy,100000,5381.91
nancy,100000,5381.914
nancy,100000,5381.918
nancy,100000,5381.921
nancy,100000,5381.9243
nancy,100000,5381.9277
nancy,100000,5405.077
nancy,100000,5405.0957
nancy,100000,5405.12
nancy,100000,5405.124
nancy,100000,5405.1274
nancy,100000,5405.131
rennes,100000,4917.0522
rennes,100000,4917.09
rennes,100000,4917.109
rennes,100000,4917.1143
rennes,100000,4917.119
rennes,100000,4917.124
rennes,100000,4917.1294
rennes,100000,4917.1343
rennes,100000,4917.139
rennes,100000,4939.9243
rennes,100000,4939.977
rennes,100000,4939.9854
rennes,100000,4939.99
rennes,100000,4939.998
rennes,100000,4940.003
rennes,100000,4940.034
rennes,100000,4940.0425
rennes,100000,4940.0513
rennes,100000,4962.973
rennes,100000,4963.0083
rennes,100000,4963.0312
rennes,100000,4963.0425
rennes,100000,4963.052
rennes,100000,4963.0664
rennes,100000,4963.077
rennes,100000,4963.087
rennes,100000,4963.115
rennes,100000,4985.801
rennes,100000,4985.836
rennes,100000,4985.8486
rennes,100000,4985.8696
rennes,100000,4985.8794
rennes,100000,4985.8896
rennes,100000,4985.905
rennes,100000,4985.915
rennes,100000,4985.9253
rennes,100000,5008.9497
rennes,100000,5008.9688
rennes,100000,5008.975
rennes,100000,5008.9805
rennes,100000,5009.01
rennes,100000,5009.017
rennes,100000,5009.0225
rennes,100000,5009.027
rennes,100000,5009.0317
rennes,100000,5032.327
rennes,100000,5032.3633
rennes,100000,5032.376
rennes,100000,5032.386
rennes,100000,5032.396
rennes,100000,5032.406
rennes,100000,5032.4175
rennes,100000,5032.4272
rennes,100000,5032.4375
rennes,100000,5055.4297
rennes,100000,5055.4487
rennes,100000,5055.4546
rennes,100000,5055.4595
rennes,100000,5055.4644
rennes,100000,5055.469
rennes,100000,5055.4746
rennes,100000,5055.4795
rennes,100000,5055.4844
rennes,100000,5078.5757
rennes,100000,5078.6133
rennes,100000,5078.667
rennes,100000,5078.681
rennes,100000,5078.6904
rennes,100000,5078.701
rennes,100000,5094.1113
rennes,100000,5094.136
rennes,100000,5094.1475
rennes,100000,5094.1665
rennes,100000,5094.176
rennes,100000,5094.1855
rennes,100000,5094.1997
rennes,100000,5094.209
rennes,100000,5094.2183
rennes,100000,5117.2793
rennes,100000,5117.3125
rennes,100000,5117.324
rennes,100000,5117.3335
rennes,100000,5117.3423
rennes,100000,5117.3516
rennes,100000,5117.3604
rennes,100000,5117.3696
rennes,100000,5117.379
rennes,100000,5140.1436
rennes,100000,5140.2036
rennes,100000,5140.2275
rennes,100000,5140.2466
rennes,100000,5140.275
rennes,100000,5140.295
rennes,100000,5140.3594
rennes,100000,5140.384
rennes,100000,5140.4126
rennes,100000,5163.1826
rennes,100000,5163.2285
rennes,100000,5163.2715
rennes,100000,5163.2896
rennes,100000,5163.308
rennes,100000,5163.3364
rennes,100000,5163.3564
rennes,100000,5163.375
rennes,100000,5163.419
rennes,100000,5186.0312
rennes,100000,5186.0776
rennes,100000,5186.1016
rennes,100000,5186.1353
rennes,100000,5186.1606
rennes,100000,5186.169
rennes,100000,5186.185
rennes,100000,5186.1943
rennes,100000,5186.2036
rennes,100000,5209.158
rennes,100000,5209.2036
rennes,100000,5209.2266
rennes,100000,5209.246
rennes,100000,5209.3223
rennes,100000,5209.3447
rennes,100000,5209.3643
rennes,100000,5209.3833
rennes,100000,5209.4023
rennes,100000,5232.541
rennes,100000,5232.5874
rennes,100000,5232.611
rennes,100000,5232.631
rennes,100000,5232.6494
rennes,100000,5232.6685
rennes,100000,5232.691
rennes,100000,5232.7
rennes,100000,5232.709
rennes,100000,5255.6094
rennes,100000,5255.6343
rennes,100000,5255.6455
rennes,100000,5255.6553
rennes,100000,5255.6646
rennes,100000,5255.673
rennes,100000,5255.6816
rennes,100000,5255.691
rennes,100000,5255.7
rennes,100000,5278.7896
rennes,100000,5278.8364
rennes,100000,5278.914
rennes,100000,5278.939
rennes,100000,5278.9585
rennes,100000,5278.978
rennes,100000,5098.727
rennes,100000,5098.752
rennes,100000,5098.7637
rennes,100000,5098.782
rennes,100000,5098.7915
rennes,100000,5098.8013
rennes,100000,5098.816
rennes,100000,5098.825
rennes,100000,5098.8335
rennes,100000,5121.896
rennes,100000,5121.928
rennes,100000,5121.94
rennes,100000,5121.949
rennes,100000,5121.9585
rennes,100000,5121.9673
rennes,100000,5121.9766
rennes,100000,5121.9854
rennes,100000,5121.9946
rennes,100000,5144.7593
rennes,100000,5144.8193
rennes,100000,5144.8433
rennes,100000,5144.8623
rennes,100000,5144.891
rennes,100000,5144.9106
rennes,100000,5144.975
rennes,100000,5144.999
rennes,100000,5145.029
rennes,100000,5167.7983
rennes,100000,5167.844
rennes,100000,5167.8833
rennes,100000,5167.904
rennes,100000,5167.924
rennes,100000,5167.9526
rennes,100000,5167.9727
rennes,100000,5167.9907
rennes,100000,5168.0347
rennes,100000,5190.647
rennes,100000,5190.6934
rennes,100000,5190.7173
rennes,100000,5190.751
rennes,100000,5190.7764
rennes,100000,5190.785
rennes,100000,5190.8022
rennes,100000,5190.81
rennes,100000,5190.8193
rennes,100000,5213.7744
rennes,100000,5213.8193
rennes,100000,5213.8423
rennes,100000,5213.862
rennes,100000,5213.935
rennes,100000,5213.9604
rennes,100000,5213.98
rennes,100000,5213.9995
rennes,100000,5214.0186
rennes,100000,5237.1567
rennes,100000,5237.203
rennes,100000,5237.2266
rennes,100000,5237.2466
rennes,100000,5237.265
rennes,100000,5237.284
rennes,100000,5237.307
rennes,100000,5237.316
rennes,100000,5237.3247
rennes,100000,5260.225
rennes,100000,5260.25
rennes,100000,5260.262
rennes,100000,5260.271
rennes,100000,5260.2803
rennes,100000,5260.2886
rennes,100000,5260.298
rennes,100000,5260.3066
rennes,100000,5260.316
rennes,100000,5283.4053
rennes,100000,5283.452
rennes,100000,5283.53
rennes,100000,5283.5547
rennes,100000,5283.574
rennes,100000,5283.5938
rennes,100000,5126.3394
rennes,100000,5126.3647
rennes,100000,5126.3716
rennes,100000,5126.376
rennes,100000,5126.3804
rennes,100000,5126.3857
rennes,100000,5126.3906
rennes,100000,5126.395
rennes,100000,5126.4
rennes,100000,5149.197
rennes,100000,5149.2437
rennes,100000,5149.257
rennes,100000,5149.2666
rennes,100000,5149.2812
rennes,100000,5149.292
rennes,100000,5149.343
rennes,100000,5149.3555
rennes,100000,5149.3706
rennes,100000,5172.236
rennes,100000,5172.2715
rennes,100000,5172.2944
rennes,100000,5172.305
rennes,100000,5172.315
rennes,100000,5172.3296
rennes,100000,5172.3394
rennes,100000,5172.349
rennes,100000,5172.374
rennes,100000,5195.0835
rennes,100000,5195.121
rennes,100000,5195.134
rennes,100000,5195.1543
rennes,100000,5195.164
rennes,100000,5195.175
rennes,100000,5195.188
rennes,100000,5195.198
rennes,100000,5195.2075
rennes,100000,5218.2114
rennes,100000,5218.247
rennes,100000,5218.2593
rennes,100000,5218.2695
rennes,100000,5218.318
rennes,100000,5218.3306
rennes,100000,5218.3413
rennes,100000,5218.3516
rennes,100000,5218.361
rennes,100000,5241.594
rennes,100000,5241.63
rennes,100000,5241.643
rennes,100000,5241.653
rennes,100000,5241.663
rennes,100000,5241.6724
rennes,100000,5241.684
rennes,100000,5241.6934
rennes,100000,5241.7036
rennes,100000,5264.6685
rennes,100000,5264.689
rennes,100000,5264.6953
rennes,100000,5264.6997
rennes,100000,5264.7046
rennes,100000,5264.7095
rennes,100000,5264.715
rennes,100000,5264.719
rennes,100000,5264.7236
rennes,100000,5287.843
rennes,100000,5287.879
rennes,100000,5287.931
rennes,100000,5287.944
rennes,100000,5287.9536
rennes,100000,5287.964
rennes,100000,5131.649
rennes,100000,5131.6743
rennes,100000,5131.681
rennes,100000,5131.6855
rennes,100000,5131.69
rennes,100000,5131.695
rennes,100000,5131.6997
rennes,100000,5131.704
rennes,100000,5131.7085
rennes,100000,5154.5083
rennes,100000,5154.5537
rennes,100000,5154.567
rennes,100000,5154.5767
rennes,100000,5154.5947
rennes,100000,5154.605
rennes,100000,5154.656
rennes,100000,5154.6694
rennes,100000,5154.6846
rennes,100000,5177.547
rennes,100000,5177.582
rennes,100000,5177.6055
rennes,100000,5177.6157
rennes,100000,5177.625
rennes,100000,5177.64
rennes,100000,5177.651
rennes,100000,5177.6606
rennes,100000,5177.688
rennes,100000,5200.397
rennes,100000,5200.442
rennes,100000,5200.461
rennes,100000,5200.49
rennes,100000,5200.509
rennes,100000,5200.5312
rennes,100000,5200.54
rennes,100000,5200.545
rennes,100000,5200.5493
rennes,100000,5223.524
rennes,100000,5223.5586
rennes,100000,5223.571
rennes,100000,5223.581
rennes,100000,5223.6294
rennes,100000,5223.6426
rennes,100000,5223.653
rennes,100000,5223.6626
rennes,100000,5223.6724
rennes,100000,5246.9053
rennes,100000,5246.9404
rennes,100000,5246.953
rennes,100000,5246.963
rennes,100000,5246.973
rennes,100000,5246.9824
rennes,100000,5246.9937
rennes,100000,5247.003
rennes,100000,5247.013
rennes,100000,5269.9785
rennes,100000,5269.999
rennes,100000,5270.0054
rennes,100000,5270.01
rennes,100000,5270.014
rennes,100000,5270.019
rennes,100000,5270.0234
rennes,100000,5270.029
rennes,100000,5270.0327
rennes,100000,5293.1553
rennes,100000,5293.192
rennes,100000,5293.2437
rennes,100000,5293.2573
rennes,100000,5293.267
rennes,100000,5293.2773
rennes,100000,5136.128
rennes,100000,5136.155
rennes,100000,5136.161
rennes,100000,5136.166
rennes,100000,5136.1704
rennes,100000,5136.1753
rennes,100000,5136.1797
rennes,100000,5136.1836
rennes,100000,5136.1885
rennes,100000,5158.967
rennes,100000,5159.0156
rennes,100000,5159.0293
rennes,100000,5159.039
rennes,100000,5159.053
rennes,100000,5159.0635
rennes,100000,5159.11
rennes,100000,5159.1235
rennes,100000,5159.139
rennes,100000,5182.007
rennes,100000,5182.0425
rennes,100000,5182.067
rennes,100000,5182.0776
rennes,100000,5182.087
rennes,100000,5182.1016
rennes,100000,5182.112
rennes,100000,5182.1206
rennes,100000,5182.1465
rennes,100000,5204.84
rennes,100000,5204.8926
rennes,100000,5204.907
rennes,100000,5204.928
rennes,100000,5204.938
rennes,100000,5204.9473
rennes,100000,5204.962
rennes,100000,5204.971
rennes,100000,5204.981
rennes,100000,5227.9834
rennes,100000,5228.0186
rennes,100000,5228.032
rennes,100000,5228.0425
rennes,100000,5228.091
rennes,100000,5228.1035
rennes,100000,5228.1133
rennes,100000,5228.123
rennes,100000,5228.1333
rennes,100000,5251.365
rennes,100000,5251.401
rennes,100000,5251.4146
rennes,100000,5251.425
rennes,100000,5251.4346
rennes,100000,5251.4443
rennes,100000,5251.454
rennes,100000,5251.464
rennes,100000,5251.4736
rennes,100000,5274.4575
rennes,100000,5274.4785
rennes,100000,5274.4844
rennes,100000,5274.4893
rennes,100000,5274.494
rennes,100000,5274.4985
rennes,100000,5274.503
rennes,100000,5274.507
rennes,100000,5274.5117
rennes,100000,5297.6133
rennes,100000,5297.6514
rennes,100000,5297.704
rennes,100000,5297.718
rennes,100000,5297.7275
rennes,100000,5297.7373
nantes,100000,5079.6943
nantes,100000,5079.717
nantes,100000,5079.723
nantes,100000,5079.737
nantes,100000,5079.7427
nantes,100000,5079.748
nantes,100000,5079.7573
nantes,100000,5079.7627
nantes,100000,5079.7686
nantes,100000,5102.921
nantes,100000,5102.966
nantes,100000,5102.979
nantes,100000,5102.989
nantes,100000,5102.998
nantes,100000,5103.008
nantes,100000,5103.017
nantes,100000,5103.0273
nantes,100000,5103.037
nantes,100000,5125.751
nantes,100000,5125.781
nantes,100000,5125.788
nantes,100000,5125.7935
nantes,100000,5125.8027
nantes,100000,5125.808
nantes,100000,5125.8423
nantes,100000,5125.849
nantes,100000,5125.8594
nantes,100000,5148.756
nantes,100000,5148.777
nantes,100000,5148.7925
nantes,100000,5148.798
nantes,100000,5148.8027
nantes,100000,5148.8115
nantes,100000,5148.8164
nantes,100000,5148.8213
nantes,100000,5148.8374
nantes,100000,5171.66
nantes,100000,5171.681
nantes,100000,5171.6875
nantes,100000,5171.701
nantes,100000,5171.7065
nantes,100000,5171.712
nantes,100000,5171.721
nantes,100000,5171.726
nantes,100000,5171.732
nantes,100000,5194.765
nantes,100000,5194.804
nantes,100000,5194.8125
nantes,100000,5194.818
nantes,100000,5194.851
nantes,100000,5194.859
nantes,100000,5194.8643
nantes,100000,5194.87
nantes,100000,5194.876
nantes,100000,5218.2
nantes,100000,5218.2373
nantes,100000,5218.25
nantes,100000,5218.26
nantes,100000,5218.269
nantes,100000,5218.2783
nantes,100000,5218.288
nantes,100000,5218.2983
nantes,100000,5218.3076
nantes,100000,5241.2617
nantes,100000,5241.282
nantes,100000,5241.289
nantes,100000,5241.2944
nantes,100000,5241.3
nantes,100000,5241.3047
nantes,100000,5241.31
nantes,100000,5241.3154
nantes,100000,5241.3213
nantes,100000,5264.426
nantes,100000,5264.463
nantes,100000,5264.516
nantes,100000,5264.529
nantes,100000,5264.538
nantes,100000,5264.5483
nantes,100000,5085.798
nantes,100000,5085.821
nantes,100000,5085.8276
nantes,100000,5085.841
nantes,100000,5085.846
nantes,100000,5085.852
nantes,100000,5085.8604
nantes,100000,5085.8657
nantes,100000,5085.8716
nantes,100000,5109.0254
nantes,100000,5109.07
nantes,100000,5109.0815
nantes,100000,5109.092
nantes,100000,5109.101
nantes,100000,5109.1113
nantes,100000,5109.1206
nantes,100000,5109.1313
nantes,100000,5109.141
nantes,100000,5131.855
nantes,100000,5131.883
nantes,100000,5131.8896
nantes,100000,5131.895
nantes,100000,5131.903
nantes,100000,5131.9077
nantes,100000,5131.913
nantes,100000,5131.9424
nantes,100000,5131.953
nantes,100000,5154.86
nantes,100000,5154.8823
nantes,100000,5154.897
nantes,100000,5154.902
nantes,100000,5154.907
nantes,100000,5154.916
nantes,100000,5154.9204
nantes,100000,5154.9253
nantes,100000,5154.9414
nantes,100000,5177.764
nantes,100000,5177.785
nantes,100000,5177.792
nantes,100000,5177.8047
nantes,100000,5177.8096
nantes,100000,5177.8145
nantes,100000,5177.823
nantes,100000,5177.828
nantes,100000,5177.8335
nantes,100000,5200.8716
nantes,100000,5200.912
nantes,100000,5200.9194
nantes,100000,5200.9253
nantes,100000,5200.958
nantes,100000,5200.966
nantes,100000,5200.9717
nantes,100000,5200.977
nantes,100000,5200.983
nantes,100000,5224.3037
nantes,100000,5224.341
nantes,100000,5224.3535
nantes,100000,5224.3633
nantes,100000,5224.373
nantes,100000,5224.3823
nantes,100000,5224.392
nantes,100000,5224.402
nantes,100000,5224.4116
nantes,100000,5247.366
nantes,100000,5247.388
nantes,100000,5247.395
nantes,100000,5247.4004
nantes,100000,5247.406
nantes,100000,5247.4106
nantes,100000,5247.416
nantes,100000,5247.421
nantes,100000,5247.4263
nantes,100000,5270.5293
nantes,100000,5270.5645
nantes,100000,5270.6245
nantes,100000,5270.637
nantes,100000,5270.647
nantes,100000,5270.657
nantes,100000,5114.2925
nantes,100000,5114.3394
nantes,100000,5114.352
nantes,100000,5114.364
nantes,100000,5114.373
nantes,100000,5114.383
nantes,100000,5114.392
nantes,100000,5114.402
nantes,100000,5114.411
nantes,100000,5137.1577
nantes,100000,5137.187
nantes,100000,5137.1943
nantes,100000,5137.1987
nantes,100000,5137.208
nantes,100000,5137.2134
nantes,100000,5137.2476
nantes,100000,5137.2554
nantes,100000,5137.265
nantes,100000,5160.162
nantes,100000,5160.183
nantes,100000,5160.1973
nantes,100000,5160.203
nantes,100000,5160.2075
nantes,100000,5160.2163
nantes,100000,5160.2217
nantes,100000,5160.227
nantes,100000,5160.2427
nantes,100000,5183.067
nantes,100000,5183.088
nantes,100000,5183.094
nantes,100000,5183.1064
nantes,100000,5183.112
nantes,100000,5183.1167
nantes,100000,5183.1255
nantes,100000,5183.1304
nantes,100000,5183.1357
nantes,100000,5206.1714
nantes,100000,5206.211
nantes,100000,5206.2188
nantes,100000,5206.225
nantes,100000,5206.2573
nantes,100000,5206.266
nantes,100000,5206.271
nantes,100000,5206.277
nantes,100000,5206.283
nantes,100000,5229.606
nantes,100000,5229.6416
nantes,100000,5229.6533
nantes,100000,5229.6636
nantes,100000,5229.673
nantes,100000,5229.683
nantes,100000,5229.693
nantes,100000,5229.7036
nantes,100000,5229.713
nantes,100000,5252.669
nantes,100000,5252.6904
nantes,100000,5252.697
nantes,100000,5252.702
nantes,100000,5252.7075
nantes,100000,5252.713
nantes,100000,5252.7173
nantes,100000,5252.7227
nantes,100000,5252.7285
nantes,100000,5275.8315
nantes,100000,5275.8687
nantes,100000,5275.9224
nantes,100000,5275.935
nantes,100000,5275.945
nantes,100000,5275.9546
nantes,100000,5120.6157
nantes,100000,5120.659
nantes,100000,5120.6714
nantes,100000,5120.681
nantes,100000,5120.691
nantes,100000,5120.7
nantes,100000,5120.71
nantes,100000,5120.72
nantes,100000,5120.73
nantes,100000,5143.445
nantes,100000,5143.472
nantes,100000,5143.4795
nantes,100000,5143.4844
nantes,100000,5143.492
nantes,100000,5143.4976
nantes,100000,5143.5024
nantes,100000,5143.533
nantes,100000,5143.5435
nantes,100000,5166.4507
nantes,100000,5166.4727
nantes,100000,5166.486
nantes,100000,5166.491
nantes,100000,5166.496
nantes,100000,5166.5034
nantes,100000,5166.509
nantes,100000,5166.5137
nantes,100000,5166.529
nantes,100000,5189.354
nantes,100000,5189.3765
nantes,100000,5189.3823
nantes,100000,5189.3945
nantes,100000,5189.4
nantes,100000,5189.405
nantes,100000,5189.412
nantes,100000,5189.4175
nantes,100000,5189.423
nantes,100000,5212.461
nantes,100000,5212.501
nantes,100000,5212.5083
nantes,100000,5212.514
nantes,100000,5212.5444
nantes,100000,5212.5527
nantes,100000,5212.558
nantes,100000,5212.5635
nantes,100000,5212.57
nantes,100000,5235.895
nantes,100000,5235.9307
nantes,100000,5235.943
nantes,100000,5235.952
nantes,100000,5235.962
nantes,100000,5235.9717
nantes,100000,5235.981
nantes,100000,5235.9907
nantes,100000,5236.0005
nantes,100000,5258.9556
nantes,100000,5258.9766
nantes,100000,5258.983
nantes,100000,5258.9883
nantes,100000,5258.993
nantes,100000,5258.9985
nantes,100000,5259.0034
nantes,100000,5259.0083
nantes,100000,5259.014
nantes,100000,5282.121
nantes,100000,5282.156
nantes,100000,5282.2085
nantes,100000,5282.2197
nantes,100000,5282.2295
nantes,100000,5282.2397
lyon,100000,5131.264
lyon,100000,5131.2856
lyon,100000,5131.2935
lyon,100000,5131.306
lyon,100000,5131.312
lyon,100000,5131.3174
lyon,100000,5131.326
lyon,100000,5131.3315
lyon,100000,5131.337
lyon,100000,5154.492
lyon,100000,5154.5205
lyon,100000,5154.5273
lyon,100000,5154.532
lyon,100000,5154.5376
lyon,100000,5154.5425
lyon,100000,5154.548
lyon,100000,5154.5527
lyon,100000,5154.5576
lyon,100000,5177.3096
lyon,100000,5177.358
lyon,100000,5177.371
lyon,100000,5177.381
lyon,100000,5177.396
lyon,100000,5177.4053
lyon,100000,5177.4507
lyon,100000,5177.462
lyon,100000,5177.478
lyon,100000,5200.3813
lyon,100000,5200.4023
lyon,100000,5200.4165
lyon,100000,5200.422
lyon,100000,5200.427
lyon,100000,5200.4375
lyon,100000,5200.4424
lyon,100000,5200.4478
lyon,100000,5200.463
lyon,100000,5223.209
lyon,100000,5223.246
lyon,100000,5223.259
lyon,100000,5223.2803
lyon,100000,5223.29
lyon,100000,5223.2993
lyon,100000,5223.3145
lyon,100000,5223.3237
lyon,100000,5223.3594
lyon,100000,5246.348
lyon,100000,5246.37
lyon,100000,5246.3774
lyon,100000,5246.383
lyon,100000,5246.4106
lyon,100000,5246.418
lyon,100000,5246.4233
lyon,100000,5246.428
lyon,100000,5246.433
lyon,100000,5269.7124
lyon,100000,5269.7563
lyon,100000,5269.764
lyon,100000,5269.769
lyon,100000,5269.774
lyon,100000,5269.779
lyon,100000,5269.7837
lyon,100000,5269.7886
lyon,100000,5269.7935
lyon,100000,5292.817
lyon,100000,5292.8394
lyon,100000,5292.8467
lyon,100000,5292.8516
lyon,100000,5292.8564
lyon,100000,5292.8613
lyon,100000,5292.866
lyon,100000,5292.871
lyon,100000,5292.8765
lyon,100000,5315.9814
lyon,100000,5316.0186
lyon,100000,5316.0703
lyon,100000,5316.0825
lyon,100000,5316.0923
lyon,100000,5316.102
nantes,100000,5103.06
nantes,100000,5103.082
nantes,100000,5103.0894
nantes,100000,5103.1016
nantes,100000,5103.107
nantes,100000,5103.1123
nantes,100000,5103.1206
nantes,100000,5103.127
nantes,100000,5103.133
nantes,100000,5126.289
nantes,100000,5126.3335
nantes,100000,5126.346
nantes,100000,5126.3555
nantes,100000,5126.3647
nantes,100000,5126.374
nantes,100000,5126.3843
nantes,100000,5126.3936
nantes,100000,5126.4033
nantes,100000,5149.118
nantes,100000,5149.1475
nantes,100000,5149.155
nantes,100000,5149.1597
nantes,100000,5149.1685
nantes,100000,5149.174
nantes,100000,5149.1787
nantes,100000,5149.2104
nantes,100000,5149.221
nantes,100000,5172.123
nantes,100000,5172.1455
nantes,100000,5172.159
nantes,100000,5172.1646
nantes,100000,5172.17
nantes,100000,5172.1777
nantes,100000,5172.183
nantes,100000,5172.188
nantes,100000,5172.2036
nantes,100000,5195.0254
nantes,100000,5195.0464
nantes,100000,5195.053
nantes,100000,5195.0654
nantes,100000,5195.0713
nantes,100000,5195.076
nantes,100000,5195.0845
nantes,100000,5195.09
nantes,100000,5195.0957
nantes,100000,5218.124
nantes,100000,5218.1743
nantes,100000,5218.183
nantes,100000,5218.189
nantes,100000,5218.2217
nantes,100000,5218.2295
nantes,100000,5218.2344
nantes,100000,5218.2397
nantes,100000,5218.246
nantes,100000,5241.5586
nantes,100000,5241.5938
nantes,100000,5241.6064
nantes,100000,5241.6157
nantes,100000,5241.625
nantes,100000,5241.6343
nantes,100000,5241.645
nantes,100000,5241.6543
nantes,100000,5241.6636
nantes,100000,5264.629
nantes,100000,5264.6514
nantes,100000,5264.658
nantes,100000,5264.663
nantes,100000,5264.668
nantes,100000,5264.6733
nantes,100000,5264.678
nantes,100000,5264.6826
nantes,100000,5264.6885
nantes,100000,5287.7817
nantes,100000,5287.817
nantes,100000,5287.8706
nantes,100000,5287.8833
nantes,100000,5287.8926
nantes,100000,5287.9023
nantes,100000,5043.9204
nantes,100000,5043.942
nantes,100000,5043.9487
nantes,100000,5043.9614
nantes,100000,5043.9673
nantes,100000,5043.9727
nantes,100000,5043.9805
nantes,100000,5043.987
nantes,100000,5043.992
nantes,100000,5067.102
nantes,100000,5067.1465
nantes,100000,5067.159
nantes,100000,5067.169
nantes,100000,5067.1777
nantes,100000,5067.1875
nantes,100000,5067.214
nantes,100000,5067.2207
nantes,100000,5067.226
nantes,100000,5089.9824
nantes,100000,5090.03
nantes,100000,5090.042
nantes,100000,5090.0522
nantes,100000,5090.0674
nantes,100000,5090.077
nantes,100000,5090.087
nantes,100000,5090.1396
nantes,100000,5090.157
nantes,100000,5112.982
nantes,100000,5113.0186
nantes,100000,5113.042
nantes,100000,5113.0513
nantes,100000,5113.0605
nantes,100000,5113.0747
nantes,100000,5113.0845
nantes,100000,5113.0938
nantes,100000,5113.12
nantes,100000,5135.827
nantes,100000,5135.8613
nantes,100000,5135.8735
nantes,100000,5135.8936
nantes,100000,5135.903
nantes,100000,5135.9126
nantes,100000,5135.9277
nantes,100000,5135.937
nantes,100000,5135.947
nantes,100000,5158.983
nantes,100000,5159.0166
nantes,100000,5159.0283
nantes,100000,5159.038
nantes,100000,5159.088
nantes,100000,5159.1143
nantes,100000,5159.137
nantes,100000,5159.1436
nantes,100000,5159.1484
nantes,100000,5182.377
nantes,100000,5182.4116
nantes,100000,5182.424
nantes,100000,5182.4336
nantes,100000,5182.443
nantes,100000,5182.4517
nantes,100000,5182.4624
nantes,100000,5182.4717
nantes,100000,5182.481
nantes,100000,5205.4463
nantes,100000,5205.491
nantes,100000,5205.4985
nantes,100000,5205.504
nantes,100000,5205.5093
nantes,100000,5205.514
nantes,100000,5205.5195
nantes,100000,5205.5244
nantes,100000,5205.5293
nantes,100000,5228.643
nantes,100000,5228.664
nantes,100000,5228.697
nantes,100000,5228.7036
nantes,100000,5228.709
nantes,100000,5228.714
nantes,100000,5073.082
nantes,100000,5073.128
nantes,100000,5073.1396
nantes,100000,5073.1504
nantes,100000,5073.1597
nantes,100000,5073.1694
nantes,100000,5073.1787
nantes,100000,5073.188
nantes,100000,5073.1973
nantes,100000,5095.963
nantes,100000,5096.0093
nantes,100000,5096.022
nantes,100000,5096.032
nantes,100000,5096.0464
nantes,100000,5096.056
nantes,100000,5096.108
nantes,100000,5096.12
nantes,100000,5096.1357
nantes,100000,5118.9624
nantes,100000,5118.9976
nantes,100000,5119.02
nantes,100000,5119.0303
nantes,100000,5119.0396
nantes,100000,5119.054
nantes,100000,5119.064
nantes,100000,5119.0728
nantes,100000,5119.1006
nantes,100000,5141.807
nantes,100000,5141.842
nantes,100000,5141.854
nantes,100000,5141.875
nantes,100000,5141.8843
nantes,100000,5141.8945
nantes,100000,5141.9087
nantes,100000,5141.918
nantes,100000,5141.9272
nantes,100000,5164.963
nantes,100000,5164.9985
nantes,100000,5165.0117
nantes,100000,5165.0215
nantes,100000,5165.071
nantes,100000,5165.083
nantes,100000,5165.092
nantes,100000,5165.101
nantes,100000,5165.1104
nantes,100000,5188.357
nantes,100000,5188.3936
nantes,100000,5188.4062
nantes,100000,5188.4165
nantes,100000,5188.426
nantes,100000,5188.435
nantes,100000,5188.445
nantes,100000,5188.4536
nantes,100000,5188.4634
nantes,100000,5211.4272
nantes,100000,5211.462
nantes,100000,5211.474
nantes,100000,5211.5005
nantes,100000,5211.508
nantes,100000,5211.5127
nantes,100000,5211.5176
nantes,100000,5211.522
nantes,100000,5211.5273
nantes,100000,5234.6675
nantes,100000,5234.6895
nantes,100000,5234.722
nantes,100000,5234.73
nantes,100000,5234.735
nantes,100000,5234.74
nantes,100000,5055.2827
nantes,100000,5055.303
nantes,100000,5055.309
nantes,100000,5055.3223
nantes,100000,5055.3276
nantes,100000,5055.332
nantes,100000,5055.3413
nantes,100000,5055.3467
nantes,100000,5055.351
nantes,100000,5078.4414
nantes,100000,5078.489
nantes,100000,5078.5015
nantes,100000,5078.511
nantes,100000,5078.5205
nantes,100000,5078.53
nantes,100000,5078.557
nantes,100000,5078.5635
nantes,100000,5078.569
nantes,100000,5101.325
nantes,100000,5101.371
nantes,100000,5101.3833
nantes,100000,5101.393
nantes,100000,5101.4077
nantes,100000,5101.417
nantes,100000,5101.4277
nantes,100000,5101.478
nantes,100000,5101.495
nantes,100000,5124.3247
nantes,100000,5124.3613
nantes,100000,5124.384
nantes,100000,5124.394
nantes,100000,5124.403
nantes,100000,5124.4175
nantes,100000,5124.4272
nantes,100000,5124.437
nantes,100000,5124.462
nantes,100000,5147.1685
nantes,100000,5147.206
nantes,100000,5147.2173
nantes,100000,5147.2383
nantes,100000,5147.247
nantes,100000,5147.257
nantes,100000,5147.2715
nantes,100000,5147.2812
nantes,100000,5147.2905
nantes,100000,5170.325
nantes,100000,5170.3613
nantes,100000,5170.3735
nantes,100000,5170.383
nantes,100000,5170.4307
nantes,100000,5170.458
nantes,100000,5170.481
nantes,100000,5170.4854
nantes,100000,5170.49
nantes,100000,5193.7207
nantes,100000,5193.7573
nantes,100000,5193.7695
nantes,100000,5193.779
nantes,100000,5193.7886
nantes,100000,5193.798
nantes,100000,5193.808
nantes,100000,5193.8174
nantes,100000,5193.827
nantes,100000,5216.788
nantes,100000,5216.834
nantes,100000,5216.842
nantes,100000,5216.847
nantes,100000,5216.852
nantes,100000,5216.857
nantes,100000,5216.863
nantes,100000,5216.868
nantes,100000,5216.873
nantes,100000,5239.986
nantes,100000,5240.009
nantes,100000,5240.0405
nantes,100000,5240.0474
nantes,100000,5240.0527
nantes,100000,5240.058
nantes,100000,5084.561
nantes,100000,5084.606
nantes,100000,5084.618
nantes,100000,5084.6274
nantes,100000,5084.6367
nantes,100000,5084.6465
nantes,100000,5084.6562
nantes,100000,5084.666
nantes,100000,5084.6914
nantes,100000,5107.4443
nantes,100000,5107.495
nantes,100000,5107.5083
nantes,100000,5107.5176
nantes,100000,5107.5312
nantes,100000,5107.5415
nantes,100000,5107.5884
nantes,100000,5107.5996
nantes,100000,5107.6143
nantes,100000,5130.442
nantes,100000,5130.4785
nantes,100000,5130.5005
nantes,100000,5130.51
nantes,100000,5130.519
nantes,100000,5130.533
nantes,100000,5130.5425
nantes,100000,5130.551
nantes,100000,5130.5776
nantes,100000,5153.298
nantes,100000,5153.3345
nantes,100000,5153.346
nantes,100000,5153.3657
nantes,100000,5153.375
nantes,100000,5153.385
nantes,100000,5153.3994
nantes,100000,5153.409
nantes,100000,5153.418
nantes,100000,5176.443
nantes,100000,5176.479
nantes,100000,5176.49
nantes,100000,5176.5005
nantes,100000,5176.55
nantes,100000,5176.5625
nantes,100000,5176.572
nantes,100000,5176.595
nantes,100000,5176.617
nantes,100000,5199.8384
nantes,100000,5199.8735
nantes,100000,5199.885
nantes,100000,5199.8945
nantes,100000,5199.904
nantes,100000,5199.9146
nantes,100000,5199.9233
nantes,100000,5199.933
nantes,100000,5199.9424
nantes,100000,5222.908
nantes,100000,5222.9604
nantes,100000,5222.968
nantes,100000,5222.9727
nantes,100000,5222.978
nantes,100000,5222.984
nantes,100000,5222.9893
nantes,100000,5222.9937
nantes,100000,5222.9985
nantes,100000,5246.1094
nantes,100000,5246.1313
nantes,100000,5246.164
nantes,100000,5246.1704
nantes,100000,5246.176
nantes,100000,5246.181
nantes,100000,5090.9243
nantes,100000,5090.969
nantes,100000,5090.9814
nantes,100000,5090.991
nantes,100000,5091.0005
nantes,100000,5091.0103
nantes,100000,5091.036
nantes,100000,5091.043
nantes,100000,5091.0483
nantes,100000,5113.8076
nantes,100000,5113.8535
nantes,100000,5113.8657
nantes,100000,5113.8755
nantes,100000,5113.89
nantes,100000,5113.9
nantes,100000,5113.952
nantes,100000,5113.9644
nantes,100000,5113.9805
nantes,100000,5136.806
nantes,100000,5136.841
nantes,100000,5136.8643
nantes,100000,5136.8735
nantes,100000,5136.8833
nantes,100000,5136.8975
nantes,100000,5136.907
nantes,100000,5136.917
nantes,100000,5136.9424
nantes,100000,5159.65
nantes,100000,5159.684
nantes,100000,5159.697
nantes,100000,5159.718
nantes,100000,5159.7266
nantes,100000,5159.7363
nantes,100000,5159.751
nantes,100000,5159.7607
nantes,100000,5159.77
nantes,100000,5182.807
nantes,100000,5182.843
nantes,100000,5182.8545
nantes,100000,5182.8647
nantes,100000,5182.915
nantes,100000,5182.9404
nantes,100000,5182.963
nantes,100000,5182.969
nantes,100000,5182.9736
nantes,100000,5206.2007
nantes,100000,5206.236
nantes,100000,5206.248
nantes,100000,5206.258
nantes,100000,5206.2676
nantes,100000,5206.2764
nantes,100000,5206.2856
nantes,100000,5206.2954
nantes,100000,5206.3047
nantes,100000,5229.269
nantes,100000,5229.314
nantes,100000,5229.3203
nantes,100000,5229.3257
nantes,100000,5229.3315
nantes,100000,5229.3364
nantes,100000,5229.342
nantes,100000,5229.3467
nantes,100000,5229.352
nantes,100000,5252.4663
nantes,100000,5252.4873
nantes,100000,5252.5186
nantes,100000,5252.5264
nantes,100000,5252.5312
nantes,100000,5252.5366
nancy,100000,5155.6963
nancy,100000,5155.7373
nancy,100000,5155.751
nancy,100000,5155.7725
nancy,100000,5155.7827
nancy,100000,5155.793
nancy,100000,5155.8066
nancy,100000,5155.816
nancy,100000,5155.8267
nancy,100000,5178.781
nancy,100000,5178.8345
nancy,100000,5178.848
nancy,100000,5178.8584
nancy,100000,5178.8687
nancy,100000,5178.879
nancy,100000,5178.888
nancy,100000,5178.898
nancy,100000,5178.9087
nancy,100000,5201.731
nancy,100000,5201.784
nancy,100000,5201.798
nancy,100000,5201.808
nancy,100000,5201.8315
nancy,100000,5201.8345
nancy,100000,5201.9023
nancy,100000,5201.9077
nancy,100000,5201.9136
nancy,100000,5224.7856
nancy,100000,5224.8066
nancy,100000,5224.819
nancy,100000,5224.8223
nancy,100000,5224.825
nancy,100000,5224.83
nancy,100000,5224.8335
nancy,100000,5224.837
nancy,100000,5224.8477
nancy,100000,5247.6226
nancy,100000,5247.6646
nancy,100000,5247.6787
nancy,100000,5247.6997
nancy,100000,5247.7095
nancy,100000,5247.7188
nancy,100000,5247.7466
nancy,100000,5247.7563
nancy,100000,5247.767
nancy,100000,5270.7437
nancy,100000,5270.786
nancy,100000,5270.801
nancy,100000,5270.8115
nancy,100000,5270.8633
nancy,100000,5270.875
nancy,100000,5270.885
nancy,100000,5270.8945
nancy,100000,5270.9053
nancy,100000,5294.1426
nancy,100000,5294.186
nancy,100000,5294.2007
nancy,100000,5294.2114
nancy,100000,5294.221
nancy,100000,5294.2314
nancy,100000,5294.2417
nancy,100000,5294.252
nancy,100000,5294.2627
nancy,100000,5317.205
nancy,100000,5317.225
nancy,100000,5317.231
nancy,100000,5317.235
nancy,100000,5317.239
nancy,100000,5317.242
nancy,100000,5317.2456
nancy,100000,5317.249
nancy,100000,5317.2524
nancy,100000,5340.407
nancy,100000,5340.4287
nancy,100000,5340.4556
nancy,100000,5340.46
nancy,100000,5340.4634
nancy,100000,5340.4673
nancy,100000,5159.5938
nancy,100000,5159.6353
nancy,100000,5159.6494
nancy,100000,5159.6714
nancy,100000,5159.6807
nancy,100000,5159.691
nancy,100000,5159.704
nancy,100000,5159.715
nancy,100000,5159.725
nancy,100000,5182.674
nancy,100000,5182.7275
nancy,100000,5182.7407
nancy,100000,5182.7505
nancy,100000,5182.7607
nancy,100000,5182.7705
nancy,100000,5182.7817
nancy,100000,5182.7915
nancy,100000,5182.802
nancy,100000,5205.627
nancy,100000,5205.681
nancy,100000,5205.696
nancy,100000,5205.7056
nancy,100000,5205.7197
nancy,100000,5205.73
nancy,100000,5205.7705
nancy,100000,5205.7754
nancy,100000,5205.7803
nancy,100000,5228.675
nancy,100000,5228.717
nancy,100000,5228.7295
nancy,100000,5228.733
nancy,100000,5228.736
nancy,100000,5228.7407
nancy,100000,5228.744
nancy,100000,5228.748
nancy,100000,5228.758
nancy,100000,5251.523
nancy,100000,5251.566
nancy,100000,5251.58
nancy,100000,5251.601
nancy,100000,5251.6113
nancy,100000,5251.6206
nancy,100000,5251.639
nancy,100000,5251.65
nancy,100000,5251.66
nancy,100000,5274.644
nancy,100000,5274.686
nancy,100000,5274.6997
nancy,100000,5274.7104
nancy,100000,5274.762
nancy,100000,5274.774
nancy,100000,5274.784
nancy,100000,5274.795
nancy,100000,5274.8057
nancy,100000,5298.042
nancy,100000,5298.0845
nancy,100000,5298.099
nancy,100000,5298.1094
nancy,100000,5298.1206
nancy,100000,5298.1304
nancy,100000,5298.1406
nancy,100000,5298.151
nancy,100000,5298.1616
nancy,100000,5321.1133
nancy,100000,5321.1353
nancy,100000,5321.1416
nancy,100000,5321.146
nancy,100000,5321.15
nancy,100000,5321.154
nancy,100000,5321.1567
nancy,100000,5321.1597
nancy,100000,5321.1636
nancy,100000,5344.305
nancy,100000,5344.327
nancy,100000,5344.3545
nancy,100000,5344.3594
nancy,100000,5344.363
nancy,100000,5344.3667
nancy,100000,5163.51
nancy,100000,5163.5503
nancy,100000,5163.564
nancy,100000,5163.585
nancy,100000,5163.5947
nancy,100000,5163.6045
nancy,100000,5163.618
nancy,100000,5163.6284
nancy,100000,5163.639
nancy,100000,5186.5947
nancy,100000,5186.6475
nancy,100000,5186.6616
nancy,100000,5186.6724
nancy,100000,5186.6816
nancy,100000,5186.6924
nancy,100000,5186.7017
nancy,100000,5186.7114
nancy,100000,5186.7227
nancy,100000,5209.5444
nancy,100000,5209.5957
nancy,100000,5209.61
nancy,100000,5209.6206
nancy,100000,5209.646
nancy,100000,5209.6494
nancy,100000,5209.6714
nancy,100000,5209.675
nancy,100000,5209.68
nancy,100000,5232.6006
nancy,100000,5232.6187
nancy,100000,5232.631
nancy,100000,5232.6343
nancy,100000,5232.637
nancy,100000,5232.6416
nancy,100000,5232.645
nancy,100000,5232.648
nancy,100000,5232.6577
nancy,100000,5255.437
nancy,100000,5255.4766
nancy,100000,5255.491
nancy,100000,5255.5127
nancy,100000,5255.523
nancy,100000,5255.5327
nancy,100000,5255.552
nancy,100000,5255.562
nancy,100000,5255.5728
nancy,100000,5278.558
nancy,100000,5278.5967
nancy,100000,5278.612
nancy,100000,5278.622
nancy,100000,5278.675
nancy,100000,5278.686
nancy,100000,5278.697
nancy,100000,5278.707
nancy,100000,5278.718
nancy,100000,5301.957
nancy,100000,5301.9995
nancy,100000,5302.0146
nancy,100000,5302.0254
nancy,100000,5302.0356
nancy,100000,5302.046
nancy,100000,5302.057
nancy,100000,5302.0674
nancy,100000,5302.078
nancy,100000,5325.019
nancy,100000,5325.037
nancy,100000,5325.043
nancy,100000,5325.0464
nancy,100000,5325.051
nancy,100000,5325.054
nancy,100000,5325.057
nancy,100000,5325.0605
nancy,100000,5325.0635
nancy,100000,5348.22
nancy,100000,5348.239
nancy,100000,5348.263
nancy,100000,5348.2676
nancy,100000,5348.271
nancy,100000,5348.2744
nancy,100000,5167.3887
nancy,100000,5167.4297
nancy,100000,5167.4434
nancy,100000,5167.4653
nancy,100000,5167.475
nancy,100000,5167.4863
nancy,100000,5167.4995
nancy,100000,5167.51
nancy,100000,5167.5205
nancy,100000,5190.472
nancy,100000,5190.5234
nancy,100000,5190.538
nancy,100000,5190.5483
nancy,100000,5190.559
nancy,100000,5190.57
nancy,100000,5190.5806
nancy,100000,5190.5903
nancy,100000,5190.6016
nancy,100000,5213.4233
nancy,100000,5213.477
nancy,100000,5213.491
nancy,100000,5213.502
nancy,100000,5213.526
nancy,100000,5213.5293
nancy,100000,5213.5522
nancy,100000,5213.556
nancy,100000,5213.5615
nancy,100000,5236.4805
nancy,100000,5236.5
nancy,100000,5236.512
nancy,100000,5236.516
nancy,100000,5236.5195
nancy,100000,5236.5234
nancy,100000,5236.5273
nancy,100000,5236.5303
nancy,100000,5236.541
nancy,100000,5259.3164
nancy,100000,5259.359
nancy,100000,5259.3735
nancy,100000,5259.3955
nancy,100000,5259.406
nancy,100000,5259.416
nancy,100000,5259.4463
nancy,100000,5259.456
nancy,100000,5259.4673
nancy,100000,5282.4365
nancy,100000,5282.4795
nancy,100000,5282.4937
nancy,100000,5282.5044
nancy,100000,5282.5566
nancy,100000,5282.5684
nancy,100000,5282.5786
nancy,100000,5282.588
nancy,100000,5282.5996
nancy,100000,5305.8374
nancy,100000,5305.8813
nancy,100000,5305.8965
nancy,100000,5305.9077
nancy,100000,5305.9185
nancy,100000,5305.9287
nancy,100000,5305.9385
nancy,100000,5305.948
nancy,100000,5305.9595
nancy,100000,5328.8984
nancy,100000,5328.9185
nancy,100000,5328.9243
nancy,100000,5328.9287
nancy,100000,5328.9326
nancy,100000,5328.9365
nancy,100000,5328.94
nancy,100000,5328.9434
nancy,100000,5328.9473
nancy,100000,5352.1016
nancy,100000,5352.122
nancy,100000,5352.1636
nancy,100000,5352.1685
nancy,100000,5352.172
nancy,100000,5352.176
lyon,100000,5136.319
lyon,100000,5136.339
lyon,100000,5136.3447
lyon,100000,5136.3584
lyon,100000,5136.3633
lyon,100000,5136.3687
lyon,100000,5136.4146
lyon,100000,5136.424
lyon,100000,5136.433
lyon,100000,5159.553
lyon,100000,5159.5796
lyon,100000,5159.5864
lyon,100000,5159.592
lyon,100000,5159.5967
lyon,100000,5159.6016
lyon,100000,5159.607
lyon,100000,5159.612
lyon,100000,5159.617
lyon,100000,5182.383
lyon,100000,5182.43
lyon,100000,5182.443
lyon,100000,5182.452
lyon,100000,5182.471
lyon,100000,5182.481
lyon,100000,5182.4907
lyon,100000,5182.5386
lyon,100000,5182.556
lyon,100000,5205.4434
lyon,100000,5205.464
lyon,100000,5205.4775
lyon,100000,5205.483
lyon,100000,5205.488
lyon,100000,5205.496
lyon,100000,5205.501
lyon,100000,5205.5063
lyon,100000,5205.524
lyon,100000,5228.285
lyon,100000,5228.322
lyon,100000,5228.3335
lyon,100000,5228.354
lyon,100000,5228.393
lyon,100000,5228.405
lyon,100000,5228.419
lyon,100000,5228.4272
lyon,100000,5228.4355
lyon,100000,5251.4097
lyon,100000,5251.4297
lyon,100000,5251.4355
lyon,100000,5251.441
lyon,100000,5251.474
lyon,100000,5251.481
lyon,100000,5251.4863
lyon,100000,5251.4917
lyon,100000,5251.4966
lyon,100000,5274.795
lyon,100000,5274.8164
lyon,100000,5274.823
lyon,100000,5274.8286
lyon,100000,5274.833
lyon,100000,5274.838
lyon,100000,5274.8438
lyon,100000,5274.849
lyon,100000,5274.8535
lyon,100000,5297.877
lyon,100000,5297.8975
lyon,100000,5297.904
lyon,100000,5297.909
lyon,100000,5297.9146
lyon,100000,5297.9194
lyon,100000,5297.924
lyon,100000,5297.9297
lyon,100000,5297.9346
lyon,100000,5321.055
lyon,100000,5321.0903
lyon,100000,5321.142
lyon,100000,5321.1543
lyon,100000,5321.1636
lyon,100000,5321.174
nancy,100000,5171.2456
nancy,100000,5171.285
nancy,100000,5171.299
nancy,100000,5171.32
nancy,100000,5171.33
nancy,100000,5171.34
nancy,100000,5171.3535
nancy,100000,5171.363
nancy,100000,5171.3735
nancy,100000,5194.3296
nancy,100000,5194.382
nancy,100000,5194.396
nancy,100000,5194.406
nancy,100000,5194.4165
nancy,100000,5194.4272
nancy,100000,5194.437
nancy,100000,5194.4473
nancy,100000,5194.4575
nancy,100000,5217.2793
nancy,100000,5217.332
nancy,100000,5217.3467
nancy,100000,5217.357
nancy,100000,5217.3833
nancy,100000,5217.3867
nancy,100000,5217.39
nancy,100000,5217.4106
nancy,100000,5217.416
nancy,100000,5240.3374
nancy,100000,5240.3545
nancy,100000,5240.3657
nancy,100000,5240.3687
nancy,100000,5240.372
nancy,100000,5240.377
nancy,100000,5240.3804
nancy,100000,5240.3833
nancy,100000,5240.393
nancy,100000,5263.173
nancy,100000,5263.2144
nancy,100000,5263.229
nancy,100000,5263.25
nancy,100000,5263.26
nancy,100000,5263.2705
nancy,100000,5263.2944
nancy,100000,5263.3037
nancy,100000,5263.3145
nancy,100000,5286.294
nancy,100000,5286.3354
nancy,100000,5286.35
nancy,100000,5286.3613
nancy,100000,5286.4116
nancy,100000,5286.4233
nancy,100000,5286.4326
nancy,100000,5286.4424
nancy,100000,5286.4526
nancy,100000,5309.6943
nancy,100000,5309.7363
nancy,100000,5309.751
nancy,100000,5309.762
nancy,100000,5309.7725
nancy,100000,5309.7827
nancy,100000,5309.7925
nancy,100000,5309.8027
nancy,100000,5309.8135
nancy,100000,5332.7524
nancy,100000,5332.7695
nancy,100000,5332.775
nancy,100000,5332.7793
nancy,100000,5332.783
nancy,100000,5332.7866
nancy,100000,5332.7896
nancy,100000,5332.793
nancy,100000,5332.7964
nancy,100000,5355.9546
nancy,100000,5355.9717
nancy,100000,5355.996
nancy,100000,5356.0005
nancy,100000,5356.004
nancy,100000,5356.0073
lyon,100000,5051.7754
lyon,100000,5051.833
lyon,100000,5051.842
lyon,100000,5051.8477
lyon,100000,5051.8525
lyon,100000,5051.858
lyon,100000,5051.864
lyon,100000,5051.8687
lyon,100000,5051.8735
lyon,100000,5074.615
lyon,100000,5074.6426
lyon,100000,5074.6494
lyon,100000,5074.655
lyon,100000,5074.663
lyon,100000,5074.6685
lyon,100000,5074.674
lyon,100000,5074.7085
lyon,100000,5074.719
lyon,100000,5097.654
lyon,100000,5097.6743
lyon,100000,5097.6885
lyon,100000,5097.694
lyon,100000,5097.699
lyon,100000,5097.707
lyon,100000,5097.7124
lyon,100000,5097.7173
lyon,100000,5097.749
lyon,100000,5120.522
lyon,100000,5120.5586
lyon,100000,5120.5713
lyon,100000,5120.5923
lyon,100000,5120.6016
lyon,100000,5120.6113
lyon,100000,5120.6245
lyon,100000,5120.65
lyon,100000,5120.6562
lyon,100000,5143.639
lyon,100000,5143.673
lyon,100000,5143.6855
lyon,100000,5143.6953
lyon,100000,5143.742
lyon,100000,5143.7544
lyon,100000,5143.764
lyon,100000,5143.7744
lyon,100000,5143.7847
lyon,100000,5167.045
lyon,100000,5167.082
lyon,100000,5167.094
lyon,100000,5167.104
lyon,100000,5167.114
lyon,100000,5167.1235
lyon,100000,5167.1333
lyon,100000,5167.157
lyon,100000,5167.1626
lyon,100000,5190.092
lyon,100000,5190.1123
lyon,100000,5190.119
lyon,100000,5190.1245
lyon,100000,5190.13
lyon,100000,5190.135
lyon,100000,5190.14
lyon,100000,5190.1455
lyon,100000,5190.1514
lyon,100000,5213.262
lyon,100000,5213.284
lyon,100000,5213.316
lyon,100000,5213.323
lyon,100000,5213.328
lyon,100000,5213.3335
lyon,100000,5057.7886
lyon,100000,5057.847
lyon,100000,5057.8555
lyon,100000,5057.861
lyon,100000,5057.8667
lyon,100000,5057.8716
lyon,100000,5057.8765
lyon,100000,5057.882
lyon,100000,5057.887
lyon,100000,5080.6294
lyon,100000,5080.657
lyon,100000,5080.664
lyon,100000,5080.669
lyon,100000,5080.677
lyon,100000,5080.6816
lyon,100000,5080.715
lyon,100000,5080.722
lyon,100000,5080.731
lyon,100000,5103.668
lyon,100000,5103.6885
lyon,100000,5103.7026
lyon,100000,5103.708
lyon,100000,5103.7124
lyon,100000,5103.7207
lyon,100000,5103.726
lyon,100000,5103.73
lyon,100000,5103.7637
lyon,100000,5126.536
lyon,100000,5126.571
lyon,100000,5126.583
lyon,100000,5126.6035
lyon,100000,5126.614
lyon,100000,5126.6226
lyon,100000,5126.636
lyon,100000,5126.662
lyon,100000,5126.6675
lyon,100000,5149.653
lyon,100000,5149.689
lyon,100000,5149.701
lyon,100000,5149.711
lyon,100000,5149.7607
lyon,100000,5149.7734
lyon,100000,5149.783
lyon,100000,5149.793
lyon,100000,5149.803
lyon,100000,5173.0586
lyon,100000,5173.095
lyon,100000,5173.1074
lyon,100000,5173.117
lyon,100000,5173.126
lyon,100000,5173.1357
lyon,100000,5173.1455
lyon,100000,5173.1694
lyon,100000,5173.1753
lyon,100000,5196.1064
lyon,100000,5196.127
lyon,100000,5196.134
lyon,100000,5196.1387
lyon,100000,5196.144
lyon,100000,5196.149
lyon,100000,5196.154
lyon,100000,5196.158
lyon,100000,5196.164
lyon,100000,5219.2764
lyon,100000,5219.2974
lyon,100000,5219.329
lyon,100000,5219.336
lyon,100000,5219.3413
lyon,100000,5219.3467
lyon,100000,5062.878
lyon,100000,5062.9375
lyon,100000,5062.946
lyon,100000,5062.951
lyon,100000,5062.9565
lyon,100000,5062.9614
lyon,100000,5062.967
lyon,100000,5062.9717
lyon,100000,5062.977
lyon,100000,5085.719
lyon,100000,5085.7476
lyon,100000,5085.755
lyon,100000,5085.76
lyon,100000,5085.7676
lyon,100000,5085.7725
lyon,100000,5085.8066
lyon,100000,5085.814
lyon,100000,5085.8237
lyon,100000,5108.7583
lyon,100000,5108.78
lyon,100000,5108.794
lyon,100000,5108.799
lyon,100000,5108.8037
lyon,100000,5108.8125
lyon,100000,5108.817
lyon,100000,5108.822
lyon,100000,5108.8545
lyon,100000,5131.6255
lyon,100000,5131.662
lyon,100000,5131.6743
lyon,100000,5131.695
lyon,100000,5131.704
lyon,100000,5131.714
lyon,100000,5131.728
lyon,100000,5131.7534
lyon,100000,5131.76
lyon,100000,5154.742
lyon,100000,5154.778
lyon,100000,5154.7905
lyon,100000,5154.8
lyon,100000,5154.8516
lyon,100000,5154.863
lyon,100000,5154.8726
lyon,100000,5154.883
lyon,100000,5154.892
lyon,100000,5178.1484
lyon,100000,5178.1836
lyon,100000,5178.195
lyon,100000,5178.205
lyon,100000,5178.2144
lyon,100000,5178.2236
lyon,100000,5178.233
lyon,100000,5178.259
lyon,100000,5178.265
lyon,100000,5201.196
lyon,100000,5201.218
lyon,100000,5201.224
lyon,100000,5201.229
lyon,100000,5201.2344
lyon,100000,5201.2393
lyon,100000,5201.2437
lyon,100000,5201.2485
lyon,100000,5201.2544
lyon,100000,5224.3667
lyon,100000,5224.388
lyon,100000,5224.42
lyon,100000,5224.4277
lyon,100000,5224.4326
lyon,100000,5224.4375
lyon,100000,5069.1333
lyon,100000,5069.191
lyon,100000,5069.1997
lyon,100000,5069.204
lyon,100000,5069.2104
lyon,100000,5069.216
lyon,100000,5069.2217
lyon,100000,5069.2266
lyon,100000,5069.2314
lyon,100000,5091.974
lyon,100000,5092.001
lyon,100000,5092.008
lyon,100000,5092.0127
lyon,100000,5092.021
lyon,100000,5092.026
lyon,100000,5092.0566
lyon,100000,5092.0645
lyon,100000,5092.0728
lyon,100000,5115.012
lyon,100000,5115.0337
lyon,100000,5115.0474
lyon,100000,5115.053
lyon,100000,5115.058
lyon,100000,5115.0664
lyon,100000,5115.0713
lyon,100000,5115.076
lyon,100000,5115.109
lyon,100000,5137.881
lyon,100000,5137.917
lyon,100000,5137.929
lyon,100000,5137.95
lyon,100000,5137.9604
lyon,100000,5137.9697
lyon,100000,5137.985
lyon,100000,5138.0083
lyon,100000,5138.014
lyon,100000,5160.997
lyon,100000,5161.0317
lyon,100000,5161.0435
lyon,100000,5161.053
lyon,100000,5161.1045
lyon,100000,5161.118
lyon,100000,5161.128
lyon,100000,5161.138
lyon,100000,5161.1475
lyon,100000,5184.4033
lyon,100000,5184.44
lyon,100000,5184.4526
lyon,100000,5184.4624
lyon,100000,5184.472
lyon,100000,5184.4814
lyon,100000,5184.491
lyon,100000,5184.514
lyon,100000,5184.5195
lyon,100000,5207.45
lyon,100000,5207.471
lyon,100000,5207.4775
lyon,100000,5207.483
lyon,100000,5207.488
lyon,100000,5207.4927
lyon,100000,5207.4976
lyon,100000,5207.5024
lyon,100000,5207.5073
lyon,100000,5230.6206
lyon,100000,5230.642
lyon,100000,5230.6753
lyon,100000,5230.683
lyon,100000,5230.6885
lyon,100000,5230.694
lyon,100000,5074.6367
lyon,100000,5074.6997
lyon,100000,5074.7085
lyon,100000,5074.714
lyon,100000,5074.7188
lyon,100000,5074.724
lyon,100000,5074.7295
lyon,100000,5074.7344
lyon,100000,5074.7393
lyon,100000,5097.477
lyon,100000,5097.515
lyon,100000,5097.5225
lyon,100000,5097.527
lyon,100000,5097.535
lyon,100000,5097.5405
lyon,100000,5097.574
lyon,100000,5097.581
lyon,100000,5097.5903
lyon,100000,5120.515
lyon,100000,5120.5376
lyon,100000,5120.552
lyon,100000,5120.5566
lyon,100000,5120.562
lyon,100000,5120.5703
lyon,100000,5120.575
lyon,100000,5120.5796
lyon,100000,5120.6133
lyon,100000,5143.3726
lyon,100000,5143.4097
lyon,100000,5143.422
lyon,100000,5143.4424
lyon,100000,5143.4517
lyon,100000,5143.4614
lyon,100000,5143.4756
lyon,100000,5143.485
lyon,100000,5143.494
lyon,100000,5166.501
lyon,100000,5166.537
lyon,100000,5166.55
lyon,100000,5166.5596
lyon,100000,5166.61
lyon,100000,5166.6216
lyon,100000,5166.6313
lyon,100000,5166.6416
lyon,100000,5166.6514
lyon,100000,5189.8955
lyon,100000,5189.9326
lyon,100000,5189.946
lyon,100000,5189.955
lyon,100000,5189.9644
lyon,100000,5189.9736
lyon,100000,5189.984
lyon,100000,5189.993
lyon,100000,5190.003
lyon,100000,5212.9536
lyon,100000,5212.9756
lyon,100000,5212.9824
lyon,100000,5212.987
lyon,100000,5212.992
lyon,100000,5212.9976
lyon,100000,5213.0024
lyon,100000,5213.007
lyon,100000,5213.012
lyon,100000,5236.123
lyon,100000,5236.1455
lyon,100000,5236.177
lyon,100000,5236.184
lyon,100000,5236.1895
lyon,100000,5236.1953
lyon,100000,5026.9595
lyon,100000,5026.981
lyon,100000,5026.988
lyon,100000,5027.0015
lyon,100000,5027.0073
lyon,100000,5027.0127
lyon,100000,5027.022
lyon,100000,5027.0273
lyon,100000,5027.032
lyon,100000,5050.2715
lyon,100000,5050.3354
lyon,100000,5050.3486
lyon,100000,5050.3584
lyon,100000,5050.3687
lyon,100000,5050.379
lyon,100000,5050.3896
lyon,100000,5050.3994
lyon,100000,5050.409
lyon,100000,5073.1367
lyon,100000,5073.1826
lyon,100000,5073.1953
lyon,100000,5073.2046
lyon,100000,5073.2197
lyon,100000,5073.2295
lyon,100000,5073.284
lyon,100000,5073.292
lyon,100000,5073.301
lyon,100000,5096.1924
lyon,100000,5096.2144
lyon,100000,5096.228
lyon,100000,5096.2334
lyon,100000,5096.239
lyon,100000,5096.247
lyon,100000,5096.253
lyon,100000,5096.2573
lyon,100000,5096.273
lyon,100000,5119.011
lyon,100000,5119.0327
lyon,100000,5119.0396
lyon,100000,5119.052
lyon,100000,5119.057
lyon,100000,5119.0625
lyon,100000,5119.071
lyon,100000,5119.076
lyon,100000,5119.0815
lyon,100000,5142.141
lyon,100000,5142.1777
lyon,100000,5142.1904
lyon,100000,5142.2
lyon,100000,5142.2534
lyon,100000,5142.2656
lyon,100000,5142.2764
lyon,100000,5142.2856
lyon,100000,5142.3135
lyon,100000,5165.4766
lyon,100000,5165.5117
lyon,100000,5165.524
lyon,100000,5165.534
lyon,100000,5165.5435
lyon,100000,5165.553
lyon,100000,5165.564
lyon,100000,5165.5737
lyon,100000,5165.5835
lyon,100000,5188.585
lyon,100000,5188.607
lyon,100000,5188.6133
lyon,100000,5188.6187
lyon,100000,5188.6245
lyon,100000,5188.6294
lyon,100000,5188.635
lyon,100000,5188.6396
lyon,100000,5188.645
lyon,100000,5211.807
lyon,100000,5211.843
lyon,100000,5211.8945
lyon,100000,5211.907
lyon,100000,5211.917
lyon,100000,5211.927
lyon,100000,5033.315
lyon,100000,5033.335
lyon,100000,5033.341
lyon,100000,5033.3535
lyon,100000,5033.3584
lyon,100000,5033.3633
lyon,100000,5033.372
lyon,100000,5033.377
lyon,100000,5033.3823
lyon,100000,5056.6167
lyon,100000,5056.6743
lyon,100000,5056.6875
lyon,100000,5056.6973
lyon,100000,5056.707
lyon,100000,5056.7163
lyon,100000,5056.7266
lyon,100000,5056.737
lyon,100000,5056.747
lyon,100000,5079.481
lyon,100000,5079.529
lyon,100000,5079.541
lyon,100000,5079.5513
lyon,100000,5079.5664
lyon,100000,5079.5767
lyon,100000,5079.629
lyon,100000,5079.638
lyon,100000,5079.647
lyon,100000,5102.539
lyon,100000,5102.56
lyon,100000,5102.5737
lyon,100000,5102.579
lyon,100000,5102.5845
lyon,100000,5102.593
lyon,100000,5102.598
lyon,100000,5102.603
lyon,100000,5102.618
lyon,100000,5125.3594
lyon,100000,5125.3804
lyon,100000,5125.3867
lyon,100000,5125.399
lyon,100000,5125.4043
lyon,100000,5125.409
lyon,100000,5125.4175
lyon,100000,5125.423
lyon,100000,5125.428
lyon,100000,5148.4863
lyon,100000,5148.522
lyon,100000,5148.534
lyon,100000,5148.544
lyon,100000,5148.596
lyon,100000,5148.609
lyon,100000,5148.619
lyon,100000,5148.629
lyon,100000,5148.657
lyon,100000,5171.8213
lyon,100000,5171.8584
lyon,100000,5171.8706
lyon,100000,5171.8804
lyon,100000,5171.8896
lyon,100000,5171.8994
lyon,100000,5171.91
lyon,100000,5171.9204
lyon,100000,5171.93
lyon,100000,5194.9316
lyon,100000,5194.953
lyon,100000,5194.9595
lyon,100000,5194.9644
lyon,100000,5194.9697
lyon,100000,5194.975
lyon,100000,5194.98
lyon,100000,5194.985
lyon,100000,5194.99
lyon,100000,5218.152
lyon,100000,5218.189
lyon,100000,5218.2397
lyon,100000,5218.2524
lyon,100000,5218.2627
lyon,100000,5218.2725
lyon,100000,5061.571
lyon,100000,5061.628
lyon,100000,5061.641
lyon,100000,5061.651
lyon,100000,5061.66
lyon,100000,5061.671
lyon,100000,5061.681
lyon,100000,5061.6914
lyon,100000,5061.701
lyon,100000,5084.434
lyon,100000,5084.4795
lyon,100000,5084.4927
lyon,100000,5084.5024
lyon,100000,5084.517
lyon,100000,5084.527
lyon,100000,5084.58
lyon,100000,5084.588
lyon,100000,5084.597
lyon,100000,5107.4907
lyon,100000,5107.5107
lyon,100000,5107.5244
lyon,100000,5107.53
lyon,100000,5107.5347
lyon,100000,5107.544
lyon,100000,5107.55
lyon,100000,5107.554
lyon,100000,5107.5713
lyon,100000,5130.32
lyon,100000,5130.341
lyon,100000,5130.3467
lyon,100000,5130.36
lyon,100000,5130.365
lyon,100000,5130.3706
lyon,100000,5130.3794
lyon,100000,5130.385
lyon,100000,5130.39
lyon,100000,5153.4375
lyon,100000,5153.4717
lyon,100000,5153.4834
lyon,100000,5153.493
lyon,100000,5153.5435
lyon,100000,5153.5557
lyon,100000,5153.567
lyon,100000,5153.576
lyon,100000,5153.601
lyon,100000,5176.7734
lyon,100000,5176.8096
lyon,100000,5176.822
lyon,100000,5176.8315
lyon,100000,5176.8413
lyon,100000,5176.852
lyon,100000,5176.863
lyon,100000,5176.8726
lyon,100000,5176.883
lyon,100000,5199.893
lyon,100000,5199.914
lyon,100000,5199.9204
lyon,100000,5199.926
lyon,100000,5199.931
lyon,100000,5199.936
lyon,100000,5199.941
lyon,100000,5199.947
lyon,100000,5199.9517
lyon,100000,5223.1045
lyon,100000,5223.139
lyon,100000,5223.1914
lyon,100000,5223.203
lyon,100000,5223.2134
lyon,100000,5223.223
lyon,100000,5067.7363
lyon,100000,5067.796
lyon,100000,5067.8086
lyon,100000,5067.819
lyon,100000,5067.828
lyon,100000,5067.838
lyon,100000,5067.8477
lyon,100000,5067.8584
lyon,100000,5067.868
lyon,100000,5090.5996
lyon,100000,5090.6445
lyon,100000,5090.6562
lyon,100000,5090.6665
lyon,100000,5090.681
lyon,100000,5090.691
lyon,100000,5090.7407
lyon,100000,5090.7495
lyon,100000,5090.759
lyon,100000,5113.6577
lyon,100000,5113.6777
lyon,100000,5113.6914
lyon,100000,5113.697
lyon,100000,5113.7017
lyon,100000,5113.7104
lyon,100000,5113.7163
lyon,100000,5113.7207
lyon,100000,5113.739
lyon,100000,5136.4785
lyon,100000,5136.5
lyon,100000,5136.506
lyon,100000,5136.5186
lyon,100000,5136.524
lyon,100000,5136.5283
lyon,100000,5136.54
lyon,100000,5136.5454
lyon,100000,5136.5503
lyon,100000,5159.605
lyon,100000,5159.6406
lyon,100000,5159.653
lyon,100000,5159.663
lyon,100000,5159.7153
lyon,100000,5159.727
lyon,100000,5159.739
lyon,100000,5159.748
lyon,100000,5159.7744
lyon,100000,5182.941
lyon,100000,5182.977
lyon,100000,5182.9893
lyon,100000,5182.999
lyon,100000,5183.0083
lyon,100000,5183.018
lyon,100000,5183.03
lyon,100000,5183.0396
lyon,100000,5183.05
lyon,100000,5206.051
lyon,100000,5206.0723
lyon,100000,5206.0786
lyon,100000,5206.084
lyon,100000,5206.089
lyon,100000,5206.095
lyon,100000,5206.1006
lyon,100000,5206.1055
lyon,100000,5206.11
lyon,100000,5229.271
lyon,100000,5229.305
lyon,100000,5229.3584
lyon,100000,5229.37
lyon,100000,5229.3804
lyon,100000,5229.3906
lyon,100000,5165.854
lyon,100000,5165.8813
lyon,100000,5165.888
lyon,100000,5165.8936
lyon,100000,5165.899
lyon,100000,5165.904
lyon,100000,5165.9097
lyon,100000,5165.9146
lyon,100000,5165.92
lyon,100000,5188.6934
lyon,100000,5188.7407
lyon,100000,5188.7534
lyon,100000,5188.7637
lyon,100000,5188.777
lyon,100000,5188.787
lyon,100000,5188.842
lyon,100000,5188.854
lyon,100000,5188.8687
lyon,100000,5211.745
lyon,100000,5211.767
lyon,100000,5211.781
lyon,100000,5211.7856
lyon,100000,5211.791
lyon,100000,5211.798
lyon,100000,5211.803
lyon,100000,5211.808
lyon,100000,5211.823
lyon,100000,5234.5933
lyon,100000,5234.6294
lyon,100000,5234.642
lyon,100000,5234.662
lyon,100000,5234.6973
lyon,100000,5234.7056
lyon,100000,5234.7134
lyon,100000,5234.7188
lyon,100000,5234.7236
lyon,100000,5257.718
lyon,100000,5257.7397
lyon,100000,5257.746
lyon,100000,5257.7515
lyon,100000,5257.782
lyon,100000,5257.789
lyon,100000,5257.794
lyon,100000,5257.8
lyon,100000,5257.8047
lyon,100000,5281.104
lyon,100000,5281.126
lyon,100000,5281.133
lyon,100000,5281.138
lyon,100000,5281.143
lyon,100000,5281.1484
lyon,100000,5281.154
lyon,100000,5281.1587
lyon,100000,5281.164
lyon,100000,5304.1865
lyon,100000,5304.2085
lyon,100000,5304.2144
lyon,100000,5304.2197
lyon,100000,5304.225
lyon,100000,5304.2295
lyon,100000,5304.235
lyon,100000,5304.2407
lyon,100000,5304.2456
lyon,100000,5327.3647
lyon,100000,5327.4023
lyon,100000,5327.4536
lyon,100000,5327.466
lyon,100000,5327.4766
lyon,100000,5327.487
lyon,100000,5073.092
lyon,100000,5073.1377
lyon,100000,5073.173
lyon,100000,5073.184
lyon,100000,5073.1934
lyon,100000,5073.203
lyon,100000,5073.2124
lyon,100000,5073.2217
lyon,100000,5073.232
lyon,100000,5095.955
lyon,100000,5096.0015
lyon,100000,5096.014
lyon,100000,5096.0244
lyon,100000,5096.0396
lyon,100000,5096.0493
lyon,100000,5096.059
lyon,100000,5096.1147
lyon,100000,5096.125
lyon,100000,5119.0317
lyon,100000,5119.053
lyon,100000,5119.0674
lyon,100000,5119.072
lyon,100000,5119.0776
lyon,100000,5119.089
lyon,100000,5119.0938
lyon,100000,5119.0986
lyon,100000,5119.1147
lyon,100000,5141.8535
lyon,100000,5141.875
lyon,100000,5141.8813
lyon,100000,5141.894
lyon,100000,5141.899
lyon,100000,5141.9043
lyon,100000,5141.9126
lyon,100000,5141.917
lyon,100000,5141.922
lyon,100000,5164.9614
lyon,100000,5164.9966
lyon,100000,5165.0093
lyon,100000,5165.0195
lyon,100000,5165.157
lyon,100000,5165.1714
lyon,100000,5165.181
lyon,100000,5165.191
lyon,100000,5165.2
lyon,100000,5188.2954
lyon,100000,5188.332
lyon,100000,5188.344
lyon,100000,5188.3545
lyon,100000,5188.3643
lyon,100000,5188.3735
lyon,100000,5188.384
lyon,100000,5188.393
lyon,100000,5188.403
lyon,100000,5211.4287
lyon,100000,5211.4507
lyon,100000,5211.4565
lyon,100000,5211.4624
lyon,100000,5211.468
lyon,100000,5211.473
lyon,100000,5211.4775
lyon,100000,5211.483
lyon,100000,5211.488
lyon,100000,5234.629
lyon,100000,5234.665
lyon,100000,5234.7173
lyon,100000,5234.7305
lyon,100000,5234.74
lyon,100000,5234.75
rennes,100000,5060.1616
rennes,100000,5060.209
rennes,100000,5060.222
rennes,100000,5060.2324
rennes,100000,5060.2427
rennes,100000,5060.253
rennes,100000,5060.264
rennes,100000,5060.2744
rennes,100000,5060.2847
rennes,100000,5083.004
rennes,100000,5083.0522
rennes,100000,5083.066
rennes,100000,5083.076
rennes,100000,5083.092
rennes,100000,5083.102
rennes,100000,5083.1523
rennes,100000,5083.166
rennes,100000,5083.182
rennes,100000,5106.0586
rennes,100000,5106.0903
rennes,100000,5106.1055
rennes,100000,5106.1104
rennes,100000,5106.1157
rennes,100000,5106.124
rennes,100000,5106.13
rennes,100000,5106.1343
rennes,100000,5106.1504
rennes,100000,5128.882
rennes,100000,5128.903
rennes,100000,5128.9097
rennes,100000,5128.9243
rennes,100000,5128.929
rennes,100000,5128.9346
rennes,100000,5128.942
rennes,100000,5128.9478
rennes,100000,5128.9526
rennes,100000,5152.026
rennes,100000,5152.0625
rennes,100000,5152.076
rennes,100000,5152.087
rennes,100000,5152.2446
rennes,100000,5152.256
rennes,100000,5152.262
rennes,100000,5152.267
rennes,100000,5152.2725
rennes,100000,5175.405
rennes,100000,5175.4404
rennes,100000,5175.4536
rennes,100000,5175.465
rennes,100000,5175.4746
rennes,100000,5175.485
rennes,100000,5175.496
rennes,100000,5175.507
rennes,100000,5175.5166
rennes,100000,5198.472
rennes,100000,5198.4937
rennes,100000,5198.5
rennes,100000,5198.506
rennes,100000,5198.5107
rennes,100000,5198.516
rennes,100000,5198.52
rennes,100000,5198.526
rennes,100000,5198.531
rennes,100000,5221.6533
rennes,100000,5221.6904
rennes,100000,5221.735
rennes,100000,5221.744
rennes,100000,5221.749
rennes,100000,5221.754
rennes,100000,5041.507
rennes,100000,5041.526
rennes,100000,5041.532
rennes,100000,5041.5435
rennes,100000,5041.549
rennes,100000,5041.554
rennes,100000,5041.562
rennes,100000,5041.567
rennes,100000,5041.572
rennes,100000,5064.8066
rennes,100000,5064.85
rennes,100000,5064.863
rennes,100000,5064.8726
rennes,100000,5064.8823
rennes,100000,5064.8926
rennes,100000,5064.9033
rennes,100000,5064.9126
rennes,100000,5064.923
rennes,100000,5087.6426
rennes,100000,5087.6875
rennes,100000,5087.6997
rennes,100000,5087.71
rennes,100000,5087.7236
rennes,100000,5087.734
rennes,100000,5087.7856
rennes,100000,5087.7993
rennes,100000,5087.814
rennes,100000,5110.696
rennes,100000,5110.727
rennes,100000,5110.7407
rennes,100000,5110.746
rennes,100000,5110.75
rennes,100000,5110.7573
rennes,100000,5110.7627
rennes,100000,5110.767
rennes,100000,5110.7812
rennes,100000,5133.5254
rennes,100000,5133.546
rennes,100000,5133.5522
rennes,100000,5133.5635
rennes,100000,5133.5684
rennes,100000,5133.573
rennes,100000,5133.5796
rennes,100000,5133.585
rennes,100000,5133.59
rennes,100000,5156.6636
rennes,100000,5156.698
rennes,100000,5156.71
rennes,100000,5156.7207
rennes,100000,5156.769
rennes,100000,5156.782
rennes,100000,5156.8037
rennes,100000,5156.809
rennes,100000,5156.8135
rennes,100000,5180.0522
rennes,100000,5180.087
rennes,100000,5180.1
rennes,100000,5180.11
rennes,100000,5180.1196
rennes,100000,5180.1294
rennes,100000,5180.1396
rennes,100000,5180.1494
rennes,100000,5180.159
rennes,100000,5203.117
rennes,100000,5203.1367
rennes,100000,5203.143
rennes,100000,5203.148
rennes,100000,5203.153
rennes,100000,5203.157
rennes,100000,5203.1616
rennes,100000,5203.1665
rennes,100000,5203.172
rennes,100000,5226.314
rennes,100000,5226.335
rennes,100000,5226.377
rennes,100000,5226.385
rennes,100000,5226.389
rennes,100000,5226.3936
rennes,100000,5046.3486
rennes,100000,5046.3687
rennes,100000,5046.3755
rennes,100000,5046.3867
rennes,100000,5046.392
rennes,100000,5046.397
rennes,100000,5046.405
rennes,100000,5046.41
rennes,100000,5046.4155
rennes,100000,5069.6465
rennes,100000,5069.692
rennes,100000,5069.7065
rennes,100000,5069.7163
rennes,100000,5069.726
rennes,100000,5069.737
rennes,100000,5069.747
rennes,100000,5069.7563
rennes,100000,5069.767
rennes,100000,5092.4844
rennes,100000,5092.5303
rennes,100000,5092.543
rennes,100000,5092.553
rennes,100000,5092.5674
rennes,100000,5092.578
rennes,100000,5092.627
rennes,100000,5092.6406
rennes,100000,5092.6562
rennes,100000,5115.544
rennes,100000,5115.565
rennes,100000,5115.588
rennes,100000,5115.5933
rennes,100000,5115.598
rennes,100000,5115.607
rennes,100000,5115.6113
rennes,100000,5115.616
rennes,100000,5115.631
rennes,100000,5138.372
rennes,100000,5138.393
rennes,100000,5138.399
rennes,100000,5138.4106
rennes,100000,5138.4155
rennes,100000,5138.42
rennes,100000,5138.43
rennes,100000,5138.4355
rennes,100000,5138.44
rennes,100000,5161.507
rennes,100000,5161.544
rennes,100000,5161.556
rennes,100000,5161.5664
rennes,100000,5161.616
rennes,100000,5161.6304
rennes,100000,5161.64
rennes,100000,5161.661
rennes,100000,5161.668
rennes,100000,5184.8896
rennes,100000,5184.927
rennes,100000,5184.9404
rennes,100000,5184.95
rennes,100000,5184.96
rennes,100000,5184.9707
rennes,100000,5184.981
rennes,100000,5184.9907
rennes,100000,5185.001
rennes,100000,5207.957
rennes,100000,5207.978
rennes,100000,5207.9844
rennes,100000,5207.9893
rennes,100000,5207.9946
rennes,100000,5207.9995
rennes,100000,5208.0044
rennes,100000,5208.009
rennes,100000,5208.0137
rennes,100000,5231.1406
rennes,100000,5231.181
rennes,100000,5231.2256
rennes,100000,5231.233
rennes,100000,5231.2373
rennes,100000,5231.242
rennes,100000,5051.1377
rennes,100000,5051.1577
rennes,100000,5051.1646
rennes,100000,5051.1763
rennes,100000,5051.181
rennes,100000,5051.1865
rennes,100000,5051.1943
rennes,100000,5051.1987
rennes,100000,5051.204
rennes,100000,5074.4375
rennes,100000,5074.4824
rennes,100000,5074.495
rennes,100000,5074.5054
rennes,100000,5074.5146
rennes,100000,5074.525
rennes,100000,5074.535
rennes,100000,5074.545
rennes,100000,5074.5547
rennes,100000,5097.28
rennes,100000,5097.3257
rennes,100000,5097.3394
rennes,100000,5097.349
rennes,100000,5097.363
rennes,100000,5097.3735
rennes,100000,5097.4277
rennes,100000,5097.441
rennes,100000,5097.455
rennes,100000,5120.334
rennes,100000,5120.364
rennes,100000,5120.376
rennes,100000,5120.3813
rennes,100000,5120.386
rennes,100000,5120.3926
rennes,100000,5120.3984
rennes,100000,5120.4033
rennes,100000,5120.4175
rennes,100000,5143.1577
rennes,100000,5143.178
rennes,100000,5143.1846
rennes,100000,5143.196
rennes,100000,5143.2007
rennes,100000,5143.2056
rennes,100000,5143.2124
rennes,100000,5143.218
rennes,100000,5143.2217
rennes,100000,5166.3022
rennes,100000,5166.339
rennes,100000,5166.3516
rennes,100000,5166.362
rennes,100000,5166.4116
rennes,100000,5166.4375
rennes,100000,5166.4434
rennes,100000,5166.448
rennes,100000,5166.4556
rennes,100000,5189.69
rennes,100000,5189.7275
rennes,100000,5189.7407
rennes,100000,5189.7505
rennes,100000,5189.7603
rennes,100000,5189.7695
rennes,100000,5189.781
rennes,100000,5189.7905
rennes,100000,5189.8
rennes,100000,5212.748
rennes,100000,5212.768
rennes,100000,5212.7744
rennes,100000,5212.7793
rennes,100000,5212.7837
rennes,100000,5212.7886
rennes,100000,5212.7935
rennes,100000,5212.799
rennes,100000,5212.8037
rennes,100000,5235.9316
rennes,100000,5235.9673
rennes,100000,5236.0117
rennes,100000,5236.0195
rennes,100000,5236.0244
rennes,100000,5236.0293
rennes,100000,5078.9756
rennes,100000,5079.0205
rennes,100000,5079.0337
rennes,100000,5079.044
rennes,100000,5079.0537
rennes,100000,5079.0635
rennes,100000,5079.0728
rennes,100000,5079.0825
rennes,100000,5079.092
rennes,100000,5101.82
rennes,100000,5101.8687
rennes,100000,5101.8813
rennes,100000,5101.892
rennes,100000,5101.907
rennes,100000,5101.917
rennes,100000,5101.9688
rennes,100000,5101.9814
rennes,100000,5101.9976
rennes,100000,5124.8677
rennes,100000,5124.9077
rennes,100000,5124.921
rennes,100000,5124.9346
rennes,100000,5124.9404
rennes,100000,5124.9487
rennes,100000,5124.953
rennes,100000,5124.958
rennes,100000,5124.9746
rennes,100000,5147.692
rennes,100000,5147.732
rennes,100000,5147.7383
rennes,100000,5147.75
rennes,100000,5147.7554
rennes,100000,5147.76
rennes,100000,5147.767
rennes,100000,5147.772
rennes,100000,5147.7764
rennes,100000,5170.8413
rennes,100000,5170.879
rennes,100000,5170.8906
rennes,100000,5170.902
rennes,100000,5170.9517
rennes,100000,5170.965
rennes,100000,5170.974
rennes,100000,5170.9844
rennes,100000,5170.9946
rennes,100000,5194.225
rennes,100000,5194.264
rennes,100000,5194.2764
rennes,100000,5194.287
rennes,100000,5194.297
rennes,100000,5194.306
rennes,100000,5194.3164
rennes,100000,5194.3257
rennes,100000,5194.3354
rennes,100000,5217.306
rennes,100000,5217.328
rennes,100000,5217.3345
rennes,100000,5217.34
rennes,100000,5217.344
rennes,100000,5217.349
rennes,100000,5217.354
rennes,100000,5217.358
rennes,100000,5217.363
rennes,100000,5240.471
rennes,100000,5240.508
rennes,100000,5240.555
rennes,100000,5240.563
rennes,100000,5240.5796
rennes,100000,5240.586
nantes,100000,4967.034
nantes,100000,4967.08
nantes,100000,4967.1006
nantes,100000,4967.1323
nantes,100000,4967.152
nantes,100000,4967.1636
nantes,100000,4967.225
nantes,100000,4967.234
nantes,100000,4967.2393
nantes,100000,4990.212
nantes,100000,4990.247
nantes,100000,4990.26
nantes,100000,4990.2695
nantes,100000,4990.2793
nantes,100000,4990.285
nantes,100000,4990.291
nantes,100000,4990.2964
nantes,100000,4990.302
nantes,100000,5013.1055
nantes,100000,5013.1665
nantes,100000,5013.189
nantes,100000,5013.2075
nantes,100000,5013.248
nantes,100000,5013.257
nantes,100000,5013.266
nantes,100000,5013.3335
nantes,100000,5013.349
nantes,100000,5036.1074
nantes,100000,5036.1553
nantes,100000,5036.1904
nantes,100000,5036.2085
nantes,100000,5036.226
nantes,100000,5036.2476
nantes,100000,5036.259
nantes,100000,5036.268
nantes,100000,5036.2944
nantes,100000,5058.9683
nantes,100000,5059.015
nantes,100000,5059.036
nantes,100000,5059.067
nantes,100000,5059.0977
nantes,100000,5059.108
nantes,100000,5059.12
nantes,100000,5059.126
nantes,100000,5059.1313
nantes,100000,5082.107
nantes,100000,5082.1616
nantes,100000,5082.173
nantes,100000,5082.183
nantes,100000,5082.2246
nantes,100000,5082.2344
nantes,100000,5082.2397
nantes,100000,5082.245
nantes,100000,5082.25
nantes,100000,5105.504
nantes,100000,5105.5513
nantes,100000,5105.573
nantes,100000,5105.591
nantes,100000,5105.608
nantes,100000,5105.6255
nantes,100000,5105.6416
nantes,100000,5105.6553
nantes,100000,5105.6665
nantes,100000,5128.5615
nantes,100000,5128.59
nantes,100000,5128.601
nantes,100000,5128.611
nantes,100000,5128.6196
nantes,100000,5128.63
nantes,100000,5128.638
nantes,100000,5128.644
nantes,100000,5128.6494
nantes,100000,5151.7104
nantes,100000,5151.76
nantes,100000,5151.8223
nantes,100000,5151.838
nantes,100000,5151.848
nantes,100000,5151.8584
nantes,100000,4973.5347
nantes,100000,4973.5684
nantes,100000,4973.5806
nantes,100000,4973.602
nantes,100000,4973.6123
nantes,100000,4973.6226
nantes,100000,4973.6367
nantes,100000,4973.674
nantes,100000,4973.6997
nantes,100000,4996.698
nantes,100000,4996.726
nantes,100000,4996.733
nantes,100000,4996.738
nantes,100000,4996.743
nantes,100000,4996.749
nantes,100000,4996.754
nantes,100000,4996.759
nantes,100000,4996.764
nantes,100000,5019.6064
nantes,100000,5019.654
nantes,100000,5019.667
nantes,100000,5019.6777
nantes,100000,5019.693
nantes,100000,5019.717
nantes,100000,5019.75
nantes,100000,5019.758
nantes,100000,5019.7866
nantes,100000,5042.619
nantes,100000,5042.6543
nantes,100000,5042.6772
nantes,100000,5042.6875
nantes,100000,5042.6978
nantes,100000,5042.7134
nantes,100000,5042.722
nantes,100000,5042.732
nantes,100000,5042.759
nantes,100000,5065.467
nantes,100000,5065.5015
nantes,100000,5065.514
nantes,100000,5065.5356
nantes,100000,5065.545
nantes,100000,5065.5674
nantes,100000,5065.5767
nantes,100000,5065.5815
nantes,100000,5065.5864
nantes,100000,5088.623
nantes,100000,5088.646
nantes,100000,5088.6523
nantes,100000,5088.6587
nantes,100000,5088.6904
nantes,100000,5088.6973
nantes,100000,5088.7026
nantes,100000,5088.708
nantes,100000,5088.714
nantes,100000,5112.004
nantes,100000,5112.039
nantes,100000,5112.051
nantes,100000,5112.0625
nantes,100000,5112.072
nantes,100000,5112.0815
nantes,100000,5112.0913
nantes,100000,5112.1016
nantes,100000,5112.1113
nantes,100000,5135.0522
nantes,100000,5135.074
nantes,100000,5135.0806
nantes,100000,5135.086
nantes,100000,5135.092
nantes,100000,5135.097
nantes,100000,5135.1016
nantes,100000,5135.107
nantes,100000,5135.112
nantes,100000,5158.221
nantes,100000,5158.2563
nantes,100000,5158.3076
nantes,100000,5158.319
nantes,100000,5158.33
nantes,100000,5158.3394
nantes,100000,4978.754
nantes,100000,4978.7896
nantes,100000,4978.8013
nantes,100000,4978.8213
nantes,100000,4978.831
nantes,100000,4978.841
nantes,100000,4978.8984
nantes,100000,4978.9053
nantes,100000,4978.9106
nantes,100000,5001.9307
nantes,100000,5001.957
nantes,100000,5001.964
nantes,100000,5001.9688
nantes,100000,5001.974
nantes,100000,5001.9795
nantes,100000,5001.984
nantes,100000,5001.9897
nantes,100000,5001.995
nantes,100000,5024.8257
nantes,100000,5024.8716
nantes,100000,5024.884
nantes,100000,5024.893
nantes,100000,5024.921
nantes,100000,5024.927
nantes,100000,5025.077
nantes,100000,5025.0854
nantes,100000,5025.0957
nantes,100000,5047.828
nantes,100000,5047.8643
nantes,100000,5047.887
nantes,100000,5047.897
nantes,100000,5047.9067
nantes,100000,5047.9214
nantes,100000,5047.9307
nantes,100000,5047.94
nantes,100000,5047.965
nantes,100000,5070.685
nantes,100000,5070.721
nantes,100000,5070.7363
nantes,100000,5070.77
nantes,100000,5070.776
nantes,100000,5070.7812
nantes,100000,5070.7896
nantes,100000,5070.7944
nantes,100000,5070.8
nantes,100000,5093.8364
nantes,100000,5093.858
nantes,100000,5093.8643
nantes,100000,5093.8696
nantes,100000,5093.8994
nantes,100000,5093.9067
nantes,100000,5093.9116
nantes,100000,5093.917
nantes,100000,5093.9224
nantes,100000,5117.2217
nantes,100000,5117.259
nantes,100000,5117.271
nantes,100000,5117.281
nantes,100000,5117.2915
nantes,100000,5117.301
nantes,100000,5117.3105
nantes,100000,5117.32
nantes,100000,5117.3296
nantes,100000,5140.2827
nantes,100000,5140.303
nantes,100000,5140.3096
nantes,100000,5140.3145
nantes,100000,5140.3193
nantes,100000,5140.324
nantes,100000,5140.33
nantes,100000,5140.335
nantes,100000,5140.34
nantes,100000,5163.4297
nantes,100000,5163.465
nantes,100000,5163.516
nantes,100000,5163.528
nantes,100000,5163.5386
nantes,100000,5163.548
nantes,100000,4985.2026
nantes,100000,4985.2383
nantes,100000,4985.2495
nantes,100000,4985.272
nantes,100000,4985.283
nantes,100000,4985.293
nantes,100000,4985.35
nantes,100000,4985.3574
nantes,100000,4985.3647
nantes,100000,5008.357
nantes,100000,5008.383
nantes,100000,5008.3896
nantes,100000,5008.3945
nantes,100000,5008.3994
nantes,100000,5008.405
nantes,100000,5008.41
nantes,100000,5008.4146
nantes,100000,5008.42
nantes,100000,5031.2764
nantes,100000,5031.3213
nantes,100000,5031.334
nantes,100000,5031.3438
nantes,100000,5031.3706
nantes,100000,5031.3765
nantes,100000,5031.382
nantes,100000,5031.442
nantes,100000,5031.4536
nantes,100000,5054.2773
nantes,100000,5054.314
nantes,100000,5054.337
nantes,100000,5054.347
nantes,100000,5054.357
nantes,100000,5054.3716
nantes,100000,5054.3804
nantes,100000,5054.3896
nantes,100000,5054.416
nantes,100000,5077.1357
nantes,100000,5077.172
nantes,100000,5077.1836
nantes,100000,5077.2173
nantes,100000,5077.2227
nantes,100000,5077.2285
nantes,100000,5077.2373
nantes,100000,5077.2417
nantes,100000,5077.247
nantes,100000,5100.286
nantes,100000,5100.308
nantes,100000,5100.314
nantes,100000,5100.3193
nantes,100000,5100.351
nantes,100000,5100.3584
nantes,100000,5100.3633
nantes,100000,5100.368
nantes,100000,5100.373
nantes,100000,5123.672
nantes,100000,5123.707
nantes,100000,5123.7188
nantes,100000,5123.7285
nantes,100000,5123.738
nantes,100000,5123.7485
nantes,100000,5123.758
nantes,100000,5123.7676
nantes,100000,5123.777
nantes,100000,5146.7075
nantes,100000,5146.729
nantes,100000,5146.7354
nantes,100000,5146.74
nantes,100000,5146.746
nantes,100000,5146.7515
nantes,100000,5146.7563
nantes,100000,5146.7607
nantes,100000,5146.7656
nantes,100000,5169.88
nantes,100000,5169.916
nantes,100000,5169.9683
nantes,100000,5169.981
nantes,100000,5169.991
nantes,100000,5170.016
lyon,100000,5171.5957
lyon,100000,5171.6235
lyon,100000,5171.6304
lyon,100000,5171.6353
lyon,100000,5171.64
lyon,100000,5171.645
lyon,100000,5171.65
lyon,100000,5171.6553
lyon,100000,5171.66
lyon,100000,5194.435
lyon,100000,5194.4824
lyon,100000,5194.4946
lyon,100000,5194.5044
lyon,100000,5194.5186
lyon,100000,5194.5283
lyon,100000,5194.579
lyon,100000,5194.592
lyon,100000,5194.607
lyon,100000,5217.488
lyon,100000,5217.5093
lyon,100000,5217.5225
lyon,100000,5217.528
lyon,100000,5217.5327
lyon,100000,5217.54
lyon,100000,5217.546
lyon,100000,5217.551
lyon,100000,5217.566
lyon,100000,5240.3364
lyon,100000,5240.3716
lyon,100000,5240.384
lyon,100000,5240.404
lyon,100000,5240.4414
lyon,100000,5240.448
lyon,100000,5240.457
lyon,100000,5240.462
lyon,100000,5240.467
lyon,100000,5263.4526
lyon,100000,5263.474
lyon,100000,5263.48
lyon,100000,5263.4854
lyon,100000,5263.516
lyon,100000,5263.523
lyon,100000,5263.5283
lyon,100000,5263.533
lyon,100000,5263.5386
lyon,100000,5286.8477
lyon,100000,5286.8696
lyon,100000,5286.8755
lyon,100000,5286.881
lyon,100000,5286.8857
lyon,100000,5286.89
lyon,100000,5286.8955
lyon,100000,5286.9004
lyon,100000,5286.9053
lyon,100000,5309.922
lyon,100000,5309.944
lyon,100000,5309.949
lyon,100000,5309.9546
lyon,100000,5309.9595
lyon,100000,5309.9644
lyon,100000,5309.969
lyon,100000,5309.9746
lyon,100000,5309.9795
lyon,100000,5333.108
lyon,100000,5333.143
lyon,100000,5333.195
lyon,100000,5333.2065
lyon,100000,5333.2163
lyon,100000,5333.226
nantes,100000,4991.0044
nantes,100000,4991.0376
nantes,100000,4991.049
nantes,100000,4991.069
nantes,100000,4991.079
nantes,100000,4991.0884
nantes,100000,4991.145
nantes,100000,4991.153
nantes,100000,4991.158
nantes,100000,5014.157
nantes,100000,5014.183
nantes,100000,5014.1904
nantes,100000,5014.195
nantes,100000,5014.2
nantes,100000,5014.2056
nantes,100000,5014.2104
nantes,100000,5014.2153
nantes,100000,5014.22
nantes,100000,5037.0786
nantes,100000,5037.1235
nantes,100000,5037.1357
nantes,100000,5037.1445
nantes,100000,5037.1714
nantes,100000,5037.177
nantes,100000,5037.1816
nantes,100000,5037.2134
nantes,100000,5037.242
nantes,100000,5060.079
nantes,100000,5060.114
nantes,100000,5060.136
nantes,100000,5060.146
nantes,100000,5060.1553
nantes,100000,5060.1694
nantes,100000,5060.1787
nantes,100000,5060.188
nantes,100000,5060.212
nantes,100000,5082.9375
nantes,100000,5082.974
nantes,100000,5082.986
nantes,100000,5083.0186
nantes,100000,5083.025
nantes,100000,5083.0303
nantes,100000,5083.0376
nantes,100000,5083.0425
nantes,100000,5083.0474
nantes,100000,5106.087
nantes,100000,5106.109
nantes,100000,5106.115
nantes,100000,5106.1206
nantes,100000,5106.1514
nantes,100000,5106.1587
nantes,100000,5106.1636
nantes,100000,5106.169
nantes,100000,5106.1733
nantes,100000,5129.473
nantes,100000,5129.508
nantes,100000,5129.5205
nantes,100000,5129.53
nantes,100000,5129.5405
nantes,100000,5129.55
nantes,100000,5129.559
nantes,100000,5129.5684
nantes,100000,5129.5776
nantes,100000,5152.509
nantes,100000,5152.5293
nantes,100000,5152.5356
nantes,100000,5152.54
nantes,100000,5152.546
nantes,100000,5152.5513
nantes,100000,5152.5557
nantes,100000,5152.56
nantes,100000,5152.565
nantes,100000,5175.6807
nantes,100000,5175.7153
nantes,100000,5175.7666
nantes,100000,5175.7783
nantes,100000,5175.7886
nantes,100000,5175.7974
nantes,100000,4972.533
nantes,100000,4972.5864
nantes,100000,4972.5938
nantes,100000,4972.599
nantes,100000,4972.6045
nantes,100000,4972.6094
nantes,100000,4972.6147
nantes,100000,4972.6196
nantes,100000,4972.625
nantes,100000,4995.4175
nantes,100000,4995.447
nantes,100000,4995.4536
nantes,100000,4995.4585
nantes,100000,4995.4673
nantes,100000,4995.472
nantes,100000,4995.5054
nantes,100000,4995.5127
nantes,100000,4995.538
nantes,100000,5018.406
nantes,100000,5018.427
nantes,100000,5018.441
nantes,100000,5018.446
nantes,100000,5018.451
nantes,100000,5018.4595
nantes,100000,5018.465
nantes,100000,5018.47
nantes,100000,5018.4863
nantes,100000,5041.274
nantes,100000,5041.3105
nantes,100000,5041.3223
nantes,100000,5041.342
nantes,100000,5041.3516
nantes,100000,5041.361
nantes,100000,5041.3755
nantes,100000,5041.3853
nantes,100000,5041.3945
nantes,100000,5064.3853
nantes,100000,5064.4067
nantes,100000,5064.4136
nantes,100000,5064.419
nantes,100000,5064.4507
nantes,100000,5064.4585
nantes,100000,5064.4634
nantes,100000,5064.4683
nantes,100000,5064.473
nantes,100000,5087.7646
nantes,100000,5087.787
nantes,100000,5087.794
nantes,100000,5087.799
nantes,100000,5087.804
nantes,100000,5087.81
nantes,100000,5087.8154
nantes,100000,5087.8203
nantes,100000,5087.825
nantes,100000,5110.8823
nantes,100000,5110.9165
nantes,100000,5110.9287
nantes,100000,5110.9375
nantes,100000,5110.9634
nantes,100000,5110.9683
nantes,100000,5110.9736
nantes,100000,5110.9785
nantes,100000,5110.9834
nantes,100000,5134.0103
nantes,100000,5134.0444
nantes,100000,5134.0957
nantes,100000,5134.107
nantes,100000,5134.1167
nantes,100000,5134.1265
nantes,100000,4978.6387
nantes,100000,4978.6934
nantes,100000,4978.7017
nantes,100000,4978.707
nantes,100000,4978.712
nantes,100000,4978.7173
nantes,100000,4978.7227
nantes,100000,4978.7275
nantes,100000,4978.7324
nantes,100000,5001.5317
nantes,100000,5001.5605
nantes,100000,5001.5674
nantes,100000,5001.5728
nantes,100000,5001.581
nantes,100000,5001.587
nantes,100000,5001.617
nantes,100000,5001.641
nantes,100000,5001.651
nantes,100000,5024.5127
nantes,100000,5024.535
nantes,100000,5024.549
nantes,100000,5024.5547
nantes,100000,5024.5596
nantes,100000,5024.5684
nantes,100000,5024.574
nantes,100000,5024.579
nantes,100000,5024.594
nantes,100000,5047.3804
nantes,100000,5047.415
nantes,100000,5047.4277
nantes,100000,5047.4536
nantes,100000,5047.463
nantes,100000,5047.473
nantes,100000,5047.4883
nantes,100000,5047.4976
nantes,100000,5047.5073
nantes,100000,5070.4927
nantes,100000,5070.5146
nantes,100000,5070.5215
nantes,100000,5070.5264
nantes,100000,5070.558
nantes,100000,5070.566
nantes,100000,5070.571
nantes,100000,5070.576
nantes,100000,5070.581
nantes,100000,5093.8794
nantes,100000,5093.9014
nantes,100000,5093.908
nantes,100000,5093.914
nantes,100000,5093.9194
nantes,100000,5093.925
nantes,100000,5093.9307
nantes,100000,5093.936
nantes,100000,5093.9414
nantes,100000,5116.9883
nantes,100000,5117.0234
nantes,100000,5117.0356
nantes,100000,5117.0454
nantes,100000,5117.0713
nantes,100000,5117.0786
nantes,100000,5117.0835
nantes,100000,5117.089
nantes,100000,5117.0947
nantes,100000,5140.1187
nantes,100000,5140.1533
nantes,100000,5140.206
nantes,100000,5140.218
nantes,100000,5140.228
nantes,100000,5140.238
nantes,100000,4983.8794
nantes,100000,4983.9365
nantes,100000,4983.9434
nantes,100000,4983.949
nantes,100000,4983.9546
nantes,100000,4983.96
nantes,100000,4983.965
nantes,100000,4983.97
nantes,100000,4983.976
nantes,100000,5006.762
nantes,100000,5006.79
nantes,100000,5006.7974
nantes,100000,5006.8022
nantes,100000,5006.81
nantes,100000,5006.8164
nantes,100000,5006.8447
nantes,100000,5006.8516
nantes,100000,5006.8613
nantes,100000,5029.755
nantes,100000,5029.776
nantes,100000,5029.791
nantes,100000,5029.796
nantes,100000,5029.8013
nantes,100000,5029.811
nantes,100000,5029.816
nantes,100000,5029.8213
nantes,100000,5029.837
nantes,100000,5052.6094
nantes,100000,5052.644
nantes,100000,5052.6567
nantes,100000,5052.6816
nantes,100000,5052.691
nantes,100000,5052.7017
nantes,100000,5052.7163
nantes,100000,5052.7256
nantes,100000,5052.736
nantes,100000,5075.7344
nantes,100000,5075.755
nantes,100000,5075.7617
nantes,100000,5075.767
nantes,100000,5075.7993
nantes,100000,5075.807
nantes,100000,5075.812
nantes,100000,5075.817
nantes,100000,5075.8228
nantes,100000,5099.11
nantes,100000,5099.1323
nantes,100000,5099.1396
nantes,100000,5099.1455
nantes,100000,5099.1514
nantes,100000,5099.1562
nantes,100000,5099.162
nantes,100000,5099.168
nantes,100000,5099.173
nantes,100000,5122.217
nantes,100000,5122.2515
nantes,100000,5122.2637
nantes,100000,5122.2734
nantes,100000,5122.284
nantes,100000,5122.294
nantes,100000,5122.319
nantes,100000,5122.324
nantes,100000,5122.329
nantes,100000,5145.3467
nantes,100000,5145.3813
nantes,100000,5145.4326
nantes,100000,5145.4443
nantes,100000,5145.454
nantes,100000,5145.4644
nantes,100000,4966.811
nantes,100000,4966.832
nantes,100000,4966.839
nantes,100000,4966.8516
nantes,100000,4966.857
nantes,100000,4966.862
nantes,100000,4966.8696
nantes,100000,4966.875
nantes,100000,4966.88
nantes,100000,4989.9673
nantes,100000,4990.0103
nantes,100000,4990.0225
nantes,100000,4990.0474
nantes,100000,4990.053
nantes,100000,4990.0586
nantes,100000,4990.063
nantes,100000,4990.068
nantes,100000,4990.073
nantes,100000,5012.87
nantes,100000,5012.899
nantes,100000,5012.9062
nantes,100000,5012.911
nantes,100000,5012.9194
nantes,100000,5012.925
nantes,100000,5012.9536
nantes,100000,5012.9604
nantes,100000,5012.969
nantes,100000,5035.86
nantes,100000,5035.882
nantes,100000,5035.896
nantes,100000,5035.9014
nantes,100000,5035.9062
nantes,100000,5035.915
nantes,100000,5035.9194
nantes,100000,5035.9243
nantes,100000,5035.9395
nantes,100000,5058.708
nantes,100000,5058.744
nantes,100000,5058.755
nantes,100000,5058.776
nantes,100000,5058.7856
nantes,100000,5058.7944
nantes,100000,5058.8076
nantes,100000,5058.8174
nantes,100000,5058.827
nantes,100000,5081.8394
nantes,100000,5081.8613
nantes,100000,5081.868
nantes,100000,5081.8735
nantes,100000,5081.9043
nantes,100000,5081.9116
nantes,100000,5081.9165
nantes,100000,5081.922
nantes,100000,5081.927
nantes,100000,5105.2197
nantes,100000,5105.242
nantes,100000,5105.25
nantes,100000,5105.255
nantes,100000,5105.2603
nantes,100000,5105.2656
nantes,100000,5105.2715
nantes,100000,5105.276
nantes,100000,5105.2812
nantes,100000,5128.3164
nantes,100000,5128.352
nantes,100000,5128.3647
nantes,100000,5128.374
nantes,100000,5128.3833
nantes,100000,5128.392
nantes,100000,5128.4014
nantes,100000,5128.4116
nantes,100000,5128.436
nantes,100000,5151.4453
nantes,100000,5151.4795
nantes,100000,5151.5303
nantes,100000,5151.5425
nantes,100000,5151.5527
nantes,100000,5151.5615
nantes,100000,4972.55
nantes,100000,4972.5723
nantes,100000,4972.5796
nantes,100000,4972.5923
nantes,100000,4972.598
nantes,100000,4972.604
nantes,100000,4972.613
nantes,100000,4972.619
nantes,100000,4972.6255
nantes,100000,4995.724
nantes,100000,4995.7773
nantes,100000,4995.7847
nantes,100000,4995.7905
nantes,100000,4995.7954
nantes,100000,4995.801
nantes,100000,4995.806
nantes,100000,4995.8115
nantes,100000,4995.817
nantes,100000,5018.609
nantes,100000,5018.636
nantes,100000,5018.643
nantes,100000,5018.6475
nantes,100000,5018.6567
nantes,100000,5018.6616
nantes,100000,5018.688
nantes,100000,5018.6953
nantes,100000,5018.7036
nantes,100000,5041.5986
nantes,100000,5041.621
nantes,100000,5041.6353
nantes,100000,5041.64
nantes,100000,5041.6455
nantes,100000,5041.654
nantes,100000,5041.6597
nantes,100000,5041.6646
nantes,100000,5041.6807
nantes,100000,5064.467
nantes,100000,5064.504
nantes,100000,5064.5156
nantes,100000,5064.536
nantes,100000,5064.5454
nantes,100000,5064.5557
nantes,100000,5064.5796
nantes,100000,5064.59
nantes,100000,5064.6
nantes,100000,5087.577
nantes,100000,5087.598
nantes,100000,5087.6055
nantes,100000,5087.611
nantes,100000,5087.6387
nantes,100000,5087.6465
nantes,100000,5087.652
nantes,100000,5087.6567
nantes,100000,5087.6616
nantes,100000,5110.9565
nantes,100000,5110.9795
nantes,100000,5110.987
nantes,100000,5110.992
nantes,100000,5110.997
nantes,100000,5111.003
nantes,100000,5111.009
nantes,100000,5111.0137
nantes,100000,5111.0195
nantes,100000,5134.075
nantes,100000,5134.11
nantes,100000,5134.1226
nantes,100000,5134.1323
nantes,100000,5134.1577
nantes,100000,5134.164
nantes,100000,5134.1694
nantes,100000,5134.1743
nantes,100000,5134.1797
nantes,100000,5157.203
nantes,100000,5157.238
nantes,100000,5157.2876
nantes,100000,5157.3
nantes,100000,5157.31
nantes,100000,5157.32
lyon,100000,4971.4316
lyon,100000,4971.478
lyon,100000,4971.4854
lyon,100000,4971.4907
lyon,100000,4971.4956
lyon,100000,4971.5015
lyon,100000,4971.5063
lyon,100000,4971.511
lyon,100000,4971.5166
lyon,100000,4994.3135
lyon,100000,4994.342
lyon,100000,4994.349
lyon,100000,4994.354
lyon,100000,4994.3623
lyon,100000,4994.3677
lyon,100000,4994.4277
lyon,100000,4994.4355
lyon,100000,4994.444
lyon,100000,5017.348
lyon,100000,5017.3706
lyon,100000,5017.385
lyon,100000,5017.3906
lyon,100000,5017.3955
lyon,100000,5017.405
lyon,100000,5017.41
lyon,100000,5017.4155
lyon,100000,5017.4316
lyon,100000,5040.217
lyon,100000,5040.239
lyon,100000,5040.2456
lyon,100000,5040.258
lyon,100000,5040.2637
lyon,100000,5040.269
lyon,100000,5040.2773
lyon,100000,5040.2827
lyon,100000,5040.288
lyon,100000,5063.313
lyon,100000,5063.335
lyon,100000,5063.342
lyon,100000,5063.347
lyon,100000,5063.3774
lyon,100000,5063.385
lyon,100000,5063.39
lyon,100000,5063.3955
lyon,100000,5063.401
lyon,100000,5086.7026
lyon,100000,5086.7246
lyon,100000,5086.7314
lyon,100000,5086.737
lyon,100000,5086.753
lyon,100000,5086.7773
lyon,100000,5086.7837
lyon,100000,5086.789
lyon,100000,5086.7944
lyon,100000,5109.746
lyon,100000,5109.7676
lyon,100000,5109.774
lyon,100000,5109.7793
lyon,100000,5109.7847
lyon,100000,5109.79
lyon,100000,5109.795
lyon,100000,5109.8
lyon,100000,5109.805
lyon,100000,5132.9585
lyon,100000,5132.98
lyon,100000,5133.011
lyon,100000,5133.019
lyon,100000,5133.024
lyon,100000,5133.029
lyon,100000,4976.4424
lyon,100000,4976.4707
lyon,100000,4976.478
lyon,100000,4976.484
lyon,100000,4976.4897
lyon,100000,4976.494
lyon,100000,4976.4995
lyon,100000,4976.5054
lyon,100000,4976.5107
lyon,100000,4999.297
lyon,100000,4999.325
lyon,100000,4999.332
lyon,100000,4999.3374
lyon,100000,4999.346
lyon,100000,4999.3516
lyon,100000,4999.4097
lyon,100000,4999.4175
lyon,100000,4999.426
lyon,100000,5022.337
lyon,100000,5022.3584
lyon,100000,5022.372
lyon,100000,5022.3774
lyon,100000,5022.383
lyon,100000,5022.391
lyon,100000,5022.3965
lyon,100000,5022.4023
lyon,100000,5022.4175
lyon,100000,5045.205
lyon,100000,5045.2275
lyon,100000,5045.2344
lyon,100000,5045.247
lyon,100000,5045.2524
lyon,100000,5045.258
lyon,100000,5045.2666
lyon,100000,5045.272
lyon,100000,5045.2773
lyon,100000,5068.3013
lyon,100000,5068.323
lyon,100000,5068.3296
lyon,100000,5068.335
lyon,100000,5068.366
lyon,100000,5068.373
lyon,100000,5068.379
lyon,100000,5068.3843
lyon,100000,5068.3896
lyon,100000,5091.691
lyon,100000,5091.7124
lyon,100000,5091.719
lyon,100000,5091.755
lyon,100000,5091.7617
lyon,100000,5091.7666
lyon,100000,5091.7725
lyon,100000,5091.778
lyon,100000,5091.783
lyon,100000,5114.7373
lyon,100000,5114.7593
lyon,100000,5114.766
lyon,100000,5114.7715
lyon,100000,5114.7764
lyon,100000,5114.7817
lyon,100000,5114.787
lyon,100000,5114.793
lyon,100000,5114.7974
lyon,100000,5137.946
lyon,100000,5137.968
lyon,100000,5137.999
lyon,100000,5138.007
lyon,100000,5138.0117
lyon,100000,5138.017
lyon,100000,4982.3516
lyon,100000,4982.38
lyon,100000,4982.387
lyon,100000,4982.3926
lyon,100000,4982.399
lyon,100000,4982.4043
lyon,100000,4982.4106
lyon,100000,4982.416
lyon,100000,4982.422
lyon,100000,5005.2056
lyon,100000,5005.234
lyon,100000,5005.2407
lyon,100000,5005.2466
lyon,100000,5005.2544
lyon,100000,5005.2593
lyon,100000,5005.3105
lyon,100000,5005.3203
lyon,100000,5005.328
lyon,100000,5028.2534
lyon,100000,5028.2744
lyon,100000,5028.2886
lyon,100000,5028.294
lyon,100000,5028.3
lyon,100000,5028.309
lyon,100000,5028.3145
lyon,100000,5028.3203
lyon,100000,5028.337
lyon,100000,5051.122
lyon,100000,5051.143
lyon,100000,5051.15
lyon,100000,5051.1626
lyon,100000,5051.168
lyon,100000,5051.174
lyon,100000,5051.1826
lyon,100000,5051.188
lyon,100000,5051.1934
lyon,100000,5074.2095
lyon,100000,5074.2305
lyon,100000,5074.2373
lyon,100000,5074.2437
lyon,100000,5074.2793
lyon,100000,5074.287
lyon,100000,5074.293
lyon,100000,5074.299
lyon,100000,5074.304
lyon,100000,5097.6255
lyon,100000,5097.672
lyon,100000,5097.6807
lyon,100000,5097.6865
lyon,100000,5097.6914
lyon,100000,5097.697
lyon,100000,5097.7026
lyon,100000,5097.7075
lyon,100000,5097.7134
lyon,100000,5120.647
lyon,100000,5120.669
lyon,100000,5120.6763
lyon,100000,5120.681
lyon,100000,5120.687
lyon,100000,5120.692
lyon,100000,5120.6973
lyon,100000,5120.703
lyon,100000,5120.7085
lyon,100000,5143.88
lyon,100000,5143.9014
lyon,100000,5143.9316
lyon,100000,5143.94
lyon,100000,5143.9453
lyon,100000,5143.9507
lyon,100000,4988.0503
lyon,100000,4988.079
lyon,100000,4988.0864
lyon,100000,4988.0913
lyon,100000,4988.0967
lyon,100000,4988.1016
lyon,100000,4988.107
lyon,100000,4988.112
lyon,100000,4988.117
lyon,100000,5010.9053
lyon,100000,5010.9336
lyon,100000,5010.9404
lyon,100000,5010.9453
lyon,100000,5010.953
lyon,100000,5010.9585
lyon,100000,5010.9883
lyon,100000,5011.012
lyon,100000,5011.02
lyon,100000,5033.946
lyon,100000,5033.967
lyon,100000,5033.9805
lyon,100000,5033.986
lyon,100000,5033.9907
lyon,100000,5033.9985
lyon,100000,5034.0034
lyon,100000,5034.009
lyon,100000,5034.0234
lyon,100000,5056.813
lyon,100000,5056.835
lyon,100000,5056.842
lyon,100000,5056.854
lyon,100000,5056.859
lyon,100000,5056.8643
lyon,100000,5056.872
lyon,100000,5056.877
lyon,100000,5056.8823
lyon,100000,5079.9087
lyon,100000,5079.9297
lyon,100000,5079.9365
lyon,100000,5079.942
lyon,100000,5079.9707
lyon,100000,5079.9775
lyon,100000,5079.9834
lyon,100000,5079.988
lyon,100000,5079.993
lyon,100000,5103.299
lyon,100000,5103.3203
lyon,100000,5103.3267
lyon,100000,5103.3623
lyon,100000,5103.3696
lyon,100000,5103.375
lyon,100000,5103.3804
lyon,100000,5103.3857
lyon,100000,5103.3906
lyon,100000,5126.3457
lyon,100000,5126.3677
lyon,100000,5126.374
lyon,100000,5126.3794
lyon,100000,5126.385
lyon,100000,5126.3896
lyon,100000,5126.394
lyon,100000,5126.3994
lyon,100000,5126.4043
lyon,100000,5149.5537
lyon,100000,5149.5747
lyon,100000,5149.607
lyon,100000,5149.614
lyon,100000,5149.619
lyon,100000,5149.6245
nancy,100000,5204.188
nancy,100000,5204.2275
nancy,100000,5204.241
nancy,100000,5204.263
nancy,100000,5204.2734
nancy,100000,5204.2827
nancy,100000,5204.296
nancy,100000,5204.3057
nancy,100000,5204.316
nancy,100000,5227.3857
nancy,100000,5227.407
nancy,100000,5227.413
nancy,100000,5227.417
nancy,100000,5227.42
nancy,100000,5227.424
nancy,100000,5227.427
nancy,100000,5227.4297
nancy,100000,5227.4336
nancy,100000,5250.2163
nancy,100000,5250.2695
nancy,100000,5250.2837
nancy,100000,5250.295
nancy,100000,5250.3105
nancy,100000,5250.3203
nancy,100000,5250.389
nancy,100000,5250.4
nancy,100000,5250.4155
nancy,100000,5273.2593
nancy,100000,5273.302
nancy,100000,5273.3267
nancy,100000,5273.3384
nancy,100000,5273.3477
nancy,100000,5273.362
nancy,100000,5273.3716
nancy,100000,5273.381
nancy,100000,5273.4062
nancy,100000,5296.1123
nancy,100000,5296.1533
nancy,100000,5296.1675
nancy,100000,5296.189
nancy,100000,5296.199
nancy,100000,5296.209
nancy,100000,5296.222
nancy,100000,5296.2324
nancy,100000,5296.2427
nancy,100000,5319.2363
nancy,100000,5319.2773
nancy,100000,5319.2915
nancy,100000,5319.314
nancy,100000,5319.337
nancy,100000,5319.3413
nancy,100000,5319.3447
nancy,100000,5319.3477
nancy,100000,5319.352
nancy,100000,5342.6255
nancy,100000,5342.653
nancy,100000,5342.659
nancy,100000,5342.662
nancy,100000,5342.666
nancy,100000,5342.67
nancy,100000,5342.6733
nancy,100000,5342.677
nancy,100000,5342.6807
nancy,100000,5365.6855
nancy,100000,5365.704
nancy,100000,5365.71
nancy,100000,5365.7134
nancy,100000,5365.7173
nancy,100000,5365.7207
nancy,100000,5365.7246
nancy,100000,5365.7275
nancy,100000,5365.732
nancy,100000,5388.8833
nancy,100000,5388.902
nancy,100000,5388.9326
nancy,100000,5388.937
nancy,100000,5388.9404
nancy,100000,5388.944
lyon,100000,4970.908
lyon,100000,4970.9575
lyon,100000,4970.966
lyon,100000,4970.9785
lyon,100000,4970.9844
lyon,100000,4970.9893
lyon,100000,4970.998
lyon,100000,4971.004
lyon,100000,4971.0093
lyon,100000,4994.1387
lyon,100000,4994.1675
lyon,100000,4994.1743
lyon,100000,4994.1797
lyon,100000,4994.185
lyon,100000,4994.1904
lyon,100000,4994.196
lyon,100000,4994.201
lyon,100000,4994.2065
lyon,100000,5016.9927
lyon,100000,5017.021
lyon,100000,5017.0283
lyon,100000,5017.033
lyon,100000,5017.041
lyon,100000,5017.0464
lyon,100000,5017.0786
lyon,100000,5017.1016
lyon,100000,5017.1104
lyon,100000,5040.0327
lyon,100000,5040.055
lyon,100000,5040.0693
lyon,100000,5040.0747
lyon,100000,5040.08
lyon,100000,5040.0884
lyon,100000,5040.094
lyon,100000,5040.0996
lyon,100000,5040.1147
lyon,100000,5062.91
lyon,100000,5062.9326
lyon,100000,5062.939
lyon,100000,5062.9526
lyon,100000,5062.958
lyon,100000,5062.963
lyon,100000,5062.971
lyon,100000,5062.9766
lyon,100000,5062.9814
lyon,100000,5085.9976
lyon,100000,5086.0195
lyon,100000,5086.0264
lyon,100000,5086.0312
lyon,100000,5086.0635
lyon,100000,5086.0703
lyon,100000,5086.076
lyon,100000,5086.0815
lyon,100000,5086.087
lyon,100000,5109.3867
lyon,100000,5109.4087
lyon,100000,5109.426
lyon,100000,5109.4507
lyon,100000,5109.458
lyon,100000,5109.4634
lyon,100000,5109.4688
lyon,100000,5109.4746
lyon,100000,5109.48
lyon,100000,5132.4336
lyon,100000,5132.455
lyon,100000,5132.4614
lyon,100000,5132.467
lyon,100000,5132.472
lyon,100000,5132.477
lyon,100000,5132.482
lyon,100000,5132.488
lyon,100000,5132.493
lyon,100000,5155.6416
lyon,100000,5155.6636
lyon,100000,5155.6963
lyon,100000,5155.703
lyon,100000,5155.7085
lyon,100000,5155.714
nancy,100000,5033.879
nancy,100000,5033.9194
nancy,100000,5033.932
nancy,100000,5033.9565
nancy,100000,5033.9663
nancy,100000,5033.976
nancy,100000,5033.99
nancy,100000,5034.0005
nancy,100000,5034.01
nancy,100000,5057.066
nancy,100000,5057.1177
nancy,100000,5057.131
nancy,100000,5057.141
nancy,100000,5057.151
nancy,100000,5057.16
nancy,100000,5057.1704
nancy,100000,5057.181
nancy,100000,5057.191
nancy,100000,5079.9106
nancy,100000,5079.9634
nancy,100000,5079.9766
nancy,100000,5079.9863
nancy,100000,5080.0
nancy,100000,5080.01
nancy,100000,5080.0195
nancy,100000,5080.073
nancy,100000,5080.0884
nancy,100000,5102.956
nancy,100000,5102.997
nancy,100000,5103.022
nancy,100000,5103.032
nancy,100000,5103.0415
nancy,100000,5103.0654
nancy,100000,5103.069
nancy,100000,5103.0723
nancy,100000,5103.081
nancy,100000,5125.813
nancy,100000,5125.855
nancy,100000,5125.868
nancy,100000,5125.888
nancy,100000,5125.899
nancy,100000,5125.9087
nancy,100000,5125.923
nancy,100000,5125.932
nancy,100000,5125.942
nancy,100000,5148.928
nancy,100000,5148.9697
nancy,100000,5148.9834
nancy,100000,5148.994
nancy,100000,5149.0444
nancy,100000,5149.056
nancy,100000,5149.0664
nancy,100000,5149.076
nancy,100000,5149.086
nancy,100000,5172.322
nancy,100000,5172.3647
nancy,100000,5172.3784
nancy,100000,5172.3896
nancy,100000,5172.3994
nancy,100000,5172.4097
nancy,100000,5172.4194
nancy,100000,5172.4307
nancy,100000,5172.44
nancy,100000,5195.3867
nancy,100000,5195.426
nancy,100000,5195.4316
nancy,100000,5195.435
nancy,100000,5195.439
nancy,100000,5195.443
nancy,100000,5195.446
nancy,100000,5195.4497
nancy,100000,5195.4526
nancy,100000,5218.4985
nancy,100000,5218.541
nancy,100000,5218.5967
nancy,100000,5218.6084
nancy,100000,5218.6177
nancy,100000,5218.6284
nancy,100000,5037.5806
nancy,100000,5037.6216
nancy,100000,5037.635
nancy,100000,5037.6562
nancy,100000,5037.667
nancy,100000,5037.6772
nancy,100000,5037.6914
nancy,100000,5037.7017
nancy,100000,5037.7124
nancy,100000,5060.7646
nancy,100000,5060.8184
nancy,100000,5060.8325
nancy,100000,5060.8433
nancy,100000,5060.8535
nancy,100000,5060.864
nancy,100000,5060.8745
nancy,100000,5060.8853
nancy,100000,5060.8965
nancy,100000,5083.611
nancy,100000,5083.664
nancy,100000,5083.6777
nancy,100000,5083.689
nancy,100000,5083.707
nancy,100000,5083.7173
nancy,100000,5083.7725
nancy,100000,5083.784
nancy,100000,5083.799
nancy,100000,5106.658
nancy,100000,5106.7
nancy,100000,5106.7246
nancy,100000,5106.7437
nancy,100000,5106.747
nancy,100000,5106.752
nancy,100000,5106.756
nancy,100000,5106.7593
nancy,100000,5106.7686
nancy,100000,5129.5127
nancy,100000,5129.5547
nancy,100000,5129.569
nancy,100000,5129.59
nancy,100000,5129.601
nancy,100000,5129.611
nancy,100000,5129.625
nancy,100000,5129.6353
nancy,100000,5129.6587
nancy,100000,5152.6323
nancy,100000,5152.674
nancy,100000,5152.688
nancy,100000,5152.699
nancy,100000,5152.7505
nancy,100000,5152.7617
nancy,100000,5152.772
nancy,100000,5152.7817
nancy,100000,5152.793
nancy,100000,5176.022
nancy,100000,5176.0654
nancy,100000,5176.0806
nancy,100000,5176.092
nancy,100000,5176.102
nancy,100000,5176.113
nancy,100000,5176.125
nancy,100000,5176.136
nancy,100000,5176.1475
nancy,100000,5199.097
nancy,100000,5199.1147
nancy,100000,5199.1206
nancy,100000,5199.124
nancy,100000,5199.1274
nancy,100000,5199.1313
nancy,100000,5199.135
nancy,100000,5199.138
nancy,100000,5199.142
nancy,100000,5222.2
nancy,100000,5222.2427
nancy,100000,5222.3
nancy,100000,5222.3115
nancy,100000,5222.3213
nancy,100000,5222.3325
nancy,100000,5041.47
nancy,100000,5041.512
nancy,100000,5041.526
nancy,100000,5041.5474
nancy,100000,5041.5576
nancy,100000,5041.5684
nancy,100000,5041.5815
nancy,100000,5041.592
nancy,100000,5041.6025
nancy,100000,5064.6553
nancy,100000,5064.7075
nancy,100000,5064.721
nancy,100000,5064.732
nancy,100000,5064.7427
nancy,100000,5064.7524
nancy,100000,5064.7627
nancy,100000,5064.7725
nancy,100000,5064.7837
nancy,100000,5087.4995
nancy,100000,5087.554
nancy,100000,5087.568
nancy,100000,5087.578
nancy,100000,5087.5923
nancy,100000,5087.602
nancy,100000,5087.6567
nancy,100000,5087.6685
nancy,100000,5087.6836
nancy,100000,5110.5474
nancy,100000,5110.5903
nancy,100000,5110.629
nancy,100000,5110.6323
nancy,100000,5110.6357
nancy,100000,5110.6406
nancy,100000,5110.644
nancy,100000,5110.647
nancy,100000,5110.6577
nancy,100000,5133.404
nancy,100000,5133.447
nancy,100000,5133.461
nancy,100000,5133.4824
nancy,100000,5133.4927
nancy,100000,5133.5024
nancy,100000,5133.5156
nancy,100000,5133.526
nancy,100000,5133.548
nancy,100000,5156.52
nancy,100000,5156.5625
nancy,100000,5156.577
nancy,100000,5156.5884
nancy,100000,5156.6416
nancy,100000,5156.653
nancy,100000,5156.6636
nancy,100000,5156.673
nancy,100000,5156.684
nancy,100000,5179.9116
nancy,100000,5179.9556
nancy,100000,5179.97
nancy,100000,5179.9814
nancy,100000,5179.9917
nancy,100000,5180.002
nancy,100000,5180.012
nancy,100000,5180.023
nancy,100000,5180.0337
nancy,100000,5202.9863
nancy,100000,5203.007
nancy,100000,5203.0127
nancy,100000,5203.016
nancy,100000,5203.02
nancy,100000,5203.024
nancy,100000,5203.0273
nancy,100000,5203.031
nancy,100000,5203.0347
nancy,100000,5226.0894
nancy,100000,5226.133
nancy,100000,5226.1895
nancy,100000,5226.202
nancy,100000,5226.212
nancy,100000,5226.2227
nancy,100000,5045.4404
nancy,100000,5045.4805
nancy,100000,5045.4937
nancy,100000,5045.515
nancy,100000,5045.5254
nancy,100000,5045.536
nancy,100000,5045.5493
nancy,100000,5045.5596
nancy,100000,5045.57
nancy,100000,5068.626
nancy,100000,5068.6777
nancy,100000,5068.6924
nancy,100000,5068.7026
nancy,100000,5068.7134
nancy,100000,5068.7236
nancy,100000,5068.734
nancy,100000,5068.7446
nancy,100000,5068.756
nancy,100000,5091.469
nancy,100000,5091.5225
nancy,100000,5091.5366
nancy,100000,5091.5474
nancy,100000,5091.562
nancy,100000,5091.5713
nancy,100000,5091.624
nancy,100000,5091.635
nancy,100000,5091.6494
nancy,100000,5114.5176
nancy,100000,5114.5596
nancy,100000,5114.584
nancy,100000,5114.604
nancy,100000,5114.607
nancy,100000,5114.612
nancy,100000,5114.6147
nancy,100000,5114.6187
nancy,100000,5114.629
nancy,100000,5137.3726
nancy,100000,5137.414
nancy,100000,5137.428
nancy,100000,5137.449
nancy,100000,5137.46
nancy,100000,5137.4697
nancy,100000,5137.4834
nancy,100000,5137.4937
nancy,100000,5137.504
nancy,100000,5160.49
nancy,100000,5160.5312
nancy,100000,5160.5454
nancy,100000,5160.5557
nancy,100000,5160.6074
nancy,100000,5160.6187
nancy,100000,5160.6284
nancy,100000,5160.638
nancy,100000,5160.65
nancy,100000,5183.8833
nancy,100000,5183.927
nancy,100000,5183.941
nancy,100000,5183.951
nancy,100000,5183.962
nancy,100000,5183.9717
nancy,100000,5183.983
nancy,100000,5183.9927
nancy,100000,5184.004
nancy,100000,5206.957
nancy,100000,5206.974
nancy,100000,5206.979
nancy,100000,5206.9824
nancy,100000,5206.9863
nancy,100000,5206.9897
nancy,100000,5206.993
nancy,100000,5206.997
nancy,100000,5207.001
nancy,100000,5230.061
nancy,100000,5230.1035
nancy,100000,5230.1616
nancy,100000,5230.175
nancy,100000,5230.1855
nancy,100000,5230.196
nancy,100000,5049.204
nancy,100000,5049.2446
nancy,100000,5049.2583
nancy,100000,5049.28
nancy,100000,5049.29
nancy,100000,5049.3003
nancy,100000,5049.314
nancy,100000,5049.324
nancy,100000,5049.3345
nancy,100000,5072.39
nancy,100000,5072.4424
nancy,100000,5072.4565
nancy,100000,5072.4663
nancy,100000,5072.4766
nancy,100000,5072.4863
nancy,100000,5072.497
nancy,100000,5072.5073
nancy,100000,5072.5186
nancy,100000,5095.233
nancy,100000,5095.2856
nancy,100000,5095.3
nancy,100000,5095.31
nancy,100000,5095.325
nancy,100000,5095.335
nancy,100000,5095.345
nancy,100000,5095.403
nancy,100000,5095.419
nancy,100000,5118.281
nancy,100000,5118.3223
nancy,100000,5118.347
nancy,100000,5118.3667
nancy,100000,5118.37
nancy,100000,5118.375
nancy,100000,5118.3784
nancy,100000,5118.382
nancy,100000,5118.3926
nancy,100000,5141.138
nancy,100000,5141.179
nancy,100000,5141.1924
nancy,100000,5141.2134
nancy,100000,5141.2236
nancy,100000,5141.2334
nancy,100000,5141.247
nancy,100000,5141.2573
nancy,100000,5141.2817
nancy,100000,5164.254
nancy,100000,5164.2944
nancy,100000,5164.3086
nancy,100000,5164.3193
nancy,100000,5164.3716
nancy,100000,5164.3823
nancy,100000,5164.392
nancy,100000,5164.402
nancy,100000,5164.4126
nancy,100000,5187.647
nancy,100000,5187.689
nancy,100000,5187.704
nancy,100000,5187.7144
nancy,100000,5187.7246
nancy,100000,5187.7344
nancy,100000,5187.7446
nancy,100000,5187.755
nancy,100000,5187.7666
nancy,100000,5210.721
nancy,100000,5210.74
nancy,100000,5210.745
nancy,100000,5210.7485
nancy,100000,5210.7524
nancy,100000,5210.756
nancy,100000,5210.7593
nancy,100000,5210.7627
nancy,100000,5210.766
nancy,100000,5233.8237
nancy,100000,5233.866
nancy,100000,5233.921
nancy,100000,5233.933
nancy,100000,5233.943
nancy,100000,5233.953
nancy,100000,4999.642
nancy,100000,4999.691
nancy,100000,4999.713
nancy,100000,4999.7427
nancy,100000,4999.764
nancy,100000,4999.768
nancy,100000,4999.7754
nancy,100000,4999.779
nancy,100000,4999.782
nancy,100000,5022.8276
nancy,100000,5022.891
nancy,100000,5022.9136
nancy,100000,5022.931
nancy,100000,5022.949
nancy,100000,5022.96
nancy,100000,5022.97
nancy,100000,5022.981
nancy,100000,5022.9917
nancy,100000,5045.6724
nancy,100000,5045.736
nancy,100000,5045.7593
nancy,100000,5045.777
nancy,100000,5045.801
nancy,100000,5045.8125
nancy,100000,5045.86
nancy,100000,5045.871
nancy,100000,5045.886
nancy,100000,5068.7173
nancy,100000,5068.7695
nancy,100000,5068.803
nancy,100000,5068.8213
nancy,100000,5068.838
nancy,100000,5068.854
nancy,100000,5068.8633
nancy,100000,5068.8735
nancy,100000,5068.8984
nancy,100000,5091.5615
nancy,100000,5091.6167
nancy,100000,5091.624
nancy,100000,5091.6426
nancy,100000,5091.6465
nancy,100000,5091.6504
nancy,100000,5091.6567
nancy,100000,5091.6597
nancy,100000,5091.663
nancy,100000,5114.6865
nancy,100000,5114.7363
nancy,100000,5114.7583
nancy,100000,5114.777
nancy,100000,5114.8364
nancy,100000,5114.8486
nancy,100000,5114.8584
nancy,100000,5114.868
nancy,100000,5114.8784
nancy,100000,5138.0884
nancy,100000,5138.157
nancy,100000,5138.1807
nancy,100000,5138.1987
nancy,100000,5138.216
nancy,100000,5138.233
nancy,100000,5138.2456
nancy,100000,5138.256
nancy,100000,5138.266
nancy,100000,5161.206
nancy,100000,5161.2476
nancy,100000,5161.2627
nancy,100000,5161.2734
nancy,100000,5161.284
nancy,100000,5161.3037
nancy,100000,5161.307
nancy,100000,5161.31
nancy,100000,5161.314
nancy,100000,5184.398
nancy,100000,5184.439
nancy,100000,5184.4966
nancy,100000,5184.5093
nancy,100000,5184.5195
nancy,100000,5184.531
nancy,100000,5003.4087
nancy,100000,5003.4585
nancy,100000,5003.464
nancy,100000,5003.472
nancy,100000,5003.4756
nancy,100000,5003.479
nancy,100000,5003.484
nancy,100000,5003.487
nancy,100000,5003.4897
nancy,100000,5026.5923
nancy,100000,5026.643
nancy,100000,5026.657
nancy,100000,5026.6675
nancy,100000,5026.6772
nancy,100000,5026.687
nancy,100000,5026.7046
nancy,100000,5026.708
nancy,100000,5026.7114
nancy,100000,5049.439
nancy,100000,5049.491
nancy,100000,5049.505
nancy,100000,5049.5146
nancy,100000,5049.529
nancy,100000,5049.5386
nancy,100000,5049.587
nancy,100000,5049.597
nancy,100000,5049.612
nancy,100000,5072.4814
nancy,100000,5072.525
nancy,100000,5072.55
nancy,100000,5072.5605
nancy,100000,5072.5703
nancy,100000,5072.5835
nancy,100000,5072.594
nancy,100000,5072.604
nancy,100000,5072.6284
nancy,100000,5095.3413
nancy,100000,5095.3584
nancy,100000,5095.3633
nancy,100000,5095.3716
nancy,100000,5095.375
nancy,100000,5095.3784
nancy,100000,5095.3853
nancy,100000,5095.388
nancy,100000,5095.3916
nancy,100000,5118.441
nancy,100000,5118.483
nancy,100000,5118.4966
nancy,100000,5118.507
nancy,100000,5118.5586
nancy,100000,5118.571
nancy,100000,5118.5806
nancy,100000,5118.5903
nancy,100000,5118.601
nancy,100000,5141.8564
nancy,100000,5141.8984
nancy,100000,5141.912
nancy,100000,5141.922
nancy,100000,5141.932
nancy,100000,5141.9424
nancy,100000,5141.953
nancy,100000,5141.963
nancy,100000,5141.9727
nancy,100000,5164.8994
nancy,100000,5164.9424
nancy,100000,5164.9556
nancy,100000,5164.967
nancy,100000,5164.9775
nancy,100000,5164.9966
nancy,100000,5165.0005
nancy,100000,5165.0034
nancy,100000,5165.0073
nancy,100000,5188.0894
nancy,100000,5188.132
nancy,100000,5188.19
nancy,100000,5188.202
nancy,100000,5188.213
nancy,100000,5188.223
nancy,100000,5007.188
nancy,100000,5007.229
nancy,100000,5007.243
nancy,100000,5007.273
nancy,100000,5007.2764
nancy,100000,5007.2803
nancy,100000,5007.285
nancy,100000,5007.2886
nancy,100000,5007.292
nancy,100000,5030.3706
nancy,100000,5030.422
nancy,100000,5030.436
nancy,100000,5030.4463
nancy,100000,5030.4575
nancy,100000,5030.4673
nancy,100000,5030.477
nancy,100000,5030.488
nancy,100000,5030.498
nancy,100000,5053.215
nancy,100000,5053.268
nancy,100000,5053.282
nancy,100000,5053.2925
nancy,100000,5053.307
nancy,100000,5053.317
nancy,100000,5053.3643
nancy,100000,5053.375
nancy,100000,5053.3896
nancy,100000,5076.2593
nancy,100000,5076.3022
nancy,100000,5076.3267
nancy,100000,5076.3374
nancy,100000,5076.3477
nancy,100000,5076.362
nancy,100000,5076.3716
nancy,100000,5076.3813
nancy,100000,5076.411
nancy,100000,5099.1333
nancy,100000,5099.1514
nancy,100000,5099.1567
nancy,100000,5099.166
nancy,100000,5099.1694
nancy,100000,5099.172
nancy,100000,5099.177
nancy,100000,5099.18
nancy,100000,5099.1836
nancy,100000,5122.2305
nancy,100000,5122.2725
nancy,100000,5122.286
nancy,100000,5122.2974
nancy,100000,5122.3486
nancy,100000,5122.3604
nancy,100000,5122.37
nancy,100000,5122.381
nancy,100000,5122.3916
nancy,100000,5145.6714
nancy,100000,5145.7153
nancy,100000,5145.7295
nancy,100000,5145.74
nancy,100000,5145.75
nancy,100000,5145.761
nancy,100000,5145.771
nancy,100000,5145.7817
nancy,100000,5145.7915
nancy,100000,5168.6914
nancy,100000,5168.734
nancy,100000,5168.748
nancy,100000,5168.7583
nancy,100000,5168.7686
nancy,100000,5168.7783
nancy,100000,5168.788
nancy,100000,5168.8105
nancy,100000,5168.8135
nancy,100000,5191.8833
nancy,100000,5191.9253
nancy,100000,5191.9795
nancy,100000,5191.991
nancy,100000,5192.0015
nancy,100000,5192.012
nancy,100000,5011.0996
nancy,100000,5011.1484
nancy,100000,5011.1543
nancy,100000,5011.164
nancy,100000,5011.1675
nancy,100000,5011.171
nancy,100000,5011.176
nancy,100000,5011.1787
nancy,100000,5011.182
nancy,100000,5034.2856
nancy,100000,5034.3384
nancy,100000,5034.3516
nancy,100000,5034.3613
nancy,100000,5034.3716
nancy,100000,5034.3926
nancy,100000,5034.396
nancy,100000,5034.3994
nancy,100000,5034.403
nancy,100000,5057.1284
nancy,100000,5057.182
nancy,100000,5057.1963
nancy,100000,5057.2056
nancy,100000,5057.22
nancy,100000,5057.23
nancy,100000,5057.2407
nancy,100000,5057.29
nancy,100000,5057.3047
nancy,100000,5080.173
nancy,100000,5080.2163
nancy,100000,5080.2417
nancy,100000,5080.251
nancy,100000,5080.2607
nancy,100000,5080.2744
nancy,100000,5080.2847
nancy,100000,5080.294
nancy,100000,5080.3193
nancy,100000,5103.0337
nancy,100000,5103.0537
nancy,100000,5103.0586
nancy,100000,5103.0684
nancy,100000,5103.0723
nancy,100000,5103.075
nancy,100000,5103.0796
nancy,100000,5103.083
nancy,100000,5103.0864
nancy,100000,5126.131
nancy,100000,5126.172
nancy,100000,5126.186
nancy,100000,5126.196
nancy,100000,5126.247
nancy,100000,5126.259
nancy,100000,5126.2686
nancy,100000,5126.278
nancy,100000,5126.288
nancy,100000,5149.552
nancy,100000,5149.605
nancy,100000,5149.6255
nancy,100000,5149.643
nancy,100000,5149.6597
nancy,100000,5149.677
nancy,100000,5149.6934
nancy,100000,5149.7095
nancy,100000,5149.725
nancy,100000,5172.5903
nancy,100000,5172.6333
nancy,100000,5172.647
nancy,100000,5172.6577
nancy,100000,5172.668
nancy,100000,5172.6855
nancy,100000,5172.6895
nancy,100000,5172.693
nancy,100000,5172.697
nancy,100000,5195.7837
nancy,100000,5195.8257
nancy,100000,5195.8857
nancy,100000,5195.898
nancy,100000,5195.908
nancy,100000,5195.9185
nancy,100000,5208.029
nancy,100000,5208.071
nancy,100000,5208.083
nancy,100000,5208.104
nancy,100000,5208.1133
nancy,100000,5208.1226
nancy,100000,5208.1357
nancy,100000,5208.1465
nancy,100000,5208.156
nancy,100000,5231.2314
nancy,100000,5231.2593
nancy,100000,5231.2646
nancy,100000,5231.2686
nancy,100000,5231.272
nancy,100000,5231.2754
nancy,100000,5231.279
nancy,100000,5231.282
nancy,100000,5231.2856
nancy,100000,5254.086
nancy,100000,5254.1396
nancy,100000,5254.1533
nancy,100000,5254.162
nancy,100000,5254.176
nancy,100000,5254.1855
nancy,100000,5254.239
nancy,100000,5254.249
nancy,100000,5254.2627
nancy,100000,5277.1055
nancy,100000,5277.1494
nancy,100000,5277.1733
nancy,100000,5277.183
nancy,100000,5277.1924
nancy,100000,5277.206
nancy,100000,5277.2163
nancy,100000,5277.2256
nancy,100000,5277.25
nancy,100000,5299.9814
nancy,100000,5300.024
nancy,100000,5300.0386
nancy,100000,5300.0596
nancy,100000,5300.0693
nancy,100000,5300.079
nancy,100000,5300.093
nancy,100000,5300.102
nancy,100000,5300.113
nancy,100000,5323.0845
nancy,100000,5323.1265
nancy,100000,5323.1396
nancy,100000,5323.15
nancy,100000,5323.1978
nancy,100000,5323.201
nancy,100000,5323.2046
nancy,100000,5323.2085
nancy,100000,5323.212
nancy,100000,5346.4824
nancy,100000,5346.503
nancy,100000,5346.5176
nancy,100000,5346.5215
nancy,100000,5346.525
nancy,100000,5346.528
nancy,100000,5346.531
nancy,100000,5346.534
nancy,100000,5346.5376
nancy,100000,5369.5425
nancy,100000,5369.563
nancy,100000,5369.569
nancy,100000,5369.5728
nancy,100000,5369.5767
nancy,100000,5369.5796
nancy,100000,5369.5825
nancy,100000,5369.586
nancy,100000,5369.5894
nancy,100000,5392.7305
nancy,100000,5392.751
nancy,100000,5392.778
nancy,100000,5392.782
nancy,100000,5392.785
nancy,100000,5392.7886
nancy,100000,5015.14
nancy,100000,5015.188
nancy,100000,5015.1934
nancy,100000,5015.202
nancy,100000,5015.2056
nancy,100000,5015.209
nancy,100000,5015.214
nancy,100000,5015.2173
nancy,100000,5015.22
nancy,100000,5038.325
nancy,100000,5038.377
nancy,100000,5038.3906
nancy,100000,5038.4014
nancy,100000,5038.4116
nancy,100000,5038.433
nancy,100000,5038.4365
nancy,100000,5038.44
nancy,100000,5038.443
nancy,100000,5061.1704
nancy,100000,5061.2236
nancy,100000,5061.2373
nancy,100000,5061.248
nancy,100000,5061.2627
nancy,100000,5061.273
nancy,100000,5061.284
nancy,100000,5061.329
nancy,100000,5061.3447
nancy,100000,5084.2124
nancy,100000,5084.2563
nancy,100000,5084.2803
nancy,100000,5084.292
nancy,100000,5084.3022
nancy,100000,5084.317
nancy,100000,5084.3276
nancy,100000,5084.338
nancy,100000,5084.3633
nancy,100000,5107.0728
nancy,100000,5107.0894
nancy,100000,5107.095
nancy,100000,5107.1035
nancy,100000,5107.1064
nancy,100000,5107.11
nancy,100000,5107.1147
nancy,100000,5107.1177
nancy,100000,5107.1216
nancy,100000,5130.1714
nancy,100000,5130.2124
nancy,100000,5130.226
nancy,100000,5130.238
nancy,100000,5130.2974
nancy,100000,5130.31
nancy,100000,5130.3203
nancy,100000,5130.3306
nancy,100000,5130.3413
nancy,100000,5153.5864
nancy,100000,5153.6304
nancy,100000,5153.6445
nancy,100000,5153.6553
nancy,100000,5153.665
nancy,100000,5153.6763
nancy,100000,5153.688
nancy,100000,5153.698
nancy,100000,5153.709
nancy,100000,5176.63
nancy,100000,5176.672
nancy,100000,5176.6865
nancy,100000,5176.6978
nancy,100000,5176.708
nancy,100000,5176.727
nancy,100000,5176.7314
nancy,100000,5176.735
nancy,100000,5176.739
nancy,100000,5199.8213
nancy,100000,5199.864
nancy,100000,5199.92
nancy,100000,5199.9326
nancy,100000,5199.943
nancy,100000,5199.9546
rennes,100000,4949.211
rennes,100000,4949.2476
rennes,100000,4949.26
rennes,100000,4949.2812
rennes,100000,4949.2915
rennes,100000,4949.302
rennes,100000,4949.3174
rennes,100000,4949.3276
rennes,100000,4949.337
rennes,100000,4972.4297
rennes,100000,4972.4565
rennes,100000,4972.463
rennes,100000,4972.4683
rennes,100000,4972.473
rennes,100000,4972.4785
rennes,100000,4972.4834
rennes,100000,4972.488
rennes,100000,4972.4927
rennes,100000,4995.261
rennes,100000,4995.2876
rennes,100000,4995.294
rennes,100000,4995.2993
rennes,100000,4995.307
rennes,100000,4995.3115
rennes,100000,4995.3555
rennes,100000,4995.364
rennes,100000,4995.372
rennes,100000,5018.3164
rennes,100000,5018.352
rennes,100000,5018.3755
rennes,100000,5018.3857
rennes,100000,5018.3955
rennes,100000,5018.41
rennes,100000,5018.4214
rennes,100000,5018.4307
rennes,100000,5018.457
rennes,100000,5041.1396
rennes,100000,5041.1943
rennes,100000,5041.2705
rennes,100000,5041.307
rennes,100000,5041.325
rennes,100000,5041.3384
rennes,100000,5041.354
rennes,100000,5041.3643
rennes,100000,5041.374
rennes,100000,5064.282
rennes,100000,5064.318
rennes,100000,5064.3306
rennes,100000,5064.3413
rennes,100000,5064.3896
rennes,100000,5064.4023
rennes,100000,5064.4136
rennes,100000,5064.4233
rennes,100000,5064.4346
rennes,100000,5087.6743
rennes,100000,5087.71
rennes,100000,5087.722
rennes,100000,5087.7324
rennes,100000,5087.7417
rennes,100000,5087.7515
rennes,100000,5087.762
rennes,100000,5087.772
rennes,100000,5087.7817
rennes,100000,5110.7593
rennes,100000,5110.7944
rennes,100000,5110.8066
rennes,100000,5110.8164
rennes,100000,5110.8267
rennes,100000,5110.836
rennes,100000,5110.8594
rennes,100000,5110.865
rennes,100000,5110.87
rennes,100000,5133.9233
rennes,100000,5133.959
rennes,100000,5134.011
rennes,100000,5134.0234
rennes,100000,5134.0337
rennes,100000,5134.044
rennes,100000,4953.8325
rennes,100000,4953.8687
rennes,100000,4953.8804
rennes,100000,4953.9014
rennes,100000,4953.9106
rennes,100000,4953.9204
rennes,100000,4953.935
rennes,100000,4953.946
rennes,100000,4953.955
rennes,100000,4977.0513
rennes,100000,4977.0796
rennes,100000,4977.0854
rennes,100000,4977.0903
rennes,100000,4977.095
rennes,100000,4977.101
rennes,100000,4977.1055
rennes,100000,4977.11
rennes,100000,4977.1147
rennes,100000,4999.883
rennes,100000,4999.91
rennes,100000,4999.917
rennes,100000,4999.922
rennes,100000,4999.929
rennes,100000,4999.934
rennes,100000,4999.939
rennes,100000,4999.984
rennes,100000,4999.994
rennes,100000,5022.938
rennes,100000,5022.974
rennes,100000,5022.9976
rennes,100000,5023.0073
rennes,100000,5023.017
rennes,100000,5023.0312
rennes,100000,5023.0415
rennes,100000,5023.0513
rennes,100000,5023.076
rennes,100000,5045.7607
rennes,100000,5045.8154
rennes,100000,5045.8296
rennes,100000,5045.871
rennes,100000,5045.8813
rennes,100000,5045.891
rennes,100000,5045.9053
rennes,100000,5045.915
rennes,100000,5045.925
rennes,100000,5068.905
rennes,100000,5068.941
rennes,100000,5068.953
rennes,100000,5068.9624
rennes,100000,5069.0127
rennes,100000,5069.0283
rennes,100000,5069.0386
rennes,100000,5069.0474
rennes,100000,5069.0576
rennes,100000,5092.296
rennes,100000,5092.332
rennes,100000,5092.3447
rennes,100000,5092.355
rennes,100000,5092.364
rennes,100000,5092.375
rennes,100000,5092.385
rennes,100000,5092.3945
rennes,100000,5092.4043
rennes,100000,5115.381
rennes,100000,5115.416
rennes,100000,5115.4277
rennes,100000,5115.438
rennes,100000,5115.448
rennes,100000,5115.4575
rennes,100000,5115.481
rennes,100000,5115.488
rennes,100000,5115.492
rennes,100000,5138.545
rennes,100000,5138.58
rennes,100000,5138.6343
rennes,100000,5138.6484
rennes,100000,5138.658
rennes,100000,5138.6685
rennes,100000,4981.852
rennes,100000,4981.8784
rennes,100000,4981.885
rennes,100000,4981.8896
rennes,100000,4981.8945
rennes,100000,4981.8994
rennes,100000,4981.9043
rennes,100000,4981.9087
rennes,100000,4981.9136
rennes,100000,5004.6777
rennes,100000,5004.7036
rennes,100000,5004.71
rennes,100000,5004.7153
rennes,100000,5004.723
rennes,100000,5004.728
rennes,100000,5004.771
rennes,100000,5004.7803
rennes,100000,5004.789
rennes,100000,5027.741
rennes,100000,5027.777
rennes,100000,5027.8003
rennes,100000,5027.8105
rennes,100000,5027.8203
rennes,100000,5027.835
rennes,100000,5027.845
rennes,100000,5027.8555
rennes,100000,5027.8833
rennes,100000,5050.565
rennes,100000,5050.6157
rennes,100000,5050.63
rennes,100000,5050.7188
rennes,100000,5050.73
rennes,100000,5050.7397
rennes,100000,5050.755
rennes,100000,5050.7646
rennes,100000,5050.7744
rennes,100000,5073.7075
rennes,100000,5073.742
rennes,100000,5073.755
rennes,100000,5073.7646
rennes,100000,5073.816
rennes,100000,5073.829
rennes,100000,5073.84
rennes,100000,5073.85
rennes,100000,5073.8633
rennes,100000,5097.099
rennes,100000,5097.135
rennes,100000,5097.1475
rennes,100000,5097.1577
rennes,100000,5097.1675
rennes,100000,5097.1772
rennes,100000,5097.1885
rennes,100000,5097.198
rennes,100000,5097.208
rennes,100000,5120.184
rennes,100000,5120.2188
rennes,100000,5120.2314
rennes,100000,5120.2417
rennes,100000,5120.2515
rennes,100000,5120.275
rennes,100000,5120.2812
rennes,100000,5120.287
rennes,100000,5120.2915
rennes,100000,5143.341
rennes,100000,5143.3765
rennes,100000,5143.429
rennes,100000,5143.4434
rennes,100000,5143.4536
rennes,100000,5143.464
rennes,100000,4963.912
rennes,100000,4963.9463
rennes,100000,4963.9585
rennes,100000,4963.9795
rennes,100000,4963.9907
rennes,100000,4964.001
rennes,100000,4964.016
rennes,100000,4964.0264
rennes,100000,4964.036
rennes,100000,4987.1353
rennes,100000,4987.1626
rennes,100000,4987.169
rennes,100000,4987.174
rennes,100000,4987.1787
rennes,100000,4987.1836
rennes,100000,4987.189
rennes,100000,4987.1934
rennes,100000,4987.198
rennes,100000,5009.9604
rennes,100000,5009.9873
rennes,100000,5009.9946
rennes,100000,5009.999
rennes,100000,5010.0073
rennes,100000,5010.012
rennes,100000,5010.0596
rennes,100000,5010.067
rennes,100000,5010.0757
rennes,100000,5033.024
rennes,100000,5033.059
rennes,100000,5033.0825
rennes,100000,5033.093
rennes,100000,5033.1025
rennes,100000,5033.1177
rennes,100000,5033.1284
rennes,100000,5033.1377
rennes,100000,5033.1646
rennes,100000,5055.8467
rennes,100000,5055.8975
rennes,100000,5055.9106
rennes,100000,5055.995
rennes,100000,5056.0186
rennes,100000,5056.037
rennes,100000,5056.0605
rennes,100000,5056.0703
rennes,100000,5056.08
rennes,100000,5078.9917
rennes,100000,5079.027
rennes,100000,5079.0386
rennes,100000,5079.049
rennes,100000,5079.216
rennes,100000,5079.2246
rennes,100000,5079.23
rennes,100000,5079.276
rennes,100000,5079.283
rennes,100000,5102.384
rennes,100000,5102.421
rennes,100000,5102.433
rennes,100000,5102.4434
rennes,100000,5102.4526
rennes,100000,5102.463
rennes,100000,5102.474
rennes,100000,5102.4844
rennes,100000,5102.494
rennes,100000,5125.4697
rennes,100000,5125.507
rennes,100000,5125.519
rennes,100000,5125.5293
rennes,100000,5125.539
rennes,100000,5125.5596
rennes,100000,5125.5654
rennes,100000,5125.5713
rennes,100000,5125.576
rennes,100000,5148.6323
rennes,100000,5148.668
rennes,100000,5148.7188
rennes,100000,5148.732
rennes,100000,5148.7417
rennes,100000,5148.7524
rennes,100000,4968.4355
rennes,100000,4968.472
rennes,100000,4968.484
rennes,100000,4968.5034
rennes,100000,4968.5137
rennes,100000,4968.524
rennes,100000,4968.537
rennes,100000,4968.5474
rennes,100000,4968.5566
rennes,100000,4991.6577
rennes,100000,4991.683
rennes,100000,4991.689
rennes,100000,4991.6943
rennes,100000,4991.6987
rennes,100000,4991.704
rennes,100000,4991.709
rennes,100000,4991.7134
rennes,100000,4991.7183
rennes,100000,5014.4844
rennes,100000,5014.5127
rennes,100000,5014.5186
rennes,100000,5014.5234
rennes,100000,5014.531
rennes,100000,5014.5356
rennes,100000,5014.5635
rennes,100000,5014.571
rennes,100000,5014.5923
rennes,100000,5037.536
rennes,100000,5037.573
rennes,100000,5037.596
rennes,100000,5037.6064
rennes,100000,5037.6157
rennes,100000,5037.6304
rennes,100000,5037.649
rennes,100000,5037.659
rennes,100000,5037.6943
rennes,100000,5060.362
rennes,100000,5060.399
rennes,100000,5060.5127
rennes,100000,5060.5366
rennes,100000,5060.5464
rennes,100000,5060.5566
rennes,100000,5060.571
rennes,100000,5060.58
rennes,100000,5060.591
rennes,100000,5083.5054
rennes,100000,5083.5415
rennes,100000,5083.5537
rennes,100000,5083.564
rennes,100000,5083.623
rennes,100000,5083.636
rennes,100000,5083.6455
rennes,100000,5083.655
rennes,100000,5083.6655
rennes,100000,5106.8984
rennes,100000,5106.9355
rennes,100000,5106.9478
rennes,100000,5106.958
rennes,100000,5106.9673
rennes,100000,5106.9785
rennes,100000,5106.9883
rennes,100000,5106.998
rennes,100000,5107.0073
rennes,100000,5129.9824
rennes,100000,5130.0195
rennes,100000,5130.032
rennes,100000,5130.0425
rennes,100000,5130.0527
rennes,100000,5130.063
rennes,100000,5130.073
rennes,100000,5130.094
rennes,100000,5130.1
rennes,100000,5153.1475
rennes,100000,5153.185
rennes,100000,5153.2373
rennes,100000,5153.25
rennes,100000,5153.2603
rennes,100000,5153.2705
lyon,100000,4916.438
lyon,100000,4916.4824
lyon,100000,4916.494
lyon,100000,4916.504
lyon,100000,4916.513
lyon,100000,4916.5225
lyon,100000,4916.5327
lyon,100000,4916.542
lyon,100000,4916.5513
lyon,100000,4939.3384
lyon,100000,4939.366
lyon,100000,4939.373
lyon,100000,4939.378
lyon,100000,4939.386
lyon,100000,4939.3916
lyon,100000,4939.423
lyon,100000,4939.4297
lyon,100000,4939.4385
lyon,100000,4962.3745
lyon,100000,4962.409
lyon,100000,4962.4316
lyon,100000,4962.4414
lyon,100000,4962.45
lyon,100000,4962.4834
lyon,100000,4962.4897
lyon,100000,4962.511
lyon,100000,4962.5254
lyon,100000,4985.2236
lyon,100000,4985.2583
lyon,100000,4985.27
lyon,100000,4985.303
lyon,100000,4985.3096
lyon,100000,4985.3145
lyon,100000,4985.3228
lyon,100000,4985.328
lyon,100000,4985.333
lyon,100000,5008.3477
lyon,100000,5008.3677
lyon,100000,5008.373
lyon,100000,5008.3784
lyon,100000,5008.4077
lyon,100000,5008.4146
lyon,100000,5008.4194
lyon,100000,5008.4243
lyon,100000,5008.429
lyon,100000,5031.7036
lyon,100000,5031.7383
lyon,100000,5031.75
lyon,100000,5031.7603
lyon,100000,5031.769
lyon,100000,5031.794
lyon,100000,5031.8003
lyon,100000,5031.8057
lyon,100000,5031.81
lyon,100000,5054.816
lyon,100000,5054.852
lyon,100000,5054.864
lyon,100000,5054.874
lyon,100000,5054.883
lyon,100000,5054.892
lyon,100000,5054.9014
lyon,100000,5054.912
lyon,100000,5054.9214
lyon,100000,5078.008
lyon,100000,5078.03
lyon,100000,5078.0615
lyon,100000,5078.069
lyon,100000,5078.0903
lyon,100000,5078.096
lyon,100000,4899.198
lyon,100000,4899.2197
lyon,100000,4899.2256
lyon,100000,4899.2417
lyon,100000,4899.251
lyon,100000,4899.258
lyon,100000,4899.2666
lyon,100000,4899.2725
lyon,100000,4899.278
lyon,100000,4922.3696
lyon,100000,4922.4155
lyon,100000,4922.429
lyon,100000,4922.4385
lyon,100000,4922.4478
lyon,100000,4922.457
lyon,100000,4922.4663
lyon,100000,4922.475
lyon,100000,4922.485
lyon,100000,4945.2905
lyon,100000,4945.3184
lyon,100000,4945.325
lyon,100000,4945.33
lyon,100000,4945.339
lyon,100000,4945.3438
lyon,100000,4945.3765
lyon,100000,4945.384
lyon,100000,4945.393
lyon,100000,4968.3057
lyon,100000,4968.343
lyon,100000,4968.3657
lyon,100000,4968.3755
lyon,100000,4968.385
lyon,100000,4968.399
lyon,100000,4968.4087
lyon,100000,4968.4175
lyon,100000,4968.4614
lyon,100000,4991.1562
lyon,100000,4991.1943
lyon,100000,4991.206
lyon,100000,4991.2275
lyon,100000,4991.2373
lyon,100000,4991.246
lyon,100000,4991.276
lyon,100000,4991.282
lyon,100000,4991.287
lyon,100000,5014.301
lyon,100000,5014.3213
lyon,100000,5014.3276
lyon,100000,5014.333
lyon,100000,5014.3647
lyon,100000,5014.3726
lyon,100000,5014.3765
lyon,100000,5014.3813
lyon,100000,5014.386
lyon,100000,5037.636
lyon,100000,5037.6733
lyon,100000,5037.6875
lyon,100000,5037.697
lyon,100000,5037.7065
lyon,100000,5037.7153
lyon,100000,5037.725
lyon,100000,5037.735
lyon,100000,5037.744
lyon,100000,5060.743
lyon,100000,5060.7812
lyon,100000,5060.7944
lyon,100000,5060.8037
lyon,100000,5060.8135
lyon,100000,5060.8223
lyon,100000,5060.8315
lyon,100000,5060.8413
lyon,100000,5060.85
lyon,100000,5083.962
lyon,100000,5083.9824
lyon,100000,5084.0146
lyon,100000,5084.023
lyon,100000,5084.028
lyon,100000,5084.0327
lyon,100000,4927.6436
lyon,100000,4927.6895
lyon,100000,4927.702
lyon,100000,4927.7114
lyon,100000,4927.7207
lyon,100000,4927.7305
lyon,100000,4927.74
lyon,100000,4927.75
lyon,100000,4927.76
lyon,100000,4950.5444
lyon,100000,4950.5723
lyon,100000,4950.5796
lyon,100000,4950.5845
lyon,100000,4950.5923
lyon,100000,4950.597
lyon,100000,4950.631
lyon,100000,4950.637
lyon,100000,4950.646
lyon,100000,4973.5806
lyon,100000,4973.615
lyon,100000,4973.6377
lyon,100000,4973.647
lyon,100000,4973.6562
lyon,100000,4973.6904
lyon,100000,4973.7134
lyon,100000,4973.7183
lyon,100000,4973.733
lyon,100000,4996.43
lyon,100000,4996.466
lyon,100000,4996.4775
lyon,100000,4996.511
lyon,100000,4996.517
lyon,100000,4996.522
lyon,100000,4996.531
lyon,100000,4996.535
lyon,100000,4996.54
lyon,100000,5019.554
lyon,100000,5019.575
lyon,100000,5019.582
lyon,100000,5019.5864
lyon,100000,5019.617
lyon,100000,5019.6235
lyon,100000,5019.629
lyon,100000,5019.634
lyon,100000,5019.6387
lyon,100000,5042.91
lyon,100000,5042.9453
lyon,100000,5042.958
lyon,100000,5042.9673
lyon,100000,5042.977
lyon,100000,5043.002
lyon,100000,5043.01
lyon,100000,5043.015
lyon,100000,5043.0195
lyon,100000,5066.022
lyon,100000,5066.057
lyon,100000,5066.0693
lyon,100000,5066.0786
lyon,100000,5066.0884
lyon,100000,5066.097
lyon,100000,5066.108
lyon,100000,5066.117
lyon,100000,5066.127
lyon,100000,5089.2144
lyon,100000,5089.2363
lyon,100000,5089.268
lyon,100000,5089.275
lyon,100000,5089.2964
lyon,100000,5089.302
lyon,100000,4910.674
lyon,100000,4910.695
lyon,100000,4910.7017
lyon,100000,4910.715
lyon,100000,4910.7207
lyon,100000,4910.7266
lyon,100000,4910.735
lyon,100000,4910.7407
lyon,100000,4910.7456
lyon,100000,4933.8613
lyon,100000,4933.9077
lyon,100000,4933.92
lyon,100000,4933.93
lyon,100000,4933.94
lyon,100000,4933.9497
lyon,100000,4933.9604
lyon,100000,4933.97
lyon,100000,4933.9795
lyon,100000,4956.7666
lyon,100000,4956.802
lyon,100000,4956.809
lyon,100000,4956.814
lyon,100000,4956.8223
lyon,100000,4956.8276
lyon,100000,4956.8325
lyon,100000,4956.8613
lyon,100000,4956.8716
lyon,100000,4979.7954
lyon,100000,4979.8325
lyon,100000,4979.856
lyon,100000,4979.866
lyon,100000,4979.875
lyon,100000,4979.9097
lyon,100000,4979.932
lyon,100000,4979.9375
lyon,100000,4979.9526
lyon,100000,5002.6475
lyon,100000,5002.6836
lyon,100000,5002.696
lyon,100000,5002.7285
lyon,100000,5002.7344
lyon,100000,5002.7393
lyon,100000,5002.748
lyon,100000,5002.7534
lyon,100000,5002.758
lyon,100000,5025.777
lyon,100000,5025.7964
lyon,100000,5025.803
lyon,100000,5025.8076
lyon,100000,5025.8394
lyon,100000,5025.846
lyon,100000,5025.8506
lyon,100000,5025.8555
lyon,100000,5025.861
lyon,100000,5049.1255
lyon,100000,5049.161
lyon,100000,5049.1733
lyon,100000,5049.1836
lyon,100000,5049.1924
lyon,100000,5049.2173
lyon,100000,5049.225
lyon,100000,5049.2305
lyon,100000,5049.2354
lyon,100000,5072.2456
lyon,100000,5072.2803
lyon,100000,5072.2925
lyon,100000,5072.3022
lyon,100000,5072.3125
lyon,100000,5072.322
lyon,100000,5072.3315
lyon,100000,5072.342
lyon,100000,5072.3516
lyon,100000,5095.4365
lyon,100000,5095.457
lyon,100000,5095.489
lyon,100000,5095.5117
lyon,100000,5095.5186
lyon,100000,5095.5234
nancy,100000,5212.1523
nancy,100000,5212.1934
nancy,100000,5212.2065
nancy,100000,5212.2285
nancy,100000,5212.239
nancy,100000,5212.249
nancy,100000,5212.263
nancy,100000,5212.273
nancy,100000,5212.283
nancy,100000,5235.3525
nancy,100000,5235.3745
nancy,100000,5235.3804
nancy,100000,5235.383
nancy,100000,5235.386
nancy,100000,5235.3896
nancy,100000,5235.393
nancy,100000,5235.396
nancy,100000,5235.4
nancy,100000,5258.183
nancy,100000,5258.236
nancy,100000,5258.25
nancy,100000,5258.2607
nancy,100000,5258.275
nancy,100000,5258.285
nancy,100000,5258.3496
nancy,100000,5258.3604
nancy,100000,5258.375
nancy,100000,5281.225
nancy,100000,5281.2676
nancy,100000,5281.2935
nancy,100000,5281.304
nancy,100000,5281.314
nancy,100000,5281.3276
nancy,100000,5281.338
nancy,100000,5281.3467
nancy,100000,5281.372
nancy,100000,5304.078
nancy,100000,5304.1196
nancy,100000,5304.1333
nancy,100000,5304.1543
nancy,100000,5304.1646
nancy,100000,5304.1743
nancy,100000,5304.1875
nancy,100000,5304.1973
nancy,100000,5304.208
nancy,100000,5327.204
nancy,100000,5327.2446
nancy,100000,5327.2593
nancy,100000,5327.281
nancy,100000,5327.303
nancy,100000,5327.308
nancy,100000,5327.3115
nancy,100000,5327.315
nancy,100000,5327.3193
nancy,100000,5350.591
nancy,100000,5350.6177
nancy,100000,5350.624
nancy,100000,5350.6284
nancy,100000,5350.632
nancy,100000,5350.6357
nancy,100000,5350.639
nancy,100000,5350.6426
nancy,100000,5350.6465
nancy,100000,5373.651
nancy,100000,5373.6694
nancy,100000,5373.6753
nancy,100000,5373.679
nancy,100000,5373.683
nancy,100000,5373.687
nancy,100000,5373.6904
nancy,100000,5373.694
nancy,100000,5373.698
nancy,100000,5396.847
nancy,100000,5396.8643
nancy,100000,5396.888
nancy,100000,5396.8926
nancy,100000,5396.8955
nancy,100000,5396.8994
lyon,100000,4939.6294
lyon,100000,4939.6753
lyon,100000,4939.6875
lyon,100000,4939.6978
lyon,100000,4939.7075
lyon,100000,4939.7188
lyon,100000,4939.7285
lyon,100000,4939.7383
lyon,100000,4939.748
lyon,100000,4962.5376
lyon,100000,4962.566
lyon,100000,4962.5728
lyon,100000,4962.5776
lyon,100000,4962.5854
lyon,100000,4962.591
lyon,100000,4962.62
lyon,100000,4962.6274
lyon,100000,4962.6357
lyon,100000,4985.567
lyon,100000,4985.602
lyon,100000,4985.625
lyon,100000,4985.635
lyon,100000,4985.6445
lyon,100000,4985.6606
lyon,100000,4985.67
lyon,100000,4985.697
lyon,100000,4985.7275
lyon,100000,5008.416
lyon,100000,5008.451
lyon,100000,5008.4634
lyon,100000,5008.484
lyon,100000,5008.4937
lyon,100000,5008.5156
lyon,100000,5008.526
lyon,100000,5008.5312
lyon,100000,5008.536
lyon,100000,5031.5483
lyon,100000,5031.57
lyon,100000,5031.5767
lyon,100000,5031.582
lyon,100000,5031.613
lyon,100000,5031.6206
lyon,100000,5031.626
lyon,100000,5031.6304
lyon,100000,5031.6357
lyon,100000,5054.896
lyon,100000,5054.9326
lyon,100000,5054.9453
lyon,100000,5054.9556
lyon,100000,5054.965
lyon,100000,5054.9766
lyon,100000,5054.9863
lyon,100000,5055.0093
lyon,100000,5055.0146
lyon,100000,5078.01
lyon,100000,5078.045
lyon,100000,5078.057
lyon,100000,5078.0674
lyon,100000,5078.0776
lyon,100000,5078.0884
lyon,100000,5078.0977
lyon,100000,5078.108
lyon,100000,5078.1177
lyon,100000,5101.2085
lyon,100000,5101.2305
lyon,100000,5101.263
lyon,100000,5101.2705
lyon,100000,5101.276
lyon,100000,5101.2812
rennes,100000,4937.605
rennes,100000,4937.6523
rennes,100000,4937.659
rennes,100000,4937.665
rennes,100000,4937.67
rennes,100000,4937.674
rennes,100000,4937.6787
rennes,100000,4937.683
rennes,100000,4937.688
rennes,100000,4960.4556
rennes,100000,4960.481
rennes,100000,4960.4873
rennes,100000,4960.492
rennes,100000,4960.4995
rennes,100000,4960.504
rennes,100000,4960.559
rennes,100000,4960.5703
rennes,100000,4960.579
rennes,100000,4983.499
rennes,100000,4983.545
rennes,100000,4983.558
rennes,100000,4983.5635
rennes,100000,4983.5684
rennes,100000,4983.574
rennes,100000,4983.579
rennes,100000,4983.5835
rennes,100000,4983.597
rennes,100000,5006.3105
rennes,100000,5006.33
rennes,100000,5006.3364
rennes,100000,5006.3477
rennes,100000,5006.353
rennes,100000,5006.37
rennes,100000,5006.378
rennes,100000,5006.382
rennes,100000,5006.3867
rennes,100000,5029.4688
rennes,100000,5029.5103
rennes,100000,5029.5166
rennes,100000,5029.522
rennes,100000,5029.5513
rennes,100000,5029.5586
rennes,100000,5029.5635
rennes,100000,5029.5684
rennes,100000,5029.5723
rennes,100000,5052.795
rennes,100000,5052.831
rennes,100000,5052.8433
rennes,100000,5052.853
rennes,100000,5052.864
rennes,100000,5052.8735
rennes,100000,5052.8833
rennes,100000,5052.8926
rennes,100000,5052.9023
rennes,100000,5075.9395
rennes,100000,5075.9585
rennes,100000,5075.9644
rennes,100000,5075.969
rennes,100000,5075.974
rennes,100000,5075.979
rennes,100000,5075.9834
rennes,100000,5075.988
rennes,100000,5075.9927
rennes,100000,5099.1113
rennes,100000,5099.1475
rennes,100000,5099.1997
rennes,100000,5099.213
rennes,100000,5099.2236
rennes,100000,5099.2437
rennes,100000,4941.4688
rennes,100000,4941.527
rennes,100000,4941.535
rennes,100000,4941.54
rennes,100000,4941.545
rennes,100000,4941.5493
rennes,100000,4941.554
rennes,100000,4941.5586
rennes,100000,4941.563
rennes,100000,4964.3267
rennes,100000,4964.353
rennes,100000,4964.36
rennes,100000,4964.365
rennes,100000,4964.373
rennes,100000,4964.378
rennes,100000,4964.407
rennes,100000,4964.425
rennes,100000,4964.45
rennes,100000,4987.3623
rennes,100000,4987.397
rennes,100000,4987.429
rennes,100000,4987.435
rennes,100000,4987.4395
rennes,100000,4987.4473
rennes,100000,4987.452
rennes,100000,4987.457
rennes,100000,4987.471
rennes,100000,5010.186
rennes,100000,5010.2065
rennes,100000,5010.213
rennes,100000,5010.2246
rennes,100000,5010.23
rennes,100000,5010.2354
rennes,100000,5010.256
rennes,100000,5010.2607
rennes,100000,5010.265
rennes,100000,5033.3325
rennes,100000,5033.367
rennes,100000,5033.389
rennes,100000,5033.395
rennes,100000,5033.423
rennes,100000,5033.43
rennes,100000,5033.435
rennes,100000,5033.44
rennes,100000,5033.445
rennes,100000,5056.6587
rennes,100000,5056.695
rennes,100000,5056.708
rennes,100000,5056.719
rennes,100000,5056.7295
rennes,100000,5056.7393
rennes,100000,5056.7495
rennes,100000,5056.7593
rennes,100000,5056.769
rennes,100000,5079.8066
rennes,100000,5079.8267
rennes,100000,5079.833
rennes,100000,5079.8384
rennes,100000,5079.8438
rennes,100000,5079.848
rennes,100000,5079.8525
rennes,100000,5079.857
rennes,100000,5079.8623
rennes,100000,5102.9736
rennes,100000,5103.009
rennes,100000,5103.06
rennes,100000,5103.0747
rennes,100000,5103.085
rennes,100000,5103.0957
rennes,100000,4946.451
rennes,100000,4946.4995
rennes,100000,4946.5254
rennes,100000,4946.532
rennes,100000,4946.537
rennes,100000,4946.542
rennes,100000,4946.5464
rennes,100000,4946.551
rennes,100000,4946.556
rennes,100000,4969.2983
rennes,100000,4969.343
rennes,100000,4969.35
rennes,100000,4969.3555
rennes,100000,4969.3633
rennes,100000,4969.368
rennes,100000,4969.3975
rennes,100000,4969.405
rennes,100000,4969.4224
rennes,100000,4992.3457
rennes,100000,4992.383
rennes,100000,4992.406
rennes,100000,4992.4272
rennes,100000,4992.433
rennes,100000,4992.441
rennes,100000,4992.4453
rennes,100000,4992.45
rennes,100000,4992.467
rennes,100000,5015.1777
rennes,100000,5015.199
rennes,100000,5015.2065
rennes,100000,5015.218
rennes,100000,5015.223
rennes,100000,5015.2275
rennes,100000,5015.235
rennes,100000,5015.2397
rennes,100000,5015.2563
rennes,100000,5038.316
rennes,100000,5038.354
rennes,100000,5038.3667
rennes,100000,5038.3887
rennes,100000,5038.442
rennes,100000,5038.45
rennes,100000,5038.455
rennes,100000,5038.4595
rennes,100000,5038.464
rennes,100000,5061.654
rennes,100000,5061.691
rennes,100000,5061.7046
rennes,100000,5061.715
rennes,100000,5061.7246
rennes,100000,5061.735
rennes,100000,5061.7446
rennes,100000,5061.755
rennes,100000,5061.7646
rennes,100000,5084.8013
rennes,100000,5084.8223
rennes,100000,5084.8286
rennes,100000,5084.8335
rennes,100000,5084.8384
rennes,100000,5084.843
rennes,100000,5084.8477
rennes,100000,5084.852
rennes,100000,5084.857
rennes,100000,5107.957
rennes,100000,5107.9956
rennes,100000,5108.049
rennes,100000,5108.0625
rennes,100000,5108.0728
rennes,100000,5108.083
rennes,100000,4951.3013
rennes,100000,4951.362
rennes,100000,4951.3926
rennes,100000,4951.4014
rennes,100000,4951.4097
rennes,100000,4951.4185
rennes,100000,4951.4253
rennes,100000,4951.429
rennes,100000,4951.4336
rennes,100000,4974.1494
rennes,100000,4974.2065
rennes,100000,4974.2183
rennes,100000,4974.227
rennes,100000,4974.2407
rennes,100000,4974.249
rennes,100000,4974.287
rennes,100000,4974.309
rennes,100000,4974.3184
rennes,100000,4997.1953
rennes,100000,4997.243
rennes,100000,4997.2896
rennes,100000,4997.299
rennes,100000,4997.3076
rennes,100000,4997.32
rennes,100000,4997.325
rennes,100000,4997.3296
rennes,100000,4997.344
rennes,100000,5020.0317
rennes,100000,5020.059
rennes,100000,5020.071
rennes,100000,5020.0894
rennes,100000,5020.096
rennes,100000,5020.1016
rennes,100000,5020.122
rennes,100000,5020.127
rennes,100000,5020.1313
rennes,100000,5043.166
rennes,100000,5043.213
rennes,100000,5043.248
rennes,100000,5043.2573
rennes,100000,5043.294
rennes,100000,5043.3037
rennes,100000,5043.308
rennes,100000,5043.3125
rennes,100000,5043.318
rennes,100000,5066.492
rennes,100000,5066.5415
rennes,100000,5066.565
rennes,100000,5066.5835
rennes,100000,5066.6025
rennes,100000,5066.617
rennes,100000,5066.628
rennes,100000,5066.638
rennes,100000,5066.648
rennes,100000,5089.642
rennes,100000,5089.682
rennes,100000,5089.6934
rennes,100000,5089.7026
rennes,100000,5089.712
rennes,100000,5089.721
rennes,100000,5089.7266
rennes,100000,5089.731
rennes,100000,5089.7354
rennes,100000,5112.808
rennes,100000,5112.857
rennes,100000,5112.922
rennes,100000,5112.9385
rennes,100000,5112.9487
rennes,100000,5112.959
rennes,100000,4932.8145
rennes,100000,4932.836
rennes,100000,4932.8433
rennes,100000,4932.8555
rennes,100000,4932.862
rennes,100000,4932.867
rennes,100000,4932.8755
rennes,100000,4932.881
rennes,100000,4932.886
rennes,100000,4956.0938
rennes,100000,4956.147
rennes,100000,4956.155
rennes,100000,4956.1606
rennes,100000,4956.1655
rennes,100000,4956.17
rennes,100000,4956.175
rennes,100000,4956.1797
rennes,100000,4956.1846
rennes,100000,4978.9473
rennes,100000,4978.974
rennes,100000,4978.9805
rennes,100000,4978.986
rennes,100000,4978.9937
rennes,100000,4978.999
rennes,100000,4979.035
rennes,100000,4979.058
rennes,100000,4979.069
rennes,100000,5001.9893
rennes,100000,5002.0396
rennes,100000,5002.054
rennes,100000,5002.0596
rennes,100000,5002.0645
rennes,100000,5002.072
rennes,100000,5002.076
rennes,100000,5002.0806
rennes,100000,5002.098
rennes,100000,5024.8076
rennes,100000,5024.827
rennes,100000,5024.8335
rennes,100000,5024.846
rennes,100000,5024.851
rennes,100000,5024.8687
rennes,100000,5024.878
rennes,100000,5024.8823
rennes,100000,5024.887
rennes,100000,5047.957
rennes,100000,5048.003
rennes,100000,5048.01
rennes,100000,5048.0156
rennes,100000,5048.0444
rennes,100000,5048.0513
rennes,100000,5048.056
rennes,100000,5048.0615
rennes,100000,5048.066
rennes,100000,5071.284
rennes,100000,5071.3213
rennes,100000,5071.334
rennes,100000,5071.3433
rennes,100000,5071.354
rennes,100000,5071.364
rennes,100000,5071.374
rennes,100000,5071.3833
rennes,100000,5071.393
rennes,100000,5094.4297
rennes,100000,5094.449
rennes,100000,5094.455
rennes,100000,5094.46
rennes,100000,5094.4644
rennes,100000,5094.4697
rennes,100000,5094.474
rennes,100000,5094.479
rennes,100000,5094.484
rennes,100000,5117.6006
rennes,100000,5117.637
rennes,100000,5117.709
rennes,100000,5117.724
rennes,100000,5117.7437
rennes,100000,5117.748
nantes,100000,4880.0513
nantes,100000,4880.0977
nantes,100000,4880.112
nantes,100000,4880.122
nantes,100000,4880.132
nantes,100000,4880.1416
nantes,100000,4880.1675
nantes,100000,4880.175
nantes,100000,4880.1797
nantes,100000,4902.965
nantes,100000,4902.9946
nantes,100000,4903.0024
nantes,100000,4903.007
nantes,100000,4903.016
nantes,100000,4903.0215
nantes,100000,4903.0493
nantes,100000,4903.0566
nantes,100000,4903.0654
nantes,100000,4925.9287
nantes,100000,4925.967
nantes,100000,4925.99
nantes,100000,4926.0005
nantes,100000,4926.0103
nantes,100000,4926.025
nantes,100000,4926.0347
nantes,100000,4926.0596
nantes,100000,4926.0767
nantes,100000,4948.762
nantes,100000,4948.8003
nantes,100000,4948.8125
nantes,100000,4948.8335
nantes,100000,4948.843
nantes,100000,4948.853
nantes,100000,4948.884
nantes,100000,4948.889
nantes,100000,4948.894
nantes,100000,4971.9243
nantes,100000,4971.9614
nantes,100000,4971.974
nantes,100000,4971.984
nantes,100000,4972.032
nantes,100000,4972.0435
nantes,100000,4972.053
nantes,100000,4972.062
nantes,100000,4972.072
nantes,100000,4995.352
nantes,100000,4995.3745
nantes,100000,4995.3823
nantes,100000,4995.3877
nantes,100000,4995.392
nantes,100000,4995.397
nantes,100000,4995.4023
nantes,100000,4995.407
nantes,100000,4995.412
nantes,100000,5018.401
nantes,100000,5018.423
nantes,100000,5018.4307
nantes,100000,5018.436
nantes,100000,5018.4414
nantes,100000,5018.446
nantes,100000,5018.4507
nantes,100000,5018.4556
nantes,100000,5018.4604
nantes,100000,5041.5566
nantes,100000,5041.594
nantes,100000,5041.658
nantes,100000,5041.666
nantes,100000,5041.6714
nantes,100000,5041.6763
nantes,100000,4861.9517
nantes,100000,4861.9854
nantes,100000,4861.9985
nantes,100000,4862.0195
nantes,100000,4862.0312
nantes,100000,4862.042
nantes,100000,4862.064
nantes,100000,4862.091
nantes,100000,4862.097
nantes,100000,4885.183
nantes,100000,4885.2295
nantes,100000,4885.254
nantes,100000,4885.26
nantes,100000,4885.264
nantes,100000,4885.27
nantes,100000,4885.2754
nantes,100000,4885.281
nantes,100000,4885.2856
nantes,100000,4908.0703
nantes,100000,4908.0986
nantes,100000,4908.1055
nantes,100000,4908.111
nantes,100000,4908.1187
nantes,100000,4908.1245
nantes,100000,4908.13
nantes,100000,4908.158
nantes,100000,4908.169
nantes,100000,4931.06
nantes,100000,4931.097
nantes,100000,4931.1206
nantes,100000,4931.1445
nantes,100000,4931.1504
nantes,100000,4931.1616
nantes,100000,4931.1665
nantes,100000,4931.1714
nantes,100000,4931.187
nantes,100000,4953.8843
nantes,100000,4953.921
nantes,100000,4953.9336
nantes,100000,4953.9688
nantes,100000,4953.977
nantes,100000,4953.9844
nantes,100000,4953.9946
nantes,100000,4954.0015
nantes,100000,4954.0083
nantes,100000,4977.048
nantes,100000,4977.082
nantes,100000,4977.095
nantes,100000,4977.1055
nantes,100000,4977.155
nantes,100000,4977.167
nantes,100000,4977.1772
nantes,100000,4977.187
nantes,100000,4977.1973
nantes,100000,5000.4604
nantes,100000,5000.4824
nantes,100000,5000.4897
nantes,100000,5000.495
nantes,100000,5000.4995
nantes,100000,5000.506
nantes,100000,5000.511
nantes,100000,5000.5166
nantes,100000,5000.521
nantes,100000,5023.507
nantes,100000,5023.5283
nantes,100000,5023.535
nantes,100000,5023.5405
nantes,100000,5023.5464
nantes,100000,5023.5513
nantes,100000,5023.5566
nantes,100000,5023.5615
nantes,100000,5023.567
nantes,100000,5046.679
nantes,100000,5046.7144
nantes,100000,5046.763
nantes,100000,5046.771
nantes,100000,5046.7764
nantes,100000,5046.7817
nantes,100000,4868.653
nantes,100000,4868.6885
nantes,100000,4868.7007
nantes,100000,4868.7227
nantes,100000,4868.7334
nantes,100000,4868.7437
nantes,100000,4868.759
nantes,100000,4868.7686
nantes,100000,4868.794
nantes,100000,4891.876
nantes,100000,4891.922
nantes,100000,4891.9507
nantes,100000,4891.9575
nantes,100000,4891.962
nantes,100000,4891.968
nantes,100000,4891.973
nantes,100000,4891.978
nantes,100000,4891.9824
nantes,100000,4914.7637
nantes,100000,4914.792
nantes,100000,4914.7993
nantes,100000,4914.8047
nantes,100000,4914.814
nantes,100000,4914.819
nantes,100000,4914.824
nantes,100000,4914.856
nantes,100000,4914.866
nantes,100000,4937.753
nantes,100000,4937.7896
nantes,100000,4937.813
nantes,100000,4937.8228
nantes,100000,4937.846
nantes,100000,4937.8555
nantes,100000,4937.86
nantes,100000,4937.8647
nantes,100000,4937.8823
nantes,100000,4960.5376
nantes,100000,4960.575
nantes,100000,4960.5874
nantes,100000,4960.609
nantes,100000,4960.6196
nantes,100000,4960.629
nantes,100000,4960.66
nantes,100000,4960.665
nantes,100000,4960.6704
nantes,100000,4983.75
nantes,100000,4983.7856
nantes,100000,4983.7983
nantes,100000,4983.8086
nantes,100000,4983.8584
nantes,100000,4983.871
nantes,100000,4983.8804
nantes,100000,4983.8896
nantes,100000,4983.899
nantes,100000,5007.1543
nantes,100000,5007.176
nantes,100000,5007.1826
nantes,100000,5007.1875
nantes,100000,5007.1924
nantes,100000,5007.1978
nantes,100000,5007.203
nantes,100000,5007.2085
nantes,100000,5007.213
nantes,100000,5030.201
nantes,100000,5030.222
nantes,100000,5030.228
nantes,100000,5030.2334
nantes,100000,5030.239
nantes,100000,5030.2437
nantes,100000,5030.249
nantes,100000,5030.254
nantes,100000,5030.259
nantes,100000,5053.38
nantes,100000,5053.4155
nantes,100000,5053.4644
nantes,100000,5053.4717
nantes,100000,5053.477
nantes,100000,5053.482
nantes,100000,4898.2104
nantes,100000,4898.267
nantes,100000,4898.2876
nantes,100000,4898.3203
nantes,100000,4898.3286
nantes,100000,4898.336
nantes,100000,4898.341
nantes,100000,4898.3457
nantes,100000,4898.3506
nantes,100000,4921.1226
nantes,100000,4921.1562
nantes,100000,4921.1694
nantes,100000,4921.179
nantes,100000,4921.1895
nantes,100000,4921.194
nantes,100000,4921.2256
nantes,100000,4921.2324
nantes,100000,4921.24
nantes,100000,4944.087
nantes,100000,4944.133
nantes,100000,4944.1675
nantes,100000,4944.1846
nantes,100000,4944.214
nantes,100000,4944.2236
nantes,100000,4944.228
nantes,100000,4944.2324
nantes,100000,4944.2466
nantes,100000,4966.9214
nantes,100000,4966.968
nantes,100000,4966.99
nantes,100000,4967.0347
nantes,100000,4967.0405
nantes,100000,4967.0454
nantes,100000,4967.0527
nantes,100000,4967.058
nantes,100000,4967.063
nantes,100000,4990.085
nantes,100000,4990.1304
nantes,100000,4990.1523
nantes,100000,4990.17
nantes,100000,4990.23
nantes,100000,4990.2427
nantes,100000,4990.2515
nantes,100000,4990.261
nantes,100000,4990.27
nantes,100000,5013.507
nantes,100000,5013.534
nantes,100000,5013.5464
nantes,100000,5013.5557
nantes,100000,5013.5615
nantes,100000,5013.5674
nantes,100000,5013.5723
nantes,100000,5013.577
nantes,100000,5013.5815
nantes,100000,5036.554
nantes,100000,5036.5815
nantes,100000,5036.5933
nantes,100000,5036.6025
nantes,100000,5036.61
nantes,100000,5036.6147
nantes,100000,5036.6196
nantes,100000,5036.625
nantes,100000,5036.6304
nantes,100000,5059.7197
nantes,100000,5059.7666
nantes,100000,5059.8257
nantes,100000,5059.833
nantes,100000,5059.8384
nantes,100000,5059.843
nancy,100000,5216.2114
nancy,100000,5216.2524
nancy,100000,5216.2656
nancy,100000,5216.287
nancy,100000,5216.2974
nancy,100000,5216.307
nancy,100000,5216.3203
nancy,100000,5216.3306
nancy,100000,5216.3403
nancy,100000,5239.41
nancy,100000,5239.432
nancy,100000,5239.438
nancy,100000,5239.4414
nancy,100000,5239.445
nancy,100000,5239.448
nancy,100000,5239.451
nancy,100000,5239.454
nancy,100000,5239.4575
nancy,100000,5262.2407
nancy,100000,5262.295
nancy,100000,5262.3096
nancy,100000,5262.3193
nancy,100000,5262.333
nancy,100000,5262.343
nancy,100000,5262.401
nancy,100000,5262.412
nancy,100000,5262.427
nancy,100000,5285.283
nancy,100000,5285.3267
nancy,100000,5285.351
nancy,100000,5285.362
nancy,100000,5285.371
nancy,100000,5285.3853
nancy,100000,5285.3945
nancy,100000,5285.4033
nancy,100000,5285.428
nancy,100000,5308.1367
nancy,100000,5308.179
nancy,100000,5308.1934
nancy,100000,5308.2144
nancy,100000,5308.2246
nancy,100000,5308.235
nancy,100000,5308.249
nancy,100000,5308.2583
nancy,100000,5308.2686
nancy,100000,5331.261
nancy,100000,5331.3022
nancy,100000,5331.3164
nancy,100000,5331.339
nancy,100000,5331.367
nancy,100000,5331.3706
nancy,100000,5331.3735
nancy,100000,5331.3765
nancy,100000,5331.3804
nancy,100000,5354.6484
nancy,100000,5354.677
nancy,100000,5354.683
nancy,100000,5354.6865
nancy,100000,5354.69
nancy,100000,5354.694
nancy,100000,5354.6973
nancy,100000,5354.701
nancy,100000,5354.7046
nancy,100000,5377.71
nancy,100000,5377.7285
nancy,100000,5377.741
nancy,100000,5377.7446
nancy,100000,5377.748
nancy,100000,5377.7515
nancy,100000,5377.7544
nancy,100000,5377.7573
nancy,100000,5377.7607
nancy,100000,5400.9062
nancy,100000,5400.9233
nancy,100000,5400.948
nancy,100000,5400.9517
nancy,100000,5400.955
nancy,100000,5400.9585
nantes,100000,4904.0757
nantes,100000,4904.1196
nantes,100000,4904.132
nantes,100000,4904.142
nantes,100000,4904.167
nantes,100000,4904.1733
nantes,100000,4904.178
nantes,100000,4904.183
nantes,100000,4904.1875
nantes,100000,4926.9683
nantes,100000,4926.9966
nantes,100000,4927.0034
nantes,100000,4927.01
nantes,100000,4927.0186
nantes,100000,4927.024
nantes,100000,4927.054
nantes,100000,4927.0615
nantes,100000,4927.071
nantes,100000,4949.953
nantes,100000,4949.9873
nantes,100000,4950.0107
nantes,100000,4950.0205
nantes,100000,4950.0303
nantes,100000,4950.0596
nantes,100000,4950.0654
nantes,100000,4950.0703
nantes,100000,4950.088
nantes,100000,4972.781
nantes,100000,4972.815
nantes,100000,4972.827
nantes,100000,4972.848
nantes,100000,4972.8745
nantes,100000,4972.88
nantes,100000,4972.888
nantes,100000,4972.8926
nantes,100000,4972.897
nantes,100000,4995.945
nantes,100000,4995.9805
nantes,100000,4995.9927
nantes,100000,4996.0024
nantes,100000,4996.0537
nantes,100000,4996.065
nantes,100000,4996.0747
nantes,100000,4996.084
nantes,100000,4996.0938
nantes,100000,5019.359
nantes,100000,5019.3804
nantes,100000,5019.387
nantes,100000,5019.3926
nantes,100000,5019.398
nantes,100000,5019.4023
nantes,100000,5019.4077
nantes,100000,5019.4126
nantes,100000,5019.4175
nantes,100000,5042.406
nantes,100000,5042.4277
nantes,100000,5042.434
nantes,100000,5042.4395
nantes,100000,5042.445
nantes,100000,5042.45
nantes,100000,5042.4546
nantes,100000,5042.4595
nantes,100000,5042.4644
nantes,100000,5065.575
nantes,100000,5065.612
nantes,100000,5065.668
nantes,100000,5065.676
nantes,100000,5065.681
nantes,100000,5065.6855
nancy,100000,4949.795
nancy,100000,4949.8364
nancy,100000,4949.85
nancy,100000,4949.8706
nancy,100000,4949.881
nancy,100000,4949.891
nancy,100000,4949.9043
nancy,100000,4949.915
nancy,100000,4949.9253
nancy,100000,4972.976
nancy,100000,4973.0293
nancy,100000,4973.0435
nancy,100000,4973.0537
nancy,100000,4973.0645
nancy,100000,4973.075
nancy,100000,4973.086
nancy,100000,4973.095
nancy,100000,4973.106
nancy,100000,4995.819
nancy,100000,4995.872
nancy,100000,4995.8857
nancy,100000,4995.896
nancy,100000,4995.9097
nancy,100000,4995.9204
nancy,100000,4995.9697
nancy,100000,4995.9814
nancy,100000,4995.996
nancy,100000,5018.8633
nancy,100000,5018.9053
nancy,100000,5018.9307
nancy,100000,5018.941
nancy,100000,5018.951
nancy,100000,5018.9653
nancy,100000,5018.975
nancy,100000,5018.9854
nancy,100000,5019.01
nancy,100000,5041.723
nancy,100000,5041.766
nancy,100000,5041.78
nancy,100000,5041.801
nancy,100000,5041.8115
nancy,100000,5041.8213
nancy,100000,5041.8394
nancy,100000,5041.8496
nancy,100000,5041.86
nancy,100000,5064.854
nancy,100000,5064.872
nancy,100000,5064.878
nancy,100000,5064.882
nancy,100000,5064.9053
nancy,100000,5064.9087
nancy,100000,5064.9116
nancy,100000,5064.9146
nancy,100000,5064.9185
nancy,100000,5088.2275
nancy,100000,5088.2695
nancy,100000,5088.285
nancy,100000,5088.2964
nancy,100000,5088.307
nancy,100000,5088.3174
nancy,100000,5088.3276
nancy,100000,5088.3457
nancy,100000,5088.349
nancy,100000,5111.2896
nancy,100000,5111.333
nancy,100000,5111.348
nancy,100000,5111.3584
nancy,100000,5111.369
nancy,100000,5111.379
nancy,100000,5111.389
nancy,100000,5111.399
nancy,100000,5111.4097
nancy,100000,5134.487
nancy,100000,5134.5293
nancy,100000,5134.5854
nancy,100000,5134.597
nancy,100000,5134.609
nancy,100000,5134.6196
nancy,100000,4953.535
nancy,100000,4953.5786
nancy,100000,4953.593
nancy,100000,4953.6147
nancy,100000,4953.6245
nancy,100000,4953.6353
nancy,100000,4953.6484
nancy,100000,4953.6587
nancy,100000,4953.6694
nancy,100000,4976.715
nancy,100000,4976.7686
nancy,100000,4976.7827
nancy,100000,4976.7935
nancy,100000,4976.8027
nancy,100000,4976.8135
nancy,100000,4976.8237
nancy,100000,4976.834
nancy,100000,4976.844
nancy,100000,4999.559
nancy,100000,4999.6133
nancy,100000,4999.6274
nancy,100000,4999.638
nancy,100000,4999.6523
nancy,100000,4999.662
nancy,100000,4999.708
nancy,100000,4999.7188
nancy,100000,4999.734
nancy,100000,5022.605
nancy,100000,5022.648
nancy,100000,5022.6733
nancy,100000,5022.684
nancy,100000,5022.694
nancy,100000,5022.7085
nancy,100000,5022.718
nancy,100000,5022.7275
nancy,100000,5022.753
nancy,100000,5045.464
nancy,100000,5045.5083
nancy,100000,5045.5234
nancy,100000,5045.5444
nancy,100000,5045.5547
nancy,100000,5045.5645
nancy,100000,5045.5835
nancy,100000,5045.5938
nancy,100000,5045.6045
nancy,100000,5068.594
nancy,100000,5068.614
nancy,100000,5068.62
nancy,100000,5068.624
nancy,100000,5068.6475
nancy,100000,5068.6514
nancy,100000,5068.6553
nancy,100000,5068.6587
nancy,100000,5068.6626
nancy,100000,5091.9688
nancy,100000,5092.0117
nancy,100000,5092.0273
nancy,100000,5092.038
nancy,100000,5092.0483
nancy,100000,5092.058
nancy,100000,5092.082
nancy,100000,5092.0854
nancy,100000,5092.0894
nancy,100000,5115.03
nancy,100000,5115.074
nancy,100000,5115.089
nancy,100000,5115.0996
nancy,100000,5115.1094
nancy,100000,5115.1196
nancy,100000,5115.13
nancy,100000,5115.14
nancy,100000,5115.1504
nancy,100000,5138.2285
nancy,100000,5138.2715
nancy,100000,5138.3276
nancy,100000,5138.34
nancy,100000,5138.3506
nancy,100000,5138.361
nancy,100000,4957.4556
nancy,100000,4957.4956
nancy,100000,4957.51
nancy,100000,4957.532
nancy,100000,4957.543
nancy,100000,4957.5527
nancy,100000,4957.5674
nancy,100000,4957.5767
nancy,100000,4957.5874
nancy,100000,4980.634
nancy,100000,4980.6924
nancy,100000,4980.7065
nancy,100000,4980.7173
nancy,100000,4980.7275
nancy,100000,4980.738
nancy,100000,4980.747
nancy,100000,4980.7573
nancy,100000,4980.7676
nancy,100000,5003.482
nancy,100000,5003.5356
nancy,100000,5003.55
nancy,100000,5003.559
nancy,100000,5003.573
nancy,100000,5003.583
nancy,100000,5003.632
nancy,100000,5003.644
nancy,100000,5003.658
nancy,100000,5026.524
nancy,100000,5026.5664
nancy,100000,5026.595
nancy,100000,5026.6055
nancy,100000,5026.616
nancy,100000,5026.6304
nancy,100000,5026.641
nancy,100000,5026.651
nancy,100000,5026.675
nancy,100000,5049.3877
nancy,100000,5049.431
nancy,100000,5049.4463
nancy,100000,5049.468
nancy,100000,5049.4775
nancy,100000,5049.4883
nancy,100000,5049.502
nancy,100000,5049.5127
nancy,100000,5049.5234
nancy,100000,5072.5044
nancy,100000,5072.5244
nancy,100000,5072.53
nancy,100000,5072.534
nancy,100000,5072.557
nancy,100000,5072.5605
nancy,100000,5072.564
nancy,100000,5072.567
nancy,100000,5072.5703
nancy,100000,5095.887
nancy,100000,5095.93
nancy,100000,5095.945
nancy,100000,5095.956
nancy,100000,5095.966
nancy,100000,5095.9766
nancy,100000,5095.987
nancy,100000,5095.9985
nancy,100000,5096.023
nancy,100000,5118.948
nancy,100000,5118.9917
nancy,100000,5119.006
nancy,100000,5119.0166
nancy,100000,5119.0273
nancy,100000,5119.0376
nancy,100000,5119.0474
nancy,100000,5119.059
nancy,100000,5119.0693
nancy,100000,5142.1465
nancy,100000,5142.19
nancy,100000,5142.26
nancy,100000,5142.2734
nancy,100000,5142.284
nancy,100000,5142.2954
nancy,100000,4961.2207
nancy,100000,4961.262
nancy,100000,4961.2754
nancy,100000,4961.297
nancy,100000,4961.3066
nancy,100000,4961.3164
nancy,100000,4961.33
nancy,100000,4961.34
nancy,100000,4961.351
nancy,100000,4984.4004
nancy,100000,4984.452
nancy,100000,4984.4663
nancy,100000,4984.476
nancy,100000,4984.487
nancy,100000,4984.497
nancy,100000,4984.5073
nancy,100000,4984.517
nancy,100000,4984.5273
nancy,100000,5007.244
nancy,100000,5007.297
nancy,100000,5007.3105
nancy,100000,5007.321
nancy,100000,5007.335
nancy,100000,5007.3447
nancy,100000,5007.3545
nancy,100000,5007.402
nancy,100000,5007.4175
nancy,100000,5030.288
nancy,100000,5030.33
nancy,100000,5030.3545
nancy,100000,5030.365
nancy,100000,5030.375
nancy,100000,5030.3887
nancy,100000,5030.399
nancy,100000,5030.4087
nancy,100000,5030.434
nancy,100000,5053.149
nancy,100000,5053.191
nancy,100000,5053.204
nancy,100000,5053.225
nancy,100000,5053.2344
nancy,100000,5053.245
nancy,100000,5053.259
nancy,100000,5053.2686
nancy,100000,5053.2793
nancy,100000,5076.2783
nancy,100000,5076.295
nancy,100000,5076.301
nancy,100000,5076.3047
nancy,100000,5076.326
nancy,100000,5076.33
nancy,100000,5076.3335
nancy,100000,5076.3364
nancy,100000,5076.3403
nancy,100000,5099.654
nancy,100000,5099.6963
nancy,100000,5099.711
nancy,100000,5099.7217
nancy,100000,5099.732
nancy,100000,5099.7417
nancy,100000,5099.752
nancy,100000,5099.771
nancy,100000,5099.775
nancy,100000,5122.714
nancy,100000,5122.7573
nancy,100000,5122.772
nancy,100000,5122.782
nancy,100000,5122.7935
nancy,100000,5122.804
nancy,100000,5122.814
nancy,100000,5122.824
nancy,100000,5122.836
nancy,100000,5145.914
nancy,100000,5145.9556
nancy,100000,5146.0137
nancy,100000,5146.0264
nancy,100000,5146.036
nancy,100000,5146.047
nancy,100000,4965.228
nancy,100000,4965.27
nancy,100000,4965.2837
nancy,100000,4965.305
nancy,100000,4965.315
nancy,100000,4965.3247
nancy,100000,4965.3384
nancy,100000,4965.3477
nancy,100000,4965.3584
nancy,100000,4988.4067
nancy,100000,4988.4585
nancy,100000,4988.472
nancy,100000,4988.4824
nancy,100000,4988.492
nancy,100000,4988.502
nancy,100000,4988.5127
nancy,100000,4988.522
nancy,100000,4988.532
nancy,100000,5011.253
nancy,100000,5011.3057
nancy,100000,5011.32
nancy,100000,5011.3296
nancy,100000,5011.3433
nancy,100000,5011.353
nancy,100000,5011.4033
nancy,100000,5011.4146
nancy,100000,5011.4297
nancy,100000,5034.2954
nancy,100000,5034.338
nancy,100000,5034.3633
nancy,100000,5034.374
nancy,100000,5034.3843
nancy,100000,5034.3975
nancy,100000,5034.407
nancy,100000,5034.4165
nancy,100000,5034.442
nancy,100000,5057.1562
nancy,100000,5057.1987
nancy,100000,5057.213
nancy,100000,5057.2344
nancy,100000,5057.244
nancy,100000,5057.2544
nancy,100000,5057.2676
nancy,100000,5057.2773
nancy,100000,5057.2876
nancy,100000,5080.284
nancy,100000,5080.302
nancy,100000,5080.307
nancy,100000,5080.311
nancy,100000,5080.3325
nancy,100000,5080.336
nancy,100000,5080.339
nancy,100000,5080.3423
nancy,100000,5080.3457
nancy,100000,5103.6606
nancy,100000,5103.703
nancy,100000,5103.718
nancy,100000,5103.729
nancy,100000,5103.739
nancy,100000,5103.7495
nancy,100000,5103.7593
nancy,100000,5103.778
nancy,100000,5103.7817
nancy,100000,5126.7217
nancy,100000,5126.765
nancy,100000,5126.7803
nancy,100000,5126.79
nancy,100000,5126.801
nancy,100000,5126.811
nancy,100000,5126.821
nancy,100000,5126.831
nancy,100000,5126.842
nancy,100000,5149.92
nancy,100000,5149.963
nancy,100000,5150.0176
nancy,100000,5150.031
nancy,100000,5150.041
nancy,100000,5150.052
rennes,100000,4875.357
rennes,100000,4875.393
rennes,100000,4875.4053
rennes,100000,4875.427
rennes,100000,4875.4375
rennes,100000,4875.449
rennes,100000,4875.4697
rennes,100000,4875.48
rennes,100000,4875.4907
rennes,100000,4898.561
rennes,100000,4898.6196
rennes,100000,4898.631
rennes,100000,4898.6406
rennes,100000,4898.6494
rennes,100000,4898.672
rennes,100000,4898.681
rennes,100000,4898.6904
rennes,100000,4898.6987
rennes,100000,4921.4355
rennes,100000,4921.496
rennes,100000,4921.5083
rennes,100000,4921.5186
rennes,100000,4921.536
rennes,100000,4921.545
rennes,100000,4921.602
rennes,100000,4921.614
rennes,100000,4921.6294
rennes,100000,4944.478
rennes,100000,4944.525
rennes,100000,4944.563
rennes,100000,4944.584
rennes,100000,4944.6025
rennes,100000,4944.631
rennes,100000,4944.651
rennes,100000,4944.669
rennes,100000,4944.712
rennes,100000,4967.3105
rennes,100000,4967.3564
rennes,100000,4967.379
rennes,100000,4967.4136
rennes,100000,4967.4326
rennes,100000,4967.451
rennes,100000,4967.4795
rennes,100000,4967.499
rennes,100000,4967.518
rennes,100000,4990.4546
rennes,100000,4990.479
rennes,100000,4990.49
rennes,100000,4990.4995
rennes,100000,4990.54
rennes,100000,4990.5527
rennes,100000,4990.5625
rennes,100000,4990.571
rennes,100000,4990.58
rennes,100000,5013.829
rennes,100000,5013.876
rennes,100000,5013.8994
rennes,100000,5013.919
rennes,100000,5013.938
rennes,100000,5013.956
rennes,100000,5013.9766
rennes,100000,5013.9946
rennes,100000,5014.0205
rennes,100000,5036.9424
rennes,100000,5036.9673
rennes,100000,5036.9785
rennes,100000,5036.9883
rennes,100000,5036.9976
rennes,100000,5037.006
rennes,100000,5037.0146
rennes,100000,5037.024
rennes,100000,5037.0327
rennes,100000,5060.0845
rennes,100000,5060.131
rennes,100000,5060.209
rennes,100000,5060.2334
rennes,100000,5060.253
rennes,100000,5060.2725
rennes,100000,4902.999
rennes,100000,4903.038
rennes,100000,4903.046
rennes,100000,4903.0635
rennes,100000,4903.069
rennes,100000,4903.0737
rennes,100000,4903.0796
rennes,100000,4903.0845
rennes,100000,4903.0894
rennes,100000,4925.8784
rennes,100000,4925.9326
rennes,100000,4925.9404
rennes,100000,4925.946
rennes,100000,4925.954
rennes,100000,4925.9595
rennes,100000,4925.993
rennes,100000,4926.002
rennes,100000,4926.0117
rennes,100000,4948.927
rennes,100000,4948.964
rennes,100000,4948.988
rennes,100000,4948.9995
rennes,100000,4949.01
rennes,100000,4949.0254
rennes,100000,4949.037
rennes,100000,4949.047
rennes,100000,4949.0737
rennes,100000,4971.754
rennes,100000,4971.7915
rennes,100000,4971.8047
rennes,100000,4971.8267
rennes,100000,4971.8374
rennes,100000,4971.848
rennes,100000,4971.8647
rennes,100000,4971.875
rennes,100000,4971.886
rennes,100000,4994.896
rennes,100000,4994.915
rennes,100000,4994.922
rennes,100000,4994.927
rennes,100000,4994.955
rennes,100000,4994.964
rennes,100000,4994.9688
rennes,100000,4994.9736
rennes,100000,4994.979
rennes,100000,5018.2734
rennes,100000,5018.311
rennes,100000,5018.324
rennes,100000,5018.3354
rennes,100000,5018.346
rennes,100000,5018.357
rennes,100000,5018.3687
rennes,100000,5018.3794
rennes,100000,5018.3896
rennes,100000,5041.383
rennes,100000,5041.4033
rennes,100000,5041.41
rennes,100000,5041.415
rennes,100000,5041.42
rennes,100000,5041.4253
rennes,100000,5041.431
rennes,100000,5041.4355
rennes,100000,5041.441
rennes,100000,5064.5283
rennes,100000,5064.566
rennes,100000,5064.621
rennes,100000,5064.637
rennes,100000,5064.648
rennes,100000,5064.659
rennes,100000,4884.552
rennes,100000,4884.586
rennes,100000,4884.598
rennes,100000,4884.62
rennes,100000,4884.6313
rennes,100000,4884.6416
rennes,100000,4884.6567
rennes,100000,4884.6665
rennes,100000,4884.677
rennes,100000,4907.74
rennes,100000,4907.778
rennes,100000,4907.7964
rennes,100000,4907.8022
rennes,100000,4907.8066
rennes,100000,4907.811
rennes,100000,4907.817
rennes,100000,4907.8213
rennes,100000,4907.826
rennes,100000,4930.6206
rennes,100000,4930.6704
rennes,100000,4930.6772
rennes,100000,4930.682
rennes,100000,4930.6895
rennes,100000,4930.6943
rennes,100000,4930.7256
rennes,100000,4930.7334
rennes,100000,4930.741
rennes,100000,4953.6626
rennes,100000,4953.6978
rennes,100000,4953.721
rennes,100000,4953.731
rennes,100000,4953.741
rennes,100000,4953.756
rennes,100000,4953.7656
rennes,100000,4953.7754
rennes,100000,4953.8027
rennes,100000,4976.4976
rennes,100000,4976.5327
rennes,100000,4976.5454
rennes,100000,4976.567
rennes,100000,4976.5767
rennes,100000,4976.5864
rennes,100000,4976.601
rennes,100000,4976.612
rennes,100000,4976.6216
rennes,100000,4999.656
rennes,100000,4999.6743
rennes,100000,4999.6807
rennes,100000,4999.685
rennes,100000,4999.714
rennes,100000,4999.7217
rennes,100000,4999.7256
rennes,100000,4999.7305
rennes,100000,4999.736
rennes,100000,5023.016
rennes,100000,5023.052
rennes,100000,5023.064
rennes,100000,5023.074
rennes,100000,5023.0835
rennes,100000,5023.0938
rennes,100000,5023.105
rennes,100000,5023.115
rennes,100000,5023.125
rennes,100000,5046.1216
rennes,100000,5046.141
rennes,100000,5046.147
rennes,100000,5046.152
rennes,100000,5046.1562
rennes,100000,5046.1606
rennes,100000,5046.1655
rennes,100000,5046.171
rennes,100000,5046.1753
rennes,100000,5069.272
rennes,100000,5069.3076
rennes,100000,5069.3623
rennes,100000,5069.376
rennes,100000,5069.386
rennes,100000,5069.396
rennes,100000,4912.506
rennes,100000,4912.565
rennes,100000,4912.5767
rennes,100000,4912.5864
rennes,100000,4912.5947
rennes,100000,4912.617
rennes,100000,4912.6265
rennes,100000,4912.6353
rennes,100000,4912.644
rennes,100000,4935.3804
rennes,100000,4935.441
rennes,100000,4935.4536
rennes,100000,4935.4634
rennes,100000,4935.48
rennes,100000,4935.4907
rennes,100000,4935.545
rennes,100000,4935.5586
rennes,100000,4935.5747
rennes,100000,4958.424
rennes,100000,4958.47
rennes,100000,4958.5083
rennes,100000,4958.529
rennes,100000,4958.5474
rennes,100000,4958.5767
rennes,100000,4958.5947
rennes,100000,4958.614
rennes,100000,4958.6567
rennes,100000,4981.2554
rennes,100000,4981.302
rennes,100000,4981.324
rennes,100000,4981.3584
rennes,100000,4981.3774
rennes,100000,4981.396
rennes,100000,4981.425
rennes,100000,4981.4443
rennes,100000,4981.463
rennes,100000,5004.4
rennes,100000,5004.4243
rennes,100000,5004.4355
rennes,100000,5004.445
rennes,100000,5004.4854
rennes,100000,5004.4976
rennes,100000,5004.507
rennes,100000,5004.516
rennes,100000,5004.5254
rennes,100000,5027.775
rennes,100000,5027.8213
rennes,100000,5027.844
rennes,100000,5027.864
rennes,100000,5027.883
rennes,100000,5027.9033
rennes,100000,5027.921
rennes,100000,5027.94
rennes,100000,5027.9653
rennes,100000,5050.8877
rennes,100000,5050.9126
rennes,100000,5050.924
rennes,100000,5050.933
rennes,100000,5050.9424
rennes,100000,5050.951
rennes,100000,5050.9604
rennes,100000,5050.9688
rennes,100000,5050.9775
rennes,100000,5074.03
rennes,100000,5074.076
rennes,100000,5074.1543
rennes,100000,5074.179
rennes,100000,5074.198
rennes,100000,5074.218
lyon,100000,5185.314
lyon,100000,5185.361
lyon,100000,5185.373
lyon,100000,5185.383
lyon,100000,5185.392
lyon,100000,5185.4023
lyon,100000,5185.412
lyon,100000,5185.4214
lyon,100000,5185.4307
lyon,100000,5208.4233
lyon,100000,5208.4517
lyon,100000,5208.4585
lyon,100000,5208.4634
lyon,100000,5208.4717
lyon,100000,5208.4775
lyon,100000,5208.5103
lyon,100000,5208.518
lyon,100000,5208.5283
lyon,100000,5231.4604
lyon,100000,5231.4976
lyon,100000,5231.52
lyon,100000,5231.5303
lyon,100000,5231.539
lyon,100000,5231.5547
lyon,100000,5231.564
lyon,100000,5231.573
lyon,100000,5231.5996
lyon,100000,5254.4414
lyon,100000,5254.4634
lyon,100000,5254.469
lyon,100000,5254.4814
lyon,100000,5254.4863
lyon,100000,5254.492
lyon,100000,5254.5005
lyon,100000,5254.5054
lyon,100000,5254.51
lyon,100000,5277.457
lyon,100000,5277.476
lyon,100000,5277.4814
lyon,100000,5277.4863
lyon,100000,5277.5127
lyon,100000,5277.5186
lyon,100000,5277.523
lyon,100000,5277.528
lyon,100000,5277.5327
lyon,100000,5300.5225
lyon,100000,5300.5557
lyon,100000,5300.5674
lyon,100000,5300.577
lyon,100000,5300.5864
lyon,100000,5300.595
lyon,100000,5300.606
lyon,100000,5300.615
lyon,100000,5300.6255
lyon,100000,5323.507
lyon,100000,5323.526
lyon,100000,5323.5317
lyon,100000,5323.5366
lyon,100000,5323.542
lyon,100000,5323.547
lyon,100000,5323.5513
lyon,100000,5323.556
lyon,100000,5323.5605
lyon,100000,5346.545
lyon,100000,5346.5635
lyon,100000,5346.592
lyon,100000,5346.5977
lyon,100000,5346.603
lyon,100000,5346.6074
nancy,100000,5235.559
nancy,100000,5235.6
nancy,100000,5235.6133
nancy,100000,5235.635
nancy,100000,5235.6455
nancy,100000,5235.655
nancy,100000,5235.67
nancy,100000,5235.6807
nancy,100000,5235.691
nancy,100000,5258.3687
nancy,100000,5258.422
nancy,100000,5258.4355
nancy,100000,5258.446
nancy,100000,5258.456
nancy,100000,5258.467
nancy,100000,5258.4766
nancy,100000,5258.487
nancy,100000,5258.498
nancy,100000,5281.484
nancy,100000,5281.538
nancy,100000,5281.5522
nancy,100000,5281.5625
nancy,100000,5281.577
nancy,100000,5281.587
nancy,100000,5281.636
nancy,100000,5281.647
nancy,100000,5281.662
nancy,100000,5304.501
nancy,100000,5304.544
nancy,100000,5304.5684
nancy,100000,5304.5796
nancy,100000,5304.59
nancy,100000,5304.604
nancy,100000,5304.6143
nancy,100000,5304.624
nancy,100000,5304.6494
nancy,100000,5327.4863
nancy,100000,5327.506
nancy,100000,5327.512
nancy,100000,5327.528
nancy,100000,5327.5317
nancy,100000,5327.5347
nancy,100000,5327.539
nancy,100000,5327.5425
nancy,100000,5327.5454
nancy,100000,5350.5522
nancy,100000,5350.5947
nancy,100000,5350.6084
nancy,100000,5350.6187
nancy,100000,5350.67
nancy,100000,5350.682
nancy,100000,5350.693
nancy,100000,5350.703
nancy,100000,5350.7144
nancy,100000,5373.6357
nancy,100000,5373.6807
nancy,100000,5373.6953
nancy,100000,5373.7065
nancy,100000,5373.717
nancy,100000,5373.7275
nancy,100000,5373.7383
nancy,100000,5373.748
nancy,100000,5373.759
nancy,100000,5396.6006
nancy,100000,5396.6445
nancy,100000,5396.6577
nancy,100000,5396.6685
nancy,100000,5396.6787
nancy,100000,5396.689
nancy,100000,5396.6997
nancy,100000,5396.7104
nancy,100000,5396.7217
nancy,100000,5419.6167
nancy,100000,5419.66
nancy,100000,5419.717
nancy,100000,5419.7295
nancy,100000,5419.7397
nancy,100000,5419.7505
rennes,100000,4946.8364
rennes,100000,4946.858
rennes,100000,4946.8643
rennes,100000,4946.877
rennes,100000,4946.8833
rennes,100000,4946.8887
rennes,100000,4946.8965
rennes,100000,4946.902
rennes,100000,4946.907
rennes,100000,4969.6665
rennes,100000,4969.714
rennes,100000,4969.7275
rennes,100000,4969.738
rennes,100000,4969.748
rennes,100000,4969.7573
rennes,100000,4969.7676
rennes,100000,4969.7773
rennes,100000,4969.7876
rennes,100000,4992.812
rennes,100000,4992.84
rennes,100000,4992.8467
rennes,100000,4992.8516
rennes,100000,4992.86
rennes,100000,4992.8647
rennes,100000,4992.892
rennes,100000,4992.8994
rennes,100000,4992.9106
rennes,100000,5015.8687
rennes,100000,5015.89
rennes,100000,5015.903
rennes,100000,5015.908
rennes,100000,5015.913
rennes,100000,5015.9204
rennes,100000,5015.926
rennes,100000,5015.93
rennes,100000,5015.945
rennes,100000,5038.8423
rennes,100000,5038.8633
rennes,100000,5038.869
rennes,100000,5038.8813
rennes,100000,5038.8867
rennes,100000,5038.8906
rennes,100000,5038.899
rennes,100000,5038.904
rennes,100000,5038.908
rennes,100000,5061.8823
rennes,100000,5061.9194
rennes,100000,5061.9316
rennes,100000,5061.9424
rennes,100000,5061.992
rennes,100000,5062.005
rennes,100000,5062.015
rennes,100000,5062.0244
rennes,100000,5062.0347
rennes,100000,5084.9814
rennes,100000,5085.017
rennes,100000,5085.0303
rennes,100000,5085.0405
rennes,100000,5085.0503
rennes,100000,5085.0605
rennes,100000,5085.0703
rennes,100000,5085.08
rennes,100000,5085.0903
rennes,100000,5107.9487
rennes,100000,5107.988
rennes,100000,5107.995
rennes,100000,5108.0005
rennes,100000,5108.005
rennes,100000,5108.01
rennes,100000,5108.0146
rennes,100000,5108.019
rennes,100000,5108.0234
rennes,100000,5130.97
rennes,100000,5131.0073
rennes,100000,5131.0596
rennes,100000,5131.074
rennes,100000,5131.0845
rennes,100000,5131.094
rennes,100000,5145.064
rennes,100000,5145.0845
rennes,100000,5145.091
rennes,100000,5145.1025
rennes,100000,5145.1084
rennes,100000,5145.113
rennes,100000,5145.121
rennes,100000,5145.126
rennes,100000,5145.1313
rennes,100000,5167.9385
rennes,100000,5167.984
rennes,100000,5167.997
rennes,100000,5168.007
rennes,100000,5168.017
rennes,100000,5168.027
rennes,100000,5168.0376
rennes,100000,5168.0474
rennes,100000,5168.0576
rennes,100000,5191.109
rennes,100000,5191.1553
rennes,100000,5191.1685
rennes,100000,5191.178
rennes,100000,5191.1924
rennes,100000,5191.2026
rennes,100000,5191.213
rennes,100000,5191.2627
rennes,100000,5191.281
rennes,100000,5214.1357
rennes,100000,5214.172
rennes,100000,5214.1953
rennes,100000,5214.205
rennes,100000,5214.215
rennes,100000,5214.2295
rennes,100000,5214.2397
rennes,100000,5214.2495
rennes,100000,5214.276
rennes,100000,5237.1123
rennes,100000,5237.1484
rennes,100000,5237.1606
rennes,100000,5237.1816
rennes,100000,5237.192
rennes,100000,5237.2017
rennes,100000,5237.221
rennes,100000,5237.2417
rennes,100000,5237.2476
rennes,100000,5260.1694
rennes,100000,5260.214
rennes,100000,5260.22
rennes,100000,5260.225
rennes,100000,5260.2554
rennes,100000,5260.2637
rennes,100000,5260.268
rennes,100000,5260.273
rennes,100000,5260.2783
rennes,100000,5283.283
rennes,100000,5283.3145
rennes,100000,5283.3213
rennes,100000,5283.3267
rennes,100000,5283.3315
rennes,100000,5283.3364
rennes,100000,5283.3423
rennes,100000,5283.347
rennes,100000,5283.3525
rennes,100000,5306.2275
rennes,100000,5306.248
rennes,100000,5306.255
rennes,100000,5306.26
rennes,100000,5306.264
rennes,100000,5306.269
rennes,100000,5306.2744
rennes,100000,5306.2793
rennes,100000,5306.284
rennes,100000,5329.2573
rennes,100000,5329.2935
rennes,100000,5329.3477
rennes,100000,5329.361
rennes,100000,5329.371
rennes,100000,5329.3813
rennes,100000,5172.9243
rennes,100000,5172.9697
rennes,100000,5172.9834
rennes,100000,5172.994
rennes,100000,5173.004
rennes,100000,5173.0137
rennes,100000,5173.024
rennes,100000,5173.033
rennes,100000,5173.043
rennes,100000,5196.0957
rennes,100000,5196.142
rennes,100000,5196.156
rennes,100000,5196.1665
rennes,100000,5196.182
rennes,100000,5196.1924
rennes,100000,5196.2363
rennes,100000,5196.2485
rennes,100000,5196.264
rennes,100000,5219.1216
rennes,100000,5219.1577
rennes,100000,5219.1816
rennes,100000,5219.192
rennes,100000,5219.2017
rennes,100000,5219.2163
rennes,100000,5219.2285
rennes,100000,5219.2383
rennes,100000,5219.267
rennes,100000,5242.098
rennes,100000,5242.1343
rennes,100000,5242.147
rennes,100000,5242.169
rennes,100000,5242.1787
rennes,100000,5242.1885
rennes,100000,5242.207
rennes,100000,5242.2173
rennes,100000,5242.227
rennes,100000,5265.1626
rennes,100000,5265.199
rennes,100000,5265.225
rennes,100000,5265.2324
rennes,100000,5265.27
rennes,100000,5265.2773
rennes,100000,5265.282
rennes,100000,5265.287
rennes,100000,5265.2915
rennes,100000,5288.2886
rennes,100000,5288.309
rennes,100000,5288.3267
rennes,100000,5288.3335
rennes,100000,5288.339
rennes,100000,5288.3433
rennes,100000,5288.348
rennes,100000,5288.353
rennes,100000,5288.358
rennes,100000,5311.229
rennes,100000,5311.2505
rennes,100000,5311.2573
rennes,100000,5311.263
rennes,100000,5311.268
rennes,100000,5311.2725
rennes,100000,5311.2773
rennes,100000,5311.282
rennes,100000,5311.2866
rennes,100000,5334.2466
rennes,100000,5334.2827
rennes,100000,5334.335
rennes,100000,5334.348
rennes,100000,5334.3584
rennes,100000,5334.368
rennes,100000,5154.581
rennes,100000,5154.6
rennes,100000,5154.6064
rennes,100000,5154.6177
rennes,100000,5154.6226
rennes,100000,5154.6274
rennes,100000,5154.635
rennes,100000,5154.64
rennes,100000,5154.645
rennes,100000,5177.4473
rennes,100000,5177.493
rennes,100000,5177.5063
rennes,100000,5177.516
rennes,100000,5177.5254
rennes,100000,5177.5366
rennes,100000,5177.5464
rennes,100000,5177.556
rennes,100000,5177.566
rennes,100000,5200.6245
rennes,100000,5200.6704
rennes,100000,5200.683
rennes,100000,5200.6934
rennes,100000,5200.708
rennes,100000,5200.718
rennes,100000,5200.7676
rennes,100000,5200.7803
rennes,100000,5200.7954
rennes,100000,5223.652
rennes,100000,5223.687
rennes,100000,5223.7104
rennes,100000,5223.7207
rennes,100000,5223.73
rennes,100000,5223.7446
rennes,100000,5223.755
rennes,100000,5223.7646
rennes,100000,5223.79
rennes,100000,5246.6206
rennes,100000,5246.656
rennes,100000,5246.668
rennes,100000,5246.69
rennes,100000,5246.6997
rennes,100000,5246.7095
rennes,100000,5246.729
rennes,100000,5246.739
rennes,100000,5246.7593
rennes,100000,5269.6865
rennes,100000,5269.732
rennes,100000,5269.7393
rennes,100000,5269.744
rennes,100000,5269.7744
rennes,100000,5269.7817
rennes,100000,5269.7866
rennes,100000,5269.7915
rennes,100000,5269.7964
rennes,100000,5292.8003
rennes,100000,5292.8335
rennes,100000,5292.841
rennes,100000,5292.8457
rennes,100000,5292.8506
rennes,100000,5292.855
rennes,100000,5292.861
rennes,100000,5292.8657
rennes,100000,5292.8706
rennes,100000,5315.7446
rennes,100000,5315.7646
rennes,100000,5315.7705
rennes,100000,5315.7754
rennes,100000,5315.7803
rennes,100000,5315.785
rennes,100000,5315.7905
rennes,100000,5315.795
rennes,100000,5315.8
rennes,100000,5338.7754
rennes,100000,5338.813
rennes,100000,5338.865
rennes,100000,5338.8784
rennes,100000,5338.8887
rennes,100000,5338.8984
rennes,100000,5182.6646
rennes,100000,5182.7114
rennes,100000,5182.7246
rennes,100000,5182.7344
rennes,100000,5182.744
rennes,100000,5182.7544
rennes,100000,5182.7646
rennes,100000,5182.774
rennes,100000,5182.7837
rennes,100000,5205.842
rennes,100000,5205.887
rennes,100000,5205.9014
rennes,100000,5205.912
rennes,100000,5205.926
rennes,100000,5205.9355
rennes,100000,5205.9893
rennes,100000,5206.0024
rennes,100000,5206.0176
rennes,100000,5228.8687
rennes,100000,5228.9043
rennes,100000,5228.9272
rennes,100000,5228.937
rennes,100000,5228.947
rennes,100000,5228.961
rennes,100000,5228.9717
rennes,100000,5228.981
rennes,100000,5229.009
rennes,100000,5251.838
rennes,100000,5251.8735
rennes,100000,5251.886
rennes,100000,5251.9067
rennes,100000,5251.9165
rennes,100000,5251.927
rennes,100000,5251.9414
rennes,100000,5251.9507
rennes,100000,5251.974
rennes,100000,5274.9033
rennes,100000,5274.9487
rennes,100000,5274.9556
rennes,100000,5274.9604
rennes,100000,5274.99
rennes,100000,5274.9976
rennes,100000,5275.002
rennes,100000,5275.007
rennes,100000,5275.0117
rennes,100000,5298.015
rennes,100000,5298.0444
rennes,100000,5298.0522
rennes,100000,5298.057
rennes,100000,5298.062
rennes,100000,5298.067
rennes,100000,5298.072
rennes,100000,5298.0767
rennes,100000,5298.0815
rennes,100000,5320.962
rennes,100000,5320.9824
rennes,100000,5320.989
rennes,100000,5320.9937
rennes,100000,5320.998
rennes,100000,5321.0034
rennes,100000,5321.009
rennes,100000,5321.0137
rennes,100000,5321.0176
rennes,100000,5343.991
rennes,100000,5344.027
rennes,100000,5344.08
rennes,100000,5344.0923
rennes,100000,5344.1025
rennes,100000,5344.1123
rennes,100000,5187.3496
rennes,100000,5187.3945
rennes,100000,5187.407
rennes,100000,5187.417
rennes,100000,5187.4272
rennes,100000,5187.437
rennes,100000,5187.447
rennes,100000,5187.456
rennes,100000,5187.4663
rennes,100000,5210.524
rennes,100000,5210.571
rennes,100000,5210.5835
rennes,100000,5210.5938
rennes,100000,5210.609
rennes,100000,5210.62
rennes,100000,5210.6675
rennes,100000,5210.6807
rennes,100000,5210.697
rennes,100000,5233.549
rennes,100000,5233.5845
rennes,100000,5233.608
rennes,100000,5233.6177
rennes,100000,5233.6274
rennes,100000,5233.6426
rennes,100000,5233.653
rennes,100000,5233.662
rennes,100000,5233.6885
rennes,100000,5256.524
rennes,100000,5256.5615
rennes,100000,5256.5737
rennes,100000,5256.5947
rennes,100000,5256.604
rennes,100000,5256.6147
rennes,100000,5256.629
rennes,100000,5256.6387
rennes,100000,5256.648
rennes,100000,5279.591
rennes,100000,5279.638
rennes,100000,5279.646
rennes,100000,5279.651
rennes,100000,5279.6914
rennes,100000,5279.699
rennes,100000,5279.704
rennes,100000,5279.7085
rennes,100000,5279.7134
rennes,100000,5302.705
rennes,100000,5302.725
rennes,100000,5302.7427
rennes,100000,5302.748
rennes,100000,5302.7524
rennes,100000,5302.758
rennes,100000,5302.7627
rennes,100000,5302.767
rennes,100000,5302.772
rennes,100000,5325.6494
rennes,100000,5325.6704
rennes,100000,5325.6763
rennes,100000,5325.6816
rennes,100000,5325.686
rennes,100000,5325.6914
rennes,100000,5325.696
rennes,100000,5325.7007
rennes,100000,5325.705
rennes,100000,5348.673
rennes,100000,5348.7085
rennes,100000,5348.7603
rennes,100000,5348.773
rennes,100000,5348.783
rennes,100000,5348.793
nantes,100000,5131.3174
nantes,100000,5131.3447
nantes,100000,5131.352
nantes,100000,5131.357
nantes,100000,5131.362
nantes,100000,5131.3667
nantes,100000,5131.372
nantes,100000,5131.3774
nantes,100000,5131.3823
nantes,100000,5154.4854
nantes,100000,5154.5317
nantes,100000,5154.544
nantes,100000,5154.553
nantes,100000,5154.569
nantes,100000,5154.5786
nantes,100000,5154.6494
nantes,100000,5154.6577
nantes,100000,5154.668
nantes,100000,5177.4863
nantes,100000,5177.507
nantes,100000,5177.5215
nantes,100000,5177.527
nantes,100000,5177.532
nantes,100000,5177.541
nantes,100000,5177.5454
nantes,100000,5177.551
nantes,100000,5177.5664
nantes,100000,5200.5156
nantes,100000,5200.5527
nantes,100000,5200.565
nantes,100000,5200.5854
nantes,100000,5200.595
nantes,100000,5200.6045
nantes,100000,5200.619
nantes,100000,5200.629
nantes,100000,5200.638
nantes,100000,5223.4863
nantes,100000,5223.5063
nantes,100000,5223.513
nantes,100000,5223.5186
nantes,100000,5223.554
nantes,100000,5223.5615
nantes,100000,5223.567
nantes,100000,5223.572
nantes,100000,5223.5776
nantes,100000,5246.661
nantes,100000,5246.696
nantes,100000,5246.7085
nantes,100000,5246.7183
nantes,100000,5246.728
nantes,100000,5246.737
nantes,100000,5246.7466
nantes,100000,5246.757
nantes,100000,5246.7666
nantes,100000,5269.613
nantes,100000,5269.6494
nantes,100000,5269.661
nantes,100000,5269.671
nantes,100000,5269.68
nantes,100000,5269.6895
nantes,100000,5269.699
nantes,100000,5269.709
nantes,100000,5269.7183
nantes,100000,5292.627
nantes,100000,5292.648
nantes,100000,5292.6816
nantes,100000,5292.6895
nantes,100000,5292.6943
nantes,100000,5292.6997
nantes,100000,5114.8174
nantes,100000,5114.851
nantes,100000,5114.8633
nantes,100000,5114.885
nantes,100000,5114.8955
nantes,100000,5114.9053
nantes,100000,5114.9336
nantes,100000,5114.939
nantes,100000,5114.944
nantes,100000,5137.62
nantes,100000,5137.649
nantes,100000,5137.6562
nantes,100000,5137.6616
nantes,100000,5137.666
nantes,100000,5137.6714
nantes,100000,5137.677
nantes,100000,5137.6816
nantes,100000,5137.687
nantes,100000,5160.7856
nantes,100000,5160.834
nantes,100000,5160.847
nantes,100000,5160.8564
nantes,100000,5160.8706
nantes,100000,5160.8804
nantes,100000,5160.9297
nantes,100000,5160.9536
nantes,100000,5160.963
nantes,100000,5183.788
nantes,100000,5183.8105
nantes,100000,5183.825
nantes,100000,5183.8306
nantes,100000,5183.836
nantes,100000,5183.8447
nantes,100000,5183.8496
nantes,100000,5183.855
nantes,100000,5183.8745
nantes,100000,5206.8184
nantes,100000,5206.854
nantes,100000,5206.8657
nantes,100000,5206.8867
nantes,100000,5206.8965
nantes,100000,5206.906
nantes,100000,5206.9204
nantes,100000,5206.9307
nantes,100000,5206.94
nantes,100000,5229.7886
nantes,100000,5229.8105
nantes,100000,5229.818
nantes,100000,5229.823
nantes,100000,5229.854
nantes,100000,5229.8613
nantes,100000,5229.8667
nantes,100000,5229.871
nantes,100000,5229.877
nantes,100000,5252.9624
nantes,100000,5252.998
nantes,100000,5253.0103
nantes,100000,5253.021
nantes,100000,5253.03
nantes,100000,5253.04
nantes,100000,5253.0493
nantes,100000,5253.06
nantes,100000,5253.069
nantes,100000,5275.914
nantes,100000,5275.949
nantes,100000,5275.9614
nantes,100000,5275.971
nantes,100000,5275.981
nantes,100000,5275.99
nantes,100000,5276.0
nantes,100000,5276.0103
nantes,100000,5276.0195
nantes,100000,5298.929
nantes,100000,5298.9517
nantes,100000,5298.9854
nantes,100000,5298.9927
nantes,100000,5298.998
nantes,100000,5299.003
nantes,100000,5142.475
nantes,100000,5142.5024
nantes,100000,5142.5093
nantes,100000,5142.5146
nantes,100000,5142.52
nantes,100000,5142.526
nantes,100000,5142.5303
nantes,100000,5142.536
nantes,100000,5142.541
nantes,100000,5165.6416
nantes,100000,5165.689
nantes,100000,5165.7017
nantes,100000,5165.7114
nantes,100000,5165.7256
nantes,100000,5165.736
nantes,100000,5165.8086
nantes,100000,5165.8174
nantes,100000,5165.8257
nantes,100000,5188.643
nantes,100000,5188.6646
nantes,100000,5188.6787
nantes,100000,5188.6846
nantes,100000,5188.6895
nantes,100000,5188.6973
nantes,100000,5188.7026
nantes,100000,5188.7085
nantes,100000,5188.7236
nantes,100000,5211.6724
nantes,100000,5211.7075
nantes,100000,5211.7207
nantes,100000,5211.7407
nantes,100000,5211.7505
nantes,100000,5211.7607
nantes,100000,5211.7754
nantes,100000,5211.7847
nantes,100000,5211.7944
nantes,100000,5234.644
nantes,100000,5234.666
nantes,100000,5234.673
nantes,100000,5234.678
nantes,100000,5234.711
nantes,100000,5234.7183
nantes,100000,5234.723
nantes,100000,5234.7285
nantes,100000,5234.734
nantes,100000,5257.8184
nantes,100000,5257.855
nantes,100000,5257.868
nantes,100000,5257.8784
nantes,100000,5257.8877
nantes,100000,5257.8975
nantes,100000,5257.907
nantes,100000,5257.918
nantes,100000,5257.9434
nantes,100000,5280.769
nantes,100000,5280.806
nantes,100000,5280.819
nantes,100000,5280.829
nantes,100000,5280.839
nantes,100000,5280.8486
nantes,100000,5280.8584
nantes,100000,5280.8687
nantes,100000,5280.8784
nantes,100000,5303.783
nantes,100000,5303.8047
nantes,100000,5303.84
nantes,100000,5303.8477
nantes,100000,5303.853
nantes,100000,5303.859
nantes,100000,5126.783
nantes,100000,5126.819
nantes,100000,5126.831
nantes,100000,5126.852
nantes,100000,5126.8623
nantes,100000,5126.873
nantes,100000,5126.9014
nantes,100000,5126.9067
nantes,100000,5126.9126
nantes,100000,5149.5864
nantes,100000,5149.614
nantes,100000,5149.621
nantes,100000,5149.6265
nantes,100000,5149.631
nantes,100000,5149.636
nantes,100000,5149.6416
nantes,100000,5149.647
nantes,100000,5149.652
nantes,100000,5172.753
nantes,100000,5172.8003
nantes,100000,5172.8135
nantes,100000,5172.8228
nantes,100000,5172.8384
nantes,100000,5172.848
nantes,100000,5172.9185
nantes,100000,5172.9272
nantes,100000,5172.937
nantes,100000,5195.7554
nantes,100000,5195.7764
nantes,100000,5195.791
nantes,100000,5195.797
nantes,100000,5195.802
nantes,100000,5195.8105
nantes,100000,5195.8154
nantes,100000,5195.821
nantes,100000,5195.8374
nantes,100000,5218.7847
nantes,100000,5218.8203
nantes,100000,5218.832
nantes,100000,5218.8535
nantes,100000,5218.863
nantes,100000,5218.8726
nantes,100000,5218.887
nantes,100000,5218.8975
nantes,100000,5218.9067
nantes,100000,5241.7554
nantes,100000,5241.776
nantes,100000,5241.7827
nantes,100000,5241.788
nantes,100000,5241.82
nantes,100000,5241.827
nantes,100000,5241.8315
nantes,100000,5241.837
nantes,100000,5241.8423
nantes,100000,5264.93
nantes,100000,5264.965
nantes,100000,5264.9775
nantes,100000,5264.9873
nantes,100000,5264.997
nantes,100000,5265.0063
nantes,100000,5265.016
nantes,100000,5265.0264
nantes,100000,5265.036
nantes,100000,5287.882
nantes,100000,5287.9185
nantes,100000,5287.9307
nantes,100000,5287.9404
nantes,100000,5287.9497
nantes,100000,5287.959
nantes,100000,5287.9688
nantes,100000,5287.9775
nantes,100000,5287.989
nantes,100000,5310.896
nantes,100000,5310.917
nantes,100000,5310.9517
nantes,100000,5310.959
nantes,100000,5310.964
nantes,100000,5310.969
lyon,100000,5191.5645
lyon,100000,5191.609
lyon,100000,5191.6216
lyon,100000,5191.6313
lyon,100000,5191.6406
lyon,100000,5191.6504
lyon,100000,5191.6606
lyon,100000,5191.6694
lyon,100000,5191.679
lyon,100000,5214.6646
lyon,100000,5214.6924
lyon,100000,5214.699
lyon,100000,5214.7046
lyon,100000,5214.713
lyon,100000,5214.718
lyon,100000,5214.7534
lyon,100000,5214.761
lyon,100000,5214.7705
lyon,100000,5237.7017
lyon,100000,5237.7373
lyon,100000,5237.7603
lyon,100000,5237.7695
lyon,100000,5237.779
lyon,100000,5237.7935
lyon,100000,5237.803
lyon,100000,5237.812
lyon,100000,5237.838
lyon,100000,5260.683
lyon,100000,5260.7036
lyon,100000,5260.7104
lyon,100000,5260.7227
lyon,100000,5260.7275
lyon,100000,5260.7324
lyon,100000,5260.7407
lyon,100000,5260.746
lyon,100000,5260.7505
lyon,100000,5283.6987
lyon,100000,5283.717
lyon,100000,5283.7227
lyon,100000,5283.7275
lyon,100000,5283.753
lyon,100000,5283.7593
lyon,100000,5283.7637
lyon,100000,5283.7686
lyon,100000,5283.773
lyon,100000,5306.7627
lyon,100000,5306.797
lyon,100000,5306.809
lyon,100000,5306.8184
lyon,100000,5306.8276
lyon,100000,5306.8364
lyon,100000,5306.8457
lyon,100000,5306.8555
lyon,100000,5306.8647
lyon,100000,5329.7476
lyon,100000,5329.765
lyon,100000,5329.7715
lyon,100000,5329.7764
lyon,100000,5329.781
lyon,100000,5329.7856
lyon,100000,5329.7905
lyon,100000,5329.795
lyon,100000,5329.8
lyon,100000,5352.7856
lyon,100000,5352.803
lyon,100000,5352.83
lyon,100000,5352.836
lyon,100000,5352.841
lyon,100000,5352.8457
nantes,100000,5132.5405
nantes,100000,5132.5767
nantes,100000,5132.59
nantes,100000,5132.6123
nantes,100000,5132.6235
nantes,100000,5132.635
nantes,100000,5132.6514
nantes,100000,5132.676
nantes,100000,5132.6816
nantes,100000,5155.3535
nantes,100000,5155.3833
nantes,100000,5155.3906
nantes,100000,5155.397
nantes,100000,5155.4033
nantes,100000,5155.4087
nantes,100000,5155.4155
nantes,100000,5155.4224
nantes,100000,5155.4277
nantes,100000,5178.5093
nantes,100000,5178.5586
nantes,100000,5178.5728
nantes,100000,5178.5835
nantes,100000,5178.6
nantes,100000,5178.612
nantes,100000,5178.667
nantes,100000,5178.695
nantes,100000,5178.705
nantes,100000,5201.522
nantes,100000,5201.545
nantes,100000,5201.5596
nantes,100000,5201.5664
nantes,100000,5201.572
nantes,100000,5201.5815
nantes,100000,5201.5884
nantes,100000,5201.5938
nantes,100000,5201.61
nantes,100000,5224.5527
nantes,100000,5224.589
nantes,100000,5224.602
nantes,100000,5224.624
nantes,100000,5224.6357
nantes,100000,5224.6465
nantes,100000,5224.663
nantes,100000,5224.675
nantes,100000,5224.686
nantes,100000,5247.5234
nantes,100000,5247.546
nantes,100000,5247.5537
nantes,100000,5247.56
nantes,100000,5247.592
nantes,100000,5247.601
nantes,100000,5247.6074
nantes,100000,5247.613
nantes,100000,5247.6196
nantes,100000,5270.686
nantes,100000,5270.7217
nantes,100000,5270.7363
nantes,100000,5270.7485
nantes,100000,5270.7607
nantes,100000,5270.773
nantes,100000,5270.7847
nantes,100000,5270.797
nantes,100000,5270.8086
nantes,100000,5293.638
nantes,100000,5293.676
nantes,100000,5293.6904
nantes,100000,5293.702
nantes,100000,5293.7134
nantes,100000,5293.7256
nantes,100000,5293.738
nantes,100000,5293.7495
nantes,100000,5293.761
nantes,100000,5316.6626
nantes,100000,5316.6855
nantes,100000,5316.7197
nantes,100000,5316.7285
nantes,100000,5316.735
nantes,100000,5316.7417
nantes,100000,5103.4033
nantes,100000,5103.4307
nantes,100000,5103.4375
nantes,100000,5103.4434
nantes,100000,5103.4478
nantes,100000,5103.453
nantes,100000,5103.4585
nantes,100000,5103.4644
nantes,100000,5103.469
nantes,100000,5126.5425
nantes,100000,5126.589
nantes,100000,5126.614
nantes,100000,5126.6187
nantes,100000,5126.6274
nantes,100000,5126.633
nantes,100000,5126.6377
nantes,100000,5126.687
nantes,100000,5126.6973
nantes,100000,5149.541
nantes,100000,5149.576
nantes,100000,5149.599
nantes,100000,5149.609
nantes,100000,5149.618
nantes,100000,5149.633
nantes,100000,5149.643
nantes,100000,5149.6523
nantes,100000,5149.689
nantes,100000,5172.578
nantes,100000,5172.599
nantes,100000,5172.606
nantes,100000,5172.6187
nantes,100000,5172.624
nantes,100000,5172.6294
nantes,100000,5172.6377
nantes,100000,5172.6436
nantes,100000,5172.6484
nantes,100000,5195.562
nantes,100000,5195.596
nantes,100000,5195.6084
nantes,100000,5195.619
nantes,100000,5195.684
nantes,100000,5195.697
nantes,100000,5195.7075
nantes,100000,5195.717
nantes,100000,5195.743
nantes,100000,5218.6787
nantes,100000,5218.7163
nantes,100000,5218.7285
nantes,100000,5218.739
nantes,100000,5218.748
nantes,100000,5218.7583
nantes,100000,5218.7676
nantes,100000,5218.7773
nantes,100000,5218.7866
nantes,100000,5241.64
nantes,100000,5241.676
nantes,100000,5241.6885
nantes,100000,5241.6978
nantes,100000,5241.7075
nantes,100000,5241.7305
nantes,100000,5241.737
nantes,100000,5241.742
nantes,100000,5241.747
nantes,100000,5264.682
nantes,100000,5264.727
nantes,100000,5264.7603
nantes,100000,5264.768
nantes,100000,5264.773
nantes,100000,5264.7783
nantes,100000,5086.8896
nantes,100000,5086.911
nantes,100000,5086.918
nantes,100000,5086.9316
nantes,100000,5086.9375
nantes,100000,5086.9434
nantes,100000,5086.951
nantes,100000,5086.9746
nantes,100000,5086.982
nantes,100000,5109.7837
nantes,100000,5109.8125
nantes,100000,5109.82
nantes,100000,5109.826
nantes,100000,5109.831
nantes,100000,5109.836
nantes,100000,5109.841
nantes,100000,5109.846
nantes,100000,5109.852
nantes,100000,5132.911
nantes,100000,5132.9575
nantes,100000,5132.97
nantes,100000,5132.9814
nantes,100000,5133.013
nantes,100000,5133.02
nantes,100000,5133.025
nantes,100000,5133.0737
nantes,100000,5133.0854
nantes,100000,5155.9077
nantes,100000,5155.9434
nantes,100000,5155.9663
nantes,100000,5155.9766
nantes,100000,5155.986
nantes,100000,5156.0005
nantes,100000,5156.0103
nantes,100000,5156.019
nantes,100000,5156.0474
nantes,100000,5178.959
nantes,100000,5178.9814
nantes,100000,5178.9873
nantes,100000,5178.9995
nantes,100000,5179.0054
nantes,100000,5179.01
nantes,100000,5179.0186
nantes,100000,5179.024
nantes,100000,5179.0283
nantes,100000,5201.9307
nantes,100000,5201.966
nantes,100000,5201.977
nantes,100000,5201.9883
nantes,100000,5202.052
nantes,100000,5202.0645
nantes,100000,5202.0737
nantes,100000,5202.083
nantes,100000,5202.093
nantes,100000,5225.0474
nantes,100000,5225.0845
nantes,100000,5225.0986
nantes,100000,5225.108
nantes,100000,5225.1177
nantes,100000,5225.127
nantes,100000,5225.136
nantes,100000,5225.146
nantes,100000,5225.155
nantes,100000,5248.0083
nantes,100000,5248.0444
nantes,100000,5248.056
nantes,100000,5248.067
nantes,100000,5248.076
nantes,100000,5248.0854
nantes,100000,5248.0947
nantes,100000,5248.104
nantes,100000,5248.1133
nantes,100000,5271.0527
nantes,100000,5271.088
nantes,100000,5271.143
nantes,100000,5271.1514
nantes,100000,5271.157
nantes,100000,5271.162
nantes,100000,5115.3677
nantes,100000,5115.3955
nantes,100000,5115.403
nantes,100000,5115.4077
nantes,100000,5115.413
nantes,100000,5115.418
nantes,100000,5115.424
nantes,100000,5115.4287
nantes,100000,5115.4336
nantes,100000,5138.5166
nantes,100000,5138.58
nantes,100000,5138.5874
nantes,100000,5138.593
nantes,100000,5138.601
nantes,100000,5138.6064
nantes,100000,5138.629
nantes,100000,5138.6616
nantes,100000,5138.672
nantes,100000,5161.515
nantes,100000,5161.55
nantes,100000,5161.5723
nantes,100000,5161.582
nantes,100000,5161.591
nantes,100000,5161.6055
nantes,100000,5161.615
nantes,100000,5161.6245
nantes,100000,5161.6616
nantes,100000,5184.5444
nantes,100000,5184.5664
nantes,100000,5184.573
nantes,100000,5184.586
nantes,100000,5184.5913
nantes,100000,5184.5967
nantes,100000,5184.605
nantes,100000,5184.6104
nantes,100000,5184.6157
nantes,100000,5207.5347
nantes,100000,5207.5693
nantes,100000,5207.581
nantes,100000,5207.5913
nantes,100000,5207.655
nantes,100000,5207.6675
nantes,100000,5207.677
nantes,100000,5207.6865
nantes,100000,5207.696
nantes,100000,5230.6533
nantes,100000,5230.688
nantes,100000,5230.7007
nantes,100000,5230.71
nantes,100000,5230.7197
nantes,100000,5230.7285
nantes,100000,5230.739
nantes,100000,5230.748
nantes,100000,5230.7573
nantes,100000,5253.6143
nantes,100000,5253.649
nantes,100000,5253.6606
nantes,100000,5253.6704
nantes,100000,5253.679
nantes,100000,5253.7026
nantes,100000,5253.7085
nantes,100000,5253.714
nantes,100000,5253.7188
nantes,100000,5276.656
nantes,100000,5276.6997
nantes,100000,5276.735
nantes,100000,5276.742
nantes,100000,5276.7466
nantes,100000,5276.7524
nantes,100000,5099.251
nantes,100000,5099.2725
nantes,100000,5099.2793
nantes,100000,5099.2925
nantes,100000,5099.298
nantes,100000,5099.3047
nantes,100000,5099.3306
nantes,100000,5099.3364
nantes,100000,5099.3423
nantes,100000,5122.143
nantes,100000,5122.172
nantes,100000,5122.179
nantes,100000,5122.184
nantes,100000,5122.1895
nantes,100000,5122.1953
nantes,100000,5122.2
nantes,100000,5122.205
nantes,100000,5122.2104
nantes,100000,5145.2837
nantes,100000,5145.3286
nantes,100000,5145.341
nantes,100000,5145.3667
nantes,100000,5145.3765
nantes,100000,5145.382
nantes,100000,5145.43
nantes,100000,5145.4375
nantes,100000,5145.4463
nantes,100000,5168.2817
nantes,100000,5168.3164
nantes,100000,5168.339
nantes,100000,5168.3486
nantes,100000,5168.358
nantes,100000,5168.373
nantes,100000,5168.383
nantes,100000,5168.392
nantes,100000,5168.42
nantes,100000,5191.3203
nantes,100000,5191.3423
nantes,100000,5191.349
nantes,100000,5191.3613
nantes,100000,5191.3667
nantes,100000,5191.3726
nantes,100000,5191.3804
nantes,100000,5191.3857
nantes,100000,5191.391
nantes,100000,5214.3022
nantes,100000,5214.3384
nantes,100000,5214.35
nantes,100000,5214.3604
nantes,100000,5214.425
nantes,100000,5214.4385
nantes,100000,5214.4473
nantes,100000,5214.457
nantes,100000,5214.467
nantes,100000,5237.4194
nantes,100000,5237.4546
nantes,100000,5237.4673
nantes,100000,5237.477
nantes,100000,5237.487
nantes,100000,5237.4976
nantes,100000,5237.507
nantes,100000,5237.5166
nantes,100000,5237.526
nantes,100000,5260.382
nantes,100000,5260.417
nantes,100000,5260.4287
nantes,100000,5260.4385
nantes,100000,5260.4478
nantes,100000,5260.4585
nantes,100000,5260.468
nantes,100000,5260.49
nantes,100000,5260.4956
nantes,100000,5283.419
nantes,100000,5283.454
nantes,100000,5283.506
nantes,100000,5283.5137
nantes,100000,5283.5186
nantes,100000,5283.524
nantes,100000,5105.005
nantes,100000,5105.026
nantes,100000,5105.0312
nantes,100000,5105.045
nantes,100000,5105.0503
nantes,100000,5105.0737
nantes,100000,5105.0835
nantes,100000,5105.0884
nantes,100000,5105.0933
nantes,100000,5127.897
nantes,100000,5127.9243
nantes,100000,5127.931
nantes,100000,5127.9365
nantes,100000,5127.9414
nantes,100000,5127.947
nantes,100000,5127.952
nantes,100000,5127.9575
nantes,100000,5127.962
nantes,100000,5151.046
nantes,100000,5151.1094
nantes,100000,5151.1167
nantes,100000,5151.1216
nantes,100000,5151.1304
nantes,100000,5151.1353
nantes,100000,5151.183
nantes,100000,5151.191
nantes,100000,5151.199
nantes,100000,5174.0444
nantes,100000,5174.081
nantes,100000,5174.1035
nantes,100000,5174.114
nantes,100000,5174.123
nantes,100000,5174.138
nantes,100000,5174.1475
nantes,100000,5174.1577
nantes,100000,5174.1934
nantes,100000,5197.073
nantes,100000,5197.094
nantes,100000,5197.1006
nantes,100000,5197.1133
nantes,100000,5197.1187
nantes,100000,5197.124
nantes,100000,5197.1323
nantes,100000,5197.1377
nantes,100000,5197.1426
nantes,100000,5220.063
nantes,100000,5220.0996
nantes,100000,5220.1113
nantes,100000,5220.1216
nantes,100000,5220.1846
nantes,100000,5220.1973
nantes,100000,5220.2075
nantes,100000,5220.2173
nantes,100000,5220.227
nantes,100000,5243.181
nantes,100000,5243.2153
nantes,100000,5243.228
nantes,100000,5243.2373
nantes,100000,5243.247
nantes,100000,5243.256
nantes,100000,5243.2666
nantes,100000,5243.276
nantes,100000,5243.285
nantes,100000,5266.1416
nantes,100000,5266.178
nantes,100000,5266.1904
nantes,100000,5266.2007
nantes,100000,5266.2104
nantes,100000,5266.2334
nantes,100000,5266.239
nantes,100000,5266.2446
nantes,100000,5266.249
nantes,100000,5289.183
nantes,100000,5289.228
nantes,100000,5289.2603
nantes,100000,5289.2676
nantes,100000,5289.273
nantes,100000,5289.278
nancy,100000,5196.995
nancy,100000,5197.0356
nancy,100000,5197.0493
nancy,100000,5197.0703
nancy,100000,5197.08
nancy,100000,5197.0903
nancy,100000,5197.103
nancy,100000,5197.1133
nancy,100000,5197.1245
nancy,100000,5219.791
nancy,100000,5219.843
nancy,100000,5219.8564
nancy,100000,5219.8667
nancy,100000,5219.8765
nancy,100000,5219.886
nancy,100000,5219.896
nancy,100000,5219.9053
nancy,100000,5219.916
nancy,100000,5242.9253
nancy,100000,5242.979
nancy,100000,5242.9927
nancy,100000,5243.003
nancy,100000,5243.016
nancy,100000,5243.0264
nancy,100000,5243.074
nancy,100000,5243.0854
nancy,100000,5243.1006
nancy,100000,5265.926
nancy,100000,5265.9463
nancy,100000,5265.9614
nancy,100000,5265.965
nancy,100000,5265.9683
nancy,100000,5265.973
nancy,100000,5265.9766
nancy,100000,5265.98
nancy,100000,5265.99
nancy,100000,5288.9277
nancy,100000,5288.9697
nancy,100000,5288.984
nancy,100000,5289.0054
nancy,100000,5289.0146
nancy,100000,5289.0244
nancy,100000,5289.043
nancy,100000,5289.0522
nancy,100000,5289.063
nancy,100000,5311.98
nancy,100000,5312.0225
nancy,100000,5312.037
nancy,100000,5312.0474
nancy,100000,5312.0996
nancy,100000,5312.112
nancy,100000,5312.122
nancy,100000,5312.131
nancy,100000,5312.142
nancy,100000,5335.086
nancy,100000,5335.129
nancy,100000,5335.142
nancy,100000,5335.153
nancy,100000,5335.1626
nancy,100000,5335.1733
nancy,100000,5335.183
nancy,100000,5335.193
nancy,100000,5335.203
nancy,100000,5357.9604
nancy,100000,5358.003
nancy,100000,5358.017
nancy,100000,5358.0283
nancy,100000,5358.039
nancy,100000,5358.0493
nancy,100000,5358.0596
nancy,100000,5358.0684
nancy,100000,5358.0786
nancy,100000,5381.064
nancy,100000,5381.0845
nancy,100000,5381.141
nancy,100000,5381.147
nancy,100000,5381.1504
nancy,100000,5381.1543
nancy,100000,5200.5825
nancy,100000,5200.623
nancy,100000,5200.637
nancy,100000,5200.659
nancy,100000,5200.6694
nancy,100000,5200.6797
nancy,100000,5200.694
nancy,100000,5200.7046
nancy,100000,5200.7144
nancy,100000,5223.3853
nancy,100000,5223.439
nancy,100000,5223.4536
nancy,100000,5223.464
nancy,100000,5223.4746
nancy,100000,5223.485
nancy,100000,5223.4946
nancy,100000,5223.5054
nancy,100000,5223.5156
nancy,100000,5246.511
nancy,100000,5246.565
nancy,100000,5246.5796
nancy,100000,5246.5903
nancy,100000,5246.6045
nancy,100000,5246.6143
nancy,100000,5246.6606
nancy,100000,5246.6733
nancy,100000,5246.6885
nancy,100000,5269.548
nancy,100000,5269.575
nancy,100000,5269.588
nancy,100000,5269.5913
nancy,100000,5269.5947
nancy,100000,5269.5996
nancy,100000,5269.6025
nancy,100000,5269.6055
nancy,100000,5269.616
nancy,100000,5292.5176
nancy,100000,5292.558
nancy,100000,5292.5728
nancy,100000,5292.6006
nancy,100000,5292.611
nancy,100000,5292.6206
nancy,100000,5292.634
nancy,100000,5292.645
nancy,100000,5292.655
nancy,100000,5315.57
nancy,100000,5315.6113
nancy,100000,5315.626
nancy,100000,5315.679
nancy,100000,5315.692
nancy,100000,5315.702
nancy,100000,5315.712
nancy,100000,5315.7236
nancy,100000,5315.734
nancy,100000,5338.677
nancy,100000,5338.7188
nancy,100000,5338.7334
nancy,100000,5338.7446
nancy,100000,5338.7554
nancy,100000,5338.7656
nancy,100000,5338.7773
nancy,100000,5338.7876
nancy,100000,5338.7974
nancy,100000,5361.6045
nancy,100000,5361.648
nancy,100000,5361.664
nancy,100000,5361.675
nancy,100000,5361.685
nancy,100000,5361.6953
nancy,100000,5361.7065
nancy,100000,5361.7163
nancy,100000,5361.726
nancy,100000,5384.654
nancy,100000,5384.697
nancy,100000,5384.7046
nancy,100000,5384.7085
nancy,100000,5384.712
nancy,100000,5384.7153
nancy,100000,5204.7754
nancy,100000,5204.815
nancy,100000,5204.8286
nancy,100000,5204.8496
nancy,100000,5204.86
nancy,100000,5204.8696
nancy,100000,5204.884
nancy,100000,5204.8936
nancy,100000,5204.905
nancy,100000,5227.5713
nancy,100000,5227.622
nancy,100000,5227.636
nancy,100000,5227.647
nancy,100000,5227.6562
nancy,100000,5227.6665
nancy,100000,5227.676
nancy,100000,5227.686
nancy,100000,5227.697
nancy,100000,5250.7036
nancy,100000,5250.7573
nancy,100000,5250.7705
nancy,100000,5250.781
nancy,100000,5250.7944
nancy,100000,5250.8037
nancy,100000,5250.851
nancy,100000,5250.8623
nancy,100000,5250.877
nancy,100000,5273.7466
nancy,100000,5273.763
nancy,100000,5273.78
nancy,100000,5273.783
nancy,100000,5273.7866
nancy,100000,5273.791
nancy,100000,5273.794
nancy,100000,5273.7974
nancy,100000,5273.807
nancy,100000,5296.705
nancy,100000,5296.746
nancy,100000,5296.7603
nancy,100000,5296.7812
nancy,100000,5296.7905
nancy,100000,5296.801
nancy,100000,5296.8193
nancy,100000,5296.8286
nancy,100000,5296.84
nancy,100000,5319.7593
nancy,100000,5319.8013
nancy,100000,5319.8154
nancy,100000,5319.826
nancy,100000,5319.878
nancy,100000,5319.8906
nancy,100000,5319.9004
nancy,100000,5319.9106
nancy,100000,5319.9214
nancy,100000,5342.8667
nancy,100000,5342.9087
nancy,100000,5342.9233
nancy,100000,5342.933
nancy,100000,5342.9434
nancy,100000,5342.953
nancy,100000,5342.964
nancy,100000,5342.973
nancy,100000,5342.9844
nancy,100000,5365.794
nancy,100000,5365.835
nancy,100000,5365.849
nancy,100000,5365.8594
nancy,100000,5365.8706
nancy,100000,5365.88
nancy,100000,5365.8906
nancy,100000,5365.9004
nancy,100000,5365.9116
nancy,100000,5388.8413
nancy,100000,5388.859
nancy,100000,5388.884
nancy,100000,5388.8877
nancy,100000,5388.891
nancy,100000,5388.8945
nancy,100000,5208.7256
nancy,100000,5208.7666
nancy,100000,5208.78
nancy,100000,5208.8013
nancy,100000,5208.8115
nancy,100000,5208.821
nancy,100000,5208.835
nancy,100000,5208.8447
nancy,100000,5208.8555
nancy,100000,5231.525
nancy,100000,5231.5776
nancy,100000,5231.5923
nancy,100000,5231.6016
nancy,100000,5231.6113
nancy,100000,5231.621
nancy,100000,5231.631
nancy,100000,5231.64
nancy,100000,5231.6514
nancy,100000,5254.656
nancy,100000,5254.71
nancy,100000,5254.724
nancy,100000,5254.734
nancy,100000,5254.748
nancy,100000,5254.758
nancy,100000,5254.806
nancy,100000,5254.8164
nancy,100000,5254.8315
nancy,100000,5277.702
nancy,100000,5277.7217
nancy,100000,5277.734
nancy,100000,5277.7373
nancy,100000,5277.74
nancy,100000,5277.7446
nancy,100000,5277.748
nancy,100000,5277.7515
nancy,100000,5277.7617
nancy,100000,5300.6426
nancy,100000,5300.6855
nancy,100000,5300.6997
nancy,100000,5300.7217
nancy,100000,5300.731
nancy,100000,5300.741
nancy,100000,5300.76
nancy,100000,5300.771
nancy,100000,5300.781
nancy,100000,5323.7114
nancy,100000,5323.7544
nancy,100000,5323.769
nancy,100000,5323.78
nancy,100000,5323.835
nancy,100000,5323.8467
nancy,100000,5323.857
nancy,100000,5323.866
nancy,100000,5323.877
nancy,100000,5346.82
nancy,100000,5346.8633
nancy,100000,5346.878
nancy,100000,5346.8887
nancy,100000,5346.899
nancy,100000,5346.9087
nancy,100000,5346.918
nancy,100000,5346.9277
nancy,100000,5346.9385
nancy,100000,5369.7485
nancy,100000,5369.7915
nancy,100000,5369.805
nancy,100000,5369.8164
nancy,100000,5369.826
nancy,100000,5369.8364
nancy,100000,5369.8457
nancy,100000,5369.8555
nancy,100000,5369.866
nancy,100000,5392.796
nancy,100000,5392.816
nancy,100000,5392.843
nancy,100000,5392.8477
nancy,100000,5392.851
nancy,100000,5392.854
lyon,100000,5196.4893
lyon,100000,5196.534
lyon,100000,5196.546
lyon,100000,5196.556
lyon,100000,5196.5654
lyon,100000,5196.5747
lyon,100000,5196.584
lyon,100000,5196.5933
lyon,100000,5196.6025
lyon,100000,5219.614
lyon,100000,5219.642
lyon,100000,5219.649
lyon,100000,5219.654
lyon,100000,5219.662
lyon,100000,5219.667
lyon,100000,5219.698
lyon,100000,5219.7056
lyon,100000,5219.7144
lyon,100000,5242.629
lyon,100000,5242.6655
lyon,100000,5242.688
lyon,100000,5242.698
lyon,100000,5242.707
lyon,100000,5242.727
lyon,100000,5242.737
lyon,100000,5242.746
lyon,100000,5242.771
lyon,100000,5265.631
lyon,100000,5265.652
lyon,100000,5265.658
lyon,100000,5265.67
lyon,100000,5265.6753
lyon,100000,5265.68
lyon,100000,5265.688
lyon,100000,5265.693
lyon,100000,5265.6973
lyon,100000,5288.6445
lyon,100000,5288.662
lyon,100000,5288.6685
lyon,100000,5288.6733
lyon,100000,5288.7007
lyon,100000,5288.7065
lyon,100000,5288.7114
lyon,100000,5288.716
lyon,100000,5288.7207
lyon,100000,5311.6904
lyon,100000,5311.7246
lyon,100000,5311.7363
lyon,100000,5311.7466
lyon,100000,5311.756
lyon,100000,5311.765
lyon,100000,5311.7744
lyon,100000,5311.783
lyon,100000,5311.793
lyon,100000,5334.6934
lyon,100000,5334.712
lyon,100000,5334.7183
lyon,100000,5334.723
lyon,100000,5334.7275
lyon,100000,5334.7324
lyon,100000,5334.737
lyon,100000,5334.7417
lyon,100000,5334.746
lyon,100000,5357.7314
lyon,100000,5357.75
lyon,100000,5357.7773
lyon,100000,5357.783
lyon,100000,5357.788
lyon,100000,5357.793
nancy,100000,5212.5835
nancy,100000,5212.624
nancy,100000,5212.636
nancy,100000,5212.6567
nancy,100000,5212.6665
nancy,100000,5212.677
nancy,100000,5212.69
nancy,100000,5212.699
nancy,100000,5212.7095
nancy,100000,5235.3823
nancy,100000,5235.435
nancy,100000,5235.4478
nancy,100000,5235.4585
nancy,100000,5235.468
nancy,100000,5235.478
nancy,100000,5235.4873
nancy,100000,5235.497
nancy,100000,5235.5063
nancy,100000,5258.5137
nancy,100000,5258.567
nancy,100000,5258.5796
nancy,100000,5258.5903
nancy,100000,5258.604
nancy,100000,5258.6143
nancy,100000,5258.659
nancy,100000,5258.67
nancy,100000,5258.684
nancy,100000,5281.549
nancy,100000,5281.585
nancy,100000,5281.6025
nancy,100000,5281.606
nancy,100000,5281.609
nancy,100000,5281.614
nancy,100000,5281.6167
nancy,100000,5281.62
nancy,100000,5281.63
nancy,100000,5304.512
nancy,100000,5304.5513
nancy,100000,5304.564
nancy,100000,5304.5854
nancy,100000,5304.5957
nancy,100000,5304.605
nancy,100000,5304.6235
nancy,100000,5304.633
nancy,100000,5304.6426
nancy,100000,5327.5723
nancy,100000,5327.614
nancy,100000,5327.627
nancy,100000,5327.6377
nancy,100000,5327.6875
nancy,100000,5327.6987
nancy,100000,5327.708
nancy,100000,5327.718
nancy,100000,5327.728
nancy,100000,5350.678
nancy,100000,5350.72
nancy,100000,5350.734
nancy,100000,5350.7446
nancy,100000,5350.755
nancy,100000,5350.7646
nancy,100000,5350.774
nancy,100000,5350.783
nancy,100000,5350.7935
nancy,100000,5373.609
nancy,100000,5373.651
nancy,100000,5373.664
nancy,100000,5373.6743
nancy,100000,5373.685
nancy,100000,5373.6963
nancy,100000,5373.7065
nancy,100000,5373.7153
nancy,100000,5373.726
nancy,100000,5396.66
nancy,100000,5396.6787
nancy,100000,5396.702
nancy,100000,5396.706
nancy,100000,5396.7095
nancy,100000,5396.7124
lyon,100000,5053.478
lyon,100000,5053.505
lyon,100000,5053.5166
lyon,100000,5053.535
lyon,100000,5053.541
lyon,100000,5053.547
lyon,100000,5053.556
lyon,100000,5053.5615
lyon,100000,5053.567
lyon,100000,5076.346
lyon,100000,5076.381
lyon,100000,5076.393
lyon,100000,5076.4
lyon,100000,5076.4053
lyon,100000,5076.41
lyon,100000,5076.415
lyon,100000,5076.42
lyon,100000,5076.425
lyon,100000,5099.4683
lyon,100000,5099.5273
lyon,100000,5099.5625
lyon,100000,5099.5713
lyon,100000,5099.581
lyon,100000,5099.5864
lyon,100000,5099.5913
lyon,100000,5099.6245
lyon,100000,5099.6353
lyon,100000,5122.4565
lyon,100000,5122.4834
lyon,100000,5122.504
lyon,100000,5122.5117
lyon,100000,5122.5166
lyon,100000,5122.526
lyon,100000,5122.5303
lyon,100000,5122.5347
lyon,100000,5122.5513
lyon,100000,5145.4604
lyon,100000,5145.488
lyon,100000,5145.5
lyon,100000,5145.515
lyon,100000,5145.52
lyon,100000,5145.5254
lyon,100000,5145.5337
lyon,100000,5145.538
lyon,100000,5145.543
lyon,100000,5168.532
lyon,100000,5168.577
lyon,100000,5168.5996
lyon,100000,5168.618
lyon,100000,5168.681
lyon,100000,5168.707
lyon,100000,5168.712
lyon,100000,5168.717
lyon,100000,5168.7217
lyon,100000,5191.5566
lyon,100000,5191.6006
lyon,100000,5191.6133
lyon,100000,5191.6226
lyon,100000,5191.629
lyon,100000,5191.634
lyon,100000,5191.6387
lyon,100000,5191.643
lyon,100000,5191.6484
lyon,100000,5214.577
lyon,100000,5214.604
lyon,100000,5214.6157
lyon,100000,5214.6245
lyon,100000,5214.6333
lyon,100000,5214.6406
lyon,100000,5214.6455
lyon,100000,5214.6504
lyon,100000,5214.655
lyon,100000,5237.6113
lyon,100000,5237.6587
lyon,100000,5237.736
lyon,100000,5237.7456
lyon,100000,5237.7505
lyon,100000,5237.756
lyon,100000,5058.6704
lyon,100000,5058.691
lyon,100000,5058.6978
lyon,100000,5058.71
lyon,100000,5058.716
lyon,100000,5058.722
lyon,100000,5058.7295
lyon,100000,5058.7354
lyon,100000,5058.7407
lyon,100000,5081.542
lyon,100000,5081.5684
lyon,100000,5081.5747
lyon,100000,5081.58
lyon,100000,5081.585
lyon,100000,5081.59
lyon,100000,5081.5947
lyon,100000,5081.6
lyon,100000,5081.605
lyon,100000,5104.671
lyon,100000,5104.718
lyon,100000,5104.741
lyon,100000,5104.746
lyon,100000,5104.753
lyon,100000,5104.7583
lyon,100000,5104.789
lyon,100000,5104.796
lyon,100000,5104.8047
lyon,100000,5127.6514
lyon,100000,5127.6714
lyon,100000,5127.6836
lyon,100000,5127.689
lyon,100000,5127.694
lyon,100000,5127.7017
lyon,100000,5127.707
lyon,100000,5127.7114
lyon,100000,5127.7275
lyon,100000,5150.6587
lyon,100000,5150.6787
lyon,100000,5150.6846
lyon,100000,5150.6963
lyon,100000,5150.7017
lyon,100000,5150.706
lyon,100000,5150.7144
lyon,100000,5150.7197
lyon,100000,5150.724
lyon,100000,5173.737
lyon,100000,5173.773
lyon,100000,5173.7847
lyon,100000,5173.795
lyon,100000,5173.844
lyon,100000,5173.8564
lyon,100000,5173.879
lyon,100000,5173.8833
lyon,100000,5173.888
lyon,100000,5196.7656
lyon,100000,5196.7866
lyon,100000,5196.7925
lyon,100000,5196.798
lyon,100000,5196.8027
lyon,100000,5196.8076
lyon,100000,5196.8125
lyon,100000,5196.8174
lyon,100000,5196.822
lyon,100000,5219.7725
lyon,100000,5219.7925
lyon,100000,5219.7983
lyon,100000,5219.803
lyon,100000,5219.8086
lyon,100000,5219.8135
lyon,100000,5219.8184
lyon,100000,5219.8228
lyon,100000,5219.827
lyon,100000,5242.813
lyon,100000,5242.848
lyon,100000,5242.914
lyon,100000,5242.923
lyon,100000,5242.9277
lyon,100000,5242.9326
lyon,100000,5088.2065
lyon,100000,5088.2324
lyon,100000,5088.2393
lyon,100000,5088.2446
lyon,100000,5088.249
lyon,100000,5088.255
lyon,100000,5088.2603
lyon,100000,5088.2656
lyon,100000,5088.27
lyon,100000,5111.3374
lyon,100000,5111.3994
lyon,100000,5111.4062
lyon,100000,5111.4116
lyon,100000,5111.42
lyon,100000,5111.425
lyon,100000,5111.4536
lyon,100000,5111.4604
lyon,100000,5111.4688
lyon,100000,5134.3164
lyon,100000,5134.3364
lyon,100000,5134.3496
lyon,100000,5134.3545
lyon,100000,5134.36
lyon,100000,5134.368
lyon,100000,5134.3735
lyon,100000,5134.3784
lyon,100000,5134.393
lyon,100000,5157.3223
lyon,100000,5157.3423
lyon,100000,5157.3486
lyon,100000,5157.361
lyon,100000,5157.366
lyon,100000,5157.371
lyon,100000,5157.382
lyon,100000,5157.387
lyon,100000,5157.3926
lyon,100000,5180.401
lyon,100000,5180.4365
lyon,100000,5180.449
lyon,100000,5180.4595
lyon,100000,5180.5103
lyon,100000,5180.5225
lyon,100000,5180.544
lyon,100000,5180.549
lyon,100000,5180.5537
lyon,100000,5203.429
lyon,100000,5203.4507
lyon,100000,5203.457
lyon,100000,5203.462
lyon,100000,5203.467
lyon,100000,5203.4727
lyon,100000,5203.4775
lyon,100000,5203.482
lyon,100000,5203.487
lyon,100000,5226.4375
lyon,100000,5226.4575
lyon,100000,5226.464
lyon,100000,5226.469
lyon,100000,5226.474
lyon,100000,5226.4785
lyon,100000,5226.484
lyon,100000,5226.489
lyon,100000,5226.4937
lyon,100000,5249.476
lyon,100000,5249.513
lyon,100000,5249.579
lyon,100000,5249.5864
lyon,100000,5249.5923
lyon,100000,5249.597
lyon,100000,5093.067
lyon,100000,5093.093
lyon,100000,5093.0996
lyon,100000,5093.105
lyon,100000,5093.1094
lyon,100000,5093.1147
lyon,100000,5093.12
lyon,100000,5093.125
lyon,100000,5093.13
lyon,100000,5116.1875
lyon,100000,5116.235
lyon,100000,5116.2627
lyon,100000,5116.2686
lyon,100000,5116.2783
lyon,100000,5116.283
lyon,100000,5116.2886
lyon,100000,5116.3213
lyon,100000,5116.3315
lyon,100000,5139.1753
lyon,100000,5139.1953
lyon,100000,5139.209
lyon,100000,5139.2144
lyon,100000,5139.219
lyon,100000,5139.228
lyon,100000,5139.233
lyon,100000,5139.238
lyon,100000,5139.256
lyon,100000,5162.1826
lyon,100000,5162.2036
lyon,100000,5162.2104
lyon,100000,5162.2227
lyon,100000,5162.2275
lyon,100000,5162.233
lyon,100000,5162.2417
lyon,100000,5162.2466
lyon,100000,5162.2515
lyon,100000,5185.2603
lyon,100000,5185.294
lyon,100000,5185.3066
lyon,100000,5185.317
lyon,100000,5185.368
lyon,100000,5185.3804
lyon,100000,5185.4033
lyon,100000,5185.409
lyon,100000,5185.414
lyon,100000,5208.289
lyon,100000,5208.31
lyon,100000,5208.317
lyon,100000,5208.3223
lyon,100000,5208.3267
lyon,100000,5208.332
lyon,100000,5208.3374
lyon,100000,5208.3423
lyon,100000,5208.3467
lyon,100000,5231.296
lyon,100000,5231.316
lyon,100000,5231.3228
lyon,100000,5231.328
lyon,100000,5231.3335
lyon,100000,5231.338
lyon,100000,5231.3438
lyon,100000,5231.3486
lyon,100000,5231.3535
lyon,100000,5254.336
lyon,100000,5254.3726
lyon,100000,5254.44
lyon,100000,5254.4473
lyon,100000,5254.4526
lyon,100000,5254.458
lyon,100000,5099.909
lyon,100000,5099.9365
lyon,100000,5099.944
lyon,100000,5099.948
lyon,100000,5099.953
lyon,100000,5099.958
lyon,100000,5099.963
lyon,100000,5099.9673
lyon,100000,5099.972
lyon,100000,5122.9937
lyon,100000,5123.04
lyon,100000,5123.053
lyon,100000,5123.0625
lyon,100000,5123.077
lyon,100000,5123.0874
lyon,100000,5123.182
lyon,100000,5123.1904
lyon,100000,5123.199
lyon,100000,5146.0186
lyon,100000,5146.0396
lyon,100000,5146.0527
lyon,100000,5146.058
lyon,100000,5146.063
lyon,100000,5146.071
lyon,100000,5146.076
lyon,100000,5146.0806
lyon,100000,5146.0957
lyon,100000,5169.0264
lyon,100000,5169.0474
lyon,100000,5169.0537
lyon,100000,5169.0654
lyon,100000,5169.0703
lyon,100000,5169.0757
lyon,100000,5169.083
lyon,100000,5169.0884
lyon,100000,5169.0933
lyon,100000,5192.095
lyon,100000,5192.1294
lyon,100000,5192.1416
lyon,100000,5192.152
lyon,100000,5192.2017
lyon,100000,5192.213
lyon,100000,5192.2227
lyon,100000,5192.2324
lyon,100000,5192.255
lyon,100000,5215.136
lyon,100000,5215.1567
lyon,100000,5215.1626
lyon,100000,5215.168
lyon,100000,5215.1724
lyon,100000,5215.1777
lyon,100000,5215.1826
lyon,100000,5215.1875
lyon,100000,5215.1924
lyon,100000,5238.14
lyon,100000,5238.1616
lyon,100000,5238.168
lyon,100000,5238.1724
lyon,100000,5238.1777
lyon,100000,5238.1826
lyon,100000,5238.188
lyon,100000,5238.1924
lyon,100000,5238.1973
lyon,100000,5261.171
lyon,100000,5261.2056
lyon,100000,5261.2573
lyon,100000,5261.285
lyon,100000,5261.292
lyon,100000,5261.297
lyon,100000,5036.1577
lyon,100000,5036.2046
lyon,100000,5036.2153
lyon,100000,5036.234
lyon,100000,5036.245
lyon,100000,5036.251
lyon,100000,5036.2603
lyon,100000,5036.265
lyon,100000,5036.2695
lyon,100000,5059.0293
lyon,100000,5059.063
lyon,100000,5059.0737
lyon,100000,5059.0825
lyon,100000,5059.092
lyon,100000,5059.0977
lyon,100000,5059.103
lyon,100000,5059.108
lyon,100000,5059.1123
lyon,100000,5082.1636
lyon,100000,5082.209
lyon,100000,5082.221
lyon,100000,5082.2305
lyon,100000,5082.246
lyon,100000,5082.256
lyon,100000,5082.3076
lyon,100000,5082.32
lyon,100000,5082.3354
lyon,100000,5105.1895
lyon,100000,5105.2114
lyon,100000,5105.2246
lyon,100000,5105.23
lyon,100000,5105.235
lyon,100000,5105.2437
lyon,100000,5105.249
lyon,100000,5105.254
lyon,100000,5105.269
lyon,100000,5128.1567
lyon,100000,5128.193
lyon,100000,5128.2046
lyon,100000,5128.225
lyon,100000,5128.2344
lyon,100000,5128.245
lyon,100000,5128.2593
lyon,100000,5128.2686
lyon,100000,5128.2783
lyon,100000,5151.237
lyon,100000,5151.258
lyon,100000,5151.2646
lyon,100000,5151.27
lyon,100000,5151.301
lyon,100000,5151.308
lyon,100000,5151.314
lyon,100000,5151.319
lyon,100000,5151.3237
lyon,100000,5174.244
lyon,100000,5174.279
lyon,100000,5174.2905
lyon,100000,5174.3003
lyon,100000,5174.3096
lyon,100000,5174.3193
lyon,100000,5174.3296
lyon,100000,5174.3394
lyon,100000,5174.3486
lyon,100000,5197.275
lyon,100000,5197.3115
lyon,100000,5197.3237
lyon,100000,5197.3335
lyon,100000,5197.3433
lyon,100000,5197.353
lyon,100000,5197.363
lyon,100000,5197.3726
lyon,100000,5197.382
lyon,100000,5220.302
lyon,100000,5220.323
lyon,100000,5220.355
lyon,100000,5220.363
lyon,100000,5220.367
lyon,100000,5220.3726
lyon,100000,5065.196
lyon,100000,5065.216
lyon,100000,5065.2217
lyon,100000,5065.227
lyon,100000,5065.233
lyon,100000,5065.2373
lyon,100000,5065.25
lyon,100000,5065.2554
lyon,100000,5065.2603
lyon,100000,5088.3267
lyon,100000,5088.364
lyon,100000,5088.376
lyon,100000,5088.3857
lyon,100000,5088.4067
lyon,100000,5088.416
lyon,100000,5088.465
lyon,100000,5088.4883
lyon,100000,5088.4976
lyon,100000,5111.3433
lyon,100000,5111.371
lyon,100000,5111.378
lyon,100000,5111.383
lyon,100000,5111.3916
lyon,100000,5111.3965
lyon,100000,5111.402
lyon,100000,5111.4067
lyon,100000,5111.4233
lyon,100000,5134.319
lyon,100000,5134.3555
lyon,100000,5134.379
lyon,100000,5134.389
lyon,100000,5134.3984
lyon,100000,5134.4136
lyon,100000,5134.424
lyon,100000,5134.433
lyon,100000,5134.448
lyon,100000,5157.387
lyon,100000,5157.4087
lyon,100000,5157.4155
lyon,100000,5157.4453
lyon,100000,5157.453
lyon,100000,5157.458
lyon,100000,5157.463
lyon,100000,5157.4683
lyon,100000,5157.473
lyon,100000,5180.395
lyon,100000,5180.431
lyon,100000,5180.4434
lyon,100000,5180.453
lyon,100000,5180.463
lyon,100000,5180.472
lyon,100000,5180.4814
lyon,100000,5180.4917
lyon,100000,5180.502
lyon,100000,5203.4263
lyon,100000,5203.463
lyon,100000,5203.4756
lyon,100000,5203.4854
lyon,100000,5203.4946
lyon,100000,5203.504
lyon,100000,5203.5137
lyon,100000,5203.5234
lyon,100000,5203.533
lyon,100000,5226.4536
lyon,100000,5226.5
lyon,100000,5226.509
lyon,100000,5226.5137
lyon,100000,5226.519
lyon,100000,5226.5244
lyon,100000,5047.496
lyon,100000,5047.5156
lyon,100000,5047.5215
lyon,100000,5047.534
lyon,100000,5047.539
lyon,100000,5047.5444
lyon,100000,5047.5566
lyon,100000,5047.5615
lyon,100000,5047.5664
lyon,100000,5070.3433
lyon,100000,5070.371
lyon,100000,5070.378
lyon,100000,5070.383
lyon,100000,5070.3877
lyon,100000,5070.393
lyon,100000,5070.398
lyon,100000,5070.403
lyon,100000,5070.407
lyon,100000,5093.472
lyon,100000,5093.519
lyon,100000,5093.532
lyon,100000,5093.541
lyon,100000,5093.5605
lyon,100000,5093.572
lyon,100000,5093.6177
lyon,100000,5093.63
lyon,100000,5093.645
lyon,100000,5116.497
lyon,100000,5116.518
lyon,100000,5116.532
lyon,100000,5116.5376
lyon,100000,5116.543
lyon,100000,5116.551
lyon,100000,5116.5566
lyon,100000,5116.562
lyon,100000,5116.577
lyon,100000,5139.464
lyon,100000,5139.4985
lyon,100000,5139.5107
lyon,100000,5139.5312
lyon,100000,5139.541
lyon,100000,5139.551
lyon,100000,5139.566
lyon,100000,5139.5757
lyon,100000,5139.5854
lyon,100000,5162.5327
lyon,100000,5162.5537
lyon,100000,5162.5605
lyon,100000,5162.5654
lyon,100000,5162.599
lyon,100000,5162.607
lyon,100000,5162.6123
lyon,100000,5162.617
lyon,100000,5162.6226
lyon,100000,5185.541
lyon,100000,5185.576
lyon,100000,5185.588
lyon,100000,5185.5977
lyon,100000,5185.607
lyon,100000,5185.6167
lyon,100000,5185.628
lyon,100000,5185.6377
lyon,100000,5185.647
lyon,100000,5208.572
lyon,100000,5208.6084
lyon,100000,5208.621
lyon,100000,5208.631
lyon,100000,5208.64
lyon,100000,5208.6494
lyon,100000,5208.661
lyon,100000,5208.6704
lyon,100000,5208.68
lyon,100000,5231.6
lyon,100000,5231.622
lyon,100000,5231.654
lyon,100000,5231.6606
lyon,100000,5231.666
lyon,100000,5231.6714
lyon,100000,5053.847
lyon,100000,5053.8677
lyon,100000,5053.8745
lyon,100000,5053.887
lyon,100000,5053.8936
lyon,100000,5053.8994
lyon,100000,5053.908
lyon,100000,5053.9136
lyon,100000,5053.919
lyon,100000,5076.688
lyon,100000,5076.716
lyon,100000,5076.722
lyon,100000,5076.7275
lyon,100000,5076.7324
lyon,100000,5076.7373
lyon,100000,5076.742
lyon,100000,5076.747
lyon,100000,5076.752
lyon,100000,5099.8237
lyon,100000,5099.87
lyon,100000,5099.883
lyon,100000,5099.892
lyon,100000,5099.907
lyon,100000,5099.917
lyon,100000,5099.9663
lyon,100000,5099.9785
lyon,100000,5099.9937
lyon,100000,5122.842
lyon,100000,5122.8643
lyon,100000,5122.8784
lyon,100000,5122.884
lyon,100000,5122.8887
lyon,100000,5122.896
lyon,100000,5122.9014
lyon,100000,5122.9067
lyon,100000,5122.923
lyon,100000,5145.816
lyon,100000,5145.8525
lyon,100000,5145.8647
lyon,100000,5145.885
lyon,100000,5145.8945
lyon,100000,5145.9043
lyon,100000,5145.919
lyon,100000,5145.9287
lyon,100000,5145.9385
lyon,100000,5168.884
lyon,100000,5168.9053
lyon,100000,5168.9116
lyon,100000,5168.9165
lyon,100000,5168.947
lyon,100000,5168.954
lyon,100000,5168.9595
lyon,100000,5168.965
lyon,100000,5168.97
lyon,100000,5191.8936
lyon,100000,5191.9287
lyon,100000,5191.941
lyon,100000,5191.95
lyon,100000,5191.96
lyon,100000,5191.969
lyon,100000,5191.979
lyon,100000,5191.9893
lyon,100000,5191.9985
lyon,100000,5214.9224
lyon,100000,5214.9575
lyon,100000,5214.969
lyon,100000,5214.979
lyon,100000,5214.989
lyon,100000,5214.998
lyon,100000,5215.0073
lyon,100000,5215.0176
lyon,100000,5215.0273
lyon,100000,5237.952
lyon,100000,5237.9727
lyon,100000,5238.0054
lyon,100000,5238.0117
lyon,100000,5238.017
lyon,100000,5238.0225
lyon,100000,5203.0054
lyon,100000,5203.052
lyon,100000,5203.064
lyon,100000,5203.074
lyon,100000,5203.084
lyon,100000,5203.0938
lyon,100000,5203.1045
lyon,100000,5203.1147
lyon,100000,5203.1396
lyon,100000,5226.1055
lyon,100000,5226.1333
lyon,100000,5226.14
lyon,100000,5226.1455
lyon,100000,5226.154
lyon,100000,5226.159
lyon,100000,5226.165
lyon,100000,5226.1943
lyon,100000,5226.206
lyon,100000,5249.1416
lyon,100000,5249.178
lyon,100000,5249.201
lyon,100000,5249.2114
lyon,100000,5249.22
lyon,100000,5249.2363
lyon,100000,5249.2466
lyon,100000,5249.2563
lyon,100000,5249.2817
lyon,100000,5272.13
lyon,100000,5272.151
lyon,100000,5272.157
lyon,100000,5272.1694
lyon,100000,5272.175
lyon,100000,5272.18
lyon,100000,5272.194
lyon,100000,5272.1997
lyon,100000,5272.205
lyon,100000,5295.138
lyon,100000,5295.156
lyon,100000,5295.161
lyon,100000,5295.166
lyon,100000,5295.1914
lyon,100000,5295.1973
lyon,100000,5295.2026
lyon,100000,5295.2075
lyon,100000,5295.2124
lyon,100000,5318.204
lyon,100000,5318.2383
lyon,100000,5318.25
lyon,100000,5318.2603
lyon,100000,5318.2695
lyon,100000,5318.2793
lyon,100000,5318.2886
lyon,100000,5318.2993
lyon,100000,5318.3086
lyon,100000,5341.1885
lyon,100000,5341.207
lyon,100000,5341.2134
lyon,100000,5341.218
lyon,100000,5341.2227
lyon,100000,5341.228
lyon,100000,5341.233
lyon,100000,5341.2373
lyon,100000,5341.2417
lyon,100000,5364.226
lyon,100000,5364.244
lyon,100000,5364.2705
lyon,100000,5364.277
lyon,100000,5364.2817
lyon,100000,5364.2866
lyon,100000,5081.9717
lyon,100000,5081.999
lyon,100000,5082.0063
lyon,100000,5082.0117
lyon,100000,5082.0166
lyon,100000,5082.021
lyon,100000,5082.026
lyon,100000,5082.0312
lyon,100000,5082.036
lyon,100000,5105.0825
lyon,100000,5105.132
lyon,100000,5105.1455
lyon,100000,5105.155
lyon,100000,5105.1694
lyon,100000,5105.1787
lyon,100000,5105.2295
lyon,100000,5105.2407
lyon,100000,5105.2554
lyon,100000,5128.122
lyon,100000,5128.144
lyon,100000,5128.1577
lyon,100000,5128.1636
lyon,100000,5128.169
lyon,100000,5128.1763
lyon,100000,5128.1816
lyon,100000,5128.186
lyon,100000,5128.201
lyon,100000,5151.0737
lyon,100000,5151.112
lyon,100000,5151.124
lyon,100000,5151.1455
lyon,100000,5151.1553
lyon,100000,5151.1646
lyon,100000,5151.178
lyon,100000,5151.1875
lyon,100000,5151.1973
lyon,100000,5174.1357
lyon,100000,5174.177
lyon,100000,5174.1836
lyon,100000,5174.189
lyon,100000,5174.217
lyon,100000,5174.224
lyon,100000,5174.229
lyon,100000,5174.2344
lyon,100000,5174.2393
lyon,100000,5197.153
lyon,100000,5197.19
lyon,100000,5197.2026
lyon,100000,5197.215
lyon,100000,5197.2246
lyon,100000,5197.2344
lyon,100000,5197.2437
lyon,100000,5197.2534
lyon,100000,5197.2627
lyon,100000,5220.1816
lyon,100000,5220.219
lyon,100000,5220.232
lyon,100000,5220.2427
lyon,100000,5220.252
lyon,100000,5220.261
lyon,100000,5220.2705
lyon,100000,5220.2803
lyon,100000,5220.2896
lyon,100000,5243.228
lyon,100000,5243.2505
lyon,100000,5243.2866
lyon,100000,5243.2944
lyon,100000,5243.3
lyon,100000,5243.305
rennes,100000,5068.641
rennes,100000,5068.6597
rennes,100000,5068.6665
rennes,100000,5068.6777
rennes,100000,5068.683
rennes,100000,5068.689
rennes,100000,5068.6963
rennes,100000,5068.701
rennes,100000,5068.706
rennes,100000,5091.5835
rennes,100000,5091.6284
rennes,100000,5091.641
rennes,100000,5091.651
rennes,100000,5091.6606
rennes,100000,5091.6704
rennes,100000,5091.681
rennes,100000,5091.691
rennes,100000,5091.701
rennes,100000,5114.744
rennes,100000,5114.7915
rennes,100000,5114.798
rennes,100000,5114.8027
rennes,100000,5114.8096
rennes,100000,5114.8145
rennes,100000,5114.844
rennes,100000,5114.851
rennes,100000,5114.859
rennes,100000,5137.7534
rennes,100000,5137.789
rennes,100000,5137.812
rennes,100000,5137.8223
rennes,100000,5137.831
rennes,100000,5137.8457
rennes,100000,5137.856
rennes,100000,5137.8657
rennes,100000,5137.902
rennes,100000,5160.741
rennes,100000,5160.777
rennes,100000,5160.7896
rennes,100000,5160.81
rennes,100000,5160.82
rennes,100000,5160.8315
rennes,100000,5160.845
rennes,100000,5160.8555
rennes,100000,5160.8647
rennes,100000,5183.751
rennes,100000,5183.7705
rennes,100000,5183.777
rennes,100000,5183.7812
rennes,100000,5183.808
rennes,100000,5183.8154
rennes,100000,5183.8203
rennes,100000,5183.825
rennes,100000,5183.8296
rennes,100000,5206.886
rennes,100000,5206.9297
rennes,100000,5206.937
rennes,100000,5206.9414
rennes,100000,5206.946
rennes,100000,5206.951
rennes,100000,5206.956
rennes,100000,5206.96
rennes,100000,5206.965
rennes,100000,5229.852
rennes,100000,5229.888
rennes,100000,5229.9004
rennes,100000,5229.91
rennes,100000,5229.9204
rennes,100000,5229.93
rennes,100000,5229.941
rennes,100000,5229.9507
rennes,100000,5229.961
rennes,100000,5252.8677
rennes,100000,5252.888
rennes,100000,5252.9175
rennes,100000,5252.9243
rennes,100000,5252.929
rennes,100000,5252.934
rennes,100000,5073.2007
rennes,100000,5073.2246
rennes,100000,5073.2324
rennes,100000,5073.244
rennes,100000,5073.249
rennes,100000,5073.2534
rennes,100000,5073.261
rennes,100000,5073.2656
rennes,100000,5073.2705
rennes,100000,5096.126
rennes,100000,5096.174
rennes,100000,5096.186
rennes,100000,5096.1973
rennes,100000,5096.207
rennes,100000,5096.217
rennes,100000,5096.2266
rennes,100000,5096.237
rennes,100000,5096.2466
rennes,100000,5119.29
rennes,100000,5119.3477
rennes,100000,5119.355
rennes,100000,5119.361
rennes,100000,5119.369
rennes,100000,5119.374
rennes,100000,5119.4004
rennes,100000,5119.407
rennes,100000,5119.4155
rennes,100000,5142.3
rennes,100000,5142.3345
rennes,100000,5142.3584
rennes,100000,5142.369
rennes,100000,5142.379
rennes,100000,5142.3984
rennes,100000,5142.408
rennes,100000,5142.418
rennes,100000,5142.445
rennes,100000,5165.2896
rennes,100000,5165.324
rennes,100000,5165.3364
rennes,100000,5165.3584
rennes,100000,5165.3687
rennes,100000,5165.378
rennes,100000,5165.393
rennes,100000,5165.403
rennes,100000,5165.413
rennes,100000,5188.3086
rennes,100000,5188.328
rennes,100000,5188.3345
rennes,100000,5188.34
rennes,100000,5188.371
rennes,100000,5188.3784
rennes,100000,5188.383
rennes,100000,5188.387
rennes,100000,5188.392
rennes,100000,5211.435
rennes,100000,5211.47
rennes,100000,5211.494
rennes,100000,5211.5
rennes,100000,5211.505
rennes,100000,5211.5093
rennes,100000,5211.514
rennes,100000,5211.518
rennes,100000,5211.5225
rennes,100000,5234.3984
rennes,100000,5234.4336
rennes,100000,5234.446
rennes,100000,5234.4565
rennes,100000,5234.467
rennes,100000,5234.4766
rennes,100000,5234.4863
rennes,100000,5234.4956
rennes,100000,5234.5054
rennes,100000,5257.43
rennes,100000,5257.4507
rennes,100000,5257.4805
rennes,100000,5257.488
rennes,100000,5257.4927
rennes,100000,5257.497
rennes,100000,5077.728
rennes,100000,5077.748
rennes,100000,5077.754
rennes,100000,5077.765
rennes,100000,5077.7705
rennes,100000,5077.776
rennes,100000,5077.7827
rennes,100000,5077.788
rennes,100000,5077.7925
rennes,100000,5100.662
rennes,100000,5100.709
rennes,100000,5100.7217
rennes,100000,5100.733
rennes,100000,5100.742
rennes,100000,5100.754
rennes,100000,5100.763
rennes,100000,5100.7734
rennes,100000,5100.7837
rennes,100000,5123.83
rennes,100000,5123.8804
rennes,100000,5123.887
rennes,100000,5123.891
rennes,100000,5123.8994
rennes,100000,5123.9043
rennes,100000,5123.9316
rennes,100000,5123.939
rennes,100000,5123.9473
rennes,100000,5146.84
rennes,100000,5146.877
rennes,100000,5146.9
rennes,100000,5146.909
rennes,100000,5146.919
rennes,100000,5146.9346
rennes,100000,5146.944
rennes,100000,5146.9536
rennes,100000,5146.9917
rennes,100000,5169.8267
rennes,100000,5169.8643
rennes,100000,5169.8765
rennes,100000,5169.9014
rennes,100000,5169.911
rennes,100000,5169.922
rennes,100000,5169.936
rennes,100000,5169.9463
rennes,100000,5169.956
rennes,100000,5192.836
rennes,100000,5192.8564
rennes,100000,5192.863
rennes,100000,5192.8677
rennes,100000,5192.8965
rennes,100000,5192.903
rennes,100000,5192.9077
rennes,100000,5192.9126
rennes,100000,5192.9175
rennes,100000,5215.9717
rennes,100000,5216.019
rennes,100000,5216.027
rennes,100000,5216.0317
rennes,100000,5216.036
rennes,100000,5216.0415
rennes,100000,5216.046
rennes,100000,5216.051
rennes,100000,5216.0547
rennes,100000,5238.9385
rennes,100000,5238.975
rennes,100000,5238.9883
rennes,100000,5238.9985
rennes,100000,5239.0083
rennes,100000,5239.018
rennes,100000,5239.0283
rennes,100000,5239.038
rennes,100000,5239.0474
rennes,100000,5261.958
rennes,100000,5261.978
rennes,100000,5262.0103
rennes,100000,5262.0166
rennes,100000,5262.0215
rennes,100000,5262.0264
